{
  "parse": [
    {
      "V285828": {
        "id": "V285828",
        "indicator": "SPEECHACT",
        "type": "SA_TELL",
        "word": null,
        "roles": {
          "PUNCTYPE": "DECL",
          "CONTENT": "#V285484",
          "MOD": "#V285450",
          "LEX": "WAS"
        },
        "start": 0,
        "end": 23
      },
      "V285450": {
        "id": "V285450",
        "indicator": "F",
        "type": "CONJUNCT",
        "word": "BUT",
        "roles": {
          "FIGURE": "#V285828",
          "LEX": "BUT",
          "WNSENSE": "but%4:02:01::"
        },
        "start": 0,
        "end": 4
      },
      "V285484": {
        "id": "V285484",
        "indicator": "F",
        "type": "HAVE-PROPERTY",
        "word": "BE",
        "roles": {
          "NEUTRAL": "#V285468",
          "FORMAL": "#V285552",
          "TENSE": "PAST",
          "LEX": "WAS",
          "WNSENSE": "be%2:42:03::"
        },
        "start": 4,
        "end": 23
      },
      "V285468": {
        "id": "V285468",
        "indicator": "PRO",
        "type": "PERSON",
        "word": "I",
        "roles": {
          "PROFORM": "I",
          "LEX": "I",
          "WNSENSE": "person%1:03:00",
          "COREF": "USER"
        },
        "start": 4,
        "end": 6
      },
      "V285552": {
        "id": "V285552",
        "indicator": "F",
        "type": "AT-SCALE-VALUE",
        "word": null,
        "roles": {
          "FIGURE": "#V285468",
          "GROUND": "#V285498",
          "SCALE": "AGE-SCALE",
          "LEX": "OLD"
        },
        "start": 11,
        "end": 23
      },
      "V285498": {
        "id": "V285498",
        "indicator": "A",
        "type": "QUANTITY-ABSTR",
        "word": null,
        "roles": {
          "UNIT": "(:* YEAR-DURATION YEAR)",
          "AMOUNT": "5"
        },
        "start": 11,
        "end": 23
      },
      "root": "#V285828"
    }
  ],
  "inputtags": [],
  "debug": [
    "*last-utt-id*=NIL  utt-id+41",
    "*last-utt-id*=41  utt-id+NIL"
  ]
}
