{
  "parse": [
    {
      "V1678241": {
        "id": "V1678241",
        "indicator": "SPEECHACT",
        "type": "SA_TELL",
        "word": null,
        "roles": {
          "CONTENT": "#V1677721",
          "MOD": "#V1677684",
          "LEX": "WAS"
        },
        "start": 1,
        "end": 18
      },
      "V1677684": {
        "id": "V1677684",
        "indicator": "F",
        "type": "CONJUNCT",
        "word": "AND",
        "roles": {
          "FIGURE": "#V1678241",
          "LEX": "AND"
        },
        "start": 1,
        "end": 5
      },
      "V1677721": {
        "id": "V1677721",
        "indicator": "F",
        "type": "HAVE-PROPERTY",
        "word": "BE",
        "roles": {
          "NEUTRAL": "#V1677705",
          "FORMAL": "#V1677735",
          "TENSE": "PAST",
          "LEX": "WAS",
          "WNSENSE": "be%2:42:03::"
        },
        "start": 5,
        "end": 18
      },
      "V1677705": {
        "id": "V1677705",
        "indicator": "PRO",
        "type": "PERSON",
        "word": "I",
        "roles": {
          "PROFORM": "I",
          "LEX": "I",
          "WNSENSE": "person%1:03:00",
          "COREF": "USER"
        },
        "start": 5,
        "end": 7
      },
      "V1677735": {
        "id": "V1677735",
        "indicator": "F",
        "type": "INCORRECT",
        "word": "WRONG",
        "roles": {
          "ORIENTATION": "NEG",
          "FIGURE": "#V1677705",
          "SCALE": "CORRECTNESS-SCALE",
          "LEX": "WRONG",
          "WNSENSE": "wrong%3:00:04::"
        },
        "start": 11,
        "end": 18
      },
      "root": "#V1678241"
    },
    {
      "V1680271": {
        "id": "V1680271",
        "indicator": "SPEECHACT",
        "type": "SA_IDENTIFY",
        "word": null,
        "roles": {
          "CONTENT": "#V1677757",
          "LEX": "LYRICS"
        },
        "start": 18,
        "end": 82
      },
      "V1677757": {
        "id": "V1677757",
        "indicator": "INDEF-SET",
        "type": "LYRIC",
        "word": "LYRIC",
        "roles": {
          "LOCATION": "#V1677799",
          "MOD": [
            "#V1677770",
            "#V1677743",
            "#V1677754"
          ],
          "LEX": "LYRICS",
          "WNSENSE": "lyric%1:10:01::"
        },
        "start": 18,
        "end": 82
      },
      "V1677743": {
        "id": "V1677743",
        "indicator": "F",
        "type": "EXEMPLIFIES",
        "word": "SUCH",
        "roles": {
          "FIGURE": "#V1677757",
          "SCALE": "SIMILARITY-SCALE",
          "LEX": "SUCH"
        },
        "start": 18,
        "end": 23
      },
      "V1677754": {
        "id": "V1677754",
        "indicator": "F",
        "type": "PRIMARY",
        "word": "IMPORTANT",
        "roles": {
          "FIGURE": "#V1677757",
          "SCALE": "IMPORTANT-SCALE",
          "DEGREE": "#V1677751",
          "LEX": "IMPORTANT"
        },
        "start": 23,
        "end": 38
      },
      "V1677751": {
        "id": "V1677751",
        "indicator": "F",
        "type": "DEGREE-MODIFIER-HIGH",
        "word": "VERY",
        "roles": {
          "FIGURE": "#V1677754",
          "LEX": "VERY",
          "WNSENSE": "very%4:02:00::"
        },
        "start": 23,
        "end": 28
      },
      "V1677770": {
        "id": "V1677770",
        "indicator": "F",
        "type": "COST-RELATION",
        "word": "FOR",
        "roles": {
          "GROUND": "#V1677913",
          "FIGURE": "#V1677757",
          "LEX": "FOR"
        },
        "start": 45,
        "end": 54
      },
      "V1677913": {
        "id": "V1677913",
        "indicator": "INDEF-SET",
        "type": "REFERENTIAL-SEM",
        "word": null,
        "roles": {
          "SIZE": "SOME",
          "LEX": "SOME"
        },
        "start": 49,
        "end": 54
      },
      "V1677799": {
        "id": "V1677799",
        "indicator": "F",
        "type": "IN-LOC",
        "word": "IN",
        "roles": {
          "GROUND": "#V1677874",
          "FIGURE": "#V1677757",
          "LEX": "IN"
        },
        "start": 54,
        "end": 82
      },
      "V1677874": {
        "id": "V1677874",
        "indicator": "THE",
        "type": "ORGANIZATION",
        "word": "ENTERTAINMENT-INDUSTRY",
        "roles": {
          "LEX": "ENTERTAINMENT-INDUSTRY",
          "WNSENSE": "entertainment_industry%1:14:00"
        },
        "start": 57,
        "end": 82
      },
      "root": "#V1680271"
    },
    {
      "V1678241": {
        "id": "V1678241",
        "indicator": "SPEECHACT",
        "type": "SA_TELL",
        "word": null,
        "roles": {
          "CONTENT": "#V1677721",
          "MOD": "#V1677684",
          "LEX": "WAS"
        },
        "start": 1,
        "end": 18
      },
      "V1677684": {
        "id": "V1677684",
        "indicator": "F",
        "type": "CONJUNCT",
        "word": "AND",
        "roles": {
          "FIGURE": "#V1678241",
          "LEX": "AND"
        },
        "start": 1,
        "end": 5
      },
      "V1677721": {
        "id": "V1677721",
        "indicator": "F",
        "type": "HAVE-PROPERTY",
        "word": "BE",
        "roles": {
          "NEUTRAL": "#V1677705",
          "FORMAL": "#V1677735",
          "TENSE": "PAST",
          "LEX": "WAS",
          "WNSENSE": "be%2:42:03::"
        },
        "start": 5,
        "end": 18
      },
      "V1677705": {
        "id": "V1677705",
        "indicator": "PRO",
        "type": "PERSON",
        "word": "I",
        "roles": {
          "PROFORM": "I",
          "LEX": "I",
          "WNSENSE": "person%1:03:00"
        },
        "start": 5,
        "end": 7
      },
      "V1677735": {
        "id": "V1677735",
        "indicator": "F",
        "type": "INCORRECT",
        "word": "WRONG",
        "roles": {
          "ORIENTATION": "NEG",
          "FIGURE": "#V1677705",
          "SCALE": "CORRECTNESS-SCALE",
          "LEX": "WRONG",
          "WNSENSE": "wrong%3:00:04::"
        },
        "start": 11,
        "end": 18
      },
      "root": "#V1678241"
    },
    {
      "V1680269": {
        "id": "V1680269",
        "indicator": "SPEECHACT",
        "type": "SA_IDENTIFY",
        "word": null,
        "roles": {
          "CONTENT": "#V1677757",
          "LEX": "LYRICS"
        },
        "start": 18,
        "end": 83
      },
      "V1677757": {
        "id": "V1677757",
        "indicator": "INDEF-SET",
        "type": "LYRIC",
        "word": "LYRIC",
        "roles": {
          "LOCATION": "#V1677799",
          "MOD": [
            "#V1677770",
            "#V1677743",
            "#V1677754"
          ],
          "LEX": "LYRICS",
          "WNSENSE": "lyric%1:10:01::"
        },
        "start": 18,
        "end": 83
      },
      "V1677743": {
        "id": "V1677743",
        "indicator": "F",
        "type": "EXEMPLIFIES",
        "word": "SUCH",
        "roles": {
          "FIGURE": "#V1677757",
          "SCALE": "SIMILARITY-SCALE",
          "LEX": "SUCH"
        },
        "start": 18,
        "end": 23
      },
      "V1677754": {
        "id": "V1677754",
        "indicator": "F",
        "type": "PRIMARY",
        "word": "IMPORTANT",
        "roles": {
          "FIGURE": "#V1677757",
          "SCALE": "IMPORTANT-SCALE",
          "DEGREE": "#V1677751",
          "LEX": "IMPORTANT"
        },
        "start": 23,
        "end": 38
      },
      "V1677751": {
        "id": "V1677751",
        "indicator": "F",
        "type": "DEGREE-MODIFIER-HIGH",
        "word": "VERY",
        "roles": {
          "FIGURE": "#V1677754",
          "LEX": "VERY",
          "WNSENSE": "very%4:02:00::"
        },
        "start": 23,
        "end": 28
      },
      "V1677770": {
        "id": "V1677770",
        "indicator": "F",
        "type": "COST-RELATION",
        "word": "FOR",
        "roles": {
          "GROUND": "#V1677915",
          "FIGURE": "#V1677757",
          "LEX": "FOR"
        },
        "start": 45,
        "end": 54
      },
      "V1677915": {
        "id": "V1677915",
        "indicator": "A",
        "type": "REFERENTIAL-SEM",
        "word": null,
        "roles": {
          "QUAN": "INDEFINITE",
          "LEX": "SOME"
        },
        "start": 49,
        "end": 54
      },
      "V1677799": {
        "id": "V1677799",
        "indicator": "F",
        "type": "IN-LOC",
        "word": "IN",
        "roles": {
          "GROUND": "#V1677874",
          "FIGURE": "#V1677757",
          "LEX": "IN"
        },
        "start": 54,
        "end": 83
      },
      "V1677874": {
        "id": "V1677874",
        "indicator": "THE",
        "type": "ORGANIZATION",
        "word": "ENTERTAINMENT-INDUSTRY",
        "roles": {
          "LEX": "ENTERTAINMENT-INDUSTRY",
          "WNSENSE": "entertainment_industry%1:14:00"
        },
        "start": 57,
        "end": 83
      },
      "root": "#V1680269"
    },
    {
      "V1678238": {
        "id": "V1678238",
        "indicator": "SPEECHACT",
        "type": "SA_TELL",
        "word": null,
        "roles": {
          "CONTENT": "#V1677721",
          "MOD": "#V1677684",
          "LEX": "WAS"
        },
        "start": 1,
        "end": 18
      },
      "V1677684": {
        "id": "V1677684",
        "indicator": "F",
        "type": "CONJUNCT",
        "word": "AND",
        "roles": {
          "FIGURE": "#V1678238",
          "LEX": "AND"
        },
        "start": 1,
        "end": 5
      },
      "V1677721": {
        "id": "V1677721",
        "indicator": "F",
        "type": "HAVE-PROPERTY",
        "word": "BE",
        "roles": {
          "NEUTRAL": "#V1677705",
          "FORMAL": "#V1677736",
          "TENSE": "PAST",
          "LEX": "WAS",
          "WNSENSE": "be%2:42:03::"
        },
        "start": 5,
        "end": 18
      },
      "V1677705": {
        "id": "V1677705",
        "indicator": "PRO",
        "type": "PERSON",
        "word": "I",
        "roles": {
          "PROFORM": "I",
          "LEX": "I",
          "WNSENSE": "person%1:03:00"
        },
        "start": 5,
        "end": 7
      },
      "V1677736": {
        "id": "V1677736",
        "indicator": "F",
        "type": "INCORRECT",
        "word": "WRONG",
        "roles": {
          "ORIENTATION": "NEG",
          "FIGURE": "#V1677705",
          "SCALE": "CORRECTNESS-SCALE",
          "LEX": "WRONG",
          "WNSENSE": "wrong%3:00:04::"
        },
        "start": 11,
        "end": 18
      },
      "root": "#V1678238"
    },
    {
      "V1680271": {
        "id": "V1680271",
        "indicator": "SPEECHACT",
        "type": "SA_IDENTIFY",
        "word": null,
        "roles": {
          "CONTENT": "#V1677757",
          "LEX": "LYRICS"
        },
        "start": 18,
        "end": 83
      },
      "V1677757": {
        "id": "V1677757",
        "indicator": "INDEF-SET",
        "type": "LYRIC",
        "word": "LYRIC",
        "roles": {
          "LOCATION": "#V1677799",
          "MOD": [
            "#V1677770",
            "#V1677743",
            "#V1677754"
          ],
          "LEX": "LYRICS",
          "WNSENSE": "lyric%1:10:01::"
        },
        "start": 18,
        "end": 83
      },
      "V1677743": {
        "id": "V1677743",
        "indicator": "F",
        "type": "EXEMPLIFIES",
        "word": "SUCH",
        "roles": {
          "FIGURE": "#V1677757",
          "SCALE": "SIMILARITY-SCALE",
          "LEX": "SUCH"
        },
        "start": 18,
        "end": 23
      },
      "V1677754": {
        "id": "V1677754",
        "indicator": "F",
        "type": "PRIMARY",
        "word": "IMPORTANT",
        "roles": {
          "FIGURE": "#V1677757",
          "SCALE": "IMPORTANT-SCALE",
          "DEGREE": "#V1677751",
          "LEX": "IMPORTANT"
        },
        "start": 23,
        "end": 38
      },
      "V1677751": {
        "id": "V1677751",
        "indicator": "F",
        "type": "DEGREE-MODIFIER-HIGH",
        "word": "VERY",
        "roles": {
          "FIGURE": "#V1677754",
          "LEX": "VERY",
          "WNSENSE": "very%4:02:00::"
        },
        "start": 23,
        "end": 28
      },
      "V1677770": {
        "id": "V1677770",
        "indicator": "F",
        "type": "COST-RELATION",
        "word": "FOR",
        "roles": {
          "GROUND": "#V1677913",
          "FIGURE": "#V1677757",
          "LEX": "FOR"
        },
        "start": 45,
        "end": 54
      },
      "V1677913": {
        "id": "V1677913",
        "indicator": "INDEF-SET",
        "type": "REFERENTIAL-SEM",
        "word": null,
        "roles": {
          "SIZE": "SOME",
          "LEX": "SOME"
        },
        "start": 49,
        "end": 54
      },
      "V1677799": {
        "id": "V1677799",
        "indicator": "F",
        "type": "IN-LOC",
        "word": "IN",
        "roles": {
          "GROUND": "#V1677874",
          "FIGURE": "#V1677757",
          "LEX": "IN"
        },
        "start": 54,
        "end": 83
      },
      "V1677874": {
        "id": "V1677874",
        "indicator": "THE",
        "type": "ORGANIZATION",
        "word": "ENTERTAINMENT-INDUSTRY",
        "roles": {
          "LEX": "ENTERTAINMENT-INDUSTRY",
          "WNSENSE": "entertainment_industry%1:14:00"
        },
        "start": 57,
        "end": 83
      },
      "root": "#V1680271"
    },
    {
      "V1678238": {
        "id": "V1678238",
        "indicator": "SPEECHACT",
        "type": "SA_TELL",
        "word": null,
        "roles": {
          "CONTENT": "#V1677721",
          "MOD": "#V1677684",
          "LEX": "WAS"
        },
        "start": 1,
        "end": 18
      },
      "V1677684": {
        "id": "V1677684",
        "indicator": "F",
        "type": "CONJUNCT",
        "word": "AND",
        "roles": {
          "FIGURE": "#V1678238",
          "LEX": "AND"
        },
        "start": 1,
        "end": 5
      },
      "V1677721": {
        "id": "V1677721",
        "indicator": "F",
        "type": "HAVE-PROPERTY",
        "word": "BE",
        "roles": {
          "NEUTRAL": "#V1677705",
          "FORMAL": "#V1677736",
          "TENSE": "PAST",
          "LEX": "WAS",
          "WNSENSE": "be%2:42:03::"
        },
        "start": 5,
        "end": 18
      },
      "V1677705": {
        "id": "V1677705",
        "indicator": "PRO",
        "type": "PERSON",
        "word": "I",
        "roles": {
          "PROFORM": "I",
          "LEX": "I",
          "WNSENSE": "person%1:03:00"
        },
        "start": 5,
        "end": 7
      },
      "V1677736": {
        "id": "V1677736",
        "indicator": "F",
        "type": "INCORRECT",
        "word": "WRONG",
        "roles": {
          "ORIENTATION": "NEG",
          "FIGURE": "#V1677705",
          "SCALE": "CORRECTNESS-SCALE",
          "LEX": "WRONG",
          "WNSENSE": "wrong%3:00:04::"
        },
        "start": 11,
        "end": 18
      },
      "root": "#V1678238"
    },
    {
      "V1680269": {
        "id": "V1680269",
        "indicator": "SPEECHACT",
        "type": "SA_IDENTIFY",
        "word": null,
        "roles": {
          "CONTENT": "#V1677757",
          "LEX": "LYRICS"
        },
        "start": 18,
        "end": 83
      },
      "V1677757": {
        "id": "V1677757",
        "indicator": "INDEF-SET",
        "type": "LYRIC",
        "word": "LYRIC",
        "roles": {
          "LOCATION": "#V1677799",
          "MOD": [
            "#V1677770",
            "#V1677743",
            "#V1677754"
          ],
          "LEX": "LYRICS",
          "WNSENSE": "lyric%1:10:01::"
        },
        "start": 18,
        "end": 83
      },
      "V1677743": {
        "id": "V1677743",
        "indicator": "F",
        "type": "EXEMPLIFIES",
        "word": "SUCH",
        "roles": {
          "FIGURE": "#V1677757",
          "SCALE": "SIMILARITY-SCALE",
          "LEX": "SUCH"
        },
        "start": 18,
        "end": 23
      },
      "V1677754": {
        "id": "V1677754",
        "indicator": "F",
        "type": "PRIMARY",
        "word": "IMPORTANT",
        "roles": {
          "FIGURE": "#V1677757",
          "SCALE": "IMPORTANT-SCALE",
          "DEGREE": "#V1677751",
          "LEX": "IMPORTANT"
        },
        "start": 23,
        "end": 38
      },
      "V1677751": {
        "id": "V1677751",
        "indicator": "F",
        "type": "DEGREE-MODIFIER-HIGH",
        "word": "VERY",
        "roles": {
          "FIGURE": "#V1677754",
          "LEX": "VERY",
          "WNSENSE": "very%4:02:00::"
        },
        "start": 23,
        "end": 28
      },
      "V1677770": {
        "id": "V1677770",
        "indicator": "F",
        "type": "COST-RELATION",
        "word": "FOR",
        "roles": {
          "GROUND": "#V1677915",
          "FIGURE": "#V1677757",
          "LEX": "FOR"
        },
        "start": 45,
        "end": 54
      },
      "V1677915": {
        "id": "V1677915",
        "indicator": "A",
        "type": "REFERENTIAL-SEM",
        "word": null,
        "roles": {
          "QUAN": "INDEFINITE",
          "LEX": "SOME"
        },
        "start": 49,
        "end": 54
      },
      "V1677799": {
        "id": "V1677799",
        "indicator": "F",
        "type": "IN-LOC",
        "word": "IN",
        "roles": {
          "GROUND": "#V1677874",
          "FIGURE": "#V1677757",
          "LEX": "IN"
        },
        "start": 54,
        "end": 83
      },
      "V1677874": {
        "id": "V1677874",
        "indicator": "THE",
        "type": "ORGANIZATION",
        "word": "ENTERTAINMENT-INDUSTRY",
        "roles": {
          "LEX": "ENTERTAINMENT-INDUSTRY",
          "WNSENSE": "entertainment_industry%1:14:00"
        },
        "start": 57,
        "end": 83
      },
      "root": "#V1680269"
    },
    {
      "V1678241": {
        "id": "V1678241",
        "indicator": "SPEECHACT",
        "type": "SA_TELL",
        "word": null,
        "roles": {
          "CONTENT": "#V1677721",
          "MOD": "#V1677684",
          "LEX": "WAS"
        },
        "start": 1,
        "end": 18
      },
      "V1677684": {
        "id": "V1677684",
        "indicator": "F",
        "type": "CONJUNCT",
        "word": "AND",
        "roles": {
          "FIGURE": "#V1678241",
          "LEX": "AND"
        },
        "start": 1,
        "end": 5
      },
      "V1677721": {
        "id": "V1677721",
        "indicator": "F",
        "type": "HAVE-PROPERTY",
        "word": "BE",
        "roles": {
          "NEUTRAL": "#V1677705",
          "FORMAL": "#V1677735",
          "TENSE": "PAST",
          "LEX": "WAS",
          "WNSENSE": "be%2:42:03::"
        },
        "start": 5,
        "end": 18
      },
      "V1677705": {
        "id": "V1677705",
        "indicator": "PRO",
        "type": "PERSON",
        "word": "I",
        "roles": {
          "PROFORM": "I",
          "LEX": "I",
          "WNSENSE": "person%1:03:00"
        },
        "start": 5,
        "end": 7
      },
      "V1677735": {
        "id": "V1677735",
        "indicator": "F",
        "type": "INCORRECT",
        "word": "WRONG",
        "roles": {
          "ORIENTATION": "NEG",
          "FIGURE": "#V1677705",
          "SCALE": "CORRECTNESS-SCALE",
          "LEX": "WRONG",
          "WNSENSE": "wrong%3:00:04::"
        },
        "start": 11,
        "end": 18
      },
      "root": "#V1678241"
    },
    {
      "V1680284": {
        "id": "V1680284",
        "indicator": "SPEECHACT",
        "type": "SA_IDENTIFY",
        "word": null,
        "roles": {
          "CONTENT": "#V1677757",
          "LEX": "LYRICS"
        },
        "start": 18,
        "end": 83
      },
      "V1677757": {
        "id": "V1677757",
        "indicator": "INDEF-SET",
        "type": "LYRIC",
        "word": "LYRIC",
        "roles": {
          "LOCATION": "#V1677799",
          "MOD": [
            "#V1677770",
            "#V1677743",
            "#V1677754"
          ],
          "LEX": "LYRICS",
          "WNSENSE": "lyric%1:10:01::"
        },
        "start": 18,
        "end": 83
      },
      "V1677743": {
        "id": "V1677743",
        "indicator": "F",
        "type": "EXEMPLIFIES",
        "word": "SUCH",
        "roles": {
          "FIGURE": "#V1677757",
          "SCALE": "SIMILARITY-SCALE",
          "LEX": "SUCH"
        },
        "start": 18,
        "end": 23
      },
      "V1677754": {
        "id": "V1677754",
        "indicator": "F",
        "type": "PRIMARY",
        "word": "IMPORTANT",
        "roles": {
          "FIGURE": "#V1677757",
          "SCALE": "IMPORTANT-SCALE",
          "DEGREE": "#V1677751",
          "LEX": "IMPORTANT"
        },
        "start": 23,
        "end": 38
      },
      "V1677751": {
        "id": "V1677751",
        "indicator": "F",
        "type": "DEGREE-MODIFIER-HIGH",
        "word": "VERY",
        "roles": {
          "FIGURE": "#V1677754",
          "LEX": "VERY",
          "WNSENSE": "very%4:02:00::"
        },
        "start": 23,
        "end": 28
      },
      "V1677770": {
        "id": "V1677770",
        "indicator": "F",
        "type": "COST-RELATION",
        "word": "FOR",
        "roles": {
          "GROUND": "#V1677913",
          "FIGURE": "#V1677757",
          "LEX": "FOR"
        },
        "start": 45,
        "end": 54
      },
      "V1677913": {
        "id": "V1677913",
        "indicator": "INDEF-SET",
        "type": "REFERENTIAL-SEM",
        "word": null,
        "roles": {
          "SIZE": "SOME",
          "LEX": "SOME"
        },
        "start": 49,
        "end": 54
      },
      "V1677799": {
        "id": "V1677799",
        "indicator": "F",
        "type": "IN-LOC",
        "word": "IN",
        "roles": {
          "GROUND": "#V1678000",
          "FIGURE": "#V1677757",
          "LEX": "IN"
        },
        "start": 54,
        "end": 83
      },
      "V1678000": {
        "id": "V1678000",
        "indicator": "THE",
        "type": "QUANTITY-ABSTR",
        "word": null,
        "roles": {
          "FIGURE": "#V1677874"
        },
        "start": 57,
        "end": 83
      },
      "V1677874": {
        "id": "V1677874",
        "indicator": "THE",
        "type": "ORGANIZATION",
        "word": "ENTERTAINMENT-INDUSTRY",
        "roles": {
          "LEX": "ENTERTAINMENT-INDUSTRY",
          "WNSENSE": "entertainment_industry%1:14:00"
        },
        "start": 57,
        "end": 83
      },
      "root": "#V1680284"
    },
    {
      "V1678241": {
        "id": "V1678241",
        "indicator": "SPEECHACT",
        "type": "SA_TELL",
        "word": null,
        "roles": {
          "CONTENT": "#V1677721",
          "MOD": "#V1677684",
          "LEX": "WAS"
        },
        "start": 1,
        "end": 18
      },
      "V1677684": {
        "id": "V1677684",
        "indicator": "F",
        "type": "CONJUNCT",
        "word": "AND",
        "roles": {
          "FIGURE": "#V1678241",
          "LEX": "AND"
        },
        "start": 1,
        "end": 5
      },
      "V1677721": {
        "id": "V1677721",
        "indicator": "F",
        "type": "HAVE-PROPERTY",
        "word": "BE",
        "roles": {
          "NEUTRAL": "#V1677705",
          "FORMAL": "#V1677735",
          "TENSE": "PAST",
          "LEX": "WAS",
          "WNSENSE": "be%2:42:03::"
        },
        "start": 5,
        "end": 18
      },
      "V1677705": {
        "id": "V1677705",
        "indicator": "PRO",
        "type": "PERSON",
        "word": "I",
        "roles": {
          "PROFORM": "I",
          "LEX": "I",
          "WNSENSE": "person%1:03:00"
        },
        "start": 5,
        "end": 7
      },
      "V1677735": {
        "id": "V1677735",
        "indicator": "F",
        "type": "INCORRECT",
        "word": "WRONG",
        "roles": {
          "ORIENTATION": "NEG",
          "FIGURE": "#V1677705",
          "SCALE": "CORRECTNESS-SCALE",
          "LEX": "WRONG",
          "WNSENSE": "wrong%3:00:04::"
        },
        "start": 11,
        "end": 18
      },
      "root": "#V1678241"
    },
    {
      "V1680282": {
        "id": "V1680282",
        "indicator": "SPEECHACT",
        "type": "SA_IDENTIFY",
        "word": null,
        "roles": {
          "CONTENT": "#V1677757",
          "LEX": "LYRICS"
        },
        "start": 18,
        "end": 83
      },
      "V1677757": {
        "id": "V1677757",
        "indicator": "INDEF-SET",
        "type": "LYRIC",
        "word": "LYRIC",
        "roles": {
          "LOCATION": "#V1677799",
          "MOD": [
            "#V1677770",
            "#V1677743",
            "#V1677754"
          ],
          "LEX": "LYRICS",
          "WNSENSE": "lyric%1:10:01::"
        },
        "start": 18,
        "end": 83
      },
      "V1677743": {
        "id": "V1677743",
        "indicator": "F",
        "type": "EXEMPLIFIES",
        "word": "SUCH",
        "roles": {
          "FIGURE": "#V1677757",
          "SCALE": "SIMILARITY-SCALE",
          "LEX": "SUCH"
        },
        "start": 18,
        "end": 23
      },
      "V1677754": {
        "id": "V1677754",
        "indicator": "F",
        "type": "PRIMARY",
        "word": "IMPORTANT",
        "roles": {
          "FIGURE": "#V1677757",
          "SCALE": "IMPORTANT-SCALE",
          "DEGREE": "#V1677751",
          "LEX": "IMPORTANT"
        },
        "start": 23,
        "end": 38
      },
      "V1677751": {
        "id": "V1677751",
        "indicator": "F",
        "type": "DEGREE-MODIFIER-HIGH",
        "word": "VERY",
        "roles": {
          "FIGURE": "#V1677754",
          "LEX": "VERY",
          "WNSENSE": "very%4:02:00::"
        },
        "start": 23,
        "end": 28
      },
      "V1677770": {
        "id": "V1677770",
        "indicator": "F",
        "type": "COST-RELATION",
        "word": "FOR",
        "roles": {
          "GROUND": "#V1677915",
          "FIGURE": "#V1677757",
          "LEX": "FOR"
        },
        "start": 45,
        "end": 54
      },
      "V1677915": {
        "id": "V1677915",
        "indicator": "A",
        "type": "REFERENTIAL-SEM",
        "word": null,
        "roles": {
          "QUAN": "INDEFINITE",
          "LEX": "SOME"
        },
        "start": 49,
        "end": 54
      },
      "V1677799": {
        "id": "V1677799",
        "indicator": "F",
        "type": "IN-LOC",
        "word": "IN",
        "roles": {
          "GROUND": "#V1678000",
          "FIGURE": "#V1677757",
          "LEX": "IN"
        },
        "start": 54,
        "end": 83
      },
      "V1678000": {
        "id": "V1678000",
        "indicator": "THE",
        "type": "QUANTITY-ABSTR",
        "word": null,
        "roles": {
          "FIGURE": "#V1677874"
        },
        "start": 57,
        "end": 83
      },
      "V1677874": {
        "id": "V1677874",
        "indicator": "THE",
        "type": "ORGANIZATION",
        "word": "ENTERTAINMENT-INDUSTRY",
        "roles": {
          "LEX": "ENTERTAINMENT-INDUSTRY",
          "WNSENSE": "entertainment_industry%1:14:00"
        },
        "start": 57,
        "end": 83
      },
      "root": "#V1680282"
    },
    {
      "V1678238": {
        "id": "V1678238",
        "indicator": "SPEECHACT",
        "type": "SA_TELL",
        "word": null,
        "roles": {
          "CONTENT": "#V1677721",
          "MOD": "#V1677684",
          "LEX": "WAS"
        },
        "start": 1,
        "end": 18
      },
      "V1677684": {
        "id": "V1677684",
        "indicator": "F",
        "type": "CONJUNCT",
        "word": "AND",
        "roles": {
          "FIGURE": "#V1678238",
          "LEX": "AND"
        },
        "start": 1,
        "end": 5
      },
      "V1677721": {
        "id": "V1677721",
        "indicator": "F",
        "type": "HAVE-PROPERTY",
        "word": "BE",
        "roles": {
          "NEUTRAL": "#V1677705",
          "FORMAL": "#V1677736",
          "TENSE": "PAST",
          "LEX": "WAS",
          "WNSENSE": "be%2:42:03::"
        },
        "start": 5,
        "end": 18
      },
      "V1677705": {
        "id": "V1677705",
        "indicator": "PRO",
        "type": "PERSON",
        "word": "I",
        "roles": {
          "PROFORM": "I",
          "LEX": "I",
          "WNSENSE": "person%1:03:00"
        },
        "start": 5,
        "end": 7
      },
      "V1677736": {
        "id": "V1677736",
        "indicator": "F",
        "type": "INCORRECT",
        "word": "WRONG",
        "roles": {
          "ORIENTATION": "NEG",
          "FIGURE": "#V1677705",
          "SCALE": "CORRECTNESS-SCALE",
          "LEX": "WRONG",
          "WNSENSE": "wrong%3:00:04::"
        },
        "start": 11,
        "end": 18
      },
      "root": "#V1678238"
    },
    {
      "V1680284": {
        "id": "V1680284",
        "indicator": "SPEECHACT",
        "type": "SA_IDENTIFY",
        "word": null,
        "roles": {
          "CONTENT": "#V1677757",
          "LEX": "LYRICS"
        },
        "start": 18,
        "end": 83
      },
      "V1677757": {
        "id": "V1677757",
        "indicator": "INDEF-SET",
        "type": "LYRIC",
        "word": "LYRIC",
        "roles": {
          "LOCATION": "#V1677799",
          "MOD": [
            "#V1677770",
            "#V1677743",
            "#V1677754"
          ],
          "LEX": "LYRICS",
          "WNSENSE": "lyric%1:10:01::"
        },
        "start": 18,
        "end": 83
      },
      "V1677743": {
        "id": "V1677743",
        "indicator": "F",
        "type": "EXEMPLIFIES",
        "word": "SUCH",
        "roles": {
          "FIGURE": "#V1677757",
          "SCALE": "SIMILARITY-SCALE",
          "LEX": "SUCH"
        },
        "start": 18,
        "end": 23
      },
      "V1677754": {
        "id": "V1677754",
        "indicator": "F",
        "type": "PRIMARY",
        "word": "IMPORTANT",
        "roles": {
          "FIGURE": "#V1677757",
          "SCALE": "IMPORTANT-SCALE",
          "DEGREE": "#V1677751",
          "LEX": "IMPORTANT"
        },
        "start": 23,
        "end": 38
      },
      "V1677751": {
        "id": "V1677751",
        "indicator": "F",
        "type": "DEGREE-MODIFIER-HIGH",
        "word": "VERY",
        "roles": {
          "FIGURE": "#V1677754",
          "LEX": "VERY",
          "WNSENSE": "very%4:02:00::"
        },
        "start": 23,
        "end": 28
      },
      "V1677770": {
        "id": "V1677770",
        "indicator": "F",
        "type": "COST-RELATION",
        "word": "FOR",
        "roles": {
          "GROUND": "#V1677913",
          "FIGURE": "#V1677757",
          "LEX": "FOR"
        },
        "start": 45,
        "end": 54
      },
      "V1677913": {
        "id": "V1677913",
        "indicator": "INDEF-SET",
        "type": "REFERENTIAL-SEM",
        "word": null,
        "roles": {
          "SIZE": "SOME",
          "LEX": "SOME"
        },
        "start": 49,
        "end": 54
      },
      "V1677799": {
        "id": "V1677799",
        "indicator": "F",
        "type": "IN-LOC",
        "word": "IN",
        "roles": {
          "GROUND": "#V1678000",
          "FIGURE": "#V1677757",
          "LEX": "IN"
        },
        "start": 54,
        "end": 83
      },
      "V1678000": {
        "id": "V1678000",
        "indicator": "THE",
        "type": "QUANTITY-ABSTR",
        "word": null,
        "roles": {
          "FIGURE": "#V1677874"
        },
        "start": 57,
        "end": 83
      },
      "V1677874": {
        "id": "V1677874",
        "indicator": "THE",
        "type": "ORGANIZATION",
        "word": "ENTERTAINMENT-INDUSTRY",
        "roles": {
          "LEX": "ENTERTAINMENT-INDUSTRY",
          "WNSENSE": "entertainment_industry%1:14:00"
        },
        "start": 57,
        "end": 83
      },
      "root": "#V1680284"
    },
    {
      "V1678238": {
        "id": "V1678238",
        "indicator": "SPEECHACT",
        "type": "SA_TELL",
        "word": null,
        "roles": {
          "CONTENT": "#V1677721",
          "MOD": "#V1677684",
          "LEX": "WAS"
        },
        "start": 1,
        "end": 18
      },
      "V1677684": {
        "id": "V1677684",
        "indicator": "F",
        "type": "CONJUNCT",
        "word": "AND",
        "roles": {
          "FIGURE": "#V1678238",
          "LEX": "AND"
        },
        "start": 1,
        "end": 5
      },
      "V1677721": {
        "id": "V1677721",
        "indicator": "F",
        "type": "HAVE-PROPERTY",
        "word": "BE",
        "roles": {
          "NEUTRAL": "#V1677705",
          "FORMAL": "#V1677736",
          "TENSE": "PAST",
          "LEX": "WAS",
          "WNSENSE": "be%2:42:03::"
        },
        "start": 5,
        "end": 18
      },
      "V1677705": {
        "id": "V1677705",
        "indicator": "PRO",
        "type": "PERSON",
        "word": "I",
        "roles": {
          "PROFORM": "I",
          "LEX": "I",
          "WNSENSE": "person%1:03:00"
        },
        "start": 5,
        "end": 7
      },
      "V1677736": {
        "id": "V1677736",
        "indicator": "F",
        "type": "INCORRECT",
        "word": "WRONG",
        "roles": {
          "ORIENTATION": "NEG",
          "FIGURE": "#V1677705",
          "SCALE": "CORRECTNESS-SCALE",
          "LEX": "WRONG",
          "WNSENSE": "wrong%3:00:04::"
        },
        "start": 11,
        "end": 18
      },
      "root": "#V1678238"
    },
    {
      "V1680282": {
        "id": "V1680282",
        "indicator": "SPEECHACT",
        "type": "SA_IDENTIFY",
        "word": null,
        "roles": {
          "CONTENT": "#V1677757",
          "LEX": "LYRICS"
        },
        "start": 18,
        "end": 83
      },
      "V1677757": {
        "id": "V1677757",
        "indicator": "INDEF-SET",
        "type": "LYRIC",
        "word": "LYRIC",
        "roles": {
          "LOCATION": "#V1677799",
          "MOD": [
            "#V1677770",
            "#V1677743",
            "#V1677754"
          ],
          "LEX": "LYRICS",
          "WNSENSE": "lyric%1:10:01::"
        },
        "start": 18,
        "end": 83
      },
      "V1677743": {
        "id": "V1677743",
        "indicator": "F",
        "type": "EXEMPLIFIES",
        "word": "SUCH",
        "roles": {
          "FIGURE": "#V1677757",
          "SCALE": "SIMILARITY-SCALE",
          "LEX": "SUCH"
        },
        "start": 18,
        "end": 23
      },
      "V1677754": {
        "id": "V1677754",
        "indicator": "F",
        "type": "PRIMARY",
        "word": "IMPORTANT",
        "roles": {
          "FIGURE": "#V1677757",
          "SCALE": "IMPORTANT-SCALE",
          "DEGREE": "#V1677751",
          "LEX": "IMPORTANT"
        },
        "start": 23,
        "end": 38
      },
      "V1677751": {
        "id": "V1677751",
        "indicator": "F",
        "type": "DEGREE-MODIFIER-HIGH",
        "word": "VERY",
        "roles": {
          "FIGURE": "#V1677754",
          "LEX": "VERY",
          "WNSENSE": "very%4:02:00::"
        },
        "start": 23,
        "end": 28
      },
      "V1677770": {
        "id": "V1677770",
        "indicator": "F",
        "type": "COST-RELATION",
        "word": "FOR",
        "roles": {
          "GROUND": "#V1677915",
          "FIGURE": "#V1677757",
          "LEX": "FOR"
        },
        "start": 45,
        "end": 54
      },
      "V1677915": {
        "id": "V1677915",
        "indicator": "A",
        "type": "REFERENTIAL-SEM",
        "word": null,
        "roles": {
          "QUAN": "INDEFINITE",
          "LEX": "SOME"
        },
        "start": 49,
        "end": 54
      },
      "V1677799": {
        "id": "V1677799",
        "indicator": "F",
        "type": "IN-LOC",
        "word": "IN",
        "roles": {
          "GROUND": "#V1678000",
          "FIGURE": "#V1677757",
          "LEX": "IN"
        },
        "start": 54,
        "end": 83
      },
      "V1678000": {
        "id": "V1678000",
        "indicator": "THE",
        "type": "QUANTITY-ABSTR",
        "word": null,
        "roles": {
          "FIGURE": "#V1677874"
        },
        "start": 57,
        "end": 83
      },
      "V1677874": {
        "id": "V1677874",
        "indicator": "THE",
        "type": "ORGANIZATION",
        "word": "ENTERTAINMENT-INDUSTRY",
        "roles": {
          "LEX": "ENTERTAINMENT-INDUSTRY",
          "WNSENSE": "entertainment_industry%1:14:00"
        },
        "start": 57,
        "end": 83
      },
      "root": "#V1680282"
    },
    {
      "V1678283": {
        "id": "V1678283",
        "indicator": "SPEECHACT",
        "type": "SA_TELL",
        "word": null,
        "roles": {
          "CONTENT": "#V1677721",
          "MOD": "#V1677684",
          "LEX": "WAS"
        },
        "start": 1,
        "end": 18
      },
      "V1677684": {
        "id": "V1677684",
        "indicator": "F",
        "type": "CONJUNCT",
        "word": "AND",
        "roles": {
          "FIGURE": "#V1678283",
          "LEX": "AND"
        },
        "start": 1,
        "end": 5
      },
      "V1677721": {
        "id": "V1677721",
        "indicator": "F",
        "type": "HAVE-PROPERTY",
        "word": "BE",
        "roles": {
          "NEUTRAL": "#V1677942",
          "FORMAL": "#V1677735",
          "TENSE": "PAST",
          "LEX": "WAS",
          "WNSENSE": "be%2:42:03::"
        },
        "start": 5,
        "end": 18
      },
      "V1677942": {
        "id": "V1677942",
        "indicator": "THE",
        "type": "QUANTITY-ABSTR",
        "word": null,
        "roles": {
          "FIGURE": "#V1677705"
        },
        "start": 5,
        "end": 7
      },
      "V1677705": {
        "id": "V1677705",
        "indicator": "PRO",
        "type": "PERSON",
        "word": "I",
        "roles": {
          "PROFORM": "I",
          "LEX": "I",
          "WNSENSE": "person%1:03:00"
        },
        "start": 5,
        "end": 7
      },
      "V1677735": {
        "id": "V1677735",
        "indicator": "F",
        "type": "INCORRECT",
        "word": "WRONG",
        "roles": {
          "ORIENTATION": "NEG",
          "FIGURE": "#V1677942",
          "SCALE": "CORRECTNESS-SCALE",
          "LEX": "WRONG",
          "WNSENSE": "wrong%3:00:04::"
        },
        "start": 11,
        "end": 18
      },
      "root": "#V1678283"
    },
    {
      "V1680271": {
        "id": "V1680271",
        "indicator": "SPEECHACT",
        "type": "SA_IDENTIFY",
        "word": null,
        "roles": {
          "CONTENT": "#V1677757",
          "LEX": "LYRICS"
        },
        "start": 18,
        "end": 83
      },
      "V1677757": {
        "id": "V1677757",
        "indicator": "INDEF-SET",
        "type": "LYRIC",
        "word": "LYRIC",
        "roles": {
          "LOCATION": "#V1677799",
          "MOD": [
            "#V1677770",
            "#V1677743",
            "#V1677754"
          ],
          "LEX": "LYRICS",
          "WNSENSE": "lyric%1:10:01::"
        },
        "start": 18,
        "end": 83
      },
      "V1677743": {
        "id": "V1677743",
        "indicator": "F",
        "type": "EXEMPLIFIES",
        "word": "SUCH",
        "roles": {
          "FIGURE": "#V1677757",
          "SCALE": "SIMILARITY-SCALE",
          "LEX": "SUCH"
        },
        "start": 18,
        "end": 23
      },
      "V1677754": {
        "id": "V1677754",
        "indicator": "F",
        "type": "PRIMARY",
        "word": "IMPORTANT",
        "roles": {
          "FIGURE": "#V1677757",
          "SCALE": "IMPORTANT-SCALE",
          "DEGREE": "#V1677751",
          "LEX": "IMPORTANT"
        },
        "start": 23,
        "end": 38
      },
      "V1677751": {
        "id": "V1677751",
        "indicator": "F",
        "type": "DEGREE-MODIFIER-HIGH",
        "word": "VERY",
        "roles": {
          "FIGURE": "#V1677754",
          "LEX": "VERY",
          "WNSENSE": "very%4:02:00::"
        },
        "start": 23,
        "end": 28
      },
      "V1677770": {
        "id": "V1677770",
        "indicator": "F",
        "type": "COST-RELATION",
        "word": "FOR",
        "roles": {
          "GROUND": "#V1677913",
          "FIGURE": "#V1677757",
          "LEX": "FOR"
        },
        "start": 45,
        "end": 54
      },
      "V1677913": {
        "id": "V1677913",
        "indicator": "INDEF-SET",
        "type": "REFERENTIAL-SEM",
        "word": null,
        "roles": {
          "SIZE": "SOME",
          "LEX": "SOME"
        },
        "start": 49,
        "end": 54
      },
      "V1677799": {
        "id": "V1677799",
        "indicator": "F",
        "type": "IN-LOC",
        "word": "IN",
        "roles": {
          "GROUND": "#V1677874",
          "FIGURE": "#V1677757",
          "LEX": "IN"
        },
        "start": 54,
        "end": 83
      },
      "V1677874": {
        "id": "V1677874",
        "indicator": "THE",
        "type": "ORGANIZATION",
        "word": "ENTERTAINMENT-INDUSTRY",
        "roles": {
          "LEX": "ENTERTAINMENT-INDUSTRY",
          "WNSENSE": "entertainment_industry%1:14:00"
        },
        "start": 57,
        "end": 83
      },
      "root": "#V1680271"
    },
    {
      "V1678283": {
        "id": "V1678283",
        "indicator": "SPEECHACT",
        "type": "SA_TELL",
        "word": null,
        "roles": {
          "CONTENT": "#V1677721",
          "MOD": "#V1677684",
          "LEX": "WAS"
        },
        "start": 1,
        "end": 18
      },
      "V1677684": {
        "id": "V1677684",
        "indicator": "F",
        "type": "CONJUNCT",
        "word": "AND",
        "roles": {
          "FIGURE": "#V1678283",
          "LEX": "AND"
        },
        "start": 1,
        "end": 5
      },
      "V1677721": {
        "id": "V1677721",
        "indicator": "F",
        "type": "HAVE-PROPERTY",
        "word": "BE",
        "roles": {
          "NEUTRAL": "#V1677942",
          "FORMAL": "#V1677735",
          "TENSE": "PAST",
          "LEX": "WAS",
          "WNSENSE": "be%2:42:03::"
        },
        "start": 5,
        "end": 18
      },
      "V1677942": {
        "id": "V1677942",
        "indicator": "THE",
        "type": "QUANTITY-ABSTR",
        "word": null,
        "roles": {
          "FIGURE": "#V1677705"
        },
        "start": 5,
        "end": 7
      },
      "V1677705": {
        "id": "V1677705",
        "indicator": "PRO",
        "type": "PERSON",
        "word": "I",
        "roles": {
          "PROFORM": "I",
          "LEX": "I",
          "WNSENSE": "person%1:03:00"
        },
        "start": 5,
        "end": 7
      },
      "V1677735": {
        "id": "V1677735",
        "indicator": "F",
        "type": "INCORRECT",
        "word": "WRONG",
        "roles": {
          "ORIENTATION": "NEG",
          "FIGURE": "#V1677942",
          "SCALE": "CORRECTNESS-SCALE",
          "LEX": "WRONG",
          "WNSENSE": "wrong%3:00:04::"
        },
        "start": 11,
        "end": 18
      },
      "root": "#V1678283"
    },
    {
      "V1680269": {
        "id": "V1680269",
        "indicator": "SPEECHACT",
        "type": "SA_IDENTIFY",
        "word": null,
        "roles": {
          "CONTENT": "#V1677757",
          "LEX": "LYRICS"
        },
        "start": 18,
        "end": 83
      },
      "V1677757": {
        "id": "V1677757",
        "indicator": "INDEF-SET",
        "type": "LYRIC",
        "word": "LYRIC",
        "roles": {
          "LOCATION": "#V1677799",
          "MOD": [
            "#V1677770",
            "#V1677743",
            "#V1677754"
          ],
          "LEX": "LYRICS",
          "WNSENSE": "lyric%1:10:01::"
        },
        "start": 18,
        "end": 83
      },
      "V1677743": {
        "id": "V1677743",
        "indicator": "F",
        "type": "EXEMPLIFIES",
        "word": "SUCH",
        "roles": {
          "FIGURE": "#V1677757",
          "SCALE": "SIMILARITY-SCALE",
          "LEX": "SUCH"
        },
        "start": 18,
        "end": 23
      },
      "V1677754": {
        "id": "V1677754",
        "indicator": "F",
        "type": "PRIMARY",
        "word": "IMPORTANT",
        "roles": {
          "FIGURE": "#V1677757",
          "SCALE": "IMPORTANT-SCALE",
          "DEGREE": "#V1677751",
          "LEX": "IMPORTANT"
        },
        "start": 23,
        "end": 38
      },
      "V1677751": {
        "id": "V1677751",
        "indicator": "F",
        "type": "DEGREE-MODIFIER-HIGH",
        "word": "VERY",
        "roles": {
          "FIGURE": "#V1677754",
          "LEX": "VERY",
          "WNSENSE": "very%4:02:00::"
        },
        "start": 23,
        "end": 28
      },
      "V1677770": {
        "id": "V1677770",
        "indicator": "F",
        "type": "COST-RELATION",
        "word": "FOR",
        "roles": {
          "GROUND": "#V1677915",
          "FIGURE": "#V1677757",
          "LEX": "FOR"
        },
        "start": 45,
        "end": 54
      },
      "V1677915": {
        "id": "V1677915",
        "indicator": "A",
        "type": "REFERENTIAL-SEM",
        "word": null,
        "roles": {
          "QUAN": "INDEFINITE",
          "LEX": "SOME"
        },
        "start": 49,
        "end": 54
      },
      "V1677799": {
        "id": "V1677799",
        "indicator": "F",
        "type": "IN-LOC",
        "word": "IN",
        "roles": {
          "GROUND": "#V1677874",
          "FIGURE": "#V1677757",
          "LEX": "IN"
        },
        "start": 54,
        "end": 83
      },
      "V1677874": {
        "id": "V1677874",
        "indicator": "THE",
        "type": "ORGANIZATION",
        "word": "ENTERTAINMENT-INDUSTRY",
        "roles": {
          "LEX": "ENTERTAINMENT-INDUSTRY",
          "WNSENSE": "entertainment_industry%1:14:00"
        },
        "start": 57,
        "end": 83
      },
      "root": "#V1680269"
    },
    {
      "V1678280": {
        "id": "V1678280",
        "indicator": "SPEECHACT",
        "type": "SA_TELL",
        "word": null,
        "roles": {
          "CONTENT": "#V1677721",
          "MOD": "#V1677684",
          "LEX": "WAS"
        },
        "start": 1,
        "end": 18
      },
      "V1677684": {
        "id": "V1677684",
        "indicator": "F",
        "type": "CONJUNCT",
        "word": "AND",
        "roles": {
          "FIGURE": "#V1678280",
          "LEX": "AND"
        },
        "start": 1,
        "end": 5
      },
      "V1677721": {
        "id": "V1677721",
        "indicator": "F",
        "type": "HAVE-PROPERTY",
        "word": "BE",
        "roles": {
          "NEUTRAL": "#V1677942",
          "FORMAL": "#V1677736",
          "TENSE": "PAST",
          "LEX": "WAS",
          "WNSENSE": "be%2:42:03::"
        },
        "start": 5,
        "end": 18
      },
      "V1677942": {
        "id": "V1677942",
        "indicator": "THE",
        "type": "QUANTITY-ABSTR",
        "word": null,
        "roles": {
          "FIGURE": "#V1677705"
        },
        "start": 5,
        "end": 7
      },
      "V1677705": {
        "id": "V1677705",
        "indicator": "PRO",
        "type": "PERSON",
        "word": "I",
        "roles": {
          "PROFORM": "I",
          "LEX": "I",
          "WNSENSE": "person%1:03:00"
        },
        "start": 5,
        "end": 7
      },
      "V1677736": {
        "id": "V1677736",
        "indicator": "F",
        "type": "INCORRECT",
        "word": "WRONG",
        "roles": {
          "ORIENTATION": "NEG",
          "FIGURE": "#V1677942",
          "SCALE": "CORRECTNESS-SCALE",
          "LEX": "WRONG",
          "WNSENSE": "wrong%3:00:04::"
        },
        "start": 11,
        "end": 18
      },
      "root": "#V1678280"
    },
    {
      "V1680271": {
        "id": "V1680271",
        "indicator": "SPEECHACT",
        "type": "SA_IDENTIFY",
        "word": null,
        "roles": {
          "CONTENT": "#V1677757",
          "LEX": "LYRICS"
        },
        "start": 18,
        "end": 83
      },
      "V1677757": {
        "id": "V1677757",
        "indicator": "INDEF-SET",
        "type": "LYRIC",
        "word": "LYRIC",
        "roles": {
          "LOCATION": "#V1677799",
          "MOD": [
            "#V1677770",
            "#V1677743",
            "#V1677754"
          ],
          "LEX": "LYRICS",
          "WNSENSE": "lyric%1:10:01::"
        },
        "start": 18,
        "end": 83
      },
      "V1677743": {
        "id": "V1677743",
        "indicator": "F",
        "type": "EXEMPLIFIES",
        "word": "SUCH",
        "roles": {
          "FIGURE": "#V1677757",
          "SCALE": "SIMILARITY-SCALE",
          "LEX": "SUCH"
        },
        "start": 18,
        "end": 23
      },
      "V1677754": {
        "id": "V1677754",
        "indicator": "F",
        "type": "PRIMARY",
        "word": "IMPORTANT",
        "roles": {
          "FIGURE": "#V1677757",
          "SCALE": "IMPORTANT-SCALE",
          "DEGREE": "#V1677751",
          "LEX": "IMPORTANT"
        },
        "start": 23,
        "end": 38
      },
      "V1677751": {
        "id": "V1677751",
        "indicator": "F",
        "type": "DEGREE-MODIFIER-HIGH",
        "word": "VERY",
        "roles": {
          "FIGURE": "#V1677754",
          "LEX": "VERY",
          "WNSENSE": "very%4:02:00::"
        },
        "start": 23,
        "end": 28
      },
      "V1677770": {
        "id": "V1677770",
        "indicator": "F",
        "type": "COST-RELATION",
        "word": "FOR",
        "roles": {
          "GROUND": "#V1677913",
          "FIGURE": "#V1677757",
          "LEX": "FOR"
        },
        "start": 45,
        "end": 54
      },
      "V1677913": {
        "id": "V1677913",
        "indicator": "INDEF-SET",
        "type": "REFERENTIAL-SEM",
        "word": null,
        "roles": {
          "SIZE": "SOME",
          "LEX": "SOME"
        },
        "start": 49,
        "end": 54
      },
      "V1677799": {
        "id": "V1677799",
        "indicator": "F",
        "type": "IN-LOC",
        "word": "IN",
        "roles": {
          "GROUND": "#V1677874",
          "FIGURE": "#V1677757",
          "LEX": "IN"
        },
        "start": 54,
        "end": 83
      },
      "V1677874": {
        "id": "V1677874",
        "indicator": "THE",
        "type": "ORGANIZATION",
        "word": "ENTERTAINMENT-INDUSTRY",
        "roles": {
          "LEX": "ENTERTAINMENT-INDUSTRY",
          "WNSENSE": "entertainment_industry%1:14:00"
        },
        "start": 57,
        "end": 83
      },
      "root": "#V1680271"
    },
    {
      "V1678280": {
        "id": "V1678280",
        "indicator": "SPEECHACT",
        "type": "SA_TELL",
        "word": null,
        "roles": {
          "CONTENT": "#V1677721",
          "MOD": "#V1677684",
          "LEX": "WAS"
        },
        "start": 1,
        "end": 18
      },
      "V1677684": {
        "id": "V1677684",
        "indicator": "F",
        "type": "CONJUNCT",
        "word": "AND",
        "roles": {
          "FIGURE": "#V1678280",
          "LEX": "AND"
        },
        "start": 1,
        "end": 5
      },
      "V1677721": {
        "id": "V1677721",
        "indicator": "F",
        "type": "HAVE-PROPERTY",
        "word": "BE",
        "roles": {
          "NEUTRAL": "#V1677942",
          "FORMAL": "#V1677736",
          "TENSE": "PAST",
          "LEX": "WAS",
          "WNSENSE": "be%2:42:03::"
        },
        "start": 5,
        "end": 18
      },
      "V1677942": {
        "id": "V1677942",
        "indicator": "THE",
        "type": "QUANTITY-ABSTR",
        "word": null,
        "roles": {
          "FIGURE": "#V1677705"
        },
        "start": 5,
        "end": 7
      },
      "V1677705": {
        "id": "V1677705",
        "indicator": "PRO",
        "type": "PERSON",
        "word": "I",
        "roles": {
          "PROFORM": "I",
          "LEX": "I",
          "WNSENSE": "person%1:03:00"
        },
        "start": 5,
        "end": 7
      },
      "V1677736": {
        "id": "V1677736",
        "indicator": "F",
        "type": "INCORRECT",
        "word": "WRONG",
        "roles": {
          "ORIENTATION": "NEG",
          "FIGURE": "#V1677942",
          "SCALE": "CORRECTNESS-SCALE",
          "LEX": "WRONG",
          "WNSENSE": "wrong%3:00:04::"
        },
        "start": 11,
        "end": 18
      },
      "root": "#V1678280"
    },
    {
      "V1680269": {
        "id": "V1680269",
        "indicator": "SPEECHACT",
        "type": "SA_IDENTIFY",
        "word": null,
        "roles": {
          "CONTENT": "#V1677757",
          "LEX": "LYRICS"
        },
        "start": 18,
        "end": 83
      },
      "V1677757": {
        "id": "V1677757",
        "indicator": "INDEF-SET",
        "type": "LYRIC",
        "word": "LYRIC",
        "roles": {
          "LOCATION": "#V1677799",
          "MOD": [
            "#V1677770",
            "#V1677743",
            "#V1677754"
          ],
          "LEX": "LYRICS",
          "WNSENSE": "lyric%1:10:01::"
        },
        "start": 18,
        "end": 83
      },
      "V1677743": {
        "id": "V1677743",
        "indicator": "F",
        "type": "EXEMPLIFIES",
        "word": "SUCH",
        "roles": {
          "FIGURE": "#V1677757",
          "SCALE": "SIMILARITY-SCALE",
          "LEX": "SUCH"
        },
        "start": 18,
        "end": 23
      },
      "V1677754": {
        "id": "V1677754",
        "indicator": "F",
        "type": "PRIMARY",
        "word": "IMPORTANT",
        "roles": {
          "FIGURE": "#V1677757",
          "SCALE": "IMPORTANT-SCALE",
          "DEGREE": "#V1677751",
          "LEX": "IMPORTANT"
        },
        "start": 23,
        "end": 38
      },
      "V1677751": {
        "id": "V1677751",
        "indicator": "F",
        "type": "DEGREE-MODIFIER-HIGH",
        "word": "VERY",
        "roles": {
          "FIGURE": "#V1677754",
          "LEX": "VERY",
          "WNSENSE": "very%4:02:00::"
        },
        "start": 23,
        "end": 28
      },
      "V1677770": {
        "id": "V1677770",
        "indicator": "F",
        "type": "COST-RELATION",
        "word": "FOR",
        "roles": {
          "GROUND": "#V1677915",
          "FIGURE": "#V1677757",
          "LEX": "FOR"
        },
        "start": 45,
        "end": 54
      },
      "V1677915": {
        "id": "V1677915",
        "indicator": "A",
        "type": "REFERENTIAL-SEM",
        "word": null,
        "roles": {
          "QUAN": "INDEFINITE",
          "LEX": "SOME"
        },
        "start": 49,
        "end": 54
      },
      "V1677799": {
        "id": "V1677799",
        "indicator": "F",
        "type": "IN-LOC",
        "word": "IN",
        "roles": {
          "GROUND": "#V1677874",
          "FIGURE": "#V1677757",
          "LEX": "IN"
        },
        "start": 54,
        "end": 83
      },
      "V1677874": {
        "id": "V1677874",
        "indicator": "THE",
        "type": "ORGANIZATION",
        "word": "ENTERTAINMENT-INDUSTRY",
        "roles": {
          "LEX": "ENTERTAINMENT-INDUSTRY",
          "WNSENSE": "entertainment_industry%1:14:00"
        },
        "start": 57,
        "end": 83
      },
      "root": "#V1680269"
    },
    {
      "V1678283": {
        "id": "V1678283",
        "indicator": "SPEECHACT",
        "type": "SA_TELL",
        "word": null,
        "roles": {
          "CONTENT": "#V1677721",
          "MOD": "#V1677684",
          "LEX": "WAS"
        },
        "start": 1,
        "end": 18
      },
      "V1677684": {
        "id": "V1677684",
        "indicator": "F",
        "type": "CONJUNCT",
        "word": "AND",
        "roles": {
          "FIGURE": "#V1678283",
          "LEX": "AND"
        },
        "start": 1,
        "end": 5
      },
      "V1677721": {
        "id": "V1677721",
        "indicator": "F",
        "type": "HAVE-PROPERTY",
        "word": "BE",
        "roles": {
          "NEUTRAL": "#V1677942",
          "FORMAL": "#V1677735",
          "TENSE": "PAST",
          "LEX": "WAS",
          "WNSENSE": "be%2:42:03::"
        },
        "start": 5,
        "end": 18
      },
      "V1677942": {
        "id": "V1677942",
        "indicator": "THE",
        "type": "QUANTITY-ABSTR",
        "word": null,
        "roles": {
          "FIGURE": "#V1677705"
        },
        "start": 5,
        "end": 7
      },
      "V1677705": {
        "id": "V1677705",
        "indicator": "PRO",
        "type": "PERSON",
        "word": "I",
        "roles": {
          "PROFORM": "I",
          "LEX": "I",
          "WNSENSE": "person%1:03:00"
        },
        "start": 5,
        "end": 7
      },
      "V1677735": {
        "id": "V1677735",
        "indicator": "F",
        "type": "INCORRECT",
        "word": "WRONG",
        "roles": {
          "ORIENTATION": "NEG",
          "FIGURE": "#V1677942",
          "SCALE": "CORRECTNESS-SCALE",
          "LEX": "WRONG",
          "WNSENSE": "wrong%3:00:04::"
        },
        "start": 11,
        "end": 18
      },
      "root": "#V1678283"
    },
    {
      "V1680284": {
        "id": "V1680284",
        "indicator": "SPEECHACT",
        "type": "SA_IDENTIFY",
        "word": null,
        "roles": {
          "CONTENT": "#V1677757",
          "LEX": "LYRICS"
        },
        "start": 18,
        "end": 83
      },
      "V1677757": {
        "id": "V1677757",
        "indicator": "INDEF-SET",
        "type": "LYRIC",
        "word": "LYRIC",
        "roles": {
          "LOCATION": "#V1677799",
          "MOD": [
            "#V1677770",
            "#V1677743",
            "#V1677754"
          ],
          "LEX": "LYRICS",
          "WNSENSE": "lyric%1:10:01::"
        },
        "start": 18,
        "end": 83
      },
      "V1677743": {
        "id": "V1677743",
        "indicator": "F",
        "type": "EXEMPLIFIES",
        "word": "SUCH",
        "roles": {
          "FIGURE": "#V1677757",
          "SCALE": "SIMILARITY-SCALE",
          "LEX": "SUCH"
        },
        "start": 18,
        "end": 23
      },
      "V1677754": {
        "id": "V1677754",
        "indicator": "F",
        "type": "PRIMARY",
        "word": "IMPORTANT",
        "roles": {
          "FIGURE": "#V1677757",
          "SCALE": "IMPORTANT-SCALE",
          "DEGREE": "#V1677751",
          "LEX": "IMPORTANT"
        },
        "start": 23,
        "end": 38
      },
      "V1677751": {
        "id": "V1677751",
        "indicator": "F",
        "type": "DEGREE-MODIFIER-HIGH",
        "word": "VERY",
        "roles": {
          "FIGURE": "#V1677754",
          "LEX": "VERY",
          "WNSENSE": "very%4:02:00::"
        },
        "start": 23,
        "end": 28
      },
      "V1677770": {
        "id": "V1677770",
        "indicator": "F",
        "type": "COST-RELATION",
        "word": "FOR",
        "roles": {
          "GROUND": "#V1677913",
          "FIGURE": "#V1677757",
          "LEX": "FOR"
        },
        "start": 45,
        "end": 54
      },
      "V1677913": {
        "id": "V1677913",
        "indicator": "INDEF-SET",
        "type": "REFERENTIAL-SEM",
        "word": null,
        "roles": {
          "SIZE": "SOME",
          "LEX": "SOME"
        },
        "start": 49,
        "end": 54
      },
      "V1677799": {
        "id": "V1677799",
        "indicator": "F",
        "type": "IN-LOC",
        "word": "IN",
        "roles": {
          "GROUND": "#V1678000",
          "FIGURE": "#V1677757",
          "LEX": "IN"
        },
        "start": 54,
        "end": 83
      },
      "V1678000": {
        "id": "V1678000",
        "indicator": "THE",
        "type": "QUANTITY-ABSTR",
        "word": null,
        "roles": {
          "FIGURE": "#V1677874"
        },
        "start": 57,
        "end": 83
      },
      "V1677874": {
        "id": "V1677874",
        "indicator": "THE",
        "type": "ORGANIZATION",
        "word": "ENTERTAINMENT-INDUSTRY",
        "roles": {
          "LEX": "ENTERTAINMENT-INDUSTRY",
          "WNSENSE": "entertainment_industry%1:14:00"
        },
        "start": 57,
        "end": 83
      },
      "root": "#V1680284"
    },
    {
      "V1678283": {
        "id": "V1678283",
        "indicator": "SPEECHACT",
        "type": "SA_TELL",
        "word": null,
        "roles": {
          "CONTENT": "#V1677721",
          "MOD": "#V1677684",
          "LEX": "WAS"
        },
        "start": 1,
        "end": 18
      },
      "V1677684": {
        "id": "V1677684",
        "indicator": "F",
        "type": "CONJUNCT",
        "word": "AND",
        "roles": {
          "FIGURE": "#V1678283",
          "LEX": "AND"
        },
        "start": 1,
        "end": 5
      },
      "V1677721": {
        "id": "V1677721",
        "indicator": "F",
        "type": "HAVE-PROPERTY",
        "word": "BE",
        "roles": {
          "NEUTRAL": "#V1677942",
          "FORMAL": "#V1677735",
          "TENSE": "PAST",
          "LEX": "WAS",
          "WNSENSE": "be%2:42:03::"
        },
        "start": 5,
        "end": 18
      },
      "V1677942": {
        "id": "V1677942",
        "indicator": "THE",
        "type": "QUANTITY-ABSTR",
        "word": null,
        "roles": {
          "FIGURE": "#V1677705"
        },
        "start": 5,
        "end": 7
      },
      "V1677705": {
        "id": "V1677705",
        "indicator": "PRO",
        "type": "PERSON",
        "word": "I",
        "roles": {
          "PROFORM": "I",
          "LEX": "I",
          "WNSENSE": "person%1:03:00"
        },
        "start": 5,
        "end": 7
      },
      "V1677735": {
        "id": "V1677735",
        "indicator": "F",
        "type": "INCORRECT",
        "word": "WRONG",
        "roles": {
          "ORIENTATION": "NEG",
          "FIGURE": "#V1677942",
          "SCALE": "CORRECTNESS-SCALE",
          "LEX": "WRONG",
          "WNSENSE": "wrong%3:00:04::"
        },
        "start": 11,
        "end": 18
      },
      "root": "#V1678283"
    },
    {
      "V1680282": {
        "id": "V1680282",
        "indicator": "SPEECHACT",
        "type": "SA_IDENTIFY",
        "word": null,
        "roles": {
          "CONTENT": "#V1677757",
          "LEX": "LYRICS"
        },
        "start": 18,
        "end": 83
      },
      "V1677757": {
        "id": "V1677757",
        "indicator": "INDEF-SET",
        "type": "LYRIC",
        "word": "LYRIC",
        "roles": {
          "LOCATION": "#V1677799",
          "MOD": [
            "#V1677770",
            "#V1677743",
            "#V1677754"
          ],
          "LEX": "LYRICS",
          "WNSENSE": "lyric%1:10:01::"
        },
        "start": 18,
        "end": 83
      },
      "V1677743": {
        "id": "V1677743",
        "indicator": "F",
        "type": "EXEMPLIFIES",
        "word": "SUCH",
        "roles": {
          "FIGURE": "#V1677757",
          "SCALE": "SIMILARITY-SCALE",
          "LEX": "SUCH"
        },
        "start": 18,
        "end": 23
      },
      "V1677754": {
        "id": "V1677754",
        "indicator": "F",
        "type": "PRIMARY",
        "word": "IMPORTANT",
        "roles": {
          "FIGURE": "#V1677757",
          "SCALE": "IMPORTANT-SCALE",
          "DEGREE": "#V1677751",
          "LEX": "IMPORTANT"
        },
        "start": 23,
        "end": 38
      },
      "V1677751": {
        "id": "V1677751",
        "indicator": "F",
        "type": "DEGREE-MODIFIER-HIGH",
        "word": "VERY",
        "roles": {
          "FIGURE": "#V1677754",
          "LEX": "VERY",
          "WNSENSE": "very%4:02:00::"
        },
        "start": 23,
        "end": 28
      },
      "V1677770": {
        "id": "V1677770",
        "indicator": "F",
        "type": "COST-RELATION",
        "word": "FOR",
        "roles": {
          "GROUND": "#V1677915",
          "FIGURE": "#V1677757",
          "LEX": "FOR"
        },
        "start": 45,
        "end": 54
      },
      "V1677915": {
        "id": "V1677915",
        "indicator": "A",
        "type": "REFERENTIAL-SEM",
        "word": null,
        "roles": {
          "QUAN": "INDEFINITE",
          "LEX": "SOME"
        },
        "start": 49,
        "end": 54
      },
      "V1677799": {
        "id": "V1677799",
        "indicator": "F",
        "type": "IN-LOC",
        "word": "IN",
        "roles": {
          "GROUND": "#V1678000",
          "FIGURE": "#V1677757",
          "LEX": "IN"
        },
        "start": 54,
        "end": 83
      },
      "V1678000": {
        "id": "V1678000",
        "indicator": "THE",
        "type": "QUANTITY-ABSTR",
        "word": null,
        "roles": {
          "FIGURE": "#V1677874"
        },
        "start": 57,
        "end": 83
      },
      "V1677874": {
        "id": "V1677874",
        "indicator": "THE",
        "type": "ORGANIZATION",
        "word": "ENTERTAINMENT-INDUSTRY",
        "roles": {
          "LEX": "ENTERTAINMENT-INDUSTRY",
          "WNSENSE": "entertainment_industry%1:14:00"
        },
        "start": 57,
        "end": 83
      },
      "root": "#V1680282"
    },
    {
      "V1678280": {
        "id": "V1678280",
        "indicator": "SPEECHACT",
        "type": "SA_TELL",
        "word": null,
        "roles": {
          "CONTENT": "#V1677721",
          "MOD": "#V1677684",
          "LEX": "WAS"
        },
        "start": 1,
        "end": 18
      },
      "V1677684": {
        "id": "V1677684",
        "indicator": "F",
        "type": "CONJUNCT",
        "word": "AND",
        "roles": {
          "FIGURE": "#V1678280",
          "LEX": "AND"
        },
        "start": 1,
        "end": 5
      },
      "V1677721": {
        "id": "V1677721",
        "indicator": "F",
        "type": "HAVE-PROPERTY",
        "word": "BE",
        "roles": {
          "NEUTRAL": "#V1677942",
          "FORMAL": "#V1677736",
          "TENSE": "PAST",
          "LEX": "WAS",
          "WNSENSE": "be%2:42:03::"
        },
        "start": 5,
        "end": 18
      },
      "V1677942": {
        "id": "V1677942",
        "indicator": "THE",
        "type": "QUANTITY-ABSTR",
        "word": null,
        "roles": {
          "FIGURE": "#V1677705"
        },
        "start": 5,
        "end": 7
      },
      "V1677705": {
        "id": "V1677705",
        "indicator": "PRO",
        "type": "PERSON",
        "word": "I",
        "roles": {
          "PROFORM": "I",
          "LEX": "I",
          "WNSENSE": "person%1:03:00"
        },
        "start": 5,
        "end": 7
      },
      "V1677736": {
        "id": "V1677736",
        "indicator": "F",
        "type": "INCORRECT",
        "word": "WRONG",
        "roles": {
          "ORIENTATION": "NEG",
          "FIGURE": "#V1677942",
          "SCALE": "CORRECTNESS-SCALE",
          "LEX": "WRONG",
          "WNSENSE": "wrong%3:00:04::"
        },
        "start": 11,
        "end": 18
      },
      "root": "#V1678280"
    },
    {
      "V1680284": {
        "id": "V1680284",
        "indicator": "SPEECHACT",
        "type": "SA_IDENTIFY",
        "word": null,
        "roles": {
          "CONTENT": "#V1677757",
          "LEX": "LYRICS"
        },
        "start": 18,
        "end": 83
      },
      "V1677757": {
        "id": "V1677757",
        "indicator": "INDEF-SET",
        "type": "LYRIC",
        "word": "LYRIC",
        "roles": {
          "LOCATION": "#V1677799",
          "MOD": [
            "#V1677770",
            "#V1677743",
            "#V1677754"
          ],
          "LEX": "LYRICS",
          "WNSENSE": "lyric%1:10:01::"
        },
        "start": 18,
        "end": 83
      },
      "V1677743": {
        "id": "V1677743",
        "indicator": "F",
        "type": "EXEMPLIFIES",
        "word": "SUCH",
        "roles": {
          "FIGURE": "#V1677757",
          "SCALE": "SIMILARITY-SCALE",
          "LEX": "SUCH"
        },
        "start": 18,
        "end": 23
      },
      "V1677754": {
        "id": "V1677754",
        "indicator": "F",
        "type": "PRIMARY",
        "word": "IMPORTANT",
        "roles": {
          "FIGURE": "#V1677757",
          "SCALE": "IMPORTANT-SCALE",
          "DEGREE": "#V1677751",
          "LEX": "IMPORTANT"
        },
        "start": 23,
        "end": 38
      },
      "V1677751": {
        "id": "V1677751",
        "indicator": "F",
        "type": "DEGREE-MODIFIER-HIGH",
        "word": "VERY",
        "roles": {
          "FIGURE": "#V1677754",
          "LEX": "VERY",
          "WNSENSE": "very%4:02:00::"
        },
        "start": 23,
        "end": 28
      },
      "V1677770": {
        "id": "V1677770",
        "indicator": "F",
        "type": "COST-RELATION",
        "word": "FOR",
        "roles": {
          "GROUND": "#V1677913",
          "FIGURE": "#V1677757",
          "LEX": "FOR"
        },
        "start": 45,
        "end": 54
      },
      "V1677913": {
        "id": "V1677913",
        "indicator": "INDEF-SET",
        "type": "REFERENTIAL-SEM",
        "word": null,
        "roles": {
          "SIZE": "SOME",
          "LEX": "SOME"
        },
        "start": 49,
        "end": 54
      },
      "V1677799": {
        "id": "V1677799",
        "indicator": "F",
        "type": "IN-LOC",
        "word": "IN",
        "roles": {
          "GROUND": "#V1678000",
          "FIGURE": "#V1677757",
          "LEX": "IN"
        },
        "start": 54,
        "end": 83
      },
      "V1678000": {
        "id": "V1678000",
        "indicator": "THE",
        "type": "QUANTITY-ABSTR",
        "word": null,
        "roles": {
          "FIGURE": "#V1677874"
        },
        "start": 57,
        "end": 83
      },
      "V1677874": {
        "id": "V1677874",
        "indicator": "THE",
        "type": "ORGANIZATION",
        "word": "ENTERTAINMENT-INDUSTRY",
        "roles": {
          "LEX": "ENTERTAINMENT-INDUSTRY",
          "WNSENSE": "entertainment_industry%1:14:00"
        },
        "start": 57,
        "end": 83
      },
      "root": "#V1680284"
    },
    {
      "V1678280": {
        "id": "V1678280",
        "indicator": "SPEECHACT",
        "type": "SA_TELL",
        "word": null,
        "roles": {
          "CONTENT": "#V1677721",
          "MOD": "#V1677684",
          "LEX": "WAS"
        },
        "start": 1,
        "end": 18
      },
      "V1677684": {
        "id": "V1677684",
        "indicator": "F",
        "type": "CONJUNCT",
        "word": "AND",
        "roles": {
          "FIGURE": "#V1678280",
          "LEX": "AND"
        },
        "start": 1,
        "end": 5
      },
      "V1677721": {
        "id": "V1677721",
        "indicator": "F",
        "type": "HAVE-PROPERTY",
        "word": "BE",
        "roles": {
          "NEUTRAL": "#V1677942",
          "FORMAL": "#V1677736",
          "TENSE": "PAST",
          "LEX": "WAS",
          "WNSENSE": "be%2:42:03::"
        },
        "start": 5,
        "end": 18
      },
      "V1677942": {
        "id": "V1677942",
        "indicator": "THE",
        "type": "QUANTITY-ABSTR",
        "word": null,
        "roles": {
          "FIGURE": "#V1677705"
        },
        "start": 5,
        "end": 7
      },
      "V1677705": {
        "id": "V1677705",
        "indicator": "PRO",
        "type": "PERSON",
        "word": "I",
        "roles": {
          "PROFORM": "I",
          "LEX": "I",
          "WNSENSE": "person%1:03:00"
        },
        "start": 5,
        "end": 7
      },
      "V1677736": {
        "id": "V1677736",
        "indicator": "F",
        "type": "INCORRECT",
        "word": "WRONG",
        "roles": {
          "ORIENTATION": "NEG",
          "FIGURE": "#V1677942",
          "SCALE": "CORRECTNESS-SCALE",
          "LEX": "WRONG",
          "WNSENSE": "wrong%3:00:04::"
        },
        "start": 11,
        "end": 18
      },
      "root": "#V1678280"
    },
    {
      "V1680282": {
        "id": "V1680282",
        "indicator": "SPEECHACT",
        "type": "SA_IDENTIFY",
        "word": null,
        "roles": {
          "CONTENT": "#V1677757",
          "LEX": "LYRICS"
        },
        "start": 18,
        "end": 83
      },
      "V1677757": {
        "id": "V1677757",
        "indicator": "INDEF-SET",
        "type": "LYRIC",
        "word": "LYRIC",
        "roles": {
          "LOCATION": "#V1677799",
          "MOD": [
            "#V1677770",
            "#V1677743",
            "#V1677754"
          ],
          "LEX": "LYRICS",
          "WNSENSE": "lyric%1:10:01::"
        },
        "start": 18,
        "end": 83
      },
      "V1677743": {
        "id": "V1677743",
        "indicator": "F",
        "type": "EXEMPLIFIES",
        "word": "SUCH",
        "roles": {
          "FIGURE": "#V1677757",
          "SCALE": "SIMILARITY-SCALE",
          "LEX": "SUCH"
        },
        "start": 18,
        "end": 23
      },
      "V1677754": {
        "id": "V1677754",
        "indicator": "F",
        "type": "PRIMARY",
        "word": "IMPORTANT",
        "roles": {
          "FIGURE": "#V1677757",
          "SCALE": "IMPORTANT-SCALE",
          "DEGREE": "#V1677751",
          "LEX": "IMPORTANT"
        },
        "start": 23,
        "end": 38
      },
      "V1677751": {
        "id": "V1677751",
        "indicator": "F",
        "type": "DEGREE-MODIFIER-HIGH",
        "word": "VERY",
        "roles": {
          "FIGURE": "#V1677754",
          "LEX": "VERY",
          "WNSENSE": "very%4:02:00::"
        },
        "start": 23,
        "end": 28
      },
      "V1677770": {
        "id": "V1677770",
        "indicator": "F",
        "type": "COST-RELATION",
        "word": "FOR",
        "roles": {
          "GROUND": "#V1677915",
          "FIGURE": "#V1677757",
          "LEX": "FOR"
        },
        "start": 45,
        "end": 54
      },
      "V1677915": {
        "id": "V1677915",
        "indicator": "A",
        "type": "REFERENTIAL-SEM",
        "word": null,
        "roles": {
          "QUAN": "INDEFINITE",
          "LEX": "SOME"
        },
        "start": 49,
        "end": 54
      },
      "V1677799": {
        "id": "V1677799",
        "indicator": "F",
        "type": "IN-LOC",
        "word": "IN",
        "roles": {
          "GROUND": "#V1678000",
          "FIGURE": "#V1677757",
          "LEX": "IN"
        },
        "start": 54,
        "end": 83
      },
      "V1678000": {
        "id": "V1678000",
        "indicator": "THE",
        "type": "QUANTITY-ABSTR",
        "word": null,
        "roles": {
          "FIGURE": "#V1677874"
        },
        "start": 57,
        "end": 83
      },
      "V1677874": {
        "id": "V1677874",
        "indicator": "THE",
        "type": "ORGANIZATION",
        "word": "ENTERTAINMENT-INDUSTRY",
        "roles": {
          "LEX": "ENTERTAINMENT-INDUSTRY",
          "WNSENSE": "entertainment_industry%1:14:00"
        },
        "start": 57,
        "end": 83
      },
      "root": "#V1680282"
    },
    {
      "V1678350": {
        "id": "V1678350",
        "indicator": "SPEECHACT",
        "type": "SA_TELL",
        "word": null,
        "roles": {
          "CONTENT": "#V1677721",
          "MOD": "#V1677684",
          "LEX": "WAS"
        },
        "start": 1,
        "end": 18
      },
      "V1677684": {
        "id": "V1677684",
        "indicator": "F",
        "type": "CONJUNCT",
        "word": "AND",
        "roles": {
          "FIGURE": "#V1678350",
          "LEX": "AND"
        },
        "start": 1,
        "end": 5
      },
      "V1677721": {
        "id": "V1677721",
        "indicator": "F",
        "type": "HAVE-PROPERTY",
        "word": "BE",
        "roles": {
          "NEUTRAL": "#V1677705",
          "FORMAL": "#V1677736",
          "TENSE": "PAST",
          "LEX": "WAS",
          "WNSENSE": "be%2:42:03::"
        },
        "start": 5,
        "end": 18
      },
      "V1677705": {
        "id": "V1677705",
        "indicator": "PRO",
        "type": "PERSON",
        "word": "I",
        "roles": {
          "PROFORM": "I",
          "LEX": "I",
          "WNSENSE": "person%1:03:00"
        },
        "start": 5,
        "end": 7
      },
      "V1677736": {
        "id": "V1677736",
        "indicator": "F",
        "type": "INCORRECT",
        "word": "WRONG",
        "roles": {
          "ORIENTATION": "NEG",
          "FIGURE": "#V1677705",
          "SCALE": "CORRECTNESS-SCALE",
          "LEX": "WRONG",
          "WNSENSE": "wrong%3:00:04::"
        },
        "start": 11,
        "end": 18
      },
      "root": "#V1678350"
    },
    {
      "V1680271": {
        "id": "V1680271",
        "indicator": "SPEECHACT",
        "type": "SA_IDENTIFY",
        "word": null,
        "roles": {
          "CONTENT": "#V1677757",
          "LEX": "LYRICS"
        },
        "start": 18,
        "end": 83
      },
      "V1677757": {
        "id": "V1677757",
        "indicator": "INDEF-SET",
        "type": "LYRIC",
        "word": "LYRIC",
        "roles": {
          "LOCATION": "#V1677799",
          "MOD": [
            "#V1677770",
            "#V1677743",
            "#V1677754"
          ],
          "LEX": "LYRICS",
          "WNSENSE": "lyric%1:10:01::"
        },
        "start": 18,
        "end": 83
      },
      "V1677743": {
        "id": "V1677743",
        "indicator": "F",
        "type": "EXEMPLIFIES",
        "word": "SUCH",
        "roles": {
          "FIGURE": "#V1677757",
          "SCALE": "SIMILARITY-SCALE",
          "LEX": "SUCH"
        },
        "start": 18,
        "end": 23
      },
      "V1677754": {
        "id": "V1677754",
        "indicator": "F",
        "type": "PRIMARY",
        "word": "IMPORTANT",
        "roles": {
          "FIGURE": "#V1677757",
          "SCALE": "IMPORTANT-SCALE",
          "DEGREE": "#V1677751",
          "LEX": "IMPORTANT"
        },
        "start": 23,
        "end": 38
      },
      "V1677751": {
        "id": "V1677751",
        "indicator": "F",
        "type": "DEGREE-MODIFIER-HIGH",
        "word": "VERY",
        "roles": {
          "FIGURE": "#V1677754",
          "LEX": "VERY",
          "WNSENSE": "very%4:02:00::"
        },
        "start": 23,
        "end": 28
      },
      "V1677770": {
        "id": "V1677770",
        "indicator": "F",
        "type": "COST-RELATION",
        "word": "FOR",
        "roles": {
          "GROUND": "#V1677913",
          "FIGURE": "#V1677757",
          "LEX": "FOR"
        },
        "start": 45,
        "end": 54
      },
      "V1677913": {
        "id": "V1677913",
        "indicator": "INDEF-SET",
        "type": "REFERENTIAL-SEM",
        "word": null,
        "roles": {
          "SIZE": "SOME",
          "LEX": "SOME"
        },
        "start": 49,
        "end": 54
      },
      "V1677799": {
        "id": "V1677799",
        "indicator": "F",
        "type": "IN-LOC",
        "word": "IN",
        "roles": {
          "GROUND": "#V1677874",
          "FIGURE": "#V1677757",
          "LEX": "IN"
        },
        "start": 54,
        "end": 83
      },
      "V1677874": {
        "id": "V1677874",
        "indicator": "THE",
        "type": "ORGANIZATION",
        "word": "ENTERTAINMENT-INDUSTRY",
        "roles": {
          "LEX": "ENTERTAINMENT-INDUSTRY",
          "WNSENSE": "entertainment_industry%1:14:00"
        },
        "start": 57,
        "end": 83
      },
      "root": "#V1680271"
    },
    {
      "V1678350": {
        "id": "V1678350",
        "indicator": "SPEECHACT",
        "type": "SA_TELL",
        "word": null,
        "roles": {
          "CONTENT": "#V1677721",
          "MOD": "#V1677684",
          "LEX": "WAS"
        },
        "start": 1,
        "end": 18
      },
      "V1677684": {
        "id": "V1677684",
        "indicator": "F",
        "type": "CONJUNCT",
        "word": "AND",
        "roles": {
          "FIGURE": "#V1678350",
          "LEX": "AND"
        },
        "start": 1,
        "end": 5
      },
      "V1677721": {
        "id": "V1677721",
        "indicator": "F",
        "type": "HAVE-PROPERTY",
        "word": "BE",
        "roles": {
          "NEUTRAL": "#V1677705",
          "FORMAL": "#V1677736",
          "TENSE": "PAST",
          "LEX": "WAS",
          "WNSENSE": "be%2:42:03::"
        },
        "start": 5,
        "end": 18
      },
      "V1677705": {
        "id": "V1677705",
        "indicator": "PRO",
        "type": "PERSON",
        "word": "I",
        "roles": {
          "PROFORM": "I",
          "LEX": "I",
          "WNSENSE": "person%1:03:00"
        },
        "start": 5,
        "end": 7
      },
      "V1677736": {
        "id": "V1677736",
        "indicator": "F",
        "type": "INCORRECT",
        "word": "WRONG",
        "roles": {
          "ORIENTATION": "NEG",
          "FIGURE": "#V1677705",
          "SCALE": "CORRECTNESS-SCALE",
          "LEX": "WRONG",
          "WNSENSE": "wrong%3:00:04::"
        },
        "start": 11,
        "end": 18
      },
      "root": "#V1678350"
    },
    {
      "V1680269": {
        "id": "V1680269",
        "indicator": "SPEECHACT",
        "type": "SA_IDENTIFY",
        "word": null,
        "roles": {
          "CONTENT": "#V1677757",
          "LEX": "LYRICS"
        },
        "start": 18,
        "end": 83
      },
      "V1677757": {
        "id": "V1677757",
        "indicator": "INDEF-SET",
        "type": "LYRIC",
        "word": "LYRIC",
        "roles": {
          "LOCATION": "#V1677799",
          "MOD": [
            "#V1677770",
            "#V1677743",
            "#V1677754"
          ],
          "LEX": "LYRICS",
          "WNSENSE": "lyric%1:10:01::"
        },
        "start": 18,
        "end": 83
      },
      "V1677743": {
        "id": "V1677743",
        "indicator": "F",
        "type": "EXEMPLIFIES",
        "word": "SUCH",
        "roles": {
          "FIGURE": "#V1677757",
          "SCALE": "SIMILARITY-SCALE",
          "LEX": "SUCH"
        },
        "start": 18,
        "end": 23
      },
      "V1677754": {
        "id": "V1677754",
        "indicator": "F",
        "type": "PRIMARY",
        "word": "IMPORTANT",
        "roles": {
          "FIGURE": "#V1677757",
          "SCALE": "IMPORTANT-SCALE",
          "DEGREE": "#V1677751",
          "LEX": "IMPORTANT"
        },
        "start": 23,
        "end": 38
      },
      "V1677751": {
        "id": "V1677751",
        "indicator": "F",
        "type": "DEGREE-MODIFIER-HIGH",
        "word": "VERY",
        "roles": {
          "FIGURE": "#V1677754",
          "LEX": "VERY",
          "WNSENSE": "very%4:02:00::"
        },
        "start": 23,
        "end": 28
      },
      "V1677770": {
        "id": "V1677770",
        "indicator": "F",
        "type": "COST-RELATION",
        "word": "FOR",
        "roles": {
          "GROUND": "#V1677915",
          "FIGURE": "#V1677757",
          "LEX": "FOR"
        },
        "start": 45,
        "end": 54
      },
      "V1677915": {
        "id": "V1677915",
        "indicator": "A",
        "type": "REFERENTIAL-SEM",
        "word": null,
        "roles": {
          "QUAN": "INDEFINITE",
          "LEX": "SOME"
        },
        "start": 49,
        "end": 54
      },
      "V1677799": {
        "id": "V1677799",
        "indicator": "F",
        "type": "IN-LOC",
        "word": "IN",
        "roles": {
          "GROUND": "#V1677874",
          "FIGURE": "#V1677757",
          "LEX": "IN"
        },
        "start": 54,
        "end": 83
      },
      "V1677874": {
        "id": "V1677874",
        "indicator": "THE",
        "type": "ORGANIZATION",
        "word": "ENTERTAINMENT-INDUSTRY",
        "roles": {
          "LEX": "ENTERTAINMENT-INDUSTRY",
          "WNSENSE": "entertainment_industry%1:14:00"
        },
        "start": 57,
        "end": 83
      },
      "root": "#V1680269"
    },
    {
      "V1678350": {
        "id": "V1678350",
        "indicator": "SPEECHACT",
        "type": "SA_TELL",
        "word": null,
        "roles": {
          "CONTENT": "#V1677721",
          "MOD": "#V1677684",
          "LEX": "WAS"
        },
        "start": 1,
        "end": 18
      },
      "V1677684": {
        "id": "V1677684",
        "indicator": "F",
        "type": "CONJUNCT",
        "word": "AND",
        "roles": {
          "FIGURE": "#V1678350",
          "LEX": "AND"
        },
        "start": 1,
        "end": 5
      },
      "V1677721": {
        "id": "V1677721",
        "indicator": "F",
        "type": "HAVE-PROPERTY",
        "word": "BE",
        "roles": {
          "NEUTRAL": "#V1677705",
          "FORMAL": "#V1677736",
          "TENSE": "PAST",
          "LEX": "WAS",
          "WNSENSE": "be%2:42:03::"
        },
        "start": 5,
        "end": 18
      },
      "V1677705": {
        "id": "V1677705",
        "indicator": "PRO",
        "type": "PERSON",
        "word": "I",
        "roles": {
          "PROFORM": "I",
          "LEX": "I",
          "WNSENSE": "person%1:03:00"
        },
        "start": 5,
        "end": 7
      },
      "V1677736": {
        "id": "V1677736",
        "indicator": "F",
        "type": "INCORRECT",
        "word": "WRONG",
        "roles": {
          "ORIENTATION": "NEG",
          "FIGURE": "#V1677705",
          "SCALE": "CORRECTNESS-SCALE",
          "LEX": "WRONG",
          "WNSENSE": "wrong%3:00:04::"
        },
        "start": 11,
        "end": 18
      },
      "root": "#V1678350"
    },
    {
      "V1680284": {
        "id": "V1680284",
        "indicator": "SPEECHACT",
        "type": "SA_IDENTIFY",
        "word": null,
        "roles": {
          "CONTENT": "#V1677757",
          "LEX": "LYRICS"
        },
        "start": 18,
        "end": 83
      },
      "V1677757": {
        "id": "V1677757",
        "indicator": "INDEF-SET",
        "type": "LYRIC",
        "word": "LYRIC",
        "roles": {
          "LOCATION": "#V1677799",
          "MOD": [
            "#V1677770",
            "#V1677743",
            "#V1677754"
          ],
          "LEX": "LYRICS",
          "WNSENSE": "lyric%1:10:01::"
        },
        "start": 18,
        "end": 83
      },
      "V1677743": {
        "id": "V1677743",
        "indicator": "F",
        "type": "EXEMPLIFIES",
        "word": "SUCH",
        "roles": {
          "FIGURE": "#V1677757",
          "SCALE": "SIMILARITY-SCALE",
          "LEX": "SUCH"
        },
        "start": 18,
        "end": 23
      },
      "V1677754": {
        "id": "V1677754",
        "indicator": "F",
        "type": "PRIMARY",
        "word": "IMPORTANT",
        "roles": {
          "FIGURE": "#V1677757",
          "SCALE": "IMPORTANT-SCALE",
          "DEGREE": "#V1677751",
          "LEX": "IMPORTANT"
        },
        "start": 23,
        "end": 38
      },
      "V1677751": {
        "id": "V1677751",
        "indicator": "F",
        "type": "DEGREE-MODIFIER-HIGH",
        "word": "VERY",
        "roles": {
          "FIGURE": "#V1677754",
          "LEX": "VERY",
          "WNSENSE": "very%4:02:00::"
        },
        "start": 23,
        "end": 28
      },
      "V1677770": {
        "id": "V1677770",
        "indicator": "F",
        "type": "COST-RELATION",
        "word": "FOR",
        "roles": {
          "GROUND": "#V1677913",
          "FIGURE": "#V1677757",
          "LEX": "FOR"
        },
        "start": 45,
        "end": 54
      },
      "V1677913": {
        "id": "V1677913",
        "indicator": "INDEF-SET",
        "type": "REFERENTIAL-SEM",
        "word": null,
        "roles": {
          "SIZE": "SOME",
          "LEX": "SOME"
        },
        "start": 49,
        "end": 54
      },
      "V1677799": {
        "id": "V1677799",
        "indicator": "F",
        "type": "IN-LOC",
        "word": "IN",
        "roles": {
          "GROUND": "#V1678000",
          "FIGURE": "#V1677757",
          "LEX": "IN"
        },
        "start": 54,
        "end": 83
      },
      "V1678000": {
        "id": "V1678000",
        "indicator": "THE",
        "type": "QUANTITY-ABSTR",
        "word": null,
        "roles": {
          "FIGURE": "#V1677874"
        },
        "start": 57,
        "end": 83
      },
      "V1677874": {
        "id": "V1677874",
        "indicator": "THE",
        "type": "ORGANIZATION",
        "word": "ENTERTAINMENT-INDUSTRY",
        "roles": {
          "LEX": "ENTERTAINMENT-INDUSTRY",
          "WNSENSE": "entertainment_industry%1:14:00"
        },
        "start": 57,
        "end": 83
      },
      "root": "#V1680284"
    },
    {
      "V1678350": {
        "id": "V1678350",
        "indicator": "SPEECHACT",
        "type": "SA_TELL",
        "word": null,
        "roles": {
          "CONTENT": "#V1677721",
          "MOD": "#V1677684",
          "LEX": "WAS"
        },
        "start": 1,
        "end": 18
      },
      "V1677684": {
        "id": "V1677684",
        "indicator": "F",
        "type": "CONJUNCT",
        "word": "AND",
        "roles": {
          "FIGURE": "#V1678350",
          "LEX": "AND"
        },
        "start": 1,
        "end": 5
      },
      "V1677721": {
        "id": "V1677721",
        "indicator": "F",
        "type": "HAVE-PROPERTY",
        "word": "BE",
        "roles": {
          "NEUTRAL": "#V1677705",
          "FORMAL": "#V1677736",
          "TENSE": "PAST",
          "LEX": "WAS",
          "WNSENSE": "be%2:42:03::"
        },
        "start": 5,
        "end": 18
      },
      "V1677705": {
        "id": "V1677705",
        "indicator": "PRO",
        "type": "PERSON",
        "word": "I",
        "roles": {
          "PROFORM": "I",
          "LEX": "I",
          "WNSENSE": "person%1:03:00"
        },
        "start": 5,
        "end": 7
      },
      "V1677736": {
        "id": "V1677736",
        "indicator": "F",
        "type": "INCORRECT",
        "word": "WRONG",
        "roles": {
          "ORIENTATION": "NEG",
          "FIGURE": "#V1677705",
          "SCALE": "CORRECTNESS-SCALE",
          "LEX": "WRONG",
          "WNSENSE": "wrong%3:00:04::"
        },
        "start": 11,
        "end": 18
      },
      "root": "#V1678350"
    },
    {
      "V1680282": {
        "id": "V1680282",
        "indicator": "SPEECHACT",
        "type": "SA_IDENTIFY",
        "word": null,
        "roles": {
          "CONTENT": "#V1677757",
          "LEX": "LYRICS"
        },
        "start": 18,
        "end": 83
      },
      "V1677757": {
        "id": "V1677757",
        "indicator": "INDEF-SET",
        "type": "LYRIC",
        "word": "LYRIC",
        "roles": {
          "LOCATION": "#V1677799",
          "MOD": [
            "#V1677770",
            "#V1677743",
            "#V1677754"
          ],
          "LEX": "LYRICS",
          "WNSENSE": "lyric%1:10:01::"
        },
        "start": 18,
        "end": 83
      },
      "V1677743": {
        "id": "V1677743",
        "indicator": "F",
        "type": "EXEMPLIFIES",
        "word": "SUCH",
        "roles": {
          "FIGURE": "#V1677757",
          "SCALE": "SIMILARITY-SCALE",
          "LEX": "SUCH"
        },
        "start": 18,
        "end": 23
      },
      "V1677754": {
        "id": "V1677754",
        "indicator": "F",
        "type": "PRIMARY",
        "word": "IMPORTANT",
        "roles": {
          "FIGURE": "#V1677757",
          "SCALE": "IMPORTANT-SCALE",
          "DEGREE": "#V1677751",
          "LEX": "IMPORTANT"
        },
        "start": 23,
        "end": 38
      },
      "V1677751": {
        "id": "V1677751",
        "indicator": "F",
        "type": "DEGREE-MODIFIER-HIGH",
        "word": "VERY",
        "roles": {
          "FIGURE": "#V1677754",
          "LEX": "VERY",
          "WNSENSE": "very%4:02:00::"
        },
        "start": 23,
        "end": 28
      },
      "V1677770": {
        "id": "V1677770",
        "indicator": "F",
        "type": "COST-RELATION",
        "word": "FOR",
        "roles": {
          "GROUND": "#V1677915",
          "FIGURE": "#V1677757",
          "LEX": "FOR"
        },
        "start": 45,
        "end": 54
      },
      "V1677915": {
        "id": "V1677915",
        "indicator": "A",
        "type": "REFERENTIAL-SEM",
        "word": null,
        "roles": {
          "QUAN": "INDEFINITE",
          "LEX": "SOME"
        },
        "start": 49,
        "end": 54
      },
      "V1677799": {
        "id": "V1677799",
        "indicator": "F",
        "type": "IN-LOC",
        "word": "IN",
        "roles": {
          "GROUND": "#V1678000",
          "FIGURE": "#V1677757",
          "LEX": "IN"
        },
        "start": 54,
        "end": 83
      },
      "V1678000": {
        "id": "V1678000",
        "indicator": "THE",
        "type": "QUANTITY-ABSTR",
        "word": null,
        "roles": {
          "FIGURE": "#V1677874"
        },
        "start": 57,
        "end": 83
      },
      "V1677874": {
        "id": "V1677874",
        "indicator": "THE",
        "type": "ORGANIZATION",
        "word": "ENTERTAINMENT-INDUSTRY",
        "roles": {
          "LEX": "ENTERTAINMENT-INDUSTRY",
          "WNSENSE": "entertainment_industry%1:14:00"
        },
        "start": 57,
        "end": 83
      },
      "root": "#V1680282"
    }
  ],
  "inputtags": [],
  "debug": [
    "*last-utt-id*=NIL  utt-id+295",
    "*last-utt-id*=295  utt-id+295",
    "*last-utt-id*=295  utt-id+NIL"
  ]
}
