{
  "parse": [
    {
      "V424772": {
        "id": "V424772",
        "indicator": "SPEECHACT",
        "type": "SA_IDENTIFY",
        "word": null,
        "roles": {
          "CONTENT": "#V424741",
          "LEX": "ME"
        },
        "start": 0,
        "end": 3
      },
      "V424741": {
        "id": "V424741",
        "indicator": "PRO",
        "type": "PERSON",
        "word": "ME",
        "roles": {
          "PROFORM": "ME",
          "LEX": "ME",
          "WNSENSE": "person%1:03:00",
          "COREF": "USER"
        },
        "start": 0,
        "end": 3
      },
      "root": "#V424772"
    },
    {
      "V424766": {
        "id": "V424766",
        "indicator": "SPEECHACT",
        "type": "SA_PRED-FRAGMENT",
        "word": null,
        "roles": {
          "PUNCTYPE": "DECL",
          "CONTENT": "#V424746",
          "LEX": "TOO"
        },
        "start": 3,
        "end": 7
      },
      "V424746": {
        "id": "V424746",
        "indicator": "F",
        "type": "DEGREE-MODIFIER-HIGH",
        "word": "TOO",
        "roles": {
          "FIGURE": "#V424767",
          "LEX": "TOO",
          "WNSENSE": "too%4:02:00::"
        },
        "start": 3,
        "end": 7
      },
      "V424767": {
        "id": "V424767",
        "indicator": "IMPRO",
        "type": "ANY-SEM",
        "word": null,
        "roles": {},
        "start": 3,
        "end": 7
      },
      "root": "#V424766"
    },
    {
      "V424772": {
        "id": "V424772",
        "indicator": "SPEECHACT",
        "type": "SA_IDENTIFY",
        "word": null,
        "roles": {
          "CONTENT": "#V424741",
          "LEX": "ME"
        },
        "start": 0,
        "end": 3
      },
      "V424741": {
        "id": "V424741",
        "indicator": "PRO",
        "type": "PERSON",
        "word": "ME",
        "roles": {
          "PROFORM": "ME",
          "LEX": "ME",
          "WNSENSE": "person%1:03:00"
        },
        "start": 0,
        "end": 3
      },
      "root": "#V424772"
    },
    {
      "V424762": {
        "id": "V424762",
        "indicator": "SPEECHACT",
        "type": "SA_PRED-FRAGMENT",
        "word": null,
        "roles": {
          "PUNCTYPE": "DECL",
          "CONTENT": "#V424744",
          "LEX": "TOO"
        },
        "start": 3,
        "end": 8
      },
      "V424744": {
        "id": "V424744",
        "indicator": "F",
        "type": "ADDITIVE",
        "word": "TOO",
        "roles": {
          "FIGURE": "#V424763",
          "LEX": "TOO",
          "WNSENSE": "too%4:02:00::"
        },
        "start": 3,
        "end": 7
      },
      "V424763": {
        "id": "V424763",
        "indicator": "IMPRO",
        "type": "NIL",
        "word": null,
        "roles": {},
        "start": 3,
        "end": 7
      },
      "root": "#V424762"
    },
    {
      "V424779": {
        "id": "V424779",
        "indicator": "SPEECHACT",
        "type": "SA_IDENTIFY",
        "word": null,
        "roles": {
          "CONTENT": "#V424759",
          "LEX": "-"
        },
        "start": 0,
        "end": 3
      },
      "V424759": {
        "id": "V424759",
        "indicator": "THE",
        "type": "QUANTITY-ABSTR",
        "word": null,
        "roles": {
          "FIGURE": "#V424741"
        },
        "start": 0,
        "end": 3
      },
      "V424741": {
        "id": "V424741",
        "indicator": "PRO",
        "type": "PERSON",
        "word": "ME",
        "roles": {
          "PROFORM": "ME",
          "LEX": "ME",
          "WNSENSE": "person%1:03:00"
        },
        "start": 0,
        "end": 3
      },
      "root": "#V424779"
    },
    {
      "V424766": {
        "id": "V424766",
        "indicator": "SPEECHACT",
        "type": "SA_PRED-FRAGMENT",
        "word": null,
        "roles": {
          "PUNCTYPE": "DECL",
          "CONTENT": "#V424746",
          "LEX": "TOO"
        },
        "start": 3,
        "end": 8
      },
      "V424746": {
        "id": "V424746",
        "indicator": "F",
        "type": "DEGREE-MODIFIER-HIGH",
        "word": "TOO",
        "roles": {
          "FIGURE": "#V424767",
          "LEX": "TOO",
          "WNSENSE": "too%4:02:00::"
        },
        "start": 3,
        "end": 7
      },
      "V424767": {
        "id": "V424767",
        "indicator": "IMPRO",
        "type": "ANY-SEM",
        "word": null,
        "roles": {},
        "start": 3,
        "end": 7
      },
      "root": "#V424766"
    },
    {
      "V424779": {
        "id": "V424779",
        "indicator": "SPEECHACT",
        "type": "SA_IDENTIFY",
        "word": null,
        "roles": {
          "CONTENT": "#V424759",
          "LEX": "-"
        },
        "start": 0,
        "end": 3
      },
      "V424759": {
        "id": "V424759",
        "indicator": "THE",
        "type": "QUANTITY-ABSTR",
        "word": null,
        "roles": {
          "FIGURE": "#V424741"
        },
        "start": 0,
        "end": 3
      },
      "V424741": {
        "id": "V424741",
        "indicator": "PRO",
        "type": "PERSON",
        "word": "ME",
        "roles": {
          "PROFORM": "ME",
          "LEX": "ME",
          "WNSENSE": "person%1:03:00"
        },
        "start": 0,
        "end": 3
      },
      "root": "#V424779"
    },
    {
      "V424762": {
        "id": "V424762",
        "indicator": "SPEECHACT",
        "type": "SA_PRED-FRAGMENT",
        "word": null,
        "roles": {
          "PUNCTYPE": "DECL",
          "CONTENT": "#V424744",
          "LEX": "TOO"
        },
        "start": 3,
        "end": 8
      },
      "V424744": {
        "id": "V424744",
        "indicator": "F",
        "type": "ADDITIVE",
        "word": "TOO",
        "roles": {
          "FIGURE": "#V424763",
          "LEX": "TOO",
          "WNSENSE": "too%4:02:00::"
        },
        "start": 3,
        "end": 7
      },
      "V424763": {
        "id": "V424763",
        "indicator": "IMPRO",
        "type": "NIL",
        "word": null,
        "roles": {},
        "start": 3,
        "end": 7
      },
      "root": "#V424762"
    },
    {
      "V424772": {
        "id": "V424772",
        "indicator": "SPEECHACT",
        "type": "SA_IDENTIFY",
        "word": null,
        "roles": {
          "CONTENT": "#V424741",
          "LEX": "ME"
        },
        "start": 0,
        "end": 3
      },
      "V424741": {
        "id": "V424741",
        "indicator": "PRO",
        "type": "PERSON",
        "word": "ME",
        "roles": {
          "PROFORM": "ME",
          "LEX": "ME",
          "WNSENSE": "person%1:03:00"
        },
        "start": 0,
        "end": 3
      },
      "root": "#V424772"
    },
    {
      "V424774": {
        "id": "V424774",
        "indicator": "SPEECHACT",
        "type": "SA_PRED-FRAGMENT",
        "word": null,
        "roles": {
          "PUNCTYPE": "DECL",
          "CONTENT": "#V424745",
          "LEX": "TOO"
        },
        "start": 3,
        "end": 8
      },
      "V424745": {
        "id": "V424745",
        "indicator": "F",
        "type": "ADDITIVE",
        "word": "TOO",
        "roles": {
          "FIGURE": "#V424775",
          "LEX": "TOO",
          "WNSENSE": "too%4:02:00::"
        },
        "start": 3,
        "end": 7
      },
      "V424775": {
        "id": "V424775",
        "indicator": "IMPRO",
        "type": "NIL",
        "word": null,
        "roles": {},
        "start": 3,
        "end": 7
      },
      "root": "#V424774"
    },
    {
      "V424779": {
        "id": "V424779",
        "indicator": "SPEECHACT",
        "type": "SA_IDENTIFY",
        "word": null,
        "roles": {
          "CONTENT": "#V424759",
          "LEX": "-"
        },
        "start": 0,
        "end": 3
      },
      "V424759": {
        "id": "V424759",
        "indicator": "THE",
        "type": "QUANTITY-ABSTR",
        "word": null,
        "roles": {
          "FIGURE": "#V424741"
        },
        "start": 0,
        "end": 3
      },
      "V424741": {
        "id": "V424741",
        "indicator": "PRO",
        "type": "PERSON",
        "word": "ME",
        "roles": {
          "PROFORM": "ME",
          "LEX": "ME",
          "WNSENSE": "person%1:03:00"
        },
        "start": 0,
        "end": 3
      },
      "root": "#V424779"
    },
    {
      "V424774": {
        "id": "V424774",
        "indicator": "SPEECHACT",
        "type": "SA_PRED-FRAGMENT",
        "word": null,
        "roles": {
          "PUNCTYPE": "DECL",
          "CONTENT": "#V424745",
          "LEX": "TOO"
        },
        "start": 3,
        "end": 8
      },
      "V424745": {
        "id": "V424745",
        "indicator": "F",
        "type": "ADDITIVE",
        "word": "TOO",
        "roles": {
          "FIGURE": "#V424775",
          "LEX": "TOO",
          "WNSENSE": "too%4:02:00::"
        },
        "start": 3,
        "end": 7
      },
      "V424775": {
        "id": "V424775",
        "indicator": "IMPRO",
        "type": "NIL",
        "word": null,
        "roles": {},
        "start": 3,
        "end": 7
      },
      "root": "#V424774"
    },
    {
      "V424741": {
        "id": "V424741",
        "indicator": "PRO",
        "type": "PERSON",
        "word": "ME",
        "roles": {
          "PROFORM": "ME",
          "LEX": "ME",
          "WNSENSE": "person%1:03:00"
        },
        "start": 0,
        "end": 3
      },
      "root": "#V424741"
    },
    {
      "V424766": {
        "id": "V424766",
        "indicator": "SPEECHACT",
        "type": "SA_PRED-FRAGMENT",
        "word": null,
        "roles": {
          "PUNCTYPE": "DECL",
          "CONTENT": "#V424746",
          "LEX": "TOO"
        },
        "start": 3,
        "end": 8
      },
      "V424746": {
        "id": "V424746",
        "indicator": "F",
        "type": "DEGREE-MODIFIER-HIGH",
        "word": "TOO",
        "roles": {
          "FIGURE": "#V424767",
          "LEX": "TOO",
          "WNSENSE": "too%4:02:00::"
        },
        "start": 3,
        "end": 7
      },
      "V424767": {
        "id": "V424767",
        "indicator": "IMPRO",
        "type": "ANY-SEM",
        "word": null,
        "roles": {},
        "start": 3,
        "end": 7
      },
      "root": "#V424766"
    },
    {
      "V424741": {
        "id": "V424741",
        "indicator": "PRO",
        "type": "PERSON",
        "word": "ME",
        "roles": {
          "PROFORM": "ME",
          "LEX": "ME",
          "WNSENSE": "person%1:03:00"
        },
        "start": 0,
        "end": 3
      },
      "root": "#V424741"
    },
    {
      "V424762": {
        "id": "V424762",
        "indicator": "SPEECHACT",
        "type": "SA_PRED-FRAGMENT",
        "word": null,
        "roles": {
          "PUNCTYPE": "DECL",
          "CONTENT": "#V424744",
          "LEX": "TOO"
        },
        "start": 3,
        "end": 8
      },
      "V424744": {
        "id": "V424744",
        "indicator": "F",
        "type": "ADDITIVE",
        "word": "TOO",
        "roles": {
          "FIGURE": "#V424763",
          "LEX": "TOO",
          "WNSENSE": "too%4:02:00::"
        },
        "start": 3,
        "end": 7
      },
      "V424763": {
        "id": "V424763",
        "indicator": "IMPRO",
        "type": "NIL",
        "word": null,
        "roles": {},
        "start": 3,
        "end": 7
      },
      "root": "#V424762"
    },
    {
      "V424759": {
        "id": "V424759",
        "indicator": "THE",
        "type": "QUANTITY-ABSTR",
        "word": null,
        "roles": {
          "FIGURE": "#V424741"
        },
        "start": 0,
        "end": 3
      },
      "V424741": {
        "id": "V424741",
        "indicator": "PRO",
        "type": "PERSON",
        "word": "ME",
        "roles": {
          "PROFORM": "ME",
          "LEX": "ME",
          "WNSENSE": "person%1:03:00"
        },
        "start": 0,
        "end": 3
      },
      "root": "#V424759"
    },
    {
      "V424766": {
        "id": "V424766",
        "indicator": "SPEECHACT",
        "type": "SA_PRED-FRAGMENT",
        "word": null,
        "roles": {
          "PUNCTYPE": "DECL",
          "CONTENT": "#V424746",
          "LEX": "TOO"
        },
        "start": 3,
        "end": 8
      },
      "V424746": {
        "id": "V424746",
        "indicator": "F",
        "type": "DEGREE-MODIFIER-HIGH",
        "word": "TOO",
        "roles": {
          "FIGURE": "#V424767",
          "LEX": "TOO",
          "WNSENSE": "too%4:02:00::"
        },
        "start": 3,
        "end": 7
      },
      "V424767": {
        "id": "V424767",
        "indicator": "IMPRO",
        "type": "ANY-SEM",
        "word": null,
        "roles": {},
        "start": 3,
        "end": 7
      },
      "root": "#V424766"
    },
    {
      "V424759": {
        "id": "V424759",
        "indicator": "THE",
        "type": "QUANTITY-ABSTR",
        "word": null,
        "roles": {
          "FIGURE": "#V424741"
        },
        "start": 0,
        "end": 3
      },
      "V424741": {
        "id": "V424741",
        "indicator": "PRO",
        "type": "PERSON",
        "word": "ME",
        "roles": {
          "PROFORM": "ME",
          "LEX": "ME",
          "WNSENSE": "person%1:03:00"
        },
        "start": 0,
        "end": 3
      },
      "root": "#V424759"
    },
    {
      "V424762": {
        "id": "V424762",
        "indicator": "SPEECHACT",
        "type": "SA_PRED-FRAGMENT",
        "word": null,
        "roles": {
          "PUNCTYPE": "DECL",
          "CONTENT": "#V424744",
          "LEX": "TOO"
        },
        "start": 3,
        "end": 8
      },
      "V424744": {
        "id": "V424744",
        "indicator": "F",
        "type": "ADDITIVE",
        "word": "TOO",
        "roles": {
          "FIGURE": "#V424763",
          "LEX": "TOO",
          "WNSENSE": "too%4:02:00::"
        },
        "start": 3,
        "end": 7
      },
      "V424763": {
        "id": "V424763",
        "indicator": "IMPRO",
        "type": "NIL",
        "word": null,
        "roles": {},
        "start": 3,
        "end": 7
      },
      "root": "#V424762"
    },
    {
      "V424741": {
        "id": "V424741",
        "indicator": "PRO",
        "type": "PERSON",
        "word": "ME",
        "roles": {
          "PROFORM": "ME",
          "LEX": "ME",
          "WNSENSE": "person%1:03:00"
        },
        "start": 0,
        "end": 3
      },
      "root": "#V424741"
    },
    {
      "V424774": {
        "id": "V424774",
        "indicator": "SPEECHACT",
        "type": "SA_PRED-FRAGMENT",
        "word": null,
        "roles": {
          "PUNCTYPE": "DECL",
          "CONTENT": "#V424745",
          "LEX": "TOO"
        },
        "start": 3,
        "end": 8
      },
      "V424745": {
        "id": "V424745",
        "indicator": "F",
        "type": "ADDITIVE",
        "word": "TOO",
        "roles": {
          "FIGURE": "#V424775",
          "LEX": "TOO",
          "WNSENSE": "too%4:02:00::"
        },
        "start": 3,
        "end": 7
      },
      "V424775": {
        "id": "V424775",
        "indicator": "IMPRO",
        "type": "NIL",
        "word": null,
        "roles": {},
        "start": 3,
        "end": 7
      },
      "root": "#V424774"
    },
    {
      "V424759": {
        "id": "V424759",
        "indicator": "THE",
        "type": "QUANTITY-ABSTR",
        "word": null,
        "roles": {
          "FIGURE": "#V424741"
        },
        "start": 0,
        "end": 3
      },
      "V424741": {
        "id": "V424741",
        "indicator": "PRO",
        "type": "PERSON",
        "word": "ME",
        "roles": {
          "PROFORM": "ME",
          "LEX": "ME",
          "WNSENSE": "person%1:03:00"
        },
        "start": 0,
        "end": 3
      },
      "root": "#V424759"
    },
    {
      "V424774": {
        "id": "V424774",
        "indicator": "SPEECHACT",
        "type": "SA_PRED-FRAGMENT",
        "word": null,
        "roles": {
          "PUNCTYPE": "DECL",
          "CONTENT": "#V424745",
          "LEX": "TOO"
        },
        "start": 3,
        "end": 8
      },
      "V424745": {
        "id": "V424745",
        "indicator": "F",
        "type": "ADDITIVE",
        "word": "TOO",
        "roles": {
          "FIGURE": "#V424775",
          "LEX": "TOO",
          "WNSENSE": "too%4:02:00::"
        },
        "start": 3,
        "end": 7
      },
      "V424775": {
        "id": "V424775",
        "indicator": "IMPRO",
        "type": "NIL",
        "word": null,
        "roles": {},
        "start": 3,
        "end": 7
      },
      "root": "#V424774"
    },
    {
      "V424772": {
        "id": "V424772",
        "indicator": "SPEECHACT",
        "type": "SA_IDENTIFY",
        "word": null,
        "roles": {
          "CONTENT": "#V424741",
          "LEX": "ME"
        },
        "start": 0,
        "end": 3
      },
      "V424741": {
        "id": "V424741",
        "indicator": "PRO",
        "type": "PERSON",
        "word": "ME",
        "roles": {
          "PROFORM": "ME",
          "LEX": "ME",
          "WNSENSE": "person%1:03:00"
        },
        "start": 0,
        "end": 3
      },
      "root": "#V424772"
    },
    {
      "V424746": {
        "id": "V424746",
        "indicator": "F",
        "type": "DEGREE-MODIFIER-HIGH",
        "word": "TOO",
        "roles": {
          "LEX": "TOO",
          "WNSENSE": "too%4:02:00::"
        },
        "start": 3,
        "end": 7
      },
      "root": "#V424746"
    },
    {
      "V424772": {
        "id": "V424772",
        "indicator": "SPEECHACT",
        "type": "SA_IDENTIFY",
        "word": null,
        "roles": {
          "CONTENT": "#V424741",
          "LEX": "ME"
        },
        "start": 0,
        "end": 3
      },
      "V424741": {
        "id": "V424741",
        "indicator": "PRO",
        "type": "PERSON",
        "word": "ME",
        "roles": {
          "PROFORM": "ME",
          "LEX": "ME",
          "WNSENSE": "person%1:03:00"
        },
        "start": 0,
        "end": 3
      },
      "root": "#V424772"
    },
    {
      "V424744": {
        "id": "V424744",
        "indicator": "F",
        "type": "ADDITIVE",
        "word": "TOO",
        "roles": {
          "LEX": "TOO",
          "WNSENSE": "too%4:02:00::"
        },
        "start": 3,
        "end": 7
      },
      "root": "#V424744"
    },
    {
      "V424779": {
        "id": "V424779",
        "indicator": "SPEECHACT",
        "type": "SA_IDENTIFY",
        "word": null,
        "roles": {
          "CONTENT": "#V424759",
          "LEX": "-"
        },
        "start": 0,
        "end": 3
      },
      "V424759": {
        "id": "V424759",
        "indicator": "THE",
        "type": "QUANTITY-ABSTR",
        "word": null,
        "roles": {
          "FIGURE": "#V424741"
        },
        "start": 0,
        "end": 3
      },
      "V424741": {
        "id": "V424741",
        "indicator": "PRO",
        "type": "PERSON",
        "word": "ME",
        "roles": {
          "PROFORM": "ME",
          "LEX": "ME",
          "WNSENSE": "person%1:03:00"
        },
        "start": 0,
        "end": 3
      },
      "root": "#V424779"
    },
    {
      "V424746": {
        "id": "V424746",
        "indicator": "F",
        "type": "DEGREE-MODIFIER-HIGH",
        "word": "TOO",
        "roles": {
          "LEX": "TOO",
          "WNSENSE": "too%4:02:00::"
        },
        "start": 3,
        "end": 7
      },
      "root": "#V424746"
    },
    {
      "V424779": {
        "id": "V424779",
        "indicator": "SPEECHACT",
        "type": "SA_IDENTIFY",
        "word": null,
        "roles": {
          "CONTENT": "#V424759",
          "LEX": "-"
        },
        "start": 0,
        "end": 3
      },
      "V424759": {
        "id": "V424759",
        "indicator": "THE",
        "type": "QUANTITY-ABSTR",
        "word": null,
        "roles": {
          "FIGURE": "#V424741"
        },
        "start": 0,
        "end": 3
      },
      "V424741": {
        "id": "V424741",
        "indicator": "PRO",
        "type": "PERSON",
        "word": "ME",
        "roles": {
          "PROFORM": "ME",
          "LEX": "ME",
          "WNSENSE": "person%1:03:00"
        },
        "start": 0,
        "end": 3
      },
      "root": "#V424779"
    },
    {
      "V424744": {
        "id": "V424744",
        "indicator": "F",
        "type": "ADDITIVE",
        "word": "TOO",
        "roles": {
          "LEX": "TOO",
          "WNSENSE": "too%4:02:00::"
        },
        "start": 3,
        "end": 7
      },
      "root": "#V424744"
    },
    {
      "V424772": {
        "id": "V424772",
        "indicator": "SPEECHACT",
        "type": "SA_IDENTIFY",
        "word": null,
        "roles": {
          "CONTENT": "#V424741",
          "LEX": "ME"
        },
        "start": 0,
        "end": 3
      },
      "V424741": {
        "id": "V424741",
        "indicator": "PRO",
        "type": "PERSON",
        "word": "ME",
        "roles": {
          "PROFORM": "ME",
          "LEX": "ME",
          "WNSENSE": "person%1:03:00"
        },
        "start": 0,
        "end": 3
      },
      "root": "#V424772"
    },
    {
      "V424766": {
        "id": "V424766",
        "indicator": "SPEECHACT",
        "type": "SA_PRED-FRAGMENT",
        "word": null,
        "roles": {
          "CONTENT": "#V424746",
          "LEX": "TOO"
        },
        "start": 3,
        "end": 7
      },
      "V424746": {
        "id": "V424746",
        "indicator": "F",
        "type": "DEGREE-MODIFIER-HIGH",
        "word": "TOO",
        "roles": {
          "FIGURE": "#V424767",
          "LEX": "TOO",
          "WNSENSE": "too%4:02:00::"
        },
        "start": 3,
        "end": 7
      },
      "V424767": {
        "id": "V424767",
        "indicator": "IMPRO",
        "type": "ANY-SEM",
        "word": null,
        "roles": {},
        "start": 3,
        "end": 7
      },
      "root": "#V424766"
    },
    {
      "V424772": {
        "id": "V424772",
        "indicator": "SPEECHACT",
        "type": "SA_IDENTIFY",
        "word": null,
        "roles": {
          "CONTENT": "#V424741",
          "LEX": "ME"
        },
        "start": 0,
        "end": 3
      },
      "V424741": {
        "id": "V424741",
        "indicator": "PRO",
        "type": "PERSON",
        "word": "ME",
        "roles": {
          "PROFORM": "ME",
          "LEX": "ME",
          "WNSENSE": "person%1:03:00"
        },
        "start": 0,
        "end": 3
      },
      "root": "#V424772"
    },
    {
      "V424762": {
        "id": "V424762",
        "indicator": "SPEECHACT",
        "type": "SA_PRED-FRAGMENT",
        "word": null,
        "roles": {
          "CONTENT": "#V424744",
          "LEX": "TOO"
        },
        "start": 3,
        "end": 7
      },
      "V424744": {
        "id": "V424744",
        "indicator": "F",
        "type": "ADDITIVE",
        "word": "TOO",
        "roles": {
          "FIGURE": "#V424763",
          "LEX": "TOO",
          "WNSENSE": "too%4:02:00::"
        },
        "start": 3,
        "end": 7
      },
      "V424763": {
        "id": "V424763",
        "indicator": "IMPRO",
        "type": "NIL",
        "word": null,
        "roles": {},
        "start": 3,
        "end": 7
      },
      "root": "#V424762"
    },
    {
      "V424772": {
        "id": "V424772",
        "indicator": "SPEECHACT",
        "type": "SA_IDENTIFY",
        "word": null,
        "roles": {
          "CONTENT": "#V424741",
          "LEX": "ME"
        },
        "start": 0,
        "end": 3
      },
      "V424741": {
        "id": "V424741",
        "indicator": "PRO",
        "type": "PERSON",
        "word": "ME",
        "roles": {
          "PROFORM": "ME",
          "LEX": "ME",
          "WNSENSE": "person%1:03:00"
        },
        "start": 0,
        "end": 3
      },
      "root": "#V424772"
    },
    {
      "V424745": {
        "id": "V424745",
        "indicator": "F",
        "type": "ADDITIVE",
        "word": "TOO",
        "roles": {
          "LEX": "TOO",
          "WNSENSE": "too%4:02:00::"
        },
        "start": 3,
        "end": 7
      },
      "root": "#V424745"
    },
    {
      "V424779": {
        "id": "V424779",
        "indicator": "SPEECHACT",
        "type": "SA_IDENTIFY",
        "word": null,
        "roles": {
          "CONTENT": "#V424759",
          "LEX": "-"
        },
        "start": 0,
        "end": 3
      },
      "V424759": {
        "id": "V424759",
        "indicator": "THE",
        "type": "QUANTITY-ABSTR",
        "word": null,
        "roles": {
          "FIGURE": "#V424741"
        },
        "start": 0,
        "end": 3
      },
      "V424741": {
        "id": "V424741",
        "indicator": "PRO",
        "type": "PERSON",
        "word": "ME",
        "roles": {
          "PROFORM": "ME",
          "LEX": "ME",
          "WNSENSE": "person%1:03:00"
        },
        "start": 0,
        "end": 3
      },
      "root": "#V424779"
    },
    {
      "V424766": {
        "id": "V424766",
        "indicator": "SPEECHACT",
        "type": "SA_PRED-FRAGMENT",
        "word": null,
        "roles": {
          "CONTENT": "#V424746",
          "LEX": "TOO"
        },
        "start": 3,
        "end": 7
      },
      "V424746": {
        "id": "V424746",
        "indicator": "F",
        "type": "DEGREE-MODIFIER-HIGH",
        "word": "TOO",
        "roles": {
          "FIGURE": "#V424767",
          "LEX": "TOO",
          "WNSENSE": "too%4:02:00::"
        },
        "start": 3,
        "end": 7
      },
      "V424767": {
        "id": "V424767",
        "indicator": "IMPRO",
        "type": "ANY-SEM",
        "word": null,
        "roles": {},
        "start": 3,
        "end": 7
      },
      "root": "#V424766"
    }
  ],
  "inputtags": [],
  "debug": [
    "*last-utt-id*=NIL  utt-id+61",
    "*last-utt-id*=61  utt-id+61",
    "*last-utt-id*=61  utt-id+NIL"
  ]
}
