{
  "parse": [
    {
      "V1710432": {
        "id": "V1710432",
        "indicator": "SPEECHACT",
        "type": "SA_TELL",
        "word": null,
        "roles": {
          "PUNCTYPE": "DECL",
          "CONTENT": "#V1709632",
          "LEX": "DROVE"
        },
        "start": 0,
        "end": 32
      },
      "V1709632": {
        "id": "V1709632",
        "indicator": "F",
        "type": "DRIVE",
        "word": "DRIVE",
        "roles": {
          "RESULT": "#V1709648",
          "AGENT": "#V1710433",
          "TENSE": "PAST",
          "LEX": "DROVE",
          "WNSENSE": "drive%2:38:01::"
        },
        "start": 0,
        "end": 32
      },
      "V1710433": {
        "id": "V1710433",
        "indicator": "IMPRO",
        "type": "REFERENTIAL-SEM",
        "word": null,
        "roles": {
          "PROFORM": "SUBJ",
          "COREF": "#V1709691"
        },
        "start": 0,
        "end": 32
      },
      "V1709648": {
        "id": "V1709648",
        "indicator": "F",
        "type": "TO-LOC",
        "word": "TO",
        "roles": {
          "GROUND": "#V1709775",
          "FIGURE": "#V1710433",
          "LEX": "TO"
        },
        "start": 6,
        "end": 32
      },
      "V1709775": {
        "id": "V1709775",
        "indicator": "THE",
        "type": "QUANTITY-ABSTR",
        "word": null,
        "roles": {
          "FIGURE": "#V1709691"
        },
        "start": 9,
        "end": 32
      },
      "V1709691": {
        "id": "V1709691",
        "indicator": "BARE",
        "type": "PUBLIC-SERVICE-FACILITY",
        "word": "POLICE-STATION",
        "roles": {
          "MOD": "#V1709673",
          "LEX": "POLICE-STATION",
          "WNSENSE": "police_station%1:06:00"
        },
        "start": 9,
        "end": 32
      },
      "V1709673": {
        "id": "V1709673",
        "indicator": "F",
        "type": "MIN-VAL",
        "word": "CLOSE",
        "roles": {
          "FIGURE": "#V1709691",
          "SCALE": "DISTANCE-SCALE",
          "LEX": "CLOSEST",
          "WNSENSE": "worst%3:00:00::"
        },
        "start": 9,
        "end": 17
      },
      "root": "#V1710432"
    }
  ],
  "inputtags": [],
  "debug": [
    "*last-utt-id*=NIL  utt-id+305",
    "*last-utt-id*=305  utt-id+NIL"
  ]
}
