{
  "parse": [
    {
      "V727088": {
        "id": "V727088",
        "indicator": "SPEECHACT",
        "type": "SA_IDENTIFY",
        "word": null,
        "roles": {
          "CONTENT": "#V727003",
          "LEX": "43"
        },
        "start": 0,
        "end": 9
      },
      "V727003": {
        "id": "V727003",
        "indicator": "THE",
        "type": "NUMBER",
        "word": null,
        "roles": {
          "MOD": "#V726991",
          "LEX": "43"
        },
        "start": 0,
        "end": 9
      },
      "V726991": {
        "id": "V726991",
        "indicator": "F",
        "type": "QMODIFIER",
        "word": "ALMOST",
        "roles": {
          "FIGURE": "#V727003",
          "GROUND": "#V727026"
        },
        "start": 0,
        "end": 9
      },
      "V727026": {
        "id": "V727026",
        "indicator": "A",
        "type": "NUMBER",
        "word": null,
        "roles": {
          "VALUE": "43"
        },
        "start": 0,
        "end": 9
      },
      "root": "#V727088"
    }
  ],
  "inputtags": [],
  "debug": [
    "*last-utt-id*=NIL  utt-id+142",
    "*last-utt-id*=142  utt-id+NIL"
  ]
}
