{
  "parse": [
    {
      "V766747": {
        "id": "V766747",
        "indicator": "SPEECHACT",
        "type": "SA_TELL",
        "word": null,
        "roles": {
          "CONTENT": "#V765257",
          "LEX": "TOLD"
        },
        "start": 0,
        "end": 33
      },
      "V765257": {
        "id": "V765257",
        "indicator": "F",
        "type": "TELL",
        "word": "TELL",
        "roles": {
          "AGENT": "#V765244",
          "AGENT1": "#V765266",
          "FORMAL": "#V765279",
          "FREQUENCY": "#V765250",
          "TENSE": "PAST",
          "LEX": "TOLD",
          "WNSENSE": "tell%2:32:04::"
        },
        "start": 0,
        "end": 33
      },
      "V765244": {
        "id": "V765244",
        "indicator": "QUANTIFIER",
        "type": "REFERENTIAL-SEM",
        "word": "ONE",
        "roles": {
          "QUAN": "NONE",
          "LEX": "ONE",
          "WNSENSE": "entity%1:03:00"
        },
        "start": 0,
        "end": 7
      },
      "V765250": {
        "id": "V765250",
        "indicator": "F",
        "type": "FREQUENCY",
        "word": "EVER",
        "roles": {
          "FIGURE": "#V765257",
          "LEX": "EVER",
          "WNSENSE": "ever%4:02:04::"
        },
        "start": 7,
        "end": 12
      },
      "V765266": {
        "id": "V765266",
        "indicator": "PRO",
        "type": "PERSON",
        "word": "ME",
        "roles": {
          "PROFORM": "ME",
          "LEX": "ME",
          "WNSENSE": "person%1:03:00",
          "COREF": "USER"
        },
        "start": 17,
        "end": 20
      },
      "V765279": {
        "id": "V765279",
        "indicator": "F",
        "type": "HAVE-PROPERTY",
        "word": "BE",
        "roles": {
          "NEUTRAL": "#V765270",
          "FORMAL": "#V765293",
          "PROP": "+",
          "TENSE": "PAST",
          "LEX": "WAS",
          "WNSENSE": "be%2:42:03::"
        },
        "start": 20,
        "end": 33
      },
      "V765270": {
        "id": "V765270",
        "indicator": "PRO",
        "type": "REFERENTIAL-SEM",
        "word": "IT",
        "roles": {
          "PROFORM": "IT",
          "LEX": "IT",
          "WNSENSE": "entity%1:03:00"
        },
        "start": 20,
        "end": 23
      },
      "V765293": {
        "id": "V765293",
        "indicator": "F",
        "type": "INCORRECT",
        "word": "WRONG",
        "roles": {
          "ORIENTATION": "NEG",
          "FIGURE": "#V765270",
          "SCALE": "CORRECTNESS-SCALE",
          "LEX": "WRONG",
          "WNSENSE": "wrong%3:00:04::"
        },
        "start": 27,
        "end": 33
      },
      "root": "#V766747"
    },
    {
      "V765300": {
        "id": "V765300",
        "indicator": "F",
        "type": "CONJUNCT",
        "word": "OR",
        "roles": {
          "LEX": "OR"
        },
        "start": 33,
        "end": 36
      },
      "root": "#V765300"
    },
    {
      "V765355": {
        "id": "V765355",
        "indicator": "F",
        "type": "TELL",
        "word": "TELL",
        "roles": {
          "AGENT": "#V765333",
          "TENSE": "PRES",
          "MODALITY": "(:* SHOULD SHOULD)",
          "LEX": "TELL",
          "WNSENSE": "tell%2:32:04::"
        },
        "start": 36,
        "end": 55
      },
      "V765333": {
        "id": "V765333",
        "indicator": "PRO",
        "type": "PERSON",
        "word": "I",
        "roles": {
          "PROFORM": "I",
          "LEX": "I",
          "WNSENSE": "person%1:03:00",
          "COREF": "USER"
        },
        "start": 41,
        "end": 43
      },
      "root": "#V765355"
    },
    {
      "V766747": {
        "id": "V766747",
        "indicator": "SPEECHACT",
        "type": "SA_TELL",
        "word": null,
        "roles": {
          "CONTENT": "#V765257",
          "LEX": "TOLD"
        },
        "start": 0,
        "end": 33
      },
      "V765257": {
        "id": "V765257",
        "indicator": "F",
        "type": "TELL",
        "word": "TELL",
        "roles": {
          "AGENT": "#V765244",
          "AGENT1": "#V765266",
          "FORMAL": "#V765279",
          "FREQUENCY": "#V765250",
          "TENSE": "PAST",
          "LEX": "TOLD",
          "WNSENSE": "tell%2:32:04::"
        },
        "start": 0,
        "end": 33
      },
      "V765244": {
        "id": "V765244",
        "indicator": "QUANTIFIER",
        "type": "REFERENTIAL-SEM",
        "word": "ONE",
        "roles": {
          "QUAN": "NONE",
          "LEX": "ONE",
          "WNSENSE": "entity%1:03:00"
        },
        "start": 0,
        "end": 7
      },
      "V765250": {
        "id": "V765250",
        "indicator": "F",
        "type": "FREQUENCY",
        "word": "EVER",
        "roles": {
          "FIGURE": "#V765257",
          "LEX": "EVER",
          "WNSENSE": "ever%4:02:04::"
        },
        "start": 7,
        "end": 12
      },
      "V765266": {
        "id": "V765266",
        "indicator": "PRO",
        "type": "PERSON",
        "word": "ME",
        "roles": {
          "PROFORM": "ME",
          "LEX": "ME",
          "WNSENSE": "person%1:03:00"
        },
        "start": 17,
        "end": 20
      },
      "V765279": {
        "id": "V765279",
        "indicator": "F",
        "type": "HAVE-PROPERTY",
        "word": "BE",
        "roles": {
          "NEUTRAL": "#V765270",
          "FORMAL": "#V765293",
          "PROP": "+",
          "TENSE": "PAST",
          "LEX": "WAS",
          "WNSENSE": "be%2:42:03::"
        },
        "start": 20,
        "end": 33
      },
      "V765270": {
        "id": "V765270",
        "indicator": "PRO",
        "type": "REFERENTIAL-SEM",
        "word": "IT",
        "roles": {
          "PROFORM": "IT",
          "LEX": "IT",
          "WNSENSE": "entity%1:03:00"
        },
        "start": 20,
        "end": 23
      },
      "V765293": {
        "id": "V765293",
        "indicator": "F",
        "type": "INCORRECT",
        "word": "WRONG",
        "roles": {
          "ORIENTATION": "NEG",
          "FIGURE": "#V765270",
          "SCALE": "CORRECTNESS-SCALE",
          "LEX": "WRONG",
          "WNSENSE": "wrong%3:00:04::"
        },
        "start": 27,
        "end": 33
      },
      "root": "#V766747"
    },
    {
      "V765300": {
        "id": "V765300",
        "indicator": "F",
        "type": "CONJUNCT",
        "word": "OR",
        "roles": {
          "LEX": "OR"
        },
        "start": 33,
        "end": 36
      },
      "root": "#V765300"
    },
    {
      "V765355": {
        "id": "V765355",
        "indicator": "F",
        "type": "TELL",
        "word": "TELL",
        "roles": {
          "AGENT": "#V765333",
          "TENSE": "PAST",
          "MODALITY": "(:* SHOULD SHOULD)",
          "LEX": "TELL",
          "WNSENSE": "tell%2:32:04::"
        },
        "start": 36,
        "end": 55
      },
      "V765333": {
        "id": "V765333",
        "indicator": "PRO",
        "type": "PERSON",
        "word": "I",
        "roles": {
          "PROFORM": "I",
          "LEX": "I",
          "WNSENSE": "person%1:03:00"
        },
        "start": 41,
        "end": 43
      },
      "root": "#V765355"
    },
    {
      "V766747": {
        "id": "V766747",
        "indicator": "SPEECHACT",
        "type": "SA_TELL",
        "word": null,
        "roles": {
          "CONTENT": "#V765257",
          "LEX": "TOLD"
        },
        "start": 0,
        "end": 33
      },
      "V765257": {
        "id": "V765257",
        "indicator": "F",
        "type": "TELL",
        "word": "TELL",
        "roles": {
          "AGENT": "#V765244",
          "AGENT1": "#V765266",
          "FORMAL": "#V765279",
          "FREQUENCY": "#V765250",
          "TENSE": "PAST",
          "LEX": "TOLD",
          "WNSENSE": "tell%2:32:04::"
        },
        "start": 0,
        "end": 33
      },
      "V765244": {
        "id": "V765244",
        "indicator": "QUANTIFIER",
        "type": "REFERENTIAL-SEM",
        "word": "ONE",
        "roles": {
          "QUAN": "NONE",
          "LEX": "ONE",
          "WNSENSE": "entity%1:03:00"
        },
        "start": 0,
        "end": 7
      },
      "V765250": {
        "id": "V765250",
        "indicator": "F",
        "type": "FREQUENCY",
        "word": "EVER",
        "roles": {
          "FIGURE": "#V765257",
          "LEX": "EVER",
          "WNSENSE": "ever%4:02:04::"
        },
        "start": 7,
        "end": 12
      },
      "V765266": {
        "id": "V765266",
        "indicator": "PRO",
        "type": "PERSON",
        "word": "ME",
        "roles": {
          "PROFORM": "ME",
          "LEX": "ME",
          "WNSENSE": "person%1:03:00"
        },
        "start": 17,
        "end": 20
      },
      "V765279": {
        "id": "V765279",
        "indicator": "F",
        "type": "HAVE-PROPERTY",
        "word": "BE",
        "roles": {
          "NEUTRAL": "#V765270",
          "FORMAL": "#V765293",
          "PROP": "+",
          "TENSE": "PAST",
          "LEX": "WAS",
          "WNSENSE": "be%2:42:03::"
        },
        "start": 20,
        "end": 33
      },
      "V765270": {
        "id": "V765270",
        "indicator": "PRO",
        "type": "REFERENTIAL-SEM",
        "word": "IT",
        "roles": {
          "PROFORM": "IT",
          "LEX": "IT",
          "WNSENSE": "entity%1:03:00"
        },
        "start": 20,
        "end": 23
      },
      "V765293": {
        "id": "V765293",
        "indicator": "F",
        "type": "INCORRECT",
        "word": "WRONG",
        "roles": {
          "ORIENTATION": "NEG",
          "FIGURE": "#V765270",
          "SCALE": "CORRECTNESS-SCALE",
          "LEX": "WRONG",
          "WNSENSE": "wrong%3:00:04::"
        },
        "start": 27,
        "end": 33
      },
      "root": "#V766747"
    },
    {
      "V765300": {
        "id": "V765300",
        "indicator": "F",
        "type": "CONJUNCT",
        "word": "OR",
        "roles": {
          "LEX": "OR"
        },
        "start": 33,
        "end": 36
      },
      "root": "#V765300"
    },
    {
      "V765354": {
        "id": "V765354",
        "indicator": "F",
        "type": "TELL",
        "word": "TELL",
        "roles": {
          "AGENT": "#V765333",
          "TENSE": "PRES",
          "MODALITY": "(:* SHOULD SHOULD)",
          "LEX": "TELL",
          "WNSENSE": "tell%2:32:04::"
        },
        "start": 36,
        "end": 55
      },
      "V765333": {
        "id": "V765333",
        "indicator": "PRO",
        "type": "PERSON",
        "word": "I",
        "roles": {
          "PROFORM": "I",
          "LEX": "I",
          "WNSENSE": "person%1:03:00"
        },
        "start": 41,
        "end": 43
      },
      "root": "#V765354"
    },
    {
      "V766747": {
        "id": "V766747",
        "indicator": "SPEECHACT",
        "type": "SA_TELL",
        "word": null,
        "roles": {
          "CONTENT": "#V765257",
          "LEX": "TOLD"
        },
        "start": 0,
        "end": 33
      },
      "V765257": {
        "id": "V765257",
        "indicator": "F",
        "type": "TELL",
        "word": "TELL",
        "roles": {
          "AGENT": "#V765244",
          "AGENT1": "#V765266",
          "FORMAL": "#V765279",
          "FREQUENCY": "#V765250",
          "TENSE": "PAST",
          "LEX": "TOLD",
          "WNSENSE": "tell%2:32:04::"
        },
        "start": 0,
        "end": 33
      },
      "V765244": {
        "id": "V765244",
        "indicator": "QUANTIFIER",
        "type": "REFERENTIAL-SEM",
        "word": "ONE",
        "roles": {
          "QUAN": "NONE",
          "LEX": "ONE",
          "WNSENSE": "entity%1:03:00"
        },
        "start": 0,
        "end": 7
      },
      "V765250": {
        "id": "V765250",
        "indicator": "F",
        "type": "FREQUENCY",
        "word": "EVER",
        "roles": {
          "FIGURE": "#V765257",
          "LEX": "EVER",
          "WNSENSE": "ever%4:02:04::"
        },
        "start": 7,
        "end": 12
      },
      "V765266": {
        "id": "V765266",
        "indicator": "PRO",
        "type": "PERSON",
        "word": "ME",
        "roles": {
          "PROFORM": "ME",
          "LEX": "ME",
          "WNSENSE": "person%1:03:00"
        },
        "start": 17,
        "end": 20
      },
      "V765279": {
        "id": "V765279",
        "indicator": "F",
        "type": "HAVE-PROPERTY",
        "word": "BE",
        "roles": {
          "NEUTRAL": "#V765270",
          "FORMAL": "#V765293",
          "PROP": "+",
          "TENSE": "PAST",
          "LEX": "WAS",
          "WNSENSE": "be%2:42:03::"
        },
        "start": 20,
        "end": 33
      },
      "V765270": {
        "id": "V765270",
        "indicator": "PRO",
        "type": "REFERENTIAL-SEM",
        "word": "IT",
        "roles": {
          "PROFORM": "IT",
          "LEX": "IT",
          "WNSENSE": "entity%1:03:00"
        },
        "start": 20,
        "end": 23
      },
      "V765293": {
        "id": "V765293",
        "indicator": "F",
        "type": "INCORRECT",
        "word": "WRONG",
        "roles": {
          "ORIENTATION": "NEG",
          "FIGURE": "#V765270",
          "SCALE": "CORRECTNESS-SCALE",
          "LEX": "WRONG",
          "WNSENSE": "wrong%3:00:04::"
        },
        "start": 27,
        "end": 33
      },
      "root": "#V766747"
    },
    {
      "V765300": {
        "id": "V765300",
        "indicator": "F",
        "type": "CONJUNCT",
        "word": "OR",
        "roles": {
          "LEX": "OR"
        },
        "start": 33,
        "end": 36
      },
      "root": "#V765300"
    },
    {
      "V765354": {
        "id": "V765354",
        "indicator": "F",
        "type": "TELL",
        "word": "TELL",
        "roles": {
          "AGENT": "#V765333",
          "TENSE": "PAST",
          "MODALITY": "(:* SHOULD SHOULD)",
          "LEX": "TELL",
          "WNSENSE": "tell%2:32:04::"
        },
        "start": 36,
        "end": 55
      },
      "V765333": {
        "id": "V765333",
        "indicator": "PRO",
        "type": "PERSON",
        "word": "I",
        "roles": {
          "PROFORM": "I",
          "LEX": "I",
          "WNSENSE": "person%1:03:00"
        },
        "start": 41,
        "end": 43
      },
      "root": "#V765354"
    },
    {
      "V766744": {
        "id": "V766744",
        "indicator": "SPEECHACT",
        "type": "SA_TELL",
        "word": null,
        "roles": {
          "CONTENT": "#V765257",
          "LEX": "TOLD"
        },
        "start": 0,
        "end": 33
      },
      "V765257": {
        "id": "V765257",
        "indicator": "F",
        "type": "TELL",
        "word": "TELL",
        "roles": {
          "AGENT": "#V765244",
          "AGENT1": "#V765266",
          "FORMAL": "#V765279",
          "FREQUENCY": "#V765250",
          "TENSE": "PAST",
          "LEX": "TOLD",
          "WNSENSE": "tell%2:32:04::"
        },
        "start": 0,
        "end": 33
      },
      "V765244": {
        "id": "V765244",
        "indicator": "QUANTIFIER",
        "type": "REFERENTIAL-SEM",
        "word": "ONE",
        "roles": {
          "QUAN": "NONE",
          "LEX": "ONE",
          "WNSENSE": "entity%1:03:00"
        },
        "start": 0,
        "end": 7
      },
      "V765250": {
        "id": "V765250",
        "indicator": "F",
        "type": "FREQUENCY",
        "word": "EVER",
        "roles": {
          "FIGURE": "#V765257",
          "LEX": "EVER",
          "WNSENSE": "ever%4:02:04::"
        },
        "start": 7,
        "end": 12
      },
      "V765266": {
        "id": "V765266",
        "indicator": "PRO",
        "type": "PERSON",
        "word": "ME",
        "roles": {
          "PROFORM": "ME",
          "LEX": "ME",
          "WNSENSE": "person%1:03:00"
        },
        "start": 17,
        "end": 20
      },
      "V765279": {
        "id": "V765279",
        "indicator": "F",
        "type": "HAVE-PROPERTY",
        "word": "BE",
        "roles": {
          "NEUTRAL": "#V765270",
          "FORMAL": "#V765294",
          "PROP": "+",
          "TENSE": "PAST",
          "LEX": "WAS",
          "WNSENSE": "be%2:42:03::"
        },
        "start": 20,
        "end": 33
      },
      "V765270": {
        "id": "V765270",
        "indicator": "PRO",
        "type": "REFERENTIAL-SEM",
        "word": "IT",
        "roles": {
          "PROFORM": "IT",
          "LEX": "IT",
          "WNSENSE": "entity%1:03:00"
        },
        "start": 20,
        "end": 23
      },
      "V765294": {
        "id": "V765294",
        "indicator": "F",
        "type": "INCORRECT",
        "word": "WRONG",
        "roles": {
          "ORIENTATION": "NEG",
          "FIGURE": "#V765270",
          "SCALE": "CORRECTNESS-SCALE",
          "LEX": "WRONG",
          "WNSENSE": "wrong%3:00:04::"
        },
        "start": 27,
        "end": 33
      },
      "root": "#V766744"
    },
    {
      "V765300": {
        "id": "V765300",
        "indicator": "F",
        "type": "CONJUNCT",
        "word": "OR",
        "roles": {
          "LEX": "OR"
        },
        "start": 33,
        "end": 36
      },
      "root": "#V765300"
    },
    {
      "V765355": {
        "id": "V765355",
        "indicator": "F",
        "type": "TELL",
        "word": "TELL",
        "roles": {
          "AGENT": "#V765333",
          "TENSE": "PRES",
          "MODALITY": "(:* SHOULD SHOULD)",
          "LEX": "TELL",
          "WNSENSE": "tell%2:32:04::"
        },
        "start": 36,
        "end": 55
      },
      "V765333": {
        "id": "V765333",
        "indicator": "PRO",
        "type": "PERSON",
        "word": "I",
        "roles": {
          "PROFORM": "I",
          "LEX": "I",
          "WNSENSE": "person%1:03:00"
        },
        "start": 41,
        "end": 43
      },
      "root": "#V765355"
    },
    {
      "V766744": {
        "id": "V766744",
        "indicator": "SPEECHACT",
        "type": "SA_TELL",
        "word": null,
        "roles": {
          "CONTENT": "#V765257",
          "LEX": "TOLD"
        },
        "start": 0,
        "end": 33
      },
      "V765257": {
        "id": "V765257",
        "indicator": "F",
        "type": "TELL",
        "word": "TELL",
        "roles": {
          "AGENT": "#V765244",
          "AGENT1": "#V765266",
          "FORMAL": "#V765279",
          "FREQUENCY": "#V765250",
          "TENSE": "PAST",
          "LEX": "TOLD",
          "WNSENSE": "tell%2:32:04::"
        },
        "start": 0,
        "end": 33
      },
      "V765244": {
        "id": "V765244",
        "indicator": "QUANTIFIER",
        "type": "REFERENTIAL-SEM",
        "word": "ONE",
        "roles": {
          "QUAN": "NONE",
          "LEX": "ONE",
          "WNSENSE": "entity%1:03:00"
        },
        "start": 0,
        "end": 7
      },
      "V765250": {
        "id": "V765250",
        "indicator": "F",
        "type": "FREQUENCY",
        "word": "EVER",
        "roles": {
          "FIGURE": "#V765257",
          "LEX": "EVER",
          "WNSENSE": "ever%4:02:04::"
        },
        "start": 7,
        "end": 12
      },
      "V765266": {
        "id": "V765266",
        "indicator": "PRO",
        "type": "PERSON",
        "word": "ME",
        "roles": {
          "PROFORM": "ME",
          "LEX": "ME",
          "WNSENSE": "person%1:03:00"
        },
        "start": 17,
        "end": 20
      },
      "V765279": {
        "id": "V765279",
        "indicator": "F",
        "type": "HAVE-PROPERTY",
        "word": "BE",
        "roles": {
          "NEUTRAL": "#V765270",
          "FORMAL": "#V765294",
          "PROP": "+",
          "TENSE": "PAST",
          "LEX": "WAS",
          "WNSENSE": "be%2:42:03::"
        },
        "start": 20,
        "end": 33
      },
      "V765270": {
        "id": "V765270",
        "indicator": "PRO",
        "type": "REFERENTIAL-SEM",
        "word": "IT",
        "roles": {
          "PROFORM": "IT",
          "LEX": "IT",
          "WNSENSE": "entity%1:03:00"
        },
        "start": 20,
        "end": 23
      },
      "V765294": {
        "id": "V765294",
        "indicator": "F",
        "type": "INCORRECT",
        "word": "WRONG",
        "roles": {
          "ORIENTATION": "NEG",
          "FIGURE": "#V765270",
          "SCALE": "CORRECTNESS-SCALE",
          "LEX": "WRONG",
          "WNSENSE": "wrong%3:00:04::"
        },
        "start": 27,
        "end": 33
      },
      "root": "#V766744"
    },
    {
      "V765300": {
        "id": "V765300",
        "indicator": "F",
        "type": "CONJUNCT",
        "word": "OR",
        "roles": {
          "LEX": "OR"
        },
        "start": 33,
        "end": 36
      },
      "root": "#V765300"
    },
    {
      "V765355": {
        "id": "V765355",
        "indicator": "F",
        "type": "TELL",
        "word": "TELL",
        "roles": {
          "AGENT": "#V765333",
          "TENSE": "PAST",
          "MODALITY": "(:* SHOULD SHOULD)",
          "LEX": "TELL",
          "WNSENSE": "tell%2:32:04::"
        },
        "start": 36,
        "end": 55
      },
      "V765333": {
        "id": "V765333",
        "indicator": "PRO",
        "type": "PERSON",
        "word": "I",
        "roles": {
          "PROFORM": "I",
          "LEX": "I",
          "WNSENSE": "person%1:03:00"
        },
        "start": 41,
        "end": 43
      },
      "root": "#V765355"
    },
    {
      "V766744": {
        "id": "V766744",
        "indicator": "SPEECHACT",
        "type": "SA_TELL",
        "word": null,
        "roles": {
          "CONTENT": "#V765257",
          "LEX": "TOLD"
        },
        "start": 0,
        "end": 33
      },
      "V765257": {
        "id": "V765257",
        "indicator": "F",
        "type": "TELL",
        "word": "TELL",
        "roles": {
          "AGENT": "#V765244",
          "AGENT1": "#V765266",
          "FORMAL": "#V765279",
          "FREQUENCY": "#V765250",
          "TENSE": "PAST",
          "LEX": "TOLD",
          "WNSENSE": "tell%2:32:04::"
        },
        "start": 0,
        "end": 33
      },
      "V765244": {
        "id": "V765244",
        "indicator": "QUANTIFIER",
        "type": "REFERENTIAL-SEM",
        "word": "ONE",
        "roles": {
          "QUAN": "NONE",
          "LEX": "ONE",
          "WNSENSE": "entity%1:03:00"
        },
        "start": 0,
        "end": 7
      },
      "V765250": {
        "id": "V765250",
        "indicator": "F",
        "type": "FREQUENCY",
        "word": "EVER",
        "roles": {
          "FIGURE": "#V765257",
          "LEX": "EVER",
          "WNSENSE": "ever%4:02:04::"
        },
        "start": 7,
        "end": 12
      },
      "V765266": {
        "id": "V765266",
        "indicator": "PRO",
        "type": "PERSON",
        "word": "ME",
        "roles": {
          "PROFORM": "ME",
          "LEX": "ME",
          "WNSENSE": "person%1:03:00"
        },
        "start": 17,
        "end": 20
      },
      "V765279": {
        "id": "V765279",
        "indicator": "F",
        "type": "HAVE-PROPERTY",
        "word": "BE",
        "roles": {
          "NEUTRAL": "#V765270",
          "FORMAL": "#V765294",
          "PROP": "+",
          "TENSE": "PAST",
          "LEX": "WAS",
          "WNSENSE": "be%2:42:03::"
        },
        "start": 20,
        "end": 33
      },
      "V765270": {
        "id": "V765270",
        "indicator": "PRO",
        "type": "REFERENTIAL-SEM",
        "word": "IT",
        "roles": {
          "PROFORM": "IT",
          "LEX": "IT",
          "WNSENSE": "entity%1:03:00"
        },
        "start": 20,
        "end": 23
      },
      "V765294": {
        "id": "V765294",
        "indicator": "F",
        "type": "INCORRECT",
        "word": "WRONG",
        "roles": {
          "ORIENTATION": "NEG",
          "FIGURE": "#V765270",
          "SCALE": "CORRECTNESS-SCALE",
          "LEX": "WRONG",
          "WNSENSE": "wrong%3:00:04::"
        },
        "start": 27,
        "end": 33
      },
      "root": "#V766744"
    },
    {
      "V765300": {
        "id": "V765300",
        "indicator": "F",
        "type": "CONJUNCT",
        "word": "OR",
        "roles": {
          "LEX": "OR"
        },
        "start": 33,
        "end": 36
      },
      "root": "#V765300"
    },
    {
      "V765354": {
        "id": "V765354",
        "indicator": "F",
        "type": "TELL",
        "word": "TELL",
        "roles": {
          "AGENT": "#V765333",
          "TENSE": "PRES",
          "MODALITY": "(:* SHOULD SHOULD)",
          "LEX": "TELL",
          "WNSENSE": "tell%2:32:04::"
        },
        "start": 36,
        "end": 55
      },
      "V765333": {
        "id": "V765333",
        "indicator": "PRO",
        "type": "PERSON",
        "word": "I",
        "roles": {
          "PROFORM": "I",
          "LEX": "I",
          "WNSENSE": "person%1:03:00"
        },
        "start": 41,
        "end": 43
      },
      "root": "#V765354"
    },
    {
      "V766744": {
        "id": "V766744",
        "indicator": "SPEECHACT",
        "type": "SA_TELL",
        "word": null,
        "roles": {
          "CONTENT": "#V765257",
          "LEX": "TOLD"
        },
        "start": 0,
        "end": 33
      },
      "V765257": {
        "id": "V765257",
        "indicator": "F",
        "type": "TELL",
        "word": "TELL",
        "roles": {
          "AGENT": "#V765244",
          "AGENT1": "#V765266",
          "FORMAL": "#V765279",
          "FREQUENCY": "#V765250",
          "TENSE": "PAST",
          "LEX": "TOLD",
          "WNSENSE": "tell%2:32:04::"
        },
        "start": 0,
        "end": 33
      },
      "V765244": {
        "id": "V765244",
        "indicator": "QUANTIFIER",
        "type": "REFERENTIAL-SEM",
        "word": "ONE",
        "roles": {
          "QUAN": "NONE",
          "LEX": "ONE",
          "WNSENSE": "entity%1:03:00"
        },
        "start": 0,
        "end": 7
      },
      "V765250": {
        "id": "V765250",
        "indicator": "F",
        "type": "FREQUENCY",
        "word": "EVER",
        "roles": {
          "FIGURE": "#V765257",
          "LEX": "EVER",
          "WNSENSE": "ever%4:02:04::"
        },
        "start": 7,
        "end": 12
      },
      "V765266": {
        "id": "V765266",
        "indicator": "PRO",
        "type": "PERSON",
        "word": "ME",
        "roles": {
          "PROFORM": "ME",
          "LEX": "ME",
          "WNSENSE": "person%1:03:00"
        },
        "start": 17,
        "end": 20
      },
      "V765279": {
        "id": "V765279",
        "indicator": "F",
        "type": "HAVE-PROPERTY",
        "word": "BE",
        "roles": {
          "NEUTRAL": "#V765270",
          "FORMAL": "#V765294",
          "PROP": "+",
          "TENSE": "PAST",
          "LEX": "WAS",
          "WNSENSE": "be%2:42:03::"
        },
        "start": 20,
        "end": 33
      },
      "V765270": {
        "id": "V765270",
        "indicator": "PRO",
        "type": "REFERENTIAL-SEM",
        "word": "IT",
        "roles": {
          "PROFORM": "IT",
          "LEX": "IT",
          "WNSENSE": "entity%1:03:00"
        },
        "start": 20,
        "end": 23
      },
      "V765294": {
        "id": "V765294",
        "indicator": "F",
        "type": "INCORRECT",
        "word": "WRONG",
        "roles": {
          "ORIENTATION": "NEG",
          "FIGURE": "#V765270",
          "SCALE": "CORRECTNESS-SCALE",
          "LEX": "WRONG",
          "WNSENSE": "wrong%3:00:04::"
        },
        "start": 27,
        "end": 33
      },
      "root": "#V766744"
    },
    {
      "V765300": {
        "id": "V765300",
        "indicator": "F",
        "type": "CONJUNCT",
        "word": "OR",
        "roles": {
          "LEX": "OR"
        },
        "start": 33,
        "end": 36
      },
      "root": "#V765300"
    },
    {
      "V765354": {
        "id": "V765354",
        "indicator": "F",
        "type": "TELL",
        "word": "TELL",
        "roles": {
          "AGENT": "#V765333",
          "TENSE": "PAST",
          "MODALITY": "(:* SHOULD SHOULD)",
          "LEX": "TELL",
          "WNSENSE": "tell%2:32:04::"
        },
        "start": 36,
        "end": 55
      },
      "V765333": {
        "id": "V765333",
        "indicator": "PRO",
        "type": "PERSON",
        "word": "I",
        "roles": {
          "PROFORM": "I",
          "LEX": "I",
          "WNSENSE": "person%1:03:00"
        },
        "start": 41,
        "end": 43
      },
      "root": "#V765354"
    },
    {
      "V766794": {
        "id": "V766794",
        "indicator": "SPEECHACT",
        "type": "SA_TELL",
        "word": null,
        "roles": {
          "CONTENT": "#V765257",
          "LEX": "TOLD"
        },
        "start": 0,
        "end": 33
      },
      "V765257": {
        "id": "V765257",
        "indicator": "F",
        "type": "TELL",
        "word": "TELL",
        "roles": {
          "AGENT": "#V765244",
          "AGENT1": "#V765266",
          "FORMAL": "#V765279",
          "FREQUENCY": "#V765250",
          "TENSE": "PAST",
          "LEX": "TOLD",
          "WNSENSE": "tell%2:32:04::"
        },
        "start": 0,
        "end": 33
      },
      "V765244": {
        "id": "V765244",
        "indicator": "QUANTIFIER",
        "type": "REFERENTIAL-SEM",
        "word": "ONE",
        "roles": {
          "QUAN": "NONE",
          "LEX": "ONE",
          "WNSENSE": "entity%1:03:00"
        },
        "start": 0,
        "end": 7
      },
      "V765250": {
        "id": "V765250",
        "indicator": "F",
        "type": "FREQUENCY",
        "word": "EVER",
        "roles": {
          "FIGURE": "#V765257",
          "LEX": "EVER",
          "WNSENSE": "ever%4:02:04::"
        },
        "start": 7,
        "end": 12
      },
      "V765266": {
        "id": "V765266",
        "indicator": "PRO",
        "type": "PERSON",
        "word": "ME",
        "roles": {
          "PROFORM": "ME",
          "LEX": "ME",
          "WNSENSE": "person%1:03:00"
        },
        "start": 17,
        "end": 20
      },
      "V765279": {
        "id": "V765279",
        "indicator": "F",
        "type": "HAVE-PROPERTY",
        "word": "BE",
        "roles": {
          "NEUTRAL": "#V765485",
          "FORMAL": "#V765293",
          "PROP": "+",
          "TENSE": "PAST",
          "LEX": "WAS",
          "WNSENSE": "be%2:42:03::"
        },
        "start": 20,
        "end": 33
      },
      "V765485": {
        "id": "V765485",
        "indicator": "THE",
        "type": "QUANTITY-ABSTR",
        "word": null,
        "roles": {
          "FIGURE": "#V765270"
        },
        "start": 20,
        "end": 23
      },
      "V765270": {
        "id": "V765270",
        "indicator": "PRO",
        "type": "REFERENTIAL-SEM",
        "word": "IT",
        "roles": {
          "PROFORM": "IT",
          "LEX": "IT",
          "WNSENSE": "entity%1:03:00"
        },
        "start": 20,
        "end": 23
      },
      "V765293": {
        "id": "V765293",
        "indicator": "F",
        "type": "INCORRECT",
        "word": "WRONG",
        "roles": {
          "ORIENTATION": "NEG",
          "FIGURE": "#V765485",
          "SCALE": "CORRECTNESS-SCALE",
          "LEX": "WRONG",
          "WNSENSE": "wrong%3:00:04::"
        },
        "start": 27,
        "end": 33
      },
      "root": "#V766794"
    },
    {
      "V765300": {
        "id": "V765300",
        "indicator": "F",
        "type": "CONJUNCT",
        "word": "OR",
        "roles": {
          "LEX": "OR"
        },
        "start": 33,
        "end": 36
      },
      "root": "#V765300"
    },
    {
      "V765355": {
        "id": "V765355",
        "indicator": "F",
        "type": "TELL",
        "word": "TELL",
        "roles": {
          "AGENT": "#V765333",
          "TENSE": "PRES",
          "MODALITY": "(:* SHOULD SHOULD)",
          "LEX": "TELL",
          "WNSENSE": "tell%2:32:04::"
        },
        "start": 36,
        "end": 55
      },
      "V765333": {
        "id": "V765333",
        "indicator": "PRO",
        "type": "PERSON",
        "word": "I",
        "roles": {
          "PROFORM": "I",
          "LEX": "I",
          "WNSENSE": "person%1:03:00"
        },
        "start": 41,
        "end": 43
      },
      "root": "#V765355"
    },
    {
      "V766794": {
        "id": "V766794",
        "indicator": "SPEECHACT",
        "type": "SA_TELL",
        "word": null,
        "roles": {
          "CONTENT": "#V765257",
          "LEX": "TOLD"
        },
        "start": 0,
        "end": 33
      },
      "V765257": {
        "id": "V765257",
        "indicator": "F",
        "type": "TELL",
        "word": "TELL",
        "roles": {
          "AGENT": "#V765244",
          "AGENT1": "#V765266",
          "FORMAL": "#V765279",
          "FREQUENCY": "#V765250",
          "TENSE": "PAST",
          "LEX": "TOLD",
          "WNSENSE": "tell%2:32:04::"
        },
        "start": 0,
        "end": 33
      },
      "V765244": {
        "id": "V765244",
        "indicator": "QUANTIFIER",
        "type": "REFERENTIAL-SEM",
        "word": "ONE",
        "roles": {
          "QUAN": "NONE",
          "LEX": "ONE",
          "WNSENSE": "entity%1:03:00"
        },
        "start": 0,
        "end": 7
      },
      "V765250": {
        "id": "V765250",
        "indicator": "F",
        "type": "FREQUENCY",
        "word": "EVER",
        "roles": {
          "FIGURE": "#V765257",
          "LEX": "EVER",
          "WNSENSE": "ever%4:02:04::"
        },
        "start": 7,
        "end": 12
      },
      "V765266": {
        "id": "V765266",
        "indicator": "PRO",
        "type": "PERSON",
        "word": "ME",
        "roles": {
          "PROFORM": "ME",
          "LEX": "ME",
          "WNSENSE": "person%1:03:00"
        },
        "start": 17,
        "end": 20
      },
      "V765279": {
        "id": "V765279",
        "indicator": "F",
        "type": "HAVE-PROPERTY",
        "word": "BE",
        "roles": {
          "NEUTRAL": "#V765485",
          "FORMAL": "#V765293",
          "PROP": "+",
          "TENSE": "PAST",
          "LEX": "WAS",
          "WNSENSE": "be%2:42:03::"
        },
        "start": 20,
        "end": 33
      },
      "V765485": {
        "id": "V765485",
        "indicator": "THE",
        "type": "QUANTITY-ABSTR",
        "word": null,
        "roles": {
          "FIGURE": "#V765270"
        },
        "start": 20,
        "end": 23
      },
      "V765270": {
        "id": "V765270",
        "indicator": "PRO",
        "type": "REFERENTIAL-SEM",
        "word": "IT",
        "roles": {
          "PROFORM": "IT",
          "LEX": "IT",
          "WNSENSE": "entity%1:03:00"
        },
        "start": 20,
        "end": 23
      },
      "V765293": {
        "id": "V765293",
        "indicator": "F",
        "type": "INCORRECT",
        "word": "WRONG",
        "roles": {
          "ORIENTATION": "NEG",
          "FIGURE": "#V765485",
          "SCALE": "CORRECTNESS-SCALE",
          "LEX": "WRONG",
          "WNSENSE": "wrong%3:00:04::"
        },
        "start": 27,
        "end": 33
      },
      "root": "#V766794"
    },
    {
      "V765300": {
        "id": "V765300",
        "indicator": "F",
        "type": "CONJUNCT",
        "word": "OR",
        "roles": {
          "LEX": "OR"
        },
        "start": 33,
        "end": 36
      },
      "root": "#V765300"
    },
    {
      "V765355": {
        "id": "V765355",
        "indicator": "F",
        "type": "TELL",
        "word": "TELL",
        "roles": {
          "AGENT": "#V765333",
          "TENSE": "PAST",
          "MODALITY": "(:* SHOULD SHOULD)",
          "LEX": "TELL",
          "WNSENSE": "tell%2:32:04::"
        },
        "start": 36,
        "end": 55
      },
      "V765333": {
        "id": "V765333",
        "indicator": "PRO",
        "type": "PERSON",
        "word": "I",
        "roles": {
          "PROFORM": "I",
          "LEX": "I",
          "WNSENSE": "person%1:03:00"
        },
        "start": 41,
        "end": 43
      },
      "root": "#V765355"
    },
    {
      "V766794": {
        "id": "V766794",
        "indicator": "SPEECHACT",
        "type": "SA_TELL",
        "word": null,
        "roles": {
          "CONTENT": "#V765257",
          "LEX": "TOLD"
        },
        "start": 0,
        "end": 33
      },
      "V765257": {
        "id": "V765257",
        "indicator": "F",
        "type": "TELL",
        "word": "TELL",
        "roles": {
          "AGENT": "#V765244",
          "AGENT1": "#V765266",
          "FORMAL": "#V765279",
          "FREQUENCY": "#V765250",
          "TENSE": "PAST",
          "LEX": "TOLD",
          "WNSENSE": "tell%2:32:04::"
        },
        "start": 0,
        "end": 33
      },
      "V765244": {
        "id": "V765244",
        "indicator": "QUANTIFIER",
        "type": "REFERENTIAL-SEM",
        "word": "ONE",
        "roles": {
          "QUAN": "NONE",
          "LEX": "ONE",
          "WNSENSE": "entity%1:03:00"
        },
        "start": 0,
        "end": 7
      },
      "V765250": {
        "id": "V765250",
        "indicator": "F",
        "type": "FREQUENCY",
        "word": "EVER",
        "roles": {
          "FIGURE": "#V765257",
          "LEX": "EVER",
          "WNSENSE": "ever%4:02:04::"
        },
        "start": 7,
        "end": 12
      },
      "V765266": {
        "id": "V765266",
        "indicator": "PRO",
        "type": "PERSON",
        "word": "ME",
        "roles": {
          "PROFORM": "ME",
          "LEX": "ME",
          "WNSENSE": "person%1:03:00"
        },
        "start": 17,
        "end": 20
      },
      "V765279": {
        "id": "V765279",
        "indicator": "F",
        "type": "HAVE-PROPERTY",
        "word": "BE",
        "roles": {
          "NEUTRAL": "#V765485",
          "FORMAL": "#V765293",
          "PROP": "+",
          "TENSE": "PAST",
          "LEX": "WAS",
          "WNSENSE": "be%2:42:03::"
        },
        "start": 20,
        "end": 33
      },
      "V765485": {
        "id": "V765485",
        "indicator": "THE",
        "type": "QUANTITY-ABSTR",
        "word": null,
        "roles": {
          "FIGURE": "#V765270"
        },
        "start": 20,
        "end": 23
      },
      "V765270": {
        "id": "V765270",
        "indicator": "PRO",
        "type": "REFERENTIAL-SEM",
        "word": "IT",
        "roles": {
          "PROFORM": "IT",
          "LEX": "IT",
          "WNSENSE": "entity%1:03:00"
        },
        "start": 20,
        "end": 23
      },
      "V765293": {
        "id": "V765293",
        "indicator": "F",
        "type": "INCORRECT",
        "word": "WRONG",
        "roles": {
          "ORIENTATION": "NEG",
          "FIGURE": "#V765485",
          "SCALE": "CORRECTNESS-SCALE",
          "LEX": "WRONG",
          "WNSENSE": "wrong%3:00:04::"
        },
        "start": 27,
        "end": 33
      },
      "root": "#V766794"
    },
    {
      "V765300": {
        "id": "V765300",
        "indicator": "F",
        "type": "CONJUNCT",
        "word": "OR",
        "roles": {
          "LEX": "OR"
        },
        "start": 33,
        "end": 36
      },
      "root": "#V765300"
    },
    {
      "V765354": {
        "id": "V765354",
        "indicator": "F",
        "type": "TELL",
        "word": "TELL",
        "roles": {
          "AGENT": "#V765333",
          "TENSE": "PRES",
          "MODALITY": "(:* SHOULD SHOULD)",
          "LEX": "TELL",
          "WNSENSE": "tell%2:32:04::"
        },
        "start": 36,
        "end": 55
      },
      "V765333": {
        "id": "V765333",
        "indicator": "PRO",
        "type": "PERSON",
        "word": "I",
        "roles": {
          "PROFORM": "I",
          "LEX": "I",
          "WNSENSE": "person%1:03:00"
        },
        "start": 41,
        "end": 43
      },
      "root": "#V765354"
    },
    {
      "V766794": {
        "id": "V766794",
        "indicator": "SPEECHACT",
        "type": "SA_TELL",
        "word": null,
        "roles": {
          "CONTENT": "#V765257",
          "LEX": "TOLD"
        },
        "start": 0,
        "end": 33
      },
      "V765257": {
        "id": "V765257",
        "indicator": "F",
        "type": "TELL",
        "word": "TELL",
        "roles": {
          "AGENT": "#V765244",
          "AGENT1": "#V765266",
          "FORMAL": "#V765279",
          "FREQUENCY": "#V765250",
          "TENSE": "PAST",
          "LEX": "TOLD",
          "WNSENSE": "tell%2:32:04::"
        },
        "start": 0,
        "end": 33
      },
      "V765244": {
        "id": "V765244",
        "indicator": "QUANTIFIER",
        "type": "REFERENTIAL-SEM",
        "word": "ONE",
        "roles": {
          "QUAN": "NONE",
          "LEX": "ONE",
          "WNSENSE": "entity%1:03:00"
        },
        "start": 0,
        "end": 7
      },
      "V765250": {
        "id": "V765250",
        "indicator": "F",
        "type": "FREQUENCY",
        "word": "EVER",
        "roles": {
          "FIGURE": "#V765257",
          "LEX": "EVER",
          "WNSENSE": "ever%4:02:04::"
        },
        "start": 7,
        "end": 12
      },
      "V765266": {
        "id": "V765266",
        "indicator": "PRO",
        "type": "PERSON",
        "word": "ME",
        "roles": {
          "PROFORM": "ME",
          "LEX": "ME",
          "WNSENSE": "person%1:03:00"
        },
        "start": 17,
        "end": 20
      },
      "V765279": {
        "id": "V765279",
        "indicator": "F",
        "type": "HAVE-PROPERTY",
        "word": "BE",
        "roles": {
          "NEUTRAL": "#V765485",
          "FORMAL": "#V765293",
          "PROP": "+",
          "TENSE": "PAST",
          "LEX": "WAS",
          "WNSENSE": "be%2:42:03::"
        },
        "start": 20,
        "end": 33
      },
      "V765485": {
        "id": "V765485",
        "indicator": "THE",
        "type": "QUANTITY-ABSTR",
        "word": null,
        "roles": {
          "FIGURE": "#V765270"
        },
        "start": 20,
        "end": 23
      },
      "V765270": {
        "id": "V765270",
        "indicator": "PRO",
        "type": "REFERENTIAL-SEM",
        "word": "IT",
        "roles": {
          "PROFORM": "IT",
          "LEX": "IT",
          "WNSENSE": "entity%1:03:00"
        },
        "start": 20,
        "end": 23
      },
      "V765293": {
        "id": "V765293",
        "indicator": "F",
        "type": "INCORRECT",
        "word": "WRONG",
        "roles": {
          "ORIENTATION": "NEG",
          "FIGURE": "#V765485",
          "SCALE": "CORRECTNESS-SCALE",
          "LEX": "WRONG",
          "WNSENSE": "wrong%3:00:04::"
        },
        "start": 27,
        "end": 33
      },
      "root": "#V766794"
    },
    {
      "V765300": {
        "id": "V765300",
        "indicator": "F",
        "type": "CONJUNCT",
        "word": "OR",
        "roles": {
          "LEX": "OR"
        },
        "start": 33,
        "end": 36
      },
      "root": "#V765300"
    },
    {
      "V765354": {
        "id": "V765354",
        "indicator": "F",
        "type": "TELL",
        "word": "TELL",
        "roles": {
          "AGENT": "#V765333",
          "TENSE": "PAST",
          "MODALITY": "(:* SHOULD SHOULD)",
          "LEX": "TELL",
          "WNSENSE": "tell%2:32:04::"
        },
        "start": 36,
        "end": 55
      },
      "V765333": {
        "id": "V765333",
        "indicator": "PRO",
        "type": "PERSON",
        "word": "I",
        "roles": {
          "PROFORM": "I",
          "LEX": "I",
          "WNSENSE": "person%1:03:00"
        },
        "start": 41,
        "end": 43
      },
      "root": "#V765354"
    },
    {
      "V766791": {
        "id": "V766791",
        "indicator": "SPEECHACT",
        "type": "SA_TELL",
        "word": null,
        "roles": {
          "CONTENT": "#V765257",
          "LEX": "TOLD"
        },
        "start": 0,
        "end": 33
      },
      "V765257": {
        "id": "V765257",
        "indicator": "F",
        "type": "TELL",
        "word": "TELL",
        "roles": {
          "AGENT": "#V765244",
          "AGENT1": "#V765266",
          "FORMAL": "#V765279",
          "FREQUENCY": "#V765250",
          "TENSE": "PAST",
          "LEX": "TOLD",
          "WNSENSE": "tell%2:32:04::"
        },
        "start": 0,
        "end": 33
      },
      "V765244": {
        "id": "V765244",
        "indicator": "QUANTIFIER",
        "type": "REFERENTIAL-SEM",
        "word": "ONE",
        "roles": {
          "QUAN": "NONE",
          "LEX": "ONE",
          "WNSENSE": "entity%1:03:00"
        },
        "start": 0,
        "end": 7
      },
      "V765250": {
        "id": "V765250",
        "indicator": "F",
        "type": "FREQUENCY",
        "word": "EVER",
        "roles": {
          "FIGURE": "#V765257",
          "LEX": "EVER",
          "WNSENSE": "ever%4:02:04::"
        },
        "start": 7,
        "end": 12
      },
      "V765266": {
        "id": "V765266",
        "indicator": "PRO",
        "type": "PERSON",
        "word": "ME",
        "roles": {
          "PROFORM": "ME",
          "LEX": "ME",
          "WNSENSE": "person%1:03:00"
        },
        "start": 17,
        "end": 20
      },
      "V765279": {
        "id": "V765279",
        "indicator": "F",
        "type": "HAVE-PROPERTY",
        "word": "BE",
        "roles": {
          "NEUTRAL": "#V765485",
          "FORMAL": "#V765294",
          "PROP": "+",
          "TENSE": "PAST",
          "LEX": "WAS",
          "WNSENSE": "be%2:42:03::"
        },
        "start": 20,
        "end": 33
      },
      "V765485": {
        "id": "V765485",
        "indicator": "THE",
        "type": "QUANTITY-ABSTR",
        "word": null,
        "roles": {
          "FIGURE": "#V765270"
        },
        "start": 20,
        "end": 23
      },
      "V765270": {
        "id": "V765270",
        "indicator": "PRO",
        "type": "REFERENTIAL-SEM",
        "word": "IT",
        "roles": {
          "PROFORM": "IT",
          "LEX": "IT",
          "WNSENSE": "entity%1:03:00"
        },
        "start": 20,
        "end": 23
      },
      "V765294": {
        "id": "V765294",
        "indicator": "F",
        "type": "INCORRECT",
        "word": "WRONG",
        "roles": {
          "ORIENTATION": "NEG",
          "FIGURE": "#V765485",
          "SCALE": "CORRECTNESS-SCALE",
          "LEX": "WRONG",
          "WNSENSE": "wrong%3:00:04::"
        },
        "start": 27,
        "end": 33
      },
      "root": "#V766791"
    },
    {
      "V765300": {
        "id": "V765300",
        "indicator": "F",
        "type": "CONJUNCT",
        "word": "OR",
        "roles": {
          "LEX": "OR"
        },
        "start": 33,
        "end": 36
      },
      "root": "#V765300"
    },
    {
      "V765355": {
        "id": "V765355",
        "indicator": "F",
        "type": "TELL",
        "word": "TELL",
        "roles": {
          "AGENT": "#V765333",
          "TENSE": "PRES",
          "MODALITY": "(:* SHOULD SHOULD)",
          "LEX": "TELL",
          "WNSENSE": "tell%2:32:04::"
        },
        "start": 36,
        "end": 55
      },
      "V765333": {
        "id": "V765333",
        "indicator": "PRO",
        "type": "PERSON",
        "word": "I",
        "roles": {
          "PROFORM": "I",
          "LEX": "I",
          "WNSENSE": "person%1:03:00"
        },
        "start": 41,
        "end": 43
      },
      "root": "#V765355"
    },
    {
      "V766791": {
        "id": "V766791",
        "indicator": "SPEECHACT",
        "type": "SA_TELL",
        "word": null,
        "roles": {
          "CONTENT": "#V765257",
          "LEX": "TOLD"
        },
        "start": 0,
        "end": 33
      },
      "V765257": {
        "id": "V765257",
        "indicator": "F",
        "type": "TELL",
        "word": "TELL",
        "roles": {
          "AGENT": "#V765244",
          "AGENT1": "#V765266",
          "FORMAL": "#V765279",
          "FREQUENCY": "#V765250",
          "TENSE": "PAST",
          "LEX": "TOLD",
          "WNSENSE": "tell%2:32:04::"
        },
        "start": 0,
        "end": 33
      },
      "V765244": {
        "id": "V765244",
        "indicator": "QUANTIFIER",
        "type": "REFERENTIAL-SEM",
        "word": "ONE",
        "roles": {
          "QUAN": "NONE",
          "LEX": "ONE",
          "WNSENSE": "entity%1:03:00"
        },
        "start": 0,
        "end": 7
      },
      "V765250": {
        "id": "V765250",
        "indicator": "F",
        "type": "FREQUENCY",
        "word": "EVER",
        "roles": {
          "FIGURE": "#V765257",
          "LEX": "EVER",
          "WNSENSE": "ever%4:02:04::"
        },
        "start": 7,
        "end": 12
      },
      "V765266": {
        "id": "V765266",
        "indicator": "PRO",
        "type": "PERSON",
        "word": "ME",
        "roles": {
          "PROFORM": "ME",
          "LEX": "ME",
          "WNSENSE": "person%1:03:00"
        },
        "start": 17,
        "end": 20
      },
      "V765279": {
        "id": "V765279",
        "indicator": "F",
        "type": "HAVE-PROPERTY",
        "word": "BE",
        "roles": {
          "NEUTRAL": "#V765485",
          "FORMAL": "#V765294",
          "PROP": "+",
          "TENSE": "PAST",
          "LEX": "WAS",
          "WNSENSE": "be%2:42:03::"
        },
        "start": 20,
        "end": 33
      },
      "V765485": {
        "id": "V765485",
        "indicator": "THE",
        "type": "QUANTITY-ABSTR",
        "word": null,
        "roles": {
          "FIGURE": "#V765270"
        },
        "start": 20,
        "end": 23
      },
      "V765270": {
        "id": "V765270",
        "indicator": "PRO",
        "type": "REFERENTIAL-SEM",
        "word": "IT",
        "roles": {
          "PROFORM": "IT",
          "LEX": "IT",
          "WNSENSE": "entity%1:03:00"
        },
        "start": 20,
        "end": 23
      },
      "V765294": {
        "id": "V765294",
        "indicator": "F",
        "type": "INCORRECT",
        "word": "WRONG",
        "roles": {
          "ORIENTATION": "NEG",
          "FIGURE": "#V765485",
          "SCALE": "CORRECTNESS-SCALE",
          "LEX": "WRONG",
          "WNSENSE": "wrong%3:00:04::"
        },
        "start": 27,
        "end": 33
      },
      "root": "#V766791"
    },
    {
      "V765300": {
        "id": "V765300",
        "indicator": "F",
        "type": "CONJUNCT",
        "word": "OR",
        "roles": {
          "LEX": "OR"
        },
        "start": 33,
        "end": 36
      },
      "root": "#V765300"
    },
    {
      "V765355": {
        "id": "V765355",
        "indicator": "F",
        "type": "TELL",
        "word": "TELL",
        "roles": {
          "AGENT": "#V765333",
          "TENSE": "PAST",
          "MODALITY": "(:* SHOULD SHOULD)",
          "LEX": "TELL",
          "WNSENSE": "tell%2:32:04::"
        },
        "start": 36,
        "end": 55
      },
      "V765333": {
        "id": "V765333",
        "indicator": "PRO",
        "type": "PERSON",
        "word": "I",
        "roles": {
          "PROFORM": "I",
          "LEX": "I",
          "WNSENSE": "person%1:03:00"
        },
        "start": 41,
        "end": 43
      },
      "root": "#V765355"
    },
    {
      "V766791": {
        "id": "V766791",
        "indicator": "SPEECHACT",
        "type": "SA_TELL",
        "word": null,
        "roles": {
          "CONTENT": "#V765257",
          "LEX": "TOLD"
        },
        "start": 0,
        "end": 33
      },
      "V765257": {
        "id": "V765257",
        "indicator": "F",
        "type": "TELL",
        "word": "TELL",
        "roles": {
          "AGENT": "#V765244",
          "AGENT1": "#V765266",
          "FORMAL": "#V765279",
          "FREQUENCY": "#V765250",
          "TENSE": "PAST",
          "LEX": "TOLD",
          "WNSENSE": "tell%2:32:04::"
        },
        "start": 0,
        "end": 33
      },
      "V765244": {
        "id": "V765244",
        "indicator": "QUANTIFIER",
        "type": "REFERENTIAL-SEM",
        "word": "ONE",
        "roles": {
          "QUAN": "NONE",
          "LEX": "ONE",
          "WNSENSE": "entity%1:03:00"
        },
        "start": 0,
        "end": 7
      },
      "V765250": {
        "id": "V765250",
        "indicator": "F",
        "type": "FREQUENCY",
        "word": "EVER",
        "roles": {
          "FIGURE": "#V765257",
          "LEX": "EVER",
          "WNSENSE": "ever%4:02:04::"
        },
        "start": 7,
        "end": 12
      },
      "V765266": {
        "id": "V765266",
        "indicator": "PRO",
        "type": "PERSON",
        "word": "ME",
        "roles": {
          "PROFORM": "ME",
          "LEX": "ME",
          "WNSENSE": "person%1:03:00"
        },
        "start": 17,
        "end": 20
      },
      "V765279": {
        "id": "V765279",
        "indicator": "F",
        "type": "HAVE-PROPERTY",
        "word": "BE",
        "roles": {
          "NEUTRAL": "#V765485",
          "FORMAL": "#V765294",
          "PROP": "+",
          "TENSE": "PAST",
          "LEX": "WAS",
          "WNSENSE": "be%2:42:03::"
        },
        "start": 20,
        "end": 33
      },
      "V765485": {
        "id": "V765485",
        "indicator": "THE",
        "type": "QUANTITY-ABSTR",
        "word": null,
        "roles": {
          "FIGURE": "#V765270"
        },
        "start": 20,
        "end": 23
      },
      "V765270": {
        "id": "V765270",
        "indicator": "PRO",
        "type": "REFERENTIAL-SEM",
        "word": "IT",
        "roles": {
          "PROFORM": "IT",
          "LEX": "IT",
          "WNSENSE": "entity%1:03:00"
        },
        "start": 20,
        "end": 23
      },
      "V765294": {
        "id": "V765294",
        "indicator": "F",
        "type": "INCORRECT",
        "word": "WRONG",
        "roles": {
          "ORIENTATION": "NEG",
          "FIGURE": "#V765485",
          "SCALE": "CORRECTNESS-SCALE",
          "LEX": "WRONG",
          "WNSENSE": "wrong%3:00:04::"
        },
        "start": 27,
        "end": 33
      },
      "root": "#V766791"
    },
    {
      "V765300": {
        "id": "V765300",
        "indicator": "F",
        "type": "CONJUNCT",
        "word": "OR",
        "roles": {
          "LEX": "OR"
        },
        "start": 33,
        "end": 36
      },
      "root": "#V765300"
    },
    {
      "V765354": {
        "id": "V765354",
        "indicator": "F",
        "type": "TELL",
        "word": "TELL",
        "roles": {
          "AGENT": "#V765333",
          "TENSE": "PRES",
          "MODALITY": "(:* SHOULD SHOULD)",
          "LEX": "TELL",
          "WNSENSE": "tell%2:32:04::"
        },
        "start": 36,
        "end": 55
      },
      "V765333": {
        "id": "V765333",
        "indicator": "PRO",
        "type": "PERSON",
        "word": "I",
        "roles": {
          "PROFORM": "I",
          "LEX": "I",
          "WNSENSE": "person%1:03:00"
        },
        "start": 41,
        "end": 43
      },
      "root": "#V765354"
    },
    {
      "V766791": {
        "id": "V766791",
        "indicator": "SPEECHACT",
        "type": "SA_TELL",
        "word": null,
        "roles": {
          "CONTENT": "#V765257",
          "LEX": "TOLD"
        },
        "start": 0,
        "end": 33
      },
      "V765257": {
        "id": "V765257",
        "indicator": "F",
        "type": "TELL",
        "word": "TELL",
        "roles": {
          "AGENT": "#V765244",
          "AGENT1": "#V765266",
          "FORMAL": "#V765279",
          "FREQUENCY": "#V765250",
          "TENSE": "PAST",
          "LEX": "TOLD",
          "WNSENSE": "tell%2:32:04::"
        },
        "start": 0,
        "end": 33
      },
      "V765244": {
        "id": "V765244",
        "indicator": "QUANTIFIER",
        "type": "REFERENTIAL-SEM",
        "word": "ONE",
        "roles": {
          "QUAN": "NONE",
          "LEX": "ONE",
          "WNSENSE": "entity%1:03:00"
        },
        "start": 0,
        "end": 7
      },
      "V765250": {
        "id": "V765250",
        "indicator": "F",
        "type": "FREQUENCY",
        "word": "EVER",
        "roles": {
          "FIGURE": "#V765257",
          "LEX": "EVER",
          "WNSENSE": "ever%4:02:04::"
        },
        "start": 7,
        "end": 12
      },
      "V765266": {
        "id": "V765266",
        "indicator": "PRO",
        "type": "PERSON",
        "word": "ME",
        "roles": {
          "PROFORM": "ME",
          "LEX": "ME",
          "WNSENSE": "person%1:03:00"
        },
        "start": 17,
        "end": 20
      },
      "V765279": {
        "id": "V765279",
        "indicator": "F",
        "type": "HAVE-PROPERTY",
        "word": "BE",
        "roles": {
          "NEUTRAL": "#V765485",
          "FORMAL": "#V765294",
          "PROP": "+",
          "TENSE": "PAST",
          "LEX": "WAS",
          "WNSENSE": "be%2:42:03::"
        },
        "start": 20,
        "end": 33
      },
      "V765485": {
        "id": "V765485",
        "indicator": "THE",
        "type": "QUANTITY-ABSTR",
        "word": null,
        "roles": {
          "FIGURE": "#V765270"
        },
        "start": 20,
        "end": 23
      },
      "V765270": {
        "id": "V765270",
        "indicator": "PRO",
        "type": "REFERENTIAL-SEM",
        "word": "IT",
        "roles": {
          "PROFORM": "IT",
          "LEX": "IT",
          "WNSENSE": "entity%1:03:00"
        },
        "start": 20,
        "end": 23
      },
      "V765294": {
        "id": "V765294",
        "indicator": "F",
        "type": "INCORRECT",
        "word": "WRONG",
        "roles": {
          "ORIENTATION": "NEG",
          "FIGURE": "#V765485",
          "SCALE": "CORRECTNESS-SCALE",
          "LEX": "WRONG",
          "WNSENSE": "wrong%3:00:04::"
        },
        "start": 27,
        "end": 33
      },
      "root": "#V766791"
    },
    {
      "V765300": {
        "id": "V765300",
        "indicator": "F",
        "type": "CONJUNCT",
        "word": "OR",
        "roles": {
          "LEX": "OR"
        },
        "start": 33,
        "end": 36
      },
      "root": "#V765300"
    },
    {
      "V765354": {
        "id": "V765354",
        "indicator": "F",
        "type": "TELL",
        "word": "TELL",
        "roles": {
          "AGENT": "#V765333",
          "TENSE": "PAST",
          "MODALITY": "(:* SHOULD SHOULD)",
          "LEX": "TELL",
          "WNSENSE": "tell%2:32:04::"
        },
        "start": 36,
        "end": 55
      },
      "V765333": {
        "id": "V765333",
        "indicator": "PRO",
        "type": "PERSON",
        "word": "I",
        "roles": {
          "PROFORM": "I",
          "LEX": "I",
          "WNSENSE": "person%1:03:00"
        },
        "start": 41,
        "end": 43
      },
      "root": "#V765354"
    },
    {
      "V766817": {
        "id": "V766817",
        "indicator": "SPEECHACT",
        "type": "SA_TELL",
        "word": null,
        "roles": {
          "CONTENT": "#V765257",
          "LEX": "TOLD"
        },
        "start": 0,
        "end": 33
      },
      "V765257": {
        "id": "V765257",
        "indicator": "F",
        "type": "TELL",
        "word": "TELL",
        "roles": {
          "AGENT": "#V765244",
          "AGENT1": "#V765266",
          "FORMAL": "#V765279",
          "FREQUENCY": "#V765250",
          "TENSE": "PAST",
          "LEX": "TOLD",
          "WNSENSE": "tell%2:32:04::"
        },
        "start": 0,
        "end": 33
      },
      "V765244": {
        "id": "V765244",
        "indicator": "QUANTIFIER",
        "type": "REFERENTIAL-SEM",
        "word": "ONE",
        "roles": {
          "QUAN": "NONE",
          "LEX": "ONE",
          "WNSENSE": "entity%1:03:00"
        },
        "start": 0,
        "end": 7
      },
      "V765250": {
        "id": "V765250",
        "indicator": "F",
        "type": "FREQUENCY",
        "word": "EVER",
        "roles": {
          "FIGURE": "#V765257",
          "LEX": "EVER",
          "WNSENSE": "ever%4:02:04::"
        },
        "start": 7,
        "end": 12
      },
      "V765266": {
        "id": "V765266",
        "indicator": "PRO",
        "type": "PERSON",
        "word": "ME",
        "roles": {
          "PROFORM": "ME",
          "LEX": "ME",
          "WNSENSE": "person%1:03:00"
        },
        "start": 17,
        "end": 20
      },
      "V765279": {
        "id": "V765279",
        "indicator": "F",
        "type": "HAVE-PROPERTY",
        "word": "BE",
        "roles": {
          "NEUTRAL": "#V765270",
          "FORMAL": "#V765294",
          "PROP": "+",
          "TENSE": "PAST",
          "LEX": "WAS",
          "WNSENSE": "be%2:42:03::"
        },
        "start": 20,
        "end": 33
      },
      "V765270": {
        "id": "V765270",
        "indicator": "PRO",
        "type": "REFERENTIAL-SEM",
        "word": "IT",
        "roles": {
          "PROFORM": "IT",
          "LEX": "IT",
          "WNSENSE": "entity%1:03:00"
        },
        "start": 20,
        "end": 23
      },
      "V765294": {
        "id": "V765294",
        "indicator": "F",
        "type": "INCORRECT",
        "word": "WRONG",
        "roles": {
          "ORIENTATION": "NEG",
          "FIGURE": "#V765270",
          "SCALE": "CORRECTNESS-SCALE",
          "LEX": "WRONG",
          "WNSENSE": "wrong%3:00:04::"
        },
        "start": 27,
        "end": 33
      },
      "root": "#V766817"
    },
    {
      "V765300": {
        "id": "V765300",
        "indicator": "F",
        "type": "CONJUNCT",
        "word": "OR",
        "roles": {
          "LEX": "OR"
        },
        "start": 33,
        "end": 36
      },
      "root": "#V765300"
    },
    {
      "V765355": {
        "id": "V765355",
        "indicator": "F",
        "type": "TELL",
        "word": "TELL",
        "roles": {
          "AGENT": "#V765333",
          "TENSE": "PRES",
          "MODALITY": "(:* SHOULD SHOULD)",
          "LEX": "TELL",
          "WNSENSE": "tell%2:32:04::"
        },
        "start": 36,
        "end": 55
      },
      "V765333": {
        "id": "V765333",
        "indicator": "PRO",
        "type": "PERSON",
        "word": "I",
        "roles": {
          "PROFORM": "I",
          "LEX": "I",
          "WNSENSE": "person%1:03:00"
        },
        "start": 41,
        "end": 43
      },
      "root": "#V765355"
    },
    {
      "V766817": {
        "id": "V766817",
        "indicator": "SPEECHACT",
        "type": "SA_TELL",
        "word": null,
        "roles": {
          "CONTENT": "#V765257",
          "LEX": "TOLD"
        },
        "start": 0,
        "end": 33
      },
      "V765257": {
        "id": "V765257",
        "indicator": "F",
        "type": "TELL",
        "word": "TELL",
        "roles": {
          "AGENT": "#V765244",
          "AGENT1": "#V765266",
          "FORMAL": "#V765279",
          "FREQUENCY": "#V765250",
          "TENSE": "PAST",
          "LEX": "TOLD",
          "WNSENSE": "tell%2:32:04::"
        },
        "start": 0,
        "end": 33
      },
      "V765244": {
        "id": "V765244",
        "indicator": "QUANTIFIER",
        "type": "REFERENTIAL-SEM",
        "word": "ONE",
        "roles": {
          "QUAN": "NONE",
          "LEX": "ONE",
          "WNSENSE": "entity%1:03:00"
        },
        "start": 0,
        "end": 7
      },
      "V765250": {
        "id": "V765250",
        "indicator": "F",
        "type": "FREQUENCY",
        "word": "EVER",
        "roles": {
          "FIGURE": "#V765257",
          "LEX": "EVER",
          "WNSENSE": "ever%4:02:04::"
        },
        "start": 7,
        "end": 12
      },
      "V765266": {
        "id": "V765266",
        "indicator": "PRO",
        "type": "PERSON",
        "word": "ME",
        "roles": {
          "PROFORM": "ME",
          "LEX": "ME",
          "WNSENSE": "person%1:03:00"
        },
        "start": 17,
        "end": 20
      },
      "V765279": {
        "id": "V765279",
        "indicator": "F",
        "type": "HAVE-PROPERTY",
        "word": "BE",
        "roles": {
          "NEUTRAL": "#V765270",
          "FORMAL": "#V765294",
          "PROP": "+",
          "TENSE": "PAST",
          "LEX": "WAS",
          "WNSENSE": "be%2:42:03::"
        },
        "start": 20,
        "end": 33
      },
      "V765270": {
        "id": "V765270",
        "indicator": "PRO",
        "type": "REFERENTIAL-SEM",
        "word": "IT",
        "roles": {
          "PROFORM": "IT",
          "LEX": "IT",
          "WNSENSE": "entity%1:03:00"
        },
        "start": 20,
        "end": 23
      },
      "V765294": {
        "id": "V765294",
        "indicator": "F",
        "type": "INCORRECT",
        "word": "WRONG",
        "roles": {
          "ORIENTATION": "NEG",
          "FIGURE": "#V765270",
          "SCALE": "CORRECTNESS-SCALE",
          "LEX": "WRONG",
          "WNSENSE": "wrong%3:00:04::"
        },
        "start": 27,
        "end": 33
      },
      "root": "#V766817"
    },
    {
      "V765300": {
        "id": "V765300",
        "indicator": "F",
        "type": "CONJUNCT",
        "word": "OR",
        "roles": {
          "LEX": "OR"
        },
        "start": 33,
        "end": 36
      },
      "root": "#V765300"
    },
    {
      "V765355": {
        "id": "V765355",
        "indicator": "F",
        "type": "TELL",
        "word": "TELL",
        "roles": {
          "AGENT": "#V765333",
          "TENSE": "PAST",
          "MODALITY": "(:* SHOULD SHOULD)",
          "LEX": "TELL",
          "WNSENSE": "tell%2:32:04::"
        },
        "start": 36,
        "end": 55
      },
      "V765333": {
        "id": "V765333",
        "indicator": "PRO",
        "type": "PERSON",
        "word": "I",
        "roles": {
          "PROFORM": "I",
          "LEX": "I",
          "WNSENSE": "person%1:03:00"
        },
        "start": 41,
        "end": 43
      },
      "root": "#V765355"
    },
    {
      "V766817": {
        "id": "V766817",
        "indicator": "SPEECHACT",
        "type": "SA_TELL",
        "word": null,
        "roles": {
          "CONTENT": "#V765257",
          "LEX": "TOLD"
        },
        "start": 0,
        "end": 33
      },
      "V765257": {
        "id": "V765257",
        "indicator": "F",
        "type": "TELL",
        "word": "TELL",
        "roles": {
          "AGENT": "#V765244",
          "AGENT1": "#V765266",
          "FORMAL": "#V765279",
          "FREQUENCY": "#V765250",
          "TENSE": "PAST",
          "LEX": "TOLD",
          "WNSENSE": "tell%2:32:04::"
        },
        "start": 0,
        "end": 33
      },
      "V765244": {
        "id": "V765244",
        "indicator": "QUANTIFIER",
        "type": "REFERENTIAL-SEM",
        "word": "ONE",
        "roles": {
          "QUAN": "NONE",
          "LEX": "ONE",
          "WNSENSE": "entity%1:03:00"
        },
        "start": 0,
        "end": 7
      },
      "V765250": {
        "id": "V765250",
        "indicator": "F",
        "type": "FREQUENCY",
        "word": "EVER",
        "roles": {
          "FIGURE": "#V765257",
          "LEX": "EVER",
          "WNSENSE": "ever%4:02:04::"
        },
        "start": 7,
        "end": 12
      },
      "V765266": {
        "id": "V765266",
        "indicator": "PRO",
        "type": "PERSON",
        "word": "ME",
        "roles": {
          "PROFORM": "ME",
          "LEX": "ME",
          "WNSENSE": "person%1:03:00"
        },
        "start": 17,
        "end": 20
      },
      "V765279": {
        "id": "V765279",
        "indicator": "F",
        "type": "HAVE-PROPERTY",
        "word": "BE",
        "roles": {
          "NEUTRAL": "#V765270",
          "FORMAL": "#V765294",
          "PROP": "+",
          "TENSE": "PAST",
          "LEX": "WAS",
          "WNSENSE": "be%2:42:03::"
        },
        "start": 20,
        "end": 33
      },
      "V765270": {
        "id": "V765270",
        "indicator": "PRO",
        "type": "REFERENTIAL-SEM",
        "word": "IT",
        "roles": {
          "PROFORM": "IT",
          "LEX": "IT",
          "WNSENSE": "entity%1:03:00"
        },
        "start": 20,
        "end": 23
      },
      "V765294": {
        "id": "V765294",
        "indicator": "F",
        "type": "INCORRECT",
        "word": "WRONG",
        "roles": {
          "ORIENTATION": "NEG",
          "FIGURE": "#V765270",
          "SCALE": "CORRECTNESS-SCALE",
          "LEX": "WRONG",
          "WNSENSE": "wrong%3:00:04::"
        },
        "start": 27,
        "end": 33
      },
      "root": "#V766817"
    },
    {
      "V765300": {
        "id": "V765300",
        "indicator": "F",
        "type": "CONJUNCT",
        "word": "OR",
        "roles": {
          "LEX": "OR"
        },
        "start": 33,
        "end": 36
      },
      "root": "#V765300"
    },
    {
      "V765354": {
        "id": "V765354",
        "indicator": "F",
        "type": "TELL",
        "word": "TELL",
        "roles": {
          "AGENT": "#V765333",
          "TENSE": "PRES",
          "MODALITY": "(:* SHOULD SHOULD)",
          "LEX": "TELL",
          "WNSENSE": "tell%2:32:04::"
        },
        "start": 36,
        "end": 55
      },
      "V765333": {
        "id": "V765333",
        "indicator": "PRO",
        "type": "PERSON",
        "word": "I",
        "roles": {
          "PROFORM": "I",
          "LEX": "I",
          "WNSENSE": "person%1:03:00"
        },
        "start": 41,
        "end": 43
      },
      "root": "#V765354"
    },
    {
      "V766817": {
        "id": "V766817",
        "indicator": "SPEECHACT",
        "type": "SA_TELL",
        "word": null,
        "roles": {
          "CONTENT": "#V765257",
          "LEX": "TOLD"
        },
        "start": 0,
        "end": 33
      },
      "V765257": {
        "id": "V765257",
        "indicator": "F",
        "type": "TELL",
        "word": "TELL",
        "roles": {
          "AGENT": "#V765244",
          "AGENT1": "#V765266",
          "FORMAL": "#V765279",
          "FREQUENCY": "#V765250",
          "TENSE": "PAST",
          "LEX": "TOLD",
          "WNSENSE": "tell%2:32:04::"
        },
        "start": 0,
        "end": 33
      },
      "V765244": {
        "id": "V765244",
        "indicator": "QUANTIFIER",
        "type": "REFERENTIAL-SEM",
        "word": "ONE",
        "roles": {
          "QUAN": "NONE",
          "LEX": "ONE",
          "WNSENSE": "entity%1:03:00"
        },
        "start": 0,
        "end": 7
      },
      "V765250": {
        "id": "V765250",
        "indicator": "F",
        "type": "FREQUENCY",
        "word": "EVER",
        "roles": {
          "FIGURE": "#V765257",
          "LEX": "EVER",
          "WNSENSE": "ever%4:02:04::"
        },
        "start": 7,
        "end": 12
      },
      "V765266": {
        "id": "V765266",
        "indicator": "PRO",
        "type": "PERSON",
        "word": "ME",
        "roles": {
          "PROFORM": "ME",
          "LEX": "ME",
          "WNSENSE": "person%1:03:00"
        },
        "start": 17,
        "end": 20
      },
      "V765279": {
        "id": "V765279",
        "indicator": "F",
        "type": "HAVE-PROPERTY",
        "word": "BE",
        "roles": {
          "NEUTRAL": "#V765270",
          "FORMAL": "#V765294",
          "PROP": "+",
          "TENSE": "PAST",
          "LEX": "WAS",
          "WNSENSE": "be%2:42:03::"
        },
        "start": 20,
        "end": 33
      },
      "V765270": {
        "id": "V765270",
        "indicator": "PRO",
        "type": "REFERENTIAL-SEM",
        "word": "IT",
        "roles": {
          "PROFORM": "IT",
          "LEX": "IT",
          "WNSENSE": "entity%1:03:00"
        },
        "start": 20,
        "end": 23
      },
      "V765294": {
        "id": "V765294",
        "indicator": "F",
        "type": "INCORRECT",
        "word": "WRONG",
        "roles": {
          "ORIENTATION": "NEG",
          "FIGURE": "#V765270",
          "SCALE": "CORRECTNESS-SCALE",
          "LEX": "WRONG",
          "WNSENSE": "wrong%3:00:04::"
        },
        "start": 27,
        "end": 33
      },
      "root": "#V766817"
    },
    {
      "V765300": {
        "id": "V765300",
        "indicator": "F",
        "type": "CONJUNCT",
        "word": "OR",
        "roles": {
          "LEX": "OR"
        },
        "start": 33,
        "end": 36
      },
      "root": "#V765300"
    },
    {
      "V765354": {
        "id": "V765354",
        "indicator": "F",
        "type": "TELL",
        "word": "TELL",
        "roles": {
          "AGENT": "#V765333",
          "TENSE": "PAST",
          "MODALITY": "(:* SHOULD SHOULD)",
          "LEX": "TELL",
          "WNSENSE": "tell%2:32:04::"
        },
        "start": 36,
        "end": 55
      },
      "V765333": {
        "id": "V765333",
        "indicator": "PRO",
        "type": "PERSON",
        "word": "I",
        "roles": {
          "PROFORM": "I",
          "LEX": "I",
          "WNSENSE": "person%1:03:00"
        },
        "start": 41,
        "end": 43
      },
      "root": "#V765354"
    }
  ],
  "inputtags": [],
  "debug": [
    "*last-utt-id*=NIL  utt-id+130",
    "*last-utt-id*=130  utt-id+130",
    "*last-utt-id*=130  utt-id+130",
    "*last-utt-id*=130  utt-id+NIL"
  ]
}
