{
  "parse": [
    {
      "V2044071": {
        "id": "V2044071",
        "indicator": "SPEECHACT",
        "type": "SA_PRED-FRAGMENT",
        "word": null,
        "roles": {
          "PUNCTYPE": "DECL",
          "CONTENT": "#V2043812",
          "LEX": "AS"
        },
        "start": 0,
        "end": 22
      },
      "V2043812": {
        "id": "V2043812",
        "indicator": "F",
        "type": "MANNER",
        "word": "AS",
        "roles": {
          "GROUND": "#V2044061",
          "FIGURE": "#V2044072",
          "LEX": "AS",
          "WNSENSE": "as%4:02:00::"
        },
        "start": 0,
        "end": 22
      },
      "V2044072": {
        "id": "V2044072",
        "indicator": "IMPRO",
        "type": "ANY-SEM",
        "word": null,
        "roles": {
          "COREF": "#V2043882"
        },
        "start": 0,
        "end": 22
      },
      "V2044061": {
        "id": "V2044061",
        "indicator": "THE",
        "type": "QUANTITY-ABSTR",
        "word": null,
        "roles": {
          "FIGURE": "#V2043882"
        },
        "start": 3,
        "end": 22
      },
      "V2043882": {
        "id": "V2043882",
        "indicator": "A",
        "type": "FEMALE-CHILD",
        "word": "GIRL",
        "roles": {
          "LOCATION": "#V2043920",
          "LEX": "GIRL",
          "WNSENSE": "girl%1:18:02::"
        },
        "start": 3,
        "end": 22
      },
      "V2043920": {
        "id": "V2043920",
        "indicator": "F",
        "type": "AT-SCALE-VALUE",
        "word": null,
        "roles": {
          "FIGURE": "#V2043882",
          "GROUND": "#V2043867",
          "SCALE": "AGE-SCALE",
          "LEX": "OLD"
        },
        "start": 6,
        "end": 17
      },
      "V2043867": {
        "id": "V2043867",
        "indicator": "A",
        "type": "QUANTITY-ABSTR",
        "word": null,
        "roles": {
          "UNIT": "(:* YEAR-DURATION YEAR)",
          "AMOUNT": "3"
        },
        "start": 6,
        "end": 17
      },
      "root": "#V2044071"
    }
  ],
  "inputtags": [],
  "debug": [
    "*last-utt-id*=NIL  utt-id+352",
    "*last-utt-id*=352  utt-id+NIL"
  ]
}
