{
  "parse": [
    {
      "V1977845": {
        "id": "V1977845",
        "indicator": "SPEECHACT",
        "type": "SA_IDENTIFY",
        "word": null,
        "roles": {
          "CONTENT": "#V1977795",
          "LEX": "IT"
        },
        "start": 0,
        "end": 3
      },
      "V1977795": {
        "id": "V1977795",
        "indicator": "PRO",
        "type": "REFERENTIAL-SEM",
        "word": "IT",
        "roles": {
          "PROFORM": "IT",
          "LEX": "IT",
          "WNSENSE": "entity%1:03:00"
        },
        "start": 0,
        "end": 3
      },
      "root": "#V1977845"
    },
    {
      "V1978034": {
        "id": "V1978034",
        "indicator": "SPEECHACT",
        "type": "SA_IDENTIFY",
        "word": null,
        "roles": {
          "PUNCTYPE": "DECL",
          "CONTENT": "#V1977927",
          "LEX": "S"
        },
        "start": 3,
        "end": 16
      },
      "V1977927": {
        "id": "V1977927",
        "indicator": "THE",
        "type": "REFERENTIAL-SEM",
        "word": null,
        "roles": {
          "SIZE": "#V1977801",
          "MOD": "#V1977815",
          "LEX": "S"
        },
        "start": 3,
        "end": 16
      },
      "V1977801": {
        "id": "V1977801",
        "indicator": "A",
        "type": "QUANTITY-ABSTR",
        "word": null,
        "roles": {
          "SCALE": "DURATION-SCALE",
          "UNIT": "(:* TIME-UNIT SECOND)",
          "AMOUNT": "PLURAL",
          "LEX": "S",
          "WNSENSE": "time_unit%1:28:00"
        },
        "start": 3,
        "end": 5
      },
      "V1977815": {
        "id": "V1977815",
        "indicator": "F",
        "type": "FRIGHTENING-VAL",
        "word": "TERRIFYING",
        "roles": {
          "ORIENTATION": "MORE",
          "INTENSITY": "MED",
          "FIGURE": "#V1977927",
          "SCALE": "FEAR-SCALE",
          "LEX": "TERRIFYING",
          "WNSENSE": "terrifying%5:00:00:alarming:00"
        },
        "start": 5,
        "end": 16
      },
      "root": "#V1978034"
    },
    {
      "V1977845": {
        "id": "V1977845",
        "indicator": "SPEECHACT",
        "type": "SA_IDENTIFY",
        "word": null,
        "roles": {
          "CONTENT": "#V1977795",
          "LEX": "IT"
        },
        "start": 0,
        "end": 3
      },
      "V1977795": {
        "id": "V1977795",
        "indicator": "PRO",
        "type": "REFERENTIAL-SEM",
        "word": "IT",
        "roles": {
          "PROFORM": "IT",
          "LEX": "IT",
          "WNSENSE": "entity%1:03:00"
        },
        "start": 0,
        "end": 3
      },
      "root": "#V1977845"
    },
    {
      "V1978032": {
        "id": "V1978032",
        "indicator": "SPEECHACT",
        "type": "SA_IDENTIFY",
        "word": null,
        "roles": {
          "PUNCTYPE": "DECL",
          "CONTENT": "#V1977926",
          "LEX": "S"
        },
        "start": 3,
        "end": 17
      },
      "V1977926": {
        "id": "V1977926",
        "indicator": "THE",
        "type": "REFERENTIAL-SEM",
        "word": null,
        "roles": {
          "QUANTITY": "#V1977801",
          "SCALE": "DURATION-SCALE",
          "UNIT": "(:* TIME-UNIT SECOND)",
          "AMOUNT": "PLURAL",
          "MOD": "#V1977815",
          "LEX": "S"
        },
        "start": 3,
        "end": 16
      },
      "V1977801": {
        "id": "V1977801",
        "indicator": "A",
        "type": "QUANTITY-ABSTR",
        "word": null,
        "roles": {
          "SCALE": "DURATION-SCALE",
          "UNIT": "(:* TIME-UNIT SECOND)",
          "AMOUNT": "PLURAL",
          "LEX": "S",
          "WNSENSE": "time_unit%1:28:00"
        },
        "start": 3,
        "end": 5
      },
      "V1977815": {
        "id": "V1977815",
        "indicator": "F",
        "type": "FRIGHTENING-VAL",
        "word": "TERRIFYING",
        "roles": {
          "ORIENTATION": "MORE",
          "INTENSITY": "MED",
          "FIGURE": "#V1977926",
          "SCALE": "FEAR-SCALE",
          "LEX": "TERRIFYING",
          "WNSENSE": "terrifying%5:00:00:alarming:00"
        },
        "start": 5,
        "end": 16
      },
      "root": "#V1978032"
    },
    {
      "V1977845": {
        "id": "V1977845",
        "indicator": "SPEECHACT",
        "type": "SA_IDENTIFY",
        "word": null,
        "roles": {
          "CONTENT": "#V1977795",
          "LEX": "IT"
        },
        "start": 0,
        "end": 3
      },
      "V1977795": {
        "id": "V1977795",
        "indicator": "PRO",
        "type": "REFERENTIAL-SEM",
        "word": "IT",
        "roles": {
          "PROFORM": "IT",
          "LEX": "IT",
          "WNSENSE": "entity%1:03:00"
        },
        "start": 0,
        "end": 3
      },
      "root": "#V1977845"
    },
    {
      "V1978030": {
        "id": "V1978030",
        "indicator": "SPEECHACT",
        "type": "SA_IDENTIFY",
        "word": null,
        "roles": {
          "PUNCTYPE": "DECL",
          "CONTENT": "#V1977925",
          "LEX": "S"
        },
        "start": 3,
        "end": 17
      },
      "V1977925": {
        "id": "V1977925",
        "indicator": "THE",
        "type": "REFERENTIAL-SEM",
        "word": null,
        "roles": {
          "SIZE": "#V1977801",
          "MOD": "#V1977815",
          "LEX": "S"
        },
        "start": 3,
        "end": 16
      },
      "V1977801": {
        "id": "V1977801",
        "indicator": "A",
        "type": "QUANTITY-ABSTR",
        "word": null,
        "roles": {
          "SCALE": "DURATION-SCALE",
          "UNIT": "(:* TIME-UNIT SECOND)",
          "AMOUNT": "PLURAL",
          "LEX": "S",
          "WNSENSE": "time_unit%1:28:00"
        },
        "start": 3,
        "end": 5
      },
      "V1977815": {
        "id": "V1977815",
        "indicator": "F",
        "type": "FRIGHTENING-VAL",
        "word": "TERRIFYING",
        "roles": {
          "ORIENTATION": "MORE",
          "INTENSITY": "MED",
          "FIGURE": "#V1977925",
          "SCALE": "FEAR-SCALE",
          "LEX": "TERRIFYING",
          "WNSENSE": "terrifying%5:00:00:alarming:00"
        },
        "start": 5,
        "end": 16
      },
      "root": "#V1978030"
    },
    {
      "V1977845": {
        "id": "V1977845",
        "indicator": "SPEECHACT",
        "type": "SA_IDENTIFY",
        "word": null,
        "roles": {
          "CONTENT": "#V1977795",
          "LEX": "IT"
        },
        "start": 0,
        "end": 3
      },
      "V1977795": {
        "id": "V1977795",
        "indicator": "PRO",
        "type": "REFERENTIAL-SEM",
        "word": "IT",
        "roles": {
          "PROFORM": "IT",
          "LEX": "IT",
          "WNSENSE": "entity%1:03:00"
        },
        "start": 0,
        "end": 3
      },
      "root": "#V1977845"
    },
    {
      "V1978028": {
        "id": "V1978028",
        "indicator": "SPEECHACT",
        "type": "SA_IDENTIFY",
        "word": null,
        "roles": {
          "PUNCTYPE": "DECL",
          "CONTENT": "#V1977924",
          "LEX": "S"
        },
        "start": 3,
        "end": 17
      },
      "V1977924": {
        "id": "V1977924",
        "indicator": "THE",
        "type": "REFERENTIAL-SEM",
        "word": null,
        "roles": {
          "QUANTITY": "#V1977801",
          "SCALE": "DURATION-SCALE",
          "UNIT": "(:* TIME-UNIT SECOND)",
          "AMOUNT": "PLURAL",
          "MOD": "#V1977815",
          "LEX": "S"
        },
        "start": 3,
        "end": 16
      },
      "V1977801": {
        "id": "V1977801",
        "indicator": "A",
        "type": "QUANTITY-ABSTR",
        "word": null,
        "roles": {
          "SCALE": "DURATION-SCALE",
          "UNIT": "(:* TIME-UNIT SECOND)",
          "AMOUNT": "PLURAL",
          "LEX": "S",
          "WNSENSE": "time_unit%1:28:00"
        },
        "start": 3,
        "end": 5
      },
      "V1977815": {
        "id": "V1977815",
        "indicator": "F",
        "type": "FRIGHTENING-VAL",
        "word": "TERRIFYING",
        "roles": {
          "ORIENTATION": "MORE",
          "INTENSITY": "MED",
          "FIGURE": "#V1977924",
          "SCALE": "FEAR-SCALE",
          "LEX": "TERRIFYING",
          "WNSENSE": "terrifying%5:00:00:alarming:00"
        },
        "start": 5,
        "end": 16
      },
      "root": "#V1978028"
    },
    {
      "V1977845": {
        "id": "V1977845",
        "indicator": "SPEECHACT",
        "type": "SA_IDENTIFY",
        "word": null,
        "roles": {
          "CONTENT": "#V1977795",
          "LEX": "IT"
        },
        "start": 0,
        "end": 3
      },
      "V1977795": {
        "id": "V1977795",
        "indicator": "PRO",
        "type": "REFERENTIAL-SEM",
        "word": "IT",
        "roles": {
          "PROFORM": "IT",
          "LEX": "IT",
          "WNSENSE": "entity%1:03:00"
        },
        "start": 0,
        "end": 3
      },
      "root": "#V1977845"
    },
    {
      "V1978046": {
        "id": "V1978046",
        "indicator": "SPEECHACT",
        "type": "SA_IDENTIFY",
        "word": null,
        "roles": {
          "PUNCTYPE": "DECL",
          "CONTENT": "#V1977817",
          "LEX": "TERRIFYING"
        },
        "start": 3,
        "end": 17
      },
      "V1977817": {
        "id": "V1977817",
        "indicator": "BARE",
        "type": "EVOKE-FEAR",
        "word": "TERRIFY",
        "roles": {
          "ASSOC-WITH": "#V1977802",
          "LEX": "TERRIFYING",
          "WNSENSE": "terrify%2:37:00::"
        },
        "start": 3,
        "end": 16
      },
      "V1977802": {
        "id": "V1977802",
        "indicator": "KIND",
        "type": "TIME-UNIT",
        "word": "SECOND",
        "roles": {
          "LEX": "S",
          "WNSENSE": "time_unit%1:28:00"
        },
        "start": 3,
        "end": 16
      },
      "root": "#V1978046"
    },
    {
      "V1977845": {
        "id": "V1977845",
        "indicator": "SPEECHACT",
        "type": "SA_IDENTIFY",
        "word": null,
        "roles": {
          "CONTENT": "#V1977795",
          "LEX": "IT"
        },
        "start": 0,
        "end": 3
      },
      "V1977795": {
        "id": "V1977795",
        "indicator": "PRO",
        "type": "REFERENTIAL-SEM",
        "word": "IT",
        "roles": {
          "PROFORM": "IT",
          "LEX": "IT",
          "WNSENSE": "entity%1:03:00"
        },
        "start": 0,
        "end": 3
      },
      "root": "#V1977845"
    },
    {
      "V1978044": {
        "id": "V1978044",
        "indicator": "SPEECHACT",
        "type": "SA_IDENTIFY",
        "word": null,
        "roles": {
          "PUNCTYPE": "DECL",
          "CONTENT": "#V1977817",
          "LEX": "TERRIFYING"
        },
        "start": 3,
        "end": 17
      },
      "V1977817": {
        "id": "V1977817",
        "indicator": "BARE",
        "type": "EVOKE-FEAR",
        "word": "TERRIFY",
        "roles": {
          "ASSOC-WITH": "#V1977801",
          "LEX": "TERRIFYING",
          "WNSENSE": "terrify%2:37:00::"
        },
        "start": 3,
        "end": 16
      },
      "V1977801": {
        "id": "V1977801",
        "indicator": "KIND",
        "type": "TIME-UNIT",
        "word": "SECOND",
        "roles": {
          "LEX": "S",
          "WNSENSE": "time_unit%1:28:00"
        },
        "start": 3,
        "end": 16
      },
      "root": "#V1978044"
    },
    {
      "V1977845": {
        "id": "V1977845",
        "indicator": "SPEECHACT",
        "type": "SA_IDENTIFY",
        "word": null,
        "roles": {
          "CONTENT": "#V1977795",
          "LEX": "IT"
        },
        "start": 0,
        "end": 3
      },
      "V1977795": {
        "id": "V1977795",
        "indicator": "PRO",
        "type": "REFERENTIAL-SEM",
        "word": "IT",
        "roles": {
          "PROFORM": "IT",
          "LEX": "IT",
          "WNSENSE": "entity%1:03:00"
        },
        "start": 0,
        "end": 3
      },
      "root": "#V1977845"
    },
    {
      "V1978042": {
        "id": "V1978042",
        "indicator": "SPEECHACT",
        "type": "SA_IDENTIFY",
        "word": null,
        "roles": {
          "PUNCTYPE": "DECL",
          "CONTENT": "#V1977817",
          "LEX": "TERRIFYING"
        },
        "start": 3,
        "end": 17
      },
      "V1977817": {
        "id": "V1977817",
        "indicator": "SM",
        "type": "EVOKE-FEAR",
        "word": "TERRIFY",
        "roles": {
          "QUANTITY": "#V1977801",
          "SCALE": "DURATION-SCALE",
          "UNIT": "(:* TIME-UNIT SECOND)",
          "AMOUNT": "PLURAL",
          "LEX": "TERRIFYING",
          "WNSENSE": "terrify%2:37:00::"
        },
        "start": 3,
        "end": 16
      },
      "V1977801": {
        "id": "V1977801",
        "indicator": "A",
        "type": "QUANTITY-ABSTR",
        "word": null,
        "roles": {
          "SCALE": "DURATION-SCALE",
          "UNIT": "(:* TIME-UNIT SECOND)",
          "AMOUNT": "PLURAL",
          "LEX": "S",
          "WNSENSE": "time_unit%1:28:00"
        },
        "start": 3,
        "end": 5
      },
      "root": "#V1978042"
    },
    {
      "V1977845": {
        "id": "V1977845",
        "indicator": "SPEECHACT",
        "type": "SA_IDENTIFY",
        "word": null,
        "roles": {
          "CONTENT": "#V1977795",
          "LEX": "IT"
        },
        "start": 0,
        "end": 3
      },
      "V1977795": {
        "id": "V1977795",
        "indicator": "PRO",
        "type": "REFERENTIAL-SEM",
        "word": "IT",
        "roles": {
          "PROFORM": "IT",
          "LEX": "IT",
          "WNSENSE": "entity%1:03:00"
        },
        "start": 0,
        "end": 3
      },
      "root": "#V1977845"
    },
    {
      "V1978040": {
        "id": "V1978040",
        "indicator": "SPEECHACT",
        "type": "SA_IDENTIFY",
        "word": null,
        "roles": {
          "PUNCTYPE": "DECL",
          "CONTENT": "#V1977817",
          "LEX": "TERRIFYING"
        },
        "start": 3,
        "end": 17
      },
      "V1977817": {
        "id": "V1977817",
        "indicator": "SM",
        "type": "EVOKE-FEAR",
        "word": "TERRIFY",
        "roles": {
          "QUANTITY": "#V1977801",
          "SCALE": "DURATION-SCALE",
          "UNIT": "(:* TIME-UNIT SECOND)",
          "AMOUNT": "PLURAL",
          "LEX": "TERRIFYING",
          "WNSENSE": "terrify%2:37:00::"
        },
        "start": 3,
        "end": 16
      },
      "V1977801": {
        "id": "V1977801",
        "indicator": "A",
        "type": "QUANTITY-ABSTR",
        "word": null,
        "roles": {
          "SCALE": "DURATION-SCALE",
          "UNIT": "(:* TIME-UNIT SECOND)",
          "AMOUNT": "PLURAL",
          "LEX": "S",
          "WNSENSE": "time_unit%1:28:00"
        },
        "start": 3,
        "end": 5
      },
      "root": "#V1978040"
    },
    {
      "V1977854": {
        "id": "V1977854",
        "indicator": "SPEECHACT",
        "type": "SA_IDENTIFY",
        "word": null,
        "roles": {
          "CONTENT": "#V1977833",
          "LEX": "-"
        },
        "start": 0,
        "end": 3
      },
      "V1977833": {
        "id": "V1977833",
        "indicator": "THE",
        "type": "QUANTITY-ABSTR",
        "word": null,
        "roles": {
          "FIGURE": "#V1977795"
        },
        "start": 0,
        "end": 3
      },
      "V1977795": {
        "id": "V1977795",
        "indicator": "PRO",
        "type": "REFERENTIAL-SEM",
        "word": "IT",
        "roles": {
          "PROFORM": "IT",
          "LEX": "IT",
          "WNSENSE": "entity%1:03:00"
        },
        "start": 0,
        "end": 3
      },
      "root": "#V1977854"
    },
    {
      "V1978034": {
        "id": "V1978034",
        "indicator": "SPEECHACT",
        "type": "SA_IDENTIFY",
        "word": null,
        "roles": {
          "PUNCTYPE": "DECL",
          "CONTENT": "#V1977927",
          "LEX": "S"
        },
        "start": 3,
        "end": 17
      },
      "V1977927": {
        "id": "V1977927",
        "indicator": "THE",
        "type": "REFERENTIAL-SEM",
        "word": null,
        "roles": {
          "SIZE": "#V1977801",
          "MOD": "#V1977815",
          "LEX": "S"
        },
        "start": 3,
        "end": 16
      },
      "V1977801": {
        "id": "V1977801",
        "indicator": "A",
        "type": "QUANTITY-ABSTR",
        "word": null,
        "roles": {
          "SCALE": "DURATION-SCALE",
          "UNIT": "(:* TIME-UNIT SECOND)",
          "AMOUNT": "PLURAL",
          "LEX": "S",
          "WNSENSE": "time_unit%1:28:00"
        },
        "start": 3,
        "end": 5
      },
      "V1977815": {
        "id": "V1977815",
        "indicator": "F",
        "type": "FRIGHTENING-VAL",
        "word": "TERRIFYING",
        "roles": {
          "ORIENTATION": "MORE",
          "INTENSITY": "MED",
          "FIGURE": "#V1977927",
          "SCALE": "FEAR-SCALE",
          "LEX": "TERRIFYING",
          "WNSENSE": "terrifying%5:00:00:alarming:00"
        },
        "start": 5,
        "end": 16
      },
      "root": "#V1978034"
    },
    {
      "V1977854": {
        "id": "V1977854",
        "indicator": "SPEECHACT",
        "type": "SA_IDENTIFY",
        "word": null,
        "roles": {
          "CONTENT": "#V1977833",
          "LEX": "-"
        },
        "start": 0,
        "end": 3
      },
      "V1977833": {
        "id": "V1977833",
        "indicator": "THE",
        "type": "QUANTITY-ABSTR",
        "word": null,
        "roles": {
          "FIGURE": "#V1977795"
        },
        "start": 0,
        "end": 3
      },
      "V1977795": {
        "id": "V1977795",
        "indicator": "PRO",
        "type": "REFERENTIAL-SEM",
        "word": "IT",
        "roles": {
          "PROFORM": "IT",
          "LEX": "IT",
          "WNSENSE": "entity%1:03:00"
        },
        "start": 0,
        "end": 3
      },
      "root": "#V1977854"
    },
    {
      "V1978032": {
        "id": "V1978032",
        "indicator": "SPEECHACT",
        "type": "SA_IDENTIFY",
        "word": null,
        "roles": {
          "PUNCTYPE": "DECL",
          "CONTENT": "#V1977926",
          "LEX": "S"
        },
        "start": 3,
        "end": 17
      },
      "V1977926": {
        "id": "V1977926",
        "indicator": "THE",
        "type": "REFERENTIAL-SEM",
        "word": null,
        "roles": {
          "QUANTITY": "#V1977801",
          "SCALE": "DURATION-SCALE",
          "UNIT": "(:* TIME-UNIT SECOND)",
          "AMOUNT": "PLURAL",
          "MOD": "#V1977815",
          "LEX": "S"
        },
        "start": 3,
        "end": 16
      },
      "V1977801": {
        "id": "V1977801",
        "indicator": "A",
        "type": "QUANTITY-ABSTR",
        "word": null,
        "roles": {
          "SCALE": "DURATION-SCALE",
          "UNIT": "(:* TIME-UNIT SECOND)",
          "AMOUNT": "PLURAL",
          "LEX": "S",
          "WNSENSE": "time_unit%1:28:00"
        },
        "start": 3,
        "end": 5
      },
      "V1977815": {
        "id": "V1977815",
        "indicator": "F",
        "type": "FRIGHTENING-VAL",
        "word": "TERRIFYING",
        "roles": {
          "ORIENTATION": "MORE",
          "INTENSITY": "MED",
          "FIGURE": "#V1977926",
          "SCALE": "FEAR-SCALE",
          "LEX": "TERRIFYING",
          "WNSENSE": "terrifying%5:00:00:alarming:00"
        },
        "start": 5,
        "end": 16
      },
      "root": "#V1978032"
    },
    {
      "V1977854": {
        "id": "V1977854",
        "indicator": "SPEECHACT",
        "type": "SA_IDENTIFY",
        "word": null,
        "roles": {
          "CONTENT": "#V1977833",
          "LEX": "-"
        },
        "start": 0,
        "end": 3
      },
      "V1977833": {
        "id": "V1977833",
        "indicator": "THE",
        "type": "QUANTITY-ABSTR",
        "word": null,
        "roles": {
          "FIGURE": "#V1977795"
        },
        "start": 0,
        "end": 3
      },
      "V1977795": {
        "id": "V1977795",
        "indicator": "PRO",
        "type": "REFERENTIAL-SEM",
        "word": "IT",
        "roles": {
          "PROFORM": "IT",
          "LEX": "IT",
          "WNSENSE": "entity%1:03:00"
        },
        "start": 0,
        "end": 3
      },
      "root": "#V1977854"
    },
    {
      "V1978030": {
        "id": "V1978030",
        "indicator": "SPEECHACT",
        "type": "SA_IDENTIFY",
        "word": null,
        "roles": {
          "PUNCTYPE": "DECL",
          "CONTENT": "#V1977925",
          "LEX": "S"
        },
        "start": 3,
        "end": 17
      },
      "V1977925": {
        "id": "V1977925",
        "indicator": "THE",
        "type": "REFERENTIAL-SEM",
        "word": null,
        "roles": {
          "SIZE": "#V1977801",
          "MOD": "#V1977815",
          "LEX": "S"
        },
        "start": 3,
        "end": 16
      },
      "V1977801": {
        "id": "V1977801",
        "indicator": "A",
        "type": "QUANTITY-ABSTR",
        "word": null,
        "roles": {
          "SCALE": "DURATION-SCALE",
          "UNIT": "(:* TIME-UNIT SECOND)",
          "AMOUNT": "PLURAL",
          "LEX": "S",
          "WNSENSE": "time_unit%1:28:00"
        },
        "start": 3,
        "end": 5
      },
      "V1977815": {
        "id": "V1977815",
        "indicator": "F",
        "type": "FRIGHTENING-VAL",
        "word": "TERRIFYING",
        "roles": {
          "ORIENTATION": "MORE",
          "INTENSITY": "MED",
          "FIGURE": "#V1977925",
          "SCALE": "FEAR-SCALE",
          "LEX": "TERRIFYING",
          "WNSENSE": "terrifying%5:00:00:alarming:00"
        },
        "start": 5,
        "end": 16
      },
      "root": "#V1978030"
    },
    {
      "V1977854": {
        "id": "V1977854",
        "indicator": "SPEECHACT",
        "type": "SA_IDENTIFY",
        "word": null,
        "roles": {
          "CONTENT": "#V1977833",
          "LEX": "-"
        },
        "start": 0,
        "end": 3
      },
      "V1977833": {
        "id": "V1977833",
        "indicator": "THE",
        "type": "QUANTITY-ABSTR",
        "word": null,
        "roles": {
          "FIGURE": "#V1977795"
        },
        "start": 0,
        "end": 3
      },
      "V1977795": {
        "id": "V1977795",
        "indicator": "PRO",
        "type": "REFERENTIAL-SEM",
        "word": "IT",
        "roles": {
          "PROFORM": "IT",
          "LEX": "IT",
          "WNSENSE": "entity%1:03:00"
        },
        "start": 0,
        "end": 3
      },
      "root": "#V1977854"
    },
    {
      "V1978028": {
        "id": "V1978028",
        "indicator": "SPEECHACT",
        "type": "SA_IDENTIFY",
        "word": null,
        "roles": {
          "PUNCTYPE": "DECL",
          "CONTENT": "#V1977924",
          "LEX": "S"
        },
        "start": 3,
        "end": 17
      },
      "V1977924": {
        "id": "V1977924",
        "indicator": "THE",
        "type": "REFERENTIAL-SEM",
        "word": null,
        "roles": {
          "QUANTITY": "#V1977801",
          "SCALE": "DURATION-SCALE",
          "UNIT": "(:* TIME-UNIT SECOND)",
          "AMOUNT": "PLURAL",
          "MOD": "#V1977815",
          "LEX": "S"
        },
        "start": 3,
        "end": 16
      },
      "V1977801": {
        "id": "V1977801",
        "indicator": "A",
        "type": "QUANTITY-ABSTR",
        "word": null,
        "roles": {
          "SCALE": "DURATION-SCALE",
          "UNIT": "(:* TIME-UNIT SECOND)",
          "AMOUNT": "PLURAL",
          "LEX": "S",
          "WNSENSE": "time_unit%1:28:00"
        },
        "start": 3,
        "end": 5
      },
      "V1977815": {
        "id": "V1977815",
        "indicator": "F",
        "type": "FRIGHTENING-VAL",
        "word": "TERRIFYING",
        "roles": {
          "ORIENTATION": "MORE",
          "INTENSITY": "MED",
          "FIGURE": "#V1977924",
          "SCALE": "FEAR-SCALE",
          "LEX": "TERRIFYING",
          "WNSENSE": "terrifying%5:00:00:alarming:00"
        },
        "start": 5,
        "end": 16
      },
      "root": "#V1978028"
    },
    {
      "V1977854": {
        "id": "V1977854",
        "indicator": "SPEECHACT",
        "type": "SA_IDENTIFY",
        "word": null,
        "roles": {
          "CONTENT": "#V1977833",
          "LEX": "-"
        },
        "start": 0,
        "end": 3
      },
      "V1977833": {
        "id": "V1977833",
        "indicator": "THE",
        "type": "QUANTITY-ABSTR",
        "word": null,
        "roles": {
          "FIGURE": "#V1977795"
        },
        "start": 0,
        "end": 3
      },
      "V1977795": {
        "id": "V1977795",
        "indicator": "PRO",
        "type": "REFERENTIAL-SEM",
        "word": "IT",
        "roles": {
          "PROFORM": "IT",
          "LEX": "IT",
          "WNSENSE": "entity%1:03:00"
        },
        "start": 0,
        "end": 3
      },
      "root": "#V1977854"
    },
    {
      "V1978046": {
        "id": "V1978046",
        "indicator": "SPEECHACT",
        "type": "SA_IDENTIFY",
        "word": null,
        "roles": {
          "PUNCTYPE": "DECL",
          "CONTENT": "#V1977817",
          "LEX": "TERRIFYING"
        },
        "start": 3,
        "end": 17
      },
      "V1977817": {
        "id": "V1977817",
        "indicator": "BARE",
        "type": "EVOKE-FEAR",
        "word": "TERRIFY",
        "roles": {
          "ASSOC-WITH": "#V1977802",
          "LEX": "TERRIFYING",
          "WNSENSE": "terrify%2:37:00::"
        },
        "start": 3,
        "end": 16
      },
      "V1977802": {
        "id": "V1977802",
        "indicator": "KIND",
        "type": "TIME-UNIT",
        "word": "SECOND",
        "roles": {
          "LEX": "S",
          "WNSENSE": "time_unit%1:28:00"
        },
        "start": 3,
        "end": 16
      },
      "root": "#V1978046"
    },
    {
      "V1977854": {
        "id": "V1977854",
        "indicator": "SPEECHACT",
        "type": "SA_IDENTIFY",
        "word": null,
        "roles": {
          "CONTENT": "#V1977833",
          "LEX": "-"
        },
        "start": 0,
        "end": 3
      },
      "V1977833": {
        "id": "V1977833",
        "indicator": "THE",
        "type": "QUANTITY-ABSTR",
        "word": null,
        "roles": {
          "FIGURE": "#V1977795"
        },
        "start": 0,
        "end": 3
      },
      "V1977795": {
        "id": "V1977795",
        "indicator": "PRO",
        "type": "REFERENTIAL-SEM",
        "word": "IT",
        "roles": {
          "PROFORM": "IT",
          "LEX": "IT",
          "WNSENSE": "entity%1:03:00"
        },
        "start": 0,
        "end": 3
      },
      "root": "#V1977854"
    },
    {
      "V1978044": {
        "id": "V1978044",
        "indicator": "SPEECHACT",
        "type": "SA_IDENTIFY",
        "word": null,
        "roles": {
          "PUNCTYPE": "DECL",
          "CONTENT": "#V1977817",
          "LEX": "TERRIFYING"
        },
        "start": 3,
        "end": 17
      },
      "V1977817": {
        "id": "V1977817",
        "indicator": "BARE",
        "type": "EVOKE-FEAR",
        "word": "TERRIFY",
        "roles": {
          "ASSOC-WITH": "#V1977801",
          "LEX": "TERRIFYING",
          "WNSENSE": "terrify%2:37:00::"
        },
        "start": 3,
        "end": 16
      },
      "V1977801": {
        "id": "V1977801",
        "indicator": "KIND",
        "type": "TIME-UNIT",
        "word": "SECOND",
        "roles": {
          "LEX": "S",
          "WNSENSE": "time_unit%1:28:00"
        },
        "start": 3,
        "end": 16
      },
      "root": "#V1978044"
    },
    {
      "V1977854": {
        "id": "V1977854",
        "indicator": "SPEECHACT",
        "type": "SA_IDENTIFY",
        "word": null,
        "roles": {
          "CONTENT": "#V1977833",
          "LEX": "-"
        },
        "start": 0,
        "end": 3
      },
      "V1977833": {
        "id": "V1977833",
        "indicator": "THE",
        "type": "QUANTITY-ABSTR",
        "word": null,
        "roles": {
          "FIGURE": "#V1977795"
        },
        "start": 0,
        "end": 3
      },
      "V1977795": {
        "id": "V1977795",
        "indicator": "PRO",
        "type": "REFERENTIAL-SEM",
        "word": "IT",
        "roles": {
          "PROFORM": "IT",
          "LEX": "IT",
          "WNSENSE": "entity%1:03:00"
        },
        "start": 0,
        "end": 3
      },
      "root": "#V1977854"
    },
    {
      "V1978042": {
        "id": "V1978042",
        "indicator": "SPEECHACT",
        "type": "SA_IDENTIFY",
        "word": null,
        "roles": {
          "PUNCTYPE": "DECL",
          "CONTENT": "#V1977817",
          "LEX": "TERRIFYING"
        },
        "start": 3,
        "end": 17
      },
      "V1977817": {
        "id": "V1977817",
        "indicator": "SM",
        "type": "EVOKE-FEAR",
        "word": "TERRIFY",
        "roles": {
          "QUANTITY": "#V1977801",
          "SCALE": "DURATION-SCALE",
          "UNIT": "(:* TIME-UNIT SECOND)",
          "AMOUNT": "PLURAL",
          "LEX": "TERRIFYING",
          "WNSENSE": "terrify%2:37:00::"
        },
        "start": 3,
        "end": 16
      },
      "V1977801": {
        "id": "V1977801",
        "indicator": "A",
        "type": "QUANTITY-ABSTR",
        "word": null,
        "roles": {
          "SCALE": "DURATION-SCALE",
          "UNIT": "(:* TIME-UNIT SECOND)",
          "AMOUNT": "PLURAL",
          "LEX": "S",
          "WNSENSE": "time_unit%1:28:00"
        },
        "start": 3,
        "end": 5
      },
      "root": "#V1978042"
    },
    {
      "V1977854": {
        "id": "V1977854",
        "indicator": "SPEECHACT",
        "type": "SA_IDENTIFY",
        "word": null,
        "roles": {
          "CONTENT": "#V1977833",
          "LEX": "-"
        },
        "start": 0,
        "end": 3
      },
      "V1977833": {
        "id": "V1977833",
        "indicator": "THE",
        "type": "QUANTITY-ABSTR",
        "word": null,
        "roles": {
          "FIGURE": "#V1977795"
        },
        "start": 0,
        "end": 3
      },
      "V1977795": {
        "id": "V1977795",
        "indicator": "PRO",
        "type": "REFERENTIAL-SEM",
        "word": "IT",
        "roles": {
          "PROFORM": "IT",
          "LEX": "IT",
          "WNSENSE": "entity%1:03:00"
        },
        "start": 0,
        "end": 3
      },
      "root": "#V1977854"
    },
    {
      "V1978040": {
        "id": "V1978040",
        "indicator": "SPEECHACT",
        "type": "SA_IDENTIFY",
        "word": null,
        "roles": {
          "PUNCTYPE": "DECL",
          "CONTENT": "#V1977817",
          "LEX": "TERRIFYING"
        },
        "start": 3,
        "end": 17
      },
      "V1977817": {
        "id": "V1977817",
        "indicator": "SM",
        "type": "EVOKE-FEAR",
        "word": "TERRIFY",
        "roles": {
          "QUANTITY": "#V1977801",
          "SCALE": "DURATION-SCALE",
          "UNIT": "(:* TIME-UNIT SECOND)",
          "AMOUNT": "PLURAL",
          "LEX": "TERRIFYING",
          "WNSENSE": "terrify%2:37:00::"
        },
        "start": 3,
        "end": 16
      },
      "V1977801": {
        "id": "V1977801",
        "indicator": "A",
        "type": "QUANTITY-ABSTR",
        "word": null,
        "roles": {
          "SCALE": "DURATION-SCALE",
          "UNIT": "(:* TIME-UNIT SECOND)",
          "AMOUNT": "PLURAL",
          "LEX": "S",
          "WNSENSE": "time_unit%1:28:00"
        },
        "start": 3,
        "end": 5
      },
      "root": "#V1978040"
    },
    {
      "V1977845": {
        "id": "V1977845",
        "indicator": "SPEECHACT",
        "type": "SA_IDENTIFY",
        "word": null,
        "roles": {
          "CONTENT": "#V1977795",
          "LEX": "IT"
        },
        "start": 0,
        "end": 3
      },
      "V1977795": {
        "id": "V1977795",
        "indicator": "PRO",
        "type": "REFERENTIAL-SEM",
        "word": "IT",
        "roles": {
          "PROFORM": "IT",
          "LEX": "IT",
          "WNSENSE": "entity%1:03:00"
        },
        "start": 0,
        "end": 3
      },
      "root": "#V1977845"
    },
    {
      "V1978068": {
        "id": "V1978068",
        "indicator": "SPEECHACT",
        "type": "SA_IDENTIFY",
        "word": null,
        "roles": {
          "PUNCTYPE": "DECL",
          "CONTENT": "#V1977990",
          "LEX": "-"
        },
        "start": 3,
        "end": 17
      },
      "V1977990": {
        "id": "V1977990",
        "indicator": "THE",
        "type": "QUANTITY-ABSTR",
        "word": null,
        "roles": {
          "FIGURE": "#V1977927"
        },
        "start": 3,
        "end": 16
      },
      "V1977927": {
        "id": "V1977927",
        "indicator": "THE",
        "type": "REFERENTIAL-SEM",
        "word": null,
        "roles": {
          "SIZE": "#V1977801",
          "MOD": "#V1977815",
          "LEX": "S"
        },
        "start": 3,
        "end": 16
      },
      "V1977801": {
        "id": "V1977801",
        "indicator": "A",
        "type": "QUANTITY-ABSTR",
        "word": null,
        "roles": {
          "SCALE": "DURATION-SCALE",
          "UNIT": "(:* TIME-UNIT SECOND)",
          "AMOUNT": "PLURAL",
          "LEX": "S",
          "WNSENSE": "time_unit%1:28:00"
        },
        "start": 3,
        "end": 5
      },
      "V1977815": {
        "id": "V1977815",
        "indicator": "F",
        "type": "FRIGHTENING-VAL",
        "word": "TERRIFYING",
        "roles": {
          "ORIENTATION": "MORE",
          "INTENSITY": "MED",
          "FIGURE": "#V1977927",
          "SCALE": "FEAR-SCALE",
          "LEX": "TERRIFYING",
          "WNSENSE": "terrifying%5:00:00:alarming:00"
        },
        "start": 5,
        "end": 16
      },
      "root": "#V1978068"
    },
    {
      "V1977845": {
        "id": "V1977845",
        "indicator": "SPEECHACT",
        "type": "SA_IDENTIFY",
        "word": null,
        "roles": {
          "CONTENT": "#V1977795",
          "LEX": "IT"
        },
        "start": 0,
        "end": 3
      },
      "V1977795": {
        "id": "V1977795",
        "indicator": "PRO",
        "type": "REFERENTIAL-SEM",
        "word": "IT",
        "roles": {
          "PROFORM": "IT",
          "LEX": "IT",
          "WNSENSE": "entity%1:03:00"
        },
        "start": 0,
        "end": 3
      },
      "root": "#V1977845"
    },
    {
      "V1978066": {
        "id": "V1978066",
        "indicator": "SPEECHACT",
        "type": "SA_IDENTIFY",
        "word": null,
        "roles": {
          "PUNCTYPE": "DECL",
          "CONTENT": "#V1977987",
          "LEX": "-"
        },
        "start": 3,
        "end": 17
      },
      "V1977987": {
        "id": "V1977987",
        "indicator": "THE",
        "type": "QUANTITY-ABSTR",
        "word": null,
        "roles": {
          "FIGURE": "#V1977926"
        },
        "start": 3,
        "end": 16
      },
      "V1977926": {
        "id": "V1977926",
        "indicator": "THE",
        "type": "REFERENTIAL-SEM",
        "word": null,
        "roles": {
          "QUANTITY": "#V1977801",
          "SCALE": "DURATION-SCALE",
          "UNIT": "(:* TIME-UNIT SECOND)",
          "AMOUNT": "PLURAL",
          "MOD": "#V1977815",
          "LEX": "S"
        },
        "start": 3,
        "end": 16
      },
      "V1977801": {
        "id": "V1977801",
        "indicator": "A",
        "type": "QUANTITY-ABSTR",
        "word": null,
        "roles": {
          "SCALE": "DURATION-SCALE",
          "UNIT": "(:* TIME-UNIT SECOND)",
          "AMOUNT": "PLURAL",
          "LEX": "S",
          "WNSENSE": "time_unit%1:28:00"
        },
        "start": 3,
        "end": 5
      },
      "V1977815": {
        "id": "V1977815",
        "indicator": "F",
        "type": "FRIGHTENING-VAL",
        "word": "TERRIFYING",
        "roles": {
          "ORIENTATION": "MORE",
          "INTENSITY": "MED",
          "FIGURE": "#V1977926",
          "SCALE": "FEAR-SCALE",
          "LEX": "TERRIFYING",
          "WNSENSE": "terrifying%5:00:00:alarming:00"
        },
        "start": 5,
        "end": 16
      },
      "root": "#V1978066"
    },
    {
      "V1977845": {
        "id": "V1977845",
        "indicator": "SPEECHACT",
        "type": "SA_IDENTIFY",
        "word": null,
        "roles": {
          "CONTENT": "#V1977795",
          "LEX": "IT"
        },
        "start": 0,
        "end": 3
      },
      "V1977795": {
        "id": "V1977795",
        "indicator": "PRO",
        "type": "REFERENTIAL-SEM",
        "word": "IT",
        "roles": {
          "PROFORM": "IT",
          "LEX": "IT",
          "WNSENSE": "entity%1:03:00"
        },
        "start": 0,
        "end": 3
      },
      "root": "#V1977845"
    },
    {
      "V1978064": {
        "id": "V1978064",
        "indicator": "SPEECHACT",
        "type": "SA_IDENTIFY",
        "word": null,
        "roles": {
          "PUNCTYPE": "DECL",
          "CONTENT": "#V1977984",
          "LEX": "-"
        },
        "start": 3,
        "end": 17
      },
      "V1977984": {
        "id": "V1977984",
        "indicator": "THE",
        "type": "QUANTITY-ABSTR",
        "word": null,
        "roles": {
          "FIGURE": "#V1977925"
        },
        "start": 3,
        "end": 16
      },
      "V1977925": {
        "id": "V1977925",
        "indicator": "THE",
        "type": "REFERENTIAL-SEM",
        "word": null,
        "roles": {
          "SIZE": "#V1977801",
          "MOD": "#V1977815",
          "LEX": "S"
        },
        "start": 3,
        "end": 16
      },
      "V1977801": {
        "id": "V1977801",
        "indicator": "A",
        "type": "QUANTITY-ABSTR",
        "word": null,
        "roles": {
          "SCALE": "DURATION-SCALE",
          "UNIT": "(:* TIME-UNIT SECOND)",
          "AMOUNT": "PLURAL",
          "LEX": "S",
          "WNSENSE": "time_unit%1:28:00"
        },
        "start": 3,
        "end": 5
      },
      "V1977815": {
        "id": "V1977815",
        "indicator": "F",
        "type": "FRIGHTENING-VAL",
        "word": "TERRIFYING",
        "roles": {
          "ORIENTATION": "MORE",
          "INTENSITY": "MED",
          "FIGURE": "#V1977925",
          "SCALE": "FEAR-SCALE",
          "LEX": "TERRIFYING",
          "WNSENSE": "terrifying%5:00:00:alarming:00"
        },
        "start": 5,
        "end": 16
      },
      "root": "#V1978064"
    },
    {
      "V1977845": {
        "id": "V1977845",
        "indicator": "SPEECHACT",
        "type": "SA_IDENTIFY",
        "word": null,
        "roles": {
          "CONTENT": "#V1977795",
          "LEX": "IT"
        },
        "start": 0,
        "end": 3
      },
      "V1977795": {
        "id": "V1977795",
        "indicator": "PRO",
        "type": "REFERENTIAL-SEM",
        "word": "IT",
        "roles": {
          "PROFORM": "IT",
          "LEX": "IT",
          "WNSENSE": "entity%1:03:00"
        },
        "start": 0,
        "end": 3
      },
      "root": "#V1977845"
    },
    {
      "V1978062": {
        "id": "V1978062",
        "indicator": "SPEECHACT",
        "type": "SA_IDENTIFY",
        "word": null,
        "roles": {
          "PUNCTYPE": "DECL",
          "CONTENT": "#V1977981",
          "LEX": "-"
        },
        "start": 3,
        "end": 17
      },
      "V1977981": {
        "id": "V1977981",
        "indicator": "THE",
        "type": "QUANTITY-ABSTR",
        "word": null,
        "roles": {
          "FIGURE": "#V1977924"
        },
        "start": 3,
        "end": 16
      },
      "V1977924": {
        "id": "V1977924",
        "indicator": "THE",
        "type": "REFERENTIAL-SEM",
        "word": null,
        "roles": {
          "QUANTITY": "#V1977801",
          "SCALE": "DURATION-SCALE",
          "UNIT": "(:* TIME-UNIT SECOND)",
          "AMOUNT": "PLURAL",
          "MOD": "#V1977815",
          "LEX": "S"
        },
        "start": 3,
        "end": 16
      },
      "V1977801": {
        "id": "V1977801",
        "indicator": "A",
        "type": "QUANTITY-ABSTR",
        "word": null,
        "roles": {
          "SCALE": "DURATION-SCALE",
          "UNIT": "(:* TIME-UNIT SECOND)",
          "AMOUNT": "PLURAL",
          "LEX": "S",
          "WNSENSE": "time_unit%1:28:00"
        },
        "start": 3,
        "end": 5
      },
      "V1977815": {
        "id": "V1977815",
        "indicator": "F",
        "type": "FRIGHTENING-VAL",
        "word": "TERRIFYING",
        "roles": {
          "ORIENTATION": "MORE",
          "INTENSITY": "MED",
          "FIGURE": "#V1977924",
          "SCALE": "FEAR-SCALE",
          "LEX": "TERRIFYING",
          "WNSENSE": "terrifying%5:00:00:alarming:00"
        },
        "start": 5,
        "end": 16
      },
      "root": "#V1978062"
    }
  ],
  "inputtags": [],
  "debug": [
    "*last-utt-id*=NIL  utt-id+353",
    "*last-utt-id*=353  utt-id+353",
    "*last-utt-id*=353  utt-id+NIL"
  ]
}
