{
  "parse": [
    {
      "V884887": {
        "id": "V884887",
        "indicator": "SPEECHACT",
        "type": "SA_IDENTIFY",
        "word": null,
        "roles": {
          "CONTENT": "#V884691",
          "LEX": "THREE"
        },
        "start": 0,
        "end": 2
      },
      "V884691": {
        "id": "V884691",
        "indicator": "THE",
        "type": "NUMBER",
        "word": null,
        "roles": {
          "NUMBER": "3",
          "LEX": "THREE"
        },
        "start": 0,
        "end": 2
      },
      "root": "#V884887"
    },
    {
      "V884952": {
        "id": "V884952",
        "indicator": "SPEECHACT",
        "type": "SA_IDENTIFY",
        "word": null,
        "roles": {
          "CONTENT": "#V884890",
          "LEX": "-"
        },
        "start": 7,
        "end": 15
      },
      "V884890": {
        "id": "V884890",
        "indicator": "A",
        "type": "REFERENTIAL-SEM",
        "word": null,
        "roles": {
          "MOD": "#V884891"
        },
        "start": 7,
        "end": 15
      },
      "V884891": {
        "id": "V884891",
        "indicator": "F",
        "type": "OTHER",
        "word": null,
        "roles": {
          "FIGURE": "#V884890",
          "GROUND": "#V884892"
        },
        "start": 7,
        "end": 15
      },
      "V884892": {
        "id": "V884892",
        "indicator": "IMPRO",
        "type": "REFERENTIAL-SEM",
        "word": null,
        "roles": {
          "COREF": "#V884691"
        },
        "start": 7,
        "end": 15
      },
      "root": "#V884952"
    },
    {
      "V884989": {
        "id": "V884989",
        "indicator": "SPEECHACT",
        "type": "SA_TELL",
        "word": null,
        "roles": {
          "PUNCTYPE": "DECL",
          "CONTENT": "#V884709",
          "LEX": "WAS"
        },
        "start": 15,
        "end": 30
      },
      "V884709": {
        "id": "V884709",
        "indicator": "F",
        "type": "BE",
        "word": "BE",
        "roles": {
          "NEUTRAL": "#V884990",
          "NEUTRAL1": "#V884768",
          "TENSE": "PAST",
          "LEX": "WAS",
          "WNSENSE": "be%2:42:06::"
        },
        "start": 15,
        "end": 30
      },
      "V884990": {
        "id": "V884990",
        "indicator": "IMPRO",
        "type": "REFERENTIAL-SEM",
        "word": null,
        "roles": {
          "PROFORM": "SUBJ",
          "COREF": "#V884890"
        },
        "start": 15,
        "end": 30
      },
      "V884768": {
        "id": "V884768",
        "indicator": "A",
        "type": "PROFESSIONAL",
        "word": "WORKER",
        "roles": {
          "MOD": "#V884794",
          "LEX": "WORKER",
          "WNSENSE": "worker%1:18:00::"
        },
        "start": 19,
        "end": 30
      },
      "V884794": {
        "id": "V884794",
        "indicator": "F",
        "type": "INCLUSIVE",
        "word": "CO-",
        "roles": {
          "FIGURE": "#V884768"
        },
        "start": 19,
        "end": 30
      },
      "root": "#V884989"
    },
    {
      "V884885": {
        "id": "V884885",
        "indicator": "SPEECHACT",
        "type": "SA_IDENTIFY",
        "word": null,
        "roles": {
          "CONTENT": "#V884818",
          "LEX": "THREE"
        },
        "start": 0,
        "end": 2
      },
      "V884818": {
        "id": "V884818",
        "indicator": "A",
        "type": "QUANTITY-ABSTR",
        "word": null,
        "roles": {
          "AMOUNT": "#V884691",
          "LEX": "THREE"
        },
        "start": 0,
        "end": 2
      },
      "V884691": {
        "id": "V884691",
        "indicator": "A",
        "type": "NUMBER",
        "word": null,
        "roles": {
          "VALUE": "3"
        },
        "start": 0,
        "end": 2
      },
      "root": "#V884885"
    },
    {
      "V884952": {
        "id": "V884952",
        "indicator": "SPEECHACT",
        "type": "SA_IDENTIFY",
        "word": null,
        "roles": {
          "CONTENT": "#V884890",
          "LEX": "-"
        },
        "start": 7,
        "end": 15
      },
      "V884890": {
        "id": "V884890",
        "indicator": "A",
        "type": "REFERENTIAL-SEM",
        "word": null,
        "roles": {
          "MOD": "#V884891"
        },
        "start": 7,
        "end": 15
      },
      "V884891": {
        "id": "V884891",
        "indicator": "F",
        "type": "OTHER",
        "word": null,
        "roles": {
          "FIGURE": "#V884890",
          "GROUND": "#V884892"
        },
        "start": 7,
        "end": 15
      },
      "V884892": {
        "id": "V884892",
        "indicator": "IMPRO",
        "type": "REFERENTIAL-SEM",
        "word": null,
        "roles": {},
        "start": 7,
        "end": 15
      },
      "root": "#V884952"
    },
    {
      "V884989": {
        "id": "V884989",
        "indicator": "SPEECHACT",
        "type": "SA_TELL",
        "word": null,
        "roles": {
          "PUNCTYPE": "DECL",
          "CONTENT": "#V884709",
          "LEX": "WAS"
        },
        "start": 15,
        "end": 31
      },
      "V884709": {
        "id": "V884709",
        "indicator": "F",
        "type": "BE",
        "word": "BE",
        "roles": {
          "NEUTRAL": "#V884990",
          "NEUTRAL1": "#V884768",
          "TENSE": "PAST",
          "LEX": "WAS",
          "WNSENSE": "be%2:42:06::"
        },
        "start": 15,
        "end": 30
      },
      "V884990": {
        "id": "V884990",
        "indicator": "IMPRO",
        "type": "REFERENTIAL-SEM",
        "word": null,
        "roles": {
          "PROFORM": "SUBJ"
        },
        "start": 15,
        "end": 30
      },
      "V884768": {
        "id": "V884768",
        "indicator": "A",
        "type": "PROFESSIONAL",
        "word": "WORKER",
        "roles": {
          "MOD": "#V884794",
          "LEX": "WORKER",
          "WNSENSE": "worker%1:18:00::"
        },
        "start": 19,
        "end": 30
      },
      "V884794": {
        "id": "V884794",
        "indicator": "F",
        "type": "INCLUSIVE",
        "word": "CO-",
        "roles": {
          "FIGURE": "#V884768"
        },
        "start": 19,
        "end": 30
      },
      "root": "#V884989"
    },
    {
      "V884887": {
        "id": "V884887",
        "indicator": "SPEECHACT",
        "type": "SA_IDENTIFY",
        "word": null,
        "roles": {
          "CONTENT": "#V884691",
          "LEX": "THREE"
        },
        "start": 0,
        "end": 2
      },
      "V884691": {
        "id": "V884691",
        "indicator": "THE",
        "type": "NUMBER",
        "word": null,
        "roles": {
          "NUMBER": "3",
          "LEX": "THREE"
        },
        "start": 0,
        "end": 2
      },
      "root": "#V884887"
    },
    {
      "V884954": {
        "id": "V884954",
        "indicator": "SPEECHACT",
        "type": "SA_IDENTIFY",
        "word": null,
        "roles": {
          "CONTENT": "#V884905",
          "LEX": "-"
        },
        "start": 7,
        "end": 15
      },
      "V884905": {
        "id": "V884905",
        "indicator": "THE",
        "type": "QUANTITY-ABSTR",
        "word": null,
        "roles": {
          "FIGURE": "#V884890"
        },
        "start": 7,
        "end": 15
      },
      "V884890": {
        "id": "V884890",
        "indicator": "A",
        "type": "REFERENTIAL-SEM",
        "word": null,
        "roles": {
          "MOD": "#V884891"
        },
        "start": 7,
        "end": 15
      },
      "V884891": {
        "id": "V884891",
        "indicator": "F",
        "type": "OTHER",
        "word": null,
        "roles": {
          "FIGURE": "#V884890",
          "GROUND": "#V884892"
        },
        "start": 7,
        "end": 15
      },
      "V884892": {
        "id": "V884892",
        "indicator": "IMPRO",
        "type": "REFERENTIAL-SEM",
        "word": null,
        "roles": {},
        "start": 7,
        "end": 15
      },
      "root": "#V884954"
    },
    {
      "V884989": {
        "id": "V884989",
        "indicator": "SPEECHACT",
        "type": "SA_TELL",
        "word": null,
        "roles": {
          "PUNCTYPE": "DECL",
          "CONTENT": "#V884709",
          "LEX": "WAS"
        },
        "start": 15,
        "end": 31
      },
      "V884709": {
        "id": "V884709",
        "indicator": "F",
        "type": "BE",
        "word": "BE",
        "roles": {
          "NEUTRAL": "#V884990",
          "NEUTRAL1": "#V884768",
          "TENSE": "PAST",
          "LEX": "WAS",
          "WNSENSE": "be%2:42:06::"
        },
        "start": 15,
        "end": 30
      },
      "V884990": {
        "id": "V884990",
        "indicator": "IMPRO",
        "type": "REFERENTIAL-SEM",
        "word": null,
        "roles": {
          "PROFORM": "SUBJ"
        },
        "start": 15,
        "end": 30
      },
      "V884768": {
        "id": "V884768",
        "indicator": "A",
        "type": "PROFESSIONAL",
        "word": "WORKER",
        "roles": {
          "MOD": "#V884794",
          "LEX": "WORKER",
          "WNSENSE": "worker%1:18:00::"
        },
        "start": 19,
        "end": 30
      },
      "V884794": {
        "id": "V884794",
        "indicator": "F",
        "type": "INCLUSIVE",
        "word": "CO-",
        "roles": {
          "FIGURE": "#V884768"
        },
        "start": 19,
        "end": 30
      },
      "root": "#V884989"
    },
    {
      "V884885": {
        "id": "V884885",
        "indicator": "SPEECHACT",
        "type": "SA_IDENTIFY",
        "word": null,
        "roles": {
          "CONTENT": "#V884818",
          "LEX": "THREE"
        },
        "start": 0,
        "end": 2
      },
      "V884818": {
        "id": "V884818",
        "indicator": "A",
        "type": "QUANTITY-ABSTR",
        "word": null,
        "roles": {
          "AMOUNT": "#V884691",
          "LEX": "THREE"
        },
        "start": 0,
        "end": 2
      },
      "V884691": {
        "id": "V884691",
        "indicator": "A",
        "type": "NUMBER",
        "word": null,
        "roles": {
          "VALUE": "3"
        },
        "start": 0,
        "end": 2
      },
      "root": "#V884885"
    },
    {
      "V884954": {
        "id": "V884954",
        "indicator": "SPEECHACT",
        "type": "SA_IDENTIFY",
        "word": null,
        "roles": {
          "CONTENT": "#V884905",
          "LEX": "-"
        },
        "start": 7,
        "end": 15
      },
      "V884905": {
        "id": "V884905",
        "indicator": "THE",
        "type": "QUANTITY-ABSTR",
        "word": null,
        "roles": {
          "FIGURE": "#V884890"
        },
        "start": 7,
        "end": 15
      },
      "V884890": {
        "id": "V884890",
        "indicator": "A",
        "type": "REFERENTIAL-SEM",
        "word": null,
        "roles": {
          "MOD": "#V884891"
        },
        "start": 7,
        "end": 15
      },
      "V884891": {
        "id": "V884891",
        "indicator": "F",
        "type": "OTHER",
        "word": null,
        "roles": {
          "FIGURE": "#V884890",
          "GROUND": "#V884892"
        },
        "start": 7,
        "end": 15
      },
      "V884892": {
        "id": "V884892",
        "indicator": "IMPRO",
        "type": "REFERENTIAL-SEM",
        "word": null,
        "roles": {},
        "start": 7,
        "end": 15
      },
      "root": "#V884954"
    },
    {
      "V884989": {
        "id": "V884989",
        "indicator": "SPEECHACT",
        "type": "SA_TELL",
        "word": null,
        "roles": {
          "PUNCTYPE": "DECL",
          "CONTENT": "#V884709",
          "LEX": "WAS"
        },
        "start": 15,
        "end": 31
      },
      "V884709": {
        "id": "V884709",
        "indicator": "F",
        "type": "BE",
        "word": "BE",
        "roles": {
          "NEUTRAL": "#V884990",
          "NEUTRAL1": "#V884768",
          "TENSE": "PAST",
          "LEX": "WAS",
          "WNSENSE": "be%2:42:06::"
        },
        "start": 15,
        "end": 30
      },
      "V884990": {
        "id": "V884990",
        "indicator": "IMPRO",
        "type": "REFERENTIAL-SEM",
        "word": null,
        "roles": {
          "PROFORM": "SUBJ"
        },
        "start": 15,
        "end": 30
      },
      "V884768": {
        "id": "V884768",
        "indicator": "A",
        "type": "PROFESSIONAL",
        "word": "WORKER",
        "roles": {
          "MOD": "#V884794",
          "LEX": "WORKER",
          "WNSENSE": "worker%1:18:00::"
        },
        "start": 19,
        "end": 30
      },
      "V884794": {
        "id": "V884794",
        "indicator": "F",
        "type": "INCLUSIVE",
        "word": "CO-",
        "roles": {
          "FIGURE": "#V884768"
        },
        "start": 19,
        "end": 30
      },
      "root": "#V884989"
    },
    {
      "V884887": {
        "id": "V884887",
        "indicator": "SPEECHACT",
        "type": "SA_IDENTIFY",
        "word": null,
        "roles": {
          "CONTENT": "#V884691",
          "LEX": "THREE"
        },
        "start": 0,
        "end": 2
      },
      "V884691": {
        "id": "V884691",
        "indicator": "THE",
        "type": "NUMBER",
        "word": null,
        "roles": {
          "NUMBER": "3",
          "LEX": "THREE"
        },
        "start": 0,
        "end": 2
      },
      "root": "#V884887"
    },
    {
      "V884952": {
        "id": "V884952",
        "indicator": "SPEECHACT",
        "type": "SA_IDENTIFY",
        "word": null,
        "roles": {
          "CONTENT": "#V884890",
          "LEX": "-"
        },
        "start": 7,
        "end": 15
      },
      "V884890": {
        "id": "V884890",
        "indicator": "A",
        "type": "REFERENTIAL-SEM",
        "word": null,
        "roles": {
          "MOD": "#V884891"
        },
        "start": 7,
        "end": 15
      },
      "V884891": {
        "id": "V884891",
        "indicator": "F",
        "type": "OTHER",
        "word": null,
        "roles": {
          "FIGURE": "#V884890",
          "GROUND": "#V884892"
        },
        "start": 7,
        "end": 15
      },
      "V884892": {
        "id": "V884892",
        "indicator": "IMPRO",
        "type": "REFERENTIAL-SEM",
        "word": null,
        "roles": {},
        "start": 7,
        "end": 15
      },
      "root": "#V884952"
    },
    {
      "V885006": {
        "id": "V885006",
        "indicator": "SPEECHACT",
        "type": "SA_TELL",
        "word": null,
        "roles": {
          "PUNCTYPE": "DECL",
          "CONTENT": "#V884708",
          "LEX": "WAS"
        },
        "start": 15,
        "end": 31
      },
      "V884708": {
        "id": "V884708",
        "indicator": "F",
        "type": "HAVE-PROPERTY",
        "word": "BE",
        "roles": {
          "NEUTRAL": "#V885007",
          "FORMAL": "#V884868",
          "TENSE": "PAST",
          "LEX": "WAS",
          "WNSENSE": "be%2:42:03::"
        },
        "start": 15,
        "end": 30
      },
      "V885007": {
        "id": "V885007",
        "indicator": "IMPRO",
        "type": "REFERENTIAL-SEM",
        "word": null,
        "roles": {
          "PROFORM": "SUBJ"
        },
        "start": 15,
        "end": 30
      },
      "V884868": {
        "id": "V884868",
        "indicator": "F",
        "type": "MEMBERSHIP",
        "word": null,
        "roles": {
          "FIGURE": "#V885007",
          "GROUND": "#V884768",
          "LEX": "WORKER"
        },
        "start": 19,
        "end": 30
      },
      "V884768": {
        "id": "V884768",
        "indicator": "THE-SET",
        "type": "PROFESSIONAL",
        "word": "WORKER",
        "roles": {
          "MOD": "#V884794"
        },
        "start": 19,
        "end": 30
      },
      "V884794": {
        "id": "V884794",
        "indicator": "F",
        "type": "INCLUSIVE",
        "word": "CO-",
        "roles": {
          "FIGURE": "#V884768"
        },
        "start": 19,
        "end": 30
      },
      "root": "#V885006"
    },
    {
      "V884885": {
        "id": "V884885",
        "indicator": "SPEECHACT",
        "type": "SA_IDENTIFY",
        "word": null,
        "roles": {
          "CONTENT": "#V884818",
          "LEX": "THREE"
        },
        "start": 0,
        "end": 2
      },
      "V884818": {
        "id": "V884818",
        "indicator": "A",
        "type": "QUANTITY-ABSTR",
        "word": null,
        "roles": {
          "AMOUNT": "#V884691",
          "LEX": "THREE"
        },
        "start": 0,
        "end": 2
      },
      "V884691": {
        "id": "V884691",
        "indicator": "A",
        "type": "NUMBER",
        "word": null,
        "roles": {
          "VALUE": "3"
        },
        "start": 0,
        "end": 2
      },
      "root": "#V884885"
    },
    {
      "V884952": {
        "id": "V884952",
        "indicator": "SPEECHACT",
        "type": "SA_IDENTIFY",
        "word": null,
        "roles": {
          "CONTENT": "#V884890",
          "LEX": "-"
        },
        "start": 7,
        "end": 15
      },
      "V884890": {
        "id": "V884890",
        "indicator": "A",
        "type": "REFERENTIAL-SEM",
        "word": null,
        "roles": {
          "MOD": "#V884891"
        },
        "start": 7,
        "end": 15
      },
      "V884891": {
        "id": "V884891",
        "indicator": "F",
        "type": "OTHER",
        "word": null,
        "roles": {
          "FIGURE": "#V884890",
          "GROUND": "#V884892"
        },
        "start": 7,
        "end": 15
      },
      "V884892": {
        "id": "V884892",
        "indicator": "IMPRO",
        "type": "REFERENTIAL-SEM",
        "word": null,
        "roles": {},
        "start": 7,
        "end": 15
      },
      "root": "#V884952"
    },
    {
      "V885006": {
        "id": "V885006",
        "indicator": "SPEECHACT",
        "type": "SA_TELL",
        "word": null,
        "roles": {
          "PUNCTYPE": "DECL",
          "CONTENT": "#V884708",
          "LEX": "WAS"
        },
        "start": 15,
        "end": 31
      },
      "V884708": {
        "id": "V884708",
        "indicator": "F",
        "type": "HAVE-PROPERTY",
        "word": "BE",
        "roles": {
          "NEUTRAL": "#V885007",
          "FORMAL": "#V884868",
          "TENSE": "PAST",
          "LEX": "WAS",
          "WNSENSE": "be%2:42:03::"
        },
        "start": 15,
        "end": 30
      },
      "V885007": {
        "id": "V885007",
        "indicator": "IMPRO",
        "type": "REFERENTIAL-SEM",
        "word": null,
        "roles": {
          "PROFORM": "SUBJ"
        },
        "start": 15,
        "end": 30
      },
      "V884868": {
        "id": "V884868",
        "indicator": "F",
        "type": "MEMBERSHIP",
        "word": null,
        "roles": {
          "FIGURE": "#V885007",
          "GROUND": "#V884768",
          "LEX": "WORKER"
        },
        "start": 19,
        "end": 30
      },
      "V884768": {
        "id": "V884768",
        "indicator": "THE-SET",
        "type": "PROFESSIONAL",
        "word": "WORKER",
        "roles": {
          "MOD": "#V884794"
        },
        "start": 19,
        "end": 30
      },
      "V884794": {
        "id": "V884794",
        "indicator": "F",
        "type": "INCLUSIVE",
        "word": "CO-",
        "roles": {
          "FIGURE": "#V884768"
        },
        "start": 19,
        "end": 30
      },
      "root": "#V885006"
    },
    {
      "V884887": {
        "id": "V884887",
        "indicator": "SPEECHACT",
        "type": "SA_IDENTIFY",
        "word": null,
        "roles": {
          "CONTENT": "#V884691",
          "LEX": "THREE"
        },
        "start": 0,
        "end": 2
      },
      "V884691": {
        "id": "V884691",
        "indicator": "THE",
        "type": "NUMBER",
        "word": null,
        "roles": {
          "NUMBER": "3",
          "LEX": "THREE"
        },
        "start": 0,
        "end": 2
      },
      "root": "#V884887"
    },
    {
      "V884954": {
        "id": "V884954",
        "indicator": "SPEECHACT",
        "type": "SA_IDENTIFY",
        "word": null,
        "roles": {
          "CONTENT": "#V884905",
          "LEX": "-"
        },
        "start": 7,
        "end": 15
      },
      "V884905": {
        "id": "V884905",
        "indicator": "THE",
        "type": "QUANTITY-ABSTR",
        "word": null,
        "roles": {
          "FIGURE": "#V884890"
        },
        "start": 7,
        "end": 15
      },
      "V884890": {
        "id": "V884890",
        "indicator": "A",
        "type": "REFERENTIAL-SEM",
        "word": null,
        "roles": {
          "MOD": "#V884891"
        },
        "start": 7,
        "end": 15
      },
      "V884891": {
        "id": "V884891",
        "indicator": "F",
        "type": "OTHER",
        "word": null,
        "roles": {
          "FIGURE": "#V884890",
          "GROUND": "#V884892"
        },
        "start": 7,
        "end": 15
      },
      "V884892": {
        "id": "V884892",
        "indicator": "IMPRO",
        "type": "REFERENTIAL-SEM",
        "word": null,
        "roles": {},
        "start": 7,
        "end": 15
      },
      "root": "#V884954"
    },
    {
      "V885006": {
        "id": "V885006",
        "indicator": "SPEECHACT",
        "type": "SA_TELL",
        "word": null,
        "roles": {
          "PUNCTYPE": "DECL",
          "CONTENT": "#V884708",
          "LEX": "WAS"
        },
        "start": 15,
        "end": 31
      },
      "V884708": {
        "id": "V884708",
        "indicator": "F",
        "type": "HAVE-PROPERTY",
        "word": "BE",
        "roles": {
          "NEUTRAL": "#V885007",
          "FORMAL": "#V884868",
          "TENSE": "PAST",
          "LEX": "WAS",
          "WNSENSE": "be%2:42:03::"
        },
        "start": 15,
        "end": 30
      },
      "V885007": {
        "id": "V885007",
        "indicator": "IMPRO",
        "type": "REFERENTIAL-SEM",
        "word": null,
        "roles": {
          "PROFORM": "SUBJ"
        },
        "start": 15,
        "end": 30
      },
      "V884868": {
        "id": "V884868",
        "indicator": "F",
        "type": "MEMBERSHIP",
        "word": null,
        "roles": {
          "FIGURE": "#V885007",
          "GROUND": "#V884768",
          "LEX": "WORKER"
        },
        "start": 19,
        "end": 30
      },
      "V884768": {
        "id": "V884768",
        "indicator": "THE-SET",
        "type": "PROFESSIONAL",
        "word": "WORKER",
        "roles": {
          "MOD": "#V884794"
        },
        "start": 19,
        "end": 30
      },
      "V884794": {
        "id": "V884794",
        "indicator": "F",
        "type": "INCLUSIVE",
        "word": "CO-",
        "roles": {
          "FIGURE": "#V884768"
        },
        "start": 19,
        "end": 30
      },
      "root": "#V885006"
    },
    {
      "V884885": {
        "id": "V884885",
        "indicator": "SPEECHACT",
        "type": "SA_IDENTIFY",
        "word": null,
        "roles": {
          "CONTENT": "#V884818",
          "LEX": "THREE"
        },
        "start": 0,
        "end": 2
      },
      "V884818": {
        "id": "V884818",
        "indicator": "A",
        "type": "QUANTITY-ABSTR",
        "word": null,
        "roles": {
          "AMOUNT": "#V884691",
          "LEX": "THREE"
        },
        "start": 0,
        "end": 2
      },
      "V884691": {
        "id": "V884691",
        "indicator": "A",
        "type": "NUMBER",
        "word": null,
        "roles": {
          "VALUE": "3"
        },
        "start": 0,
        "end": 2
      },
      "root": "#V884885"
    },
    {
      "V884954": {
        "id": "V884954",
        "indicator": "SPEECHACT",
        "type": "SA_IDENTIFY",
        "word": null,
        "roles": {
          "CONTENT": "#V884905",
          "LEX": "-"
        },
        "start": 7,
        "end": 15
      },
      "V884905": {
        "id": "V884905",
        "indicator": "THE",
        "type": "QUANTITY-ABSTR",
        "word": null,
        "roles": {
          "FIGURE": "#V884890"
        },
        "start": 7,
        "end": 15
      },
      "V884890": {
        "id": "V884890",
        "indicator": "A",
        "type": "REFERENTIAL-SEM",
        "word": null,
        "roles": {
          "MOD": "#V884891"
        },
        "start": 7,
        "end": 15
      },
      "V884891": {
        "id": "V884891",
        "indicator": "F",
        "type": "OTHER",
        "word": null,
        "roles": {
          "FIGURE": "#V884890",
          "GROUND": "#V884892"
        },
        "start": 7,
        "end": 15
      },
      "V884892": {
        "id": "V884892",
        "indicator": "IMPRO",
        "type": "REFERENTIAL-SEM",
        "word": null,
        "roles": {},
        "start": 7,
        "end": 15
      },
      "root": "#V884954"
    },
    {
      "V885006": {
        "id": "V885006",
        "indicator": "SPEECHACT",
        "type": "SA_TELL",
        "word": null,
        "roles": {
          "PUNCTYPE": "DECL",
          "CONTENT": "#V884708",
          "LEX": "WAS"
        },
        "start": 15,
        "end": 31
      },
      "V884708": {
        "id": "V884708",
        "indicator": "F",
        "type": "HAVE-PROPERTY",
        "word": "BE",
        "roles": {
          "NEUTRAL": "#V885007",
          "FORMAL": "#V884868",
          "TENSE": "PAST",
          "LEX": "WAS",
          "WNSENSE": "be%2:42:03::"
        },
        "start": 15,
        "end": 30
      },
      "V885007": {
        "id": "V885007",
        "indicator": "IMPRO",
        "type": "REFERENTIAL-SEM",
        "word": null,
        "roles": {
          "PROFORM": "SUBJ"
        },
        "start": 15,
        "end": 30
      },
      "V884868": {
        "id": "V884868",
        "indicator": "F",
        "type": "MEMBERSHIP",
        "word": null,
        "roles": {
          "FIGURE": "#V885007",
          "GROUND": "#V884768",
          "LEX": "WORKER"
        },
        "start": 19,
        "end": 30
      },
      "V884768": {
        "id": "V884768",
        "indicator": "THE-SET",
        "type": "PROFESSIONAL",
        "word": "WORKER",
        "roles": {
          "MOD": "#V884794"
        },
        "start": 19,
        "end": 30
      },
      "V884794": {
        "id": "V884794",
        "indicator": "F",
        "type": "INCLUSIVE",
        "word": "CO-",
        "roles": {
          "FIGURE": "#V884768"
        },
        "start": 19,
        "end": 30
      },
      "root": "#V885006"
    },
    {
      "V884939": {
        "id": "V884939",
        "indicator": "SPEECHACT",
        "type": "SA_IDENTIFY",
        "word": null,
        "roles": {
          "CONTENT": "#V884846",
          "LEX": "-"
        },
        "start": 0,
        "end": 2
      },
      "V884846": {
        "id": "V884846",
        "indicator": "THE",
        "type": "QUANTITY-ABSTR",
        "word": null,
        "roles": {
          "FIGURE": "#V884691"
        },
        "start": 0,
        "end": 2
      },
      "V884691": {
        "id": "V884691",
        "indicator": "THE",
        "type": "NUMBER",
        "word": null,
        "roles": {
          "NUMBER": "3",
          "LEX": "THREE"
        },
        "start": 0,
        "end": 2
      },
      "root": "#V884939"
    },
    {
      "V884952": {
        "id": "V884952",
        "indicator": "SPEECHACT",
        "type": "SA_IDENTIFY",
        "word": null,
        "roles": {
          "CONTENT": "#V884890",
          "LEX": "-"
        },
        "start": 7,
        "end": 15
      },
      "V884890": {
        "id": "V884890",
        "indicator": "A",
        "type": "REFERENTIAL-SEM",
        "word": null,
        "roles": {
          "MOD": "#V884891"
        },
        "start": 7,
        "end": 15
      },
      "V884891": {
        "id": "V884891",
        "indicator": "F",
        "type": "OTHER",
        "word": null,
        "roles": {
          "FIGURE": "#V884890",
          "GROUND": "#V884892"
        },
        "start": 7,
        "end": 15
      },
      "V884892": {
        "id": "V884892",
        "indicator": "IMPRO",
        "type": "REFERENTIAL-SEM",
        "word": null,
        "roles": {},
        "start": 7,
        "end": 15
      },
      "root": "#V884952"
    },
    {
      "V884989": {
        "id": "V884989",
        "indicator": "SPEECHACT",
        "type": "SA_TELL",
        "word": null,
        "roles": {
          "PUNCTYPE": "DECL",
          "CONTENT": "#V884709",
          "LEX": "WAS"
        },
        "start": 15,
        "end": 31
      },
      "V884709": {
        "id": "V884709",
        "indicator": "F",
        "type": "BE",
        "word": "BE",
        "roles": {
          "NEUTRAL": "#V884990",
          "NEUTRAL1": "#V884768",
          "TENSE": "PAST",
          "LEX": "WAS",
          "WNSENSE": "be%2:42:06::"
        },
        "start": 15,
        "end": 30
      },
      "V884990": {
        "id": "V884990",
        "indicator": "IMPRO",
        "type": "REFERENTIAL-SEM",
        "word": null,
        "roles": {
          "PROFORM": "SUBJ"
        },
        "start": 15,
        "end": 30
      },
      "V884768": {
        "id": "V884768",
        "indicator": "A",
        "type": "PROFESSIONAL",
        "word": "WORKER",
        "roles": {
          "MOD": "#V884794",
          "LEX": "WORKER",
          "WNSENSE": "worker%1:18:00::"
        },
        "start": 19,
        "end": 30
      },
      "V884794": {
        "id": "V884794",
        "indicator": "F",
        "type": "INCLUSIVE",
        "word": "CO-",
        "roles": {
          "FIGURE": "#V884768"
        },
        "start": 19,
        "end": 30
      },
      "root": "#V884989"
    },
    {
      "V884939": {
        "id": "V884939",
        "indicator": "SPEECHACT",
        "type": "SA_IDENTIFY",
        "word": null,
        "roles": {
          "CONTENT": "#V884846",
          "LEX": "-"
        },
        "start": 0,
        "end": 2
      },
      "V884846": {
        "id": "V884846",
        "indicator": "THE",
        "type": "QUANTITY-ABSTR",
        "word": null,
        "roles": {
          "FIGURE": "#V884691"
        },
        "start": 0,
        "end": 2
      },
      "V884691": {
        "id": "V884691",
        "indicator": "THE",
        "type": "NUMBER",
        "word": null,
        "roles": {
          "NUMBER": "3",
          "LEX": "THREE"
        },
        "start": 0,
        "end": 2
      },
      "root": "#V884939"
    },
    {
      "V884954": {
        "id": "V884954",
        "indicator": "SPEECHACT",
        "type": "SA_IDENTIFY",
        "word": null,
        "roles": {
          "CONTENT": "#V884905",
          "LEX": "-"
        },
        "start": 7,
        "end": 15
      },
      "V884905": {
        "id": "V884905",
        "indicator": "THE",
        "type": "QUANTITY-ABSTR",
        "word": null,
        "roles": {
          "FIGURE": "#V884890"
        },
        "start": 7,
        "end": 15
      },
      "V884890": {
        "id": "V884890",
        "indicator": "A",
        "type": "REFERENTIAL-SEM",
        "word": null,
        "roles": {
          "MOD": "#V884891"
        },
        "start": 7,
        "end": 15
      },
      "V884891": {
        "id": "V884891",
        "indicator": "F",
        "type": "OTHER",
        "word": null,
        "roles": {
          "FIGURE": "#V884890",
          "GROUND": "#V884892"
        },
        "start": 7,
        "end": 15
      },
      "V884892": {
        "id": "V884892",
        "indicator": "IMPRO",
        "type": "REFERENTIAL-SEM",
        "word": null,
        "roles": {},
        "start": 7,
        "end": 15
      },
      "root": "#V884954"
    },
    {
      "V884989": {
        "id": "V884989",
        "indicator": "SPEECHACT",
        "type": "SA_TELL",
        "word": null,
        "roles": {
          "PUNCTYPE": "DECL",
          "CONTENT": "#V884709",
          "LEX": "WAS"
        },
        "start": 15,
        "end": 31
      },
      "V884709": {
        "id": "V884709",
        "indicator": "F",
        "type": "BE",
        "word": "BE",
        "roles": {
          "NEUTRAL": "#V884990",
          "NEUTRAL1": "#V884768",
          "TENSE": "PAST",
          "LEX": "WAS",
          "WNSENSE": "be%2:42:06::"
        },
        "start": 15,
        "end": 30
      },
      "V884990": {
        "id": "V884990",
        "indicator": "IMPRO",
        "type": "REFERENTIAL-SEM",
        "word": null,
        "roles": {
          "PROFORM": "SUBJ"
        },
        "start": 15,
        "end": 30
      },
      "V884768": {
        "id": "V884768",
        "indicator": "A",
        "type": "PROFESSIONAL",
        "word": "WORKER",
        "roles": {
          "MOD": "#V884794",
          "LEX": "WORKER",
          "WNSENSE": "worker%1:18:00::"
        },
        "start": 19,
        "end": 30
      },
      "V884794": {
        "id": "V884794",
        "indicator": "F",
        "type": "INCLUSIVE",
        "word": "CO-",
        "roles": {
          "FIGURE": "#V884768"
        },
        "start": 19,
        "end": 30
      },
      "root": "#V884989"
    },
    {
      "V884939": {
        "id": "V884939",
        "indicator": "SPEECHACT",
        "type": "SA_IDENTIFY",
        "word": null,
        "roles": {
          "CONTENT": "#V884846",
          "LEX": "-"
        },
        "start": 0,
        "end": 2
      },
      "V884846": {
        "id": "V884846",
        "indicator": "THE",
        "type": "QUANTITY-ABSTR",
        "word": null,
        "roles": {
          "FIGURE": "#V884691"
        },
        "start": 0,
        "end": 2
      },
      "V884691": {
        "id": "V884691",
        "indicator": "THE",
        "type": "NUMBER",
        "word": null,
        "roles": {
          "NUMBER": "3",
          "LEX": "THREE"
        },
        "start": 0,
        "end": 2
      },
      "root": "#V884939"
    },
    {
      "V884952": {
        "id": "V884952",
        "indicator": "SPEECHACT",
        "type": "SA_IDENTIFY",
        "word": null,
        "roles": {
          "CONTENT": "#V884890",
          "LEX": "-"
        },
        "start": 7,
        "end": 15
      },
      "V884890": {
        "id": "V884890",
        "indicator": "A",
        "type": "REFERENTIAL-SEM",
        "word": null,
        "roles": {
          "MOD": "#V884891"
        },
        "start": 7,
        "end": 15
      },
      "V884891": {
        "id": "V884891",
        "indicator": "F",
        "type": "OTHER",
        "word": null,
        "roles": {
          "FIGURE": "#V884890",
          "GROUND": "#V884892"
        },
        "start": 7,
        "end": 15
      },
      "V884892": {
        "id": "V884892",
        "indicator": "IMPRO",
        "type": "REFERENTIAL-SEM",
        "word": null,
        "roles": {},
        "start": 7,
        "end": 15
      },
      "root": "#V884952"
    },
    {
      "V885006": {
        "id": "V885006",
        "indicator": "SPEECHACT",
        "type": "SA_TELL",
        "word": null,
        "roles": {
          "PUNCTYPE": "DECL",
          "CONTENT": "#V884708",
          "LEX": "WAS"
        },
        "start": 15,
        "end": 31
      },
      "V884708": {
        "id": "V884708",
        "indicator": "F",
        "type": "HAVE-PROPERTY",
        "word": "BE",
        "roles": {
          "NEUTRAL": "#V885007",
          "FORMAL": "#V884868",
          "TENSE": "PAST",
          "LEX": "WAS",
          "WNSENSE": "be%2:42:03::"
        },
        "start": 15,
        "end": 30
      },
      "V885007": {
        "id": "V885007",
        "indicator": "IMPRO",
        "type": "REFERENTIAL-SEM",
        "word": null,
        "roles": {
          "PROFORM": "SUBJ"
        },
        "start": 15,
        "end": 30
      },
      "V884868": {
        "id": "V884868",
        "indicator": "F",
        "type": "MEMBERSHIP",
        "word": null,
        "roles": {
          "FIGURE": "#V885007",
          "GROUND": "#V884768",
          "LEX": "WORKER"
        },
        "start": 19,
        "end": 30
      },
      "V884768": {
        "id": "V884768",
        "indicator": "THE-SET",
        "type": "PROFESSIONAL",
        "word": "WORKER",
        "roles": {
          "MOD": "#V884794"
        },
        "start": 19,
        "end": 30
      },
      "V884794": {
        "id": "V884794",
        "indicator": "F",
        "type": "INCLUSIVE",
        "word": "CO-",
        "roles": {
          "FIGURE": "#V884768"
        },
        "start": 19,
        "end": 30
      },
      "root": "#V885006"
    },
    {
      "V884939": {
        "id": "V884939",
        "indicator": "SPEECHACT",
        "type": "SA_IDENTIFY",
        "word": null,
        "roles": {
          "CONTENT": "#V884846",
          "LEX": "-"
        },
        "start": 0,
        "end": 2
      },
      "V884846": {
        "id": "V884846",
        "indicator": "THE",
        "type": "QUANTITY-ABSTR",
        "word": null,
        "roles": {
          "FIGURE": "#V884691"
        },
        "start": 0,
        "end": 2
      },
      "V884691": {
        "id": "V884691",
        "indicator": "THE",
        "type": "NUMBER",
        "word": null,
        "roles": {
          "NUMBER": "3",
          "LEX": "THREE"
        },
        "start": 0,
        "end": 2
      },
      "root": "#V884939"
    },
    {
      "V884954": {
        "id": "V884954",
        "indicator": "SPEECHACT",
        "type": "SA_IDENTIFY",
        "word": null,
        "roles": {
          "CONTENT": "#V884905",
          "LEX": "-"
        },
        "start": 7,
        "end": 15
      },
      "V884905": {
        "id": "V884905",
        "indicator": "THE",
        "type": "QUANTITY-ABSTR",
        "word": null,
        "roles": {
          "FIGURE": "#V884890"
        },
        "start": 7,
        "end": 15
      },
      "V884890": {
        "id": "V884890",
        "indicator": "A",
        "type": "REFERENTIAL-SEM",
        "word": null,
        "roles": {
          "MOD": "#V884891"
        },
        "start": 7,
        "end": 15
      },
      "V884891": {
        "id": "V884891",
        "indicator": "F",
        "type": "OTHER",
        "word": null,
        "roles": {
          "FIGURE": "#V884890",
          "GROUND": "#V884892"
        },
        "start": 7,
        "end": 15
      },
      "V884892": {
        "id": "V884892",
        "indicator": "IMPRO",
        "type": "REFERENTIAL-SEM",
        "word": null,
        "roles": {},
        "start": 7,
        "end": 15
      },
      "root": "#V884954"
    },
    {
      "V885006": {
        "id": "V885006",
        "indicator": "SPEECHACT",
        "type": "SA_TELL",
        "word": null,
        "roles": {
          "PUNCTYPE": "DECL",
          "CONTENT": "#V884708",
          "LEX": "WAS"
        },
        "start": 15,
        "end": 31
      },
      "V884708": {
        "id": "V884708",
        "indicator": "F",
        "type": "HAVE-PROPERTY",
        "word": "BE",
        "roles": {
          "NEUTRAL": "#V885007",
          "FORMAL": "#V884868",
          "TENSE": "PAST",
          "LEX": "WAS",
          "WNSENSE": "be%2:42:03::"
        },
        "start": 15,
        "end": 30
      },
      "V885007": {
        "id": "V885007",
        "indicator": "IMPRO",
        "type": "REFERENTIAL-SEM",
        "word": null,
        "roles": {
          "PROFORM": "SUBJ"
        },
        "start": 15,
        "end": 30
      },
      "V884868": {
        "id": "V884868",
        "indicator": "F",
        "type": "MEMBERSHIP",
        "word": null,
        "roles": {
          "FIGURE": "#V885007",
          "GROUND": "#V884768",
          "LEX": "WORKER"
        },
        "start": 19,
        "end": 30
      },
      "V884768": {
        "id": "V884768",
        "indicator": "THE-SET",
        "type": "PROFESSIONAL",
        "word": "WORKER",
        "roles": {
          "MOD": "#V884794"
        },
        "start": 19,
        "end": 30
      },
      "V884794": {
        "id": "V884794",
        "indicator": "F",
        "type": "INCLUSIVE",
        "word": "CO-",
        "roles": {
          "FIGURE": "#V884768"
        },
        "start": 19,
        "end": 30
      },
      "root": "#V885006"
    },
    {
      "V884887": {
        "id": "V884887",
        "indicator": "SPEECHACT",
        "type": "SA_IDENTIFY",
        "word": null,
        "roles": {
          "CONTENT": "#V884691",
          "LEX": "THREE"
        },
        "start": 0,
        "end": 2
      },
      "V884691": {
        "id": "V884691",
        "indicator": "THE",
        "type": "NUMBER",
        "word": null,
        "roles": {
          "NUMBER": "3",
          "LEX": "THREE"
        },
        "start": 0,
        "end": 2
      },
      "root": "#V884887"
    },
    {
      "V884952": {
        "id": "V884952",
        "indicator": "SPEECHACT",
        "type": "SA_IDENTIFY",
        "word": null,
        "roles": {
          "CONTENT": "#V884890",
          "LEX": "-"
        },
        "start": 7,
        "end": 15
      },
      "V884890": {
        "id": "V884890",
        "indicator": "A",
        "type": "REFERENTIAL-SEM",
        "word": null,
        "roles": {
          "MOD": "#V884891"
        },
        "start": 7,
        "end": 15
      },
      "V884891": {
        "id": "V884891",
        "indicator": "F",
        "type": "OTHER",
        "word": null,
        "roles": {
          "FIGURE": "#V884890",
          "GROUND": "#V884892"
        },
        "start": 7,
        "end": 15
      },
      "V884892": {
        "id": "V884892",
        "indicator": "IMPRO",
        "type": "REFERENTIAL-SEM",
        "word": null,
        "roles": {},
        "start": 7,
        "end": 15
      },
      "root": "#V884952"
    },
    {
      "V885094": {
        "id": "V885094",
        "indicator": "SPEECHACT",
        "type": "SA_TELL",
        "word": null,
        "roles": {
          "PUNCTYPE": "DECL",
          "CONTENT": "#V884709",
          "LEX": "WAS"
        },
        "start": 15,
        "end": 31
      },
      "V884709": {
        "id": "V884709",
        "indicator": "F",
        "type": "BE",
        "word": "BE",
        "roles": {
          "NEUTRAL": "#V885095",
          "NEUTRAL1": "#V884774",
          "TENSE": "PAST",
          "LEX": "WAS",
          "WNSENSE": "be%2:42:06::"
        },
        "start": 15,
        "end": 30
      },
      "V885095": {
        "id": "V885095",
        "indicator": "IMPRO",
        "type": "REFERENTIAL-SEM",
        "word": null,
        "roles": {
          "PROFORM": "SUBJ"
        },
        "start": 15,
        "end": 30
      },
      "V884774": {
        "id": "V884774",
        "indicator": "A",
        "type": "REFERENTIAL-SEM",
        "word": "COWORKER",
        "roles": {
          "LEX": "COWORKER",
          "WNSENSE": "entity%1:03:00"
        },
        "start": 19,
        "end": 30
      },
      "root": "#V885094"
    },
    {
      "V884885": {
        "id": "V884885",
        "indicator": "SPEECHACT",
        "type": "SA_IDENTIFY",
        "word": null,
        "roles": {
          "CONTENT": "#V884818",
          "LEX": "THREE"
        },
        "start": 0,
        "end": 2
      },
      "V884818": {
        "id": "V884818",
        "indicator": "A",
        "type": "QUANTITY-ABSTR",
        "word": null,
        "roles": {
          "AMOUNT": "#V884691",
          "LEX": "THREE"
        },
        "start": 0,
        "end": 2
      },
      "V884691": {
        "id": "V884691",
        "indicator": "A",
        "type": "NUMBER",
        "word": null,
        "roles": {
          "VALUE": "3"
        },
        "start": 0,
        "end": 2
      },
      "root": "#V884885"
    },
    {
      "V884952": {
        "id": "V884952",
        "indicator": "SPEECHACT",
        "type": "SA_IDENTIFY",
        "word": null,
        "roles": {
          "CONTENT": "#V884890",
          "LEX": "-"
        },
        "start": 7,
        "end": 15
      },
      "V884890": {
        "id": "V884890",
        "indicator": "A",
        "type": "REFERENTIAL-SEM",
        "word": null,
        "roles": {
          "MOD": "#V884891"
        },
        "start": 7,
        "end": 15
      },
      "V884891": {
        "id": "V884891",
        "indicator": "F",
        "type": "OTHER",
        "word": null,
        "roles": {
          "FIGURE": "#V884890",
          "GROUND": "#V884892"
        },
        "start": 7,
        "end": 15
      },
      "V884892": {
        "id": "V884892",
        "indicator": "IMPRO",
        "type": "REFERENTIAL-SEM",
        "word": null,
        "roles": {},
        "start": 7,
        "end": 15
      },
      "root": "#V884952"
    },
    {
      "V885094": {
        "id": "V885094",
        "indicator": "SPEECHACT",
        "type": "SA_TELL",
        "word": null,
        "roles": {
          "PUNCTYPE": "DECL",
          "CONTENT": "#V884709",
          "LEX": "WAS"
        },
        "start": 15,
        "end": 31
      },
      "V884709": {
        "id": "V884709",
        "indicator": "F",
        "type": "BE",
        "word": "BE",
        "roles": {
          "NEUTRAL": "#V885095",
          "NEUTRAL1": "#V884774",
          "TENSE": "PAST",
          "LEX": "WAS",
          "WNSENSE": "be%2:42:06::"
        },
        "start": 15,
        "end": 30
      },
      "V885095": {
        "id": "V885095",
        "indicator": "IMPRO",
        "type": "REFERENTIAL-SEM",
        "word": null,
        "roles": {
          "PROFORM": "SUBJ"
        },
        "start": 15,
        "end": 30
      },
      "V884774": {
        "id": "V884774",
        "indicator": "A",
        "type": "REFERENTIAL-SEM",
        "word": "COWORKER",
        "roles": {
          "LEX": "COWORKER",
          "WNSENSE": "entity%1:03:00"
        },
        "start": 19,
        "end": 30
      },
      "root": "#V885094"
    },
    {
      "V884887": {
        "id": "V884887",
        "indicator": "SPEECHACT",
        "type": "SA_IDENTIFY",
        "word": null,
        "roles": {
          "CONTENT": "#V884691",
          "LEX": "THREE"
        },
        "start": 0,
        "end": 2
      },
      "V884691": {
        "id": "V884691",
        "indicator": "THE",
        "type": "NUMBER",
        "word": null,
        "roles": {
          "NUMBER": "3",
          "LEX": "THREE"
        },
        "start": 0,
        "end": 2
      },
      "root": "#V884887"
    },
    {
      "V884954": {
        "id": "V884954",
        "indicator": "SPEECHACT",
        "type": "SA_IDENTIFY",
        "word": null,
        "roles": {
          "CONTENT": "#V884905",
          "LEX": "-"
        },
        "start": 7,
        "end": 15
      },
      "V884905": {
        "id": "V884905",
        "indicator": "THE",
        "type": "QUANTITY-ABSTR",
        "word": null,
        "roles": {
          "FIGURE": "#V884890"
        },
        "start": 7,
        "end": 15
      },
      "V884890": {
        "id": "V884890",
        "indicator": "A",
        "type": "REFERENTIAL-SEM",
        "word": null,
        "roles": {
          "MOD": "#V884891"
        },
        "start": 7,
        "end": 15
      },
      "V884891": {
        "id": "V884891",
        "indicator": "F",
        "type": "OTHER",
        "word": null,
        "roles": {
          "FIGURE": "#V884890",
          "GROUND": "#V884892"
        },
        "start": 7,
        "end": 15
      },
      "V884892": {
        "id": "V884892",
        "indicator": "IMPRO",
        "type": "REFERENTIAL-SEM",
        "word": null,
        "roles": {},
        "start": 7,
        "end": 15
      },
      "root": "#V884954"
    },
    {
      "V885094": {
        "id": "V885094",
        "indicator": "SPEECHACT",
        "type": "SA_TELL",
        "word": null,
        "roles": {
          "PUNCTYPE": "DECL",
          "CONTENT": "#V884709",
          "LEX": "WAS"
        },
        "start": 15,
        "end": 31
      },
      "V884709": {
        "id": "V884709",
        "indicator": "F",
        "type": "BE",
        "word": "BE",
        "roles": {
          "NEUTRAL": "#V885095",
          "NEUTRAL1": "#V884774",
          "TENSE": "PAST",
          "LEX": "WAS",
          "WNSENSE": "be%2:42:06::"
        },
        "start": 15,
        "end": 30
      },
      "V885095": {
        "id": "V885095",
        "indicator": "IMPRO",
        "type": "REFERENTIAL-SEM",
        "word": null,
        "roles": {
          "PROFORM": "SUBJ"
        },
        "start": 15,
        "end": 30
      },
      "V884774": {
        "id": "V884774",
        "indicator": "A",
        "type": "REFERENTIAL-SEM",
        "word": "COWORKER",
        "roles": {
          "LEX": "COWORKER",
          "WNSENSE": "entity%1:03:00"
        },
        "start": 19,
        "end": 30
      },
      "root": "#V885094"
    },
    {
      "V884885": {
        "id": "V884885",
        "indicator": "SPEECHACT",
        "type": "SA_IDENTIFY",
        "word": null,
        "roles": {
          "CONTENT": "#V884818",
          "LEX": "THREE"
        },
        "start": 0,
        "end": 2
      },
      "V884818": {
        "id": "V884818",
        "indicator": "A",
        "type": "QUANTITY-ABSTR",
        "word": null,
        "roles": {
          "AMOUNT": "#V884691",
          "LEX": "THREE"
        },
        "start": 0,
        "end": 2
      },
      "V884691": {
        "id": "V884691",
        "indicator": "A",
        "type": "NUMBER",
        "word": null,
        "roles": {
          "VALUE": "3"
        },
        "start": 0,
        "end": 2
      },
      "root": "#V884885"
    },
    {
      "V884954": {
        "id": "V884954",
        "indicator": "SPEECHACT",
        "type": "SA_IDENTIFY",
        "word": null,
        "roles": {
          "CONTENT": "#V884905",
          "LEX": "-"
        },
        "start": 7,
        "end": 15
      },
      "V884905": {
        "id": "V884905",
        "indicator": "THE",
        "type": "QUANTITY-ABSTR",
        "word": null,
        "roles": {
          "FIGURE": "#V884890"
        },
        "start": 7,
        "end": 15
      },
      "V884890": {
        "id": "V884890",
        "indicator": "A",
        "type": "REFERENTIAL-SEM",
        "word": null,
        "roles": {
          "MOD": "#V884891"
        },
        "start": 7,
        "end": 15
      },
      "V884891": {
        "id": "V884891",
        "indicator": "F",
        "type": "OTHER",
        "word": null,
        "roles": {
          "FIGURE": "#V884890",
          "GROUND": "#V884892"
        },
        "start": 7,
        "end": 15
      },
      "V884892": {
        "id": "V884892",
        "indicator": "IMPRO",
        "type": "REFERENTIAL-SEM",
        "word": null,
        "roles": {},
        "start": 7,
        "end": 15
      },
      "root": "#V884954"
    },
    {
      "V885094": {
        "id": "V885094",
        "indicator": "SPEECHACT",
        "type": "SA_TELL",
        "word": null,
        "roles": {
          "PUNCTYPE": "DECL",
          "CONTENT": "#V884709",
          "LEX": "WAS"
        },
        "start": 15,
        "end": 31
      },
      "V884709": {
        "id": "V884709",
        "indicator": "F",
        "type": "BE",
        "word": "BE",
        "roles": {
          "NEUTRAL": "#V885095",
          "NEUTRAL1": "#V884774",
          "TENSE": "PAST",
          "LEX": "WAS",
          "WNSENSE": "be%2:42:06::"
        },
        "start": 15,
        "end": 30
      },
      "V885095": {
        "id": "V885095",
        "indicator": "IMPRO",
        "type": "REFERENTIAL-SEM",
        "word": null,
        "roles": {
          "PROFORM": "SUBJ"
        },
        "start": 15,
        "end": 30
      },
      "V884774": {
        "id": "V884774",
        "indicator": "A",
        "type": "REFERENTIAL-SEM",
        "word": "COWORKER",
        "roles": {
          "LEX": "COWORKER",
          "WNSENSE": "entity%1:03:00"
        },
        "start": 19,
        "end": 30
      },
      "root": "#V885094"
    },
    {
      "V885003": {
        "id": "V885003",
        "indicator": "SPEECHACT",
        "type": "SA_IDENTIFY",
        "word": null,
        "roles": {
          "CONTENT": "#V884691",
          "LEX": "THREE"
        },
        "start": 0,
        "end": 2
      },
      "V884691": {
        "id": "V884691",
        "indicator": "THE",
        "type": "TIME-LOC",
        "word": null,
        "roles": {
          "NAME-OF": "THREE",
          "HOUR": "3",
          "LEX": "THREE"
        },
        "start": 0,
        "end": 2
      },
      "root": "#V885003"
    },
    {
      "V884952": {
        "id": "V884952",
        "indicator": "SPEECHACT",
        "type": "SA_IDENTIFY",
        "word": null,
        "roles": {
          "CONTENT": "#V884890",
          "LEX": "-"
        },
        "start": 7,
        "end": 15
      },
      "V884890": {
        "id": "V884890",
        "indicator": "A",
        "type": "REFERENTIAL-SEM",
        "word": null,
        "roles": {
          "MOD": "#V884891"
        },
        "start": 7,
        "end": 15
      },
      "V884891": {
        "id": "V884891",
        "indicator": "F",
        "type": "OTHER",
        "word": null,
        "roles": {
          "FIGURE": "#V884890",
          "GROUND": "#V884892"
        },
        "start": 7,
        "end": 15
      },
      "V884892": {
        "id": "V884892",
        "indicator": "IMPRO",
        "type": "REFERENTIAL-SEM",
        "word": null,
        "roles": {},
        "start": 7,
        "end": 15
      },
      "root": "#V884952"
    },
    {
      "V884989": {
        "id": "V884989",
        "indicator": "SPEECHACT",
        "type": "SA_TELL",
        "word": null,
        "roles": {
          "PUNCTYPE": "DECL",
          "CONTENT": "#V884709",
          "LEX": "WAS"
        },
        "start": 15,
        "end": 31
      },
      "V884709": {
        "id": "V884709",
        "indicator": "F",
        "type": "BE",
        "word": "BE",
        "roles": {
          "NEUTRAL": "#V884990",
          "NEUTRAL1": "#V884768",
          "TENSE": "PAST",
          "LEX": "WAS",
          "WNSENSE": "be%2:42:06::"
        },
        "start": 15,
        "end": 30
      },
      "V884990": {
        "id": "V884990",
        "indicator": "IMPRO",
        "type": "REFERENTIAL-SEM",
        "word": null,
        "roles": {
          "PROFORM": "SUBJ"
        },
        "start": 15,
        "end": 30
      },
      "V884768": {
        "id": "V884768",
        "indicator": "A",
        "type": "PROFESSIONAL",
        "word": "WORKER",
        "roles": {
          "MOD": "#V884794",
          "LEX": "WORKER",
          "WNSENSE": "worker%1:18:00::"
        },
        "start": 19,
        "end": 30
      },
      "V884794": {
        "id": "V884794",
        "indicator": "F",
        "type": "INCLUSIVE",
        "word": "CO-",
        "roles": {
          "FIGURE": "#V884768"
        },
        "start": 19,
        "end": 30
      },
      "root": "#V884989"
    },
    {
      "V884887": {
        "id": "V884887",
        "indicator": "SPEECHACT",
        "type": "SA_IDENTIFY",
        "word": null,
        "roles": {
          "CONTENT": "#V884691",
          "LEX": "THREE"
        },
        "start": 0,
        "end": 2
      },
      "V884691": {
        "id": "V884691",
        "indicator": "THE",
        "type": "NUMBER",
        "word": null,
        "roles": {
          "NUMBER": "3",
          "LEX": "THREE"
        },
        "start": 0,
        "end": 2
      },
      "root": "#V884887"
    },
    {
      "V884952": {
        "id": "V884952",
        "indicator": "SPEECHACT",
        "type": "SA_IDENTIFY",
        "word": null,
        "roles": {
          "CONTENT": "#V884890",
          "LEX": "-"
        },
        "start": 7,
        "end": 15
      },
      "V884890": {
        "id": "V884890",
        "indicator": "A",
        "type": "REFERENTIAL-SEM",
        "word": null,
        "roles": {
          "MOD": "#V884891"
        },
        "start": 7,
        "end": 15
      },
      "V884891": {
        "id": "V884891",
        "indicator": "F",
        "type": "OTHER",
        "word": null,
        "roles": {
          "FIGURE": "#V884890",
          "GROUND": "#V884892"
        },
        "start": 7,
        "end": 15
      },
      "V884892": {
        "id": "V884892",
        "indicator": "IMPRO",
        "type": "REFERENTIAL-SEM",
        "word": null,
        "roles": {},
        "start": 7,
        "end": 15
      },
      "root": "#V884952"
    },
    {
      "V885097": {
        "id": "V885097",
        "indicator": "SPEECHACT",
        "type": "SA_TELL",
        "word": null,
        "roles": {
          "PUNCTYPE": "DECL",
          "CONTENT": "#V884708",
          "LEX": "WAS"
        },
        "start": 15,
        "end": 31
      },
      "V884708": {
        "id": "V884708",
        "indicator": "F",
        "type": "HAVE-PROPERTY",
        "word": "BE",
        "roles": {
          "NEUTRAL": "#V885098",
          "FORMAL": "#V885072",
          "TENSE": "PAST",
          "LEX": "WAS",
          "WNSENSE": "be%2:42:03::"
        },
        "start": 15,
        "end": 30
      },
      "V885098": {
        "id": "V885098",
        "indicator": "IMPRO",
        "type": "REFERENTIAL-SEM",
        "word": null,
        "roles": {
          "PROFORM": "SUBJ"
        },
        "start": 15,
        "end": 30
      },
      "V885072": {
        "id": "V885072",
        "indicator": "F",
        "type": "MEMBERSHIP",
        "word": null,
        "roles": {
          "FIGURE": "#V885098",
          "GROUND": "#V884774",
          "LEX": "COWORKER"
        },
        "start": 19,
        "end": 30
      },
      "V884774": {
        "id": "V884774",
        "indicator": "THE-SET",
        "type": "REFERENTIAL-SEM",
        "word": "COWORKER",
        "roles": {},
        "start": 19,
        "end": 30
      },
      "root": "#V885097"
    },
    {
      "V884885": {
        "id": "V884885",
        "indicator": "SPEECHACT",
        "type": "SA_IDENTIFY",
        "word": null,
        "roles": {
          "CONTENT": "#V884818",
          "LEX": "THREE"
        },
        "start": 0,
        "end": 2
      },
      "V884818": {
        "id": "V884818",
        "indicator": "A",
        "type": "QUANTITY-ABSTR",
        "word": null,
        "roles": {
          "AMOUNT": "#V884691",
          "LEX": "THREE"
        },
        "start": 0,
        "end": 2
      },
      "V884691": {
        "id": "V884691",
        "indicator": "A",
        "type": "NUMBER",
        "word": null,
        "roles": {
          "VALUE": "3"
        },
        "start": 0,
        "end": 2
      },
      "root": "#V884885"
    },
    {
      "V884952": {
        "id": "V884952",
        "indicator": "SPEECHACT",
        "type": "SA_IDENTIFY",
        "word": null,
        "roles": {
          "CONTENT": "#V884890",
          "LEX": "-"
        },
        "start": 7,
        "end": 15
      },
      "V884890": {
        "id": "V884890",
        "indicator": "A",
        "type": "REFERENTIAL-SEM",
        "word": null,
        "roles": {
          "MOD": "#V884891"
        },
        "start": 7,
        "end": 15
      },
      "V884891": {
        "id": "V884891",
        "indicator": "F",
        "type": "OTHER",
        "word": null,
        "roles": {
          "FIGURE": "#V884890",
          "GROUND": "#V884892"
        },
        "start": 7,
        "end": 15
      },
      "V884892": {
        "id": "V884892",
        "indicator": "IMPRO",
        "type": "REFERENTIAL-SEM",
        "word": null,
        "roles": {},
        "start": 7,
        "end": 15
      },
      "root": "#V884952"
    },
    {
      "V885097": {
        "id": "V885097",
        "indicator": "SPEECHACT",
        "type": "SA_TELL",
        "word": null,
        "roles": {
          "PUNCTYPE": "DECL",
          "CONTENT": "#V884708",
          "LEX": "WAS"
        },
        "start": 15,
        "end": 31
      },
      "V884708": {
        "id": "V884708",
        "indicator": "F",
        "type": "HAVE-PROPERTY",
        "word": "BE",
        "roles": {
          "NEUTRAL": "#V885098",
          "FORMAL": "#V885072",
          "TENSE": "PAST",
          "LEX": "WAS",
          "WNSENSE": "be%2:42:03::"
        },
        "start": 15,
        "end": 30
      },
      "V885098": {
        "id": "V885098",
        "indicator": "IMPRO",
        "type": "REFERENTIAL-SEM",
        "word": null,
        "roles": {
          "PROFORM": "SUBJ"
        },
        "start": 15,
        "end": 30
      },
      "V885072": {
        "id": "V885072",
        "indicator": "F",
        "type": "MEMBERSHIP",
        "word": null,
        "roles": {
          "FIGURE": "#V885098",
          "GROUND": "#V884774",
          "LEX": "COWORKER"
        },
        "start": 19,
        "end": 30
      },
      "V884774": {
        "id": "V884774",
        "indicator": "THE-SET",
        "type": "REFERENTIAL-SEM",
        "word": "COWORKER",
        "roles": {},
        "start": 19,
        "end": 30
      },
      "root": "#V885097"
    },
    {
      "V885003": {
        "id": "V885003",
        "indicator": "SPEECHACT",
        "type": "SA_IDENTIFY",
        "word": null,
        "roles": {
          "CONTENT": "#V884691",
          "LEX": "THREE"
        },
        "start": 0,
        "end": 2
      },
      "V884691": {
        "id": "V884691",
        "indicator": "THE",
        "type": "TIME-LOC",
        "word": null,
        "roles": {
          "NAME-OF": "THREE",
          "HOUR": "3",
          "LEX": "THREE"
        },
        "start": 0,
        "end": 2
      },
      "root": "#V885003"
    },
    {
      "V884954": {
        "id": "V884954",
        "indicator": "SPEECHACT",
        "type": "SA_IDENTIFY",
        "word": null,
        "roles": {
          "CONTENT": "#V884905",
          "LEX": "-"
        },
        "start": 7,
        "end": 15
      },
      "V884905": {
        "id": "V884905",
        "indicator": "THE",
        "type": "QUANTITY-ABSTR",
        "word": null,
        "roles": {
          "FIGURE": "#V884890"
        },
        "start": 7,
        "end": 15
      },
      "V884890": {
        "id": "V884890",
        "indicator": "A",
        "type": "REFERENTIAL-SEM",
        "word": null,
        "roles": {
          "MOD": "#V884891"
        },
        "start": 7,
        "end": 15
      },
      "V884891": {
        "id": "V884891",
        "indicator": "F",
        "type": "OTHER",
        "word": null,
        "roles": {
          "FIGURE": "#V884890",
          "GROUND": "#V884892"
        },
        "start": 7,
        "end": 15
      },
      "V884892": {
        "id": "V884892",
        "indicator": "IMPRO",
        "type": "REFERENTIAL-SEM",
        "word": null,
        "roles": {},
        "start": 7,
        "end": 15
      },
      "root": "#V884954"
    },
    {
      "V884989": {
        "id": "V884989",
        "indicator": "SPEECHACT",
        "type": "SA_TELL",
        "word": null,
        "roles": {
          "PUNCTYPE": "DECL",
          "CONTENT": "#V884709",
          "LEX": "WAS"
        },
        "start": 15,
        "end": 31
      },
      "V884709": {
        "id": "V884709",
        "indicator": "F",
        "type": "BE",
        "word": "BE",
        "roles": {
          "NEUTRAL": "#V884990",
          "NEUTRAL1": "#V884768",
          "TENSE": "PAST",
          "LEX": "WAS",
          "WNSENSE": "be%2:42:06::"
        },
        "start": 15,
        "end": 30
      },
      "V884990": {
        "id": "V884990",
        "indicator": "IMPRO",
        "type": "REFERENTIAL-SEM",
        "word": null,
        "roles": {
          "PROFORM": "SUBJ"
        },
        "start": 15,
        "end": 30
      },
      "V884768": {
        "id": "V884768",
        "indicator": "A",
        "type": "PROFESSIONAL",
        "word": "WORKER",
        "roles": {
          "MOD": "#V884794",
          "LEX": "WORKER",
          "WNSENSE": "worker%1:18:00::"
        },
        "start": 19,
        "end": 30
      },
      "V884794": {
        "id": "V884794",
        "indicator": "F",
        "type": "INCLUSIVE",
        "word": "CO-",
        "roles": {
          "FIGURE": "#V884768"
        },
        "start": 19,
        "end": 30
      },
      "root": "#V884989"
    }
  ],
  "inputtags": [],
  "debug": [
    "*last-utt-id*=NIL  utt-id+164",
    "*last-utt-id*=164  utt-id+164",
    "*last-utt-id*=164  utt-id+164",
    "*last-utt-id*=164  utt-id+NIL"
  ]
}
