{
  "parse": [
    {
      "V2278012": {
        "id": "V2278012",
        "indicator": "SPEECHACT",
        "type": "SA_TELL",
        "word": null,
        "roles": {
          "PUNCTYPE": "DECL",
          "CONTENT": "#V2277739",
          "LEX": "WERE"
        },
        "start": 0,
        "end": 31
      },
      "V2277739": {
        "id": "V2277739",
        "indicator": "F",
        "type": "EXISTS",
        "word": "BE",
        "roles": {
          "NOROLE": "#V2277727",
          "NEUTRAL": "#V2277876",
          "MOD": "#V2277720",
          "TENSE": "PAST",
          "LEX": "WERE"
        },
        "start": 0,
        "end": 31
      },
      "V2277720": {
        "id": "V2277720",
        "indicator": "F",
        "type": "LUCKY",
        "word": "LUCKILY",
        "roles": {
          "FIGURE": "#V2277739",
          "SCALE": "LUCKINESS-SCALE",
          "ORIENTATION": "POS",
          "LEX": "LUCKILY",
          "WNSENSE": "lucky%3:00:00::"
        },
        "start": 0,
        "end": 8
      },
      "V2277727": {
        "id": "V2277727",
        "indicator": "PRO",
        "type": "EXPLETIVE",
        "word": null,
        "roles": {
          "PROFORM": "THERE",
          "LEX": "THERE"
        },
        "start": 8,
        "end": 14
      },
      "V2277876": {
        "id": "V2277876",
        "indicator": "THE",
        "type": "QUANTITY-ABSTR",
        "word": null,
        "roles": {
          "FIGURE": "#V2277764"
        },
        "start": 19,
        "end": 31
      },
      "V2277764": {
        "id": "V2277764",
        "indicator": "INDEF-SET",
        "type": "VEHICLE-PART",
        "word": "SEAT",
        "roles": {
          "MOD": "#V2277749",
          "LEX": "SEATS",
          "WNSENSE": "seat%1:06:03::"
        },
        "start": 19,
        "end": 31
      },
      "V2277749": {
        "id": "V2277749",
        "indicator": "F",
        "type": "UNFILLED",
        "word": "EMPTY",
        "roles": {
          "FIGURE": "#V2277764",
          "SCALE": "CONFIGURATION-PROPERTY-SCALE",
          "LEX": "EMPTY",
          "WNSENSE": "empty%3:00:00::"
        },
        "start": 19,
        "end": 25
      },
      "root": "#V2278012"
    }
  ],
  "inputtags": [],
  "debug": [
    "*last-utt-id*=NIL  utt-id+423",
    "*last-utt-id*=423  utt-id+NIL"
  ]
}
