{
  "parse": [
    {
      "V2943064": {
        "id": "V2943064",
        "indicator": "SPEECHACT",
        "type": "SA_YN-QUESTION",
        "word": null,
        "roles": {
          "CONTENT": "#V2942183",
          "LEX": "CAN"
        },
        "start": 0,
        "end": 7
      },
      "V2942183": {
        "id": "V2942183",
        "indicator": "F",
        "type": "ELLIPSIS",
        "word": null,
        "roles": {
          "NEUTRAL": "#V2942196",
          "TENSE": "PRES",
          "MODALITY": "(:* ABILITY CAN)",
          "LEX": "CAN"
        },
        "start": 0,
        "end": 7
      },
      "V2942196": {
        "id": "V2942196",
        "indicator": "PRO-SET",
        "type": "PERSON",
        "word": "WE",
        "roles": {
          "PROFORM": "WE",
          "LEX": "WE",
          "WNSENSE": "person%1:03:00",
          "COREF": "US"
        },
        "start": 4,
        "end": 7
      },
      "root": "#V2943064"
    },
    {
      "V2943357": {
        "id": "V2943357",
        "indicator": "SPEECHACT",
        "type": "SA_TELL",
        "word": null,
        "roles": {
          "PUNCTYPE": "YNQ",
          "CONTENT": "#V2942218",
          "LEX": "AGREE"
        },
        "start": 7,
        "end": 77
      },
      "V2942218": {
        "id": "V2942218",
        "indicator": "F",
        "type": "CORRELATION",
        "word": "AGREE",
        "roles": {
          "NEUTRAL": "#V2942449",
          "FORMAL": "#V2942390",
          "TENSE": "PRES",
          "LEX": "AGREE",
          "WNSENSE": "affirm%2:31:00"
        },
        "start": 7,
        "end": 77
      },
      "V2942449": {
        "id": "V2942449",
        "indicator": "INDEF-SET",
        "type": "REFERENTIAL-SEM",
        "word": null,
        "roles": {
          "SIZE": "UNIVERSAL",
          "LEX": "ALL"
        },
        "start": 7,
        "end": 11
      },
      "V2942390": {
        "id": "V2942390",
        "indicator": "F",
        "type": "HAVE-PROPERTY",
        "word": "BE",
        "roles": {
          "NEUTRAL": "#V2943084",
          "FORMAL": "#V2943203",
          "PROP": "+",
          "TENSE": "PRES",
          "LEX": "IS",
          "WNSENSE": "be%2:42:03::"
        },
        "start": 17,
        "end": 77
      },
      "V2943084": {
        "id": "V2943084",
        "indicator": "THE",
        "type": "QUANTITY-ABSTR",
        "word": null,
        "roles": {
          "FIGURE": "#V2942245"
        },
        "start": 22,
        "end": 50
      },
      "V2942245": {
        "id": "V2942245",
        "indicator": "A",
        "type": "GATHERING-EVENT",
        "word": "MEETING",
        "roles": {
          "QUAN": "ANY",
          "LOCATION": "#V2942268",
          "LEX": "MEETING",
          "WNSENSE": "meeting%1:14:00::"
        },
        "start": 22,
        "end": 50
      },
      "V2942268": {
        "id": "V2942268",
        "indicator": "F",
        "type": "IN-LOC",
        "word": "IN",
        "roles": {
          "GROUND": "#V2942382",
          "FIGURE": "#V2942245",
          "LEX": "IN"
        },
        "start": 34,
        "end": 50
      },
      "V2942382": {
        "id": "V2942382",
        "indicator": "A",
        "type": "INTERNAL-ENCLOSURE",
        "word": "HOTEL-ROOM",
        "roles": {
          "LEX": "HOTEL-ROOM",
          "WNSENSE": "hotel_room%1:06:00"
        },
        "start": 37,
        "end": 50
      },
      "V2943203": {
        "id": "V2943203",
        "indicator": "F",
        "type": "MEMBERSHIP",
        "word": null,
        "roles": {
          "FIGURE": "#V2943084",
          "GROUND": "#V2942426",
          "LEX": "BUSINESS"
        },
        "start": 53,
        "end": 77
      },
      "V2942426": {
        "id": "V2942426",
        "indicator": "THE-SET",
        "type": "ENTERPRISE",
        "word": "BUSINESS",
        "roles": {
          "MOD": "#V2942423"
        },
        "start": 53,
        "end": 77
      },
      "V2942423": {
        "id": "V2942423",
        "indicator": "F",
        "type": "VALID-VAL",
        "word": "LEGITIMATE",
        "roles": {
          "ORIENTATION": "POS",
          "FIGURE": "#V2942426",
          "SCALE": "VALIDITY-SCALE",
          "MOD": "#V2942417",
          "LEX": "LEGITIMATE",
          "WNSENSE": "legitimate%5:00:00:valid:00"
        },
        "start": 53,
        "end": 68
      },
      "V2942417": {
        "id": "V2942417",
        "indicator": "F",
        "type": "NEG",
        "word": "NOT",
        "roles": {
          "FIGURE": "#V2942423",
          "LEX": "NOT",
          "WNSENSE": "not%4:02:00::"
        },
        "start": 53,
        "end": 57
      },
      "root": "#V2943357"
    },
    {
      "V2943064": {
        "id": "V2943064",
        "indicator": "SPEECHACT",
        "type": "SA_YN-QUESTION",
        "word": null,
        "roles": {
          "CONTENT": "#V2942183",
          "LEX": "CAN"
        },
        "start": 0,
        "end": 7
      },
      "V2942183": {
        "id": "V2942183",
        "indicator": "F",
        "type": "ELLIPSIS",
        "word": null,
        "roles": {
          "NEUTRAL": "#V2942196",
          "TENSE": "PRES",
          "MODALITY": "(:* ABILITY CAN)",
          "LEX": "CAN"
        },
        "start": 0,
        "end": 7
      },
      "V2942196": {
        "id": "V2942196",
        "indicator": "PRO-SET",
        "type": "PERSON",
        "word": "WE",
        "roles": {
          "PROFORM": "WE",
          "LEX": "WE",
          "WNSENSE": "person%1:03:00"
        },
        "start": 4,
        "end": 7
      },
      "root": "#V2943064"
    },
    {
      "V2943354": {
        "id": "V2943354",
        "indicator": "SPEECHACT",
        "type": "SA_TELL",
        "word": null,
        "roles": {
          "PUNCTYPE": "YNQ",
          "CONTENT": "#V2942219",
          "LEX": "AGREE"
        },
        "start": 7,
        "end": 78
      },
      "V2942219": {
        "id": "V2942219",
        "indicator": "F",
        "type": "ACCEPT-AGREE",
        "word": "AGREE",
        "roles": {
          "AGENT": "#V2942449",
          "FORMAL": "#V2942390",
          "TENSE": "PRES",
          "LEX": "AGREE",
          "WNSENSE": "agree%2:32:00::"
        },
        "start": 7,
        "end": 77
      },
      "V2942449": {
        "id": "V2942449",
        "indicator": "INDEF-SET",
        "type": "REFERENTIAL-SEM",
        "word": null,
        "roles": {
          "SIZE": "UNIVERSAL",
          "LEX": "ALL"
        },
        "start": 7,
        "end": 11
      },
      "V2942390": {
        "id": "V2942390",
        "indicator": "F",
        "type": "HAVE-PROPERTY",
        "word": "BE",
        "roles": {
          "NEUTRAL": "#V2943084",
          "FORMAL": "#V2943203",
          "PROP": "+",
          "TENSE": "PRES",
          "LEX": "IS",
          "WNSENSE": "be%2:42:03::"
        },
        "start": 17,
        "end": 77
      },
      "V2943084": {
        "id": "V2943084",
        "indicator": "THE",
        "type": "QUANTITY-ABSTR",
        "word": null,
        "roles": {
          "FIGURE": "#V2942245"
        },
        "start": 22,
        "end": 50
      },
      "V2942245": {
        "id": "V2942245",
        "indicator": "A",
        "type": "GATHERING-EVENT",
        "word": "MEETING",
        "roles": {
          "QUAN": "ANY",
          "LOCATION": "#V2942268",
          "LEX": "MEETING",
          "WNSENSE": "meeting%1:14:00::"
        },
        "start": 22,
        "end": 50
      },
      "V2942268": {
        "id": "V2942268",
        "indicator": "F",
        "type": "IN-LOC",
        "word": "IN",
        "roles": {
          "GROUND": "#V2942382",
          "FIGURE": "#V2942245",
          "LEX": "IN"
        },
        "start": 34,
        "end": 50
      },
      "V2942382": {
        "id": "V2942382",
        "indicator": "A",
        "type": "INTERNAL-ENCLOSURE",
        "word": "HOTEL-ROOM",
        "roles": {
          "LEX": "HOTEL-ROOM",
          "WNSENSE": "hotel_room%1:06:00"
        },
        "start": 37,
        "end": 50
      },
      "V2943203": {
        "id": "V2943203",
        "indicator": "F",
        "type": "MEMBERSHIP",
        "word": null,
        "roles": {
          "FIGURE": "#V2943084",
          "GROUND": "#V2942426",
          "LEX": "BUSINESS"
        },
        "start": 53,
        "end": 77
      },
      "V2942426": {
        "id": "V2942426",
        "indicator": "THE-SET",
        "type": "ENTERPRISE",
        "word": "BUSINESS",
        "roles": {
          "MOD": "#V2942423"
        },
        "start": 53,
        "end": 77
      },
      "V2942423": {
        "id": "V2942423",
        "indicator": "F",
        "type": "VALID-VAL",
        "word": "LEGITIMATE",
        "roles": {
          "ORIENTATION": "POS",
          "FIGURE": "#V2942426",
          "SCALE": "VALIDITY-SCALE",
          "MOD": "#V2942417",
          "LEX": "LEGITIMATE",
          "WNSENSE": "legitimate%5:00:00:valid:00"
        },
        "start": 53,
        "end": 68
      },
      "V2942417": {
        "id": "V2942417",
        "indicator": "F",
        "type": "NEG",
        "word": "NOT",
        "roles": {
          "FIGURE": "#V2942423",
          "LEX": "NOT",
          "WNSENSE": "not%4:02:00::"
        },
        "start": 53,
        "end": 57
      },
      "root": "#V2943354"
    },
    {
      "V2943064": {
        "id": "V2943064",
        "indicator": "SPEECHACT",
        "type": "SA_YN-QUESTION",
        "word": null,
        "roles": {
          "CONTENT": "#V2942183",
          "LEX": "CAN"
        },
        "start": 0,
        "end": 7
      },
      "V2942183": {
        "id": "V2942183",
        "indicator": "F",
        "type": "ELLIPSIS",
        "word": null,
        "roles": {
          "NEUTRAL": "#V2942196",
          "TENSE": "PRES",
          "MODALITY": "(:* ABILITY CAN)",
          "LEX": "CAN"
        },
        "start": 0,
        "end": 7
      },
      "V2942196": {
        "id": "V2942196",
        "indicator": "PRO-SET",
        "type": "PERSON",
        "word": "WE",
        "roles": {
          "PROFORM": "WE",
          "LEX": "WE",
          "WNSENSE": "person%1:03:00"
        },
        "start": 4,
        "end": 7
      },
      "root": "#V2943064"
    },
    {
      "V2943272": {
        "id": "V2943272",
        "indicator": "SPEECHACT",
        "type": "SA_TELL",
        "word": null,
        "roles": {
          "PUNCTYPE": "YNQ",
          "CONTENT": "#V2942218",
          "LEX": "AGREE"
        },
        "start": 7,
        "end": 78
      },
      "V2942218": {
        "id": "V2942218",
        "indicator": "F",
        "type": "CORRELATION",
        "word": "AGREE",
        "roles": {
          "NEUTRAL": "#V2942449",
          "FORMAL": "#V2942391",
          "TENSE": "PRES",
          "LEX": "AGREE",
          "WNSENSE": "affirm%2:31:00"
        },
        "start": 7,
        "end": 77
      },
      "V2942449": {
        "id": "V2942449",
        "indicator": "INDEF-SET",
        "type": "REFERENTIAL-SEM",
        "word": null,
        "roles": {
          "SIZE": "UNIVERSAL",
          "LEX": "ALL"
        },
        "start": 7,
        "end": 11
      },
      "V2942391": {
        "id": "V2942391",
        "indicator": "F",
        "type": "BE",
        "word": "BE",
        "roles": {
          "NEUTRAL": "#V2943084",
          "NEUTRAL1": "#V2943201",
          "PROP": "+",
          "TENSE": "PRES",
          "LEX": "IS",
          "WNSENSE": "be%2:42:06::"
        },
        "start": 17,
        "end": 77
      },
      "V2943084": {
        "id": "V2943084",
        "indicator": "THE",
        "type": "QUANTITY-ABSTR",
        "word": null,
        "roles": {
          "FIGURE": "#V2942245"
        },
        "start": 22,
        "end": 50
      },
      "V2942245": {
        "id": "V2942245",
        "indicator": "A",
        "type": "GATHERING-EVENT",
        "word": "MEETING",
        "roles": {
          "QUAN": "ANY",
          "LOCATION": "#V2942268",
          "LEX": "MEETING",
          "WNSENSE": "meeting%1:14:00::"
        },
        "start": 22,
        "end": 50
      },
      "V2942268": {
        "id": "V2942268",
        "indicator": "F",
        "type": "IN-LOC",
        "word": "IN",
        "roles": {
          "GROUND": "#V2942382",
          "FIGURE": "#V2942245",
          "LEX": "IN"
        },
        "start": 34,
        "end": 50
      },
      "V2942382": {
        "id": "V2942382",
        "indicator": "A",
        "type": "INTERNAL-ENCLOSURE",
        "word": "HOTEL-ROOM",
        "roles": {
          "LEX": "HOTEL-ROOM",
          "WNSENSE": "hotel_room%1:06:00"
        },
        "start": 37,
        "end": 50
      },
      "V2943201": {
        "id": "V2943201",
        "indicator": "THE",
        "type": "QUANTITY-ABSTR",
        "word": null,
        "roles": {
          "FIGURE": "#V2942426"
        },
        "start": 53,
        "end": 77
      },
      "V2942426": {
        "id": "V2942426",
        "indicator": "BARE",
        "type": "ENTERPRISE",
        "word": "BUSINESS",
        "roles": {
          "MOD": "#V2942423",
          "LEX": "BUSINESS",
          "WNSENSE": "business%1:14:00::"
        },
        "start": 53,
        "end": 77
      },
      "V2942423": {
        "id": "V2942423",
        "indicator": "F",
        "type": "VALID-VAL",
        "word": "LEGITIMATE",
        "roles": {
          "ORIENTATION": "POS",
          "FIGURE": "#V2942426",
          "SCALE": "VALIDITY-SCALE",
          "MOD": "#V2942417",
          "LEX": "LEGITIMATE",
          "WNSENSE": "legitimate%5:00:00:valid:00"
        },
        "start": 53,
        "end": 68
      },
      "V2942417": {
        "id": "V2942417",
        "indicator": "F",
        "type": "NEG",
        "word": "NOT",
        "roles": {
          "FIGURE": "#V2942423",
          "LEX": "NOT",
          "WNSENSE": "not%4:02:00::"
        },
        "start": 53,
        "end": 57
      },
      "root": "#V2943272"
    },
    {
      "V2943064": {
        "id": "V2943064",
        "indicator": "SPEECHACT",
        "type": "SA_YN-QUESTION",
        "word": null,
        "roles": {
          "CONTENT": "#V2942183",
          "LEX": "CAN"
        },
        "start": 0,
        "end": 7
      },
      "V2942183": {
        "id": "V2942183",
        "indicator": "F",
        "type": "ELLIPSIS",
        "word": null,
        "roles": {
          "NEUTRAL": "#V2942196",
          "TENSE": "PRES",
          "MODALITY": "(:* ABILITY CAN)",
          "LEX": "CAN"
        },
        "start": 0,
        "end": 7
      },
      "V2942196": {
        "id": "V2942196",
        "indicator": "PRO-SET",
        "type": "PERSON",
        "word": "WE",
        "roles": {
          "PROFORM": "WE",
          "LEX": "WE",
          "WNSENSE": "person%1:03:00"
        },
        "start": 4,
        "end": 7
      },
      "root": "#V2943064"
    },
    {
      "V2943269": {
        "id": "V2943269",
        "indicator": "SPEECHACT",
        "type": "SA_TELL",
        "word": null,
        "roles": {
          "PUNCTYPE": "YNQ",
          "CONTENT": "#V2942219",
          "LEX": "AGREE"
        },
        "start": 7,
        "end": 78
      },
      "V2942219": {
        "id": "V2942219",
        "indicator": "F",
        "type": "ACCEPT-AGREE",
        "word": "AGREE",
        "roles": {
          "AGENT": "#V2942449",
          "FORMAL": "#V2942391",
          "TENSE": "PRES",
          "LEX": "AGREE",
          "WNSENSE": "agree%2:32:00::"
        },
        "start": 7,
        "end": 77
      },
      "V2942449": {
        "id": "V2942449",
        "indicator": "INDEF-SET",
        "type": "REFERENTIAL-SEM",
        "word": null,
        "roles": {
          "SIZE": "UNIVERSAL",
          "LEX": "ALL"
        },
        "start": 7,
        "end": 11
      },
      "V2942391": {
        "id": "V2942391",
        "indicator": "F",
        "type": "BE",
        "word": "BE",
        "roles": {
          "NEUTRAL": "#V2943084",
          "NEUTRAL1": "#V2943201",
          "PROP": "+",
          "TENSE": "PRES",
          "LEX": "IS",
          "WNSENSE": "be%2:42:06::"
        },
        "start": 17,
        "end": 77
      },
      "V2943084": {
        "id": "V2943084",
        "indicator": "THE",
        "type": "QUANTITY-ABSTR",
        "word": null,
        "roles": {
          "FIGURE": "#V2942245"
        },
        "start": 22,
        "end": 50
      },
      "V2942245": {
        "id": "V2942245",
        "indicator": "A",
        "type": "GATHERING-EVENT",
        "word": "MEETING",
        "roles": {
          "QUAN": "ANY",
          "LOCATION": "#V2942268",
          "LEX": "MEETING",
          "WNSENSE": "meeting%1:14:00::"
        },
        "start": 22,
        "end": 50
      },
      "V2942268": {
        "id": "V2942268",
        "indicator": "F",
        "type": "IN-LOC",
        "word": "IN",
        "roles": {
          "GROUND": "#V2942382",
          "FIGURE": "#V2942245",
          "LEX": "IN"
        },
        "start": 34,
        "end": 50
      },
      "V2942382": {
        "id": "V2942382",
        "indicator": "A",
        "type": "INTERNAL-ENCLOSURE",
        "word": "HOTEL-ROOM",
        "roles": {
          "LEX": "HOTEL-ROOM",
          "WNSENSE": "hotel_room%1:06:00"
        },
        "start": 37,
        "end": 50
      },
      "V2943201": {
        "id": "V2943201",
        "indicator": "THE",
        "type": "QUANTITY-ABSTR",
        "word": null,
        "roles": {
          "FIGURE": "#V2942426"
        },
        "start": 53,
        "end": 77
      },
      "V2942426": {
        "id": "V2942426",
        "indicator": "BARE",
        "type": "ENTERPRISE",
        "word": "BUSINESS",
        "roles": {
          "MOD": "#V2942423",
          "LEX": "BUSINESS",
          "WNSENSE": "business%1:14:00::"
        },
        "start": 53,
        "end": 77
      },
      "V2942423": {
        "id": "V2942423",
        "indicator": "F",
        "type": "VALID-VAL",
        "word": "LEGITIMATE",
        "roles": {
          "ORIENTATION": "POS",
          "FIGURE": "#V2942426",
          "SCALE": "VALIDITY-SCALE",
          "MOD": "#V2942417",
          "LEX": "LEGITIMATE",
          "WNSENSE": "legitimate%5:00:00:valid:00"
        },
        "start": 53,
        "end": 68
      },
      "V2942417": {
        "id": "V2942417",
        "indicator": "F",
        "type": "NEG",
        "word": "NOT",
        "roles": {
          "FIGURE": "#V2942423",
          "LEX": "NOT",
          "WNSENSE": "not%4:02:00::"
        },
        "start": 53,
        "end": 57
      },
      "root": "#V2943269"
    },
    {
      "V2943064": {
        "id": "V2943064",
        "indicator": "SPEECHACT",
        "type": "SA_YN-QUESTION",
        "word": null,
        "roles": {
          "CONTENT": "#V2942183",
          "LEX": "CAN"
        },
        "start": 0,
        "end": 7
      },
      "V2942183": {
        "id": "V2942183",
        "indicator": "F",
        "type": "ELLIPSIS",
        "word": null,
        "roles": {
          "NEUTRAL": "#V2942196",
          "TENSE": "PRES",
          "MODALITY": "(:* ABILITY CAN)",
          "LEX": "CAN"
        },
        "start": 0,
        "end": 7
      },
      "V2942196": {
        "id": "V2942196",
        "indicator": "PRO-SET",
        "type": "PERSON",
        "word": "WE",
        "roles": {
          "PROFORM": "WE",
          "LEX": "WE",
          "WNSENSE": "person%1:03:00"
        },
        "start": 4,
        "end": 7
      },
      "root": "#V2943064"
    },
    {
      "V2944890": {
        "id": "V2944890",
        "indicator": "SPEECHACT",
        "type": "SA_TELL",
        "word": null,
        "roles": {
          "PUNCTYPE": "YNQ",
          "CONTENT": "#V2942218",
          "LEX": "AGREE"
        },
        "start": 7,
        "end": 78
      },
      "V2942218": {
        "id": "V2942218",
        "indicator": "F",
        "type": "CORRELATION",
        "word": "AGREE",
        "roles": {
          "NEUTRAL": "#V2942449",
          "FORMAL": "#V2942391",
          "TENSE": "PRES",
          "LEX": "AGREE",
          "WNSENSE": "affirm%2:31:00"
        },
        "start": 7,
        "end": 77
      },
      "V2942449": {
        "id": "V2942449",
        "indicator": "INDEF-SET",
        "type": "REFERENTIAL-SEM",
        "word": null,
        "roles": {
          "SIZE": "UNIVERSAL",
          "LEX": "ALL"
        },
        "start": 7,
        "end": 11
      },
      "V2942391": {
        "id": "V2942391",
        "indicator": "F",
        "type": "BE",
        "word": "BE",
        "roles": {
          "NEUTRAL": "#V2944785",
          "NEUTRAL1": "#V2943201",
          "PROP": "+",
          "TENSE": "PRES",
          "LEX": "IS",
          "WNSENSE": "be%2:42:06::"
        },
        "start": 17,
        "end": 77
      },
      "V2944785": {
        "id": "V2944785",
        "indicator": "THE",
        "type": "QUANTITY-ABSTR",
        "word": null,
        "roles": {
          "FIGURE": "#V2942247"
        },
        "start": 22,
        "end": 50
      },
      "V2942247": {
        "id": "V2942247",
        "indicator": "A",
        "type": "MEET",
        "word": "MEET",
        "roles": {
          "QUAN": "ANY",
          "LOCATION": "#V2942268",
          "LEX": "MEETING",
          "WNSENSE": "meet%2:38:01::"
        },
        "start": 22,
        "end": 50
      },
      "V2942268": {
        "id": "V2942268",
        "indicator": "F",
        "type": "IN-LOC",
        "word": "IN",
        "roles": {
          "GROUND": "#V2942382",
          "FIGURE": "#V2942247",
          "LEX": "IN"
        },
        "start": 34,
        "end": 50
      },
      "V2942382": {
        "id": "V2942382",
        "indicator": "A",
        "type": "INTERNAL-ENCLOSURE",
        "word": "HOTEL-ROOM",
        "roles": {
          "LEX": "HOTEL-ROOM",
          "WNSENSE": "hotel_room%1:06:00"
        },
        "start": 37,
        "end": 50
      },
      "V2943201": {
        "id": "V2943201",
        "indicator": "THE",
        "type": "QUANTITY-ABSTR",
        "word": null,
        "roles": {
          "FIGURE": "#V2942426"
        },
        "start": 53,
        "end": 77
      },
      "V2942426": {
        "id": "V2942426",
        "indicator": "BARE",
        "type": "ENTERPRISE",
        "word": "BUSINESS",
        "roles": {
          "MOD": "#V2942423",
          "LEX": "BUSINESS",
          "WNSENSE": "business%1:14:00::"
        },
        "start": 53,
        "end": 77
      },
      "V2942423": {
        "id": "V2942423",
        "indicator": "F",
        "type": "VALID-VAL",
        "word": "LEGITIMATE",
        "roles": {
          "ORIENTATION": "POS",
          "FIGURE": "#V2942426",
          "SCALE": "VALIDITY-SCALE",
          "MOD": "#V2942417",
          "LEX": "LEGITIMATE",
          "WNSENSE": "legitimate%5:00:00:valid:00"
        },
        "start": 53,
        "end": 68
      },
      "V2942417": {
        "id": "V2942417",
        "indicator": "F",
        "type": "NEG",
        "word": "NOT",
        "roles": {
          "FIGURE": "#V2942423",
          "LEX": "NOT",
          "WNSENSE": "not%4:02:00::"
        },
        "start": 53,
        "end": 57
      },
      "root": "#V2944890"
    },
    {
      "V2943064": {
        "id": "V2943064",
        "indicator": "SPEECHACT",
        "type": "SA_YN-QUESTION",
        "word": null,
        "roles": {
          "CONTENT": "#V2942183",
          "LEX": "CAN"
        },
        "start": 0,
        "end": 7
      },
      "V2942183": {
        "id": "V2942183",
        "indicator": "F",
        "type": "ELLIPSIS",
        "word": null,
        "roles": {
          "NEUTRAL": "#V2942196",
          "TENSE": "PRES",
          "MODALITY": "(:* ABILITY CAN)",
          "LEX": "CAN"
        },
        "start": 0,
        "end": 7
      },
      "V2942196": {
        "id": "V2942196",
        "indicator": "PRO-SET",
        "type": "PERSON",
        "word": "WE",
        "roles": {
          "PROFORM": "WE",
          "LEX": "WE",
          "WNSENSE": "person%1:03:00"
        },
        "start": 4,
        "end": 7
      },
      "root": "#V2943064"
    },
    {
      "V2944887": {
        "id": "V2944887",
        "indicator": "SPEECHACT",
        "type": "SA_TELL",
        "word": null,
        "roles": {
          "PUNCTYPE": "YNQ",
          "CONTENT": "#V2942219",
          "LEX": "AGREE"
        },
        "start": 7,
        "end": 78
      },
      "V2942219": {
        "id": "V2942219",
        "indicator": "F",
        "type": "ACCEPT-AGREE",
        "word": "AGREE",
        "roles": {
          "AGENT": "#V2942449",
          "FORMAL": "#V2942391",
          "TENSE": "PRES",
          "LEX": "AGREE",
          "WNSENSE": "agree%2:32:00::"
        },
        "start": 7,
        "end": 77
      },
      "V2942449": {
        "id": "V2942449",
        "indicator": "INDEF-SET",
        "type": "REFERENTIAL-SEM",
        "word": null,
        "roles": {
          "SIZE": "UNIVERSAL",
          "LEX": "ALL"
        },
        "start": 7,
        "end": 11
      },
      "V2942391": {
        "id": "V2942391",
        "indicator": "F",
        "type": "BE",
        "word": "BE",
        "roles": {
          "NEUTRAL": "#V2944785",
          "NEUTRAL1": "#V2943201",
          "PROP": "+",
          "TENSE": "PRES",
          "LEX": "IS",
          "WNSENSE": "be%2:42:06::"
        },
        "start": 17,
        "end": 77
      },
      "V2944785": {
        "id": "V2944785",
        "indicator": "THE",
        "type": "QUANTITY-ABSTR",
        "word": null,
        "roles": {
          "FIGURE": "#V2942247"
        },
        "start": 22,
        "end": 50
      },
      "V2942247": {
        "id": "V2942247",
        "indicator": "A",
        "type": "MEET",
        "word": "MEET",
        "roles": {
          "QUAN": "ANY",
          "LOCATION": "#V2942268",
          "LEX": "MEETING",
          "WNSENSE": "meet%2:38:01::"
        },
        "start": 22,
        "end": 50
      },
      "V2942268": {
        "id": "V2942268",
        "indicator": "F",
        "type": "IN-LOC",
        "word": "IN",
        "roles": {
          "GROUND": "#V2942382",
          "FIGURE": "#V2942247",
          "LEX": "IN"
        },
        "start": 34,
        "end": 50
      },
      "V2942382": {
        "id": "V2942382",
        "indicator": "A",
        "type": "INTERNAL-ENCLOSURE",
        "word": "HOTEL-ROOM",
        "roles": {
          "LEX": "HOTEL-ROOM",
          "WNSENSE": "hotel_room%1:06:00"
        },
        "start": 37,
        "end": 50
      },
      "V2943201": {
        "id": "V2943201",
        "indicator": "THE",
        "type": "QUANTITY-ABSTR",
        "word": null,
        "roles": {
          "FIGURE": "#V2942426"
        },
        "start": 53,
        "end": 77
      },
      "V2942426": {
        "id": "V2942426",
        "indicator": "BARE",
        "type": "ENTERPRISE",
        "word": "BUSINESS",
        "roles": {
          "MOD": "#V2942423",
          "LEX": "BUSINESS",
          "WNSENSE": "business%1:14:00::"
        },
        "start": 53,
        "end": 77
      },
      "V2942423": {
        "id": "V2942423",
        "indicator": "F",
        "type": "VALID-VAL",
        "word": "LEGITIMATE",
        "roles": {
          "ORIENTATION": "POS",
          "FIGURE": "#V2942426",
          "SCALE": "VALIDITY-SCALE",
          "MOD": "#V2942417",
          "LEX": "LEGITIMATE",
          "WNSENSE": "legitimate%5:00:00:valid:00"
        },
        "start": 53,
        "end": 68
      },
      "V2942417": {
        "id": "V2942417",
        "indicator": "F",
        "type": "NEG",
        "word": "NOT",
        "roles": {
          "FIGURE": "#V2942423",
          "LEX": "NOT",
          "WNSENSE": "not%4:02:00::"
        },
        "start": 53,
        "end": 57
      },
      "root": "#V2944887"
    },
    {
      "V2943064": {
        "id": "V2943064",
        "indicator": "SPEECHACT",
        "type": "SA_YN-QUESTION",
        "word": null,
        "roles": {
          "CONTENT": "#V2942183",
          "LEX": "CAN"
        },
        "start": 0,
        "end": 7
      },
      "V2942183": {
        "id": "V2942183",
        "indicator": "F",
        "type": "ELLIPSIS",
        "word": null,
        "roles": {
          "NEUTRAL": "#V2942196",
          "TENSE": "PRES",
          "MODALITY": "(:* ABILITY CAN)",
          "LEX": "CAN"
        },
        "start": 0,
        "end": 7
      },
      "V2942196": {
        "id": "V2942196",
        "indicator": "PRO-SET",
        "type": "PERSON",
        "word": "WE",
        "roles": {
          "PROFORM": "WE",
          "LEX": "WE",
          "WNSENSE": "person%1:03:00"
        },
        "start": 4,
        "end": 7
      },
      "root": "#V2943064"
    },
    {
      "V2944818": {
        "id": "V2944818",
        "indicator": "SPEECHACT",
        "type": "SA_TELL",
        "word": null,
        "roles": {
          "PUNCTYPE": "YNQ",
          "CONTENT": "#V2942218",
          "LEX": "AGREE"
        },
        "start": 7,
        "end": 78
      },
      "V2942218": {
        "id": "V2942218",
        "indicator": "F",
        "type": "CORRELATION",
        "word": "AGREE",
        "roles": {
          "NEUTRAL": "#V2942449",
          "FORMAL": "#V2942390",
          "TENSE": "PRES",
          "LEX": "AGREE",
          "WNSENSE": "affirm%2:31:00"
        },
        "start": 7,
        "end": 77
      },
      "V2942449": {
        "id": "V2942449",
        "indicator": "INDEF-SET",
        "type": "REFERENTIAL-SEM",
        "word": null,
        "roles": {
          "SIZE": "UNIVERSAL",
          "LEX": "ALL"
        },
        "start": 7,
        "end": 11
      },
      "V2942390": {
        "id": "V2942390",
        "indicator": "F",
        "type": "HAVE-PROPERTY",
        "word": "BE",
        "roles": {
          "NEUTRAL": "#V2944785",
          "FORMAL": "#V2943203",
          "PROP": "+",
          "TENSE": "PRES",
          "LEX": "IS",
          "WNSENSE": "be%2:42:03::"
        },
        "start": 17,
        "end": 77
      },
      "V2944785": {
        "id": "V2944785",
        "indicator": "THE",
        "type": "QUANTITY-ABSTR",
        "word": null,
        "roles": {
          "FIGURE": "#V2942247"
        },
        "start": 22,
        "end": 50
      },
      "V2942247": {
        "id": "V2942247",
        "indicator": "A",
        "type": "MEET",
        "word": "MEET",
        "roles": {
          "QUAN": "ANY",
          "LOCATION": "#V2942268",
          "LEX": "MEETING",
          "WNSENSE": "meet%2:38:01::"
        },
        "start": 22,
        "end": 50
      },
      "V2942268": {
        "id": "V2942268",
        "indicator": "F",
        "type": "IN-LOC",
        "word": "IN",
        "roles": {
          "GROUND": "#V2942382",
          "FIGURE": "#V2942247",
          "LEX": "IN"
        },
        "start": 34,
        "end": 50
      },
      "V2942382": {
        "id": "V2942382",
        "indicator": "A",
        "type": "INTERNAL-ENCLOSURE",
        "word": "HOTEL-ROOM",
        "roles": {
          "LEX": "HOTEL-ROOM",
          "WNSENSE": "hotel_room%1:06:00"
        },
        "start": 37,
        "end": 50
      },
      "V2943203": {
        "id": "V2943203",
        "indicator": "F",
        "type": "MEMBERSHIP",
        "word": null,
        "roles": {
          "FIGURE": "#V2944785",
          "GROUND": "#V2942426",
          "LEX": "BUSINESS"
        },
        "start": 53,
        "end": 77
      },
      "V2942426": {
        "id": "V2942426",
        "indicator": "THE-SET",
        "type": "ENTERPRISE",
        "word": "BUSINESS",
        "roles": {
          "MOD": "#V2942423"
        },
        "start": 53,
        "end": 77
      },
      "V2942423": {
        "id": "V2942423",
        "indicator": "F",
        "type": "VALID-VAL",
        "word": "LEGITIMATE",
        "roles": {
          "ORIENTATION": "POS",
          "FIGURE": "#V2942426",
          "SCALE": "VALIDITY-SCALE",
          "MOD": "#V2942417",
          "LEX": "LEGITIMATE",
          "WNSENSE": "legitimate%5:00:00:valid:00"
        },
        "start": 53,
        "end": 68
      },
      "V2942417": {
        "id": "V2942417",
        "indicator": "F",
        "type": "NEG",
        "word": "NOT",
        "roles": {
          "FIGURE": "#V2942423",
          "LEX": "NOT",
          "WNSENSE": "not%4:02:00::"
        },
        "start": 53,
        "end": 57
      },
      "root": "#V2944818"
    },
    {
      "V2943064": {
        "id": "V2943064",
        "indicator": "SPEECHACT",
        "type": "SA_YN-QUESTION",
        "word": null,
        "roles": {
          "CONTENT": "#V2942183",
          "LEX": "CAN"
        },
        "start": 0,
        "end": 7
      },
      "V2942183": {
        "id": "V2942183",
        "indicator": "F",
        "type": "ELLIPSIS",
        "word": null,
        "roles": {
          "NEUTRAL": "#V2942196",
          "TENSE": "PRES",
          "MODALITY": "(:* ABILITY CAN)",
          "LEX": "CAN"
        },
        "start": 0,
        "end": 7
      },
      "V2942196": {
        "id": "V2942196",
        "indicator": "PRO-SET",
        "type": "PERSON",
        "word": "WE",
        "roles": {
          "PROFORM": "WE",
          "LEX": "WE",
          "WNSENSE": "person%1:03:00"
        },
        "start": 4,
        "end": 7
      },
      "root": "#V2943064"
    },
    {
      "V2944815": {
        "id": "V2944815",
        "indicator": "SPEECHACT",
        "type": "SA_TELL",
        "word": null,
        "roles": {
          "PUNCTYPE": "YNQ",
          "CONTENT": "#V2942219",
          "LEX": "AGREE"
        },
        "start": 7,
        "end": 78
      },
      "V2942219": {
        "id": "V2942219",
        "indicator": "F",
        "type": "ACCEPT-AGREE",
        "word": "AGREE",
        "roles": {
          "AGENT": "#V2942449",
          "FORMAL": "#V2942390",
          "TENSE": "PRES",
          "LEX": "AGREE",
          "WNSENSE": "agree%2:32:00::"
        },
        "start": 7,
        "end": 77
      },
      "V2942449": {
        "id": "V2942449",
        "indicator": "INDEF-SET",
        "type": "REFERENTIAL-SEM",
        "word": null,
        "roles": {
          "SIZE": "UNIVERSAL",
          "LEX": "ALL"
        },
        "start": 7,
        "end": 11
      },
      "V2942390": {
        "id": "V2942390",
        "indicator": "F",
        "type": "HAVE-PROPERTY",
        "word": "BE",
        "roles": {
          "NEUTRAL": "#V2944785",
          "FORMAL": "#V2943203",
          "PROP": "+",
          "TENSE": "PRES",
          "LEX": "IS",
          "WNSENSE": "be%2:42:03::"
        },
        "start": 17,
        "end": 77
      },
      "V2944785": {
        "id": "V2944785",
        "indicator": "THE",
        "type": "QUANTITY-ABSTR",
        "word": null,
        "roles": {
          "FIGURE": "#V2942247"
        },
        "start": 22,
        "end": 50
      },
      "V2942247": {
        "id": "V2942247",
        "indicator": "A",
        "type": "MEET",
        "word": "MEET",
        "roles": {
          "QUAN": "ANY",
          "LOCATION": "#V2942268",
          "LEX": "MEETING",
          "WNSENSE": "meet%2:38:01::"
        },
        "start": 22,
        "end": 50
      },
      "V2942268": {
        "id": "V2942268",
        "indicator": "F",
        "type": "IN-LOC",
        "word": "IN",
        "roles": {
          "GROUND": "#V2942382",
          "FIGURE": "#V2942247",
          "LEX": "IN"
        },
        "start": 34,
        "end": 50
      },
      "V2942382": {
        "id": "V2942382",
        "indicator": "A",
        "type": "INTERNAL-ENCLOSURE",
        "word": "HOTEL-ROOM",
        "roles": {
          "LEX": "HOTEL-ROOM",
          "WNSENSE": "hotel_room%1:06:00"
        },
        "start": 37,
        "end": 50
      },
      "V2943203": {
        "id": "V2943203",
        "indicator": "F",
        "type": "MEMBERSHIP",
        "word": null,
        "roles": {
          "FIGURE": "#V2944785",
          "GROUND": "#V2942426",
          "LEX": "BUSINESS"
        },
        "start": 53,
        "end": 77
      },
      "V2942426": {
        "id": "V2942426",
        "indicator": "THE-SET",
        "type": "ENTERPRISE",
        "word": "BUSINESS",
        "roles": {
          "MOD": "#V2942423"
        },
        "start": 53,
        "end": 77
      },
      "V2942423": {
        "id": "V2942423",
        "indicator": "F",
        "type": "VALID-VAL",
        "word": "LEGITIMATE",
        "roles": {
          "ORIENTATION": "POS",
          "FIGURE": "#V2942426",
          "SCALE": "VALIDITY-SCALE",
          "MOD": "#V2942417",
          "LEX": "LEGITIMATE",
          "WNSENSE": "legitimate%5:00:00:valid:00"
        },
        "start": 53,
        "end": 68
      },
      "V2942417": {
        "id": "V2942417",
        "indicator": "F",
        "type": "NEG",
        "word": "NOT",
        "roles": {
          "FIGURE": "#V2942423",
          "LEX": "NOT",
          "WNSENSE": "not%4:02:00::"
        },
        "start": 53,
        "end": 57
      },
      "root": "#V2944815"
    },
    {
      "V2943064": {
        "id": "V2943064",
        "indicator": "SPEECHACT",
        "type": "SA_YN-QUESTION",
        "word": null,
        "roles": {
          "CONTENT": "#V2942183",
          "LEX": "CAN"
        },
        "start": 0,
        "end": 7
      },
      "V2942183": {
        "id": "V2942183",
        "indicator": "F",
        "type": "ELLIPSIS",
        "word": null,
        "roles": {
          "NEUTRAL": "#V2942196",
          "TENSE": "PRES",
          "MODALITY": "(:* ABILITY CAN)",
          "LEX": "CAN"
        },
        "start": 0,
        "end": 7
      },
      "V2942196": {
        "id": "V2942196",
        "indicator": "PRO-SET",
        "type": "PERSON",
        "word": "WE",
        "roles": {
          "PROFORM": "WE",
          "LEX": "WE",
          "WNSENSE": "person%1:03:00"
        },
        "start": 4,
        "end": 7
      },
      "root": "#V2943064"
    },
    {
      "V2944633": {
        "id": "V2944633",
        "indicator": "SPEECHACT",
        "type": "SA_TELL",
        "word": null,
        "roles": {
          "PUNCTYPE": "YNQ",
          "CONTENT": "#V2942218",
          "LEX": "AGREE"
        },
        "start": 7,
        "end": 78
      },
      "V2942218": {
        "id": "V2942218",
        "indicator": "F",
        "type": "CORRELATION",
        "word": "AGREE",
        "roles": {
          "NEUTRAL": "#V2942449",
          "FORMAL": "#V2942391",
          "TENSE": "PRES",
          "LEX": "AGREE",
          "WNSENSE": "affirm%2:31:00"
        },
        "start": 7,
        "end": 77
      },
      "V2942449": {
        "id": "V2942449",
        "indicator": "INDEF-SET",
        "type": "REFERENTIAL-SEM",
        "word": null,
        "roles": {
          "SIZE": "UNIVERSAL",
          "LEX": "ALL"
        },
        "start": 7,
        "end": 11
      },
      "V2942391": {
        "id": "V2942391",
        "indicator": "F",
        "type": "BE",
        "word": "BE",
        "roles": {
          "NEUTRAL": "#V2944528",
          "NEUTRAL1": "#V2943201",
          "PROP": "+",
          "TENSE": "PRES",
          "LEX": "IS",
          "WNSENSE": "be%2:42:06::"
        },
        "start": 17,
        "end": 77
      },
      "V2944528": {
        "id": "V2944528",
        "indicator": "THE",
        "type": "QUANTITY-ABSTR",
        "word": null,
        "roles": {
          "FIGURE": "#V2942248"
        },
        "start": 22,
        "end": 50
      },
      "V2942248": {
        "id": "V2942248",
        "indicator": "A",
        "type": "MEET",
        "word": "MEET",
        "roles": {
          "QUAN": "ANY",
          "LOCATION": "#V2942268",
          "LEX": "MEETING",
          "WNSENSE": "meet%2:38:01::"
        },
        "start": 22,
        "end": 50
      },
      "V2942268": {
        "id": "V2942268",
        "indicator": "F",
        "type": "IN-LOC",
        "word": "IN",
        "roles": {
          "GROUND": "#V2942382",
          "FIGURE": "#V2942248",
          "LEX": "IN"
        },
        "start": 34,
        "end": 50
      },
      "V2942382": {
        "id": "V2942382",
        "indicator": "A",
        "type": "INTERNAL-ENCLOSURE",
        "word": "HOTEL-ROOM",
        "roles": {
          "LEX": "HOTEL-ROOM",
          "WNSENSE": "hotel_room%1:06:00"
        },
        "start": 37,
        "end": 50
      },
      "V2943201": {
        "id": "V2943201",
        "indicator": "THE",
        "type": "QUANTITY-ABSTR",
        "word": null,
        "roles": {
          "FIGURE": "#V2942426"
        },
        "start": 53,
        "end": 77
      },
      "V2942426": {
        "id": "V2942426",
        "indicator": "BARE",
        "type": "ENTERPRISE",
        "word": "BUSINESS",
        "roles": {
          "MOD": "#V2942423",
          "LEX": "BUSINESS",
          "WNSENSE": "business%1:14:00::"
        },
        "start": 53,
        "end": 77
      },
      "V2942423": {
        "id": "V2942423",
        "indicator": "F",
        "type": "VALID-VAL",
        "word": "LEGITIMATE",
        "roles": {
          "ORIENTATION": "POS",
          "FIGURE": "#V2942426",
          "SCALE": "VALIDITY-SCALE",
          "MOD": "#V2942417",
          "LEX": "LEGITIMATE",
          "WNSENSE": "legitimate%5:00:00:valid:00"
        },
        "start": 53,
        "end": 68
      },
      "V2942417": {
        "id": "V2942417",
        "indicator": "F",
        "type": "NEG",
        "word": "NOT",
        "roles": {
          "FIGURE": "#V2942423",
          "LEX": "NOT",
          "WNSENSE": "not%4:02:00::"
        },
        "start": 53,
        "end": 57
      },
      "root": "#V2944633"
    },
    {
      "V2943064": {
        "id": "V2943064",
        "indicator": "SPEECHACT",
        "type": "SA_YN-QUESTION",
        "word": null,
        "roles": {
          "CONTENT": "#V2942183",
          "LEX": "CAN"
        },
        "start": 0,
        "end": 7
      },
      "V2942183": {
        "id": "V2942183",
        "indicator": "F",
        "type": "ELLIPSIS",
        "word": null,
        "roles": {
          "NEUTRAL": "#V2942196",
          "TENSE": "PRES",
          "MODALITY": "(:* ABILITY CAN)",
          "LEX": "CAN"
        },
        "start": 0,
        "end": 7
      },
      "V2942196": {
        "id": "V2942196",
        "indicator": "PRO-SET",
        "type": "PERSON",
        "word": "WE",
        "roles": {
          "PROFORM": "WE",
          "LEX": "WE",
          "WNSENSE": "person%1:03:00"
        },
        "start": 4,
        "end": 7
      },
      "root": "#V2943064"
    },
    {
      "V2944630": {
        "id": "V2944630",
        "indicator": "SPEECHACT",
        "type": "SA_TELL",
        "word": null,
        "roles": {
          "PUNCTYPE": "YNQ",
          "CONTENT": "#V2942219",
          "LEX": "AGREE"
        },
        "start": 7,
        "end": 78
      },
      "V2942219": {
        "id": "V2942219",
        "indicator": "F",
        "type": "ACCEPT-AGREE",
        "word": "AGREE",
        "roles": {
          "AGENT": "#V2942449",
          "FORMAL": "#V2942391",
          "TENSE": "PRES",
          "LEX": "AGREE",
          "WNSENSE": "agree%2:32:00::"
        },
        "start": 7,
        "end": 77
      },
      "V2942449": {
        "id": "V2942449",
        "indicator": "INDEF-SET",
        "type": "REFERENTIAL-SEM",
        "word": null,
        "roles": {
          "SIZE": "UNIVERSAL",
          "LEX": "ALL"
        },
        "start": 7,
        "end": 11
      },
      "V2942391": {
        "id": "V2942391",
        "indicator": "F",
        "type": "BE",
        "word": "BE",
        "roles": {
          "NEUTRAL": "#V2944528",
          "NEUTRAL1": "#V2943201",
          "PROP": "+",
          "TENSE": "PRES",
          "LEX": "IS",
          "WNSENSE": "be%2:42:06::"
        },
        "start": 17,
        "end": 77
      },
      "V2944528": {
        "id": "V2944528",
        "indicator": "THE",
        "type": "QUANTITY-ABSTR",
        "word": null,
        "roles": {
          "FIGURE": "#V2942248"
        },
        "start": 22,
        "end": 50
      },
      "V2942248": {
        "id": "V2942248",
        "indicator": "A",
        "type": "MEET",
        "word": "MEET",
        "roles": {
          "QUAN": "ANY",
          "LOCATION": "#V2942268",
          "LEX": "MEETING",
          "WNSENSE": "meet%2:38:01::"
        },
        "start": 22,
        "end": 50
      },
      "V2942268": {
        "id": "V2942268",
        "indicator": "F",
        "type": "IN-LOC",
        "word": "IN",
        "roles": {
          "GROUND": "#V2942382",
          "FIGURE": "#V2942248",
          "LEX": "IN"
        },
        "start": 34,
        "end": 50
      },
      "V2942382": {
        "id": "V2942382",
        "indicator": "A",
        "type": "INTERNAL-ENCLOSURE",
        "word": "HOTEL-ROOM",
        "roles": {
          "LEX": "HOTEL-ROOM",
          "WNSENSE": "hotel_room%1:06:00"
        },
        "start": 37,
        "end": 50
      },
      "V2943201": {
        "id": "V2943201",
        "indicator": "THE",
        "type": "QUANTITY-ABSTR",
        "word": null,
        "roles": {
          "FIGURE": "#V2942426"
        },
        "start": 53,
        "end": 77
      },
      "V2942426": {
        "id": "V2942426",
        "indicator": "BARE",
        "type": "ENTERPRISE",
        "word": "BUSINESS",
        "roles": {
          "MOD": "#V2942423",
          "LEX": "BUSINESS",
          "WNSENSE": "business%1:14:00::"
        },
        "start": 53,
        "end": 77
      },
      "V2942423": {
        "id": "V2942423",
        "indicator": "F",
        "type": "VALID-VAL",
        "word": "LEGITIMATE",
        "roles": {
          "ORIENTATION": "POS",
          "FIGURE": "#V2942426",
          "SCALE": "VALIDITY-SCALE",
          "MOD": "#V2942417",
          "LEX": "LEGITIMATE",
          "WNSENSE": "legitimate%5:00:00:valid:00"
        },
        "start": 53,
        "end": 68
      },
      "V2942417": {
        "id": "V2942417",
        "indicator": "F",
        "type": "NEG",
        "word": "NOT",
        "roles": {
          "FIGURE": "#V2942423",
          "LEX": "NOT",
          "WNSENSE": "not%4:02:00::"
        },
        "start": 53,
        "end": 57
      },
      "root": "#V2944630"
    },
    {
      "V2943064": {
        "id": "V2943064",
        "indicator": "SPEECHACT",
        "type": "SA_YN-QUESTION",
        "word": null,
        "roles": {
          "CONTENT": "#V2942183",
          "LEX": "CAN"
        },
        "start": 0,
        "end": 7
      },
      "V2942183": {
        "id": "V2942183",
        "indicator": "F",
        "type": "ELLIPSIS",
        "word": null,
        "roles": {
          "NEUTRAL": "#V2942196",
          "TENSE": "PRES",
          "MODALITY": "(:* ABILITY CAN)",
          "LEX": "CAN"
        },
        "start": 0,
        "end": 7
      },
      "V2942196": {
        "id": "V2942196",
        "indicator": "PRO-SET",
        "type": "PERSON",
        "word": "WE",
        "roles": {
          "PROFORM": "WE",
          "LEX": "WE",
          "WNSENSE": "person%1:03:00"
        },
        "start": 4,
        "end": 7
      },
      "root": "#V2943064"
    },
    {
      "V2944561": {
        "id": "V2944561",
        "indicator": "SPEECHACT",
        "type": "SA_TELL",
        "word": null,
        "roles": {
          "PUNCTYPE": "YNQ",
          "CONTENT": "#V2942218",
          "LEX": "AGREE"
        },
        "start": 7,
        "end": 78
      },
      "V2942218": {
        "id": "V2942218",
        "indicator": "F",
        "type": "CORRELATION",
        "word": "AGREE",
        "roles": {
          "NEUTRAL": "#V2942449",
          "FORMAL": "#V2942390",
          "TENSE": "PRES",
          "LEX": "AGREE",
          "WNSENSE": "affirm%2:31:00"
        },
        "start": 7,
        "end": 77
      },
      "V2942449": {
        "id": "V2942449",
        "indicator": "INDEF-SET",
        "type": "REFERENTIAL-SEM",
        "word": null,
        "roles": {
          "SIZE": "UNIVERSAL",
          "LEX": "ALL"
        },
        "start": 7,
        "end": 11
      },
      "V2942390": {
        "id": "V2942390",
        "indicator": "F",
        "type": "HAVE-PROPERTY",
        "word": "BE",
        "roles": {
          "NEUTRAL": "#V2944528",
          "FORMAL": "#V2943203",
          "PROP": "+",
          "TENSE": "PRES",
          "LEX": "IS",
          "WNSENSE": "be%2:42:03::"
        },
        "start": 17,
        "end": 77
      },
      "V2944528": {
        "id": "V2944528",
        "indicator": "THE",
        "type": "QUANTITY-ABSTR",
        "word": null,
        "roles": {
          "FIGURE": "#V2942248"
        },
        "start": 22,
        "end": 50
      },
      "V2942248": {
        "id": "V2942248",
        "indicator": "A",
        "type": "MEET",
        "word": "MEET",
        "roles": {
          "QUAN": "ANY",
          "LOCATION": "#V2942268",
          "LEX": "MEETING",
          "WNSENSE": "meet%2:38:01::"
        },
        "start": 22,
        "end": 50
      },
      "V2942268": {
        "id": "V2942268",
        "indicator": "F",
        "type": "IN-LOC",
        "word": "IN",
        "roles": {
          "GROUND": "#V2942382",
          "FIGURE": "#V2942248",
          "LEX": "IN"
        },
        "start": 34,
        "end": 50
      },
      "V2942382": {
        "id": "V2942382",
        "indicator": "A",
        "type": "INTERNAL-ENCLOSURE",
        "word": "HOTEL-ROOM",
        "roles": {
          "LEX": "HOTEL-ROOM",
          "WNSENSE": "hotel_room%1:06:00"
        },
        "start": 37,
        "end": 50
      },
      "V2943203": {
        "id": "V2943203",
        "indicator": "F",
        "type": "MEMBERSHIP",
        "word": null,
        "roles": {
          "FIGURE": "#V2944528",
          "GROUND": "#V2942426",
          "LEX": "BUSINESS"
        },
        "start": 53,
        "end": 77
      },
      "V2942426": {
        "id": "V2942426",
        "indicator": "THE-SET",
        "type": "ENTERPRISE",
        "word": "BUSINESS",
        "roles": {
          "MOD": "#V2942423"
        },
        "start": 53,
        "end": 77
      },
      "V2942423": {
        "id": "V2942423",
        "indicator": "F",
        "type": "VALID-VAL",
        "word": "LEGITIMATE",
        "roles": {
          "ORIENTATION": "POS",
          "FIGURE": "#V2942426",
          "SCALE": "VALIDITY-SCALE",
          "MOD": "#V2942417",
          "LEX": "LEGITIMATE",
          "WNSENSE": "legitimate%5:00:00:valid:00"
        },
        "start": 53,
        "end": 68
      },
      "V2942417": {
        "id": "V2942417",
        "indicator": "F",
        "type": "NEG",
        "word": "NOT",
        "roles": {
          "FIGURE": "#V2942423",
          "LEX": "NOT",
          "WNSENSE": "not%4:02:00::"
        },
        "start": 53,
        "end": 57
      },
      "root": "#V2944561"
    },
    {
      "V2943064": {
        "id": "V2943064",
        "indicator": "SPEECHACT",
        "type": "SA_YN-QUESTION",
        "word": null,
        "roles": {
          "CONTENT": "#V2942183",
          "LEX": "CAN"
        },
        "start": 0,
        "end": 7
      },
      "V2942183": {
        "id": "V2942183",
        "indicator": "F",
        "type": "ELLIPSIS",
        "word": null,
        "roles": {
          "NEUTRAL": "#V2942196",
          "TENSE": "PRES",
          "MODALITY": "(:* ABILITY CAN)",
          "LEX": "CAN"
        },
        "start": 0,
        "end": 7
      },
      "V2942196": {
        "id": "V2942196",
        "indicator": "PRO-SET",
        "type": "PERSON",
        "word": "WE",
        "roles": {
          "PROFORM": "WE",
          "LEX": "WE",
          "WNSENSE": "person%1:03:00"
        },
        "start": 4,
        "end": 7
      },
      "root": "#V2943064"
    },
    {
      "V2944558": {
        "id": "V2944558",
        "indicator": "SPEECHACT",
        "type": "SA_TELL",
        "word": null,
        "roles": {
          "PUNCTYPE": "YNQ",
          "CONTENT": "#V2942219",
          "LEX": "AGREE"
        },
        "start": 7,
        "end": 78
      },
      "V2942219": {
        "id": "V2942219",
        "indicator": "F",
        "type": "ACCEPT-AGREE",
        "word": "AGREE",
        "roles": {
          "AGENT": "#V2942449",
          "FORMAL": "#V2942390",
          "TENSE": "PRES",
          "LEX": "AGREE",
          "WNSENSE": "agree%2:32:00::"
        },
        "start": 7,
        "end": 77
      },
      "V2942449": {
        "id": "V2942449",
        "indicator": "INDEF-SET",
        "type": "REFERENTIAL-SEM",
        "word": null,
        "roles": {
          "SIZE": "UNIVERSAL",
          "LEX": "ALL"
        },
        "start": 7,
        "end": 11
      },
      "V2942390": {
        "id": "V2942390",
        "indicator": "F",
        "type": "HAVE-PROPERTY",
        "word": "BE",
        "roles": {
          "NEUTRAL": "#V2944528",
          "FORMAL": "#V2943203",
          "PROP": "+",
          "TENSE": "PRES",
          "LEX": "IS",
          "WNSENSE": "be%2:42:03::"
        },
        "start": 17,
        "end": 77
      },
      "V2944528": {
        "id": "V2944528",
        "indicator": "THE",
        "type": "QUANTITY-ABSTR",
        "word": null,
        "roles": {
          "FIGURE": "#V2942248"
        },
        "start": 22,
        "end": 50
      },
      "V2942248": {
        "id": "V2942248",
        "indicator": "A",
        "type": "MEET",
        "word": "MEET",
        "roles": {
          "QUAN": "ANY",
          "LOCATION": "#V2942268",
          "LEX": "MEETING",
          "WNSENSE": "meet%2:38:01::"
        },
        "start": 22,
        "end": 50
      },
      "V2942268": {
        "id": "V2942268",
        "indicator": "F",
        "type": "IN-LOC",
        "word": "IN",
        "roles": {
          "GROUND": "#V2942382",
          "FIGURE": "#V2942248",
          "LEX": "IN"
        },
        "start": 34,
        "end": 50
      },
      "V2942382": {
        "id": "V2942382",
        "indicator": "A",
        "type": "INTERNAL-ENCLOSURE",
        "word": "HOTEL-ROOM",
        "roles": {
          "LEX": "HOTEL-ROOM",
          "WNSENSE": "hotel_room%1:06:00"
        },
        "start": 37,
        "end": 50
      },
      "V2943203": {
        "id": "V2943203",
        "indicator": "F",
        "type": "MEMBERSHIP",
        "word": null,
        "roles": {
          "FIGURE": "#V2944528",
          "GROUND": "#V2942426",
          "LEX": "BUSINESS"
        },
        "start": 53,
        "end": 77
      },
      "V2942426": {
        "id": "V2942426",
        "indicator": "THE-SET",
        "type": "ENTERPRISE",
        "word": "BUSINESS",
        "roles": {
          "MOD": "#V2942423"
        },
        "start": 53,
        "end": 77
      },
      "V2942423": {
        "id": "V2942423",
        "indicator": "F",
        "type": "VALID-VAL",
        "word": "LEGITIMATE",
        "roles": {
          "ORIENTATION": "POS",
          "FIGURE": "#V2942426",
          "SCALE": "VALIDITY-SCALE",
          "MOD": "#V2942417",
          "LEX": "LEGITIMATE",
          "WNSENSE": "legitimate%5:00:00:valid:00"
        },
        "start": 53,
        "end": 68
      },
      "V2942417": {
        "id": "V2942417",
        "indicator": "F",
        "type": "NEG",
        "word": "NOT",
        "roles": {
          "FIGURE": "#V2942423",
          "LEX": "NOT",
          "WNSENSE": "not%4:02:00::"
        },
        "start": 53,
        "end": 57
      },
      "root": "#V2944558"
    },
    {
      "V2943064": {
        "id": "V2943064",
        "indicator": "SPEECHACT",
        "type": "SA_YN-QUESTION",
        "word": null,
        "roles": {
          "CONTENT": "#V2942183",
          "LEX": "CAN"
        },
        "start": 0,
        "end": 7
      },
      "V2942183": {
        "id": "V2942183",
        "indicator": "F",
        "type": "ELLIPSIS",
        "word": null,
        "roles": {
          "NEUTRAL": "#V2942196",
          "TENSE": "PRES",
          "MODALITY": "(:* ABILITY CAN)",
          "LEX": "CAN"
        },
        "start": 0,
        "end": 7
      },
      "V2942196": {
        "id": "V2942196",
        "indicator": "PRO-SET",
        "type": "PERSON",
        "word": "WE",
        "roles": {
          "PROFORM": "WE",
          "LEX": "WE",
          "WNSENSE": "person%1:03:00"
        },
        "start": 4,
        "end": 7
      },
      "root": "#V2943064"
    },
    {
      "V2944376": {
        "id": "V2944376",
        "indicator": "SPEECHACT",
        "type": "SA_TELL",
        "word": null,
        "roles": {
          "PUNCTYPE": "YNQ",
          "CONTENT": "#V2942218",
          "LEX": "AGREE"
        },
        "start": 7,
        "end": 78
      },
      "V2942218": {
        "id": "V2942218",
        "indicator": "F",
        "type": "CORRELATION",
        "word": "AGREE",
        "roles": {
          "NEUTRAL": "#V2942449",
          "FORMAL": "#V2942391",
          "TENSE": "PRES",
          "LEX": "AGREE",
          "WNSENSE": "affirm%2:31:00"
        },
        "start": 7,
        "end": 77
      },
      "V2942449": {
        "id": "V2942449",
        "indicator": "INDEF-SET",
        "type": "REFERENTIAL-SEM",
        "word": null,
        "roles": {
          "SIZE": "UNIVERSAL",
          "LEX": "ALL"
        },
        "start": 7,
        "end": 11
      },
      "V2942391": {
        "id": "V2942391",
        "indicator": "F",
        "type": "BE",
        "word": "BE",
        "roles": {
          "NEUTRAL": "#V2944271",
          "NEUTRAL1": "#V2943201",
          "PROP": "+",
          "TENSE": "PRES",
          "LEX": "IS",
          "WNSENSE": "be%2:42:06::"
        },
        "start": 17,
        "end": 77
      },
      "V2944271": {
        "id": "V2944271",
        "indicator": "THE",
        "type": "QUANTITY-ABSTR",
        "word": null,
        "roles": {
          "FIGURE": "#V2942249"
        },
        "start": 22,
        "end": 50
      },
      "V2942249": {
        "id": "V2942249",
        "indicator": "A",
        "type": "MEET",
        "word": "MEET",
        "roles": {
          "QUAN": "ANY",
          "LOCATION": "#V2942268",
          "LEX": "MEETING",
          "WNSENSE": "meet%2:38:01::"
        },
        "start": 22,
        "end": 50
      },
      "V2942268": {
        "id": "V2942268",
        "indicator": "F",
        "type": "IN-LOC",
        "word": "IN",
        "roles": {
          "GROUND": "#V2942382",
          "FIGURE": "#V2942249",
          "LEX": "IN"
        },
        "start": 34,
        "end": 50
      },
      "V2942382": {
        "id": "V2942382",
        "indicator": "A",
        "type": "INTERNAL-ENCLOSURE",
        "word": "HOTEL-ROOM",
        "roles": {
          "LEX": "HOTEL-ROOM",
          "WNSENSE": "hotel_room%1:06:00"
        },
        "start": 37,
        "end": 50
      },
      "V2943201": {
        "id": "V2943201",
        "indicator": "THE",
        "type": "QUANTITY-ABSTR",
        "word": null,
        "roles": {
          "FIGURE": "#V2942426"
        },
        "start": 53,
        "end": 77
      },
      "V2942426": {
        "id": "V2942426",
        "indicator": "BARE",
        "type": "ENTERPRISE",
        "word": "BUSINESS",
        "roles": {
          "MOD": "#V2942423",
          "LEX": "BUSINESS",
          "WNSENSE": "business%1:14:00::"
        },
        "start": 53,
        "end": 77
      },
      "V2942423": {
        "id": "V2942423",
        "indicator": "F",
        "type": "VALID-VAL",
        "word": "LEGITIMATE",
        "roles": {
          "ORIENTATION": "POS",
          "FIGURE": "#V2942426",
          "SCALE": "VALIDITY-SCALE",
          "MOD": "#V2942417",
          "LEX": "LEGITIMATE",
          "WNSENSE": "legitimate%5:00:00:valid:00"
        },
        "start": 53,
        "end": 68
      },
      "V2942417": {
        "id": "V2942417",
        "indicator": "F",
        "type": "NEG",
        "word": "NOT",
        "roles": {
          "FIGURE": "#V2942423",
          "LEX": "NOT",
          "WNSENSE": "not%4:02:00::"
        },
        "start": 53,
        "end": 57
      },
      "root": "#V2944376"
    },
    {
      "V2943064": {
        "id": "V2943064",
        "indicator": "SPEECHACT",
        "type": "SA_YN-QUESTION",
        "word": null,
        "roles": {
          "CONTENT": "#V2942183",
          "LEX": "CAN"
        },
        "start": 0,
        "end": 7
      },
      "V2942183": {
        "id": "V2942183",
        "indicator": "F",
        "type": "ELLIPSIS",
        "word": null,
        "roles": {
          "NEUTRAL": "#V2942196",
          "TENSE": "PRES",
          "MODALITY": "(:* ABILITY CAN)",
          "LEX": "CAN"
        },
        "start": 0,
        "end": 7
      },
      "V2942196": {
        "id": "V2942196",
        "indicator": "PRO-SET",
        "type": "PERSON",
        "word": "WE",
        "roles": {
          "PROFORM": "WE",
          "LEX": "WE",
          "WNSENSE": "person%1:03:00"
        },
        "start": 4,
        "end": 7
      },
      "root": "#V2943064"
    },
    {
      "V2944373": {
        "id": "V2944373",
        "indicator": "SPEECHACT",
        "type": "SA_TELL",
        "word": null,
        "roles": {
          "PUNCTYPE": "YNQ",
          "CONTENT": "#V2942219",
          "LEX": "AGREE"
        },
        "start": 7,
        "end": 78
      },
      "V2942219": {
        "id": "V2942219",
        "indicator": "F",
        "type": "ACCEPT-AGREE",
        "word": "AGREE",
        "roles": {
          "AGENT": "#V2942449",
          "FORMAL": "#V2942391",
          "TENSE": "PRES",
          "LEX": "AGREE",
          "WNSENSE": "agree%2:32:00::"
        },
        "start": 7,
        "end": 77
      },
      "V2942449": {
        "id": "V2942449",
        "indicator": "INDEF-SET",
        "type": "REFERENTIAL-SEM",
        "word": null,
        "roles": {
          "SIZE": "UNIVERSAL",
          "LEX": "ALL"
        },
        "start": 7,
        "end": 11
      },
      "V2942391": {
        "id": "V2942391",
        "indicator": "F",
        "type": "BE",
        "word": "BE",
        "roles": {
          "NEUTRAL": "#V2944271",
          "NEUTRAL1": "#V2943201",
          "PROP": "+",
          "TENSE": "PRES",
          "LEX": "IS",
          "WNSENSE": "be%2:42:06::"
        },
        "start": 17,
        "end": 77
      },
      "V2944271": {
        "id": "V2944271",
        "indicator": "THE",
        "type": "QUANTITY-ABSTR",
        "word": null,
        "roles": {
          "FIGURE": "#V2942249"
        },
        "start": 22,
        "end": 50
      },
      "V2942249": {
        "id": "V2942249",
        "indicator": "A",
        "type": "MEET",
        "word": "MEET",
        "roles": {
          "QUAN": "ANY",
          "LOCATION": "#V2942268",
          "LEX": "MEETING",
          "WNSENSE": "meet%2:38:01::"
        },
        "start": 22,
        "end": 50
      },
      "V2942268": {
        "id": "V2942268",
        "indicator": "F",
        "type": "IN-LOC",
        "word": "IN",
        "roles": {
          "GROUND": "#V2942382",
          "FIGURE": "#V2942249",
          "LEX": "IN"
        },
        "start": 34,
        "end": 50
      },
      "V2942382": {
        "id": "V2942382",
        "indicator": "A",
        "type": "INTERNAL-ENCLOSURE",
        "word": "HOTEL-ROOM",
        "roles": {
          "LEX": "HOTEL-ROOM",
          "WNSENSE": "hotel_room%1:06:00"
        },
        "start": 37,
        "end": 50
      },
      "V2943201": {
        "id": "V2943201",
        "indicator": "THE",
        "type": "QUANTITY-ABSTR",
        "word": null,
        "roles": {
          "FIGURE": "#V2942426"
        },
        "start": 53,
        "end": 77
      },
      "V2942426": {
        "id": "V2942426",
        "indicator": "BARE",
        "type": "ENTERPRISE",
        "word": "BUSINESS",
        "roles": {
          "MOD": "#V2942423",
          "LEX": "BUSINESS",
          "WNSENSE": "business%1:14:00::"
        },
        "start": 53,
        "end": 77
      },
      "V2942423": {
        "id": "V2942423",
        "indicator": "F",
        "type": "VALID-VAL",
        "word": "LEGITIMATE",
        "roles": {
          "ORIENTATION": "POS",
          "FIGURE": "#V2942426",
          "SCALE": "VALIDITY-SCALE",
          "MOD": "#V2942417",
          "LEX": "LEGITIMATE",
          "WNSENSE": "legitimate%5:00:00:valid:00"
        },
        "start": 53,
        "end": 68
      },
      "V2942417": {
        "id": "V2942417",
        "indicator": "F",
        "type": "NEG",
        "word": "NOT",
        "roles": {
          "FIGURE": "#V2942423",
          "LEX": "NOT",
          "WNSENSE": "not%4:02:00::"
        },
        "start": 53,
        "end": 57
      },
      "root": "#V2944373"
    },
    {
      "V2943064": {
        "id": "V2943064",
        "indicator": "SPEECHACT",
        "type": "SA_YN-QUESTION",
        "word": null,
        "roles": {
          "CONTENT": "#V2942183",
          "LEX": "CAN"
        },
        "start": 0,
        "end": 7
      },
      "V2942183": {
        "id": "V2942183",
        "indicator": "F",
        "type": "ELLIPSIS",
        "word": null,
        "roles": {
          "NEUTRAL": "#V2942196",
          "TENSE": "PRES",
          "MODALITY": "(:* ABILITY CAN)",
          "LEX": "CAN"
        },
        "start": 0,
        "end": 7
      },
      "V2942196": {
        "id": "V2942196",
        "indicator": "PRO-SET",
        "type": "PERSON",
        "word": "WE",
        "roles": {
          "PROFORM": "WE",
          "LEX": "WE",
          "WNSENSE": "person%1:03:00"
        },
        "start": 4,
        "end": 7
      },
      "root": "#V2943064"
    },
    {
      "V2944304": {
        "id": "V2944304",
        "indicator": "SPEECHACT",
        "type": "SA_TELL",
        "word": null,
        "roles": {
          "PUNCTYPE": "YNQ",
          "CONTENT": "#V2942218",
          "LEX": "AGREE"
        },
        "start": 7,
        "end": 78
      },
      "V2942218": {
        "id": "V2942218",
        "indicator": "F",
        "type": "CORRELATION",
        "word": "AGREE",
        "roles": {
          "NEUTRAL": "#V2942449",
          "FORMAL": "#V2942390",
          "TENSE": "PRES",
          "LEX": "AGREE",
          "WNSENSE": "affirm%2:31:00"
        },
        "start": 7,
        "end": 77
      },
      "V2942449": {
        "id": "V2942449",
        "indicator": "INDEF-SET",
        "type": "REFERENTIAL-SEM",
        "word": null,
        "roles": {
          "SIZE": "UNIVERSAL",
          "LEX": "ALL"
        },
        "start": 7,
        "end": 11
      },
      "V2942390": {
        "id": "V2942390",
        "indicator": "F",
        "type": "HAVE-PROPERTY",
        "word": "BE",
        "roles": {
          "NEUTRAL": "#V2944271",
          "FORMAL": "#V2943203",
          "PROP": "+",
          "TENSE": "PRES",
          "LEX": "IS",
          "WNSENSE": "be%2:42:03::"
        },
        "start": 17,
        "end": 77
      },
      "V2944271": {
        "id": "V2944271",
        "indicator": "THE",
        "type": "QUANTITY-ABSTR",
        "word": null,
        "roles": {
          "FIGURE": "#V2942249"
        },
        "start": 22,
        "end": 50
      },
      "V2942249": {
        "id": "V2942249",
        "indicator": "A",
        "type": "MEET",
        "word": "MEET",
        "roles": {
          "QUAN": "ANY",
          "LOCATION": "#V2942268",
          "LEX": "MEETING",
          "WNSENSE": "meet%2:38:01::"
        },
        "start": 22,
        "end": 50
      },
      "V2942268": {
        "id": "V2942268",
        "indicator": "F",
        "type": "IN-LOC",
        "word": "IN",
        "roles": {
          "GROUND": "#V2942382",
          "FIGURE": "#V2942249",
          "LEX": "IN"
        },
        "start": 34,
        "end": 50
      },
      "V2942382": {
        "id": "V2942382",
        "indicator": "A",
        "type": "INTERNAL-ENCLOSURE",
        "word": "HOTEL-ROOM",
        "roles": {
          "LEX": "HOTEL-ROOM",
          "WNSENSE": "hotel_room%1:06:00"
        },
        "start": 37,
        "end": 50
      },
      "V2943203": {
        "id": "V2943203",
        "indicator": "F",
        "type": "MEMBERSHIP",
        "word": null,
        "roles": {
          "FIGURE": "#V2944271",
          "GROUND": "#V2942426",
          "LEX": "BUSINESS"
        },
        "start": 53,
        "end": 77
      },
      "V2942426": {
        "id": "V2942426",
        "indicator": "THE-SET",
        "type": "ENTERPRISE",
        "word": "BUSINESS",
        "roles": {
          "MOD": "#V2942423"
        },
        "start": 53,
        "end": 77
      },
      "V2942423": {
        "id": "V2942423",
        "indicator": "F",
        "type": "VALID-VAL",
        "word": "LEGITIMATE",
        "roles": {
          "ORIENTATION": "POS",
          "FIGURE": "#V2942426",
          "SCALE": "VALIDITY-SCALE",
          "MOD": "#V2942417",
          "LEX": "LEGITIMATE",
          "WNSENSE": "legitimate%5:00:00:valid:00"
        },
        "start": 53,
        "end": 68
      },
      "V2942417": {
        "id": "V2942417",
        "indicator": "F",
        "type": "NEG",
        "word": "NOT",
        "roles": {
          "FIGURE": "#V2942423",
          "LEX": "NOT",
          "WNSENSE": "not%4:02:00::"
        },
        "start": 53,
        "end": 57
      },
      "root": "#V2944304"
    },
    {
      "V2943064": {
        "id": "V2943064",
        "indicator": "SPEECHACT",
        "type": "SA_YN-QUESTION",
        "word": null,
        "roles": {
          "CONTENT": "#V2942183",
          "LEX": "CAN"
        },
        "start": 0,
        "end": 7
      },
      "V2942183": {
        "id": "V2942183",
        "indicator": "F",
        "type": "ELLIPSIS",
        "word": null,
        "roles": {
          "NEUTRAL": "#V2942196",
          "TENSE": "PRES",
          "MODALITY": "(:* ABILITY CAN)",
          "LEX": "CAN"
        },
        "start": 0,
        "end": 7
      },
      "V2942196": {
        "id": "V2942196",
        "indicator": "PRO-SET",
        "type": "PERSON",
        "word": "WE",
        "roles": {
          "PROFORM": "WE",
          "LEX": "WE",
          "WNSENSE": "person%1:03:00"
        },
        "start": 4,
        "end": 7
      },
      "root": "#V2943064"
    },
    {
      "V2944301": {
        "id": "V2944301",
        "indicator": "SPEECHACT",
        "type": "SA_TELL",
        "word": null,
        "roles": {
          "PUNCTYPE": "YNQ",
          "CONTENT": "#V2942219",
          "LEX": "AGREE"
        },
        "start": 7,
        "end": 78
      },
      "V2942219": {
        "id": "V2942219",
        "indicator": "F",
        "type": "ACCEPT-AGREE",
        "word": "AGREE",
        "roles": {
          "AGENT": "#V2942449",
          "FORMAL": "#V2942390",
          "TENSE": "PRES",
          "LEX": "AGREE",
          "WNSENSE": "agree%2:32:00::"
        },
        "start": 7,
        "end": 77
      },
      "V2942449": {
        "id": "V2942449",
        "indicator": "INDEF-SET",
        "type": "REFERENTIAL-SEM",
        "word": null,
        "roles": {
          "SIZE": "UNIVERSAL",
          "LEX": "ALL"
        },
        "start": 7,
        "end": 11
      },
      "V2942390": {
        "id": "V2942390",
        "indicator": "F",
        "type": "HAVE-PROPERTY",
        "word": "BE",
        "roles": {
          "NEUTRAL": "#V2944271",
          "FORMAL": "#V2943203",
          "PROP": "+",
          "TENSE": "PRES",
          "LEX": "IS",
          "WNSENSE": "be%2:42:03::"
        },
        "start": 17,
        "end": 77
      },
      "V2944271": {
        "id": "V2944271",
        "indicator": "THE",
        "type": "QUANTITY-ABSTR",
        "word": null,
        "roles": {
          "FIGURE": "#V2942249"
        },
        "start": 22,
        "end": 50
      },
      "V2942249": {
        "id": "V2942249",
        "indicator": "A",
        "type": "MEET",
        "word": "MEET",
        "roles": {
          "QUAN": "ANY",
          "LOCATION": "#V2942268",
          "LEX": "MEETING",
          "WNSENSE": "meet%2:38:01::"
        },
        "start": 22,
        "end": 50
      },
      "V2942268": {
        "id": "V2942268",
        "indicator": "F",
        "type": "IN-LOC",
        "word": "IN",
        "roles": {
          "GROUND": "#V2942382",
          "FIGURE": "#V2942249",
          "LEX": "IN"
        },
        "start": 34,
        "end": 50
      },
      "V2942382": {
        "id": "V2942382",
        "indicator": "A",
        "type": "INTERNAL-ENCLOSURE",
        "word": "HOTEL-ROOM",
        "roles": {
          "LEX": "HOTEL-ROOM",
          "WNSENSE": "hotel_room%1:06:00"
        },
        "start": 37,
        "end": 50
      },
      "V2943203": {
        "id": "V2943203",
        "indicator": "F",
        "type": "MEMBERSHIP",
        "word": null,
        "roles": {
          "FIGURE": "#V2944271",
          "GROUND": "#V2942426",
          "LEX": "BUSINESS"
        },
        "start": 53,
        "end": 77
      },
      "V2942426": {
        "id": "V2942426",
        "indicator": "THE-SET",
        "type": "ENTERPRISE",
        "word": "BUSINESS",
        "roles": {
          "MOD": "#V2942423"
        },
        "start": 53,
        "end": 77
      },
      "V2942423": {
        "id": "V2942423",
        "indicator": "F",
        "type": "VALID-VAL",
        "word": "LEGITIMATE",
        "roles": {
          "ORIENTATION": "POS",
          "FIGURE": "#V2942426",
          "SCALE": "VALIDITY-SCALE",
          "MOD": "#V2942417",
          "LEX": "LEGITIMATE",
          "WNSENSE": "legitimate%5:00:00:valid:00"
        },
        "start": 53,
        "end": 68
      },
      "V2942417": {
        "id": "V2942417",
        "indicator": "F",
        "type": "NEG",
        "word": "NOT",
        "roles": {
          "FIGURE": "#V2942423",
          "LEX": "NOT",
          "WNSENSE": "not%4:02:00::"
        },
        "start": 53,
        "end": 57
      },
      "root": "#V2944301"
    },
    {
      "V2943064": {
        "id": "V2943064",
        "indicator": "SPEECHACT",
        "type": "SA_YN-QUESTION",
        "word": null,
        "roles": {
          "CONTENT": "#V2942183",
          "LEX": "CAN"
        },
        "start": 0,
        "end": 7
      },
      "V2942183": {
        "id": "V2942183",
        "indicator": "F",
        "type": "ELLIPSIS",
        "word": null,
        "roles": {
          "NEUTRAL": "#V2942196",
          "TENSE": "PRES",
          "MODALITY": "(:* ABILITY CAN)",
          "LEX": "CAN"
        },
        "start": 0,
        "end": 7
      },
      "V2942196": {
        "id": "V2942196",
        "indicator": "PRO-SET",
        "type": "PERSON",
        "word": "WE",
        "roles": {
          "PROFORM": "WE",
          "LEX": "WE",
          "WNSENSE": "person%1:03:00"
        },
        "start": 4,
        "end": 7
      },
      "root": "#V2943064"
    },
    {
      "V2944119": {
        "id": "V2944119",
        "indicator": "SPEECHACT",
        "type": "SA_TELL",
        "word": null,
        "roles": {
          "PUNCTYPE": "YNQ",
          "CONTENT": "#V2942218",
          "LEX": "AGREE"
        },
        "start": 7,
        "end": 78
      },
      "V2942218": {
        "id": "V2942218",
        "indicator": "F",
        "type": "CORRELATION",
        "word": "AGREE",
        "roles": {
          "NEUTRAL": "#V2942449",
          "FORMAL": "#V2942391",
          "TENSE": "PRES",
          "LEX": "AGREE",
          "WNSENSE": "affirm%2:31:00"
        },
        "start": 7,
        "end": 77
      },
      "V2942449": {
        "id": "V2942449",
        "indicator": "INDEF-SET",
        "type": "REFERENTIAL-SEM",
        "word": null,
        "roles": {
          "SIZE": "UNIVERSAL",
          "LEX": "ALL"
        },
        "start": 7,
        "end": 11
      },
      "V2942391": {
        "id": "V2942391",
        "indicator": "F",
        "type": "BE",
        "word": "BE",
        "roles": {
          "NEUTRAL": "#V2944014",
          "NEUTRAL1": "#V2943201",
          "PROP": "+",
          "TENSE": "PRES",
          "LEX": "IS",
          "WNSENSE": "be%2:42:06::"
        },
        "start": 17,
        "end": 77
      },
      "V2944014": {
        "id": "V2944014",
        "indicator": "THE",
        "type": "QUANTITY-ABSTR",
        "word": null,
        "roles": {
          "FIGURE": "#V2942250"
        },
        "start": 22,
        "end": 50
      },
      "V2942250": {
        "id": "V2942250",
        "indicator": "A",
        "type": "INTERSECT",
        "word": "MEET",
        "roles": {
          "QUAN": "ANY",
          "LOCATION": "#V2942268",
          "LEX": "MEETING",
          "WNSENSE": "cross%2:38:03"
        },
        "start": 22,
        "end": 50
      },
      "V2942268": {
        "id": "V2942268",
        "indicator": "F",
        "type": "IN-LOC",
        "word": "IN",
        "roles": {
          "GROUND": "#V2942382",
          "FIGURE": "#V2942250",
          "LEX": "IN"
        },
        "start": 34,
        "end": 50
      },
      "V2942382": {
        "id": "V2942382",
        "indicator": "A",
        "type": "INTERNAL-ENCLOSURE",
        "word": "HOTEL-ROOM",
        "roles": {
          "LEX": "HOTEL-ROOM",
          "WNSENSE": "hotel_room%1:06:00"
        },
        "start": 37,
        "end": 50
      },
      "V2943201": {
        "id": "V2943201",
        "indicator": "THE",
        "type": "QUANTITY-ABSTR",
        "word": null,
        "roles": {
          "FIGURE": "#V2942426"
        },
        "start": 53,
        "end": 77
      },
      "V2942426": {
        "id": "V2942426",
        "indicator": "BARE",
        "type": "ENTERPRISE",
        "word": "BUSINESS",
        "roles": {
          "MOD": "#V2942423",
          "LEX": "BUSINESS",
          "WNSENSE": "business%1:14:00::"
        },
        "start": 53,
        "end": 77
      },
      "V2942423": {
        "id": "V2942423",
        "indicator": "F",
        "type": "VALID-VAL",
        "word": "LEGITIMATE",
        "roles": {
          "ORIENTATION": "POS",
          "FIGURE": "#V2942426",
          "SCALE": "VALIDITY-SCALE",
          "MOD": "#V2942417",
          "LEX": "LEGITIMATE",
          "WNSENSE": "legitimate%5:00:00:valid:00"
        },
        "start": 53,
        "end": 68
      },
      "V2942417": {
        "id": "V2942417",
        "indicator": "F",
        "type": "NEG",
        "word": "NOT",
        "roles": {
          "FIGURE": "#V2942423",
          "LEX": "NOT",
          "WNSENSE": "not%4:02:00::"
        },
        "start": 53,
        "end": 57
      },
      "root": "#V2944119"
    },
    {
      "V2943064": {
        "id": "V2943064",
        "indicator": "SPEECHACT",
        "type": "SA_YN-QUESTION",
        "word": null,
        "roles": {
          "CONTENT": "#V2942183",
          "LEX": "CAN"
        },
        "start": 0,
        "end": 7
      },
      "V2942183": {
        "id": "V2942183",
        "indicator": "F",
        "type": "ELLIPSIS",
        "word": null,
        "roles": {
          "NEUTRAL": "#V2942196",
          "TENSE": "PRES",
          "MODALITY": "(:* ABILITY CAN)",
          "LEX": "CAN"
        },
        "start": 0,
        "end": 7
      },
      "V2942196": {
        "id": "V2942196",
        "indicator": "PRO-SET",
        "type": "PERSON",
        "word": "WE",
        "roles": {
          "PROFORM": "WE",
          "LEX": "WE",
          "WNSENSE": "person%1:03:00"
        },
        "start": 4,
        "end": 7
      },
      "root": "#V2943064"
    },
    {
      "V2944116": {
        "id": "V2944116",
        "indicator": "SPEECHACT",
        "type": "SA_TELL",
        "word": null,
        "roles": {
          "PUNCTYPE": "YNQ",
          "CONTENT": "#V2942219",
          "LEX": "AGREE"
        },
        "start": 7,
        "end": 78
      },
      "V2942219": {
        "id": "V2942219",
        "indicator": "F",
        "type": "ACCEPT-AGREE",
        "word": "AGREE",
        "roles": {
          "AGENT": "#V2942449",
          "FORMAL": "#V2942391",
          "TENSE": "PRES",
          "LEX": "AGREE",
          "WNSENSE": "agree%2:32:00::"
        },
        "start": 7,
        "end": 77
      },
      "V2942449": {
        "id": "V2942449",
        "indicator": "INDEF-SET",
        "type": "REFERENTIAL-SEM",
        "word": null,
        "roles": {
          "SIZE": "UNIVERSAL",
          "LEX": "ALL"
        },
        "start": 7,
        "end": 11
      },
      "V2942391": {
        "id": "V2942391",
        "indicator": "F",
        "type": "BE",
        "word": "BE",
        "roles": {
          "NEUTRAL": "#V2944014",
          "NEUTRAL1": "#V2943201",
          "PROP": "+",
          "TENSE": "PRES",
          "LEX": "IS",
          "WNSENSE": "be%2:42:06::"
        },
        "start": 17,
        "end": 77
      },
      "V2944014": {
        "id": "V2944014",
        "indicator": "THE",
        "type": "QUANTITY-ABSTR",
        "word": null,
        "roles": {
          "FIGURE": "#V2942250"
        },
        "start": 22,
        "end": 50
      },
      "V2942250": {
        "id": "V2942250",
        "indicator": "A",
        "type": "INTERSECT",
        "word": "MEET",
        "roles": {
          "QUAN": "ANY",
          "LOCATION": "#V2942268",
          "LEX": "MEETING",
          "WNSENSE": "cross%2:38:03"
        },
        "start": 22,
        "end": 50
      },
      "V2942268": {
        "id": "V2942268",
        "indicator": "F",
        "type": "IN-LOC",
        "word": "IN",
        "roles": {
          "GROUND": "#V2942382",
          "FIGURE": "#V2942250",
          "LEX": "IN"
        },
        "start": 34,
        "end": 50
      },
      "V2942382": {
        "id": "V2942382",
        "indicator": "A",
        "type": "INTERNAL-ENCLOSURE",
        "word": "HOTEL-ROOM",
        "roles": {
          "LEX": "HOTEL-ROOM",
          "WNSENSE": "hotel_room%1:06:00"
        },
        "start": 37,
        "end": 50
      },
      "V2943201": {
        "id": "V2943201",
        "indicator": "THE",
        "type": "QUANTITY-ABSTR",
        "word": null,
        "roles": {
          "FIGURE": "#V2942426"
        },
        "start": 53,
        "end": 77
      },
      "V2942426": {
        "id": "V2942426",
        "indicator": "BARE",
        "type": "ENTERPRISE",
        "word": "BUSINESS",
        "roles": {
          "MOD": "#V2942423",
          "LEX": "BUSINESS",
          "WNSENSE": "business%1:14:00::"
        },
        "start": 53,
        "end": 77
      },
      "V2942423": {
        "id": "V2942423",
        "indicator": "F",
        "type": "VALID-VAL",
        "word": "LEGITIMATE",
        "roles": {
          "ORIENTATION": "POS",
          "FIGURE": "#V2942426",
          "SCALE": "VALIDITY-SCALE",
          "MOD": "#V2942417",
          "LEX": "LEGITIMATE",
          "WNSENSE": "legitimate%5:00:00:valid:00"
        },
        "start": 53,
        "end": 68
      },
      "V2942417": {
        "id": "V2942417",
        "indicator": "F",
        "type": "NEG",
        "word": "NOT",
        "roles": {
          "FIGURE": "#V2942423",
          "LEX": "NOT",
          "WNSENSE": "not%4:02:00::"
        },
        "start": 53,
        "end": 57
      },
      "root": "#V2944116"
    },
    {
      "V2943064": {
        "id": "V2943064",
        "indicator": "SPEECHACT",
        "type": "SA_YN-QUESTION",
        "word": null,
        "roles": {
          "CONTENT": "#V2942183",
          "LEX": "CAN"
        },
        "start": 0,
        "end": 7
      },
      "V2942183": {
        "id": "V2942183",
        "indicator": "F",
        "type": "ELLIPSIS",
        "word": null,
        "roles": {
          "NEUTRAL": "#V2942196",
          "TENSE": "PRES",
          "MODALITY": "(:* ABILITY CAN)",
          "LEX": "CAN"
        },
        "start": 0,
        "end": 7
      },
      "V2942196": {
        "id": "V2942196",
        "indicator": "PRO-SET",
        "type": "PERSON",
        "word": "WE",
        "roles": {
          "PROFORM": "WE",
          "LEX": "WE",
          "WNSENSE": "person%1:03:00"
        },
        "start": 4,
        "end": 7
      },
      "root": "#V2943064"
    },
    {
      "V2944047": {
        "id": "V2944047",
        "indicator": "SPEECHACT",
        "type": "SA_TELL",
        "word": null,
        "roles": {
          "PUNCTYPE": "YNQ",
          "CONTENT": "#V2942218",
          "LEX": "AGREE"
        },
        "start": 7,
        "end": 78
      },
      "V2942218": {
        "id": "V2942218",
        "indicator": "F",
        "type": "CORRELATION",
        "word": "AGREE",
        "roles": {
          "NEUTRAL": "#V2942449",
          "FORMAL": "#V2942390",
          "TENSE": "PRES",
          "LEX": "AGREE",
          "WNSENSE": "affirm%2:31:00"
        },
        "start": 7,
        "end": 77
      },
      "V2942449": {
        "id": "V2942449",
        "indicator": "INDEF-SET",
        "type": "REFERENTIAL-SEM",
        "word": null,
        "roles": {
          "SIZE": "UNIVERSAL",
          "LEX": "ALL"
        },
        "start": 7,
        "end": 11
      },
      "V2942390": {
        "id": "V2942390",
        "indicator": "F",
        "type": "HAVE-PROPERTY",
        "word": "BE",
        "roles": {
          "NEUTRAL": "#V2944014",
          "FORMAL": "#V2943203",
          "PROP": "+",
          "TENSE": "PRES",
          "LEX": "IS",
          "WNSENSE": "be%2:42:03::"
        },
        "start": 17,
        "end": 77
      },
      "V2944014": {
        "id": "V2944014",
        "indicator": "THE",
        "type": "QUANTITY-ABSTR",
        "word": null,
        "roles": {
          "FIGURE": "#V2942250"
        },
        "start": 22,
        "end": 50
      },
      "V2942250": {
        "id": "V2942250",
        "indicator": "A",
        "type": "INTERSECT",
        "word": "MEET",
        "roles": {
          "QUAN": "ANY",
          "LOCATION": "#V2942268",
          "LEX": "MEETING",
          "WNSENSE": "cross%2:38:03"
        },
        "start": 22,
        "end": 50
      },
      "V2942268": {
        "id": "V2942268",
        "indicator": "F",
        "type": "IN-LOC",
        "word": "IN",
        "roles": {
          "GROUND": "#V2942382",
          "FIGURE": "#V2942250",
          "LEX": "IN"
        },
        "start": 34,
        "end": 50
      },
      "V2942382": {
        "id": "V2942382",
        "indicator": "A",
        "type": "INTERNAL-ENCLOSURE",
        "word": "HOTEL-ROOM",
        "roles": {
          "LEX": "HOTEL-ROOM",
          "WNSENSE": "hotel_room%1:06:00"
        },
        "start": 37,
        "end": 50
      },
      "V2943203": {
        "id": "V2943203",
        "indicator": "F",
        "type": "MEMBERSHIP",
        "word": null,
        "roles": {
          "FIGURE": "#V2944014",
          "GROUND": "#V2942426",
          "LEX": "BUSINESS"
        },
        "start": 53,
        "end": 77
      },
      "V2942426": {
        "id": "V2942426",
        "indicator": "THE-SET",
        "type": "ENTERPRISE",
        "word": "BUSINESS",
        "roles": {
          "MOD": "#V2942423"
        },
        "start": 53,
        "end": 77
      },
      "V2942423": {
        "id": "V2942423",
        "indicator": "F",
        "type": "VALID-VAL",
        "word": "LEGITIMATE",
        "roles": {
          "ORIENTATION": "POS",
          "FIGURE": "#V2942426",
          "SCALE": "VALIDITY-SCALE",
          "MOD": "#V2942417",
          "LEX": "LEGITIMATE",
          "WNSENSE": "legitimate%5:00:00:valid:00"
        },
        "start": 53,
        "end": 68
      },
      "V2942417": {
        "id": "V2942417",
        "indicator": "F",
        "type": "NEG",
        "word": "NOT",
        "roles": {
          "FIGURE": "#V2942423",
          "LEX": "NOT",
          "WNSENSE": "not%4:02:00::"
        },
        "start": 53,
        "end": 57
      },
      "root": "#V2944047"
    },
    {
      "V2943064": {
        "id": "V2943064",
        "indicator": "SPEECHACT",
        "type": "SA_YN-QUESTION",
        "word": null,
        "roles": {
          "CONTENT": "#V2942183",
          "LEX": "CAN"
        },
        "start": 0,
        "end": 7
      },
      "V2942183": {
        "id": "V2942183",
        "indicator": "F",
        "type": "ELLIPSIS",
        "word": null,
        "roles": {
          "NEUTRAL": "#V2942196",
          "TENSE": "PRES",
          "MODALITY": "(:* ABILITY CAN)",
          "LEX": "CAN"
        },
        "start": 0,
        "end": 7
      },
      "V2942196": {
        "id": "V2942196",
        "indicator": "PRO-SET",
        "type": "PERSON",
        "word": "WE",
        "roles": {
          "PROFORM": "WE",
          "LEX": "WE",
          "WNSENSE": "person%1:03:00"
        },
        "start": 4,
        "end": 7
      },
      "root": "#V2943064"
    },
    {
      "V2944044": {
        "id": "V2944044",
        "indicator": "SPEECHACT",
        "type": "SA_TELL",
        "word": null,
        "roles": {
          "PUNCTYPE": "YNQ",
          "CONTENT": "#V2942219",
          "LEX": "AGREE"
        },
        "start": 7,
        "end": 78
      },
      "V2942219": {
        "id": "V2942219",
        "indicator": "F",
        "type": "ACCEPT-AGREE",
        "word": "AGREE",
        "roles": {
          "AGENT": "#V2942449",
          "FORMAL": "#V2942390",
          "TENSE": "PRES",
          "LEX": "AGREE",
          "WNSENSE": "agree%2:32:00::"
        },
        "start": 7,
        "end": 77
      },
      "V2942449": {
        "id": "V2942449",
        "indicator": "INDEF-SET",
        "type": "REFERENTIAL-SEM",
        "word": null,
        "roles": {
          "SIZE": "UNIVERSAL",
          "LEX": "ALL"
        },
        "start": 7,
        "end": 11
      },
      "V2942390": {
        "id": "V2942390",
        "indicator": "F",
        "type": "HAVE-PROPERTY",
        "word": "BE",
        "roles": {
          "NEUTRAL": "#V2944014",
          "FORMAL": "#V2943203",
          "PROP": "+",
          "TENSE": "PRES",
          "LEX": "IS",
          "WNSENSE": "be%2:42:03::"
        },
        "start": 17,
        "end": 77
      },
      "V2944014": {
        "id": "V2944014",
        "indicator": "THE",
        "type": "QUANTITY-ABSTR",
        "word": null,
        "roles": {
          "FIGURE": "#V2942250"
        },
        "start": 22,
        "end": 50
      },
      "V2942250": {
        "id": "V2942250",
        "indicator": "A",
        "type": "INTERSECT",
        "word": "MEET",
        "roles": {
          "QUAN": "ANY",
          "LOCATION": "#V2942268",
          "LEX": "MEETING",
          "WNSENSE": "cross%2:38:03"
        },
        "start": 22,
        "end": 50
      },
      "V2942268": {
        "id": "V2942268",
        "indicator": "F",
        "type": "IN-LOC",
        "word": "IN",
        "roles": {
          "GROUND": "#V2942382",
          "FIGURE": "#V2942250",
          "LEX": "IN"
        },
        "start": 34,
        "end": 50
      },
      "V2942382": {
        "id": "V2942382",
        "indicator": "A",
        "type": "INTERNAL-ENCLOSURE",
        "word": "HOTEL-ROOM",
        "roles": {
          "LEX": "HOTEL-ROOM",
          "WNSENSE": "hotel_room%1:06:00"
        },
        "start": 37,
        "end": 50
      },
      "V2943203": {
        "id": "V2943203",
        "indicator": "F",
        "type": "MEMBERSHIP",
        "word": null,
        "roles": {
          "FIGURE": "#V2944014",
          "GROUND": "#V2942426",
          "LEX": "BUSINESS"
        },
        "start": 53,
        "end": 77
      },
      "V2942426": {
        "id": "V2942426",
        "indicator": "THE-SET",
        "type": "ENTERPRISE",
        "word": "BUSINESS",
        "roles": {
          "MOD": "#V2942423"
        },
        "start": 53,
        "end": 77
      },
      "V2942423": {
        "id": "V2942423",
        "indicator": "F",
        "type": "VALID-VAL",
        "word": "LEGITIMATE",
        "roles": {
          "ORIENTATION": "POS",
          "FIGURE": "#V2942426",
          "SCALE": "VALIDITY-SCALE",
          "MOD": "#V2942417",
          "LEX": "LEGITIMATE",
          "WNSENSE": "legitimate%5:00:00:valid:00"
        },
        "start": 53,
        "end": 68
      },
      "V2942417": {
        "id": "V2942417",
        "indicator": "F",
        "type": "NEG",
        "word": "NOT",
        "roles": {
          "FIGURE": "#V2942423",
          "LEX": "NOT",
          "WNSENSE": "not%4:02:00::"
        },
        "start": 53,
        "end": 57
      },
      "root": "#V2944044"
    }
  ],
  "inputtags": [],
  "debug": [
    "*last-utt-id*=NIL  utt-id+488",
    "*last-utt-id*=488  utt-id+488",
    "*last-utt-id*=488  utt-id+NIL"
  ]
}
