{
  "parse": [
    {
      "V2480208": {
        "id": "V2480208",
        "indicator": "SPEECHACT",
        "type": "SA_YN-QUESTION",
        "word": null,
        "roles": {
          "CONTENT": "#V2476589",
          "LEX": "IS"
        },
        "start": 0,
        "end": 116
      },
      "V2476589": {
        "id": "V2476589",
        "indicator": "F",
        "type": "BE",
        "word": "BE",
        "roles": {
          "REASON": "#V2476617",
          "NEUTRAL": "#V2477006",
          "NEUTRAL1": "#V2476609",
          "TENSE": "PRES",
          "LEX": "IS",
          "WNSENSE": "be%2:42:06::"
        },
        "start": 0,
        "end": 116
      },
      "V2477006": {
        "id": "V2477006",
        "indicator": "THE",
        "type": "REFERENTIAL-SEM",
        "word": null,
        "roles": {
          "MOD": "#V2476605",
          "LEX": "AN"
        },
        "start": 3,
        "end": 16
      },
      "V2476605": {
        "id": "V2476605",
        "indicator": "F",
        "type": "PRIMARY",
        "word": "IMPORTANT",
        "roles": {
          "FIGURE": "#V2477006",
          "SCALE": "IMPORTANT-SCALE",
          "LEX": "IMPORTANT",
          "WNSENSE": "important%3:00:00::"
        },
        "start": 6,
        "end": 16
      },
      "V2476609": {
        "id": "V2476609",
        "indicator": "BARE",
        "type": "TIME-POINT",
        "word": "MOMENT",
        "roles": {
          "SCALE": "TIME-LOC-SCALE",
          "LEX": "MOMENT",
          "WNSENSE": "moment%1:28:00::"
        },
        "start": 16,
        "end": 23
      },
      "V2476617": {
        "id": "V2476617",
        "indicator": "F",
        "type": "PURPOSE",
        "word": "FOR",
        "roles": {
          "NOROLE": "#V2476640",
          "FIGURE": "#V2476589",
          "GROUND": "#V2476680",
          "LEX": "FOR"
        },
        "start": 23,
        "end": 116
      },
      "V2476640": {
        "id": "V2476640",
        "indicator": "PRO-SET",
        "type": "PERSON",
        "word": "US",
        "roles": {
          "PROFORM": "US",
          "LEX": "US",
          "WNSENSE": "person%1:03:00",
          "COREF": "US"
        },
        "start": 27,
        "end": 30
      },
      "V2476680": {
        "id": "V2476680",
        "indicator": "F",
        "type": "ACTIVE-PERCEPTION",
        "word": "LISTEN",
        "roles": {
          "AGENT": "#V2476640",
          "NEUTRAL": "#V2476711",
          "MOD": "#V2476669",
          "VFORM": "BASE",
          "LEX": "LISTEN",
          "WNSENSE": "look%2:39:00"
        },
        "start": 30,
        "end": 116
      },
      "V2476669": {
        "id": "V2476669",
        "indicator": "F",
        "type": "DEGREE-OF-BELIEF",
        "word": "REALLY",
        "roles": {
          "FIGURE": "#V2476680",
          "LEX": "REALLY",
          "WNSENSE": "really%4:02:03::"
        },
        "start": 33,
        "end": 40
      },
      "V2476711": {
        "id": "V2476711",
        "indicator": "PRO",
        "type": "REFERENTIAL-SEM",
        "word": "SOMETHING",
        "roles": {
          "SUCHTHAT": "#V2476759",
          "PROFORM": "SOMETHING",
          "LEX": "SOMETHING"
        },
        "start": 47,
        "end": 116
      },
      "V2476759": {
        "id": "V2476759",
        "indicator": "F",
        "type": "TELL",
        "word": "TELL",
        "roles": {
          "MOD1": "#V2476737",
          "TIME": "#V2476740",
          "AGENT": "#V2476714",
          "AGENT1": "#V2476711",
          "NEUTRAL": "#V2476770",
          "EXTENT": "#V2476780",
          "TENSE": "PRES",
          "PERF": "+",
          "PROGR": "+",
          "LEX": "TELLING",
          "WNSENSE": "tell%2:32:04::"
        },
        "start": 60,
        "end": 116
      },
      "V2476714": {
        "id": "V2476714",
        "indicator": "INDEF-SET",
        "type": "FEMALE-PERSON",
        "word": "WOMAN",
        "roles": {
          "LEX": "WOMEN",
          "WNSENSE": "woman%1:18:00::"
        },
        "start": 60,
        "end": 66
      },
      "V2476737": {
        "id": "V2476737",
        "indicator": "F",
        "type": "UNLUCKY",
        "word": "UNFORTUNATELY",
        "roles": {
          "FIGURE": "#V2476759",
          "SCALE": "LUCKINESS-SCALE",
          "ORIENTATION": "NEG",
          "LEX": "UNFORTUNATELY",
          "WNSENSE": "unlucky%3:00:00::"
        },
        "start": 71,
        "end": 85
      },
      "V2476740": {
        "id": "V2476740",
        "indicator": "F",
        "type": "IN-PAST",
        "word": "ALREADY",
        "roles": {
          "FIGURE": "#V2476759",
          "LEX": "ALREADY",
          "WNSENSE": "already%4:02:00::"
        },
        "start": 85,
        "end": 93
      },
      "V2476770": {
        "id": "V2476770",
        "indicator": "PRO-SET",
        "type": "PERSON",
        "word": "US",
        "roles": {
          "PROFORM": "US",
          "LEX": "US",
          "WNSENSE": "person%1:03:00",
          "COREF": "US"
        },
        "start": 106,
        "end": 109
      },
      "V2476780": {
        "id": "V2476780",
        "indicator": "F",
        "type": "TIME-DURATION-REL",
        "word": "FOR",
        "roles": {
          "GROUND": "#V2476803",
          "FIGURE": "#V2476759",
          "LEX": "FOR"
        },
        "start": 109,
        "end": 116
      },
      "V2476803": {
        "id": "V2476803",
        "indicator": "INDEF-SET",
        "type": "AGE-SCALE",
        "word": "AGE",
        "roles": {
          "SCALE": "TIME-MEASURE-SCALE",
          "LEX": "AGES",
          "WNSENSE": "age%1:07:00::"
        },
        "start": 113,
        "end": 116
      },
      "root": "#V2480208"
    }
  ],
  "inputtags": [],
  "debug": [
    "*last-utt-id*=NIL  utt-id+429",
    "*last-utt-id*=429  utt-id+NIL"
  ]
}
