{
  "parse": [
    {
      "V818822": {
        "id": "V818822",
        "indicator": "F",
        "type": "PURSUE",
        "word": "CHASE",
        "roles": {
          "MOD": "#V818927",
          "AGENT": "#V818701",
          "AFFECTED": "#V819181",
          "TIME": "#V819213",
          "TENSE": "PRES",
          "LEX": "CHASES",
          "WNSENSE": "chase%2:38:00::"
        },
        "start": 0,
        "end": 61
      },
      "V818701": {
        "id": "V818701",
        "indicator": "BARE",
        "type": "NONHUMAN-ANIMAL",
        "word": "CAT",
        "roles": {
          "LOCATION": "#V818711",
          "LEX": "CAT",
          "WNSENSE": "cat%1:05:00::"
        },
        "start": 0,
        "end": 23
      },
      "V818711": {
        "id": "V818711",
        "indicator": "F",
        "type": "IN-LOC",
        "word": "IN",
        "roles": {
          "GROUND": "#V819093",
          "FIGURE": "#V818701",
          "LEX": "IN"
        },
        "start": 4,
        "end": 23
      },
      "V819093": {
        "id": "V819093",
        "indicator": "THE",
        "type": "QUANTITY-ABSTR",
        "word": null,
        "roles": {
          "FIGURE": "#V818815"
        },
        "start": 7,
        "end": 23
      },
      "V818815": {
        "id": "V818815",
        "indicator": "A",
        "type": "ATTIRE",
        "word": "COSTUME",
        "roles": {
          "ASSOC-WITH": "#V818809",
          "LEX": "COSTUME",
          "WNSENSE": "costume%1:06:00::"
        },
        "start": 7,
        "end": 23
      },
      "V818809": {
        "id": "V818809",
        "indicator": "KIND",
        "type": "SALTWATER-FISH",
        "word": "SHARK",
        "roles": {
          "LEX": "SHARK",
          "WNSENSE": "saltwater_fish%1:13:00"
        },
        "start": 7,
        "end": 23
      },
      "V819181": {
        "id": "V819181",
        "indicator": "THE",
        "type": "QUANTITY-ABSTR",
        "word": null,
        "roles": {
          "FIGURE": "#V818871"
        },
        "start": 30,
        "end": 43
      },
      "V818871": {
        "id": "V818871",
        "indicator": "A",
        "type": "TIME-INTERVAL",
        "word": "WHILE",
        "roles": {
          "ASSOC-WITH": "#V818865",
          "LEX": "WHILE",
          "WNSENSE": "while%1:28:00::"
        },
        "start": 30,
        "end": 43
      },
      "V818865": {
        "id": "V818865",
        "indicator": "KIND",
        "type": "DUCK",
        "word": "DUCK",
        "roles": {
          "LEX": "DUCK",
          "WNSENSE": "duck%1:13:00::"
        },
        "start": 30,
        "end": 43
      },
      "V819213": {
        "id": "V819213",
        "indicator": "F",
        "type": "IMPLICIT-OVERLAP",
        "word": null,
        "roles": {
          "FIGURE": "#V818822",
          "GROUND": "#V818878",
          "LEX": "RIDING"
        },
        "start": 43,
        "end": 59
      },
      "V818878": {
        "id": "V818878",
        "indicator": "F",
        "type": "RIDE",
        "word": "RIDE",
        "roles": {
          "AFFECTED": "#V818924",
          "VFORM": "ING",
          "LEX": "RIDING",
          "WNSENSE": "ride%2:38:01::"
        },
        "start": 43,
        "end": 59
      },
      "V818924": {
        "id": "V818924",
        "indicator": "A",
        "type": "REFERENTIAL-SEM",
        "word": "ROOMBA",
        "roles": {
          "LEX": "ROOMBA",
          "WNSENSE": "entity%1:03:00"
        },
        "start": 50,
        "end": 59
      },
      "V818927": {
        "id": "V818927",
        "indicator": "F",
        "type": "OBJ-IN-PATH",
        "word": "VIA",
        "roles": {
          "FIGURE": "#V818822",
          "LEX": "VIA"
        },
        "start": 59,
        "end": 61
      },
      "root": "#V818822"
    }
  ],
  "inputtags": [],
  "debug": [
    "*last-utt-id*=NIL  utt-id+129",
    "*last-utt-id*=129  utt-id+NIL"
  ]
}
