{
  "parse": [
    {
      "V2649332": {
        "id": "V2649332",
        "indicator": "SPEECHACT",
        "type": "SA_YN-QUESTION",
        "word": null,
        "roles": {
          "PUNCTYPE": "YNQ",
          "CONTENT": "#V2648927",
          "LEX": "ASKING-FOR"
        },
        "start": 0,
        "end": 20
      },
      "V2648927": {
        "id": "V2648927",
        "indicator": "F",
        "type": "PROVOKE",
        "word": "ASKING-FOR",
        "roles": {
          "AGENT": "#V2648843",
          "AFFECTED": "#V2648941",
          "TENSE": "PAST",
          "PROGR": "+",
          "LEX": "ASKING-FOR",
          "WNSENSE": "ask_for%2:37:00"
        },
        "start": 0,
        "end": 20
      },
      "V2648843": {
        "id": "V2648843",
        "indicator": "PRO",
        "type": "PERSON",
        "word": "I",
        "roles": {
          "PROFORM": "I",
          "LEX": "I",
          "WNSENSE": "person%1:03:00",
          "COREF": "USER"
        },
        "start": 4,
        "end": 6
      },
      "V2648941": {
        "id": "V2648941",
        "indicator": "PRO",
        "type": "REFERENTIAL-SEM",
        "word": "IT",
        "roles": {
          "PROFORM": "IT",
          "LEX": "IT",
          "WNSENSE": "entity%1:03:00"
        },
        "start": 17,
        "end": 20
      },
      "root": "#V2649332"
    }
  ],
  "inputtags": [],
  "debug": [
    "*last-utt-id*=NIL  utt-id+518",
    "*last-utt-id*=518  utt-id+NIL"
  ]
}
