{
  "parse": [
    {
      "V657697": {
        "id": "V657697",
        "indicator": "SPEECHACT",
        "type": "SA_TELL",
        "word": null,
        "roles": {
          "PUNCTYPE": "DECL",
          "CONTENT": "#V653698",
          "LEX": "RAPED"
        },
        "start": 0,
        "end": 39
      },
      "V653698": {
        "id": "V653698",
        "indicator": "F",
        "type": "TOUCH",
        "word": "RAPED",
        "roles": {
          "AGENT": "#V653689",
          "AFFECTED": "#V653897",
          "TENSE": "PAST",
          "LEX": "RAPED",
          "WNSENSE": "touch%2:35:00"
        },
        "start": 0,
        "end": 39
      },
      "V653689": {
        "id": "V653689",
        "indicator": "BARE",
        "type": "ORGANIZATION",
        "word": "GANG",
        "roles": {
          "ASSOC-WITH": "#V653681",
          "MOD": "#V653950",
          "LEX": "GANG",
          "WNSENSE": "gang%1:14:01::"
        },
        "start": 0,
        "end": 24
      },
      "V653681": {
        "id": "V653681",
        "indicator": "KIND",
        "type": "ORGANISM",
        "word": "BEING",
        "roles": {
          "LEX": "BEING",
          "WNSENSE": "being%1:03:00::"
        },
        "start": 0,
        "end": 24
      },
      "V653950": {
        "id": "V653950",
        "indicator": "F",
        "type": "STATE-RESULTING-FROM",
        "word": null,
        "roles": {
          "FIGURE": "#V653689",
          "GROUND": "#V653612",
          "LEX": "ESCAPED"
        },
        "start": 0,
        "end": 13
      },
      "V653612": {
        "id": "V653612",
        "indicator": "F",
        "type": "DEPART",
        "word": "ESCAPE",
        "roles": {
          "SOURCE": "#V653689",
          "WNSENSE": "escape%2:38:00::"
        },
        "start": 0,
        "end": 13
      },
      "V653897": {
        "id": "V653897",
        "indicator": "A",
        "type": "REFERENTIAL-SEM",
        "word": null,
        "roles": {
          "SIZE": "#V653718",
          "LEX": "TIMES"
        },
        "start": 31,
        "end": 39
      },
      "V653718": {
        "id": "V653718",
        "indicator": "A",
        "type": "QUANTITY-ABSTR",
        "word": null,
        "roles": {
          "SCALE": "DOMAIN",
          "UNIT": "(:* MULTIPLE TIME)",
          "AMOUNT": "#V653712",
          "LEX": "TIMES",
          "WNSENSE": "multiple%1:09:00"
        },
        "start": 31,
        "end": 39
      },
      "V653712": {
        "id": "V653712",
        "indicator": "A",
        "type": "NUMBER",
        "word": null,
        "roles": {
          "VALUE": "3"
        },
        "start": 31,
        "end": 39
      },
      "root": "#V657697"
    }
  ],
  "inputtags": [],
  "debug": [
    "*last-utt-id*=NIL  utt-id+115",
    "*last-utt-id*=115  utt-id+NIL"
  ]
}
