{
  "parse": [
    {
      "V2833356": {
        "id": "V2833356",
        "indicator": "SA-SEQ",
        "type": "SPEECH-ACT",
        "word": null,
        "roles": {
          "PUNCTYPE": "DECL",
          "ACT": "#V2832647",
          "OPERATORS": "(AND)",
          "LEX": "NO"
        },
        "start": 0,
        "end": 38
      },
      "V2833094": {
        "id": "V2833094",
        "indicator": "SA-SEQ",
        "type": "SPEECH-ACT",
        "word": null,
        "roles": {
          "ACT": "#V2832689",
          "ACT1": "#V2832408",
          "LEX": "NO"
        },
        "start": 0,
        "end": 19
      },
      "V2832689": {
        "id": "V2832689",
        "indicator": "SPEECHACT",
        "type": "SA_TELL",
        "word": null,
        "roles": {
          "CONTENT": "#V2832182",
          "LEX": "SHOOK"
        },
        "start": 0,
        "end": 16
      },
      "V2832182": {
        "id": "V2832182",
        "indicator": "F",
        "type": "EVOKE-EXCITEMENT",
        "word": "SHAKE",
        "roles": {
          "AGENT": "#V2832168",
          "AFFECTED": "#V2832193",
          "TENSE": "PAST",
          "LEX": "SHOOK",
          "WNSENSE": "shake%2:37:00::"
        },
        "start": 0,
        "end": 16
      },
      "V2832168": {
        "id": "V2832168",
        "indicator": "PRO",
        "type": "PERSON",
        "word": "I",
        "roles": {
          "PROFORM": "I",
          "LEX": "I",
          "WNSENSE": "person%1:03:00"
        },
        "start": 0,
        "end": 2
      },
      "V2832193": {
        "id": "V2832193",
        "indicator": "THE",
        "type": "EXTERNAL-BODY-PART",
        "word": "HEAD",
        "roles": {
          "ASSOC-POSS": "#V2832187",
          "LEX": "HEAD",
          "WNSENSE": "head%1:17:01::"
        },
        "start": 8,
        "end": 16
      },
      "V2832187": {
        "id": "V2832187",
        "indicator": "PRO",
        "type": "PERSON",
        "word": "MY",
        "roles": {
          "LEX": "MY",
          "PROFORM": "MY",
          "WNSENSE": "person%1:03:00"
        },
        "start": 8,
        "end": 16
      },
      "V2832408": {
        "id": "V2832408",
        "indicator": "SPEECHACT",
        "type": "SA_RESPONSE",
        "word": null,
        "roles": {
          "CONTENT": "NEG",
          "LEX": "NO"
        },
        "start": 16,
        "end": 19
      },
      "V2832647": {
        "id": "V2832647",
        "indicator": "SPEECHACT",
        "type": "SA_TELL",
        "word": null,
        "roles": {
          "CONTENT": "#V2832244",
          "LEX": "STARTED"
        },
        "start": 23,
        "end": 38
      },
      "V2832244": {
        "id": "V2832244",
        "indicator": "F",
        "type": "START",
        "word": "START",
        "roles": {
          "AGENT": "#V2832648",
          "FORMAL": "#V2832262",
          "TENSE": "PAST",
          "LEX": "STARTED",
          "WNSENSE": "start%1:11:00::"
        },
        "start": 23,
        "end": 38
      },
      "V2832648": {
        "id": "V2832648",
        "indicator": "IMPRO",
        "type": "REFERENTIAL-SEM",
        "word": null,
        "roles": {
          "PROFORM": "SUBJ"
        },
        "start": 23,
        "end": 38
      },
      "V2832262": {
        "id": "V2832262",
        "indicator": "F",
        "type": "SOUND-EXPRESSION",
        "word": "CRY",
        "roles": {
          "AGENT": "#V2832648",
          "VFORM": "ING",
          "LEX": "CRYING",
          "WNSENSE": "cry%2:29:00::"
        },
        "start": 31,
        "end": 38
      },
      "root": "#V2833356"
    }
  ],
  "inputtags": [],
  "debug": [
    "*last-utt-id*=NIL  utt-id+513",
    "*last-utt-id*=513  utt-id+NIL"
  ]
}
