{
  "parse": [
    {
      "V2568657": {
        "id": "V2568657",
        "indicator": "SPEECHACT",
        "type": "SA_TELL",
        "word": null,
        "roles": {
          "PUNCTYPE": "DECL",
          "CONTENT": "#V2567972",
          "LEX": "AND"
        },
        "start": 0,
        "end": 91
      },
      "V2567972": {
        "id": "V2567972",
        "indicator": "F",
        "type": "EVENT-OF-CAUSATION",
        "word": null,
        "roles": {
          "OPERATOR": "AND",
          "SEQUENCE": "#V2567008",
          "SEQUENCE1": "#V2567118",
          "TENSE": "PAST",
          "LEX": "AND"
        },
        "start": 0,
        "end": 91
      },
      "V2567118": {
        "id": "V2567118",
        "indicator": "F",
        "type": "ACQUIRE",
        "word": "GRAB",
        "roles": {
          "AGENT": "#V2566971",
          "AFFECTED": "#V2567121",
          "RESULT": "#V2567130",
          "LEX": "GRABBED",
          "WNSENSE": "grab%2:40:00::"
        },
        "start": 0,
        "end": 91
      },
      "V2567008": {
        "id": "V2567008",
        "indicator": "F",
        "type": "PUT",
        "word": "PUT",
        "roles": {
          "AGENT": "#V2566971",
          "AFFECTED": "#V2567042",
          "RESULT": "#V2567077",
          "LEX": "PUT",
          "WNSENSE": "put%2:35:00::"
        },
        "start": 0,
        "end": 91
      },
      "V2566971": {
        "id": "V2566971",
        "indicator": "A",
        "type": "MALE-CHILD",
        "word": "BOY",
        "roles": {
          "MOD": "#V2566976",
          "LEX": "BOY",
          "WNSENSE": "boy%1:18:00::"
        },
        "start": 0,
        "end": 18
      },
      "V2566976": {
        "id": "V2566976",
        "indicator": "F",
        "type": "NAMING",
        "word": "NAME",
        "roles": {
          "NEUTRAL": "#V2566971",
          "FORMAL": "#V2567363",
          "VFORM": "PASSIVE",
          "LEX": "NAMED",
          "WNSENSE": "name%2:32:03::"
        },
        "start": 6,
        "end": 18
      },
      "V2567363": {
        "id": "V2567363",
        "indicator": "THE",
        "type": "QUANTITY-ABSTR",
        "word": null,
        "roles": {
          "FIGURE": "#V2566985"
        },
        "start": 12,
        "end": 18
      },
      "V2566985": {
        "id": "V2566985",
        "indicator": "THE",
        "type": "PERSON",
        "word": "KENNY",
        "roles": {
          "NAME-OF": "KENNY",
          "LEX": "KENNY",
          "WNSENSE": "person%1:03:00"
        },
        "start": 12,
        "end": 18
      },
      "V2567042": {
        "id": "V2567042",
        "indicator": "THE",
        "type": "EXTERNAL-BODY-PART",
        "word": "HAND",
        "roles": {
          "ASSOC-POSS": "#V2567034",
          "LEX": "HAND",
          "WNSENSE": "hand%1:08:00::"
        },
        "start": 22,
        "end": 31
      },
      "V2567034": {
        "id": "V2567034",
        "indicator": "PRO",
        "type": "MALE-PERSON",
        "word": "HIS",
        "roles": {
          "LEX": "HIS",
          "PROFORM": "HIS",
          "WNSENSE": "man%1:18:00",
          "COREF": "#V2566971"
        },
        "start": 22,
        "end": 31
      },
      "V2567077": {
        "id": "V2567077",
        "indicator": "F",
        "type": "DIRECTION-UP-GROUND",
        "word": "UP",
        "roles": {
          "GROUND": "#V2567099",
          "FIGURE": "#V2567042",
          "LEX": "UP"
        },
        "start": 31,
        "end": 43
      },
      "V2567099": {
        "id": "V2567099",
        "indicator": "THE",
        "type": "ATTIRE",
        "word": "SKIRT",
        "roles": {
          "ASSOC-POSS": "#V2567093",
          "LEX": "SKIRT",
          "WNSENSE": "skirt%1:06:00::"
        },
        "start": 34,
        "end": 43
      },
      "V2567093": {
        "id": "V2567093",
        "indicator": "PRO",
        "type": "PERSON",
        "word": "MY",
        "roles": {
          "LEX": "MY",
          "PROFORM": "MY",
          "WNSENSE": "person%1:03:00",
          "COREF": "USER"
        },
        "start": 34,
        "end": 43
      },
      "V2567121": {
        "id": "V2567121",
        "indicator": "PRO",
        "type": "PERSON",
        "word": "ME",
        "roles": {
          "PROFORM": "ME",
          "LEX": "ME",
          "WNSENSE": "person%1:03:00",
          "COREF": "USER"
        },
        "start": 55,
        "end": 58
      },
      "V2567130": {
        "id": "V2567130",
        "indicator": "F",
        "type": "ON",
        "word": "ON",
        "roles": {
          "GROUND": "#V2568645",
          "FIGURE": "#V2567118",
          "LEX": "ON"
        },
        "start": 58,
        "end": 91
      },
      "V2568645": {
        "id": "V2568645",
        "indicator": "THE",
        "type": "QUANTITY-ABSTR",
        "word": null,
        "roles": {
          "FIGURE": "#V2567161"
        },
        "start": 61,
        "end": 91
      },
      "V2567161": {
        "id": "V2567161",
        "indicator": "THE",
        "type": "GARDEN-GROUNDS",
        "word": "PLAYGROUND",
        "roles": {
          "MOD": "#V2567167",
          "LEX": "PLAYGROUND",
          "WNSENSE": "playground%1:06:00::"
        },
        "start": 61,
        "end": 91
      },
      "V2567167": {
        "id": "V2567167",
        "indicator": "F",
        "type": "SITUATED-IN",
        "word": "IN",
        "roles": {
          "GROUND": "#V2567241",
          "FIGURE": "#V2567161",
          "LEX": "IN"
        },
        "start": 76,
        "end": 91
      },
      "V2567241": {
        "id": "V2567241",
        "indicator": "BARE",
        "type": "GATHERING-EVENT",
        "word": "GRADE",
        "roles": {
          "ASSOC-WITH": "#V2567236",
          "LEX": "GRADE",
          "WNSENSE": "grade%1:14:00::"
        },
        "start": 80,
        "end": 91
      },
      "V2567236": {
        "id": "V2567236",
        "indicator": "THE",
        "type": "LOCATION-ID",
        "word": "3-RD",
        "roles": {
          "NAME-OF": "3-RD",
          "LEX": "3-RD",
          "WNSENSE": "address%1:15:00"
        },
        "start": 80,
        "end": 85
      },
      "root": "#V2568657"
    }
  ],
  "inputtags": [],
  "debug": [
    "*last-utt-id*=NIL  utt-id+413",
    "*last-utt-id*=413  utt-id+NIL"
  ]
}
