{
  "parse": [
    {
      "V489577": {
        "id": "V489577",
        "indicator": "SPEECHACT",
        "type": "SA_WH-QUESTION",
        "word": null,
        "roles": {
          "PUNCTYPE": "DECL",
          "CONTENT": "#V488609",
          "FOCUS": "#V488600",
          "LEX": "IS"
        },
        "start": 0,
        "end": 57
      },
      "V488609": {
        "id": "V488609",
        "indicator": "F",
        "type": "BE",
        "word": "BE",
        "roles": {
          "TIME": "#V488471",
          "NEUTRAL": "#V488622",
          "NEUTRAL1": "#V488600",
          "LOCATION": "#V488546",
          "LEX": "IS"
        },
        "start": 0,
        "end": 57
      },
      "V488471": {
        "id": "V488471",
        "indicator": "F",
        "type": "WHEN-WHILE",
        "word": "WHEN",
        "roles": {
          "GROUND": "#V488527",
          "FIGURE": "#V488609",
          "LEX": "WHEN"
        },
        "start": 0,
        "end": 27
      },
      "V488527": {
        "id": "V488527",
        "indicator": "F",
        "type": "HAVE-PROPERTY",
        "word": "BE",
        "roles": {
          "NEUTRAL": "#V488484",
          "FORMAL": "#V488540",
          "TENSE": "PRES",
          "NEGATION": "+",
          "MODALITY": "(:* ABILITY CAN)",
          "LEX": "BE",
          "WNSENSE": "be%2:42:03::"
        },
        "start": 5,
        "end": 27
      },
      "V488484": {
        "id": "V488484",
        "indicator": "INDEF-SET",
        "type": "FEMALE-PERSON",
        "word": "WOMAN",
        "roles": {
          "LEX": "WOMEN",
          "WNSENSE": "woman%1:18:00::"
        },
        "start": 5,
        "end": 11
      },
      "V488540": {
        "id": "V488540",
        "indicator": "F",
        "type": "SINGULARITY-VAL",
        "word": "ALONE",
        "roles": {
          "FIGURE": "#V488484",
          "SCALE": "DOMAIN",
          "LEX": "ALONE",
          "WNSENSE": "alone%5:00:00:incomparable:00"
        },
        "start": 21,
        "end": 27
      },
      "V488546": {
        "id": "V488546",
        "indicator": "F",
        "type": "AROUND",
        "word": "AROUND",
        "roles": {
          "GROUND": "#V488755",
          "FIGURE": "#V488609",
          "LEX": "AROUND",
          "WNSENSE": "around%4:02:05::"
        },
        "start": 27,
        "end": 45
      },
      "V488755": {
        "id": "V488755",
        "indicator": "THE",
        "type": "REFERENTIAL-SEM",
        "word": null,
        "roles": {
          "MOD": "#V488596",
          "LEX": "A"
        },
        "start": 34,
        "end": 45
      },
      "V488596": {
        "id": "V488596",
        "indicator": "F",
        "type": "MORE-VAL",
        "word": "STRANGE",
        "roles": {
          "ORIENTATION": "LESS",
          "INTENSITY": "MED",
          "FIGURE": "#V488755",
          "SCALE": "NOT-TYPICAL-SCALE",
          "LEX": "STRANGER",
          "WNSENSE": "better%3:00:00::"
        },
        "start": 36,
        "end": 45
      },
      "V488600": {
        "id": "V488600",
        "indicator": "WH-TERM-SET",
        "type": "PERSON",
        "word": "WHO",
        "roles": {
          "PROFORM": "WHO",
          "LEX": "WHO",
          "WNSENSE": "person%1:03:00"
        },
        "start": 45,
        "end": 49
      },
      "V488622": {
        "id": "V488622",
        "indicator": "BARE",
        "type": "MALE-PERSON",
        "word": "MALE",
        "roles": {
          "LEX": "MALE",
          "WNSENSE": "male%1:05:00::"
        },
        "start": 52,
        "end": 57
      },
      "root": "#V489577"
    }
  ],
  "inputtags": [],
  "debug": [
    "*last-utt-id*=NIL  utt-id+77",
    "*last-utt-id*=77  utt-id+NIL"
  ]
}
