{
  "parse": [
    {
      "V118780": {
        "id": "V118780",
        "indicator": "SPEECHACT",
        "type": "SA_TELL",
        "word": null,
        "roles": {
          "CONTENT": "#V112889",
          "LEX": "PINCH"
        },
        "start": 0,
        "end": 96
      },
      "V112889": {
        "id": "V112889",
        "indicator": "F",
        "type": "BODY-MANIPULATION",
        "word": "PINCH",
        "roles": {
          "AGENT": "#V112877",
          "AFFECTED": "#V112899",
          "CONDITION": "#V112530",
          "TENSE": "PAST",
          "MODALITY": "(:* CONDITIONAL WOULD)",
          "LEX": "PINCH"
        },
        "start": 0,
        "end": 96
      },
      "V112530": {
        "id": "V112530",
        "indicator": "F",
        "type": "POS-CONDITION",
        "word": "IF",
        "roles": {
          "GROUND": "#V112564",
          "FIGURE": "#V112889",
          "LEX": "IF"
        },
        "start": 0,
        "end": 69
      },
      "V112564": {
        "id": "V112564",
        "indicator": "F",
        "type": "WANT",
        "word": "WANT",
        "roles": {
          "EXPERIENCER": "#V112549",
          "FORMAL": "#V112608",
          "TENSE": "PAST",
          "LEX": "WANTED",
          "WNSENSE": "want%2:37:00::"
        },
        "start": 3,
        "end": 69
      },
      "V112549": {
        "id": "V112549",
        "indicator": "PRO",
        "type": "PERSON",
        "word": "I",
        "roles": {
          "PROFORM": "I",
          "LEX": "I",
          "WNSENSE": "person%1:03:00",
          "COREF": "USER"
        },
        "start": 3,
        "end": 5
      },
      "V112608": {
        "id": "V112608",
        "indicator": "F",
        "type": "WORK",
        "word": "WORK",
        "roles": {
          "FREQUENCY": "#V112834",
          "EVALUATION": "#V112826",
          "AGENT": "#V112549",
          "NEUTRAL": "#V113157",
          "LOCATION": "#V112639",
          "VFORM": "BASE",
          "LEX": "WORK",
          "WNSENSE": "work%2:41:00::"
        },
        "start": 12,
        "end": 69
      },
      "V112639": {
        "id": "V112639",
        "indicator": "F",
        "type": "IN-LOC",
        "word": "IN",
        "roles": {
          "GROUND": "#V112789",
          "FIGURE": "#V112608",
          "LEX": "IN"
        },
        "start": 20,
        "end": 32
      },
      "V112789": {
        "id": "V112789",
        "indicator": "INDEF-SET",
        "type": "SCIENCE-DISCIPLINE",
        "word": "POLITICS",
        "roles": {
          "LEX": "POLITICS",
          "WNSENSE": "politics%1:09:00::"
        },
        "start": 23,
        "end": 32
      },
      "V113157": {
        "id": "V113157",
        "indicator": "THE",
        "type": "QUANTITY-ABSTR",
        "word": null,
        "roles": {
          "FIGURE": "#V112819",
          "LEX": "-"
        },
        "start": 32,
        "end": 54
      },
      "V112819": {
        "id": "V112819",
        "indicator": "THE-SET",
        "type": "LEVEL",
        "word": "LEVEL",
        "roles": {
          "SCALE": "LINEAR-EXTENT-SCALE",
          "MOD": "#V112816",
          "LEX": "LEVELS",
          "WNSENSE": "level%1:07:00::"
        },
        "start": 35,
        "end": 54
      },
      "V112816": {
        "id": "V112816",
        "indicator": "F",
        "type": "MAX-VAL",
        "word": "HIGH",
        "roles": {
          "FIGURE": "#V112819",
          "SCALE": "DIMENSIONAL-SCALE",
          "LEX": "HIGHEST",
          "WNSENSE": "best%3:00:00::"
        },
        "start": 39,
        "end": 47
      },
      "V112826": {
        "id": "V112826",
        "indicator": "F",
        "type": "GOOD",
        "word": "WELL",
        "roles": {
          "FIGURE": "#V112608",
          "SCALE": "GOODNESS-SCALE",
          "LEX": "WELL",
          "WNSENSE": "advantageous%3:00:00::"
        },
        "start": 54,
        "end": 59
      },
      "V112834": {
        "id": "V112834",
        "indicator": "F",
        "type": "SOMETIMES",
        "word": "SOMETIMES",
        "roles": {
          "FIGURE": "#V112608",
          "LEX": "SOMETIMES",
          "WNSENSE": "sometimes%4:02:01::"
        },
        "start": 59,
        "end": 69
      },
      "V112877": {
        "id": "V112877",
        "indicator": "A",
        "type": "PROFESSIONAL",
        "word": "SENATOR",
        "roles": {
          "LEX": "SENATOR",
          "WNSENSE": "professional%1:18:00"
        },
        "start": 69,
        "end": 79
      },
      "V112899": {
        "id": "V112899",
        "indicator": "THE",
        "type": "EXTERNAL-BODY-PART",
        "word": "ASS",
        "roles": {
          "ASSOC-POSS": "#V112896",
          "LEX": "ASS",
          "WNSENSE": "ass%1:08:00::"
        },
        "start": 91,
        "end": 96
      },
      "V112896": {
        "id": "V112896",
        "indicator": "PRO",
        "type": "PERSON",
        "word": "MY",
        "roles": {
          "LEX": "MY",
          "PROFORM": "MY",
          "WNSENSE": "person%1:03:00",
          "COREF": "USER"
        },
        "start": 91,
        "end": 96
      },
      "root": "#V118780"
    }
  ],
  "inputtags": [],
  "debug": [
    "*last-utt-id*=NIL  utt-id+18",
    "*last-utt-id*=18  utt-id+NIL"
  ]
}
