{
  "parse": [
    {
      "V996272": {
        "id": "V996272",
        "indicator": "SPEECHACT",
        "type": "SA_PRED-FRAGMENT",
        "word": null,
        "roles": {
          "PUNCTYPE": "DECL",
          "CONTENT": "#V996125",
          "LEX": "IN"
        },
        "start": 0,
        "end": 15
      },
      "V996125": {
        "id": "V996125",
        "indicator": "F",
        "type": "IN-LOC",
        "word": "IN",
        "roles": {
          "GROUND": "#V996225",
          "FIGURE": "#V996273",
          "LEX": "IN"
        },
        "start": 0,
        "end": 15
      },
      "V996273": {
        "id": "V996273",
        "indicator": "IMPRO",
        "type": "ANY-SEM",
        "word": null,
        "roles": {},
        "start": 0,
        "end": 15
      },
      "V996225": {
        "id": "V996225",
        "indicator": "A",
        "type": "STRUCTURE-INTERNAL-COMPONENT",
        "word": "STAIRWELL",
        "roles": {
          "LEX": "STAIRWELL",
          "WNSENSE": "stairwell%1:06:00::"
        },
        "start": 3,
        "end": 15
      },
      "root": "#V996272"
    }
  ],
  "inputtags": [],
  "debug": [
    "*last-utt-id*=NIL  utt-id+204",
    "*last-utt-id*=204  utt-id+NIL"
  ]
}
