{
  "parse": [
    {
      "V1966332": {
        "id": "V1966332",
        "indicator": "F",
        "type": "RATE-REL",
        "word": "AT",
        "roles": {
          "GROUND": "#V1966388",
          "LEX": "AT"
        },
        "start": 0,
        "end": 4
      },
      "V1966388": {
        "id": "V1966388",
        "indicator": "BARE",
        "type": "LENGTH-UNIT",
        "word": "INCH",
        "roles": {
          "LEX": "IN",
          "WNSENSE": "inch%1:23:00::"
        },
        "start": 3,
        "end": 4
      },
      "root": "#V1966332"
    }
  ],
  "inputtags": [],
  "debug": [
    "*last-utt-id*=NIL  utt-id+340",
    "*last-utt-id*=340  utt-id+NIL"
  ]
}
