{
  "parse": [
    {
      "V2015238": {
        "id": "V2015238",
        "indicator": "SPEECHACT",
        "type": "SA_TELL",
        "word": null,
        "roles": {
          "PUNCTYPE": "DECL",
          "CONTENT": "#V2013929",
          "LEX": "STUCK"
        },
        "start": 0,
        "end": 70
      },
      "V2013929": {
        "id": "V2013929",
        "indicator": "F",
        "type": "PUT",
        "word": "STICK",
        "roles": {
          "AGENT": "#V2013919",
          "AFFECTED": "#V2013945",
          "RESULT": "#V2013975",
          "QUALIFICATION": "#V2014024",
          "TENSE": "PAST",
          "LEX": "STUCK",
          "WNSENSE": "base%2:42:04"
        },
        "start": 0,
        "end": 70
      },
      "V2013919": {
        "id": "V2013919",
        "indicator": "A",
        "type": "FAMILY-RELATION",
        "word": "SISTER",
        "roles": {
          "ASSOC-WITH": "#V2013916",
          "LEX": "SISTER",
          "WNSENSE": "sister%1:18:00::"
        },
        "start": 0,
        "end": 17
      },
      "V2013916": {
        "id": "V2013916",
        "indicator": "KIND",
        "type": "FRIEND",
        "word": "FRIEND",
        "roles": {
          "LEX": "FRIENDS",
          "WNSENSE": "friend%1:18:00::"
        },
        "start": 0,
        "end": 17
      },
      "V2013945": {
        "id": "V2013945",
        "indicator": "THE-SET",
        "type": "EXTERNAL-BODY-PART",
        "word": "HAND",
        "roles": {
          "ASSOC-POSS": "#V2013938",
          "LEX": "HANDS",
          "WNSENSE": "hand%1:08:00::"
        },
        "start": 23,
        "end": 33
      },
      "V2013938": {
        "id": "V2013938",
        "indicator": "PRO",
        "type": "FEMALE-PERSON",
        "word": "HER",
        "roles": {
          "LEX": "HER",
          "PROFORM": "HER",
          "WNSENSE": "woman%1:18:00",
          "COREF": "#V2013919"
        },
        "start": 23,
        "end": 33
      },
      "V2013975": {
        "id": "V2013975",
        "indicator": "F",
        "type": "DIRECTION-DOWN-GROUND",
        "word": "DOWN",
        "roles": {
          "GROUND": "#V2014016",
          "FIGURE": "#V2013945",
          "LEX": "DOWN"
        },
        "start": 33,
        "end": 47
      },
      "V2014016": {
        "id": "V2014016",
        "indicator": "THE",
        "type": "ATTIRE",
        "word": "PANTS",
        "roles": {
          "ASSOC-POSS": "#V2014013",
          "LEX": "PANTS",
          "WNSENSE": "pants%1:06:01::"
        },
        "start": 38,
        "end": 47
      },
      "V2014013": {
        "id": "V2014013",
        "indicator": "PRO",
        "type": "PERSON",
        "word": "MY",
        "roles": {
          "LEX": "MY",
          "PROFORM": "MY",
          "WNSENSE": "person%1:03:00",
          "COREF": "USER"
        },
        "start": 38,
        "end": 47
      },
      "V2014024": {
        "id": "V2014024",
        "indicator": "F",
        "type": "QUALIFICATION",
        "word": "WHILE",
        "roles": {
          "GROUND": "#V2014081",
          "FIGURE": "#V2013929",
          "LEX": "WHILE"
        },
        "start": 47,
        "end": 70
      },
      "V2014081": {
        "id": "V2014081",
        "indicator": "F",
        "type": "PASS-BY",
        "word": "PASS",
        "roles": {
          "RESULT": "#V2014095",
          "NEUTRAL": "#V2014044",
          "TENSE": "PAST",
          "PASSIVE": "+",
          "LEX": "PASSED",
          "WNSENSE": "pass%2:38:05::"
        },
        "start": 53,
        "end": 70
      },
      "V2014044": {
        "id": "V2014044",
        "indicator": "PRO",
        "type": "PERSON",
        "word": "I",
        "roles": {
          "PROFORM": "I",
          "LEX": "I",
          "WNSENSE": "person%1:03:00",
          "COREF": "USER"
        },
        "start": 53,
        "end": 55
      },
      "V2014095": {
        "id": "V2014095",
        "indicator": "F",
        "type": "DIRECTION-OUT",
        "word": "OUT",
        "roles": {
          "FIGURE": "#V2014044",
          "LEX": "OUT",
          "WNSENSE": "out%4:02:02::"
        },
        "start": 66,
        "end": 70
      },
      "root": "#V2015238"
    }
  ],
  "inputtags": [],
  "debug": [
    "*last-utt-id*=NIL  utt-id+396",
    "*last-utt-id*=396  utt-id+NIL"
  ]
}
