{
  "parse": [
    {
      "V2422886": {
        "id": "V2422886",
        "indicator": "SA-SEQ",
        "type": "SPEECH-ACT",
        "word": null,
        "roles": {
          "ACT": "#V2422827",
          "ACT1": "#V2422860",
          "LEX": "LINE"
        },
        "start": 1,
        "end": 10
      },
      "V2422827": {
        "id": "V2422827",
        "indicator": "SPEECHACT",
        "type": "SA_EVALUATE",
        "word": null,
        "roles": {
          "CONTENT": "#V2422806",
          "LEX": "GREAT"
        },
        "start": 1,
        "end": 7
      },
      "V2422806": {
        "id": "V2422806",
        "indicator": "F",
        "type": "GREAT-VAL",
        "word": "GREAT",
        "roles": {
          "ORIENTATION": "MORE",
          "INTENSITY": "HI",
          "FIGURE": "#V2422828",
          "SCALE": "GOODNESS-SCALE",
          "LEX": "GREAT",
          "WNSENSE": "great%5:00:01:extraordinary:00"
        },
        "start": 1,
        "end": 7
      },
      "V2422828": {
        "id": "V2422828",
        "indicator": "IMPRO",
        "type": "ANY-SEM",
        "word": null,
        "roles": {},
        "start": 1,
        "end": 7
      },
      "V2422860": {
        "id": "V2422860",
        "indicator": "SPEECHACT",
        "type": "SA_IDENTIFY",
        "word": null,
        "roles": {
          "CONTENT": "#V2422811",
          "LEX": "LINE"
        },
        "start": 7,
        "end": 10
      },
      "V2422811": {
        "id": "V2422811",
        "indicator": "BARE",
        "type": "LINEAR-GROUPING",
        "word": "LINE",
        "roles": {
          "LEX": "LINE",
          "WNSENSE": "line%1:14:01::"
        },
        "start": 7,
        "end": 10
      },
      "root": "#V2422886"
    }
  ],
  "inputtags": [],
  "debug": [
    "*last-utt-id*=NIL  utt-id+418",
    "*last-utt-id*=418  utt-id+418",
    "*last-utt-id*=418  utt-id+NIL"
  ]
}
