{
  "parse": [
    {
      "V871109": {
        "id": "V871109",
        "indicator": "SPEECHACT",
        "type": "SA_TELL",
        "word": null,
        "roles": {
          "CONTENT": "#V869199",
          "LEX": "BEEN"
        },
        "start": 0,
        "end": 13
      },
      "V869199": {
        "id": "V869199",
        "indicator": "F",
        "type": "ELLIPSIS",
        "word": null,
        "roles": {
          "NEUTRAL": "#V869166",
          "TENSE": "PRES",
          "PERF": "+",
          "PROGR": "+",
          "LEX": "BEEN"
        },
        "start": 0,
        "end": 13
      },
      "V869166": {
        "id": "V869166",
        "indicator": "PRO",
        "type": "PERSON",
        "word": "I",
        "roles": {
          "PROFORM": "I",
          "LEX": "I",
          "WNSENSE": "person%1:03:00",
          "COREF": "USER"
        },
        "start": 0,
        "end": 3
      },
      "root": "#V871109"
    },
    {
      "V871437": {
        "id": "V871437",
        "indicator": "SPEECHACT",
        "type": "SA_REQUEST",
        "word": null,
        "roles": {
          "PUNCTYPE": "DECL",
          "CONTENT": "#V869223",
          "LEX": "ABUSE"
        },
        "start": 13,
        "end": 59
      },
      "V869223": {
        "id": "V869223",
        "indicator": "F",
        "type": "ABUSE",
        "word": "ABUSE",
        "roles": {
          "MOD": "#V869215",
          "AGENT": "#V871433",
          "FORMAL": "#V869805",
          "TIME": "#V869252",
          "TENSE": "PRES",
          "VFORM": "BASE",
          "LEX": "ABUSE",
          "WNSENSE": "abuse%2:41:00::"
        },
        "start": 13,
        "end": 59
      },
      "V871433": {
        "id": "V871433",
        "indicator": "IMPRO",
        "type": "PERSON",
        "word": null,
        "roles": {
          "PROFORM": "*YOU*",
          "COREF": "SYS"
        },
        "start": 13,
        "end": 59
      },
      "V869215": {
        "id": "V869215",
        "indicator": "F",
        "type": "PREDICATE",
        "word": "SEXUALLY",
        "roles": {
          "FIGURE": "#V869223",
          "LEX": "SEXUALLY",
          "WNSENSE": "sexually%4:02:01::"
        },
        "start": 13,
        "end": 22
      },
      "V869252": {
        "id": "V869252",
        "indicator": "F",
        "type": "SINCE",
        "word": "SINCE",
        "roles": {
          "EXTENT": "#V869236",
          "GROUND": "#V869515",
          "FIGURE": "#V869223"
        },
        "start": 28,
        "end": 45
      },
      "V869515": {
        "id": "V869515",
        "indicator": "IMPRO",
        "type": "ANY-SEM",
        "word": null,
        "roles": {
          "COREF": "#V869236"
        },
        "start": 28,
        "end": 45
      },
      "V869236": {
        "id": "V869236",
        "indicator": "A",
        "type": "QUANTITY-ABSTR",
        "word": null,
        "roles": {
          "SCALE": "DOMAIN",
          "UNIT": "(:* MULTIPLE TIME)",
          "AMOUNT": "MANY",
          "LEX": "TIMES",
          "WNSENSE": "multiple%1:09:00"
        },
        "start": 28,
        "end": 39
      },
      "V869805": {
        "id": "V869805",
        "indicator": "THE",
        "type": "QUANTITY-ABSTR",
        "word": null,
        "roles": {
          "FIGURE": "#V869267"
        },
        "start": 45,
        "end": 59
      },
      "V869267": {
        "id": "V869267",
        "indicator": "THE",
        "type": "AGE-SCALE",
        "word": "AGE",
        "roles": {
          "FIGURE": "#V869282",
          "LEX": "AGE",
          "WNSENSE": "age%1:07:00::"
        },
        "start": 45,
        "end": 59
      },
      "V869282": {
        "id": "V869282",
        "indicator": "THE",
        "type": "NUMBER",
        "word": null,
        "roles": {
          "NUMBER": "5",
          "LEX": "FIVE"
        },
        "start": 53,
        "end": 59
      },
      "root": "#V871437"
    },
    {
      "V871109": {
        "id": "V871109",
        "indicator": "SPEECHACT",
        "type": "SA_TELL",
        "word": null,
        "roles": {
          "CONTENT": "#V869199",
          "LEX": "BEEN"
        },
        "start": 0,
        "end": 13
      },
      "V869199": {
        "id": "V869199",
        "indicator": "F",
        "type": "ELLIPSIS",
        "word": null,
        "roles": {
          "NEUTRAL": "#V869166",
          "TENSE": "PRES",
          "PERF": "+",
          "PROGR": "+",
          "LEX": "BEEN"
        },
        "start": 0,
        "end": 13
      },
      "V869166": {
        "id": "V869166",
        "indicator": "PRO",
        "type": "PERSON",
        "word": "I",
        "roles": {
          "PROFORM": "I",
          "LEX": "I",
          "WNSENSE": "person%1:03:00"
        },
        "start": 0,
        "end": 3
      },
      "root": "#V871109"
    },
    {
      "V871567": {
        "id": "V871567",
        "indicator": "SPEECHACT",
        "type": "SA_REQUEST",
        "word": null,
        "roles": {
          "PUNCTYPE": "DECL",
          "CONTENT": "#V869223",
          "LEX": "ABUSE"
        },
        "start": 13,
        "end": 60
      },
      "V869223": {
        "id": "V869223",
        "indicator": "F",
        "type": "ABUSE",
        "word": "ABUSE",
        "roles": {
          "MOD": "#V869215",
          "AGENT": "#V871563",
          "FORMAL": "#V869877",
          "TIME": "#V869252",
          "TENSE": "PRES",
          "VFORM": "BASE",
          "LEX": "ABUSE",
          "WNSENSE": "abuse%2:41:00::"
        },
        "start": 13,
        "end": 59
      },
      "V871563": {
        "id": "V871563",
        "indicator": "IMPRO",
        "type": "PERSON",
        "word": null,
        "roles": {
          "PROFORM": "*YOU*"
        },
        "start": 13,
        "end": 59
      },
      "V869215": {
        "id": "V869215",
        "indicator": "F",
        "type": "PREDICATE",
        "word": "SEXUALLY",
        "roles": {
          "FIGURE": "#V869223",
          "LEX": "SEXUALLY",
          "WNSENSE": "sexually%4:02:01::"
        },
        "start": 13,
        "end": 22
      },
      "V869252": {
        "id": "V869252",
        "indicator": "F",
        "type": "SINCE",
        "word": "SINCE",
        "roles": {
          "EXTENT": "#V869236",
          "GROUND": "#V869515",
          "FIGURE": "#V869223"
        },
        "start": 28,
        "end": 45
      },
      "V869515": {
        "id": "V869515",
        "indicator": "IMPRO",
        "type": "ANY-SEM",
        "word": null,
        "roles": {},
        "start": 28,
        "end": 45
      },
      "V869236": {
        "id": "V869236",
        "indicator": "A",
        "type": "QUANTITY-ABSTR",
        "word": null,
        "roles": {
          "SCALE": "DOMAIN",
          "UNIT": "(:* MULTIPLE TIME)",
          "AMOUNT": "MANY",
          "LEX": "TIMES",
          "WNSENSE": "multiple%1:09:00"
        },
        "start": 28,
        "end": 39
      },
      "V869877": {
        "id": "V869877",
        "indicator": "THE",
        "type": "QUANTITY-ABSTR",
        "word": null,
        "roles": {
          "FIGURE": "#V869267"
        },
        "start": 45,
        "end": 59
      },
      "V869267": {
        "id": "V869267",
        "indicator": "THE",
        "type": "AGE-SCALE",
        "word": "AGE",
        "roles": {
          "FIGURE": "#V869364",
          "LEX": "AGE",
          "WNSENSE": "age%1:07:00::"
        },
        "start": 45,
        "end": 59
      },
      "V869364": {
        "id": "V869364",
        "indicator": "THE",
        "type": "QUANTITY-ABSTR",
        "word": null,
        "roles": {
          "FIGURE": "#V869282",
          "LEX": "-"
        },
        "start": 53,
        "end": 59
      },
      "V869282": {
        "id": "V869282",
        "indicator": "THE",
        "type": "NUMBER",
        "word": null,
        "roles": {
          "NUMBER": "5",
          "LEX": "FIVE"
        },
        "start": 57,
        "end": 59
      },
      "root": "#V871567"
    },
    {
      "V871319": {
        "id": "V871319",
        "indicator": "SPEECHACT",
        "type": "SA_TELL",
        "word": null,
        "roles": {
          "CONTENT": "#V869199",
          "LEX": "BEEN"
        },
        "start": 0,
        "end": 13
      },
      "V869199": {
        "id": "V869199",
        "indicator": "F",
        "type": "ELLIPSIS",
        "word": null,
        "roles": {
          "NEUTRAL": "#V869354",
          "TENSE": "PRES",
          "PERF": "+",
          "PROGR": "+",
          "LEX": "BEEN"
        },
        "start": 0,
        "end": 13
      },
      "V869354": {
        "id": "V869354",
        "indicator": "THE",
        "type": "QUANTITY-ABSTR",
        "word": null,
        "roles": {
          "FIGURE": "#V869166"
        },
        "start": 0,
        "end": 3
      },
      "V869166": {
        "id": "V869166",
        "indicator": "PRO",
        "type": "PERSON",
        "word": "I",
        "roles": {
          "PROFORM": "I",
          "LEX": "I",
          "WNSENSE": "person%1:03:00"
        },
        "start": 0,
        "end": 3
      },
      "root": "#V871319"
    },
    {
      "V871437": {
        "id": "V871437",
        "indicator": "SPEECHACT",
        "type": "SA_REQUEST",
        "word": null,
        "roles": {
          "PUNCTYPE": "DECL",
          "CONTENT": "#V869223",
          "LEX": "ABUSE"
        },
        "start": 13,
        "end": 60
      },
      "V869223": {
        "id": "V869223",
        "indicator": "F",
        "type": "ABUSE",
        "word": "ABUSE",
        "roles": {
          "MOD": "#V869215",
          "AGENT": "#V871433",
          "FORMAL": "#V869805",
          "TIME": "#V869252",
          "TENSE": "PRES",
          "VFORM": "BASE",
          "LEX": "ABUSE",
          "WNSENSE": "abuse%2:41:00::"
        },
        "start": 13,
        "end": 59
      },
      "V871433": {
        "id": "V871433",
        "indicator": "IMPRO",
        "type": "PERSON",
        "word": null,
        "roles": {
          "PROFORM": "*YOU*"
        },
        "start": 13,
        "end": 59
      },
      "V869215": {
        "id": "V869215",
        "indicator": "F",
        "type": "PREDICATE",
        "word": "SEXUALLY",
        "roles": {
          "FIGURE": "#V869223",
          "LEX": "SEXUALLY",
          "WNSENSE": "sexually%4:02:01::"
        },
        "start": 13,
        "end": 22
      },
      "V869252": {
        "id": "V869252",
        "indicator": "F",
        "type": "SINCE",
        "word": "SINCE",
        "roles": {
          "EXTENT": "#V869236",
          "GROUND": "#V869515",
          "FIGURE": "#V869223"
        },
        "start": 28,
        "end": 45
      },
      "V869515": {
        "id": "V869515",
        "indicator": "IMPRO",
        "type": "ANY-SEM",
        "word": null,
        "roles": {},
        "start": 28,
        "end": 45
      },
      "V869236": {
        "id": "V869236",
        "indicator": "A",
        "type": "QUANTITY-ABSTR",
        "word": null,
        "roles": {
          "SCALE": "DOMAIN",
          "UNIT": "(:* MULTIPLE TIME)",
          "AMOUNT": "MANY",
          "LEX": "TIMES",
          "WNSENSE": "multiple%1:09:00"
        },
        "start": 28,
        "end": 39
      },
      "V869805": {
        "id": "V869805",
        "indicator": "THE",
        "type": "QUANTITY-ABSTR",
        "word": null,
        "roles": {
          "FIGURE": "#V869267"
        },
        "start": 45,
        "end": 59
      },
      "V869267": {
        "id": "V869267",
        "indicator": "THE",
        "type": "AGE-SCALE",
        "word": "AGE",
        "roles": {
          "FIGURE": "#V869282",
          "LEX": "AGE",
          "WNSENSE": "age%1:07:00::"
        },
        "start": 45,
        "end": 59
      },
      "V869282": {
        "id": "V869282",
        "indicator": "THE",
        "type": "NUMBER",
        "word": null,
        "roles": {
          "NUMBER": "5",
          "LEX": "FIVE"
        },
        "start": 53,
        "end": 59
      },
      "root": "#V871437"
    },
    {
      "V871109": {
        "id": "V871109",
        "indicator": "SPEECHACT",
        "type": "SA_TELL",
        "word": null,
        "roles": {
          "CONTENT": "#V869199",
          "LEX": "BEEN"
        },
        "start": 0,
        "end": 13
      },
      "V869199": {
        "id": "V869199",
        "indicator": "F",
        "type": "ELLIPSIS",
        "word": null,
        "roles": {
          "NEUTRAL": "#V869166",
          "TENSE": "PRES",
          "PERF": "+",
          "PROGR": "+",
          "LEX": "BEEN"
        },
        "start": 0,
        "end": 13
      },
      "V869166": {
        "id": "V869166",
        "indicator": "PRO",
        "type": "PERSON",
        "word": "I",
        "roles": {
          "PROFORM": "I",
          "LEX": "I",
          "WNSENSE": "person%1:03:00"
        },
        "start": 0,
        "end": 3
      },
      "root": "#V871109"
    },
    {
      "V871603": {
        "id": "V871603",
        "indicator": "SPEECHACT",
        "type": "SA_REQUEST",
        "word": null,
        "roles": {
          "PUNCTYPE": "DECL",
          "CONTENT": "#V869223",
          "LEX": "ABUSE"
        },
        "start": 13,
        "end": 60
      },
      "V869223": {
        "id": "V869223",
        "indicator": "F",
        "type": "ABUSE",
        "word": "ABUSE",
        "roles": {
          "MOD": "#V869215",
          "AGENT": "#V871599",
          "FORMAL": "#V869267",
          "TIME": "#V869252",
          "TENSE": "PRES",
          "VFORM": "BASE",
          "LEX": "ABUSE",
          "WNSENSE": "abuse%2:41:00::"
        },
        "start": 13,
        "end": 59
      },
      "V871599": {
        "id": "V871599",
        "indicator": "IMPRO",
        "type": "PERSON",
        "word": null,
        "roles": {
          "PROFORM": "*YOU*"
        },
        "start": 13,
        "end": 59
      },
      "V869215": {
        "id": "V869215",
        "indicator": "F",
        "type": "PREDICATE",
        "word": "SEXUALLY",
        "roles": {
          "FIGURE": "#V869223",
          "LEX": "SEXUALLY",
          "WNSENSE": "sexually%4:02:01::"
        },
        "start": 13,
        "end": 22
      },
      "V869252": {
        "id": "V869252",
        "indicator": "F",
        "type": "SINCE",
        "word": "SINCE",
        "roles": {
          "EXTENT": "#V869236",
          "GROUND": "#V869515",
          "FIGURE": "#V869223"
        },
        "start": 28,
        "end": 45
      },
      "V869515": {
        "id": "V869515",
        "indicator": "IMPRO",
        "type": "ANY-SEM",
        "word": null,
        "roles": {},
        "start": 28,
        "end": 45
      },
      "V869236": {
        "id": "V869236",
        "indicator": "A",
        "type": "QUANTITY-ABSTR",
        "word": null,
        "roles": {
          "SCALE": "DOMAIN",
          "UNIT": "(:* MULTIPLE TIME)",
          "AMOUNT": "MANY",
          "LEX": "TIMES",
          "WNSENSE": "multiple%1:09:00"
        },
        "start": 28,
        "end": 39
      },
      "V869267": {
        "id": "V869267",
        "indicator": "THE",
        "type": "AGE-SCALE",
        "word": "AGE",
        "roles": {
          "FIGURE": "#V869282",
          "LEX": "AGE",
          "WNSENSE": "age%1:07:00::"
        },
        "start": 45,
        "end": 59
      },
      "V869282": {
        "id": "V869282",
        "indicator": "THE",
        "type": "NUMBER",
        "word": null,
        "roles": {
          "NUMBER": "5",
          "LEX": "FIVE"
        },
        "start": 53,
        "end": 59
      },
      "root": "#V871603"
    },
    {
      "V871319": {
        "id": "V871319",
        "indicator": "SPEECHACT",
        "type": "SA_TELL",
        "word": null,
        "roles": {
          "CONTENT": "#V869199",
          "LEX": "BEEN"
        },
        "start": 0,
        "end": 13
      },
      "V869199": {
        "id": "V869199",
        "indicator": "F",
        "type": "ELLIPSIS",
        "word": null,
        "roles": {
          "NEUTRAL": "#V869354",
          "TENSE": "PRES",
          "PERF": "+",
          "PROGR": "+",
          "LEX": "BEEN"
        },
        "start": 0,
        "end": 13
      },
      "V869354": {
        "id": "V869354",
        "indicator": "THE",
        "type": "QUANTITY-ABSTR",
        "word": null,
        "roles": {
          "FIGURE": "#V869166"
        },
        "start": 0,
        "end": 3
      },
      "V869166": {
        "id": "V869166",
        "indicator": "PRO",
        "type": "PERSON",
        "word": "I",
        "roles": {
          "PROFORM": "I",
          "LEX": "I",
          "WNSENSE": "person%1:03:00"
        },
        "start": 0,
        "end": 3
      },
      "root": "#V871319"
    },
    {
      "V871567": {
        "id": "V871567",
        "indicator": "SPEECHACT",
        "type": "SA_REQUEST",
        "word": null,
        "roles": {
          "PUNCTYPE": "DECL",
          "CONTENT": "#V869223",
          "LEX": "ABUSE"
        },
        "start": 13,
        "end": 60
      },
      "V869223": {
        "id": "V869223",
        "indicator": "F",
        "type": "ABUSE",
        "word": "ABUSE",
        "roles": {
          "MOD": "#V869215",
          "AGENT": "#V871563",
          "FORMAL": "#V869877",
          "TIME": "#V869252",
          "TENSE": "PRES",
          "VFORM": "BASE",
          "LEX": "ABUSE",
          "WNSENSE": "abuse%2:41:00::"
        },
        "start": 13,
        "end": 59
      },
      "V871563": {
        "id": "V871563",
        "indicator": "IMPRO",
        "type": "PERSON",
        "word": null,
        "roles": {
          "PROFORM": "*YOU*"
        },
        "start": 13,
        "end": 59
      },
      "V869215": {
        "id": "V869215",
        "indicator": "F",
        "type": "PREDICATE",
        "word": "SEXUALLY",
        "roles": {
          "FIGURE": "#V869223",
          "LEX": "SEXUALLY",
          "WNSENSE": "sexually%4:02:01::"
        },
        "start": 13,
        "end": 22
      },
      "V869252": {
        "id": "V869252",
        "indicator": "F",
        "type": "SINCE",
        "word": "SINCE",
        "roles": {
          "EXTENT": "#V869236",
          "GROUND": "#V869515",
          "FIGURE": "#V869223"
        },
        "start": 28,
        "end": 45
      },
      "V869515": {
        "id": "V869515",
        "indicator": "IMPRO",
        "type": "ANY-SEM",
        "word": null,
        "roles": {},
        "start": 28,
        "end": 45
      },
      "V869236": {
        "id": "V869236",
        "indicator": "A",
        "type": "QUANTITY-ABSTR",
        "word": null,
        "roles": {
          "SCALE": "DOMAIN",
          "UNIT": "(:* MULTIPLE TIME)",
          "AMOUNT": "MANY",
          "LEX": "TIMES",
          "WNSENSE": "multiple%1:09:00"
        },
        "start": 28,
        "end": 39
      },
      "V869877": {
        "id": "V869877",
        "indicator": "THE",
        "type": "QUANTITY-ABSTR",
        "word": null,
        "roles": {
          "FIGURE": "#V869267"
        },
        "start": 45,
        "end": 59
      },
      "V869267": {
        "id": "V869267",
        "indicator": "THE",
        "type": "AGE-SCALE",
        "word": "AGE",
        "roles": {
          "FIGURE": "#V869364",
          "LEX": "AGE",
          "WNSENSE": "age%1:07:00::"
        },
        "start": 45,
        "end": 59
      },
      "V869364": {
        "id": "V869364",
        "indicator": "THE",
        "type": "QUANTITY-ABSTR",
        "word": null,
        "roles": {
          "FIGURE": "#V869282",
          "LEX": "-"
        },
        "start": 53,
        "end": 59
      },
      "V869282": {
        "id": "V869282",
        "indicator": "THE",
        "type": "NUMBER",
        "word": null,
        "roles": {
          "NUMBER": "5",
          "LEX": "FIVE"
        },
        "start": 57,
        "end": 59
      },
      "root": "#V871567"
    },
    {
      "V871319": {
        "id": "V871319",
        "indicator": "SPEECHACT",
        "type": "SA_TELL",
        "word": null,
        "roles": {
          "CONTENT": "#V869199",
          "LEX": "BEEN"
        },
        "start": 0,
        "end": 13
      },
      "V869199": {
        "id": "V869199",
        "indicator": "F",
        "type": "ELLIPSIS",
        "word": null,
        "roles": {
          "NEUTRAL": "#V869354",
          "TENSE": "PRES",
          "PERF": "+",
          "PROGR": "+",
          "LEX": "BEEN"
        },
        "start": 0,
        "end": 13
      },
      "V869354": {
        "id": "V869354",
        "indicator": "THE",
        "type": "QUANTITY-ABSTR",
        "word": null,
        "roles": {
          "FIGURE": "#V869166"
        },
        "start": 0,
        "end": 3
      },
      "V869166": {
        "id": "V869166",
        "indicator": "PRO",
        "type": "PERSON",
        "word": "I",
        "roles": {
          "PROFORM": "I",
          "LEX": "I",
          "WNSENSE": "person%1:03:00"
        },
        "start": 0,
        "end": 3
      },
      "root": "#V871319"
    },
    {
      "V871603": {
        "id": "V871603",
        "indicator": "SPEECHACT",
        "type": "SA_REQUEST",
        "word": null,
        "roles": {
          "PUNCTYPE": "DECL",
          "CONTENT": "#V869223",
          "LEX": "ABUSE"
        },
        "start": 13,
        "end": 60
      },
      "V869223": {
        "id": "V869223",
        "indicator": "F",
        "type": "ABUSE",
        "word": "ABUSE",
        "roles": {
          "MOD": "#V869215",
          "AGENT": "#V871599",
          "FORMAL": "#V869267",
          "TIME": "#V869252",
          "TENSE": "PRES",
          "VFORM": "BASE",
          "LEX": "ABUSE",
          "WNSENSE": "abuse%2:41:00::"
        },
        "start": 13,
        "end": 59
      },
      "V871599": {
        "id": "V871599",
        "indicator": "IMPRO",
        "type": "PERSON",
        "word": null,
        "roles": {
          "PROFORM": "*YOU*"
        },
        "start": 13,
        "end": 59
      },
      "V869215": {
        "id": "V869215",
        "indicator": "F",
        "type": "PREDICATE",
        "word": "SEXUALLY",
        "roles": {
          "FIGURE": "#V869223",
          "LEX": "SEXUALLY",
          "WNSENSE": "sexually%4:02:01::"
        },
        "start": 13,
        "end": 22
      },
      "V869252": {
        "id": "V869252",
        "indicator": "F",
        "type": "SINCE",
        "word": "SINCE",
        "roles": {
          "EXTENT": "#V869236",
          "GROUND": "#V869515",
          "FIGURE": "#V869223"
        },
        "start": 28,
        "end": 45
      },
      "V869515": {
        "id": "V869515",
        "indicator": "IMPRO",
        "type": "ANY-SEM",
        "word": null,
        "roles": {},
        "start": 28,
        "end": 45
      },
      "V869236": {
        "id": "V869236",
        "indicator": "A",
        "type": "QUANTITY-ABSTR",
        "word": null,
        "roles": {
          "SCALE": "DOMAIN",
          "UNIT": "(:* MULTIPLE TIME)",
          "AMOUNT": "MANY",
          "LEX": "TIMES",
          "WNSENSE": "multiple%1:09:00"
        },
        "start": 28,
        "end": 39
      },
      "V869267": {
        "id": "V869267",
        "indicator": "THE",
        "type": "AGE-SCALE",
        "word": "AGE",
        "roles": {
          "FIGURE": "#V869282",
          "LEX": "AGE",
          "WNSENSE": "age%1:07:00::"
        },
        "start": 45,
        "end": 59
      },
      "V869282": {
        "id": "V869282",
        "indicator": "THE",
        "type": "NUMBER",
        "word": null,
        "roles": {
          "NUMBER": "5",
          "LEX": "FIVE"
        },
        "start": 53,
        "end": 59
      },
      "root": "#V871603"
    },
    {
      "V871109": {
        "id": "V871109",
        "indicator": "SPEECHACT",
        "type": "SA_TELL",
        "word": null,
        "roles": {
          "CONTENT": "#V869199",
          "LEX": "BEEN"
        },
        "start": 0,
        "end": 13
      },
      "V869199": {
        "id": "V869199",
        "indicator": "F",
        "type": "ELLIPSIS",
        "word": null,
        "roles": {
          "NEUTRAL": "#V869166",
          "TENSE": "PRES",
          "PERF": "+",
          "PROGR": "+",
          "LEX": "BEEN"
        },
        "start": 0,
        "end": 13
      },
      "V869166": {
        "id": "V869166",
        "indicator": "PRO",
        "type": "PERSON",
        "word": "I",
        "roles": {
          "PROFORM": "I",
          "LEX": "I",
          "WNSENSE": "person%1:03:00"
        },
        "start": 0,
        "end": 3
      },
      "root": "#V871109"
    },
    {
      "V871716": {
        "id": "V871716",
        "indicator": "SPEECHACT",
        "type": "SA_REQUEST",
        "word": null,
        "roles": {
          "PUNCTYPE": "DECL",
          "CONTENT": "#V869223",
          "LEX": "ABUSE"
        },
        "start": 13,
        "end": 60
      },
      "V869223": {
        "id": "V869223",
        "indicator": "F",
        "type": "ABUSE",
        "word": "ABUSE",
        "roles": {
          "MOD": "#V869215",
          "AGENT": "#V871712",
          "FORMAL": "#V869267",
          "TIME": "#V869252",
          "TENSE": "PRES",
          "VFORM": "BASE",
          "LEX": "ABUSE",
          "WNSENSE": "abuse%2:41:00::"
        },
        "start": 13,
        "end": 59
      },
      "V871712": {
        "id": "V871712",
        "indicator": "IMPRO",
        "type": "PERSON",
        "word": null,
        "roles": {
          "PROFORM": "*YOU*"
        },
        "start": 13,
        "end": 59
      },
      "V869215": {
        "id": "V869215",
        "indicator": "F",
        "type": "PREDICATE",
        "word": "SEXUALLY",
        "roles": {
          "FIGURE": "#V869223",
          "LEX": "SEXUALLY",
          "WNSENSE": "sexually%4:02:01::"
        },
        "start": 13,
        "end": 22
      },
      "V869252": {
        "id": "V869252",
        "indicator": "F",
        "type": "SINCE",
        "word": "SINCE",
        "roles": {
          "EXTENT": "#V869236",
          "GROUND": "#V869515",
          "FIGURE": "#V869223"
        },
        "start": 28,
        "end": 45
      },
      "V869515": {
        "id": "V869515",
        "indicator": "IMPRO",
        "type": "ANY-SEM",
        "word": null,
        "roles": {},
        "start": 28,
        "end": 45
      },
      "V869236": {
        "id": "V869236",
        "indicator": "A",
        "type": "QUANTITY-ABSTR",
        "word": null,
        "roles": {
          "SCALE": "DOMAIN",
          "UNIT": "(:* MULTIPLE TIME)",
          "AMOUNT": "MANY",
          "LEX": "TIMES",
          "WNSENSE": "multiple%1:09:00"
        },
        "start": 28,
        "end": 39
      },
      "V869267": {
        "id": "V869267",
        "indicator": "THE",
        "type": "AGE-SCALE",
        "word": "AGE",
        "roles": {
          "FIGURE": "#V869364",
          "LEX": "AGE",
          "WNSENSE": "age%1:07:00::"
        },
        "start": 45,
        "end": 59
      },
      "V869364": {
        "id": "V869364",
        "indicator": "THE",
        "type": "QUANTITY-ABSTR",
        "word": null,
        "roles": {
          "FIGURE": "#V869282",
          "LEX": "-"
        },
        "start": 53,
        "end": 59
      },
      "V869282": {
        "id": "V869282",
        "indicator": "THE",
        "type": "NUMBER",
        "word": null,
        "roles": {
          "NUMBER": "5",
          "LEX": "FIVE"
        },
        "start": 57,
        "end": 59
      },
      "root": "#V871716"
    },
    {
      "V871109": {
        "id": "V871109",
        "indicator": "SPEECHACT",
        "type": "SA_TELL",
        "word": null,
        "roles": {
          "CONTENT": "#V869199",
          "LEX": "BEEN"
        },
        "start": 0,
        "end": 13
      },
      "V869199": {
        "id": "V869199",
        "indicator": "F",
        "type": "ELLIPSIS",
        "word": null,
        "roles": {
          "NEUTRAL": "#V869166",
          "TENSE": "PRES",
          "PERF": "+",
          "PROGR": "+",
          "LEX": "BEEN"
        },
        "start": 0,
        "end": 13
      },
      "V869166": {
        "id": "V869166",
        "indicator": "PRO",
        "type": "PERSON",
        "word": "I",
        "roles": {
          "PROFORM": "I",
          "LEX": "I",
          "WNSENSE": "person%1:03:00"
        },
        "start": 0,
        "end": 3
      },
      "root": "#V871109"
    },
    {
      "V871744": {
        "id": "V871744",
        "indicator": "SPEECHACT",
        "type": "SA_REQUEST",
        "word": null,
        "roles": {
          "PUNCTYPE": "DECL",
          "CONTENT": "#V869223",
          "LEX": "ABUSE"
        },
        "start": 13,
        "end": 60
      },
      "V869223": {
        "id": "V869223",
        "indicator": "F",
        "type": "ABUSE",
        "word": "ABUSE",
        "roles": {
          "MOD": "#V869215",
          "AGENT": "#V871740",
          "FORMAL": "#V869805",
          "TIME": "#V869252",
          "TENSE": "PRES",
          "VFORM": "BASE",
          "LEX": "ABUSE",
          "WNSENSE": "abuse%2:41:00::"
        },
        "start": 13,
        "end": 59
      },
      "V871740": {
        "id": "V871740",
        "indicator": "IMPRO",
        "type": "PERSON",
        "word": null,
        "roles": {
          "PROFORM": "*YOU*"
        },
        "start": 13,
        "end": 59
      },
      "V869215": {
        "id": "V869215",
        "indicator": "F",
        "type": "PREDICATE",
        "word": "SEXUALLY",
        "roles": {
          "FIGURE": "#V869223",
          "LEX": "SEXUALLY",
          "WNSENSE": "sexually%4:02:01::"
        },
        "start": 13,
        "end": 22
      },
      "V869252": {
        "id": "V869252",
        "indicator": "F",
        "type": "SINCE",
        "word": "SINCE",
        "roles": {
          "EXTENT": "#V869236",
          "GROUND": "#V869515",
          "FIGURE": "#V869223"
        },
        "start": 28,
        "end": 45
      },
      "V869515": {
        "id": "V869515",
        "indicator": "IMPRO",
        "type": "ANY-SEM",
        "word": null,
        "roles": {},
        "start": 28,
        "end": 45
      },
      "V869236": {
        "id": "V869236",
        "indicator": "INDEF-SET",
        "type": "QUANTITY-ABSTR",
        "word": null,
        "roles": {
          "SCALE": "DOMAIN",
          "UNIT": "(:* MULTIPLE TIME)",
          "SIZE": "MANY",
          "LEX": "TIMES",
          "WNSENSE": "multiple%1:09:00"
        },
        "start": 28,
        "end": 39
      },
      "V869805": {
        "id": "V869805",
        "indicator": "THE",
        "type": "QUANTITY-ABSTR",
        "word": null,
        "roles": {
          "FIGURE": "#V869267"
        },
        "start": 45,
        "end": 59
      },
      "V869267": {
        "id": "V869267",
        "indicator": "THE",
        "type": "AGE-SCALE",
        "word": "AGE",
        "roles": {
          "FIGURE": "#V869282",
          "LEX": "AGE",
          "WNSENSE": "age%1:07:00::"
        },
        "start": 45,
        "end": 59
      },
      "V869282": {
        "id": "V869282",
        "indicator": "THE",
        "type": "NUMBER",
        "word": null,
        "roles": {
          "NUMBER": "5",
          "LEX": "FIVE"
        },
        "start": 53,
        "end": 59
      },
      "root": "#V871744"
    },
    {
      "V871319": {
        "id": "V871319",
        "indicator": "SPEECHACT",
        "type": "SA_TELL",
        "word": null,
        "roles": {
          "CONTENT": "#V869199",
          "LEX": "BEEN"
        },
        "start": 0,
        "end": 13
      },
      "V869199": {
        "id": "V869199",
        "indicator": "F",
        "type": "ELLIPSIS",
        "word": null,
        "roles": {
          "NEUTRAL": "#V869354",
          "TENSE": "PRES",
          "PERF": "+",
          "PROGR": "+",
          "LEX": "BEEN"
        },
        "start": 0,
        "end": 13
      },
      "V869354": {
        "id": "V869354",
        "indicator": "THE",
        "type": "QUANTITY-ABSTR",
        "word": null,
        "roles": {
          "FIGURE": "#V869166"
        },
        "start": 0,
        "end": 3
      },
      "V869166": {
        "id": "V869166",
        "indicator": "PRO",
        "type": "PERSON",
        "word": "I",
        "roles": {
          "PROFORM": "I",
          "LEX": "I",
          "WNSENSE": "person%1:03:00"
        },
        "start": 0,
        "end": 3
      },
      "root": "#V871319"
    },
    {
      "V871716": {
        "id": "V871716",
        "indicator": "SPEECHACT",
        "type": "SA_REQUEST",
        "word": null,
        "roles": {
          "PUNCTYPE": "DECL",
          "CONTENT": "#V869223",
          "LEX": "ABUSE"
        },
        "start": 13,
        "end": 60
      },
      "V869223": {
        "id": "V869223",
        "indicator": "F",
        "type": "ABUSE",
        "word": "ABUSE",
        "roles": {
          "MOD": "#V869215",
          "AGENT": "#V871712",
          "FORMAL": "#V869267",
          "TIME": "#V869252",
          "TENSE": "PRES",
          "VFORM": "BASE",
          "LEX": "ABUSE",
          "WNSENSE": "abuse%2:41:00::"
        },
        "start": 13,
        "end": 59
      },
      "V871712": {
        "id": "V871712",
        "indicator": "IMPRO",
        "type": "PERSON",
        "word": null,
        "roles": {
          "PROFORM": "*YOU*"
        },
        "start": 13,
        "end": 59
      },
      "V869215": {
        "id": "V869215",
        "indicator": "F",
        "type": "PREDICATE",
        "word": "SEXUALLY",
        "roles": {
          "FIGURE": "#V869223",
          "LEX": "SEXUALLY",
          "WNSENSE": "sexually%4:02:01::"
        },
        "start": 13,
        "end": 22
      },
      "V869252": {
        "id": "V869252",
        "indicator": "F",
        "type": "SINCE",
        "word": "SINCE",
        "roles": {
          "EXTENT": "#V869236",
          "GROUND": "#V869515",
          "FIGURE": "#V869223"
        },
        "start": 28,
        "end": 45
      },
      "V869515": {
        "id": "V869515",
        "indicator": "IMPRO",
        "type": "ANY-SEM",
        "word": null,
        "roles": {},
        "start": 28,
        "end": 45
      },
      "V869236": {
        "id": "V869236",
        "indicator": "A",
        "type": "QUANTITY-ABSTR",
        "word": null,
        "roles": {
          "SCALE": "DOMAIN",
          "UNIT": "(:* MULTIPLE TIME)",
          "AMOUNT": "MANY",
          "LEX": "TIMES",
          "WNSENSE": "multiple%1:09:00"
        },
        "start": 28,
        "end": 39
      },
      "V869267": {
        "id": "V869267",
        "indicator": "THE",
        "type": "AGE-SCALE",
        "word": "AGE",
        "roles": {
          "FIGURE": "#V869364",
          "LEX": "AGE",
          "WNSENSE": "age%1:07:00::"
        },
        "start": 45,
        "end": 59
      },
      "V869364": {
        "id": "V869364",
        "indicator": "THE",
        "type": "QUANTITY-ABSTR",
        "word": null,
        "roles": {
          "FIGURE": "#V869282",
          "LEX": "-"
        },
        "start": 53,
        "end": 59
      },
      "V869282": {
        "id": "V869282",
        "indicator": "THE",
        "type": "NUMBER",
        "word": null,
        "roles": {
          "NUMBER": "5",
          "LEX": "FIVE"
        },
        "start": 57,
        "end": 59
      },
      "root": "#V871716"
    },
    {
      "V871109": {
        "id": "V871109",
        "indicator": "SPEECHACT",
        "type": "SA_TELL",
        "word": null,
        "roles": {
          "CONTENT": "#V869199",
          "LEX": "BEEN"
        },
        "start": 0,
        "end": 13
      },
      "V869199": {
        "id": "V869199",
        "indicator": "F",
        "type": "ELLIPSIS",
        "word": null,
        "roles": {
          "NEUTRAL": "#V869166",
          "TENSE": "PRES",
          "PERF": "+",
          "PROGR": "+",
          "LEX": "BEEN"
        },
        "start": 0,
        "end": 13
      },
      "V869166": {
        "id": "V869166",
        "indicator": "PRO",
        "type": "PERSON",
        "word": "I",
        "roles": {
          "PROFORM": "I",
          "LEX": "I",
          "WNSENSE": "person%1:03:00"
        },
        "start": 0,
        "end": 3
      },
      "root": "#V871109"
    },
    {
      "V871863": {
        "id": "V871863",
        "indicator": "SPEECHACT",
        "type": "SA_REQUEST",
        "word": null,
        "roles": {
          "PUNCTYPE": "DECL",
          "CONTENT": "#V869223",
          "LEX": "ABUSE"
        },
        "start": 13,
        "end": 60
      },
      "V869223": {
        "id": "V869223",
        "indicator": "F",
        "type": "ABUSE",
        "word": "ABUSE",
        "roles": {
          "MOD": "#V869215",
          "AGENT": "#V871859",
          "FORMAL": "#V869877",
          "TIME": "#V869252",
          "TENSE": "PRES",
          "VFORM": "BASE",
          "LEX": "ABUSE",
          "WNSENSE": "abuse%2:41:00::"
        },
        "start": 13,
        "end": 59
      },
      "V871859": {
        "id": "V871859",
        "indicator": "IMPRO",
        "type": "PERSON",
        "word": null,
        "roles": {
          "PROFORM": "*YOU*"
        },
        "start": 13,
        "end": 59
      },
      "V869215": {
        "id": "V869215",
        "indicator": "F",
        "type": "PREDICATE",
        "word": "SEXUALLY",
        "roles": {
          "FIGURE": "#V869223",
          "LEX": "SEXUALLY",
          "WNSENSE": "sexually%4:02:01::"
        },
        "start": 13,
        "end": 22
      },
      "V869252": {
        "id": "V869252",
        "indicator": "F",
        "type": "SINCE",
        "word": "SINCE",
        "roles": {
          "EXTENT": "#V869236",
          "GROUND": "#V869515",
          "FIGURE": "#V869223"
        },
        "start": 28,
        "end": 45
      },
      "V869515": {
        "id": "V869515",
        "indicator": "IMPRO",
        "type": "ANY-SEM",
        "word": null,
        "roles": {},
        "start": 28,
        "end": 45
      },
      "V869236": {
        "id": "V869236",
        "indicator": "INDEF-SET",
        "type": "QUANTITY-ABSTR",
        "word": null,
        "roles": {
          "SCALE": "DOMAIN",
          "UNIT": "(:* MULTIPLE TIME)",
          "SIZE": "MANY",
          "LEX": "TIMES",
          "WNSENSE": "multiple%1:09:00"
        },
        "start": 28,
        "end": 39
      },
      "V869877": {
        "id": "V869877",
        "indicator": "THE",
        "type": "QUANTITY-ABSTR",
        "word": null,
        "roles": {
          "FIGURE": "#V869267"
        },
        "start": 45,
        "end": 59
      },
      "V869267": {
        "id": "V869267",
        "indicator": "THE",
        "type": "AGE-SCALE",
        "word": "AGE",
        "roles": {
          "FIGURE": "#V869364",
          "LEX": "AGE",
          "WNSENSE": "age%1:07:00::"
        },
        "start": 45,
        "end": 59
      },
      "V869364": {
        "id": "V869364",
        "indicator": "THE",
        "type": "QUANTITY-ABSTR",
        "word": null,
        "roles": {
          "FIGURE": "#V869282",
          "LEX": "-"
        },
        "start": 53,
        "end": 59
      },
      "V869282": {
        "id": "V869282",
        "indicator": "THE",
        "type": "NUMBER",
        "word": null,
        "roles": {
          "NUMBER": "5",
          "LEX": "FIVE"
        },
        "start": 57,
        "end": 59
      },
      "root": "#V871863"
    },
    {
      "V871319": {
        "id": "V871319",
        "indicator": "SPEECHACT",
        "type": "SA_TELL",
        "word": null,
        "roles": {
          "CONTENT": "#V869199",
          "LEX": "BEEN"
        },
        "start": 0,
        "end": 13
      },
      "V869199": {
        "id": "V869199",
        "indicator": "F",
        "type": "ELLIPSIS",
        "word": null,
        "roles": {
          "NEUTRAL": "#V869354",
          "TENSE": "PRES",
          "PERF": "+",
          "PROGR": "+",
          "LEX": "BEEN"
        },
        "start": 0,
        "end": 13
      },
      "V869354": {
        "id": "V869354",
        "indicator": "THE",
        "type": "QUANTITY-ABSTR",
        "word": null,
        "roles": {
          "FIGURE": "#V869166"
        },
        "start": 0,
        "end": 3
      },
      "V869166": {
        "id": "V869166",
        "indicator": "PRO",
        "type": "PERSON",
        "word": "I",
        "roles": {
          "PROFORM": "I",
          "LEX": "I",
          "WNSENSE": "person%1:03:00"
        },
        "start": 0,
        "end": 3
      },
      "root": "#V871319"
    },
    {
      "V871744": {
        "id": "V871744",
        "indicator": "SPEECHACT",
        "type": "SA_REQUEST",
        "word": null,
        "roles": {
          "PUNCTYPE": "DECL",
          "CONTENT": "#V869223",
          "LEX": "ABUSE"
        },
        "start": 13,
        "end": 60
      },
      "V869223": {
        "id": "V869223",
        "indicator": "F",
        "type": "ABUSE",
        "word": "ABUSE",
        "roles": {
          "MOD": "#V869215",
          "AGENT": "#V871740",
          "FORMAL": "#V869805",
          "TIME": "#V869252",
          "TENSE": "PRES",
          "VFORM": "BASE",
          "LEX": "ABUSE",
          "WNSENSE": "abuse%2:41:00::"
        },
        "start": 13,
        "end": 59
      },
      "V871740": {
        "id": "V871740",
        "indicator": "IMPRO",
        "type": "PERSON",
        "word": null,
        "roles": {
          "PROFORM": "*YOU*"
        },
        "start": 13,
        "end": 59
      },
      "V869215": {
        "id": "V869215",
        "indicator": "F",
        "type": "PREDICATE",
        "word": "SEXUALLY",
        "roles": {
          "FIGURE": "#V869223",
          "LEX": "SEXUALLY",
          "WNSENSE": "sexually%4:02:01::"
        },
        "start": 13,
        "end": 22
      },
      "V869252": {
        "id": "V869252",
        "indicator": "F",
        "type": "SINCE",
        "word": "SINCE",
        "roles": {
          "EXTENT": "#V869236",
          "GROUND": "#V869515",
          "FIGURE": "#V869223"
        },
        "start": 28,
        "end": 45
      },
      "V869515": {
        "id": "V869515",
        "indicator": "IMPRO",
        "type": "ANY-SEM",
        "word": null,
        "roles": {},
        "start": 28,
        "end": 45
      },
      "V869236": {
        "id": "V869236",
        "indicator": "INDEF-SET",
        "type": "QUANTITY-ABSTR",
        "word": null,
        "roles": {
          "SCALE": "DOMAIN",
          "UNIT": "(:* MULTIPLE TIME)",
          "SIZE": "MANY",
          "LEX": "TIMES",
          "WNSENSE": "multiple%1:09:00"
        },
        "start": 28,
        "end": 39
      },
      "V869805": {
        "id": "V869805",
        "indicator": "THE",
        "type": "QUANTITY-ABSTR",
        "word": null,
        "roles": {
          "FIGURE": "#V869267"
        },
        "start": 45,
        "end": 59
      },
      "V869267": {
        "id": "V869267",
        "indicator": "THE",
        "type": "AGE-SCALE",
        "word": "AGE",
        "roles": {
          "FIGURE": "#V869282",
          "LEX": "AGE",
          "WNSENSE": "age%1:07:00::"
        },
        "start": 45,
        "end": 59
      },
      "V869282": {
        "id": "V869282",
        "indicator": "THE",
        "type": "NUMBER",
        "word": null,
        "roles": {
          "NUMBER": "5",
          "LEX": "FIVE"
        },
        "start": 53,
        "end": 59
      },
      "root": "#V871744"
    },
    {
      "V871109": {
        "id": "V871109",
        "indicator": "SPEECHACT",
        "type": "SA_TELL",
        "word": null,
        "roles": {
          "CONTENT": "#V869199",
          "LEX": "BEEN"
        },
        "start": 0,
        "end": 13
      },
      "V869199": {
        "id": "V869199",
        "indicator": "F",
        "type": "ELLIPSIS",
        "word": null,
        "roles": {
          "NEUTRAL": "#V869166",
          "TENSE": "PRES",
          "PERF": "+",
          "PROGR": "+",
          "LEX": "BEEN"
        },
        "start": 0,
        "end": 13
      },
      "V869166": {
        "id": "V869166",
        "indicator": "PRO",
        "type": "PERSON",
        "word": "I",
        "roles": {
          "PROFORM": "I",
          "LEX": "I",
          "WNSENSE": "person%1:03:00"
        },
        "start": 0,
        "end": 3
      },
      "root": "#V871109"
    },
    {
      "V871882": {
        "id": "V871882",
        "indicator": "SPEECHACT",
        "type": "SA_REQUEST",
        "word": null,
        "roles": {
          "PUNCTYPE": "DECL",
          "CONTENT": "#V869223",
          "LEX": "ABUSE"
        },
        "start": 13,
        "end": 60
      },
      "V869223": {
        "id": "V869223",
        "indicator": "F",
        "type": "ABUSE",
        "word": "ABUSE",
        "roles": {
          "MOD": "#V869215",
          "AGENT": "#V871878",
          "FORMAL": "#V869267",
          "TIME": "#V869252",
          "TENSE": "PRES",
          "VFORM": "BASE",
          "LEX": "ABUSE",
          "WNSENSE": "abuse%2:41:00::"
        },
        "start": 13,
        "end": 59
      },
      "V871878": {
        "id": "V871878",
        "indicator": "IMPRO",
        "type": "PERSON",
        "word": null,
        "roles": {
          "PROFORM": "*YOU*"
        },
        "start": 13,
        "end": 59
      },
      "V869215": {
        "id": "V869215",
        "indicator": "F",
        "type": "PREDICATE",
        "word": "SEXUALLY",
        "roles": {
          "FIGURE": "#V869223",
          "LEX": "SEXUALLY",
          "WNSENSE": "sexually%4:02:01::"
        },
        "start": 13,
        "end": 22
      },
      "V869252": {
        "id": "V869252",
        "indicator": "F",
        "type": "SINCE",
        "word": "SINCE",
        "roles": {
          "EXTENT": "#V869236",
          "GROUND": "#V869515",
          "FIGURE": "#V869223"
        },
        "start": 28,
        "end": 45
      },
      "V869515": {
        "id": "V869515",
        "indicator": "IMPRO",
        "type": "ANY-SEM",
        "word": null,
        "roles": {},
        "start": 28,
        "end": 45
      },
      "V869236": {
        "id": "V869236",
        "indicator": "INDEF-SET",
        "type": "QUANTITY-ABSTR",
        "word": null,
        "roles": {
          "SCALE": "DOMAIN",
          "UNIT": "(:* MULTIPLE TIME)",
          "SIZE": "MANY",
          "LEX": "TIMES",
          "WNSENSE": "multiple%1:09:00"
        },
        "start": 28,
        "end": 39
      },
      "V869267": {
        "id": "V869267",
        "indicator": "THE",
        "type": "AGE-SCALE",
        "word": "AGE",
        "roles": {
          "FIGURE": "#V869282",
          "LEX": "AGE",
          "WNSENSE": "age%1:07:00::"
        },
        "start": 45,
        "end": 59
      },
      "V869282": {
        "id": "V869282",
        "indicator": "THE",
        "type": "NUMBER",
        "word": null,
        "roles": {
          "NUMBER": "5",
          "LEX": "FIVE"
        },
        "start": 53,
        "end": 59
      },
      "root": "#V871882"
    },
    {
      "V871319": {
        "id": "V871319",
        "indicator": "SPEECHACT",
        "type": "SA_TELL",
        "word": null,
        "roles": {
          "CONTENT": "#V869199",
          "LEX": "BEEN"
        },
        "start": 0,
        "end": 13
      },
      "V869199": {
        "id": "V869199",
        "indicator": "F",
        "type": "ELLIPSIS",
        "word": null,
        "roles": {
          "NEUTRAL": "#V869354",
          "TENSE": "PRES",
          "PERF": "+",
          "PROGR": "+",
          "LEX": "BEEN"
        },
        "start": 0,
        "end": 13
      },
      "V869354": {
        "id": "V869354",
        "indicator": "THE",
        "type": "QUANTITY-ABSTR",
        "word": null,
        "roles": {
          "FIGURE": "#V869166"
        },
        "start": 0,
        "end": 3
      },
      "V869166": {
        "id": "V869166",
        "indicator": "PRO",
        "type": "PERSON",
        "word": "I",
        "roles": {
          "PROFORM": "I",
          "LEX": "I",
          "WNSENSE": "person%1:03:00"
        },
        "start": 0,
        "end": 3
      },
      "root": "#V871319"
    },
    {
      "V871863": {
        "id": "V871863",
        "indicator": "SPEECHACT",
        "type": "SA_REQUEST",
        "word": null,
        "roles": {
          "PUNCTYPE": "DECL",
          "CONTENT": "#V869223",
          "LEX": "ABUSE"
        },
        "start": 13,
        "end": 60
      },
      "V869223": {
        "id": "V869223",
        "indicator": "F",
        "type": "ABUSE",
        "word": "ABUSE",
        "roles": {
          "MOD": "#V869215",
          "AGENT": "#V871859",
          "FORMAL": "#V869877",
          "TIME": "#V869252",
          "TENSE": "PRES",
          "VFORM": "BASE",
          "LEX": "ABUSE",
          "WNSENSE": "abuse%2:41:00::"
        },
        "start": 13,
        "end": 59
      },
      "V871859": {
        "id": "V871859",
        "indicator": "IMPRO",
        "type": "PERSON",
        "word": null,
        "roles": {
          "PROFORM": "*YOU*"
        },
        "start": 13,
        "end": 59
      },
      "V869215": {
        "id": "V869215",
        "indicator": "F",
        "type": "PREDICATE",
        "word": "SEXUALLY",
        "roles": {
          "FIGURE": "#V869223",
          "LEX": "SEXUALLY",
          "WNSENSE": "sexually%4:02:01::"
        },
        "start": 13,
        "end": 22
      },
      "V869252": {
        "id": "V869252",
        "indicator": "F",
        "type": "SINCE",
        "word": "SINCE",
        "roles": {
          "EXTENT": "#V869236",
          "GROUND": "#V869515",
          "FIGURE": "#V869223"
        },
        "start": 28,
        "end": 45
      },
      "V869515": {
        "id": "V869515",
        "indicator": "IMPRO",
        "type": "ANY-SEM",
        "word": null,
        "roles": {},
        "start": 28,
        "end": 45
      },
      "V869236": {
        "id": "V869236",
        "indicator": "INDEF-SET",
        "type": "QUANTITY-ABSTR",
        "word": null,
        "roles": {
          "SCALE": "DOMAIN",
          "UNIT": "(:* MULTIPLE TIME)",
          "SIZE": "MANY",
          "LEX": "TIMES",
          "WNSENSE": "multiple%1:09:00"
        },
        "start": 28,
        "end": 39
      },
      "V869877": {
        "id": "V869877",
        "indicator": "THE",
        "type": "QUANTITY-ABSTR",
        "word": null,
        "roles": {
          "FIGURE": "#V869267"
        },
        "start": 45,
        "end": 59
      },
      "V869267": {
        "id": "V869267",
        "indicator": "THE",
        "type": "AGE-SCALE",
        "word": "AGE",
        "roles": {
          "FIGURE": "#V869364",
          "LEX": "AGE",
          "WNSENSE": "age%1:07:00::"
        },
        "start": 45,
        "end": 59
      },
      "V869364": {
        "id": "V869364",
        "indicator": "THE",
        "type": "QUANTITY-ABSTR",
        "word": null,
        "roles": {
          "FIGURE": "#V869282",
          "LEX": "-"
        },
        "start": 53,
        "end": 59
      },
      "V869282": {
        "id": "V869282",
        "indicator": "THE",
        "type": "NUMBER",
        "word": null,
        "roles": {
          "NUMBER": "5",
          "LEX": "FIVE"
        },
        "start": 57,
        "end": 59
      },
      "root": "#V871863"
    },
    {
      "V871319": {
        "id": "V871319",
        "indicator": "SPEECHACT",
        "type": "SA_TELL",
        "word": null,
        "roles": {
          "CONTENT": "#V869199",
          "LEX": "BEEN"
        },
        "start": 0,
        "end": 13
      },
      "V869199": {
        "id": "V869199",
        "indicator": "F",
        "type": "ELLIPSIS",
        "word": null,
        "roles": {
          "NEUTRAL": "#V869354",
          "TENSE": "PRES",
          "PERF": "+",
          "PROGR": "+",
          "LEX": "BEEN"
        },
        "start": 0,
        "end": 13
      },
      "V869354": {
        "id": "V869354",
        "indicator": "THE",
        "type": "QUANTITY-ABSTR",
        "word": null,
        "roles": {
          "FIGURE": "#V869166"
        },
        "start": 0,
        "end": 3
      },
      "V869166": {
        "id": "V869166",
        "indicator": "PRO",
        "type": "PERSON",
        "word": "I",
        "roles": {
          "PROFORM": "I",
          "LEX": "I",
          "WNSENSE": "person%1:03:00"
        },
        "start": 0,
        "end": 3
      },
      "root": "#V871319"
    },
    {
      "V871882": {
        "id": "V871882",
        "indicator": "SPEECHACT",
        "type": "SA_REQUEST",
        "word": null,
        "roles": {
          "PUNCTYPE": "DECL",
          "CONTENT": "#V869223",
          "LEX": "ABUSE"
        },
        "start": 13,
        "end": 60
      },
      "V869223": {
        "id": "V869223",
        "indicator": "F",
        "type": "ABUSE",
        "word": "ABUSE",
        "roles": {
          "MOD": "#V869215",
          "AGENT": "#V871878",
          "FORMAL": "#V869267",
          "TIME": "#V869252",
          "TENSE": "PRES",
          "VFORM": "BASE",
          "LEX": "ABUSE",
          "WNSENSE": "abuse%2:41:00::"
        },
        "start": 13,
        "end": 59
      },
      "V871878": {
        "id": "V871878",
        "indicator": "IMPRO",
        "type": "PERSON",
        "word": null,
        "roles": {
          "PROFORM": "*YOU*"
        },
        "start": 13,
        "end": 59
      },
      "V869215": {
        "id": "V869215",
        "indicator": "F",
        "type": "PREDICATE",
        "word": "SEXUALLY",
        "roles": {
          "FIGURE": "#V869223",
          "LEX": "SEXUALLY",
          "WNSENSE": "sexually%4:02:01::"
        },
        "start": 13,
        "end": 22
      },
      "V869252": {
        "id": "V869252",
        "indicator": "F",
        "type": "SINCE",
        "word": "SINCE",
        "roles": {
          "EXTENT": "#V869236",
          "GROUND": "#V869515",
          "FIGURE": "#V869223"
        },
        "start": 28,
        "end": 45
      },
      "V869515": {
        "id": "V869515",
        "indicator": "IMPRO",
        "type": "ANY-SEM",
        "word": null,
        "roles": {},
        "start": 28,
        "end": 45
      },
      "V869236": {
        "id": "V869236",
        "indicator": "INDEF-SET",
        "type": "QUANTITY-ABSTR",
        "word": null,
        "roles": {
          "SCALE": "DOMAIN",
          "UNIT": "(:* MULTIPLE TIME)",
          "SIZE": "MANY",
          "LEX": "TIMES",
          "WNSENSE": "multiple%1:09:00"
        },
        "start": 28,
        "end": 39
      },
      "V869267": {
        "id": "V869267",
        "indicator": "THE",
        "type": "AGE-SCALE",
        "word": "AGE",
        "roles": {
          "FIGURE": "#V869282",
          "LEX": "AGE",
          "WNSENSE": "age%1:07:00::"
        },
        "start": 45,
        "end": 59
      },
      "V869282": {
        "id": "V869282",
        "indicator": "THE",
        "type": "NUMBER",
        "word": null,
        "roles": {
          "NUMBER": "5",
          "LEX": "FIVE"
        },
        "start": 53,
        "end": 59
      },
      "root": "#V871882"
    },
    {
      "V871109": {
        "id": "V871109",
        "indicator": "SPEECHACT",
        "type": "SA_TELL",
        "word": null,
        "roles": {
          "CONTENT": "#V869199",
          "LEX": "BEEN"
        },
        "start": 0,
        "end": 13
      },
      "V869199": {
        "id": "V869199",
        "indicator": "F",
        "type": "ELLIPSIS",
        "word": null,
        "roles": {
          "NEUTRAL": "#V869166",
          "TENSE": "PRES",
          "PERF": "+",
          "PROGR": "+",
          "LEX": "BEEN"
        },
        "start": 0,
        "end": 13
      },
      "V869166": {
        "id": "V869166",
        "indicator": "PRO",
        "type": "PERSON",
        "word": "I",
        "roles": {
          "PROFORM": "I",
          "LEX": "I",
          "WNSENSE": "person%1:03:00"
        },
        "start": 0,
        "end": 3
      },
      "root": "#V871109"
    },
    {
      "V872068": {
        "id": "V872068",
        "indicator": "SPEECHACT",
        "type": "SA_REQUEST",
        "word": null,
        "roles": {
          "PUNCTYPE": "DECL",
          "CONTENT": "#V869223",
          "LEX": "ABUSE"
        },
        "start": 13,
        "end": 60
      },
      "V869223": {
        "id": "V869223",
        "indicator": "F",
        "type": "ABUSE",
        "word": "ABUSE",
        "roles": {
          "MOD": "#V869215",
          "AGENT": "#V872064",
          "FORMAL": "#V869267",
          "TIME": "#V869252",
          "TENSE": "PRES",
          "VFORM": "BASE",
          "LEX": "ABUSE",
          "WNSENSE": "abuse%2:41:00::"
        },
        "start": 13,
        "end": 59
      },
      "V872064": {
        "id": "V872064",
        "indicator": "IMPRO",
        "type": "PERSON",
        "word": null,
        "roles": {
          "PROFORM": "*YOU*"
        },
        "start": 13,
        "end": 59
      },
      "V869215": {
        "id": "V869215",
        "indicator": "F",
        "type": "PREDICATE",
        "word": "SEXUALLY",
        "roles": {
          "FIGURE": "#V869223",
          "LEX": "SEXUALLY",
          "WNSENSE": "sexually%4:02:01::"
        },
        "start": 13,
        "end": 22
      },
      "V869252": {
        "id": "V869252",
        "indicator": "F",
        "type": "SINCE",
        "word": "SINCE",
        "roles": {
          "EXTENT": "#V869236",
          "GROUND": "#V869515",
          "FIGURE": "#V869223"
        },
        "start": 28,
        "end": 45
      },
      "V869515": {
        "id": "V869515",
        "indicator": "IMPRO",
        "type": "ANY-SEM",
        "word": null,
        "roles": {},
        "start": 28,
        "end": 45
      },
      "V869236": {
        "id": "V869236",
        "indicator": "INDEF-SET",
        "type": "QUANTITY-ABSTR",
        "word": null,
        "roles": {
          "SCALE": "DOMAIN",
          "UNIT": "(:* MULTIPLE TIME)",
          "SIZE": "MANY",
          "LEX": "TIMES",
          "WNSENSE": "multiple%1:09:00"
        },
        "start": 28,
        "end": 39
      },
      "V869267": {
        "id": "V869267",
        "indicator": "THE",
        "type": "AGE-SCALE",
        "word": "AGE",
        "roles": {
          "FIGURE": "#V869364",
          "LEX": "AGE",
          "WNSENSE": "age%1:07:00::"
        },
        "start": 45,
        "end": 59
      },
      "V869364": {
        "id": "V869364",
        "indicator": "THE",
        "type": "QUANTITY-ABSTR",
        "word": null,
        "roles": {
          "FIGURE": "#V869282",
          "LEX": "-"
        },
        "start": 53,
        "end": 59
      },
      "V869282": {
        "id": "V869282",
        "indicator": "THE",
        "type": "NUMBER",
        "word": null,
        "roles": {
          "NUMBER": "5",
          "LEX": "FIVE"
        },
        "start": 57,
        "end": 59
      },
      "root": "#V872068"
    },
    {
      "V871109": {
        "id": "V871109",
        "indicator": "SPEECHACT",
        "type": "SA_TELL",
        "word": null,
        "roles": {
          "CONTENT": "#V869199",
          "LEX": "BEEN"
        },
        "start": 0,
        "end": 13
      },
      "V869199": {
        "id": "V869199",
        "indicator": "F",
        "type": "ELLIPSIS",
        "word": null,
        "roles": {
          "NEUTRAL": "#V869166",
          "TENSE": "PRES",
          "PERF": "+",
          "PROGR": "+",
          "LEX": "BEEN"
        },
        "start": 0,
        "end": 13
      },
      "V869166": {
        "id": "V869166",
        "indicator": "PRO",
        "type": "PERSON",
        "word": "I",
        "roles": {
          "PROFORM": "I",
          "LEX": "I",
          "WNSENSE": "person%1:03:00"
        },
        "start": 0,
        "end": 3
      },
      "root": "#V871109"
    },
    {
      "V872084": {
        "id": "V872084",
        "indicator": "SPEECHACT",
        "type": "SA_REQUEST",
        "word": null,
        "roles": {
          "PUNCTYPE": "DECL",
          "CONTENT": "#V869223",
          "LEX": "ABUSE"
        },
        "start": 13,
        "end": 60
      },
      "V869223": {
        "id": "V869223",
        "indicator": "F",
        "type": "ABUSE",
        "word": "ABUSE",
        "roles": {
          "MOD": "#V869215",
          "AGENT": "#V872078",
          "FORMAL": "#V870208",
          "TIME": "#V869252",
          "TENSE": "PRES",
          "VFORM": "BASE",
          "LEX": "ABUSE",
          "WNSENSE": "abuse%2:41:00::"
        },
        "start": 13,
        "end": 59
      },
      "V872078": {
        "id": "V872078",
        "indicator": "IMPRO",
        "type": "PERSON",
        "word": null,
        "roles": {
          "PROFORM": "*YOU*"
        },
        "start": 13,
        "end": 59
      },
      "V869215": {
        "id": "V869215",
        "indicator": "F",
        "type": "PREDICATE",
        "word": "SEXUALLY",
        "roles": {
          "FIGURE": "#V869223",
          "LEX": "SEXUALLY",
          "WNSENSE": "sexually%4:02:01::"
        },
        "start": 13,
        "end": 22
      },
      "V869252": {
        "id": "V869252",
        "indicator": "F",
        "type": "SINCE",
        "word": "SINCE",
        "roles": {
          "EXTENT": "#V869236",
          "GROUND": "#V869515",
          "FIGURE": "#V869223"
        },
        "start": 28,
        "end": 45
      },
      "V869515": {
        "id": "V869515",
        "indicator": "IMPRO",
        "type": "ANY-SEM",
        "word": null,
        "roles": {},
        "start": 28,
        "end": 45
      },
      "V869236": {
        "id": "V869236",
        "indicator": "A",
        "type": "QUANTITY-ABSTR",
        "word": null,
        "roles": {
          "SCALE": "DOMAIN",
          "UNIT": "(:* MULTIPLE TIME)",
          "AMOUNT": "MANY",
          "LEX": "TIMES",
          "WNSENSE": "multiple%1:09:00"
        },
        "start": 28,
        "end": 39
      },
      "V870208": {
        "id": "V870208",
        "indicator": "THE",
        "type": "QUANTITY-ABSTR",
        "word": null,
        "roles": {
          "FIGURE": "#V869267"
        },
        "start": 45,
        "end": 59
      },
      "V869267": {
        "id": "V869267",
        "indicator": "THE",
        "type": "AGE-SCALE",
        "word": "AGE",
        "roles": {
          "SCALE": "TIME-MEASURE-SCALE",
          "MOD": "#V869273",
          "LEX": "AGE",
          "WNSENSE": "age%1:07:00::"
        },
        "start": 45,
        "end": 59
      },
      "V869273": {
        "id": "V869273",
        "indicator": "F",
        "type": "ASSOC-WITH",
        "word": "OF",
        "roles": {
          "GROUND": "#V869282",
          "FIGURE": "#V869267",
          "LEX": "OF"
        },
        "start": 53,
        "end": 59
      },
      "V869282": {
        "id": "V869282",
        "indicator": "THE",
        "type": "NUMBER",
        "word": null,
        "roles": {
          "NUMBER": "5",
          "LEX": "FIVE"
        },
        "start": 57,
        "end": 59
      },
      "root": "#V872084"
    },
    {
      "V871109": {
        "id": "V871109",
        "indicator": "SPEECHACT",
        "type": "SA_TELL",
        "word": null,
        "roles": {
          "CONTENT": "#V869199",
          "LEX": "BEEN"
        },
        "start": 0,
        "end": 13
      },
      "V869199": {
        "id": "V869199",
        "indicator": "F",
        "type": "ELLIPSIS",
        "word": null,
        "roles": {
          "NEUTRAL": "#V869166",
          "TENSE": "PRES",
          "PERF": "+",
          "PROGR": "+",
          "LEX": "BEEN"
        },
        "start": 0,
        "end": 13
      },
      "V869166": {
        "id": "V869166",
        "indicator": "PRO",
        "type": "PERSON",
        "word": "I",
        "roles": {
          "PROFORM": "I",
          "LEX": "I",
          "WNSENSE": "person%1:03:00"
        },
        "start": 0,
        "end": 3
      },
      "root": "#V871109"
    },
    {
      "V872082": {
        "id": "V872082",
        "indicator": "SPEECHACT",
        "type": "SA_REQUEST",
        "word": null,
        "roles": {
          "PUNCTYPE": "DECL",
          "CONTENT": "#V869223",
          "LEX": "ABUSE"
        },
        "start": 13,
        "end": 60
      },
      "V869223": {
        "id": "V869223",
        "indicator": "F",
        "type": "ABUSE",
        "word": "ABUSE",
        "roles": {
          "MOD": "#V869215",
          "AGENT": "#V872072",
          "FORMAL": "#V870213",
          "TIME": "#V869252",
          "TENSE": "PRES",
          "VFORM": "BASE",
          "LEX": "ABUSE",
          "WNSENSE": "abuse%2:41:00::"
        },
        "start": 13,
        "end": 59
      },
      "V872072": {
        "id": "V872072",
        "indicator": "IMPRO",
        "type": "PERSON",
        "word": null,
        "roles": {
          "PROFORM": "*YOU*"
        },
        "start": 13,
        "end": 59
      },
      "V869215": {
        "id": "V869215",
        "indicator": "F",
        "type": "PREDICATE",
        "word": "SEXUALLY",
        "roles": {
          "FIGURE": "#V869223",
          "LEX": "SEXUALLY",
          "WNSENSE": "sexually%4:02:01::"
        },
        "start": 13,
        "end": 22
      },
      "V869252": {
        "id": "V869252",
        "indicator": "F",
        "type": "SINCE",
        "word": "SINCE",
        "roles": {
          "EXTENT": "#V869236",
          "GROUND": "#V869515",
          "FIGURE": "#V869223"
        },
        "start": 28,
        "end": 45
      },
      "V869515": {
        "id": "V869515",
        "indicator": "IMPRO",
        "type": "ANY-SEM",
        "word": null,
        "roles": {},
        "start": 28,
        "end": 45
      },
      "V869236": {
        "id": "V869236",
        "indicator": "A",
        "type": "QUANTITY-ABSTR",
        "word": null,
        "roles": {
          "SCALE": "DOMAIN",
          "UNIT": "(:* MULTIPLE TIME)",
          "AMOUNT": "MANY",
          "LEX": "TIMES",
          "WNSENSE": "multiple%1:09:00"
        },
        "start": 28,
        "end": 39
      },
      "V870213": {
        "id": "V870213",
        "indicator": "THE",
        "type": "QUANTITY-ABSTR",
        "word": null,
        "roles": {
          "FIGURE": "#V869267"
        },
        "start": 45,
        "end": 59
      },
      "V869267": {
        "id": "V869267",
        "indicator": "THE",
        "type": "AGE-SCALE",
        "word": "AGE",
        "roles": {
          "SCALE": "TIME-MEASURE-SCALE",
          "MOD": "#V869273",
          "LEX": "AGE",
          "WNSENSE": "age%1:07:00::"
        },
        "start": 45,
        "end": 59
      },
      "V869273": {
        "id": "V869273",
        "indicator": "F",
        "type": "ASSOC-WITH",
        "word": "OF",
        "roles": {
          "GROUND": "#V869341",
          "FIGURE": "#V869267",
          "LEX": "OF"
        },
        "start": 53,
        "end": 59
      },
      "V869341": {
        "id": "V869341",
        "indicator": "A",
        "type": "QUANTITY-ABSTR",
        "word": null,
        "roles": {
          "AMOUNT": "#V869282",
          "LEX": "FIVE"
        },
        "start": 57,
        "end": 59
      },
      "V869282": {
        "id": "V869282",
        "indicator": "A",
        "type": "NUMBER",
        "word": null,
        "roles": {
          "VALUE": "5"
        },
        "start": 57,
        "end": 59
      },
      "root": "#V872082"
    },
    {
      "V871109": {
        "id": "V871109",
        "indicator": "SPEECHACT",
        "type": "SA_TELL",
        "word": null,
        "roles": {
          "CONTENT": "#V869199",
          "LEX": "BEEN"
        },
        "start": 0,
        "end": 13
      },
      "V869199": {
        "id": "V869199",
        "indicator": "F",
        "type": "ELLIPSIS",
        "word": null,
        "roles": {
          "NEUTRAL": "#V869166",
          "TENSE": "PRES",
          "PERF": "+",
          "PROGR": "+",
          "LEX": "BEEN"
        },
        "start": 0,
        "end": 13
      },
      "V869166": {
        "id": "V869166",
        "indicator": "PRO",
        "type": "PERSON",
        "word": "I",
        "roles": {
          "PROFORM": "I",
          "LEX": "I",
          "WNSENSE": "person%1:03:00"
        },
        "start": 0,
        "end": 3
      },
      "root": "#V871109"
    },
    {
      "V872169": {
        "id": "V872169",
        "indicator": "SPEECHACT",
        "type": "SA_REQUEST",
        "word": null,
        "roles": {
          "PUNCTYPE": "DECL",
          "CONTENT": "#V869223",
          "LEX": "ABUSE"
        },
        "start": 13,
        "end": 60
      },
      "V869223": {
        "id": "V869223",
        "indicator": "F",
        "type": "ABUSE",
        "word": "ABUSE",
        "roles": {
          "MOD": "#V869215",
          "AGENT": "#V872165",
          "FORMAL": "#V870259",
          "TIME": "#V869252",
          "TENSE": "PRES",
          "VFORM": "BASE",
          "LEX": "ABUSE",
          "WNSENSE": "abuse%2:41:00::"
        },
        "start": 13,
        "end": 59
      },
      "V872165": {
        "id": "V872165",
        "indicator": "IMPRO",
        "type": "PERSON",
        "word": null,
        "roles": {
          "PROFORM": "*YOU*"
        },
        "start": 13,
        "end": 59
      },
      "V869215": {
        "id": "V869215",
        "indicator": "F",
        "type": "PREDICATE",
        "word": "SEXUALLY",
        "roles": {
          "FIGURE": "#V869223",
          "LEX": "SEXUALLY",
          "WNSENSE": "sexually%4:02:01::"
        },
        "start": 13,
        "end": 22
      },
      "V869252": {
        "id": "V869252",
        "indicator": "F",
        "type": "SINCE",
        "word": "SINCE",
        "roles": {
          "EXTENT": "#V869236",
          "GROUND": "#V869515",
          "FIGURE": "#V869223"
        },
        "start": 28,
        "end": 45
      },
      "V869515": {
        "id": "V869515",
        "indicator": "IMPRO",
        "type": "ANY-SEM",
        "word": null,
        "roles": {},
        "start": 28,
        "end": 45
      },
      "V869236": {
        "id": "V869236",
        "indicator": "A",
        "type": "QUANTITY-ABSTR",
        "word": null,
        "roles": {
          "SCALE": "DOMAIN",
          "UNIT": "(:* MULTIPLE TIME)",
          "AMOUNT": "MANY",
          "LEX": "TIMES",
          "WNSENSE": "multiple%1:09:00"
        },
        "start": 28,
        "end": 39
      },
      "V870259": {
        "id": "V870259",
        "indicator": "THE",
        "type": "QUANTITY-ABSTR",
        "word": null,
        "roles": {
          "FIGURE": "#V869267"
        },
        "start": 45,
        "end": 59
      },
      "V869267": {
        "id": "V869267",
        "indicator": "THE",
        "type": "AGE-SCALE",
        "word": "AGE",
        "roles": {
          "FIGURE": "#V869663",
          "LEX": "AGE",
          "WNSENSE": "age%1:07:00::"
        },
        "start": 45,
        "end": 59
      },
      "V869663": {
        "id": "V869663",
        "indicator": "THE",
        "type": "QUANTITY-ABSTR",
        "word": null,
        "roles": {
          "FIGURE": "#V869282",
          "LEX": "-"
        },
        "start": 53,
        "end": 59
      },
      "V869282": {
        "id": "V869282",
        "indicator": "THE",
        "type": "TIME-LOC",
        "word": null,
        "roles": {
          "NAME-OF": "FIVE",
          "HOUR": "5",
          "LEX": "FIVE"
        },
        "start": 57,
        "end": 59
      },
      "root": "#V872169"
    },
    {
      "V871109": {
        "id": "V871109",
        "indicator": "SPEECHACT",
        "type": "SA_TELL",
        "word": null,
        "roles": {
          "CONTENT": "#V869199",
          "LEX": "BEEN"
        },
        "start": 0,
        "end": 13
      },
      "V869199": {
        "id": "V869199",
        "indicator": "F",
        "type": "ELLIPSIS",
        "word": null,
        "roles": {
          "NEUTRAL": "#V869166",
          "TENSE": "PRES",
          "PERF": "+",
          "PROGR": "+",
          "LEX": "BEEN"
        },
        "start": 0,
        "end": 13
      },
      "V869166": {
        "id": "V869166",
        "indicator": "PRO",
        "type": "PERSON",
        "word": "I",
        "roles": {
          "PROFORM": "I",
          "LEX": "I",
          "WNSENSE": "person%1:03:00"
        },
        "start": 0,
        "end": 3
      },
      "root": "#V871109"
    },
    {
      "V872238": {
        "id": "V872238",
        "indicator": "SPEECHACT",
        "type": "SA_REQUEST",
        "word": null,
        "roles": {
          "PUNCTYPE": "DECL",
          "CONTENT": "#V869223",
          "LEX": "ABUSE"
        },
        "start": 13,
        "end": 60
      },
      "V869223": {
        "id": "V869223",
        "indicator": "F",
        "type": "ABUSE",
        "word": "ABUSE",
        "roles": {
          "MOD": "#V869215",
          "AGENT": "#V872234",
          "FORMAL": "#V870375",
          "TIME": "#V869252",
          "TENSE": "PRES",
          "VFORM": "BASE",
          "LEX": "ABUSE",
          "WNSENSE": "abuse%2:41:00::"
        },
        "start": 13,
        "end": 59
      },
      "V872234": {
        "id": "V872234",
        "indicator": "IMPRO",
        "type": "PERSON",
        "word": null,
        "roles": {
          "PROFORM": "*YOU*"
        },
        "start": 13,
        "end": 59
      },
      "V869215": {
        "id": "V869215",
        "indicator": "F",
        "type": "PREDICATE",
        "word": "SEXUALLY",
        "roles": {
          "FIGURE": "#V869223",
          "LEX": "SEXUALLY",
          "WNSENSE": "sexually%4:02:01::"
        },
        "start": 13,
        "end": 22
      },
      "V869252": {
        "id": "V869252",
        "indicator": "F",
        "type": "SINCE",
        "word": "SINCE",
        "roles": {
          "EXTENT": "#V869236",
          "GROUND": "#V869515",
          "FIGURE": "#V869223"
        },
        "start": 28,
        "end": 45
      },
      "V869515": {
        "id": "V869515",
        "indicator": "IMPRO",
        "type": "ANY-SEM",
        "word": null,
        "roles": {},
        "start": 28,
        "end": 45
      },
      "V869236": {
        "id": "V869236",
        "indicator": "A",
        "type": "QUANTITY-ABSTR",
        "word": null,
        "roles": {
          "SCALE": "DOMAIN",
          "UNIT": "(:* MULTIPLE TIME)",
          "AMOUNT": "MANY",
          "LEX": "TIMES",
          "WNSENSE": "multiple%1:09:00"
        },
        "start": 28,
        "end": 39
      },
      "V870375": {
        "id": "V870375",
        "indicator": "THE",
        "type": "QUANTITY-ABSTR",
        "word": null,
        "roles": {
          "FIGURE": "#V869267"
        },
        "start": 45,
        "end": 59
      },
      "V869267": {
        "id": "V869267",
        "indicator": "THE",
        "type": "AGE-SCALE",
        "word": "AGE",
        "roles": {
          "SCALE": "TIME-MEASURE-SCALE",
          "MOD": "#V869273",
          "LEX": "AGE",
          "WNSENSE": "age%1:07:00::"
        },
        "start": 45,
        "end": 59
      },
      "V869273": {
        "id": "V869273",
        "indicator": "F",
        "type": "ASSOC-WITH",
        "word": "OF",
        "roles": {
          "GROUND": "#V869364",
          "FIGURE": "#V869267",
          "LEX": "OF"
        },
        "start": 53,
        "end": 59
      },
      "V869364": {
        "id": "V869364",
        "indicator": "THE",
        "type": "QUANTITY-ABSTR",
        "word": null,
        "roles": {
          "FIGURE": "#V869282"
        },
        "start": 57,
        "end": 59
      },
      "V869282": {
        "id": "V869282",
        "indicator": "THE",
        "type": "NUMBER",
        "word": null,
        "roles": {
          "NUMBER": "5",
          "LEX": "FIVE"
        },
        "start": 57,
        "end": 59
      },
      "root": "#V872238"
    },
    {
      "V871319": {
        "id": "V871319",
        "indicator": "SPEECHACT",
        "type": "SA_TELL",
        "word": null,
        "roles": {
          "CONTENT": "#V869199",
          "LEX": "BEEN"
        },
        "start": 0,
        "end": 13
      },
      "V869199": {
        "id": "V869199",
        "indicator": "F",
        "type": "ELLIPSIS",
        "word": null,
        "roles": {
          "NEUTRAL": "#V869354",
          "TENSE": "PRES",
          "PERF": "+",
          "PROGR": "+",
          "LEX": "BEEN"
        },
        "start": 0,
        "end": 13
      },
      "V869354": {
        "id": "V869354",
        "indicator": "THE",
        "type": "QUANTITY-ABSTR",
        "word": null,
        "roles": {
          "FIGURE": "#V869166"
        },
        "start": 0,
        "end": 3
      },
      "V869166": {
        "id": "V869166",
        "indicator": "PRO",
        "type": "PERSON",
        "word": "I",
        "roles": {
          "PROFORM": "I",
          "LEX": "I",
          "WNSENSE": "person%1:03:00"
        },
        "start": 0,
        "end": 3
      },
      "root": "#V871319"
    },
    {
      "V872068": {
        "id": "V872068",
        "indicator": "SPEECHACT",
        "type": "SA_REQUEST",
        "word": null,
        "roles": {
          "PUNCTYPE": "DECL",
          "CONTENT": "#V869223",
          "LEX": "ABUSE"
        },
        "start": 13,
        "end": 60
      },
      "V869223": {
        "id": "V869223",
        "indicator": "F",
        "type": "ABUSE",
        "word": "ABUSE",
        "roles": {
          "MOD": "#V869215",
          "AGENT": "#V872064",
          "FORMAL": "#V869267",
          "TIME": "#V869252",
          "TENSE": "PRES",
          "VFORM": "BASE",
          "LEX": "ABUSE",
          "WNSENSE": "abuse%2:41:00::"
        },
        "start": 13,
        "end": 59
      },
      "V872064": {
        "id": "V872064",
        "indicator": "IMPRO",
        "type": "PERSON",
        "word": null,
        "roles": {
          "PROFORM": "*YOU*"
        },
        "start": 13,
        "end": 59
      },
      "V869215": {
        "id": "V869215",
        "indicator": "F",
        "type": "PREDICATE",
        "word": "SEXUALLY",
        "roles": {
          "FIGURE": "#V869223",
          "LEX": "SEXUALLY",
          "WNSENSE": "sexually%4:02:01::"
        },
        "start": 13,
        "end": 22
      },
      "V869252": {
        "id": "V869252",
        "indicator": "F",
        "type": "SINCE",
        "word": "SINCE",
        "roles": {
          "EXTENT": "#V869236",
          "GROUND": "#V869515",
          "FIGURE": "#V869223"
        },
        "start": 28,
        "end": 45
      },
      "V869515": {
        "id": "V869515",
        "indicator": "IMPRO",
        "type": "ANY-SEM",
        "word": null,
        "roles": {},
        "start": 28,
        "end": 45
      },
      "V869236": {
        "id": "V869236",
        "indicator": "INDEF-SET",
        "type": "QUANTITY-ABSTR",
        "word": null,
        "roles": {
          "SCALE": "DOMAIN",
          "UNIT": "(:* MULTIPLE TIME)",
          "SIZE": "MANY",
          "LEX": "TIMES",
          "WNSENSE": "multiple%1:09:00"
        },
        "start": 28,
        "end": 39
      },
      "V869267": {
        "id": "V869267",
        "indicator": "THE",
        "type": "AGE-SCALE",
        "word": "AGE",
        "roles": {
          "FIGURE": "#V869364",
          "LEX": "AGE",
          "WNSENSE": "age%1:07:00::"
        },
        "start": 45,
        "end": 59
      },
      "V869364": {
        "id": "V869364",
        "indicator": "THE",
        "type": "QUANTITY-ABSTR",
        "word": null,
        "roles": {
          "FIGURE": "#V869282",
          "LEX": "-"
        },
        "start": 53,
        "end": 59
      },
      "V869282": {
        "id": "V869282",
        "indicator": "THE",
        "type": "NUMBER",
        "word": null,
        "roles": {
          "NUMBER": "5",
          "LEX": "FIVE"
        },
        "start": 57,
        "end": 59
      },
      "root": "#V872068"
    }
  ],
  "inputtags": [],
  "debug": [
    "*last-utt-id*=NIL  utt-id+136",
    "*last-utt-id*=136  utt-id+136",
    "*last-utt-id*=136  utt-id+NIL"
  ]
}
