{
  "parse": [
    {
      "V2159898": {
        "id": "V2159898",
        "indicator": "F",
        "type": "EXISTS",
        "word": "BE",
        "roles": {
          "OPERATOR": "BUT",
          "SEQUENCE": "#V2159049",
          "SEQUENCE1": "#V2159064",
          "REASON": "#V2159130",
          "TENSE": "PRES",
          "LEX": "BUT"
        },
        "start": 0,
        "end": 58
      },
      "V2159064": {
        "id": "V2159064",
        "indicator": "F",
        "type": "PRAISE",
        "word": "LAUD",
        "roles": {
          "FORMAL": "#V2159088",
          "LEX": "LAUD",
          "WNSENSE": "laud%2:32:00::"
        },
        "start": 0,
        "end": 58
      },
      "V2159049": {
        "id": "V2159049",
        "indicator": "F",
        "type": "DISLIKING",
        "word": "ABHOR",
        "roles": {
          "NEUTRAL": "#V2159053",
          "LEX": "ABHOR",
          "WNSENSE": "abhor%2:37:00::"
        },
        "start": 0,
        "end": 58
      },
      "V2159053": {
        "id": "V2159053",
        "indicator": "INDEF-SET",
        "type": "ACTIVITY-EVENT",
        "word": "ACTION",
        "roles": {
          "LEX": "ACTIONS",
          "WNSENSE": "action%1:04:02::"
        },
        "start": 6,
        "end": 14
      },
      "V2159088": {
        "id": "V2159088",
        "indicator": "THE",
        "type": "CONSUME",
        "word": "TAKE",
        "roles": {
          "AFFECTED": "#V2159070",
          "LEX": "TAKING",
          "WNSENSE": "take%2:34:00::"
        },
        "start": 23,
        "end": 49
      },
      "V2159070": {
        "id": "V2159070",
        "indicator": "PRO",
        "type": "MALE-PERSON",
        "word": "HIS",
        "roles": {
          "LEX": "HIS",
          "PROFORM": "HIS",
          "WNSENSE": "man%1:18:00"
        },
        "start": 23,
        "end": 49
      },
      "V2159130": {
        "id": "V2159130",
        "indicator": "F",
        "type": "PURPOSE",
        "word": "FOR",
        "roles": {
          "GROUND": "#V2159154",
          "FIGURE": "#V2159898",
          "LEX": "FOR"
        },
        "start": 49,
        "end": 58
      },
      "V2159154": {
        "id": "V2159154",
        "indicator": "PRO-SET",
        "type": "REFERENTIAL-SEM",
        "word": "THEM",
        "roles": {
          "PROFORM": "THEM",
          "LEX": "THEM",
          "WNSENSE": "entity%1:03:00",
          "COREF": "#V2159053"
        },
        "start": 53,
        "end": 58
      },
      "root": "#V2159898"
    },
    {
      "V2159157": {
        "id": "V2159157",
        "indicator": "F",
        "type": "PARENTHETICAL",
        "word": "UNLIKE",
        "roles": {
          "LEX": "UNLIKE"
        },
        "start": 58,
        "end": 65
      },
      "root": "#V2159157"
    },
    {
      "V2164208": {
        "id": "V2164208",
        "indicator": "SPEECHACT",
        "type": "SA_TELL",
        "word": null,
        "roles": {
          "CONTENT": "#V2159182",
          "MOD": "#V2159160",
          "LEX": "CALLED"
        },
        "start": 65,
        "end": 102
      },
      "V2159160": {
        "id": "V2159160",
        "indicator": "F",
        "type": "QUALIFICATION",
        "word": "BASICALLY",
        "roles": {
          "FIGURE": "#V2164208",
          "LEX": "BASICALLY",
          "WNSENSE": "basically%4:02:00::"
        },
        "start": 65,
        "end": 75
      },
      "V2159182": {
        "id": "V2159182",
        "indicator": "F",
        "type": "APPEAL-APPLY-DEMAND",
        "word": "CALL",
        "roles": {
          "AGENT": "#V2159167",
          "MANNER": "#V2159197",
          "TENSE": "PAST",
          "LEX": "CALLED",
          "WNSENSE": "call%2:38:00::"
        },
        "start": 75,
        "end": 102
      },
      "V2159167": {
        "id": "V2159167",
        "indicator": "QUANTIFIER",
        "type": "PERSON",
        "word": "EVERYONE",
        "roles": {
          "PROFORM": "EVERYONE",
          "MOD": "#V2159171",
          "LEX": "EVERYONE",
          "WNSENSE": "person%1:03:00"
        },
        "start": 75,
        "end": 89
      },
      "V2159171": {
        "id": "V2159171",
        "indicator": "F",
        "type": "IDENTITY-VAL",
        "word": "ELSE",
        "roles": {
          "FORMAL": "#V2159167",
          "SCALE": "SIMILARITY-SCALE",
          "LEX": "ELSE"
        },
        "start": 84,
        "end": 89
      },
      "V2159197": {
        "id": "V2159197",
        "indicator": "F",
        "type": "COMPLETELY",
        "word": "OUT",
        "roles": {
          "FIGURE": "#V2159182",
          "LEX": "OUT",
          "WNSENSE": "out%4:02:03::"
        },
        "start": 96,
        "end": 100
      },
      "root": "#V2164208"
    },
    {
      "V2159898": {
        "id": "V2159898",
        "indicator": "F",
        "type": "EXISTS",
        "word": "BE",
        "roles": {
          "OPERATOR": "BUT",
          "SEQUENCE": "#V2159049",
          "SEQUENCE1": "#V2159064",
          "REASON": "#V2159130",
          "VFORM": "BASE",
          "LEX": "BUT"
        },
        "start": 0,
        "end": 58
      },
      "V2159064": {
        "id": "V2159064",
        "indicator": "F",
        "type": "PRAISE",
        "word": "LAUD",
        "roles": {
          "FORMAL": "#V2159088",
          "LEX": "LAUD",
          "WNSENSE": "laud%2:32:00::"
        },
        "start": 0,
        "end": 58
      },
      "V2159049": {
        "id": "V2159049",
        "indicator": "F",
        "type": "DISLIKING",
        "word": "ABHOR",
        "roles": {
          "NEUTRAL": "#V2159053",
          "LEX": "ABHOR",
          "WNSENSE": "abhor%2:37:00::"
        },
        "start": 0,
        "end": 58
      },
      "V2159053": {
        "id": "V2159053",
        "indicator": "INDEF-SET",
        "type": "ACTIVITY-EVENT",
        "word": "ACTION",
        "roles": {
          "LEX": "ACTIONS",
          "WNSENSE": "action%1:04:02::"
        },
        "start": 6,
        "end": 14
      },
      "V2159088": {
        "id": "V2159088",
        "indicator": "THE",
        "type": "CONSUME",
        "word": "TAKE",
        "roles": {
          "AFFECTED": "#V2159070",
          "LEX": "TAKING",
          "WNSENSE": "take%2:34:00::"
        },
        "start": 23,
        "end": 49
      },
      "V2159070": {
        "id": "V2159070",
        "indicator": "PRO",
        "type": "MALE-PERSON",
        "word": "HIS",
        "roles": {
          "LEX": "HIS",
          "PROFORM": "HIS",
          "WNSENSE": "man%1:18:00"
        },
        "start": 23,
        "end": 49
      },
      "V2159130": {
        "id": "V2159130",
        "indicator": "F",
        "type": "PURPOSE",
        "word": "FOR",
        "roles": {
          "GROUND": "#V2159154",
          "FIGURE": "#V2159898",
          "LEX": "FOR"
        },
        "start": 49,
        "end": 58
      },
      "V2159154": {
        "id": "V2159154",
        "indicator": "PRO-SET",
        "type": "REFERENTIAL-SEM",
        "word": "THEM",
        "roles": {
          "PROFORM": "THEM",
          "LEX": "THEM",
          "WNSENSE": "entity%1:03:00"
        },
        "start": 53,
        "end": 58
      },
      "root": "#V2159898"
    },
    {
      "V2159157": {
        "id": "V2159157",
        "indicator": "F",
        "type": "PARENTHETICAL",
        "word": "UNLIKE",
        "roles": {
          "LEX": "UNLIKE"
        },
        "start": 58,
        "end": 65
      },
      "root": "#V2159157"
    },
    {
      "V2164208": {
        "id": "V2164208",
        "indicator": "SPEECHACT",
        "type": "SA_TELL",
        "word": null,
        "roles": {
          "CONTENT": "#V2159182",
          "MOD": "#V2159160",
          "LEX": "CALLED"
        },
        "start": 65,
        "end": 103
      },
      "V2159160": {
        "id": "V2159160",
        "indicator": "F",
        "type": "QUALIFICATION",
        "word": "BASICALLY",
        "roles": {
          "FIGURE": "#V2164208",
          "LEX": "BASICALLY",
          "WNSENSE": "basically%4:02:00::"
        },
        "start": 65,
        "end": 75
      },
      "V2159182": {
        "id": "V2159182",
        "indicator": "F",
        "type": "APPEAL-APPLY-DEMAND",
        "word": "CALL",
        "roles": {
          "AGENT": "#V2159167",
          "MANNER": "#V2159197",
          "TENSE": "PAST",
          "LEX": "CALLED",
          "WNSENSE": "call%2:38:00::"
        },
        "start": 75,
        "end": 103
      },
      "V2159167": {
        "id": "V2159167",
        "indicator": "QUANTIFIER",
        "type": "PERSON",
        "word": "EVERYONE",
        "roles": {
          "PROFORM": "EVERYONE",
          "MOD": "#V2159171",
          "LEX": "EVERYONE",
          "WNSENSE": "person%1:03:00"
        },
        "start": 75,
        "end": 89
      },
      "V2159171": {
        "id": "V2159171",
        "indicator": "F",
        "type": "IDENTITY-VAL",
        "word": "ELSE",
        "roles": {
          "FORMAL": "#V2159167",
          "SCALE": "SIMILARITY-SCALE",
          "LEX": "ELSE"
        },
        "start": 84,
        "end": 89
      },
      "V2159197": {
        "id": "V2159197",
        "indicator": "F",
        "type": "COMPLETELY",
        "word": "OUT",
        "roles": {
          "FIGURE": "#V2159182",
          "LEX": "OUT",
          "WNSENSE": "out%4:02:03::"
        },
        "start": 96,
        "end": 100
      },
      "root": "#V2164208"
    },
    {
      "V2159898": {
        "id": "V2159898",
        "indicator": "F",
        "type": "EXISTS",
        "word": "BE",
        "roles": {
          "OPERATOR": "BUT",
          "SEQUENCE": "#V2159049",
          "SEQUENCE1": "#V2159064",
          "REASON": "#V2159130",
          "TENSE": "PRES",
          "LEX": "BUT"
        },
        "start": 0,
        "end": 58
      },
      "V2159064": {
        "id": "V2159064",
        "indicator": "F",
        "type": "PRAISE",
        "word": "LAUD",
        "roles": {
          "FORMAL": "#V2159094",
          "LEX": "LAUD",
          "WNSENSE": "laud%2:32:00::"
        },
        "start": 0,
        "end": 58
      },
      "V2159049": {
        "id": "V2159049",
        "indicator": "F",
        "type": "DISLIKING",
        "word": "ABHOR",
        "roles": {
          "NEUTRAL": "#V2159053",
          "LEX": "ABHOR",
          "WNSENSE": "abhor%2:37:00::"
        },
        "start": 0,
        "end": 58
      },
      "V2159053": {
        "id": "V2159053",
        "indicator": "INDEF-SET",
        "type": "ACTIVITY-EVENT",
        "word": "ACTION",
        "roles": {
          "LEX": "ACTIONS",
          "WNSENSE": "action%1:04:02::"
        },
        "start": 6,
        "end": 14
      },
      "V2159094": {
        "id": "V2159094",
        "indicator": "THE",
        "type": "ACQUIRE",
        "word": "TAKE",
        "roles": {
          "AFFECTED": "#V2159070",
          "LEX": "TAKING",
          "WNSENSE": "take%2:30:01::"
        },
        "start": 23,
        "end": 49
      },
      "V2159070": {
        "id": "V2159070",
        "indicator": "PRO",
        "type": "MALE-PERSON",
        "word": "HIS",
        "roles": {
          "LEX": "HIS",
          "PROFORM": "HIS",
          "WNSENSE": "man%1:18:00"
        },
        "start": 23,
        "end": 49
      },
      "V2159130": {
        "id": "V2159130",
        "indicator": "F",
        "type": "PURPOSE",
        "word": "FOR",
        "roles": {
          "GROUND": "#V2159154",
          "FIGURE": "#V2159898",
          "LEX": "FOR"
        },
        "start": 49,
        "end": 58
      },
      "V2159154": {
        "id": "V2159154",
        "indicator": "PRO-SET",
        "type": "REFERENTIAL-SEM",
        "word": "THEM",
        "roles": {
          "PROFORM": "THEM",
          "LEX": "THEM",
          "WNSENSE": "entity%1:03:00"
        },
        "start": 53,
        "end": 58
      },
      "root": "#V2159898"
    },
    {
      "V2159157": {
        "id": "V2159157",
        "indicator": "F",
        "type": "PARENTHETICAL",
        "word": "UNLIKE",
        "roles": {
          "LEX": "UNLIKE"
        },
        "start": 58,
        "end": 65
      },
      "root": "#V2159157"
    },
    {
      "V2164208": {
        "id": "V2164208",
        "indicator": "SPEECHACT",
        "type": "SA_TELL",
        "word": null,
        "roles": {
          "CONTENT": "#V2159182",
          "MOD": "#V2159160",
          "LEX": "CALLED"
        },
        "start": 65,
        "end": 103
      },
      "V2159160": {
        "id": "V2159160",
        "indicator": "F",
        "type": "QUALIFICATION",
        "word": "BASICALLY",
        "roles": {
          "FIGURE": "#V2164208",
          "LEX": "BASICALLY",
          "WNSENSE": "basically%4:02:00::"
        },
        "start": 65,
        "end": 75
      },
      "V2159182": {
        "id": "V2159182",
        "indicator": "F",
        "type": "APPEAL-APPLY-DEMAND",
        "word": "CALL",
        "roles": {
          "AGENT": "#V2159167",
          "MANNER": "#V2159197",
          "TENSE": "PAST",
          "LEX": "CALLED",
          "WNSENSE": "call%2:38:00::"
        },
        "start": 75,
        "end": 103
      },
      "V2159167": {
        "id": "V2159167",
        "indicator": "QUANTIFIER",
        "type": "PERSON",
        "word": "EVERYONE",
        "roles": {
          "PROFORM": "EVERYONE",
          "MOD": "#V2159171",
          "LEX": "EVERYONE",
          "WNSENSE": "person%1:03:00"
        },
        "start": 75,
        "end": 89
      },
      "V2159171": {
        "id": "V2159171",
        "indicator": "F",
        "type": "IDENTITY-VAL",
        "word": "ELSE",
        "roles": {
          "FORMAL": "#V2159167",
          "SCALE": "SIMILARITY-SCALE",
          "LEX": "ELSE"
        },
        "start": 84,
        "end": 89
      },
      "V2159197": {
        "id": "V2159197",
        "indicator": "F",
        "type": "COMPLETELY",
        "word": "OUT",
        "roles": {
          "FIGURE": "#V2159182",
          "LEX": "OUT",
          "WNSENSE": "out%4:02:03::"
        },
        "start": 96,
        "end": 100
      },
      "root": "#V2164208"
    },
    {
      "V2159898": {
        "id": "V2159898",
        "indicator": "F",
        "type": "EXISTS",
        "word": "BE",
        "roles": {
          "OPERATOR": "BUT",
          "SEQUENCE": "#V2159049",
          "SEQUENCE1": "#V2159064",
          "REASON": "#V2159130",
          "VFORM": "BASE",
          "LEX": "BUT"
        },
        "start": 0,
        "end": 58
      },
      "V2159064": {
        "id": "V2159064",
        "indicator": "F",
        "type": "PRAISE",
        "word": "LAUD",
        "roles": {
          "FORMAL": "#V2159094",
          "LEX": "LAUD",
          "WNSENSE": "laud%2:32:00::"
        },
        "start": 0,
        "end": 58
      },
      "V2159049": {
        "id": "V2159049",
        "indicator": "F",
        "type": "DISLIKING",
        "word": "ABHOR",
        "roles": {
          "NEUTRAL": "#V2159053",
          "LEX": "ABHOR",
          "WNSENSE": "abhor%2:37:00::"
        },
        "start": 0,
        "end": 58
      },
      "V2159053": {
        "id": "V2159053",
        "indicator": "INDEF-SET",
        "type": "ACTIVITY-EVENT",
        "word": "ACTION",
        "roles": {
          "LEX": "ACTIONS",
          "WNSENSE": "action%1:04:02::"
        },
        "start": 6,
        "end": 14
      },
      "V2159094": {
        "id": "V2159094",
        "indicator": "THE",
        "type": "ACQUIRE",
        "word": "TAKE",
        "roles": {
          "AFFECTED": "#V2159070",
          "LEX": "TAKING",
          "WNSENSE": "take%2:30:01::"
        },
        "start": 23,
        "end": 49
      },
      "V2159070": {
        "id": "V2159070",
        "indicator": "PRO",
        "type": "MALE-PERSON",
        "word": "HIS",
        "roles": {
          "LEX": "HIS",
          "PROFORM": "HIS",
          "WNSENSE": "man%1:18:00"
        },
        "start": 23,
        "end": 49
      },
      "V2159130": {
        "id": "V2159130",
        "indicator": "F",
        "type": "PURPOSE",
        "word": "FOR",
        "roles": {
          "GROUND": "#V2159154",
          "FIGURE": "#V2159898",
          "LEX": "FOR"
        },
        "start": 49,
        "end": 58
      },
      "V2159154": {
        "id": "V2159154",
        "indicator": "PRO-SET",
        "type": "REFERENTIAL-SEM",
        "word": "THEM",
        "roles": {
          "PROFORM": "THEM",
          "LEX": "THEM",
          "WNSENSE": "entity%1:03:00"
        },
        "start": 53,
        "end": 58
      },
      "root": "#V2159898"
    },
    {
      "V2159157": {
        "id": "V2159157",
        "indicator": "F",
        "type": "PARENTHETICAL",
        "word": "UNLIKE",
        "roles": {
          "LEX": "UNLIKE"
        },
        "start": 58,
        "end": 65
      },
      "root": "#V2159157"
    },
    {
      "V2164208": {
        "id": "V2164208",
        "indicator": "SPEECHACT",
        "type": "SA_TELL",
        "word": null,
        "roles": {
          "CONTENT": "#V2159182",
          "MOD": "#V2159160",
          "LEX": "CALLED"
        },
        "start": 65,
        "end": 103
      },
      "V2159160": {
        "id": "V2159160",
        "indicator": "F",
        "type": "QUALIFICATION",
        "word": "BASICALLY",
        "roles": {
          "FIGURE": "#V2164208",
          "LEX": "BASICALLY",
          "WNSENSE": "basically%4:02:00::"
        },
        "start": 65,
        "end": 75
      },
      "V2159182": {
        "id": "V2159182",
        "indicator": "F",
        "type": "APPEAL-APPLY-DEMAND",
        "word": "CALL",
        "roles": {
          "AGENT": "#V2159167",
          "MANNER": "#V2159197",
          "TENSE": "PAST",
          "LEX": "CALLED",
          "WNSENSE": "call%2:38:00::"
        },
        "start": 75,
        "end": 103
      },
      "V2159167": {
        "id": "V2159167",
        "indicator": "QUANTIFIER",
        "type": "PERSON",
        "word": "EVERYONE",
        "roles": {
          "PROFORM": "EVERYONE",
          "MOD": "#V2159171",
          "LEX": "EVERYONE",
          "WNSENSE": "person%1:03:00"
        },
        "start": 75,
        "end": 89
      },
      "V2159171": {
        "id": "V2159171",
        "indicator": "F",
        "type": "IDENTITY-VAL",
        "word": "ELSE",
        "roles": {
          "FORMAL": "#V2159167",
          "SCALE": "SIMILARITY-SCALE",
          "LEX": "ELSE"
        },
        "start": 84,
        "end": 89
      },
      "V2159197": {
        "id": "V2159197",
        "indicator": "F",
        "type": "COMPLETELY",
        "word": "OUT",
        "roles": {
          "FIGURE": "#V2159182",
          "LEX": "OUT",
          "WNSENSE": "out%4:02:03::"
        },
        "start": 96,
        "end": 100
      },
      "root": "#V2164208"
    },
    {
      "V2159898": {
        "id": "V2159898",
        "indicator": "F",
        "type": "EXISTS",
        "word": "BE",
        "roles": {
          "OPERATOR": "BUT",
          "SEQUENCE": "#V2159049",
          "SEQUENCE1": "#V2159064",
          "REASON": "#V2159130",
          "TENSE": "PRES",
          "LEX": "BUT"
        },
        "start": 0,
        "end": 58
      },
      "V2159064": {
        "id": "V2159064",
        "indicator": "F",
        "type": "PRAISE",
        "word": "LAUD",
        "roles": {
          "FORMAL": "#V2159095",
          "LEX": "LAUD",
          "WNSENSE": "laud%2:32:00::"
        },
        "start": 0,
        "end": 58
      },
      "V2159049": {
        "id": "V2159049",
        "indicator": "F",
        "type": "DISLIKING",
        "word": "ABHOR",
        "roles": {
          "NEUTRAL": "#V2159053",
          "LEX": "ABHOR",
          "WNSENSE": "abhor%2:37:00::"
        },
        "start": 0,
        "end": 58
      },
      "V2159053": {
        "id": "V2159053",
        "indicator": "INDEF-SET",
        "type": "ACTIVITY-EVENT",
        "word": "ACTION",
        "roles": {
          "LEX": "ACTIONS",
          "WNSENSE": "action%1:04:02::"
        },
        "start": 6,
        "end": 14
      },
      "V2159095": {
        "id": "V2159095",
        "indicator": "THE",
        "type": "CAUSE-MOVE",
        "word": "TAKE",
        "roles": {
          "AFFECTED": "#V2159070",
          "LEX": "TAKING",
          "WNSENSE": "take%2:38:05::"
        },
        "start": 23,
        "end": 49
      },
      "V2159070": {
        "id": "V2159070",
        "indicator": "PRO",
        "type": "MALE-PERSON",
        "word": "HIS",
        "roles": {
          "LEX": "HIS",
          "PROFORM": "HIS",
          "WNSENSE": "man%1:18:00"
        },
        "start": 23,
        "end": 49
      },
      "V2159130": {
        "id": "V2159130",
        "indicator": "F",
        "type": "PURPOSE",
        "word": "FOR",
        "roles": {
          "GROUND": "#V2159154",
          "FIGURE": "#V2159898",
          "LEX": "FOR"
        },
        "start": 49,
        "end": 58
      },
      "V2159154": {
        "id": "V2159154",
        "indicator": "PRO-SET",
        "type": "REFERENTIAL-SEM",
        "word": "THEM",
        "roles": {
          "PROFORM": "THEM",
          "LEX": "THEM",
          "WNSENSE": "entity%1:03:00"
        },
        "start": 53,
        "end": 58
      },
      "root": "#V2159898"
    },
    {
      "V2159157": {
        "id": "V2159157",
        "indicator": "F",
        "type": "PARENTHETICAL",
        "word": "UNLIKE",
        "roles": {
          "LEX": "UNLIKE"
        },
        "start": 58,
        "end": 65
      },
      "root": "#V2159157"
    },
    {
      "V2164208": {
        "id": "V2164208",
        "indicator": "SPEECHACT",
        "type": "SA_TELL",
        "word": null,
        "roles": {
          "CONTENT": "#V2159182",
          "MOD": "#V2159160",
          "LEX": "CALLED"
        },
        "start": 65,
        "end": 103
      },
      "V2159160": {
        "id": "V2159160",
        "indicator": "F",
        "type": "QUALIFICATION",
        "word": "BASICALLY",
        "roles": {
          "FIGURE": "#V2164208",
          "LEX": "BASICALLY",
          "WNSENSE": "basically%4:02:00::"
        },
        "start": 65,
        "end": 75
      },
      "V2159182": {
        "id": "V2159182",
        "indicator": "F",
        "type": "APPEAL-APPLY-DEMAND",
        "word": "CALL",
        "roles": {
          "AGENT": "#V2159167",
          "MANNER": "#V2159197",
          "TENSE": "PAST",
          "LEX": "CALLED",
          "WNSENSE": "call%2:38:00::"
        },
        "start": 75,
        "end": 103
      },
      "V2159167": {
        "id": "V2159167",
        "indicator": "QUANTIFIER",
        "type": "PERSON",
        "word": "EVERYONE",
        "roles": {
          "PROFORM": "EVERYONE",
          "MOD": "#V2159171",
          "LEX": "EVERYONE",
          "WNSENSE": "person%1:03:00"
        },
        "start": 75,
        "end": 89
      },
      "V2159171": {
        "id": "V2159171",
        "indicator": "F",
        "type": "IDENTITY-VAL",
        "word": "ELSE",
        "roles": {
          "FORMAL": "#V2159167",
          "SCALE": "SIMILARITY-SCALE",
          "LEX": "ELSE"
        },
        "start": 84,
        "end": 89
      },
      "V2159197": {
        "id": "V2159197",
        "indicator": "F",
        "type": "COMPLETELY",
        "word": "OUT",
        "roles": {
          "FIGURE": "#V2159182",
          "LEX": "OUT",
          "WNSENSE": "out%4:02:03::"
        },
        "start": 96,
        "end": 100
      },
      "root": "#V2164208"
    },
    {
      "V2159898": {
        "id": "V2159898",
        "indicator": "F",
        "type": "EXISTS",
        "word": "BE",
        "roles": {
          "OPERATOR": "BUT",
          "SEQUENCE": "#V2159049",
          "SEQUENCE1": "#V2159064",
          "REASON": "#V2159130",
          "VFORM": "BASE",
          "LEX": "BUT"
        },
        "start": 0,
        "end": 58
      },
      "V2159064": {
        "id": "V2159064",
        "indicator": "F",
        "type": "PRAISE",
        "word": "LAUD",
        "roles": {
          "FORMAL": "#V2159095",
          "LEX": "LAUD",
          "WNSENSE": "laud%2:32:00::"
        },
        "start": 0,
        "end": 58
      },
      "V2159049": {
        "id": "V2159049",
        "indicator": "F",
        "type": "DISLIKING",
        "word": "ABHOR",
        "roles": {
          "NEUTRAL": "#V2159053",
          "LEX": "ABHOR",
          "WNSENSE": "abhor%2:37:00::"
        },
        "start": 0,
        "end": 58
      },
      "V2159053": {
        "id": "V2159053",
        "indicator": "INDEF-SET",
        "type": "ACTIVITY-EVENT",
        "word": "ACTION",
        "roles": {
          "LEX": "ACTIONS",
          "WNSENSE": "action%1:04:02::"
        },
        "start": 6,
        "end": 14
      },
      "V2159095": {
        "id": "V2159095",
        "indicator": "THE",
        "type": "CAUSE-MOVE",
        "word": "TAKE",
        "roles": {
          "AFFECTED": "#V2159070",
          "LEX": "TAKING",
          "WNSENSE": "take%2:38:05::"
        },
        "start": 23,
        "end": 49
      },
      "V2159070": {
        "id": "V2159070",
        "indicator": "PRO",
        "type": "MALE-PERSON",
        "word": "HIS",
        "roles": {
          "LEX": "HIS",
          "PROFORM": "HIS",
          "WNSENSE": "man%1:18:00"
        },
        "start": 23,
        "end": 49
      },
      "V2159130": {
        "id": "V2159130",
        "indicator": "F",
        "type": "PURPOSE",
        "word": "FOR",
        "roles": {
          "GROUND": "#V2159154",
          "FIGURE": "#V2159898",
          "LEX": "FOR"
        },
        "start": 49,
        "end": 58
      },
      "V2159154": {
        "id": "V2159154",
        "indicator": "PRO-SET",
        "type": "REFERENTIAL-SEM",
        "word": "THEM",
        "roles": {
          "PROFORM": "THEM",
          "LEX": "THEM",
          "WNSENSE": "entity%1:03:00"
        },
        "start": 53,
        "end": 58
      },
      "root": "#V2159898"
    },
    {
      "V2159157": {
        "id": "V2159157",
        "indicator": "F",
        "type": "PARENTHETICAL",
        "word": "UNLIKE",
        "roles": {
          "LEX": "UNLIKE"
        },
        "start": 58,
        "end": 65
      },
      "root": "#V2159157"
    },
    {
      "V2164208": {
        "id": "V2164208",
        "indicator": "SPEECHACT",
        "type": "SA_TELL",
        "word": null,
        "roles": {
          "CONTENT": "#V2159182",
          "MOD": "#V2159160",
          "LEX": "CALLED"
        },
        "start": 65,
        "end": 103
      },
      "V2159160": {
        "id": "V2159160",
        "indicator": "F",
        "type": "QUALIFICATION",
        "word": "BASICALLY",
        "roles": {
          "FIGURE": "#V2164208",
          "LEX": "BASICALLY",
          "WNSENSE": "basically%4:02:00::"
        },
        "start": 65,
        "end": 75
      },
      "V2159182": {
        "id": "V2159182",
        "indicator": "F",
        "type": "APPEAL-APPLY-DEMAND",
        "word": "CALL",
        "roles": {
          "AGENT": "#V2159167",
          "MANNER": "#V2159197",
          "TENSE": "PAST",
          "LEX": "CALLED",
          "WNSENSE": "call%2:38:00::"
        },
        "start": 75,
        "end": 103
      },
      "V2159167": {
        "id": "V2159167",
        "indicator": "QUANTIFIER",
        "type": "PERSON",
        "word": "EVERYONE",
        "roles": {
          "PROFORM": "EVERYONE",
          "MOD": "#V2159171",
          "LEX": "EVERYONE",
          "WNSENSE": "person%1:03:00"
        },
        "start": 75,
        "end": 89
      },
      "V2159171": {
        "id": "V2159171",
        "indicator": "F",
        "type": "IDENTITY-VAL",
        "word": "ELSE",
        "roles": {
          "FORMAL": "#V2159167",
          "SCALE": "SIMILARITY-SCALE",
          "LEX": "ELSE"
        },
        "start": 84,
        "end": 89
      },
      "V2159197": {
        "id": "V2159197",
        "indicator": "F",
        "type": "COMPLETELY",
        "word": "OUT",
        "roles": {
          "FIGURE": "#V2159182",
          "LEX": "OUT",
          "WNSENSE": "out%4:02:03::"
        },
        "start": 96,
        "end": 100
      },
      "root": "#V2164208"
    },
    {
      "V2159898": {
        "id": "V2159898",
        "indicator": "F",
        "type": "EXISTS",
        "word": "BE",
        "roles": {
          "OPERATOR": "BUT",
          "SEQUENCE": "#V2159049",
          "SEQUENCE1": "#V2159064",
          "REASON": "#V2159130",
          "TENSE": "PRES",
          "LEX": "BUT"
        },
        "start": 0,
        "end": 58
      },
      "V2159064": {
        "id": "V2159064",
        "indicator": "F",
        "type": "PRAISE",
        "word": "LAUD",
        "roles": {
          "FORMAL": "#V2159096",
          "LEX": "LAUD",
          "WNSENSE": "laud%2:32:00::"
        },
        "start": 0,
        "end": 58
      },
      "V2159049": {
        "id": "V2159049",
        "indicator": "F",
        "type": "DISLIKING",
        "word": "ABHOR",
        "roles": {
          "NEUTRAL": "#V2159053",
          "LEX": "ABHOR",
          "WNSENSE": "abhor%2:37:00::"
        },
        "start": 0,
        "end": 58
      },
      "V2159053": {
        "id": "V2159053",
        "indicator": "INDEF-SET",
        "type": "ACTIVITY-EVENT",
        "word": "ACTION",
        "roles": {
          "LEX": "ACTIONS",
          "WNSENSE": "action%1:04:02::"
        },
        "start": 6,
        "end": 14
      },
      "V2159096": {
        "id": "V2159096",
        "indicator": "THE",
        "type": "IS-COMPATIBLE-WITH",
        "word": "TAKE",
        "roles": {
          "NEUTRAL1": "#V2159070",
          "LEX": "TAKING",
          "WNSENSE": "take%2:42:03::"
        },
        "start": 23,
        "end": 49
      },
      "V2159070": {
        "id": "V2159070",
        "indicator": "PRO",
        "type": "MALE-PERSON",
        "word": "HIS",
        "roles": {
          "LEX": "HIS",
          "PROFORM": "HIS",
          "WNSENSE": "man%1:18:00"
        },
        "start": 23,
        "end": 49
      },
      "V2159130": {
        "id": "V2159130",
        "indicator": "F",
        "type": "PURPOSE",
        "word": "FOR",
        "roles": {
          "GROUND": "#V2159154",
          "FIGURE": "#V2159898",
          "LEX": "FOR"
        },
        "start": 49,
        "end": 58
      },
      "V2159154": {
        "id": "V2159154",
        "indicator": "PRO-SET",
        "type": "REFERENTIAL-SEM",
        "word": "THEM",
        "roles": {
          "PROFORM": "THEM",
          "LEX": "THEM",
          "WNSENSE": "entity%1:03:00"
        },
        "start": 53,
        "end": 58
      },
      "root": "#V2159898"
    },
    {
      "V2159157": {
        "id": "V2159157",
        "indicator": "F",
        "type": "PARENTHETICAL",
        "word": "UNLIKE",
        "roles": {
          "LEX": "UNLIKE"
        },
        "start": 58,
        "end": 65
      },
      "root": "#V2159157"
    },
    {
      "V2164208": {
        "id": "V2164208",
        "indicator": "SPEECHACT",
        "type": "SA_TELL",
        "word": null,
        "roles": {
          "CONTENT": "#V2159182",
          "MOD": "#V2159160",
          "LEX": "CALLED"
        },
        "start": 65,
        "end": 103
      },
      "V2159160": {
        "id": "V2159160",
        "indicator": "F",
        "type": "QUALIFICATION",
        "word": "BASICALLY",
        "roles": {
          "FIGURE": "#V2164208",
          "LEX": "BASICALLY",
          "WNSENSE": "basically%4:02:00::"
        },
        "start": 65,
        "end": 75
      },
      "V2159182": {
        "id": "V2159182",
        "indicator": "F",
        "type": "APPEAL-APPLY-DEMAND",
        "word": "CALL",
        "roles": {
          "AGENT": "#V2159167",
          "MANNER": "#V2159197",
          "TENSE": "PAST",
          "LEX": "CALLED",
          "WNSENSE": "call%2:38:00::"
        },
        "start": 75,
        "end": 103
      },
      "V2159167": {
        "id": "V2159167",
        "indicator": "QUANTIFIER",
        "type": "PERSON",
        "word": "EVERYONE",
        "roles": {
          "PROFORM": "EVERYONE",
          "MOD": "#V2159171",
          "LEX": "EVERYONE",
          "WNSENSE": "person%1:03:00"
        },
        "start": 75,
        "end": 89
      },
      "V2159171": {
        "id": "V2159171",
        "indicator": "F",
        "type": "IDENTITY-VAL",
        "word": "ELSE",
        "roles": {
          "FORMAL": "#V2159167",
          "SCALE": "SIMILARITY-SCALE",
          "LEX": "ELSE"
        },
        "start": 84,
        "end": 89
      },
      "V2159197": {
        "id": "V2159197",
        "indicator": "F",
        "type": "COMPLETELY",
        "word": "OUT",
        "roles": {
          "FIGURE": "#V2159182",
          "LEX": "OUT",
          "WNSENSE": "out%4:02:03::"
        },
        "start": 96,
        "end": 100
      },
      "root": "#V2164208"
    },
    {
      "V2159898": {
        "id": "V2159898",
        "indicator": "F",
        "type": "EXISTS",
        "word": "BE",
        "roles": {
          "OPERATOR": "BUT",
          "SEQUENCE": "#V2159049",
          "SEQUENCE1": "#V2159064",
          "REASON": "#V2159130",
          "VFORM": "BASE",
          "LEX": "BUT"
        },
        "start": 0,
        "end": 58
      },
      "V2159064": {
        "id": "V2159064",
        "indicator": "F",
        "type": "PRAISE",
        "word": "LAUD",
        "roles": {
          "FORMAL": "#V2159096",
          "LEX": "LAUD",
          "WNSENSE": "laud%2:32:00::"
        },
        "start": 0,
        "end": 58
      },
      "V2159049": {
        "id": "V2159049",
        "indicator": "F",
        "type": "DISLIKING",
        "word": "ABHOR",
        "roles": {
          "NEUTRAL": "#V2159053",
          "LEX": "ABHOR",
          "WNSENSE": "abhor%2:37:00::"
        },
        "start": 0,
        "end": 58
      },
      "V2159053": {
        "id": "V2159053",
        "indicator": "INDEF-SET",
        "type": "ACTIVITY-EVENT",
        "word": "ACTION",
        "roles": {
          "LEX": "ACTIONS",
          "WNSENSE": "action%1:04:02::"
        },
        "start": 6,
        "end": 14
      },
      "V2159096": {
        "id": "V2159096",
        "indicator": "THE",
        "type": "IS-COMPATIBLE-WITH",
        "word": "TAKE",
        "roles": {
          "NEUTRAL1": "#V2159070",
          "LEX": "TAKING",
          "WNSENSE": "take%2:42:03::"
        },
        "start": 23,
        "end": 49
      },
      "V2159070": {
        "id": "V2159070",
        "indicator": "PRO",
        "type": "MALE-PERSON",
        "word": "HIS",
        "roles": {
          "LEX": "HIS",
          "PROFORM": "HIS",
          "WNSENSE": "man%1:18:00"
        },
        "start": 23,
        "end": 49
      },
      "V2159130": {
        "id": "V2159130",
        "indicator": "F",
        "type": "PURPOSE",
        "word": "FOR",
        "roles": {
          "GROUND": "#V2159154",
          "FIGURE": "#V2159898",
          "LEX": "FOR"
        },
        "start": 49,
        "end": 58
      },
      "V2159154": {
        "id": "V2159154",
        "indicator": "PRO-SET",
        "type": "REFERENTIAL-SEM",
        "word": "THEM",
        "roles": {
          "PROFORM": "THEM",
          "LEX": "THEM",
          "WNSENSE": "entity%1:03:00"
        },
        "start": 53,
        "end": 58
      },
      "root": "#V2159898"
    },
    {
      "V2159157": {
        "id": "V2159157",
        "indicator": "F",
        "type": "PARENTHETICAL",
        "word": "UNLIKE",
        "roles": {
          "LEX": "UNLIKE"
        },
        "start": 58,
        "end": 65
      },
      "root": "#V2159157"
    },
    {
      "V2164208": {
        "id": "V2164208",
        "indicator": "SPEECHACT",
        "type": "SA_TELL",
        "word": null,
        "roles": {
          "CONTENT": "#V2159182",
          "MOD": "#V2159160",
          "LEX": "CALLED"
        },
        "start": 65,
        "end": 103
      },
      "V2159160": {
        "id": "V2159160",
        "indicator": "F",
        "type": "QUALIFICATION",
        "word": "BASICALLY",
        "roles": {
          "FIGURE": "#V2164208",
          "LEX": "BASICALLY",
          "WNSENSE": "basically%4:02:00::"
        },
        "start": 65,
        "end": 75
      },
      "V2159182": {
        "id": "V2159182",
        "indicator": "F",
        "type": "APPEAL-APPLY-DEMAND",
        "word": "CALL",
        "roles": {
          "AGENT": "#V2159167",
          "MANNER": "#V2159197",
          "TENSE": "PAST",
          "LEX": "CALLED",
          "WNSENSE": "call%2:38:00::"
        },
        "start": 75,
        "end": 103
      },
      "V2159167": {
        "id": "V2159167",
        "indicator": "QUANTIFIER",
        "type": "PERSON",
        "word": "EVERYONE",
        "roles": {
          "PROFORM": "EVERYONE",
          "MOD": "#V2159171",
          "LEX": "EVERYONE",
          "WNSENSE": "person%1:03:00"
        },
        "start": 75,
        "end": 89
      },
      "V2159171": {
        "id": "V2159171",
        "indicator": "F",
        "type": "IDENTITY-VAL",
        "word": "ELSE",
        "roles": {
          "FORMAL": "#V2159167",
          "SCALE": "SIMILARITY-SCALE",
          "LEX": "ELSE"
        },
        "start": 84,
        "end": 89
      },
      "V2159197": {
        "id": "V2159197",
        "indicator": "F",
        "type": "COMPLETELY",
        "word": "OUT",
        "roles": {
          "FIGURE": "#V2159182",
          "LEX": "OUT",
          "WNSENSE": "out%4:02:03::"
        },
        "start": 96,
        "end": 100
      },
      "root": "#V2164208"
    },
    {
      "V2159898": {
        "id": "V2159898",
        "indicator": "F",
        "type": "EXISTS",
        "word": "BE",
        "roles": {
          "OPERATOR": "BUT",
          "SEQUENCE": "#V2159049",
          "SEQUENCE1": "#V2159064",
          "REASON": "#V2159130",
          "TENSE": "PRES",
          "LEX": "BUT"
        },
        "start": 0,
        "end": 58
      },
      "V2159064": {
        "id": "V2159064",
        "indicator": "F",
        "type": "PRAISE",
        "word": "LAUD",
        "roles": {
          "FORMAL": "#V2159088",
          "LEX": "LAUD",
          "WNSENSE": "laud%2:32:00::"
        },
        "start": 0,
        "end": 58
      },
      "V2159049": {
        "id": "V2159049",
        "indicator": "F",
        "type": "DISLIKING",
        "word": "ABHOR",
        "roles": {
          "NEUTRAL": "#V2159053",
          "LEX": "ABHOR",
          "WNSENSE": "abhor%2:37:00::"
        },
        "start": 0,
        "end": 58
      },
      "V2159053": {
        "id": "V2159053",
        "indicator": "INDEF-SET",
        "type": "ACTIVITY-EVENT",
        "word": "ACTION",
        "roles": {
          "LEX": "ACTIONS",
          "WNSENSE": "action%1:04:02::"
        },
        "start": 6,
        "end": 14
      },
      "V2159088": {
        "id": "V2159088",
        "indicator": "THE",
        "type": "CONSUME",
        "word": "TAKE",
        "roles": {
          "AFFECTED": "#V2159070",
          "LEX": "TAKING",
          "WNSENSE": "take%2:34:00::"
        },
        "start": 23,
        "end": 49
      },
      "V2159070": {
        "id": "V2159070",
        "indicator": "PRO",
        "type": "MALE-PERSON",
        "word": "HIS",
        "roles": {
          "LEX": "HIS",
          "PROFORM": "HIS",
          "WNSENSE": "man%1:18:00"
        },
        "start": 23,
        "end": 49
      },
      "V2159130": {
        "id": "V2159130",
        "indicator": "F",
        "type": "PURPOSE",
        "word": "FOR",
        "roles": {
          "GROUND": "#V2159154",
          "FIGURE": "#V2159898",
          "LEX": "FOR"
        },
        "start": 49,
        "end": 58
      },
      "V2159154": {
        "id": "V2159154",
        "indicator": "PRO-SET",
        "type": "REFERENTIAL-SEM",
        "word": "THEM",
        "roles": {
          "PROFORM": "THEM",
          "LEX": "THEM",
          "WNSENSE": "entity%1:03:00"
        },
        "start": 53,
        "end": 58
      },
      "root": "#V2159898"
    },
    {
      "V2159157": {
        "id": "V2159157",
        "indicator": "F",
        "type": "PARENTHETICAL",
        "word": "UNLIKE",
        "roles": {
          "LEX": "UNLIKE"
        },
        "start": 58,
        "end": 65
      },
      "root": "#V2159157"
    },
    {
      "V2164482": {
        "id": "V2164482",
        "indicator": "SPEECHACT",
        "type": "SA_TELL",
        "word": null,
        "roles": {
          "CONTENT": "#V2159182",
          "LEX": "CALLED"
        },
        "start": 65,
        "end": 103
      },
      "V2159182": {
        "id": "V2159182",
        "indicator": "F",
        "type": "APPEAL-APPLY-DEMAND",
        "word": "CALL",
        "roles": {
          "AGENT": "#V2159167",
          "MANNER": "#V2159197",
          "MOD": "#V2159162",
          "TENSE": "PAST",
          "LEX": "CALLED"
        },
        "start": 65,
        "end": 103
      },
      "V2159162": {
        "id": "V2159162",
        "indicator": "F",
        "type": "BASIC-VAL",
        "word": "BASICLY",
        "roles": {
          "FIGURE": "#V2159182",
          "SCALE": "BASIC-SCALE",
          "LEX": "BASICLY",
          "WNSENSE": "underived%3:00:00::"
        },
        "start": 65,
        "end": 75
      },
      "V2159167": {
        "id": "V2159167",
        "indicator": "QUANTIFIER",
        "type": "PERSON",
        "word": "EVERYONE",
        "roles": {
          "PROFORM": "EVERYONE",
          "MOD": "#V2159171",
          "LEX": "EVERYONE",
          "WNSENSE": "person%1:03:00"
        },
        "start": 75,
        "end": 89
      },
      "V2159171": {
        "id": "V2159171",
        "indicator": "F",
        "type": "IDENTITY-VAL",
        "word": "ELSE",
        "roles": {
          "FORMAL": "#V2159167",
          "SCALE": "SIMILARITY-SCALE",
          "LEX": "ELSE"
        },
        "start": 84,
        "end": 89
      },
      "V2159197": {
        "id": "V2159197",
        "indicator": "F",
        "type": "COMPLETELY",
        "word": "OUT",
        "roles": {
          "FIGURE": "#V2159182",
          "LEX": "OUT",
          "WNSENSE": "out%4:02:03::"
        },
        "start": 96,
        "end": 100
      },
      "root": "#V2164482"
    },
    {
      "V2159898": {
        "id": "V2159898",
        "indicator": "F",
        "type": "EXISTS",
        "word": "BE",
        "roles": {
          "OPERATOR": "BUT",
          "SEQUENCE": "#V2159049",
          "SEQUENCE1": "#V2159064",
          "REASON": "#V2159130",
          "VFORM": "BASE",
          "LEX": "BUT"
        },
        "start": 0,
        "end": 58
      },
      "V2159064": {
        "id": "V2159064",
        "indicator": "F",
        "type": "PRAISE",
        "word": "LAUD",
        "roles": {
          "FORMAL": "#V2159088",
          "LEX": "LAUD",
          "WNSENSE": "laud%2:32:00::"
        },
        "start": 0,
        "end": 58
      },
      "V2159049": {
        "id": "V2159049",
        "indicator": "F",
        "type": "DISLIKING",
        "word": "ABHOR",
        "roles": {
          "NEUTRAL": "#V2159053",
          "LEX": "ABHOR",
          "WNSENSE": "abhor%2:37:00::"
        },
        "start": 0,
        "end": 58
      },
      "V2159053": {
        "id": "V2159053",
        "indicator": "INDEF-SET",
        "type": "ACTIVITY-EVENT",
        "word": "ACTION",
        "roles": {
          "LEX": "ACTIONS",
          "WNSENSE": "action%1:04:02::"
        },
        "start": 6,
        "end": 14
      },
      "V2159088": {
        "id": "V2159088",
        "indicator": "THE",
        "type": "CONSUME",
        "word": "TAKE",
        "roles": {
          "AFFECTED": "#V2159070",
          "LEX": "TAKING",
          "WNSENSE": "take%2:34:00::"
        },
        "start": 23,
        "end": 49
      },
      "V2159070": {
        "id": "V2159070",
        "indicator": "PRO",
        "type": "MALE-PERSON",
        "word": "HIS",
        "roles": {
          "LEX": "HIS",
          "PROFORM": "HIS",
          "WNSENSE": "man%1:18:00"
        },
        "start": 23,
        "end": 49
      },
      "V2159130": {
        "id": "V2159130",
        "indicator": "F",
        "type": "PURPOSE",
        "word": "FOR",
        "roles": {
          "GROUND": "#V2159154",
          "FIGURE": "#V2159898",
          "LEX": "FOR"
        },
        "start": 49,
        "end": 58
      },
      "V2159154": {
        "id": "V2159154",
        "indicator": "PRO-SET",
        "type": "REFERENTIAL-SEM",
        "word": "THEM",
        "roles": {
          "PROFORM": "THEM",
          "LEX": "THEM",
          "WNSENSE": "entity%1:03:00"
        },
        "start": 53,
        "end": 58
      },
      "root": "#V2159898"
    },
    {
      "V2159157": {
        "id": "V2159157",
        "indicator": "F",
        "type": "PARENTHETICAL",
        "word": "UNLIKE",
        "roles": {
          "LEX": "UNLIKE"
        },
        "start": 58,
        "end": 65
      },
      "root": "#V2159157"
    },
    {
      "V2164482": {
        "id": "V2164482",
        "indicator": "SPEECHACT",
        "type": "SA_TELL",
        "word": null,
        "roles": {
          "CONTENT": "#V2159182",
          "LEX": "CALLED"
        },
        "start": 65,
        "end": 103
      },
      "V2159182": {
        "id": "V2159182",
        "indicator": "F",
        "type": "APPEAL-APPLY-DEMAND",
        "word": "CALL",
        "roles": {
          "AGENT": "#V2159167",
          "MANNER": "#V2159197",
          "MOD": "#V2159162",
          "TENSE": "PAST",
          "LEX": "CALLED"
        },
        "start": 65,
        "end": 103
      },
      "V2159162": {
        "id": "V2159162",
        "indicator": "F",
        "type": "BASIC-VAL",
        "word": "BASICLY",
        "roles": {
          "FIGURE": "#V2159182",
          "SCALE": "BASIC-SCALE",
          "LEX": "BASICLY",
          "WNSENSE": "underived%3:00:00::"
        },
        "start": 65,
        "end": 75
      },
      "V2159167": {
        "id": "V2159167",
        "indicator": "QUANTIFIER",
        "type": "PERSON",
        "word": "EVERYONE",
        "roles": {
          "PROFORM": "EVERYONE",
          "MOD": "#V2159171",
          "LEX": "EVERYONE",
          "WNSENSE": "person%1:03:00"
        },
        "start": 75,
        "end": 89
      },
      "V2159171": {
        "id": "V2159171",
        "indicator": "F",
        "type": "IDENTITY-VAL",
        "word": "ELSE",
        "roles": {
          "FORMAL": "#V2159167",
          "SCALE": "SIMILARITY-SCALE",
          "LEX": "ELSE"
        },
        "start": 84,
        "end": 89
      },
      "V2159197": {
        "id": "V2159197",
        "indicator": "F",
        "type": "COMPLETELY",
        "word": "OUT",
        "roles": {
          "FIGURE": "#V2159182",
          "LEX": "OUT",
          "WNSENSE": "out%4:02:03::"
        },
        "start": 96,
        "end": 100
      },
      "root": "#V2164482"
    },
    {
      "V2159898": {
        "id": "V2159898",
        "indicator": "F",
        "type": "EXISTS",
        "word": "BE",
        "roles": {
          "OPERATOR": "BUT",
          "SEQUENCE": "#V2159049",
          "SEQUENCE1": "#V2159064",
          "REASON": "#V2159130",
          "TENSE": "PRES",
          "LEX": "BUT"
        },
        "start": 0,
        "end": 58
      },
      "V2159064": {
        "id": "V2159064",
        "indicator": "F",
        "type": "PRAISE",
        "word": "LAUD",
        "roles": {
          "FORMAL": "#V2159094",
          "LEX": "LAUD",
          "WNSENSE": "laud%2:32:00::"
        },
        "start": 0,
        "end": 58
      },
      "V2159049": {
        "id": "V2159049",
        "indicator": "F",
        "type": "DISLIKING",
        "word": "ABHOR",
        "roles": {
          "NEUTRAL": "#V2159053",
          "LEX": "ABHOR",
          "WNSENSE": "abhor%2:37:00::"
        },
        "start": 0,
        "end": 58
      },
      "V2159053": {
        "id": "V2159053",
        "indicator": "INDEF-SET",
        "type": "ACTIVITY-EVENT",
        "word": "ACTION",
        "roles": {
          "LEX": "ACTIONS",
          "WNSENSE": "action%1:04:02::"
        },
        "start": 6,
        "end": 14
      },
      "V2159094": {
        "id": "V2159094",
        "indicator": "THE",
        "type": "ACQUIRE",
        "word": "TAKE",
        "roles": {
          "AFFECTED": "#V2159070",
          "LEX": "TAKING",
          "WNSENSE": "take%2:30:01::"
        },
        "start": 23,
        "end": 49
      },
      "V2159070": {
        "id": "V2159070",
        "indicator": "PRO",
        "type": "MALE-PERSON",
        "word": "HIS",
        "roles": {
          "LEX": "HIS",
          "PROFORM": "HIS",
          "WNSENSE": "man%1:18:00"
        },
        "start": 23,
        "end": 49
      },
      "V2159130": {
        "id": "V2159130",
        "indicator": "F",
        "type": "PURPOSE",
        "word": "FOR",
        "roles": {
          "GROUND": "#V2159154",
          "FIGURE": "#V2159898",
          "LEX": "FOR"
        },
        "start": 49,
        "end": 58
      },
      "V2159154": {
        "id": "V2159154",
        "indicator": "PRO-SET",
        "type": "REFERENTIAL-SEM",
        "word": "THEM",
        "roles": {
          "PROFORM": "THEM",
          "LEX": "THEM",
          "WNSENSE": "entity%1:03:00"
        },
        "start": 53,
        "end": 58
      },
      "root": "#V2159898"
    },
    {
      "V2159157": {
        "id": "V2159157",
        "indicator": "F",
        "type": "PARENTHETICAL",
        "word": "UNLIKE",
        "roles": {
          "LEX": "UNLIKE"
        },
        "start": 58,
        "end": 65
      },
      "root": "#V2159157"
    },
    {
      "V2164482": {
        "id": "V2164482",
        "indicator": "SPEECHACT",
        "type": "SA_TELL",
        "word": null,
        "roles": {
          "CONTENT": "#V2159182",
          "LEX": "CALLED"
        },
        "start": 65,
        "end": 103
      },
      "V2159182": {
        "id": "V2159182",
        "indicator": "F",
        "type": "APPEAL-APPLY-DEMAND",
        "word": "CALL",
        "roles": {
          "AGENT": "#V2159167",
          "MANNER": "#V2159197",
          "MOD": "#V2159162",
          "TENSE": "PAST",
          "LEX": "CALLED"
        },
        "start": 65,
        "end": 103
      },
      "V2159162": {
        "id": "V2159162",
        "indicator": "F",
        "type": "BASIC-VAL",
        "word": "BASICLY",
        "roles": {
          "FIGURE": "#V2159182",
          "SCALE": "BASIC-SCALE",
          "LEX": "BASICLY",
          "WNSENSE": "underived%3:00:00::"
        },
        "start": 65,
        "end": 75
      },
      "V2159167": {
        "id": "V2159167",
        "indicator": "QUANTIFIER",
        "type": "PERSON",
        "word": "EVERYONE",
        "roles": {
          "PROFORM": "EVERYONE",
          "MOD": "#V2159171",
          "LEX": "EVERYONE",
          "WNSENSE": "person%1:03:00"
        },
        "start": 75,
        "end": 89
      },
      "V2159171": {
        "id": "V2159171",
        "indicator": "F",
        "type": "IDENTITY-VAL",
        "word": "ELSE",
        "roles": {
          "FORMAL": "#V2159167",
          "SCALE": "SIMILARITY-SCALE",
          "LEX": "ELSE"
        },
        "start": 84,
        "end": 89
      },
      "V2159197": {
        "id": "V2159197",
        "indicator": "F",
        "type": "COMPLETELY",
        "word": "OUT",
        "roles": {
          "FIGURE": "#V2159182",
          "LEX": "OUT",
          "WNSENSE": "out%4:02:03::"
        },
        "start": 96,
        "end": 100
      },
      "root": "#V2164482"
    },
    {
      "V2159898": {
        "id": "V2159898",
        "indicator": "F",
        "type": "EXISTS",
        "word": "BE",
        "roles": {
          "OPERATOR": "BUT",
          "SEQUENCE": "#V2159049",
          "SEQUENCE1": "#V2159064",
          "REASON": "#V2159130",
          "VFORM": "BASE",
          "LEX": "BUT"
        },
        "start": 0,
        "end": 58
      },
      "V2159064": {
        "id": "V2159064",
        "indicator": "F",
        "type": "PRAISE",
        "word": "LAUD",
        "roles": {
          "FORMAL": "#V2159094",
          "LEX": "LAUD",
          "WNSENSE": "laud%2:32:00::"
        },
        "start": 0,
        "end": 58
      },
      "V2159049": {
        "id": "V2159049",
        "indicator": "F",
        "type": "DISLIKING",
        "word": "ABHOR",
        "roles": {
          "NEUTRAL": "#V2159053",
          "LEX": "ABHOR",
          "WNSENSE": "abhor%2:37:00::"
        },
        "start": 0,
        "end": 58
      },
      "V2159053": {
        "id": "V2159053",
        "indicator": "INDEF-SET",
        "type": "ACTIVITY-EVENT",
        "word": "ACTION",
        "roles": {
          "LEX": "ACTIONS",
          "WNSENSE": "action%1:04:02::"
        },
        "start": 6,
        "end": 14
      },
      "V2159094": {
        "id": "V2159094",
        "indicator": "THE",
        "type": "ACQUIRE",
        "word": "TAKE",
        "roles": {
          "AFFECTED": "#V2159070",
          "LEX": "TAKING",
          "WNSENSE": "take%2:30:01::"
        },
        "start": 23,
        "end": 49
      },
      "V2159070": {
        "id": "V2159070",
        "indicator": "PRO",
        "type": "MALE-PERSON",
        "word": "HIS",
        "roles": {
          "LEX": "HIS",
          "PROFORM": "HIS",
          "WNSENSE": "man%1:18:00"
        },
        "start": 23,
        "end": 49
      },
      "V2159130": {
        "id": "V2159130",
        "indicator": "F",
        "type": "PURPOSE",
        "word": "FOR",
        "roles": {
          "GROUND": "#V2159154",
          "FIGURE": "#V2159898",
          "LEX": "FOR"
        },
        "start": 49,
        "end": 58
      },
      "V2159154": {
        "id": "V2159154",
        "indicator": "PRO-SET",
        "type": "REFERENTIAL-SEM",
        "word": "THEM",
        "roles": {
          "PROFORM": "THEM",
          "LEX": "THEM",
          "WNSENSE": "entity%1:03:00"
        },
        "start": 53,
        "end": 58
      },
      "root": "#V2159898"
    },
    {
      "V2159157": {
        "id": "V2159157",
        "indicator": "F",
        "type": "PARENTHETICAL",
        "word": "UNLIKE",
        "roles": {
          "LEX": "UNLIKE"
        },
        "start": 58,
        "end": 65
      },
      "root": "#V2159157"
    },
    {
      "V2164482": {
        "id": "V2164482",
        "indicator": "SPEECHACT",
        "type": "SA_TELL",
        "word": null,
        "roles": {
          "CONTENT": "#V2159182",
          "LEX": "CALLED"
        },
        "start": 65,
        "end": 103
      },
      "V2159182": {
        "id": "V2159182",
        "indicator": "F",
        "type": "APPEAL-APPLY-DEMAND",
        "word": "CALL",
        "roles": {
          "AGENT": "#V2159167",
          "MANNER": "#V2159197",
          "MOD": "#V2159162",
          "TENSE": "PAST",
          "LEX": "CALLED"
        },
        "start": 65,
        "end": 103
      },
      "V2159162": {
        "id": "V2159162",
        "indicator": "F",
        "type": "BASIC-VAL",
        "word": "BASICLY",
        "roles": {
          "FIGURE": "#V2159182",
          "SCALE": "BASIC-SCALE",
          "LEX": "BASICLY",
          "WNSENSE": "underived%3:00:00::"
        },
        "start": 65,
        "end": 75
      },
      "V2159167": {
        "id": "V2159167",
        "indicator": "QUANTIFIER",
        "type": "PERSON",
        "word": "EVERYONE",
        "roles": {
          "PROFORM": "EVERYONE",
          "MOD": "#V2159171",
          "LEX": "EVERYONE",
          "WNSENSE": "person%1:03:00"
        },
        "start": 75,
        "end": 89
      },
      "V2159171": {
        "id": "V2159171",
        "indicator": "F",
        "type": "IDENTITY-VAL",
        "word": "ELSE",
        "roles": {
          "FORMAL": "#V2159167",
          "SCALE": "SIMILARITY-SCALE",
          "LEX": "ELSE"
        },
        "start": 84,
        "end": 89
      },
      "V2159197": {
        "id": "V2159197",
        "indicator": "F",
        "type": "COMPLETELY",
        "word": "OUT",
        "roles": {
          "FIGURE": "#V2159182",
          "LEX": "OUT",
          "WNSENSE": "out%4:02:03::"
        },
        "start": 96,
        "end": 100
      },
      "root": "#V2164482"
    },
    {
      "V2159898": {
        "id": "V2159898",
        "indicator": "F",
        "type": "EXISTS",
        "word": "BE",
        "roles": {
          "OPERATOR": "BUT",
          "SEQUENCE": "#V2159049",
          "SEQUENCE1": "#V2159064",
          "REASON": "#V2159130",
          "TENSE": "PRES",
          "LEX": "BUT"
        },
        "start": 0,
        "end": 58
      },
      "V2159064": {
        "id": "V2159064",
        "indicator": "F",
        "type": "PRAISE",
        "word": "LAUD",
        "roles": {
          "FORMAL": "#V2159095",
          "LEX": "LAUD",
          "WNSENSE": "laud%2:32:00::"
        },
        "start": 0,
        "end": 58
      },
      "V2159049": {
        "id": "V2159049",
        "indicator": "F",
        "type": "DISLIKING",
        "word": "ABHOR",
        "roles": {
          "NEUTRAL": "#V2159053",
          "LEX": "ABHOR",
          "WNSENSE": "abhor%2:37:00::"
        },
        "start": 0,
        "end": 58
      },
      "V2159053": {
        "id": "V2159053",
        "indicator": "INDEF-SET",
        "type": "ACTIVITY-EVENT",
        "word": "ACTION",
        "roles": {
          "LEX": "ACTIONS",
          "WNSENSE": "action%1:04:02::"
        },
        "start": 6,
        "end": 14
      },
      "V2159095": {
        "id": "V2159095",
        "indicator": "THE",
        "type": "CAUSE-MOVE",
        "word": "TAKE",
        "roles": {
          "AFFECTED": "#V2159070",
          "LEX": "TAKING",
          "WNSENSE": "take%2:38:05::"
        },
        "start": 23,
        "end": 49
      },
      "V2159070": {
        "id": "V2159070",
        "indicator": "PRO",
        "type": "MALE-PERSON",
        "word": "HIS",
        "roles": {
          "LEX": "HIS",
          "PROFORM": "HIS",
          "WNSENSE": "man%1:18:00"
        },
        "start": 23,
        "end": 49
      },
      "V2159130": {
        "id": "V2159130",
        "indicator": "F",
        "type": "PURPOSE",
        "word": "FOR",
        "roles": {
          "GROUND": "#V2159154",
          "FIGURE": "#V2159898",
          "LEX": "FOR"
        },
        "start": 49,
        "end": 58
      },
      "V2159154": {
        "id": "V2159154",
        "indicator": "PRO-SET",
        "type": "REFERENTIAL-SEM",
        "word": "THEM",
        "roles": {
          "PROFORM": "THEM",
          "LEX": "THEM",
          "WNSENSE": "entity%1:03:00"
        },
        "start": 53,
        "end": 58
      },
      "root": "#V2159898"
    },
    {
      "V2159157": {
        "id": "V2159157",
        "indicator": "F",
        "type": "PARENTHETICAL",
        "word": "UNLIKE",
        "roles": {
          "LEX": "UNLIKE"
        },
        "start": 58,
        "end": 65
      },
      "root": "#V2159157"
    },
    {
      "V2164482": {
        "id": "V2164482",
        "indicator": "SPEECHACT",
        "type": "SA_TELL",
        "word": null,
        "roles": {
          "CONTENT": "#V2159182",
          "LEX": "CALLED"
        },
        "start": 65,
        "end": 103
      },
      "V2159182": {
        "id": "V2159182",
        "indicator": "F",
        "type": "APPEAL-APPLY-DEMAND",
        "word": "CALL",
        "roles": {
          "AGENT": "#V2159167",
          "MANNER": "#V2159197",
          "MOD": "#V2159162",
          "TENSE": "PAST",
          "LEX": "CALLED"
        },
        "start": 65,
        "end": 103
      },
      "V2159162": {
        "id": "V2159162",
        "indicator": "F",
        "type": "BASIC-VAL",
        "word": "BASICLY",
        "roles": {
          "FIGURE": "#V2159182",
          "SCALE": "BASIC-SCALE",
          "LEX": "BASICLY",
          "WNSENSE": "underived%3:00:00::"
        },
        "start": 65,
        "end": 75
      },
      "V2159167": {
        "id": "V2159167",
        "indicator": "QUANTIFIER",
        "type": "PERSON",
        "word": "EVERYONE",
        "roles": {
          "PROFORM": "EVERYONE",
          "MOD": "#V2159171",
          "LEX": "EVERYONE",
          "WNSENSE": "person%1:03:00"
        },
        "start": 75,
        "end": 89
      },
      "V2159171": {
        "id": "V2159171",
        "indicator": "F",
        "type": "IDENTITY-VAL",
        "word": "ELSE",
        "roles": {
          "FORMAL": "#V2159167",
          "SCALE": "SIMILARITY-SCALE",
          "LEX": "ELSE"
        },
        "start": 84,
        "end": 89
      },
      "V2159197": {
        "id": "V2159197",
        "indicator": "F",
        "type": "COMPLETELY",
        "word": "OUT",
        "roles": {
          "FIGURE": "#V2159182",
          "LEX": "OUT",
          "WNSENSE": "out%4:02:03::"
        },
        "start": 96,
        "end": 100
      },
      "root": "#V2164482"
    },
    {
      "V2159898": {
        "id": "V2159898",
        "indicator": "F",
        "type": "EXISTS",
        "word": "BE",
        "roles": {
          "OPERATOR": "BUT",
          "SEQUENCE": "#V2159049",
          "SEQUENCE1": "#V2159064",
          "REASON": "#V2159130",
          "VFORM": "BASE",
          "LEX": "BUT"
        },
        "start": 0,
        "end": 58
      },
      "V2159064": {
        "id": "V2159064",
        "indicator": "F",
        "type": "PRAISE",
        "word": "LAUD",
        "roles": {
          "FORMAL": "#V2159095",
          "LEX": "LAUD",
          "WNSENSE": "laud%2:32:00::"
        },
        "start": 0,
        "end": 58
      },
      "V2159049": {
        "id": "V2159049",
        "indicator": "F",
        "type": "DISLIKING",
        "word": "ABHOR",
        "roles": {
          "NEUTRAL": "#V2159053",
          "LEX": "ABHOR",
          "WNSENSE": "abhor%2:37:00::"
        },
        "start": 0,
        "end": 58
      },
      "V2159053": {
        "id": "V2159053",
        "indicator": "INDEF-SET",
        "type": "ACTIVITY-EVENT",
        "word": "ACTION",
        "roles": {
          "LEX": "ACTIONS",
          "WNSENSE": "action%1:04:02::"
        },
        "start": 6,
        "end": 14
      },
      "V2159095": {
        "id": "V2159095",
        "indicator": "THE",
        "type": "CAUSE-MOVE",
        "word": "TAKE",
        "roles": {
          "AFFECTED": "#V2159070",
          "LEX": "TAKING",
          "WNSENSE": "take%2:38:05::"
        },
        "start": 23,
        "end": 49
      },
      "V2159070": {
        "id": "V2159070",
        "indicator": "PRO",
        "type": "MALE-PERSON",
        "word": "HIS",
        "roles": {
          "LEX": "HIS",
          "PROFORM": "HIS",
          "WNSENSE": "man%1:18:00"
        },
        "start": 23,
        "end": 49
      },
      "V2159130": {
        "id": "V2159130",
        "indicator": "F",
        "type": "PURPOSE",
        "word": "FOR",
        "roles": {
          "GROUND": "#V2159154",
          "FIGURE": "#V2159898",
          "LEX": "FOR"
        },
        "start": 49,
        "end": 58
      },
      "V2159154": {
        "id": "V2159154",
        "indicator": "PRO-SET",
        "type": "REFERENTIAL-SEM",
        "word": "THEM",
        "roles": {
          "PROFORM": "THEM",
          "LEX": "THEM",
          "WNSENSE": "entity%1:03:00"
        },
        "start": 53,
        "end": 58
      },
      "root": "#V2159898"
    },
    {
      "V2159157": {
        "id": "V2159157",
        "indicator": "F",
        "type": "PARENTHETICAL",
        "word": "UNLIKE",
        "roles": {
          "LEX": "UNLIKE"
        },
        "start": 58,
        "end": 65
      },
      "root": "#V2159157"
    },
    {
      "V2164482": {
        "id": "V2164482",
        "indicator": "SPEECHACT",
        "type": "SA_TELL",
        "word": null,
        "roles": {
          "CONTENT": "#V2159182",
          "LEX": "CALLED"
        },
        "start": 65,
        "end": 103
      },
      "V2159182": {
        "id": "V2159182",
        "indicator": "F",
        "type": "APPEAL-APPLY-DEMAND",
        "word": "CALL",
        "roles": {
          "AGENT": "#V2159167",
          "MANNER": "#V2159197",
          "MOD": "#V2159162",
          "TENSE": "PAST",
          "LEX": "CALLED"
        },
        "start": 65,
        "end": 103
      },
      "V2159162": {
        "id": "V2159162",
        "indicator": "F",
        "type": "BASIC-VAL",
        "word": "BASICLY",
        "roles": {
          "FIGURE": "#V2159182",
          "SCALE": "BASIC-SCALE",
          "LEX": "BASICLY",
          "WNSENSE": "underived%3:00:00::"
        },
        "start": 65,
        "end": 75
      },
      "V2159167": {
        "id": "V2159167",
        "indicator": "QUANTIFIER",
        "type": "PERSON",
        "word": "EVERYONE",
        "roles": {
          "PROFORM": "EVERYONE",
          "MOD": "#V2159171",
          "LEX": "EVERYONE",
          "WNSENSE": "person%1:03:00"
        },
        "start": 75,
        "end": 89
      },
      "V2159171": {
        "id": "V2159171",
        "indicator": "F",
        "type": "IDENTITY-VAL",
        "word": "ELSE",
        "roles": {
          "FORMAL": "#V2159167",
          "SCALE": "SIMILARITY-SCALE",
          "LEX": "ELSE"
        },
        "start": 84,
        "end": 89
      },
      "V2159197": {
        "id": "V2159197",
        "indicator": "F",
        "type": "COMPLETELY",
        "word": "OUT",
        "roles": {
          "FIGURE": "#V2159182",
          "LEX": "OUT",
          "WNSENSE": "out%4:02:03::"
        },
        "start": 96,
        "end": 100
      },
      "root": "#V2164482"
    },
    {
      "V2159898": {
        "id": "V2159898",
        "indicator": "F",
        "type": "EXISTS",
        "word": "BE",
        "roles": {
          "OPERATOR": "BUT",
          "SEQUENCE": "#V2159049",
          "SEQUENCE1": "#V2159064",
          "REASON": "#V2159130",
          "TENSE": "PRES",
          "LEX": "BUT"
        },
        "start": 0,
        "end": 58
      },
      "V2159064": {
        "id": "V2159064",
        "indicator": "F",
        "type": "PRAISE",
        "word": "LAUD",
        "roles": {
          "FORMAL": "#V2159096",
          "LEX": "LAUD",
          "WNSENSE": "laud%2:32:00::"
        },
        "start": 0,
        "end": 58
      },
      "V2159049": {
        "id": "V2159049",
        "indicator": "F",
        "type": "DISLIKING",
        "word": "ABHOR",
        "roles": {
          "NEUTRAL": "#V2159053",
          "LEX": "ABHOR",
          "WNSENSE": "abhor%2:37:00::"
        },
        "start": 0,
        "end": 58
      },
      "V2159053": {
        "id": "V2159053",
        "indicator": "INDEF-SET",
        "type": "ACTIVITY-EVENT",
        "word": "ACTION",
        "roles": {
          "LEX": "ACTIONS",
          "WNSENSE": "action%1:04:02::"
        },
        "start": 6,
        "end": 14
      },
      "V2159096": {
        "id": "V2159096",
        "indicator": "THE",
        "type": "IS-COMPATIBLE-WITH",
        "word": "TAKE",
        "roles": {
          "NEUTRAL1": "#V2159070",
          "LEX": "TAKING",
          "WNSENSE": "take%2:42:03::"
        },
        "start": 23,
        "end": 49
      },
      "V2159070": {
        "id": "V2159070",
        "indicator": "PRO",
        "type": "MALE-PERSON",
        "word": "HIS",
        "roles": {
          "LEX": "HIS",
          "PROFORM": "HIS",
          "WNSENSE": "man%1:18:00"
        },
        "start": 23,
        "end": 49
      },
      "V2159130": {
        "id": "V2159130",
        "indicator": "F",
        "type": "PURPOSE",
        "word": "FOR",
        "roles": {
          "GROUND": "#V2159154",
          "FIGURE": "#V2159898",
          "LEX": "FOR"
        },
        "start": 49,
        "end": 58
      },
      "V2159154": {
        "id": "V2159154",
        "indicator": "PRO-SET",
        "type": "REFERENTIAL-SEM",
        "word": "THEM",
        "roles": {
          "PROFORM": "THEM",
          "LEX": "THEM",
          "WNSENSE": "entity%1:03:00"
        },
        "start": 53,
        "end": 58
      },
      "root": "#V2159898"
    },
    {
      "V2159157": {
        "id": "V2159157",
        "indicator": "F",
        "type": "PARENTHETICAL",
        "word": "UNLIKE",
        "roles": {
          "LEX": "UNLIKE"
        },
        "start": 58,
        "end": 65
      },
      "root": "#V2159157"
    },
    {
      "V2164482": {
        "id": "V2164482",
        "indicator": "SPEECHACT",
        "type": "SA_TELL",
        "word": null,
        "roles": {
          "CONTENT": "#V2159182",
          "LEX": "CALLED"
        },
        "start": 65,
        "end": 103
      },
      "V2159182": {
        "id": "V2159182",
        "indicator": "F",
        "type": "APPEAL-APPLY-DEMAND",
        "word": "CALL",
        "roles": {
          "AGENT": "#V2159167",
          "MANNER": "#V2159197",
          "MOD": "#V2159162",
          "TENSE": "PAST",
          "LEX": "CALLED"
        },
        "start": 65,
        "end": 103
      },
      "V2159162": {
        "id": "V2159162",
        "indicator": "F",
        "type": "BASIC-VAL",
        "word": "BASICLY",
        "roles": {
          "FIGURE": "#V2159182",
          "SCALE": "BASIC-SCALE",
          "LEX": "BASICLY",
          "WNSENSE": "underived%3:00:00::"
        },
        "start": 65,
        "end": 75
      },
      "V2159167": {
        "id": "V2159167",
        "indicator": "QUANTIFIER",
        "type": "PERSON",
        "word": "EVERYONE",
        "roles": {
          "PROFORM": "EVERYONE",
          "MOD": "#V2159171",
          "LEX": "EVERYONE",
          "WNSENSE": "person%1:03:00"
        },
        "start": 75,
        "end": 89
      },
      "V2159171": {
        "id": "V2159171",
        "indicator": "F",
        "type": "IDENTITY-VAL",
        "word": "ELSE",
        "roles": {
          "FORMAL": "#V2159167",
          "SCALE": "SIMILARITY-SCALE",
          "LEX": "ELSE"
        },
        "start": 84,
        "end": 89
      },
      "V2159197": {
        "id": "V2159197",
        "indicator": "F",
        "type": "COMPLETELY",
        "word": "OUT",
        "roles": {
          "FIGURE": "#V2159182",
          "LEX": "OUT",
          "WNSENSE": "out%4:02:03::"
        },
        "start": 96,
        "end": 100
      },
      "root": "#V2164482"
    },
    {
      "V2159898": {
        "id": "V2159898",
        "indicator": "F",
        "type": "EXISTS",
        "word": "BE",
        "roles": {
          "OPERATOR": "BUT",
          "SEQUENCE": "#V2159049",
          "SEQUENCE1": "#V2159064",
          "REASON": "#V2159130",
          "VFORM": "BASE",
          "LEX": "BUT"
        },
        "start": 0,
        "end": 58
      },
      "V2159064": {
        "id": "V2159064",
        "indicator": "F",
        "type": "PRAISE",
        "word": "LAUD",
        "roles": {
          "FORMAL": "#V2159096",
          "LEX": "LAUD",
          "WNSENSE": "laud%2:32:00::"
        },
        "start": 0,
        "end": 58
      },
      "V2159049": {
        "id": "V2159049",
        "indicator": "F",
        "type": "DISLIKING",
        "word": "ABHOR",
        "roles": {
          "NEUTRAL": "#V2159053",
          "LEX": "ABHOR",
          "WNSENSE": "abhor%2:37:00::"
        },
        "start": 0,
        "end": 58
      },
      "V2159053": {
        "id": "V2159053",
        "indicator": "INDEF-SET",
        "type": "ACTIVITY-EVENT",
        "word": "ACTION",
        "roles": {
          "LEX": "ACTIONS",
          "WNSENSE": "action%1:04:02::"
        },
        "start": 6,
        "end": 14
      },
      "V2159096": {
        "id": "V2159096",
        "indicator": "THE",
        "type": "IS-COMPATIBLE-WITH",
        "word": "TAKE",
        "roles": {
          "NEUTRAL1": "#V2159070",
          "LEX": "TAKING",
          "WNSENSE": "take%2:42:03::"
        },
        "start": 23,
        "end": 49
      },
      "V2159070": {
        "id": "V2159070",
        "indicator": "PRO",
        "type": "MALE-PERSON",
        "word": "HIS",
        "roles": {
          "LEX": "HIS",
          "PROFORM": "HIS",
          "WNSENSE": "man%1:18:00"
        },
        "start": 23,
        "end": 49
      },
      "V2159130": {
        "id": "V2159130",
        "indicator": "F",
        "type": "PURPOSE",
        "word": "FOR",
        "roles": {
          "GROUND": "#V2159154",
          "FIGURE": "#V2159898",
          "LEX": "FOR"
        },
        "start": 49,
        "end": 58
      },
      "V2159154": {
        "id": "V2159154",
        "indicator": "PRO-SET",
        "type": "REFERENTIAL-SEM",
        "word": "THEM",
        "roles": {
          "PROFORM": "THEM",
          "LEX": "THEM",
          "WNSENSE": "entity%1:03:00"
        },
        "start": 53,
        "end": 58
      },
      "root": "#V2159898"
    },
    {
      "V2159157": {
        "id": "V2159157",
        "indicator": "F",
        "type": "PARENTHETICAL",
        "word": "UNLIKE",
        "roles": {
          "LEX": "UNLIKE"
        },
        "start": 58,
        "end": 65
      },
      "root": "#V2159157"
    },
    {
      "V2164482": {
        "id": "V2164482",
        "indicator": "SPEECHACT",
        "type": "SA_TELL",
        "word": null,
        "roles": {
          "CONTENT": "#V2159182",
          "LEX": "CALLED"
        },
        "start": 65,
        "end": 103
      },
      "V2159182": {
        "id": "V2159182",
        "indicator": "F",
        "type": "APPEAL-APPLY-DEMAND",
        "word": "CALL",
        "roles": {
          "AGENT": "#V2159167",
          "MANNER": "#V2159197",
          "MOD": "#V2159162",
          "TENSE": "PAST",
          "LEX": "CALLED"
        },
        "start": 65,
        "end": 103
      },
      "V2159162": {
        "id": "V2159162",
        "indicator": "F",
        "type": "BASIC-VAL",
        "word": "BASICLY",
        "roles": {
          "FIGURE": "#V2159182",
          "SCALE": "BASIC-SCALE",
          "LEX": "BASICLY",
          "WNSENSE": "underived%3:00:00::"
        },
        "start": 65,
        "end": 75
      },
      "V2159167": {
        "id": "V2159167",
        "indicator": "QUANTIFIER",
        "type": "PERSON",
        "word": "EVERYONE",
        "roles": {
          "PROFORM": "EVERYONE",
          "MOD": "#V2159171",
          "LEX": "EVERYONE",
          "WNSENSE": "person%1:03:00"
        },
        "start": 75,
        "end": 89
      },
      "V2159171": {
        "id": "V2159171",
        "indicator": "F",
        "type": "IDENTITY-VAL",
        "word": "ELSE",
        "roles": {
          "FORMAL": "#V2159167",
          "SCALE": "SIMILARITY-SCALE",
          "LEX": "ELSE"
        },
        "start": 84,
        "end": 89
      },
      "V2159197": {
        "id": "V2159197",
        "indicator": "F",
        "type": "COMPLETELY",
        "word": "OUT",
        "roles": {
          "FIGURE": "#V2159182",
          "LEX": "OUT",
          "WNSENSE": "out%4:02:03::"
        },
        "start": 96,
        "end": 100
      },
      "root": "#V2164482"
    },
    {
      "V2160157": {
        "id": "V2160157",
        "indicator": "F",
        "type": "EXISTS",
        "word": "BE",
        "roles": {
          "OPERATOR": "BUT",
          "SEQUENCE": "#V2159049",
          "SEQUENCE1": "#V2159064",
          "REASON": "#V2159130",
          "TENSE": "PRES",
          "LEX": "BUT"
        },
        "start": 0,
        "end": 58
      },
      "V2159064": {
        "id": "V2159064",
        "indicator": "F",
        "type": "PRAISE",
        "word": "LAUD",
        "roles": {
          "FORMAL": "#V2159088",
          "LEX": "LAUD",
          "WNSENSE": "laud%2:32:00::"
        },
        "start": 0,
        "end": 58
      },
      "V2159049": {
        "id": "V2159049",
        "indicator": "F",
        "type": "DISLIKING",
        "word": "ABHOR",
        "roles": {
          "NEUTRAL": "#V2159662",
          "LEX": "ABHOR",
          "WNSENSE": "abhor%2:37:00::"
        },
        "start": 0,
        "end": 58
      },
      "V2159662": {
        "id": "V2159662",
        "indicator": "THE",
        "type": "QUANTITY-ABSTR",
        "word": null,
        "roles": {
          "FIGURE": "#V2159053"
        },
        "start": 6,
        "end": 14
      },
      "V2159053": {
        "id": "V2159053",
        "indicator": "INDEF-SET",
        "type": "ACTIVITY-EVENT",
        "word": "ACTION",
        "roles": {
          "LEX": "ACTIONS",
          "WNSENSE": "action%1:04:02::"
        },
        "start": 6,
        "end": 14
      },
      "V2159088": {
        "id": "V2159088",
        "indicator": "THE",
        "type": "CONSUME",
        "word": "TAKE",
        "roles": {
          "AFFECTED": "#V2159070",
          "LEX": "TAKING",
          "WNSENSE": "take%2:34:00::"
        },
        "start": 23,
        "end": 49
      },
      "V2159070": {
        "id": "V2159070",
        "indicator": "PRO",
        "type": "MALE-PERSON",
        "word": "HIS",
        "roles": {
          "LEX": "HIS",
          "PROFORM": "HIS",
          "WNSENSE": "man%1:18:00"
        },
        "start": 23,
        "end": 49
      },
      "V2159130": {
        "id": "V2159130",
        "indicator": "F",
        "type": "PURPOSE",
        "word": "FOR",
        "roles": {
          "GROUND": "#V2159154",
          "FIGURE": "#V2160157",
          "LEX": "FOR"
        },
        "start": 49,
        "end": 58
      },
      "V2159154": {
        "id": "V2159154",
        "indicator": "PRO-SET",
        "type": "REFERENTIAL-SEM",
        "word": "THEM",
        "roles": {
          "PROFORM": "THEM",
          "LEX": "THEM",
          "WNSENSE": "entity%1:03:00"
        },
        "start": 53,
        "end": 58
      },
      "root": "#V2160157"
    },
    {
      "V2159157": {
        "id": "V2159157",
        "indicator": "F",
        "type": "PARENTHETICAL",
        "word": "UNLIKE",
        "roles": {
          "LEX": "UNLIKE"
        },
        "start": 58,
        "end": 65
      },
      "root": "#V2159157"
    },
    {
      "V2164208": {
        "id": "V2164208",
        "indicator": "SPEECHACT",
        "type": "SA_TELL",
        "word": null,
        "roles": {
          "CONTENT": "#V2159182",
          "MOD": "#V2159160",
          "LEX": "CALLED"
        },
        "start": 65,
        "end": 103
      },
      "V2159160": {
        "id": "V2159160",
        "indicator": "F",
        "type": "QUALIFICATION",
        "word": "BASICALLY",
        "roles": {
          "FIGURE": "#V2164208",
          "LEX": "BASICALLY",
          "WNSENSE": "basically%4:02:00::"
        },
        "start": 65,
        "end": 75
      },
      "V2159182": {
        "id": "V2159182",
        "indicator": "F",
        "type": "APPEAL-APPLY-DEMAND",
        "word": "CALL",
        "roles": {
          "AGENT": "#V2159167",
          "MANNER": "#V2159197",
          "TENSE": "PAST",
          "LEX": "CALLED",
          "WNSENSE": "call%2:38:00::"
        },
        "start": 75,
        "end": 103
      },
      "V2159167": {
        "id": "V2159167",
        "indicator": "QUANTIFIER",
        "type": "PERSON",
        "word": "EVERYONE",
        "roles": {
          "PROFORM": "EVERYONE",
          "MOD": "#V2159171",
          "LEX": "EVERYONE",
          "WNSENSE": "person%1:03:00"
        },
        "start": 75,
        "end": 89
      },
      "V2159171": {
        "id": "V2159171",
        "indicator": "F",
        "type": "IDENTITY-VAL",
        "word": "ELSE",
        "roles": {
          "FORMAL": "#V2159167",
          "SCALE": "SIMILARITY-SCALE",
          "LEX": "ELSE"
        },
        "start": 84,
        "end": 89
      },
      "V2159197": {
        "id": "V2159197",
        "indicator": "F",
        "type": "COMPLETELY",
        "word": "OUT",
        "roles": {
          "FIGURE": "#V2159182",
          "LEX": "OUT",
          "WNSENSE": "out%4:02:03::"
        },
        "start": 96,
        "end": 100
      },
      "root": "#V2164208"
    },
    {
      "V2160157": {
        "id": "V2160157",
        "indicator": "F",
        "type": "EXISTS",
        "word": "BE",
        "roles": {
          "OPERATOR": "BUT",
          "SEQUENCE": "#V2159049",
          "SEQUENCE1": "#V2159064",
          "REASON": "#V2159130",
          "VFORM": "BASE",
          "LEX": "BUT"
        },
        "start": 0,
        "end": 58
      },
      "V2159064": {
        "id": "V2159064",
        "indicator": "F",
        "type": "PRAISE",
        "word": "LAUD",
        "roles": {
          "FORMAL": "#V2159088",
          "LEX": "LAUD",
          "WNSENSE": "laud%2:32:00::"
        },
        "start": 0,
        "end": 58
      },
      "V2159049": {
        "id": "V2159049",
        "indicator": "F",
        "type": "DISLIKING",
        "word": "ABHOR",
        "roles": {
          "NEUTRAL": "#V2159662",
          "LEX": "ABHOR",
          "WNSENSE": "abhor%2:37:00::"
        },
        "start": 0,
        "end": 58
      },
      "V2159662": {
        "id": "V2159662",
        "indicator": "THE",
        "type": "QUANTITY-ABSTR",
        "word": null,
        "roles": {
          "FIGURE": "#V2159053"
        },
        "start": 6,
        "end": 14
      },
      "V2159053": {
        "id": "V2159053",
        "indicator": "INDEF-SET",
        "type": "ACTIVITY-EVENT",
        "word": "ACTION",
        "roles": {
          "LEX": "ACTIONS",
          "WNSENSE": "action%1:04:02::"
        },
        "start": 6,
        "end": 14
      },
      "V2159088": {
        "id": "V2159088",
        "indicator": "THE",
        "type": "CONSUME",
        "word": "TAKE",
        "roles": {
          "AFFECTED": "#V2159070",
          "LEX": "TAKING",
          "WNSENSE": "take%2:34:00::"
        },
        "start": 23,
        "end": 49
      },
      "V2159070": {
        "id": "V2159070",
        "indicator": "PRO",
        "type": "MALE-PERSON",
        "word": "HIS",
        "roles": {
          "LEX": "HIS",
          "PROFORM": "HIS",
          "WNSENSE": "man%1:18:00"
        },
        "start": 23,
        "end": 49
      },
      "V2159130": {
        "id": "V2159130",
        "indicator": "F",
        "type": "PURPOSE",
        "word": "FOR",
        "roles": {
          "GROUND": "#V2159154",
          "FIGURE": "#V2160157",
          "LEX": "FOR"
        },
        "start": 49,
        "end": 58
      },
      "V2159154": {
        "id": "V2159154",
        "indicator": "PRO-SET",
        "type": "REFERENTIAL-SEM",
        "word": "THEM",
        "roles": {
          "PROFORM": "THEM",
          "LEX": "THEM",
          "WNSENSE": "entity%1:03:00"
        },
        "start": 53,
        "end": 58
      },
      "root": "#V2160157"
    },
    {
      "V2159157": {
        "id": "V2159157",
        "indicator": "F",
        "type": "PARENTHETICAL",
        "word": "UNLIKE",
        "roles": {
          "LEX": "UNLIKE"
        },
        "start": 58,
        "end": 65
      },
      "root": "#V2159157"
    },
    {
      "V2164208": {
        "id": "V2164208",
        "indicator": "SPEECHACT",
        "type": "SA_TELL",
        "word": null,
        "roles": {
          "CONTENT": "#V2159182",
          "MOD": "#V2159160",
          "LEX": "CALLED"
        },
        "start": 65,
        "end": 103
      },
      "V2159160": {
        "id": "V2159160",
        "indicator": "F",
        "type": "QUALIFICATION",
        "word": "BASICALLY",
        "roles": {
          "FIGURE": "#V2164208",
          "LEX": "BASICALLY",
          "WNSENSE": "basically%4:02:00::"
        },
        "start": 65,
        "end": 75
      },
      "V2159182": {
        "id": "V2159182",
        "indicator": "F",
        "type": "APPEAL-APPLY-DEMAND",
        "word": "CALL",
        "roles": {
          "AGENT": "#V2159167",
          "MANNER": "#V2159197",
          "TENSE": "PAST",
          "LEX": "CALLED",
          "WNSENSE": "call%2:38:00::"
        },
        "start": 75,
        "end": 103
      },
      "V2159167": {
        "id": "V2159167",
        "indicator": "QUANTIFIER",
        "type": "PERSON",
        "word": "EVERYONE",
        "roles": {
          "PROFORM": "EVERYONE",
          "MOD": "#V2159171",
          "LEX": "EVERYONE",
          "WNSENSE": "person%1:03:00"
        },
        "start": 75,
        "end": 89
      },
      "V2159171": {
        "id": "V2159171",
        "indicator": "F",
        "type": "IDENTITY-VAL",
        "word": "ELSE",
        "roles": {
          "FORMAL": "#V2159167",
          "SCALE": "SIMILARITY-SCALE",
          "LEX": "ELSE"
        },
        "start": 84,
        "end": 89
      },
      "V2159197": {
        "id": "V2159197",
        "indicator": "F",
        "type": "COMPLETELY",
        "word": "OUT",
        "roles": {
          "FIGURE": "#V2159182",
          "LEX": "OUT",
          "WNSENSE": "out%4:02:03::"
        },
        "start": 96,
        "end": 100
      },
      "root": "#V2164208"
    },
    {
      "V2160157": {
        "id": "V2160157",
        "indicator": "F",
        "type": "EXISTS",
        "word": "BE",
        "roles": {
          "OPERATOR": "BUT",
          "SEQUENCE": "#V2159049",
          "SEQUENCE1": "#V2159064",
          "REASON": "#V2159130",
          "TENSE": "PRES",
          "LEX": "BUT"
        },
        "start": 0,
        "end": 58
      },
      "V2159064": {
        "id": "V2159064",
        "indicator": "F",
        "type": "PRAISE",
        "word": "LAUD",
        "roles": {
          "FORMAL": "#V2159094",
          "LEX": "LAUD",
          "WNSENSE": "laud%2:32:00::"
        },
        "start": 0,
        "end": 58
      },
      "V2159049": {
        "id": "V2159049",
        "indicator": "F",
        "type": "DISLIKING",
        "word": "ABHOR",
        "roles": {
          "NEUTRAL": "#V2159662",
          "LEX": "ABHOR",
          "WNSENSE": "abhor%2:37:00::"
        },
        "start": 0,
        "end": 58
      },
      "V2159662": {
        "id": "V2159662",
        "indicator": "THE",
        "type": "QUANTITY-ABSTR",
        "word": null,
        "roles": {
          "FIGURE": "#V2159053"
        },
        "start": 6,
        "end": 14
      },
      "V2159053": {
        "id": "V2159053",
        "indicator": "INDEF-SET",
        "type": "ACTIVITY-EVENT",
        "word": "ACTION",
        "roles": {
          "LEX": "ACTIONS",
          "WNSENSE": "action%1:04:02::"
        },
        "start": 6,
        "end": 14
      },
      "V2159094": {
        "id": "V2159094",
        "indicator": "THE",
        "type": "ACQUIRE",
        "word": "TAKE",
        "roles": {
          "AFFECTED": "#V2159070",
          "LEX": "TAKING",
          "WNSENSE": "take%2:30:01::"
        },
        "start": 23,
        "end": 49
      },
      "V2159070": {
        "id": "V2159070",
        "indicator": "PRO",
        "type": "MALE-PERSON",
        "word": "HIS",
        "roles": {
          "LEX": "HIS",
          "PROFORM": "HIS",
          "WNSENSE": "man%1:18:00"
        },
        "start": 23,
        "end": 49
      },
      "V2159130": {
        "id": "V2159130",
        "indicator": "F",
        "type": "PURPOSE",
        "word": "FOR",
        "roles": {
          "GROUND": "#V2159154",
          "FIGURE": "#V2160157",
          "LEX": "FOR"
        },
        "start": 49,
        "end": 58
      },
      "V2159154": {
        "id": "V2159154",
        "indicator": "PRO-SET",
        "type": "REFERENTIAL-SEM",
        "word": "THEM",
        "roles": {
          "PROFORM": "THEM",
          "LEX": "THEM",
          "WNSENSE": "entity%1:03:00"
        },
        "start": 53,
        "end": 58
      },
      "root": "#V2160157"
    },
    {
      "V2159157": {
        "id": "V2159157",
        "indicator": "F",
        "type": "PARENTHETICAL",
        "word": "UNLIKE",
        "roles": {
          "LEX": "UNLIKE"
        },
        "start": 58,
        "end": 65
      },
      "root": "#V2159157"
    },
    {
      "V2164208": {
        "id": "V2164208",
        "indicator": "SPEECHACT",
        "type": "SA_TELL",
        "word": null,
        "roles": {
          "CONTENT": "#V2159182",
          "MOD": "#V2159160",
          "LEX": "CALLED"
        },
        "start": 65,
        "end": 103
      },
      "V2159160": {
        "id": "V2159160",
        "indicator": "F",
        "type": "QUALIFICATION",
        "word": "BASICALLY",
        "roles": {
          "FIGURE": "#V2164208",
          "LEX": "BASICALLY",
          "WNSENSE": "basically%4:02:00::"
        },
        "start": 65,
        "end": 75
      },
      "V2159182": {
        "id": "V2159182",
        "indicator": "F",
        "type": "APPEAL-APPLY-DEMAND",
        "word": "CALL",
        "roles": {
          "AGENT": "#V2159167",
          "MANNER": "#V2159197",
          "TENSE": "PAST",
          "LEX": "CALLED",
          "WNSENSE": "call%2:38:00::"
        },
        "start": 75,
        "end": 103
      },
      "V2159167": {
        "id": "V2159167",
        "indicator": "QUANTIFIER",
        "type": "PERSON",
        "word": "EVERYONE",
        "roles": {
          "PROFORM": "EVERYONE",
          "MOD": "#V2159171",
          "LEX": "EVERYONE",
          "WNSENSE": "person%1:03:00"
        },
        "start": 75,
        "end": 89
      },
      "V2159171": {
        "id": "V2159171",
        "indicator": "F",
        "type": "IDENTITY-VAL",
        "word": "ELSE",
        "roles": {
          "FORMAL": "#V2159167",
          "SCALE": "SIMILARITY-SCALE",
          "LEX": "ELSE"
        },
        "start": 84,
        "end": 89
      },
      "V2159197": {
        "id": "V2159197",
        "indicator": "F",
        "type": "COMPLETELY",
        "word": "OUT",
        "roles": {
          "FIGURE": "#V2159182",
          "LEX": "OUT",
          "WNSENSE": "out%4:02:03::"
        },
        "start": 96,
        "end": 100
      },
      "root": "#V2164208"
    },
    {
      "V2160157": {
        "id": "V2160157",
        "indicator": "F",
        "type": "EXISTS",
        "word": "BE",
        "roles": {
          "OPERATOR": "BUT",
          "SEQUENCE": "#V2159049",
          "SEQUENCE1": "#V2159064",
          "REASON": "#V2159130",
          "VFORM": "BASE",
          "LEX": "BUT"
        },
        "start": 0,
        "end": 58
      },
      "V2159064": {
        "id": "V2159064",
        "indicator": "F",
        "type": "PRAISE",
        "word": "LAUD",
        "roles": {
          "FORMAL": "#V2159094",
          "LEX": "LAUD",
          "WNSENSE": "laud%2:32:00::"
        },
        "start": 0,
        "end": 58
      },
      "V2159049": {
        "id": "V2159049",
        "indicator": "F",
        "type": "DISLIKING",
        "word": "ABHOR",
        "roles": {
          "NEUTRAL": "#V2159662",
          "LEX": "ABHOR",
          "WNSENSE": "abhor%2:37:00::"
        },
        "start": 0,
        "end": 58
      },
      "V2159662": {
        "id": "V2159662",
        "indicator": "THE",
        "type": "QUANTITY-ABSTR",
        "word": null,
        "roles": {
          "FIGURE": "#V2159053"
        },
        "start": 6,
        "end": 14
      },
      "V2159053": {
        "id": "V2159053",
        "indicator": "INDEF-SET",
        "type": "ACTIVITY-EVENT",
        "word": "ACTION",
        "roles": {
          "LEX": "ACTIONS",
          "WNSENSE": "action%1:04:02::"
        },
        "start": 6,
        "end": 14
      },
      "V2159094": {
        "id": "V2159094",
        "indicator": "THE",
        "type": "ACQUIRE",
        "word": "TAKE",
        "roles": {
          "AFFECTED": "#V2159070",
          "LEX": "TAKING",
          "WNSENSE": "take%2:30:01::"
        },
        "start": 23,
        "end": 49
      },
      "V2159070": {
        "id": "V2159070",
        "indicator": "PRO",
        "type": "MALE-PERSON",
        "word": "HIS",
        "roles": {
          "LEX": "HIS",
          "PROFORM": "HIS",
          "WNSENSE": "man%1:18:00"
        },
        "start": 23,
        "end": 49
      },
      "V2159130": {
        "id": "V2159130",
        "indicator": "F",
        "type": "PURPOSE",
        "word": "FOR",
        "roles": {
          "GROUND": "#V2159154",
          "FIGURE": "#V2160157",
          "LEX": "FOR"
        },
        "start": 49,
        "end": 58
      },
      "V2159154": {
        "id": "V2159154",
        "indicator": "PRO-SET",
        "type": "REFERENTIAL-SEM",
        "word": "THEM",
        "roles": {
          "PROFORM": "THEM",
          "LEX": "THEM",
          "WNSENSE": "entity%1:03:00"
        },
        "start": 53,
        "end": 58
      },
      "root": "#V2160157"
    },
    {
      "V2159157": {
        "id": "V2159157",
        "indicator": "F",
        "type": "PARENTHETICAL",
        "word": "UNLIKE",
        "roles": {
          "LEX": "UNLIKE"
        },
        "start": 58,
        "end": 65
      },
      "root": "#V2159157"
    },
    {
      "V2164208": {
        "id": "V2164208",
        "indicator": "SPEECHACT",
        "type": "SA_TELL",
        "word": null,
        "roles": {
          "CONTENT": "#V2159182",
          "MOD": "#V2159160",
          "LEX": "CALLED"
        },
        "start": 65,
        "end": 103
      },
      "V2159160": {
        "id": "V2159160",
        "indicator": "F",
        "type": "QUALIFICATION",
        "word": "BASICALLY",
        "roles": {
          "FIGURE": "#V2164208",
          "LEX": "BASICALLY",
          "WNSENSE": "basically%4:02:00::"
        },
        "start": 65,
        "end": 75
      },
      "V2159182": {
        "id": "V2159182",
        "indicator": "F",
        "type": "APPEAL-APPLY-DEMAND",
        "word": "CALL",
        "roles": {
          "AGENT": "#V2159167",
          "MANNER": "#V2159197",
          "TENSE": "PAST",
          "LEX": "CALLED",
          "WNSENSE": "call%2:38:00::"
        },
        "start": 75,
        "end": 103
      },
      "V2159167": {
        "id": "V2159167",
        "indicator": "QUANTIFIER",
        "type": "PERSON",
        "word": "EVERYONE",
        "roles": {
          "PROFORM": "EVERYONE",
          "MOD": "#V2159171",
          "LEX": "EVERYONE",
          "WNSENSE": "person%1:03:00"
        },
        "start": 75,
        "end": 89
      },
      "V2159171": {
        "id": "V2159171",
        "indicator": "F",
        "type": "IDENTITY-VAL",
        "word": "ELSE",
        "roles": {
          "FORMAL": "#V2159167",
          "SCALE": "SIMILARITY-SCALE",
          "LEX": "ELSE"
        },
        "start": 84,
        "end": 89
      },
      "V2159197": {
        "id": "V2159197",
        "indicator": "F",
        "type": "COMPLETELY",
        "word": "OUT",
        "roles": {
          "FIGURE": "#V2159182",
          "LEX": "OUT",
          "WNSENSE": "out%4:02:03::"
        },
        "start": 96,
        "end": 100
      },
      "root": "#V2164208"
    }
  ],
  "inputtags": [],
  "debug": [
    "*last-utt-id*=NIL  utt-id+393",
    "*last-utt-id*=393  utt-id+393",
    "*last-utt-id*=393  utt-id+393",
    "*last-utt-id*=393  utt-id+NIL"
  ]
}
