{
  "parse": [
    {
      "V630028": {
        "id": "V630028",
        "indicator": "SPEECHACT",
        "type": "SA_TELL",
        "word": null,
        "roles": {
          "CONTENT": "#V626701",
          "LEX": "GRABBED"
        },
        "start": 0,
        "end": 73
      },
      "V626701": {
        "id": "V626701",
        "indicator": "F",
        "type": "ACQUIRE",
        "word": "GRAB",
        "roles": {
          "LOCATION": "#V626642",
          "AGENT": "#V626696",
          "AFFECTED": "#V626707",
          "TIME": "#V626710",
          "TENSE": "PAST",
          "LEX": "GRABBED"
        },
        "start": 0,
        "end": 73
      },
      "V626642": {
        "id": "V626642",
        "indicator": "F",
        "type": "AT-LOC",
        "word": "AT",
        "roles": {
          "GROUND": "#V627208",
          "FIGURE": "#V626701",
          "LEX": "AT"
        },
        "start": 0,
        "end": 7
      },
      "V627208": {
        "id": "V627208",
        "indicator": "INDEF-SET",
        "type": "REFERENTIAL-SEM",
        "word": null,
        "roles": {
          "SIZE": "#V626654",
          "LEX": "TWENTY"
        },
        "start": 4,
        "end": 7
      },
      "V626654": {
        "id": "V626654",
        "indicator": "A",
        "type": "NUMBER",
        "word": null,
        "roles": {
          "VALUE": "20",
          "LEX": "TWENTY"
        },
        "start": 4,
        "end": 7
      },
      "V626696": {
        "id": "V626696",
        "indicator": "A",
        "type": "MALE-PERSON",
        "word": "MAN",
        "roles": {
          "LEX": "MAN",
          "WNSENSE": "man%1:18:00::"
        },
        "start": 7,
        "end": 13
      },
      "V626707": {
        "id": "V626707",
        "indicator": "THE",
        "type": "EXTERNAL-BODY-PART",
        "word": "ASS",
        "roles": {
          "ASSOC-POSS": "#V626704",
          "LEX": "ASS",
          "WNSENSE": "ass%1:08:00::"
        },
        "start": 21,
        "end": 28
      },
      "V626704": {
        "id": "V626704",
        "indicator": "PRO",
        "type": "PERSON",
        "word": "MY",
        "roles": {
          "LEX": "MY",
          "PROFORM": "MY",
          "WNSENSE": "person%1:03:00",
          "COREF": "USER"
        },
        "start": 21,
        "end": 28
      },
      "V626710": {
        "id": "V626710",
        "indicator": "F",
        "type": "WHEN-WHILE",
        "word": "WHEN",
        "roles": {
          "GROUND": "#V626762",
          "FIGURE": "#V626701",
          "LEX": "WHEN"
        },
        "start": 28,
        "end": 73
      },
      "V626762": {
        "id": "V626762",
        "indicator": "F",
        "type": "BE",
        "word": "BE",
        "roles": {
          "NEUTRAL": "#V626729",
          "NEUTRAL1": "#V626843",
          "LOCATION": "#V626780",
          "TENSE": "PAST",
          "LEX": "WERE",
          "WNSENSE": "be%2:42:06::"
        },
        "start": 33,
        "end": 73
      },
      "V626729": {
        "id": "V626729",
        "indicator": "INDEF-SET",
        "type": "PERSON",
        "word": null,
        "roles": {
          "OPERATOR": "(AND)",
          "SEQUENCE": "#V626726",
          "SEQUENCE1": "#V626745",
          "LEX": "PUNC-AND"
        },
        "start": 33,
        "end": 48
      },
      "V626726": {
        "id": "V626726",
        "indicator": "THE",
        "type": "FAMILY-RELATION",
        "word": "HUSBAND",
        "roles": {
          "ASSOC-POSS": "#V626723",
          "LEX": "HUSBAND",
          "WNSENSE": "husband%1:18:00::"
        },
        "start": 33,
        "end": 44
      },
      "V626723": {
        "id": "V626723",
        "indicator": "PRO",
        "type": "PERSON",
        "word": "MY",
        "roles": {
          "LEX": "MY",
          "PROFORM": "MY",
          "WNSENSE": "person%1:03:00",
          "COREF": "USER"
        },
        "start": 33,
        "end": 44
      },
      "V626745": {
        "id": "V626745",
        "indicator": "PRO",
        "type": "PERSON",
        "word": "I",
        "roles": {
          "PROFORM": "I",
          "LEX": "I",
          "WNSENSE": "person%1:03:00",
          "COREF": "USER"
        },
        "start": 46,
        "end": 48
      },
      "V626780": {
        "id": "V626780",
        "indicator": "F",
        "type": "ON",
        "word": "ON",
        "roles": {
          "GROUND": "#V627386",
          "FIGURE": "#V626762",
          "LEX": "ON"
        },
        "start": 53,
        "end": 70
      },
      "V627386": {
        "id": "V627386",
        "indicator": "THE",
        "type": "QUANTITY-ABSTR",
        "word": null,
        "roles": {
          "FIGURE": "#V626816"
        },
        "start": 56,
        "end": 70
      },
      "V626816": {
        "id": "V626816",
        "indicator": "BARE",
        "type": "STOP",
        "word": "STOP",
        "roles": {
          "ASSOC-WITH": "#V626803",
          "LEX": "STOP",
          "WNSENSE": "stop%2:38:00::"
        },
        "start": 56,
        "end": 70
      },
      "V626803": {
        "id": "V626803",
        "indicator": "KIND",
        "type": "PERSON",
        "word": "BOURBON",
        "roles": {
          "LEX": "BOURBON",
          "WNSENSE": "bourbon%1:18:01::"
        },
        "start": 56,
        "end": 70
      },
      "V626843": {
        "id": "V626843",
        "indicator": "PRO",
        "type": "REFERENTIAL-SEM",
        "word": "THAT",
        "roles": {
          "PROFORM": "THAT",
          "LEX": "THAT",
          "WNSENSE": "entity%1:03:00"
        },
        "start": 70,
        "end": 73
      },
      "root": "#V630028"
    }
  ],
  "inputtags": [],
  "debug": [
    "*last-utt-id*=NIL  utt-id+109",
    "*last-utt-id*=109  utt-id+NIL"
  ]
}
