{
  "parse": [
    {
      "V2633208": {
        "id": "V2633208",
        "indicator": "SPEECHACT",
        "type": "SA_TELL",
        "word": null,
        "roles": {
          "CONTENT": "#V2628535",
          "LEX": "DON"
        },
        "start": 0,
        "end": 7
      },
      "V2628535": {
        "id": "V2628535",
        "indicator": "F",
        "type": "PUT-ON",
        "word": "DON",
        "roles": {
          "AGENT": "#V2633209",
          "AFFECTED": "#V2628553",
          "TENSE": "PRES",
          "LEX": "DON",
          "WNSENSE": "don%2:29:00::"
        },
        "start": 0,
        "end": 7
      },
      "V2633209": {
        "id": "V2633209",
        "indicator": "IMPRO",
        "type": "REFERENTIAL-SEM",
        "word": null,
        "roles": {
          "PROFORM": "SUBJ"
        },
        "start": 0,
        "end": 7
      },
      "V2628553": {
        "id": "V2628553",
        "indicator": "BARE",
        "type": "REFERENTIAL-SEM",
        "word": "^T",
        "roles": {
          "LEX": "^T",
          "WNSENSE": "entity%1:03:00"
        },
        "start": 4,
        "end": 7
      },
      "root": "#V2633208"
    },
    {
      "V2629440": {
        "id": "V2629440",
        "indicator": "SPEECHACT",
        "type": "SA_REQUEST",
        "word": null,
        "roles": {
          "PUNCTYPE": "DECL",
          "CONTENT": "#V2628560",
          "LEX": "BE"
        },
        "start": 7,
        "end": 30
      },
      "V2628560": {
        "id": "V2628560",
        "indicator": "F",
        "type": "BE",
        "word": "BE",
        "roles": {
          "NEUTRAL": "#V2629438",
          "NEUTRAL1": "#V2628634",
          "TENSE": "PRES",
          "VFORM": "BASE",
          "LEX": "BE",
          "WNSENSE": "be%2:42:06::"
        },
        "start": 7,
        "end": 30
      },
      "V2629438": {
        "id": "V2629438",
        "indicator": "IMPRO",
        "type": "PERSON",
        "word": null,
        "roles": {
          "PROFORM": "*YOU*",
          "COREF": "SYS"
        },
        "start": 7,
        "end": 30
      },
      "V2628634": {
        "id": "V2628634",
        "indicator": "A",
        "type": "NONHUMAN-ANIMAL",
        "word": "PIG",
        "roles": {
          "MOD": [
            "#V2628611",
            "#V2628624"
          ],
          "LEX": "PIG",
          "WNSENSE": "pig%1:05:00::"
        },
        "start": 10,
        "end": 30
      },
      "V2628611": {
        "id": "V2628611",
        "indicator": "F",
        "type": "DIRTY-VAL",
        "word": "DIRTY",
        "roles": {
          "FIGURE": "#V2628634",
          "SCALE": "UNCLEAN-SCALE",
          "LEX": "DIRTY",
          "WNSENSE": "dirty%3:00:01::"
        },
        "start": 12,
        "end": 18
      },
      "V2628624": {
        "id": "V2628624",
        "indicator": "F",
        "type": "JOINING",
        "word": "FUCKING",
        "roles": {
          "AGENT": "#V2628634",
          "LEX": "FUCKING",
          "WNSENSE": "conjoin%2:35:00"
        },
        "start": 18,
        "end": 26
      },
      "root": "#V2629440"
    },
    {
      "V2633208": {
        "id": "V2633208",
        "indicator": "SPEECHACT",
        "type": "SA_TELL",
        "word": null,
        "roles": {
          "CONTENT": "#V2628535",
          "LEX": "DON"
        },
        "start": 0,
        "end": 7
      },
      "V2628535": {
        "id": "V2628535",
        "indicator": "F",
        "type": "PUT-ON",
        "word": "DON",
        "roles": {
          "AGENT": "#V2633209",
          "AFFECTED": "#V2628553",
          "TENSE": "PRES",
          "LEX": "DON",
          "WNSENSE": "don%2:29:00::"
        },
        "start": 0,
        "end": 7
      },
      "V2633209": {
        "id": "V2633209",
        "indicator": "IMPRO",
        "type": "REFERENTIAL-SEM",
        "word": null,
        "roles": {
          "PROFORM": "SUBJ"
        },
        "start": 0,
        "end": 7
      },
      "V2628553": {
        "id": "V2628553",
        "indicator": "BARE",
        "type": "REFERENTIAL-SEM",
        "word": "^T",
        "roles": {
          "LEX": "^T",
          "WNSENSE": "entity%1:03:00"
        },
        "start": 4,
        "end": 7
      },
      "root": "#V2633208"
    },
    {
      "V2629432": {
        "id": "V2629432",
        "indicator": "SPEECHACT",
        "type": "SA_REQUEST",
        "word": null,
        "roles": {
          "PUNCTYPE": "DECL",
          "CONTENT": "#V2628560",
          "LEX": "BE"
        },
        "start": 7,
        "end": 31
      },
      "V2628560": {
        "id": "V2628560",
        "indicator": "F",
        "type": "BE",
        "word": "BE",
        "roles": {
          "NEUTRAL": "#V2629430",
          "NEUTRAL1": "#V2628634",
          "TENSE": "PRES",
          "VFORM": "BASE",
          "LEX": "BE",
          "WNSENSE": "be%2:42:06::"
        },
        "start": 7,
        "end": 30
      },
      "V2629430": {
        "id": "V2629430",
        "indicator": "IMPRO",
        "type": "PERSON",
        "word": null,
        "roles": {
          "PROFORM": "*YOU*"
        },
        "start": 7,
        "end": 30
      },
      "V2628634": {
        "id": "V2628634",
        "indicator": "A",
        "type": "NONHUMAN-ANIMAL",
        "word": "PIG",
        "roles": {
          "MOD": [
            "#V2628611",
            "#V2628622"
          ],
          "LEX": "PIG",
          "WNSENSE": "pig%1:05:00::"
        },
        "start": 10,
        "end": 30
      },
      "V2628611": {
        "id": "V2628611",
        "indicator": "F",
        "type": "DIRTY-VAL",
        "word": "DIRTY",
        "roles": {
          "FIGURE": "#V2628634",
          "SCALE": "UNCLEAN-SCALE",
          "LEX": "DIRTY",
          "WNSENSE": "dirty%3:00:01::"
        },
        "start": 12,
        "end": 18
      },
      "V2628622": {
        "id": "V2628622",
        "indicator": "F",
        "type": "JOINING",
        "word": "FUCKING",
        "roles": {
          "AGENT": "#V2628634",
          "LEX": "FUCKING",
          "WNSENSE": "conjoin%2:35:00"
        },
        "start": 18,
        "end": 26
      },
      "root": "#V2629432"
    },
    {
      "V2633304": {
        "id": "V2633304",
        "indicator": "SPEECHACT",
        "type": "SA_TELL",
        "word": null,
        "roles": {
          "CONTENT": "#V2628535",
          "LEX": "DON"
        },
        "start": 0,
        "end": 7
      },
      "V2628535": {
        "id": "V2628535",
        "indicator": "F",
        "type": "PUT-ON",
        "word": "DON",
        "roles": {
          "AGENT": "#V2633305",
          "AFFECTED": "#V2628553",
          "TENSE": "PRES",
          "LEX": "DON",
          "WNSENSE": "don%2:29:00::"
        },
        "start": 0,
        "end": 7
      },
      "V2633305": {
        "id": "V2633305",
        "indicator": "IMPRO",
        "type": "REFERENTIAL-SEM",
        "word": null,
        "roles": {
          "PROFORM": "SUBJ"
        },
        "start": 0,
        "end": 7
      },
      "V2628553": {
        "id": "V2628553",
        "indicator": "BARE",
        "type": "REFERENTIAL-SEM",
        "word": "^T",
        "roles": {
          "LEX": "^T",
          "WNSENSE": "entity%1:03:00"
        },
        "start": 4,
        "end": 7
      },
      "root": "#V2633304"
    },
    {
      "V2629440": {
        "id": "V2629440",
        "indicator": "SPEECHACT",
        "type": "SA_REQUEST",
        "word": null,
        "roles": {
          "PUNCTYPE": "DECL",
          "CONTENT": "#V2628560",
          "LEX": "BE"
        },
        "start": 7,
        "end": 31
      },
      "V2628560": {
        "id": "V2628560",
        "indicator": "F",
        "type": "BE",
        "word": "BE",
        "roles": {
          "NEUTRAL": "#V2629438",
          "NEUTRAL1": "#V2628634",
          "TENSE": "PRES",
          "VFORM": "BASE",
          "LEX": "BE",
          "WNSENSE": "be%2:42:06::"
        },
        "start": 7,
        "end": 30
      },
      "V2629438": {
        "id": "V2629438",
        "indicator": "IMPRO",
        "type": "PERSON",
        "word": null,
        "roles": {
          "PROFORM": "*YOU*"
        },
        "start": 7,
        "end": 30
      },
      "V2628634": {
        "id": "V2628634",
        "indicator": "A",
        "type": "NONHUMAN-ANIMAL",
        "word": "PIG",
        "roles": {
          "MOD": [
            "#V2628611",
            "#V2628624"
          ],
          "LEX": "PIG",
          "WNSENSE": "pig%1:05:00::"
        },
        "start": 10,
        "end": 30
      },
      "V2628611": {
        "id": "V2628611",
        "indicator": "F",
        "type": "DIRTY-VAL",
        "word": "DIRTY",
        "roles": {
          "FIGURE": "#V2628634",
          "SCALE": "UNCLEAN-SCALE",
          "LEX": "DIRTY",
          "WNSENSE": "dirty%3:00:01::"
        },
        "start": 12,
        "end": 18
      },
      "V2628624": {
        "id": "V2628624",
        "indicator": "F",
        "type": "JOINING",
        "word": "FUCKING",
        "roles": {
          "AGENT": "#V2628634",
          "LEX": "FUCKING",
          "WNSENSE": "conjoin%2:35:00"
        },
        "start": 18,
        "end": 26
      },
      "root": "#V2629440"
    },
    {
      "V2633304": {
        "id": "V2633304",
        "indicator": "SPEECHACT",
        "type": "SA_TELL",
        "word": null,
        "roles": {
          "CONTENT": "#V2628535",
          "LEX": "DON"
        },
        "start": 0,
        "end": 7
      },
      "V2628535": {
        "id": "V2628535",
        "indicator": "F",
        "type": "PUT-ON",
        "word": "DON",
        "roles": {
          "AGENT": "#V2633305",
          "AFFECTED": "#V2628553",
          "TENSE": "PRES",
          "LEX": "DON",
          "WNSENSE": "don%2:29:00::"
        },
        "start": 0,
        "end": 7
      },
      "V2633305": {
        "id": "V2633305",
        "indicator": "IMPRO",
        "type": "REFERENTIAL-SEM",
        "word": null,
        "roles": {
          "PROFORM": "SUBJ"
        },
        "start": 0,
        "end": 7
      },
      "V2628553": {
        "id": "V2628553",
        "indicator": "BARE",
        "type": "REFERENTIAL-SEM",
        "word": "^T",
        "roles": {
          "LEX": "^T",
          "WNSENSE": "entity%1:03:00"
        },
        "start": 4,
        "end": 7
      },
      "root": "#V2633304"
    },
    {
      "V2629432": {
        "id": "V2629432",
        "indicator": "SPEECHACT",
        "type": "SA_REQUEST",
        "word": null,
        "roles": {
          "PUNCTYPE": "DECL",
          "CONTENT": "#V2628560",
          "LEX": "BE"
        },
        "start": 7,
        "end": 31
      },
      "V2628560": {
        "id": "V2628560",
        "indicator": "F",
        "type": "BE",
        "word": "BE",
        "roles": {
          "NEUTRAL": "#V2629430",
          "NEUTRAL1": "#V2628634",
          "TENSE": "PRES",
          "VFORM": "BASE",
          "LEX": "BE",
          "WNSENSE": "be%2:42:06::"
        },
        "start": 7,
        "end": 30
      },
      "V2629430": {
        "id": "V2629430",
        "indicator": "IMPRO",
        "type": "PERSON",
        "word": null,
        "roles": {
          "PROFORM": "*YOU*"
        },
        "start": 7,
        "end": 30
      },
      "V2628634": {
        "id": "V2628634",
        "indicator": "A",
        "type": "NONHUMAN-ANIMAL",
        "word": "PIG",
        "roles": {
          "MOD": [
            "#V2628611",
            "#V2628622"
          ],
          "LEX": "PIG",
          "WNSENSE": "pig%1:05:00::"
        },
        "start": 10,
        "end": 30
      },
      "V2628611": {
        "id": "V2628611",
        "indicator": "F",
        "type": "DIRTY-VAL",
        "word": "DIRTY",
        "roles": {
          "FIGURE": "#V2628634",
          "SCALE": "UNCLEAN-SCALE",
          "LEX": "DIRTY",
          "WNSENSE": "dirty%3:00:01::"
        },
        "start": 12,
        "end": 18
      },
      "V2628622": {
        "id": "V2628622",
        "indicator": "F",
        "type": "JOINING",
        "word": "FUCKING",
        "roles": {
          "AGENT": "#V2628634",
          "LEX": "FUCKING",
          "WNSENSE": "conjoin%2:35:00"
        },
        "start": 18,
        "end": 26
      },
      "root": "#V2629432"
    },
    {
      "V2633208": {
        "id": "V2633208",
        "indicator": "SPEECHACT",
        "type": "SA_TELL",
        "word": null,
        "roles": {
          "CONTENT": "#V2628535",
          "LEX": "DON"
        },
        "start": 0,
        "end": 7
      },
      "V2628535": {
        "id": "V2628535",
        "indicator": "F",
        "type": "PUT-ON",
        "word": "DON",
        "roles": {
          "AGENT": "#V2633209",
          "AFFECTED": "#V2628553",
          "TENSE": "PRES",
          "LEX": "DON",
          "WNSENSE": "don%2:29:00::"
        },
        "start": 0,
        "end": 7
      },
      "V2633209": {
        "id": "V2633209",
        "indicator": "IMPRO",
        "type": "REFERENTIAL-SEM",
        "word": null,
        "roles": {
          "PROFORM": "SUBJ"
        },
        "start": 0,
        "end": 7
      },
      "V2628553": {
        "id": "V2628553",
        "indicator": "BARE",
        "type": "REFERENTIAL-SEM",
        "word": "^T",
        "roles": {
          "LEX": "^T",
          "WNSENSE": "entity%1:03:00"
        },
        "start": 4,
        "end": 7
      },
      "root": "#V2633208"
    },
    {
      "V2629507": {
        "id": "V2629507",
        "indicator": "SPEECHACT",
        "type": "SA_REQUEST",
        "word": null,
        "roles": {
          "PUNCTYPE": "DECL",
          "CONTENT": "#V2628560",
          "LEX": "BE"
        },
        "start": 7,
        "end": 31
      },
      "V2628560": {
        "id": "V2628560",
        "indicator": "F",
        "type": "BE",
        "word": "BE",
        "roles": {
          "NEUTRAL": "#V2629505",
          "NEUTRAL1": "#V2628634",
          "TENSE": "PRES",
          "VFORM": "BASE",
          "LEX": "BE",
          "WNSENSE": "be%2:42:06::"
        },
        "start": 7,
        "end": 30
      },
      "V2629505": {
        "id": "V2629505",
        "indicator": "IMPRO",
        "type": "PERSON",
        "word": null,
        "roles": {
          "PROFORM": "*YOU*"
        },
        "start": 7,
        "end": 30
      },
      "V2628634": {
        "id": "V2628634",
        "indicator": "A",
        "type": "NONHUMAN-ANIMAL",
        "word": "PIG",
        "roles": {
          "MOD": [
            "#V2628611",
            "#V2628626"
          ],
          "LEX": "PIG",
          "WNSENSE": "pig%1:05:00::"
        },
        "start": 10,
        "end": 30
      },
      "V2628611": {
        "id": "V2628611",
        "indicator": "F",
        "type": "DIRTY-VAL",
        "word": "DIRTY",
        "roles": {
          "FIGURE": "#V2628634",
          "SCALE": "UNCLEAN-SCALE",
          "LEX": "DIRTY",
          "WNSENSE": "dirty%3:00:01::"
        },
        "start": 12,
        "end": 18
      },
      "V2628626": {
        "id": "V2628626",
        "indicator": "F",
        "type": "JOINING",
        "word": "FUCKING",
        "roles": {
          "AGENT": "#V2628634",
          "LEX": "FUCKING",
          "WNSENSE": "conjoin%2:35:00"
        },
        "start": 18,
        "end": 26
      },
      "root": "#V2629507"
    },
    {
      "V2633208": {
        "id": "V2633208",
        "indicator": "SPEECHACT",
        "type": "SA_TELL",
        "word": null,
        "roles": {
          "CONTENT": "#V2628535",
          "LEX": "DON"
        },
        "start": 0,
        "end": 7
      },
      "V2628535": {
        "id": "V2628535",
        "indicator": "F",
        "type": "PUT-ON",
        "word": "DON",
        "roles": {
          "AGENT": "#V2633209",
          "AFFECTED": "#V2628553",
          "TENSE": "PRES",
          "LEX": "DON",
          "WNSENSE": "don%2:29:00::"
        },
        "start": 0,
        "end": 7
      },
      "V2633209": {
        "id": "V2633209",
        "indicator": "IMPRO",
        "type": "REFERENTIAL-SEM",
        "word": null,
        "roles": {
          "PROFORM": "SUBJ"
        },
        "start": 0,
        "end": 7
      },
      "V2628553": {
        "id": "V2628553",
        "indicator": "BARE",
        "type": "REFERENTIAL-SEM",
        "word": "^T",
        "roles": {
          "LEX": "^T",
          "WNSENSE": "entity%1:03:00"
        },
        "start": 4,
        "end": 7
      },
      "root": "#V2633208"
    },
    {
      "V2629499": {
        "id": "V2629499",
        "indicator": "SPEECHACT",
        "type": "SA_REQUEST",
        "word": null,
        "roles": {
          "PUNCTYPE": "DECL",
          "CONTENT": "#V2628560",
          "LEX": "BE"
        },
        "start": 7,
        "end": 31
      },
      "V2628560": {
        "id": "V2628560",
        "indicator": "F",
        "type": "BE",
        "word": "BE",
        "roles": {
          "NEUTRAL": "#V2629497",
          "NEUTRAL1": "#V2628634",
          "TENSE": "PRES",
          "VFORM": "BASE",
          "LEX": "BE",
          "WNSENSE": "be%2:42:06::"
        },
        "start": 7,
        "end": 30
      },
      "V2629497": {
        "id": "V2629497",
        "indicator": "IMPRO",
        "type": "PERSON",
        "word": null,
        "roles": {
          "PROFORM": "*YOU*"
        },
        "start": 7,
        "end": 30
      },
      "V2628634": {
        "id": "V2628634",
        "indicator": "A",
        "type": "NONHUMAN-ANIMAL",
        "word": "PIG",
        "roles": {
          "MOD": [
            "#V2628611",
            "#V2628616"
          ],
          "LEX": "PIG",
          "WNSENSE": "pig%1:05:00::"
        },
        "start": 10,
        "end": 30
      },
      "V2628611": {
        "id": "V2628611",
        "indicator": "F",
        "type": "DIRTY-VAL",
        "word": "DIRTY",
        "roles": {
          "FIGURE": "#V2628634",
          "SCALE": "UNCLEAN-SCALE",
          "LEX": "DIRTY",
          "WNSENSE": "dirty%3:00:01::"
        },
        "start": 12,
        "end": 18
      },
      "V2628616": {
        "id": "V2628616",
        "indicator": "F",
        "type": "JOINING",
        "word": "FUCKING",
        "roles": {
          "AGENT": "#V2628634",
          "LEX": "FUCKING",
          "WNSENSE": "conjoin%2:35:00"
        },
        "start": 18,
        "end": 26
      },
      "root": "#V2629499"
    },
    {
      "V2633208": {
        "id": "V2633208",
        "indicator": "SPEECHACT",
        "type": "SA_TELL",
        "word": null,
        "roles": {
          "CONTENT": "#V2628535",
          "LEX": "DON"
        },
        "start": 0,
        "end": 7
      },
      "V2628535": {
        "id": "V2628535",
        "indicator": "F",
        "type": "PUT-ON",
        "word": "DON",
        "roles": {
          "AGENT": "#V2633209",
          "AFFECTED": "#V2628553",
          "TENSE": "PRES",
          "LEX": "DON",
          "WNSENSE": "don%2:29:00::"
        },
        "start": 0,
        "end": 7
      },
      "V2633209": {
        "id": "V2633209",
        "indicator": "IMPRO",
        "type": "REFERENTIAL-SEM",
        "word": null,
        "roles": {
          "PROFORM": "SUBJ"
        },
        "start": 0,
        "end": 7
      },
      "V2628553": {
        "id": "V2628553",
        "indicator": "BARE",
        "type": "REFERENTIAL-SEM",
        "word": "^T",
        "roles": {
          "LEX": "^T",
          "WNSENSE": "entity%1:03:00"
        },
        "start": 4,
        "end": 7
      },
      "root": "#V2633208"
    },
    {
      "V2629543": {
        "id": "V2629543",
        "indicator": "SPEECHACT",
        "type": "SA_REQUEST",
        "word": null,
        "roles": {
          "PUNCTYPE": "DECL",
          "CONTENT": "#V2628559",
          "LEX": "BE"
        },
        "start": 7,
        "end": 31
      },
      "V2628559": {
        "id": "V2628559",
        "indicator": "F",
        "type": "HAVE-PROPERTY",
        "word": "BE",
        "roles": {
          "NEUTRAL": "#V2629541",
          "FORMAL": "#V2629005",
          "TENSE": "PRES",
          "VFORM": "BASE",
          "LEX": "BE",
          "WNSENSE": "be%2:42:03::"
        },
        "start": 7,
        "end": 30
      },
      "V2629541": {
        "id": "V2629541",
        "indicator": "IMPRO",
        "type": "PERSON",
        "word": null,
        "roles": {
          "PROFORM": "*YOU*"
        },
        "start": 7,
        "end": 30
      },
      "V2629005": {
        "id": "V2629005",
        "indicator": "F",
        "type": "MEMBERSHIP",
        "word": null,
        "roles": {
          "FIGURE": "#V2629541",
          "GROUND": "#V2628634",
          "LEX": "PIG"
        },
        "start": 10,
        "end": 30
      },
      "V2628634": {
        "id": "V2628634",
        "indicator": "THE-SET",
        "type": "NONHUMAN-ANIMAL",
        "word": "PIG",
        "roles": {
          "MOD": [
            "#V2628611",
            "#V2628624"
          ]
        },
        "start": 10,
        "end": 30
      },
      "V2628611": {
        "id": "V2628611",
        "indicator": "F",
        "type": "DIRTY-VAL",
        "word": "DIRTY",
        "roles": {
          "FIGURE": "#V2628634",
          "SCALE": "UNCLEAN-SCALE",
          "LEX": "DIRTY",
          "WNSENSE": "dirty%3:00:01::"
        },
        "start": 12,
        "end": 18
      },
      "V2628624": {
        "id": "V2628624",
        "indicator": "F",
        "type": "JOINING",
        "word": "FUCKING",
        "roles": {
          "AGENT": "#V2628634",
          "LEX": "FUCKING",
          "WNSENSE": "conjoin%2:35:00"
        },
        "start": 18,
        "end": 26
      },
      "root": "#V2629543"
    },
    {
      "V2633208": {
        "id": "V2633208",
        "indicator": "SPEECHACT",
        "type": "SA_TELL",
        "word": null,
        "roles": {
          "CONTENT": "#V2628535",
          "LEX": "DON"
        },
        "start": 0,
        "end": 7
      },
      "V2628535": {
        "id": "V2628535",
        "indicator": "F",
        "type": "PUT-ON",
        "word": "DON",
        "roles": {
          "AGENT": "#V2633209",
          "AFFECTED": "#V2628553",
          "TENSE": "PRES",
          "LEX": "DON",
          "WNSENSE": "don%2:29:00::"
        },
        "start": 0,
        "end": 7
      },
      "V2633209": {
        "id": "V2633209",
        "indicator": "IMPRO",
        "type": "REFERENTIAL-SEM",
        "word": null,
        "roles": {
          "PROFORM": "SUBJ"
        },
        "start": 0,
        "end": 7
      },
      "V2628553": {
        "id": "V2628553",
        "indicator": "BARE",
        "type": "REFERENTIAL-SEM",
        "word": "^T",
        "roles": {
          "LEX": "^T",
          "WNSENSE": "entity%1:03:00"
        },
        "start": 4,
        "end": 7
      },
      "root": "#V2633208"
    },
    {
      "V2629535": {
        "id": "V2629535",
        "indicator": "SPEECHACT",
        "type": "SA_REQUEST",
        "word": null,
        "roles": {
          "PUNCTYPE": "DECL",
          "CONTENT": "#V2628559",
          "LEX": "BE"
        },
        "start": 7,
        "end": 31
      },
      "V2628559": {
        "id": "V2628559",
        "indicator": "F",
        "type": "HAVE-PROPERTY",
        "word": "BE",
        "roles": {
          "NEUTRAL": "#V2629533",
          "FORMAL": "#V2628971",
          "TENSE": "PRES",
          "VFORM": "BASE",
          "LEX": "BE",
          "WNSENSE": "be%2:42:03::"
        },
        "start": 7,
        "end": 30
      },
      "V2629533": {
        "id": "V2629533",
        "indicator": "IMPRO",
        "type": "PERSON",
        "word": null,
        "roles": {
          "PROFORM": "*YOU*"
        },
        "start": 7,
        "end": 30
      },
      "V2628971": {
        "id": "V2628971",
        "indicator": "F",
        "type": "MEMBERSHIP",
        "word": null,
        "roles": {
          "FIGURE": "#V2629533",
          "GROUND": "#V2628634",
          "LEX": "PIG"
        },
        "start": 10,
        "end": 30
      },
      "V2628634": {
        "id": "V2628634",
        "indicator": "THE-SET",
        "type": "NONHUMAN-ANIMAL",
        "word": "PIG",
        "roles": {
          "MOD": [
            "#V2628611",
            "#V2628622"
          ]
        },
        "start": 10,
        "end": 30
      },
      "V2628611": {
        "id": "V2628611",
        "indicator": "F",
        "type": "DIRTY-VAL",
        "word": "DIRTY",
        "roles": {
          "FIGURE": "#V2628634",
          "SCALE": "UNCLEAN-SCALE",
          "LEX": "DIRTY",
          "WNSENSE": "dirty%3:00:01::"
        },
        "start": 12,
        "end": 18
      },
      "V2628622": {
        "id": "V2628622",
        "indicator": "F",
        "type": "JOINING",
        "word": "FUCKING",
        "roles": {
          "AGENT": "#V2628634",
          "LEX": "FUCKING",
          "WNSENSE": "conjoin%2:35:00"
        },
        "start": 18,
        "end": 26
      },
      "root": "#V2629535"
    },
    {
      "V2633304": {
        "id": "V2633304",
        "indicator": "SPEECHACT",
        "type": "SA_TELL",
        "word": null,
        "roles": {
          "CONTENT": "#V2628535",
          "LEX": "DON"
        },
        "start": 0,
        "end": 7
      },
      "V2628535": {
        "id": "V2628535",
        "indicator": "F",
        "type": "PUT-ON",
        "word": "DON",
        "roles": {
          "AGENT": "#V2633305",
          "AFFECTED": "#V2628553",
          "TENSE": "PRES",
          "LEX": "DON",
          "WNSENSE": "don%2:29:00::"
        },
        "start": 0,
        "end": 7
      },
      "V2633305": {
        "id": "V2633305",
        "indicator": "IMPRO",
        "type": "REFERENTIAL-SEM",
        "word": null,
        "roles": {
          "PROFORM": "SUBJ"
        },
        "start": 0,
        "end": 7
      },
      "V2628553": {
        "id": "V2628553",
        "indicator": "BARE",
        "type": "REFERENTIAL-SEM",
        "word": "^T",
        "roles": {
          "LEX": "^T",
          "WNSENSE": "entity%1:03:00"
        },
        "start": 4,
        "end": 7
      },
      "root": "#V2633304"
    },
    {
      "V2629507": {
        "id": "V2629507",
        "indicator": "SPEECHACT",
        "type": "SA_REQUEST",
        "word": null,
        "roles": {
          "PUNCTYPE": "DECL",
          "CONTENT": "#V2628560",
          "LEX": "BE"
        },
        "start": 7,
        "end": 31
      },
      "V2628560": {
        "id": "V2628560",
        "indicator": "F",
        "type": "BE",
        "word": "BE",
        "roles": {
          "NEUTRAL": "#V2629505",
          "NEUTRAL1": "#V2628634",
          "TENSE": "PRES",
          "VFORM": "BASE",
          "LEX": "BE",
          "WNSENSE": "be%2:42:06::"
        },
        "start": 7,
        "end": 30
      },
      "V2629505": {
        "id": "V2629505",
        "indicator": "IMPRO",
        "type": "PERSON",
        "word": null,
        "roles": {
          "PROFORM": "*YOU*"
        },
        "start": 7,
        "end": 30
      },
      "V2628634": {
        "id": "V2628634",
        "indicator": "A",
        "type": "NONHUMAN-ANIMAL",
        "word": "PIG",
        "roles": {
          "MOD": [
            "#V2628611",
            "#V2628626"
          ],
          "LEX": "PIG",
          "WNSENSE": "pig%1:05:00::"
        },
        "start": 10,
        "end": 30
      },
      "V2628611": {
        "id": "V2628611",
        "indicator": "F",
        "type": "DIRTY-VAL",
        "word": "DIRTY",
        "roles": {
          "FIGURE": "#V2628634",
          "SCALE": "UNCLEAN-SCALE",
          "LEX": "DIRTY",
          "WNSENSE": "dirty%3:00:01::"
        },
        "start": 12,
        "end": 18
      },
      "V2628626": {
        "id": "V2628626",
        "indicator": "F",
        "type": "JOINING",
        "word": "FUCKING",
        "roles": {
          "AGENT": "#V2628634",
          "LEX": "FUCKING",
          "WNSENSE": "conjoin%2:35:00"
        },
        "start": 18,
        "end": 26
      },
      "root": "#V2629507"
    },
    {
      "V2633304": {
        "id": "V2633304",
        "indicator": "SPEECHACT",
        "type": "SA_TELL",
        "word": null,
        "roles": {
          "CONTENT": "#V2628535",
          "LEX": "DON"
        },
        "start": 0,
        "end": 7
      },
      "V2628535": {
        "id": "V2628535",
        "indicator": "F",
        "type": "PUT-ON",
        "word": "DON",
        "roles": {
          "AGENT": "#V2633305",
          "AFFECTED": "#V2628553",
          "TENSE": "PRES",
          "LEX": "DON",
          "WNSENSE": "don%2:29:00::"
        },
        "start": 0,
        "end": 7
      },
      "V2633305": {
        "id": "V2633305",
        "indicator": "IMPRO",
        "type": "REFERENTIAL-SEM",
        "word": null,
        "roles": {
          "PROFORM": "SUBJ"
        },
        "start": 0,
        "end": 7
      },
      "V2628553": {
        "id": "V2628553",
        "indicator": "BARE",
        "type": "REFERENTIAL-SEM",
        "word": "^T",
        "roles": {
          "LEX": "^T",
          "WNSENSE": "entity%1:03:00"
        },
        "start": 4,
        "end": 7
      },
      "root": "#V2633304"
    },
    {
      "V2629499": {
        "id": "V2629499",
        "indicator": "SPEECHACT",
        "type": "SA_REQUEST",
        "word": null,
        "roles": {
          "PUNCTYPE": "DECL",
          "CONTENT": "#V2628560",
          "LEX": "BE"
        },
        "start": 7,
        "end": 31
      },
      "V2628560": {
        "id": "V2628560",
        "indicator": "F",
        "type": "BE",
        "word": "BE",
        "roles": {
          "NEUTRAL": "#V2629497",
          "NEUTRAL1": "#V2628634",
          "TENSE": "PRES",
          "VFORM": "BASE",
          "LEX": "BE",
          "WNSENSE": "be%2:42:06::"
        },
        "start": 7,
        "end": 30
      },
      "V2629497": {
        "id": "V2629497",
        "indicator": "IMPRO",
        "type": "PERSON",
        "word": null,
        "roles": {
          "PROFORM": "*YOU*"
        },
        "start": 7,
        "end": 30
      },
      "V2628634": {
        "id": "V2628634",
        "indicator": "A",
        "type": "NONHUMAN-ANIMAL",
        "word": "PIG",
        "roles": {
          "MOD": [
            "#V2628611",
            "#V2628616"
          ],
          "LEX": "PIG",
          "WNSENSE": "pig%1:05:00::"
        },
        "start": 10,
        "end": 30
      },
      "V2628611": {
        "id": "V2628611",
        "indicator": "F",
        "type": "DIRTY-VAL",
        "word": "DIRTY",
        "roles": {
          "FIGURE": "#V2628634",
          "SCALE": "UNCLEAN-SCALE",
          "LEX": "DIRTY",
          "WNSENSE": "dirty%3:00:01::"
        },
        "start": 12,
        "end": 18
      },
      "V2628616": {
        "id": "V2628616",
        "indicator": "F",
        "type": "JOINING",
        "word": "FUCKING",
        "roles": {
          "AGENT": "#V2628634",
          "LEX": "FUCKING",
          "WNSENSE": "conjoin%2:35:00"
        },
        "start": 18,
        "end": 26
      },
      "root": "#V2629499"
    },
    {
      "V2633304": {
        "id": "V2633304",
        "indicator": "SPEECHACT",
        "type": "SA_TELL",
        "word": null,
        "roles": {
          "CONTENT": "#V2628535",
          "LEX": "DON"
        },
        "start": 0,
        "end": 7
      },
      "V2628535": {
        "id": "V2628535",
        "indicator": "F",
        "type": "PUT-ON",
        "word": "DON",
        "roles": {
          "AGENT": "#V2633305",
          "AFFECTED": "#V2628553",
          "TENSE": "PRES",
          "LEX": "DON",
          "WNSENSE": "don%2:29:00::"
        },
        "start": 0,
        "end": 7
      },
      "V2633305": {
        "id": "V2633305",
        "indicator": "IMPRO",
        "type": "REFERENTIAL-SEM",
        "word": null,
        "roles": {
          "PROFORM": "SUBJ"
        },
        "start": 0,
        "end": 7
      },
      "V2628553": {
        "id": "V2628553",
        "indicator": "BARE",
        "type": "REFERENTIAL-SEM",
        "word": "^T",
        "roles": {
          "LEX": "^T",
          "WNSENSE": "entity%1:03:00"
        },
        "start": 4,
        "end": 7
      },
      "root": "#V2633304"
    },
    {
      "V2629543": {
        "id": "V2629543",
        "indicator": "SPEECHACT",
        "type": "SA_REQUEST",
        "word": null,
        "roles": {
          "PUNCTYPE": "DECL",
          "CONTENT": "#V2628559",
          "LEX": "BE"
        },
        "start": 7,
        "end": 31
      },
      "V2628559": {
        "id": "V2628559",
        "indicator": "F",
        "type": "HAVE-PROPERTY",
        "word": "BE",
        "roles": {
          "NEUTRAL": "#V2629541",
          "FORMAL": "#V2629005",
          "TENSE": "PRES",
          "VFORM": "BASE",
          "LEX": "BE",
          "WNSENSE": "be%2:42:03::"
        },
        "start": 7,
        "end": 30
      },
      "V2629541": {
        "id": "V2629541",
        "indicator": "IMPRO",
        "type": "PERSON",
        "word": null,
        "roles": {
          "PROFORM": "*YOU*"
        },
        "start": 7,
        "end": 30
      },
      "V2629005": {
        "id": "V2629005",
        "indicator": "F",
        "type": "MEMBERSHIP",
        "word": null,
        "roles": {
          "FIGURE": "#V2629541",
          "GROUND": "#V2628634",
          "LEX": "PIG"
        },
        "start": 10,
        "end": 30
      },
      "V2628634": {
        "id": "V2628634",
        "indicator": "THE-SET",
        "type": "NONHUMAN-ANIMAL",
        "word": "PIG",
        "roles": {
          "MOD": [
            "#V2628611",
            "#V2628624"
          ]
        },
        "start": 10,
        "end": 30
      },
      "V2628611": {
        "id": "V2628611",
        "indicator": "F",
        "type": "DIRTY-VAL",
        "word": "DIRTY",
        "roles": {
          "FIGURE": "#V2628634",
          "SCALE": "UNCLEAN-SCALE",
          "LEX": "DIRTY",
          "WNSENSE": "dirty%3:00:01::"
        },
        "start": 12,
        "end": 18
      },
      "V2628624": {
        "id": "V2628624",
        "indicator": "F",
        "type": "JOINING",
        "word": "FUCKING",
        "roles": {
          "AGENT": "#V2628634",
          "LEX": "FUCKING",
          "WNSENSE": "conjoin%2:35:00"
        },
        "start": 18,
        "end": 26
      },
      "root": "#V2629543"
    },
    {
      "V2633304": {
        "id": "V2633304",
        "indicator": "SPEECHACT",
        "type": "SA_TELL",
        "word": null,
        "roles": {
          "CONTENT": "#V2628535",
          "LEX": "DON"
        },
        "start": 0,
        "end": 7
      },
      "V2628535": {
        "id": "V2628535",
        "indicator": "F",
        "type": "PUT-ON",
        "word": "DON",
        "roles": {
          "AGENT": "#V2633305",
          "AFFECTED": "#V2628553",
          "TENSE": "PRES",
          "LEX": "DON",
          "WNSENSE": "don%2:29:00::"
        },
        "start": 0,
        "end": 7
      },
      "V2633305": {
        "id": "V2633305",
        "indicator": "IMPRO",
        "type": "REFERENTIAL-SEM",
        "word": null,
        "roles": {
          "PROFORM": "SUBJ"
        },
        "start": 0,
        "end": 7
      },
      "V2628553": {
        "id": "V2628553",
        "indicator": "BARE",
        "type": "REFERENTIAL-SEM",
        "word": "^T",
        "roles": {
          "LEX": "^T",
          "WNSENSE": "entity%1:03:00"
        },
        "start": 4,
        "end": 7
      },
      "root": "#V2633304"
    },
    {
      "V2629535": {
        "id": "V2629535",
        "indicator": "SPEECHACT",
        "type": "SA_REQUEST",
        "word": null,
        "roles": {
          "PUNCTYPE": "DECL",
          "CONTENT": "#V2628559",
          "LEX": "BE"
        },
        "start": 7,
        "end": 31
      },
      "V2628559": {
        "id": "V2628559",
        "indicator": "F",
        "type": "HAVE-PROPERTY",
        "word": "BE",
        "roles": {
          "NEUTRAL": "#V2629533",
          "FORMAL": "#V2628971",
          "TENSE": "PRES",
          "VFORM": "BASE",
          "LEX": "BE",
          "WNSENSE": "be%2:42:03::"
        },
        "start": 7,
        "end": 30
      },
      "V2629533": {
        "id": "V2629533",
        "indicator": "IMPRO",
        "type": "PERSON",
        "word": null,
        "roles": {
          "PROFORM": "*YOU*"
        },
        "start": 7,
        "end": 30
      },
      "V2628971": {
        "id": "V2628971",
        "indicator": "F",
        "type": "MEMBERSHIP",
        "word": null,
        "roles": {
          "FIGURE": "#V2629533",
          "GROUND": "#V2628634",
          "LEX": "PIG"
        },
        "start": 10,
        "end": 30
      },
      "V2628634": {
        "id": "V2628634",
        "indicator": "THE-SET",
        "type": "NONHUMAN-ANIMAL",
        "word": "PIG",
        "roles": {
          "MOD": [
            "#V2628611",
            "#V2628622"
          ]
        },
        "start": 10,
        "end": 30
      },
      "V2628611": {
        "id": "V2628611",
        "indicator": "F",
        "type": "DIRTY-VAL",
        "word": "DIRTY",
        "roles": {
          "FIGURE": "#V2628634",
          "SCALE": "UNCLEAN-SCALE",
          "LEX": "DIRTY",
          "WNSENSE": "dirty%3:00:01::"
        },
        "start": 12,
        "end": 18
      },
      "V2628622": {
        "id": "V2628622",
        "indicator": "F",
        "type": "JOINING",
        "word": "FUCKING",
        "roles": {
          "AGENT": "#V2628634",
          "LEX": "FUCKING",
          "WNSENSE": "conjoin%2:35:00"
        },
        "start": 18,
        "end": 26
      },
      "root": "#V2629535"
    },
    {
      "V2633208": {
        "id": "V2633208",
        "indicator": "SPEECHACT",
        "type": "SA_TELL",
        "word": null,
        "roles": {
          "CONTENT": "#V2628535",
          "LEX": "DON"
        },
        "start": 0,
        "end": 7
      },
      "V2628535": {
        "id": "V2628535",
        "indicator": "F",
        "type": "PUT-ON",
        "word": "DON",
        "roles": {
          "AGENT": "#V2633209",
          "AFFECTED": "#V2628553",
          "TENSE": "PRES",
          "LEX": "DON",
          "WNSENSE": "don%2:29:00::"
        },
        "start": 0,
        "end": 7
      },
      "V2633209": {
        "id": "V2633209",
        "indicator": "IMPRO",
        "type": "REFERENTIAL-SEM",
        "word": null,
        "roles": {
          "PROFORM": "SUBJ"
        },
        "start": 0,
        "end": 7
      },
      "V2628553": {
        "id": "V2628553",
        "indicator": "BARE",
        "type": "REFERENTIAL-SEM",
        "word": "^T",
        "roles": {
          "LEX": "^T",
          "WNSENSE": "entity%1:03:00"
        },
        "start": 4,
        "end": 7
      },
      "root": "#V2633208"
    },
    {
      "V2629599": {
        "id": "V2629599",
        "indicator": "SPEECHACT",
        "type": "SA_REQUEST",
        "word": null,
        "roles": {
          "PUNCTYPE": "DECL",
          "CONTENT": "#V2628559",
          "LEX": "BE"
        },
        "start": 7,
        "end": 31
      },
      "V2628559": {
        "id": "V2628559",
        "indicator": "F",
        "type": "HAVE-PROPERTY",
        "word": "BE",
        "roles": {
          "NEUTRAL": "#V2629597",
          "FORMAL": "#V2629239",
          "TENSE": "PRES",
          "VFORM": "BASE",
          "LEX": "BE",
          "WNSENSE": "be%2:42:03::"
        },
        "start": 7,
        "end": 30
      },
      "V2629597": {
        "id": "V2629597",
        "indicator": "IMPRO",
        "type": "PERSON",
        "word": null,
        "roles": {
          "PROFORM": "*YOU*"
        },
        "start": 7,
        "end": 30
      },
      "V2629239": {
        "id": "V2629239",
        "indicator": "F",
        "type": "MEMBERSHIP",
        "word": null,
        "roles": {
          "FIGURE": "#V2629597",
          "GROUND": "#V2628634",
          "LEX": "PIG"
        },
        "start": 10,
        "end": 30
      },
      "V2628634": {
        "id": "V2628634",
        "indicator": "THE-SET",
        "type": "NONHUMAN-ANIMAL",
        "word": "PIG",
        "roles": {
          "MOD": [
            "#V2628611",
            "#V2628626"
          ]
        },
        "start": 10,
        "end": 30
      },
      "V2628611": {
        "id": "V2628611",
        "indicator": "F",
        "type": "DIRTY-VAL",
        "word": "DIRTY",
        "roles": {
          "FIGURE": "#V2628634",
          "SCALE": "UNCLEAN-SCALE",
          "LEX": "DIRTY",
          "WNSENSE": "dirty%3:00:01::"
        },
        "start": 12,
        "end": 18
      },
      "V2628626": {
        "id": "V2628626",
        "indicator": "F",
        "type": "JOINING",
        "word": "FUCKING",
        "roles": {
          "AGENT": "#V2628634",
          "LEX": "FUCKING",
          "WNSENSE": "conjoin%2:35:00"
        },
        "start": 18,
        "end": 26
      },
      "root": "#V2629599"
    },
    {
      "V2633208": {
        "id": "V2633208",
        "indicator": "SPEECHACT",
        "type": "SA_TELL",
        "word": null,
        "roles": {
          "CONTENT": "#V2628535",
          "LEX": "DON"
        },
        "start": 0,
        "end": 7
      },
      "V2628535": {
        "id": "V2628535",
        "indicator": "F",
        "type": "PUT-ON",
        "word": "DON",
        "roles": {
          "AGENT": "#V2633209",
          "AFFECTED": "#V2628553",
          "TENSE": "PRES",
          "LEX": "DON",
          "WNSENSE": "don%2:29:00::"
        },
        "start": 0,
        "end": 7
      },
      "V2633209": {
        "id": "V2633209",
        "indicator": "IMPRO",
        "type": "REFERENTIAL-SEM",
        "word": null,
        "roles": {
          "PROFORM": "SUBJ"
        },
        "start": 0,
        "end": 7
      },
      "V2628553": {
        "id": "V2628553",
        "indicator": "BARE",
        "type": "REFERENTIAL-SEM",
        "word": "^T",
        "roles": {
          "LEX": "^T",
          "WNSENSE": "entity%1:03:00"
        },
        "start": 4,
        "end": 7
      },
      "root": "#V2633208"
    },
    {
      "V2629591": {
        "id": "V2629591",
        "indicator": "SPEECHACT",
        "type": "SA_REQUEST",
        "word": null,
        "roles": {
          "PUNCTYPE": "DECL",
          "CONTENT": "#V2628559",
          "LEX": "BE"
        },
        "start": 7,
        "end": 31
      },
      "V2628559": {
        "id": "V2628559",
        "indicator": "F",
        "type": "HAVE-PROPERTY",
        "word": "BE",
        "roles": {
          "NEUTRAL": "#V2629589",
          "FORMAL": "#V2629204",
          "TENSE": "PRES",
          "VFORM": "BASE",
          "LEX": "BE",
          "WNSENSE": "be%2:42:03::"
        },
        "start": 7,
        "end": 30
      },
      "V2629589": {
        "id": "V2629589",
        "indicator": "IMPRO",
        "type": "PERSON",
        "word": null,
        "roles": {
          "PROFORM": "*YOU*"
        },
        "start": 7,
        "end": 30
      },
      "V2629204": {
        "id": "V2629204",
        "indicator": "F",
        "type": "MEMBERSHIP",
        "word": null,
        "roles": {
          "FIGURE": "#V2629589",
          "GROUND": "#V2628634",
          "LEX": "PIG"
        },
        "start": 10,
        "end": 30
      },
      "V2628634": {
        "id": "V2628634",
        "indicator": "THE-SET",
        "type": "NONHUMAN-ANIMAL",
        "word": "PIG",
        "roles": {
          "MOD": [
            "#V2628611",
            "#V2628616"
          ]
        },
        "start": 10,
        "end": 30
      },
      "V2628611": {
        "id": "V2628611",
        "indicator": "F",
        "type": "DIRTY-VAL",
        "word": "DIRTY",
        "roles": {
          "FIGURE": "#V2628634",
          "SCALE": "UNCLEAN-SCALE",
          "LEX": "DIRTY",
          "WNSENSE": "dirty%3:00:01::"
        },
        "start": 12,
        "end": 18
      },
      "V2628616": {
        "id": "V2628616",
        "indicator": "F",
        "type": "JOINING",
        "word": "FUCKING",
        "roles": {
          "AGENT": "#V2628634",
          "LEX": "FUCKING",
          "WNSENSE": "conjoin%2:35:00"
        },
        "start": 18,
        "end": 26
      },
      "root": "#V2629591"
    },
    {
      "V2633208": {
        "id": "V2633208",
        "indicator": "SPEECHACT",
        "type": "SA_TELL",
        "word": null,
        "roles": {
          "CONTENT": "#V2628535",
          "LEX": "DON"
        },
        "start": 0,
        "end": 7
      },
      "V2628535": {
        "id": "V2628535",
        "indicator": "F",
        "type": "PUT-ON",
        "word": "DON",
        "roles": {
          "AGENT": "#V2633209",
          "AFFECTED": "#V2628553",
          "TENSE": "PRES",
          "LEX": "DON",
          "WNSENSE": "don%2:29:00::"
        },
        "start": 0,
        "end": 7
      },
      "V2633209": {
        "id": "V2633209",
        "indicator": "IMPRO",
        "type": "REFERENTIAL-SEM",
        "word": null,
        "roles": {
          "PROFORM": "SUBJ"
        },
        "start": 0,
        "end": 7
      },
      "V2628553": {
        "id": "V2628553",
        "indicator": "BARE",
        "type": "REFERENTIAL-SEM",
        "word": "^T",
        "roles": {
          "LEX": "^T",
          "WNSENSE": "entity%1:03:00"
        },
        "start": 4,
        "end": 7
      },
      "root": "#V2633208"
    },
    {
      "V2629866": {
        "id": "V2629866",
        "indicator": "SPEECHACT",
        "type": "SA_REQUEST",
        "word": null,
        "roles": {
          "PUNCTYPE": "DECL",
          "CONTENT": "#V2628560",
          "LEX": "BE"
        },
        "start": 7,
        "end": 31
      },
      "V2628560": {
        "id": "V2628560",
        "indicator": "F",
        "type": "BE",
        "word": "BE",
        "roles": {
          "NEUTRAL": "#V2629864",
          "NEUTRAL1": "#V2628634",
          "BENEFICIARY": "#V2628686",
          "TENSE": "PRES",
          "VFORM": "BASE",
          "LEX": "BE",
          "WNSENSE": "be%2:42:06::"
        },
        "start": 7,
        "end": 30
      },
      "V2629864": {
        "id": "V2629864",
        "indicator": "IMPRO",
        "type": "PERSON",
        "word": null,
        "roles": {
          "PROFORM": "*YOU*"
        },
        "start": 7,
        "end": 30
      },
      "V2628686": {
        "id": "V2628686",
        "indicator": "THE",
        "type": "REFERENTIAL-SEM",
        "word": null,
        "roles": {
          "MOD": "#V2628611",
          "LEX": "A"
        },
        "start": 10,
        "end": 18
      },
      "V2628611": {
        "id": "V2628611",
        "indicator": "F",
        "type": "DIRTY-VAL",
        "word": "DIRTY",
        "roles": {
          "FIGURE": "#V2628686",
          "SCALE": "UNCLEAN-SCALE",
          "LEX": "DIRTY",
          "WNSENSE": "dirty%3:00:01::"
        },
        "start": 12,
        "end": 18
      },
      "V2628634": {
        "id": "V2628634",
        "indicator": "BARE",
        "type": "NONHUMAN-ANIMAL",
        "word": "PIG",
        "roles": {
          "MOD": "#V2628622",
          "LEX": "PIG",
          "WNSENSE": "pig%1:05:00::"
        },
        "start": 18,
        "end": 30
      },
      "V2628622": {
        "id": "V2628622",
        "indicator": "F",
        "type": "JOINING",
        "word": "FUCKING",
        "roles": {
          "AGENT": "#V2628634",
          "LEX": "FUCKING",
          "WNSENSE": "conjoin%2:35:00"
        },
        "start": 18,
        "end": 26
      },
      "root": "#V2629866"
    },
    {
      "V2633208": {
        "id": "V2633208",
        "indicator": "SPEECHACT",
        "type": "SA_TELL",
        "word": null,
        "roles": {
          "CONTENT": "#V2628535",
          "LEX": "DON"
        },
        "start": 0,
        "end": 7
      },
      "V2628535": {
        "id": "V2628535",
        "indicator": "F",
        "type": "PUT-ON",
        "word": "DON",
        "roles": {
          "AGENT": "#V2633209",
          "AFFECTED": "#V2628553",
          "TENSE": "PRES",
          "LEX": "DON",
          "WNSENSE": "don%2:29:00::"
        },
        "start": 0,
        "end": 7
      },
      "V2633209": {
        "id": "V2633209",
        "indicator": "IMPRO",
        "type": "REFERENTIAL-SEM",
        "word": null,
        "roles": {
          "PROFORM": "SUBJ"
        },
        "start": 0,
        "end": 7
      },
      "V2628553": {
        "id": "V2628553",
        "indicator": "BARE",
        "type": "REFERENTIAL-SEM",
        "word": "^T",
        "roles": {
          "LEX": "^T",
          "WNSENSE": "entity%1:03:00"
        },
        "start": 4,
        "end": 7
      },
      "root": "#V2633208"
    },
    {
      "V2629856": {
        "id": "V2629856",
        "indicator": "SPEECHACT",
        "type": "SA_REQUEST",
        "word": null,
        "roles": {
          "PUNCTYPE": "DECL",
          "CONTENT": "#V2628560",
          "LEX": "BE"
        },
        "start": 7,
        "end": 31
      },
      "V2628560": {
        "id": "V2628560",
        "indicator": "F",
        "type": "BE",
        "word": "BE",
        "roles": {
          "NEUTRAL": "#V2629854",
          "NEUTRAL1": "#V2628634",
          "BENEFICIARY": "#V2628686",
          "TENSE": "PRES",
          "VFORM": "BASE",
          "LEX": "BE",
          "WNSENSE": "be%2:42:06::"
        },
        "start": 7,
        "end": 30
      },
      "V2629854": {
        "id": "V2629854",
        "indicator": "IMPRO",
        "type": "PERSON",
        "word": null,
        "roles": {
          "PROFORM": "*YOU*"
        },
        "start": 7,
        "end": 30
      },
      "V2628686": {
        "id": "V2628686",
        "indicator": "THE",
        "type": "REFERENTIAL-SEM",
        "word": null,
        "roles": {
          "MOD": "#V2628611",
          "LEX": "A"
        },
        "start": 10,
        "end": 18
      },
      "V2628611": {
        "id": "V2628611",
        "indicator": "F",
        "type": "DIRTY-VAL",
        "word": "DIRTY",
        "roles": {
          "FIGURE": "#V2628686",
          "SCALE": "UNCLEAN-SCALE",
          "LEX": "DIRTY",
          "WNSENSE": "dirty%3:00:01::"
        },
        "start": 12,
        "end": 18
      },
      "V2628634": {
        "id": "V2628634",
        "indicator": "BARE",
        "type": "NONHUMAN-ANIMAL",
        "word": "PIG",
        "roles": {
          "MOD": "#V2628624",
          "LEX": "PIG",
          "WNSENSE": "pig%1:05:00::"
        },
        "start": 18,
        "end": 30
      },
      "V2628624": {
        "id": "V2628624",
        "indicator": "F",
        "type": "JOINING",
        "word": "FUCKING",
        "roles": {
          "AGENT": "#V2628634",
          "LEX": "FUCKING",
          "WNSENSE": "conjoin%2:35:00"
        },
        "start": 18,
        "end": 26
      },
      "root": "#V2629856"
    },
    {
      "V2633304": {
        "id": "V2633304",
        "indicator": "SPEECHACT",
        "type": "SA_TELL",
        "word": null,
        "roles": {
          "CONTENT": "#V2628535",
          "LEX": "DON"
        },
        "start": 0,
        "end": 7
      },
      "V2628535": {
        "id": "V2628535",
        "indicator": "F",
        "type": "PUT-ON",
        "word": "DON",
        "roles": {
          "AGENT": "#V2633305",
          "AFFECTED": "#V2628553",
          "TENSE": "PRES",
          "LEX": "DON",
          "WNSENSE": "don%2:29:00::"
        },
        "start": 0,
        "end": 7
      },
      "V2633305": {
        "id": "V2633305",
        "indicator": "IMPRO",
        "type": "REFERENTIAL-SEM",
        "word": null,
        "roles": {
          "PROFORM": "SUBJ"
        },
        "start": 0,
        "end": 7
      },
      "V2628553": {
        "id": "V2628553",
        "indicator": "BARE",
        "type": "REFERENTIAL-SEM",
        "word": "^T",
        "roles": {
          "LEX": "^T",
          "WNSENSE": "entity%1:03:00"
        },
        "start": 4,
        "end": 7
      },
      "root": "#V2633304"
    },
    {
      "V2629599": {
        "id": "V2629599",
        "indicator": "SPEECHACT",
        "type": "SA_REQUEST",
        "word": null,
        "roles": {
          "PUNCTYPE": "DECL",
          "CONTENT": "#V2628559",
          "LEX": "BE"
        },
        "start": 7,
        "end": 31
      },
      "V2628559": {
        "id": "V2628559",
        "indicator": "F",
        "type": "HAVE-PROPERTY",
        "word": "BE",
        "roles": {
          "NEUTRAL": "#V2629597",
          "FORMAL": "#V2629239",
          "TENSE": "PRES",
          "VFORM": "BASE",
          "LEX": "BE",
          "WNSENSE": "be%2:42:03::"
        },
        "start": 7,
        "end": 30
      },
      "V2629597": {
        "id": "V2629597",
        "indicator": "IMPRO",
        "type": "PERSON",
        "word": null,
        "roles": {
          "PROFORM": "*YOU*"
        },
        "start": 7,
        "end": 30
      },
      "V2629239": {
        "id": "V2629239",
        "indicator": "F",
        "type": "MEMBERSHIP",
        "word": null,
        "roles": {
          "FIGURE": "#V2629597",
          "GROUND": "#V2628634",
          "LEX": "PIG"
        },
        "start": 10,
        "end": 30
      },
      "V2628634": {
        "id": "V2628634",
        "indicator": "THE-SET",
        "type": "NONHUMAN-ANIMAL",
        "word": "PIG",
        "roles": {
          "MOD": [
            "#V2628611",
            "#V2628626"
          ]
        },
        "start": 10,
        "end": 30
      },
      "V2628611": {
        "id": "V2628611",
        "indicator": "F",
        "type": "DIRTY-VAL",
        "word": "DIRTY",
        "roles": {
          "FIGURE": "#V2628634",
          "SCALE": "UNCLEAN-SCALE",
          "LEX": "DIRTY",
          "WNSENSE": "dirty%3:00:01::"
        },
        "start": 12,
        "end": 18
      },
      "V2628626": {
        "id": "V2628626",
        "indicator": "F",
        "type": "JOINING",
        "word": "FUCKING",
        "roles": {
          "AGENT": "#V2628634",
          "LEX": "FUCKING",
          "WNSENSE": "conjoin%2:35:00"
        },
        "start": 18,
        "end": 26
      },
      "root": "#V2629599"
    },
    {
      "V2633304": {
        "id": "V2633304",
        "indicator": "SPEECHACT",
        "type": "SA_TELL",
        "word": null,
        "roles": {
          "CONTENT": "#V2628535",
          "LEX": "DON"
        },
        "start": 0,
        "end": 7
      },
      "V2628535": {
        "id": "V2628535",
        "indicator": "F",
        "type": "PUT-ON",
        "word": "DON",
        "roles": {
          "AGENT": "#V2633305",
          "AFFECTED": "#V2628553",
          "TENSE": "PRES",
          "LEX": "DON",
          "WNSENSE": "don%2:29:00::"
        },
        "start": 0,
        "end": 7
      },
      "V2633305": {
        "id": "V2633305",
        "indicator": "IMPRO",
        "type": "REFERENTIAL-SEM",
        "word": null,
        "roles": {
          "PROFORM": "SUBJ"
        },
        "start": 0,
        "end": 7
      },
      "V2628553": {
        "id": "V2628553",
        "indicator": "BARE",
        "type": "REFERENTIAL-SEM",
        "word": "^T",
        "roles": {
          "LEX": "^T",
          "WNSENSE": "entity%1:03:00"
        },
        "start": 4,
        "end": 7
      },
      "root": "#V2633304"
    },
    {
      "V2629591": {
        "id": "V2629591",
        "indicator": "SPEECHACT",
        "type": "SA_REQUEST",
        "word": null,
        "roles": {
          "PUNCTYPE": "DECL",
          "CONTENT": "#V2628559",
          "LEX": "BE"
        },
        "start": 7,
        "end": 31
      },
      "V2628559": {
        "id": "V2628559",
        "indicator": "F",
        "type": "HAVE-PROPERTY",
        "word": "BE",
        "roles": {
          "NEUTRAL": "#V2629589",
          "FORMAL": "#V2629204",
          "TENSE": "PRES",
          "VFORM": "BASE",
          "LEX": "BE",
          "WNSENSE": "be%2:42:03::"
        },
        "start": 7,
        "end": 30
      },
      "V2629589": {
        "id": "V2629589",
        "indicator": "IMPRO",
        "type": "PERSON",
        "word": null,
        "roles": {
          "PROFORM": "*YOU*"
        },
        "start": 7,
        "end": 30
      },
      "V2629204": {
        "id": "V2629204",
        "indicator": "F",
        "type": "MEMBERSHIP",
        "word": null,
        "roles": {
          "FIGURE": "#V2629589",
          "GROUND": "#V2628634",
          "LEX": "PIG"
        },
        "start": 10,
        "end": 30
      },
      "V2628634": {
        "id": "V2628634",
        "indicator": "THE-SET",
        "type": "NONHUMAN-ANIMAL",
        "word": "PIG",
        "roles": {
          "MOD": [
            "#V2628611",
            "#V2628616"
          ]
        },
        "start": 10,
        "end": 30
      },
      "V2628611": {
        "id": "V2628611",
        "indicator": "F",
        "type": "DIRTY-VAL",
        "word": "DIRTY",
        "roles": {
          "FIGURE": "#V2628634",
          "SCALE": "UNCLEAN-SCALE",
          "LEX": "DIRTY",
          "WNSENSE": "dirty%3:00:01::"
        },
        "start": 12,
        "end": 18
      },
      "V2628616": {
        "id": "V2628616",
        "indicator": "F",
        "type": "JOINING",
        "word": "FUCKING",
        "roles": {
          "AGENT": "#V2628634",
          "LEX": "FUCKING",
          "WNSENSE": "conjoin%2:35:00"
        },
        "start": 18,
        "end": 26
      },
      "root": "#V2629591"
    },
    {
      "V2633304": {
        "id": "V2633304",
        "indicator": "SPEECHACT",
        "type": "SA_TELL",
        "word": null,
        "roles": {
          "CONTENT": "#V2628535",
          "LEX": "DON"
        },
        "start": 0,
        "end": 7
      },
      "V2628535": {
        "id": "V2628535",
        "indicator": "F",
        "type": "PUT-ON",
        "word": "DON",
        "roles": {
          "AGENT": "#V2633305",
          "AFFECTED": "#V2628553",
          "TENSE": "PRES",
          "LEX": "DON",
          "WNSENSE": "don%2:29:00::"
        },
        "start": 0,
        "end": 7
      },
      "V2633305": {
        "id": "V2633305",
        "indicator": "IMPRO",
        "type": "REFERENTIAL-SEM",
        "word": null,
        "roles": {
          "PROFORM": "SUBJ"
        },
        "start": 0,
        "end": 7
      },
      "V2628553": {
        "id": "V2628553",
        "indicator": "BARE",
        "type": "REFERENTIAL-SEM",
        "word": "^T",
        "roles": {
          "LEX": "^T",
          "WNSENSE": "entity%1:03:00"
        },
        "start": 4,
        "end": 7
      },
      "root": "#V2633304"
    },
    {
      "V2629866": {
        "id": "V2629866",
        "indicator": "SPEECHACT",
        "type": "SA_REQUEST",
        "word": null,
        "roles": {
          "PUNCTYPE": "DECL",
          "CONTENT": "#V2628560",
          "LEX": "BE"
        },
        "start": 7,
        "end": 31
      },
      "V2628560": {
        "id": "V2628560",
        "indicator": "F",
        "type": "BE",
        "word": "BE",
        "roles": {
          "NEUTRAL": "#V2629864",
          "NEUTRAL1": "#V2628634",
          "BENEFICIARY": "#V2628686",
          "TENSE": "PRES",
          "VFORM": "BASE",
          "LEX": "BE",
          "WNSENSE": "be%2:42:06::"
        },
        "start": 7,
        "end": 30
      },
      "V2629864": {
        "id": "V2629864",
        "indicator": "IMPRO",
        "type": "PERSON",
        "word": null,
        "roles": {
          "PROFORM": "*YOU*"
        },
        "start": 7,
        "end": 30
      },
      "V2628686": {
        "id": "V2628686",
        "indicator": "THE",
        "type": "REFERENTIAL-SEM",
        "word": null,
        "roles": {
          "MOD": "#V2628611",
          "LEX": "A"
        },
        "start": 10,
        "end": 18
      },
      "V2628611": {
        "id": "V2628611",
        "indicator": "F",
        "type": "DIRTY-VAL",
        "word": "DIRTY",
        "roles": {
          "FIGURE": "#V2628686",
          "SCALE": "UNCLEAN-SCALE",
          "LEX": "DIRTY",
          "WNSENSE": "dirty%3:00:01::"
        },
        "start": 12,
        "end": 18
      },
      "V2628634": {
        "id": "V2628634",
        "indicator": "BARE",
        "type": "NONHUMAN-ANIMAL",
        "word": "PIG",
        "roles": {
          "MOD": "#V2628622",
          "LEX": "PIG",
          "WNSENSE": "pig%1:05:00::"
        },
        "start": 18,
        "end": 30
      },
      "V2628622": {
        "id": "V2628622",
        "indicator": "F",
        "type": "JOINING",
        "word": "FUCKING",
        "roles": {
          "AGENT": "#V2628634",
          "LEX": "FUCKING",
          "WNSENSE": "conjoin%2:35:00"
        },
        "start": 18,
        "end": 26
      },
      "root": "#V2629866"
    },
    {
      "V2633304": {
        "id": "V2633304",
        "indicator": "SPEECHACT",
        "type": "SA_TELL",
        "word": null,
        "roles": {
          "CONTENT": "#V2628535",
          "LEX": "DON"
        },
        "start": 0,
        "end": 7
      },
      "V2628535": {
        "id": "V2628535",
        "indicator": "F",
        "type": "PUT-ON",
        "word": "DON",
        "roles": {
          "AGENT": "#V2633305",
          "AFFECTED": "#V2628553",
          "TENSE": "PRES",
          "LEX": "DON",
          "WNSENSE": "don%2:29:00::"
        },
        "start": 0,
        "end": 7
      },
      "V2633305": {
        "id": "V2633305",
        "indicator": "IMPRO",
        "type": "REFERENTIAL-SEM",
        "word": null,
        "roles": {
          "PROFORM": "SUBJ"
        },
        "start": 0,
        "end": 7
      },
      "V2628553": {
        "id": "V2628553",
        "indicator": "BARE",
        "type": "REFERENTIAL-SEM",
        "word": "^T",
        "roles": {
          "LEX": "^T",
          "WNSENSE": "entity%1:03:00"
        },
        "start": 4,
        "end": 7
      },
      "root": "#V2633304"
    },
    {
      "V2629856": {
        "id": "V2629856",
        "indicator": "SPEECHACT",
        "type": "SA_REQUEST",
        "word": null,
        "roles": {
          "PUNCTYPE": "DECL",
          "CONTENT": "#V2628560",
          "LEX": "BE"
        },
        "start": 7,
        "end": 31
      },
      "V2628560": {
        "id": "V2628560",
        "indicator": "F",
        "type": "BE",
        "word": "BE",
        "roles": {
          "NEUTRAL": "#V2629854",
          "NEUTRAL1": "#V2628634",
          "BENEFICIARY": "#V2628686",
          "TENSE": "PRES",
          "VFORM": "BASE",
          "LEX": "BE",
          "WNSENSE": "be%2:42:06::"
        },
        "start": 7,
        "end": 30
      },
      "V2629854": {
        "id": "V2629854",
        "indicator": "IMPRO",
        "type": "PERSON",
        "word": null,
        "roles": {
          "PROFORM": "*YOU*"
        },
        "start": 7,
        "end": 30
      },
      "V2628686": {
        "id": "V2628686",
        "indicator": "THE",
        "type": "REFERENTIAL-SEM",
        "word": null,
        "roles": {
          "MOD": "#V2628611",
          "LEX": "A"
        },
        "start": 10,
        "end": 18
      },
      "V2628611": {
        "id": "V2628611",
        "indicator": "F",
        "type": "DIRTY-VAL",
        "word": "DIRTY",
        "roles": {
          "FIGURE": "#V2628686",
          "SCALE": "UNCLEAN-SCALE",
          "LEX": "DIRTY",
          "WNSENSE": "dirty%3:00:01::"
        },
        "start": 12,
        "end": 18
      },
      "V2628634": {
        "id": "V2628634",
        "indicator": "BARE",
        "type": "NONHUMAN-ANIMAL",
        "word": "PIG",
        "roles": {
          "MOD": "#V2628624",
          "LEX": "PIG",
          "WNSENSE": "pig%1:05:00::"
        },
        "start": 18,
        "end": 30
      },
      "V2628624": {
        "id": "V2628624",
        "indicator": "F",
        "type": "JOINING",
        "word": "FUCKING",
        "roles": {
          "AGENT": "#V2628634",
          "LEX": "FUCKING",
          "WNSENSE": "conjoin%2:35:00"
        },
        "start": 18,
        "end": 26
      },
      "root": "#V2629856"
    }
  ],
  "inputtags": [],
  "debug": [
    "*last-utt-id*=NIL  utt-id+504",
    "*last-utt-id*=504  utt-id+504",
    "*last-utt-id*=504  utt-id+NIL"
  ]
}
