{
  "parse": [
    {
      "V532810": {
        "id": "V532810",
        "indicator": "SPEECHACT",
        "type": "SA_IDENTIFY",
        "word": null,
        "roles": {
          "PUNCTYPE": "DECL",
          "CONTENT": "#V532783",
          "LEX": "BILLY"
        },
        "start": 0,
        "end": 6
      },
      "V532783": {
        "id": "V532783",
        "indicator": "BARE",
        "type": "FUNCTIONAL-PHYS-OBJECT",
        "word": "BILLY",
        "roles": {
          "LEX": "BILLY",
          "WNSENSE": "billy%1:06:00::"
        },
        "start": 0,
        "end": 6
      },
      "root": "#V532810"
    }
  ],
  "inputtags": [],
  "debug": [
    "*last-utt-id*=NIL  utt-id+106",
    "*last-utt-id*=106  utt-id+NIL"
  ]
}
