{
  "parse": [
    {
      "V1639874": {
        "id": "V1639874",
        "indicator": "SPEECHACT",
        "type": "SA_WH-QUESTION",
        "word": null,
        "roles": {
          "CONTENT": "#V1639540",
          "FOCUS": "#V1639640",
          "LEX": "TIME"
        },
        "start": 1,
        "end": 15
      },
      "V1639540": {
        "id": "V1639540",
        "indicator": "SM",
        "type": "TIME-OBJECT",
        "word": "TIME",
        "roles": {
          "QUANTITY": "#V1639640",
          "SCALE": "TIME-LOC-SCALE",
          "LEX": "TIME"
        },
        "start": 1,
        "end": 15
      },
      "V1639640": {
        "id": "V1639640",
        "indicator": "WH-TERM",
        "type": "QUANTITY-ABSTR",
        "word": null,
        "roles": {
          "QUAN": "MUCH"
        },
        "start": 1,
        "end": 15
      },
      "root": "#V1639874"
    },
    {
      "V1644551": {
        "id": "V1644551",
        "indicator": "SPEECHACT",
        "type": "SA_TELL",
        "word": null,
        "roles": {
          "PUNCTYPE": "YNQ",
          "CONTENT": "#V1639563",
          "LEX": "DO-"
        },
        "start": 15,
        "end": 31
      },
      "V1639563": {
        "id": "V1639563",
        "indicator": "F",
        "type": "EXECUTE",
        "word": "DO",
        "roles": {
          "AGENT": "#V1644552",
          "NEUTRAL": "#V1639581",
          "TENSE": "PRES",
          "LEX": "DO-",
          "WNSENSE": "do%2:41:01::"
        },
        "start": 15,
        "end": 31
      },
      "V1644552": {
        "id": "V1644552",
        "indicator": "IMPRO",
        "type": "REFERENTIAL-SEM",
        "word": null,
        "roles": {
          "PROFORM": "SUBJ"
        },
        "start": 15,
        "end": 31
      },
      "V1639581": {
        "id": "V1639581",
        "indicator": "BARE",
        "type": "REFERENTIAL-SEM",
        "word": "\u2019",
        "roles": {
          "ASSOC-WITH": "#V1639572",
          "MOD": "#V1639608",
          "LEX": "\u2019",
          "WNSENSE": "entity%1:03:00"
        },
        "start": 18,
        "end": 31
      },
      "V1639572": {
        "id": "V1639572",
        "indicator": "KIND",
        "type": "SUBSTANCE",
        "word": "Y",
        "roles": {
          "LEX": "Y",
          "WNSENSE": "y%1:27:00::"
        },
        "start": 18,
        "end": 31
      },
      "V1639608": {
        "id": "V1639608",
        "indicator": "F",
        "type": "HAVE-EXPERIENCE",
        "word": "HAVE",
        "roles": {
          "EXPERIENCER": "#V1639656",
          "NEUTRAL": "#V1639581",
          "TENSE": "PRES",
          "LEX": "HAVE",
          "WNSENSE": "have%2:39:06::"
        },
        "start": 22,
        "end": 31
      },
      "V1639656": {
        "id": "V1639656",
        "indicator": "INDEF-SET",
        "type": "REFERENTIAL-SEM",
        "word": null,
        "roles": {
          "SIZE": "UNIVERSAL",
          "LEX": "ALL"
        },
        "start": 22,
        "end": 26
      },
      "root": "#V1644551"
    },
    {
      "V1639874": {
        "id": "V1639874",
        "indicator": "SPEECHACT",
        "type": "SA_WH-QUESTION",
        "word": null,
        "roles": {
          "CONTENT": "#V1639540",
          "FOCUS": "#V1639640",
          "LEX": "TIME"
        },
        "start": 1,
        "end": 15
      },
      "V1639540": {
        "id": "V1639540",
        "indicator": "SM",
        "type": "TIME-OBJECT",
        "word": "TIME",
        "roles": {
          "QUANTITY": "#V1639640",
          "SCALE": "TIME-LOC-SCALE",
          "LEX": "TIME"
        },
        "start": 1,
        "end": 15
      },
      "V1639640": {
        "id": "V1639640",
        "indicator": "WH-TERM",
        "type": "QUANTITY-ABSTR",
        "word": null,
        "roles": {
          "QUAN": "MUCH"
        },
        "start": 1,
        "end": 15
      },
      "root": "#V1639874"
    },
    {
      "V1644548": {
        "id": "V1644548",
        "indicator": "SPEECHACT",
        "type": "SA_TELL",
        "word": null,
        "roles": {
          "PUNCTYPE": "YNQ",
          "CONTENT": "#V1639563",
          "LEX": "DO-"
        },
        "start": 15,
        "end": 32
      },
      "V1639563": {
        "id": "V1639563",
        "indicator": "F",
        "type": "EXECUTE",
        "word": "DO",
        "roles": {
          "AGENT": "#V1644549",
          "NEUTRAL": "#V1639581",
          "TENSE": "PRES",
          "LEX": "DO-",
          "WNSENSE": "do%2:41:01::"
        },
        "start": 15,
        "end": 31
      },
      "V1644549": {
        "id": "V1644549",
        "indicator": "IMPRO",
        "type": "REFERENTIAL-SEM",
        "word": null,
        "roles": {
          "PROFORM": "SUBJ"
        },
        "start": 15,
        "end": 31
      },
      "V1639581": {
        "id": "V1639581",
        "indicator": "BARE",
        "type": "REFERENTIAL-SEM",
        "word": "\u2019",
        "roles": {
          "ASSOC-WITH": "#V1639572",
          "MOD": "#V1639604",
          "LEX": "\u2019",
          "WNSENSE": "entity%1:03:00"
        },
        "start": 18,
        "end": 31
      },
      "V1639572": {
        "id": "V1639572",
        "indicator": "KIND",
        "type": "SUBSTANCE",
        "word": "Y",
        "roles": {
          "LEX": "Y",
          "WNSENSE": "y%1:27:00::"
        },
        "start": 18,
        "end": 31
      },
      "V1639604": {
        "id": "V1639604",
        "indicator": "F",
        "type": "HAVE",
        "word": "HAVE",
        "roles": {
          "NEUTRAL": "#V1639656",
          "NEUTRAL1": "#V1639581",
          "TENSE": "PRES",
          "LEX": "HAVE",
          "WNSENSE": "have%2:40:00::"
        },
        "start": 22,
        "end": 31
      },
      "V1639656": {
        "id": "V1639656",
        "indicator": "INDEF-SET",
        "type": "REFERENTIAL-SEM",
        "word": null,
        "roles": {
          "SIZE": "UNIVERSAL",
          "LEX": "ALL"
        },
        "start": 22,
        "end": 26
      },
      "root": "#V1644548"
    },
    {
      "V1639874": {
        "id": "V1639874",
        "indicator": "SPEECHACT",
        "type": "SA_WH-QUESTION",
        "word": null,
        "roles": {
          "CONTENT": "#V1639540",
          "FOCUS": "#V1639640",
          "LEX": "TIME"
        },
        "start": 1,
        "end": 15
      },
      "V1639540": {
        "id": "V1639540",
        "indicator": "SM",
        "type": "TIME-OBJECT",
        "word": "TIME",
        "roles": {
          "QUANTITY": "#V1639640",
          "SCALE": "TIME-LOC-SCALE",
          "LEX": "TIME"
        },
        "start": 1,
        "end": 15
      },
      "V1639640": {
        "id": "V1639640",
        "indicator": "WH-TERM",
        "type": "QUANTITY-ABSTR",
        "word": null,
        "roles": {
          "QUAN": "MUCH"
        },
        "start": 1,
        "end": 15
      },
      "root": "#V1639874"
    },
    {
      "V1644545": {
        "id": "V1644545",
        "indicator": "SPEECHACT",
        "type": "SA_TELL",
        "word": null,
        "roles": {
          "PUNCTYPE": "YNQ",
          "CONTENT": "#V1639563",
          "LEX": "DO-"
        },
        "start": 15,
        "end": 32
      },
      "V1639563": {
        "id": "V1639563",
        "indicator": "F",
        "type": "EXECUTE",
        "word": "DO",
        "roles": {
          "AGENT": "#V1644546",
          "NEUTRAL": "#V1639581",
          "TENSE": "PRES",
          "LEX": "DO-",
          "WNSENSE": "do%2:41:01::"
        },
        "start": 15,
        "end": 31
      },
      "V1644546": {
        "id": "V1644546",
        "indicator": "IMPRO",
        "type": "REFERENTIAL-SEM",
        "word": null,
        "roles": {
          "PROFORM": "SUBJ"
        },
        "start": 15,
        "end": 31
      },
      "V1639581": {
        "id": "V1639581",
        "indicator": "BARE",
        "type": "REFERENTIAL-SEM",
        "word": "\u2019",
        "roles": {
          "ASSOC-WITH": "#V1639574",
          "MOD": "#V1639608",
          "LEX": "\u2019",
          "WNSENSE": "entity%1:03:00"
        },
        "start": 18,
        "end": 31
      },
      "V1639574": {
        "id": "V1639574",
        "indicator": "KIND",
        "type": "SUBSTANCE",
        "word": "Y",
        "roles": {
          "LEX": "Y",
          "WNSENSE": "y%1:27:00::"
        },
        "start": 18,
        "end": 31
      },
      "V1639608": {
        "id": "V1639608",
        "indicator": "F",
        "type": "HAVE-EXPERIENCE",
        "word": "HAVE",
        "roles": {
          "EXPERIENCER": "#V1639656",
          "NEUTRAL": "#V1639581",
          "TENSE": "PRES",
          "LEX": "HAVE",
          "WNSENSE": "have%2:39:06::"
        },
        "start": 22,
        "end": 31
      },
      "V1639656": {
        "id": "V1639656",
        "indicator": "INDEF-SET",
        "type": "REFERENTIAL-SEM",
        "word": null,
        "roles": {
          "SIZE": "UNIVERSAL",
          "LEX": "ALL"
        },
        "start": 22,
        "end": 26
      },
      "root": "#V1644545"
    },
    {
      "V1639874": {
        "id": "V1639874",
        "indicator": "SPEECHACT",
        "type": "SA_WH-QUESTION",
        "word": null,
        "roles": {
          "CONTENT": "#V1639540",
          "FOCUS": "#V1639640",
          "LEX": "TIME"
        },
        "start": 1,
        "end": 15
      },
      "V1639540": {
        "id": "V1639540",
        "indicator": "SM",
        "type": "TIME-OBJECT",
        "word": "TIME",
        "roles": {
          "QUANTITY": "#V1639640",
          "SCALE": "TIME-LOC-SCALE",
          "LEX": "TIME"
        },
        "start": 1,
        "end": 15
      },
      "V1639640": {
        "id": "V1639640",
        "indicator": "WH-TERM",
        "type": "QUANTITY-ABSTR",
        "word": null,
        "roles": {
          "QUAN": "MUCH"
        },
        "start": 1,
        "end": 15
      },
      "root": "#V1639874"
    },
    {
      "V1644542": {
        "id": "V1644542",
        "indicator": "SPEECHACT",
        "type": "SA_TELL",
        "word": null,
        "roles": {
          "PUNCTYPE": "YNQ",
          "CONTENT": "#V1639563",
          "LEX": "DO-"
        },
        "start": 15,
        "end": 32
      },
      "V1639563": {
        "id": "V1639563",
        "indicator": "F",
        "type": "EXECUTE",
        "word": "DO",
        "roles": {
          "AGENT": "#V1644543",
          "NEUTRAL": "#V1639581",
          "TENSE": "PRES",
          "LEX": "DO-",
          "WNSENSE": "do%2:41:01::"
        },
        "start": 15,
        "end": 31
      },
      "V1644543": {
        "id": "V1644543",
        "indicator": "IMPRO",
        "type": "REFERENTIAL-SEM",
        "word": null,
        "roles": {
          "PROFORM": "SUBJ"
        },
        "start": 15,
        "end": 31
      },
      "V1639581": {
        "id": "V1639581",
        "indicator": "BARE",
        "type": "REFERENTIAL-SEM",
        "word": "\u2019",
        "roles": {
          "ASSOC-WITH": "#V1639574",
          "MOD": "#V1639604",
          "LEX": "\u2019",
          "WNSENSE": "entity%1:03:00"
        },
        "start": 18,
        "end": 31
      },
      "V1639574": {
        "id": "V1639574",
        "indicator": "KIND",
        "type": "SUBSTANCE",
        "word": "Y",
        "roles": {
          "LEX": "Y",
          "WNSENSE": "y%1:27:00::"
        },
        "start": 18,
        "end": 31
      },
      "V1639604": {
        "id": "V1639604",
        "indicator": "F",
        "type": "HAVE",
        "word": "HAVE",
        "roles": {
          "NEUTRAL": "#V1639656",
          "NEUTRAL1": "#V1639581",
          "TENSE": "PRES",
          "LEX": "HAVE",
          "WNSENSE": "have%2:40:00::"
        },
        "start": 22,
        "end": 31
      },
      "V1639656": {
        "id": "V1639656",
        "indicator": "INDEF-SET",
        "type": "REFERENTIAL-SEM",
        "word": null,
        "roles": {
          "SIZE": "UNIVERSAL",
          "LEX": "ALL"
        },
        "start": 22,
        "end": 26
      },
      "root": "#V1644542"
    },
    {
      "V1639871": {
        "id": "V1639871",
        "indicator": "SPEECHACT",
        "type": "SA_WH-QUESTION",
        "word": null,
        "roles": {
          "CONTENT": "#V1639540",
          "FOCUS": "#V1639640",
          "LEX": "TIME"
        },
        "start": 1,
        "end": 15
      },
      "V1639540": {
        "id": "V1639540",
        "indicator": "SM",
        "type": "TIME-OBJECT",
        "word": "TIME",
        "roles": {
          "QUANTITY": "#V1639640",
          "SCALE": "TIME-LOC-SCALE",
          "LEX": "TIME"
        },
        "start": 1,
        "end": 15
      },
      "V1639640": {
        "id": "V1639640",
        "indicator": "WH-TERM",
        "type": "QUANTITY-ABSTR",
        "word": null,
        "roles": {
          "QUAN": "MUCH"
        },
        "start": 1,
        "end": 15
      },
      "root": "#V1639871"
    },
    {
      "V1644551": {
        "id": "V1644551",
        "indicator": "SPEECHACT",
        "type": "SA_TELL",
        "word": null,
        "roles": {
          "PUNCTYPE": "YNQ",
          "CONTENT": "#V1639563",
          "LEX": "DO-"
        },
        "start": 15,
        "end": 32
      },
      "V1639563": {
        "id": "V1639563",
        "indicator": "F",
        "type": "EXECUTE",
        "word": "DO",
        "roles": {
          "AGENT": "#V1644552",
          "NEUTRAL": "#V1639581",
          "TENSE": "PRES",
          "LEX": "DO-",
          "WNSENSE": "do%2:41:01::"
        },
        "start": 15,
        "end": 31
      },
      "V1644552": {
        "id": "V1644552",
        "indicator": "IMPRO",
        "type": "REFERENTIAL-SEM",
        "word": null,
        "roles": {
          "PROFORM": "SUBJ"
        },
        "start": 15,
        "end": 31
      },
      "V1639581": {
        "id": "V1639581",
        "indicator": "BARE",
        "type": "REFERENTIAL-SEM",
        "word": "\u2019",
        "roles": {
          "ASSOC-WITH": "#V1639572",
          "MOD": "#V1639608",
          "LEX": "\u2019",
          "WNSENSE": "entity%1:03:00"
        },
        "start": 18,
        "end": 31
      },
      "V1639572": {
        "id": "V1639572",
        "indicator": "KIND",
        "type": "SUBSTANCE",
        "word": "Y",
        "roles": {
          "LEX": "Y",
          "WNSENSE": "y%1:27:00::"
        },
        "start": 18,
        "end": 31
      },
      "V1639608": {
        "id": "V1639608",
        "indicator": "F",
        "type": "HAVE-EXPERIENCE",
        "word": "HAVE",
        "roles": {
          "EXPERIENCER": "#V1639656",
          "NEUTRAL": "#V1639581",
          "TENSE": "PRES",
          "LEX": "HAVE",
          "WNSENSE": "have%2:39:06::"
        },
        "start": 22,
        "end": 31
      },
      "V1639656": {
        "id": "V1639656",
        "indicator": "INDEF-SET",
        "type": "REFERENTIAL-SEM",
        "word": null,
        "roles": {
          "SIZE": "UNIVERSAL",
          "LEX": "ALL"
        },
        "start": 22,
        "end": 26
      },
      "root": "#V1644551"
    },
    {
      "V1639871": {
        "id": "V1639871",
        "indicator": "SPEECHACT",
        "type": "SA_WH-QUESTION",
        "word": null,
        "roles": {
          "CONTENT": "#V1639540",
          "FOCUS": "#V1639640",
          "LEX": "TIME"
        },
        "start": 1,
        "end": 15
      },
      "V1639540": {
        "id": "V1639540",
        "indicator": "SM",
        "type": "TIME-OBJECT",
        "word": "TIME",
        "roles": {
          "QUANTITY": "#V1639640",
          "SCALE": "TIME-LOC-SCALE",
          "LEX": "TIME"
        },
        "start": 1,
        "end": 15
      },
      "V1639640": {
        "id": "V1639640",
        "indicator": "WH-TERM",
        "type": "QUANTITY-ABSTR",
        "word": null,
        "roles": {
          "QUAN": "MUCH"
        },
        "start": 1,
        "end": 15
      },
      "root": "#V1639871"
    },
    {
      "V1644548": {
        "id": "V1644548",
        "indicator": "SPEECHACT",
        "type": "SA_TELL",
        "word": null,
        "roles": {
          "PUNCTYPE": "YNQ",
          "CONTENT": "#V1639563",
          "LEX": "DO-"
        },
        "start": 15,
        "end": 32
      },
      "V1639563": {
        "id": "V1639563",
        "indicator": "F",
        "type": "EXECUTE",
        "word": "DO",
        "roles": {
          "AGENT": "#V1644549",
          "NEUTRAL": "#V1639581",
          "TENSE": "PRES",
          "LEX": "DO-",
          "WNSENSE": "do%2:41:01::"
        },
        "start": 15,
        "end": 31
      },
      "V1644549": {
        "id": "V1644549",
        "indicator": "IMPRO",
        "type": "REFERENTIAL-SEM",
        "word": null,
        "roles": {
          "PROFORM": "SUBJ"
        },
        "start": 15,
        "end": 31
      },
      "V1639581": {
        "id": "V1639581",
        "indicator": "BARE",
        "type": "REFERENTIAL-SEM",
        "word": "\u2019",
        "roles": {
          "ASSOC-WITH": "#V1639572",
          "MOD": "#V1639604",
          "LEX": "\u2019",
          "WNSENSE": "entity%1:03:00"
        },
        "start": 18,
        "end": 31
      },
      "V1639572": {
        "id": "V1639572",
        "indicator": "KIND",
        "type": "SUBSTANCE",
        "word": "Y",
        "roles": {
          "LEX": "Y",
          "WNSENSE": "y%1:27:00::"
        },
        "start": 18,
        "end": 31
      },
      "V1639604": {
        "id": "V1639604",
        "indicator": "F",
        "type": "HAVE",
        "word": "HAVE",
        "roles": {
          "NEUTRAL": "#V1639656",
          "NEUTRAL1": "#V1639581",
          "TENSE": "PRES",
          "LEX": "HAVE",
          "WNSENSE": "have%2:40:00::"
        },
        "start": 22,
        "end": 31
      },
      "V1639656": {
        "id": "V1639656",
        "indicator": "INDEF-SET",
        "type": "REFERENTIAL-SEM",
        "word": null,
        "roles": {
          "SIZE": "UNIVERSAL",
          "LEX": "ALL"
        },
        "start": 22,
        "end": 26
      },
      "root": "#V1644548"
    },
    {
      "V1639871": {
        "id": "V1639871",
        "indicator": "SPEECHACT",
        "type": "SA_WH-QUESTION",
        "word": null,
        "roles": {
          "CONTENT": "#V1639540",
          "FOCUS": "#V1639640",
          "LEX": "TIME"
        },
        "start": 1,
        "end": 15
      },
      "V1639540": {
        "id": "V1639540",
        "indicator": "SM",
        "type": "TIME-OBJECT",
        "word": "TIME",
        "roles": {
          "QUANTITY": "#V1639640",
          "SCALE": "TIME-LOC-SCALE",
          "LEX": "TIME"
        },
        "start": 1,
        "end": 15
      },
      "V1639640": {
        "id": "V1639640",
        "indicator": "WH-TERM",
        "type": "QUANTITY-ABSTR",
        "word": null,
        "roles": {
          "QUAN": "MUCH"
        },
        "start": 1,
        "end": 15
      },
      "root": "#V1639871"
    },
    {
      "V1644545": {
        "id": "V1644545",
        "indicator": "SPEECHACT",
        "type": "SA_TELL",
        "word": null,
        "roles": {
          "PUNCTYPE": "YNQ",
          "CONTENT": "#V1639563",
          "LEX": "DO-"
        },
        "start": 15,
        "end": 32
      },
      "V1639563": {
        "id": "V1639563",
        "indicator": "F",
        "type": "EXECUTE",
        "word": "DO",
        "roles": {
          "AGENT": "#V1644546",
          "NEUTRAL": "#V1639581",
          "TENSE": "PRES",
          "LEX": "DO-",
          "WNSENSE": "do%2:41:01::"
        },
        "start": 15,
        "end": 31
      },
      "V1644546": {
        "id": "V1644546",
        "indicator": "IMPRO",
        "type": "REFERENTIAL-SEM",
        "word": null,
        "roles": {
          "PROFORM": "SUBJ"
        },
        "start": 15,
        "end": 31
      },
      "V1639581": {
        "id": "V1639581",
        "indicator": "BARE",
        "type": "REFERENTIAL-SEM",
        "word": "\u2019",
        "roles": {
          "ASSOC-WITH": "#V1639574",
          "MOD": "#V1639608",
          "LEX": "\u2019",
          "WNSENSE": "entity%1:03:00"
        },
        "start": 18,
        "end": 31
      },
      "V1639574": {
        "id": "V1639574",
        "indicator": "KIND",
        "type": "SUBSTANCE",
        "word": "Y",
        "roles": {
          "LEX": "Y",
          "WNSENSE": "y%1:27:00::"
        },
        "start": 18,
        "end": 31
      },
      "V1639608": {
        "id": "V1639608",
        "indicator": "F",
        "type": "HAVE-EXPERIENCE",
        "word": "HAVE",
        "roles": {
          "EXPERIENCER": "#V1639656",
          "NEUTRAL": "#V1639581",
          "TENSE": "PRES",
          "LEX": "HAVE",
          "WNSENSE": "have%2:39:06::"
        },
        "start": 22,
        "end": 31
      },
      "V1639656": {
        "id": "V1639656",
        "indicator": "INDEF-SET",
        "type": "REFERENTIAL-SEM",
        "word": null,
        "roles": {
          "SIZE": "UNIVERSAL",
          "LEX": "ALL"
        },
        "start": 22,
        "end": 26
      },
      "root": "#V1644545"
    },
    {
      "V1639871": {
        "id": "V1639871",
        "indicator": "SPEECHACT",
        "type": "SA_WH-QUESTION",
        "word": null,
        "roles": {
          "CONTENT": "#V1639540",
          "FOCUS": "#V1639640",
          "LEX": "TIME"
        },
        "start": 1,
        "end": 15
      },
      "V1639540": {
        "id": "V1639540",
        "indicator": "SM",
        "type": "TIME-OBJECT",
        "word": "TIME",
        "roles": {
          "QUANTITY": "#V1639640",
          "SCALE": "TIME-LOC-SCALE",
          "LEX": "TIME"
        },
        "start": 1,
        "end": 15
      },
      "V1639640": {
        "id": "V1639640",
        "indicator": "WH-TERM",
        "type": "QUANTITY-ABSTR",
        "word": null,
        "roles": {
          "QUAN": "MUCH"
        },
        "start": 1,
        "end": 15
      },
      "root": "#V1639871"
    },
    {
      "V1644542": {
        "id": "V1644542",
        "indicator": "SPEECHACT",
        "type": "SA_TELL",
        "word": null,
        "roles": {
          "PUNCTYPE": "YNQ",
          "CONTENT": "#V1639563",
          "LEX": "DO-"
        },
        "start": 15,
        "end": 32
      },
      "V1639563": {
        "id": "V1639563",
        "indicator": "F",
        "type": "EXECUTE",
        "word": "DO",
        "roles": {
          "AGENT": "#V1644543",
          "NEUTRAL": "#V1639581",
          "TENSE": "PRES",
          "LEX": "DO-",
          "WNSENSE": "do%2:41:01::"
        },
        "start": 15,
        "end": 31
      },
      "V1644543": {
        "id": "V1644543",
        "indicator": "IMPRO",
        "type": "REFERENTIAL-SEM",
        "word": null,
        "roles": {
          "PROFORM": "SUBJ"
        },
        "start": 15,
        "end": 31
      },
      "V1639581": {
        "id": "V1639581",
        "indicator": "BARE",
        "type": "REFERENTIAL-SEM",
        "word": "\u2019",
        "roles": {
          "ASSOC-WITH": "#V1639574",
          "MOD": "#V1639604",
          "LEX": "\u2019",
          "WNSENSE": "entity%1:03:00"
        },
        "start": 18,
        "end": 31
      },
      "V1639574": {
        "id": "V1639574",
        "indicator": "KIND",
        "type": "SUBSTANCE",
        "word": "Y",
        "roles": {
          "LEX": "Y",
          "WNSENSE": "y%1:27:00::"
        },
        "start": 18,
        "end": 31
      },
      "V1639604": {
        "id": "V1639604",
        "indicator": "F",
        "type": "HAVE",
        "word": "HAVE",
        "roles": {
          "NEUTRAL": "#V1639656",
          "NEUTRAL1": "#V1639581",
          "TENSE": "PRES",
          "LEX": "HAVE",
          "WNSENSE": "have%2:40:00::"
        },
        "start": 22,
        "end": 31
      },
      "V1639656": {
        "id": "V1639656",
        "indicator": "INDEF-SET",
        "type": "REFERENTIAL-SEM",
        "word": null,
        "roles": {
          "SIZE": "UNIVERSAL",
          "LEX": "ALL"
        },
        "start": 22,
        "end": 26
      },
      "root": "#V1644542"
    },
    {
      "V1639910": {
        "id": "V1639910",
        "indicator": "SPEECHACT",
        "type": "SA_WH-QUESTION",
        "word": null,
        "roles": {
          "CONTENT": "#V1639542",
          "FOCUS": "#V1639640",
          "LEX": "TIME"
        },
        "start": 1,
        "end": 15
      },
      "V1639542": {
        "id": "V1639542",
        "indicator": "SM",
        "type": "DURATION-SCALE",
        "word": "TIME",
        "roles": {
          "QUANTITY": "#V1639640",
          "LEX": "TIME",
          "WNSENSE": "time%1:03:00::"
        },
        "start": 1,
        "end": 15
      },
      "V1639640": {
        "id": "V1639640",
        "indicator": "WH-TERM",
        "type": "QUANTITY-ABSTR",
        "word": null,
        "roles": {
          "QUAN": "MUCH"
        },
        "start": 1,
        "end": 15
      },
      "root": "#V1639910"
    },
    {
      "V1644551": {
        "id": "V1644551",
        "indicator": "SPEECHACT",
        "type": "SA_TELL",
        "word": null,
        "roles": {
          "PUNCTYPE": "YNQ",
          "CONTENT": "#V1639563",
          "LEX": "DO-"
        },
        "start": 15,
        "end": 32
      },
      "V1639563": {
        "id": "V1639563",
        "indicator": "F",
        "type": "EXECUTE",
        "word": "DO",
        "roles": {
          "AGENT": "#V1644552",
          "NEUTRAL": "#V1639581",
          "TENSE": "PRES",
          "LEX": "DO-",
          "WNSENSE": "do%2:41:01::"
        },
        "start": 15,
        "end": 31
      },
      "V1644552": {
        "id": "V1644552",
        "indicator": "IMPRO",
        "type": "REFERENTIAL-SEM",
        "word": null,
        "roles": {
          "PROFORM": "SUBJ"
        },
        "start": 15,
        "end": 31
      },
      "V1639581": {
        "id": "V1639581",
        "indicator": "BARE",
        "type": "REFERENTIAL-SEM",
        "word": "\u2019",
        "roles": {
          "ASSOC-WITH": "#V1639572",
          "MOD": "#V1639608",
          "LEX": "\u2019",
          "WNSENSE": "entity%1:03:00"
        },
        "start": 18,
        "end": 31
      },
      "V1639572": {
        "id": "V1639572",
        "indicator": "KIND",
        "type": "SUBSTANCE",
        "word": "Y",
        "roles": {
          "LEX": "Y",
          "WNSENSE": "y%1:27:00::"
        },
        "start": 18,
        "end": 31
      },
      "V1639608": {
        "id": "V1639608",
        "indicator": "F",
        "type": "HAVE-EXPERIENCE",
        "word": "HAVE",
        "roles": {
          "EXPERIENCER": "#V1639656",
          "NEUTRAL": "#V1639581",
          "TENSE": "PRES",
          "LEX": "HAVE",
          "WNSENSE": "have%2:39:06::"
        },
        "start": 22,
        "end": 31
      },
      "V1639656": {
        "id": "V1639656",
        "indicator": "INDEF-SET",
        "type": "REFERENTIAL-SEM",
        "word": null,
        "roles": {
          "SIZE": "UNIVERSAL",
          "LEX": "ALL"
        },
        "start": 22,
        "end": 26
      },
      "root": "#V1644551"
    },
    {
      "V1639910": {
        "id": "V1639910",
        "indicator": "SPEECHACT",
        "type": "SA_WH-QUESTION",
        "word": null,
        "roles": {
          "CONTENT": "#V1639542",
          "FOCUS": "#V1639640",
          "LEX": "TIME"
        },
        "start": 1,
        "end": 15
      },
      "V1639542": {
        "id": "V1639542",
        "indicator": "SM",
        "type": "DURATION-SCALE",
        "word": "TIME",
        "roles": {
          "QUANTITY": "#V1639640",
          "LEX": "TIME",
          "WNSENSE": "time%1:03:00::"
        },
        "start": 1,
        "end": 15
      },
      "V1639640": {
        "id": "V1639640",
        "indicator": "WH-TERM",
        "type": "QUANTITY-ABSTR",
        "word": null,
        "roles": {
          "QUAN": "MUCH"
        },
        "start": 1,
        "end": 15
      },
      "root": "#V1639910"
    },
    {
      "V1644548": {
        "id": "V1644548",
        "indicator": "SPEECHACT",
        "type": "SA_TELL",
        "word": null,
        "roles": {
          "PUNCTYPE": "YNQ",
          "CONTENT": "#V1639563",
          "LEX": "DO-"
        },
        "start": 15,
        "end": 32
      },
      "V1639563": {
        "id": "V1639563",
        "indicator": "F",
        "type": "EXECUTE",
        "word": "DO",
        "roles": {
          "AGENT": "#V1644549",
          "NEUTRAL": "#V1639581",
          "TENSE": "PRES",
          "LEX": "DO-",
          "WNSENSE": "do%2:41:01::"
        },
        "start": 15,
        "end": 31
      },
      "V1644549": {
        "id": "V1644549",
        "indicator": "IMPRO",
        "type": "REFERENTIAL-SEM",
        "word": null,
        "roles": {
          "PROFORM": "SUBJ"
        },
        "start": 15,
        "end": 31
      },
      "V1639581": {
        "id": "V1639581",
        "indicator": "BARE",
        "type": "REFERENTIAL-SEM",
        "word": "\u2019",
        "roles": {
          "ASSOC-WITH": "#V1639572",
          "MOD": "#V1639604",
          "LEX": "\u2019",
          "WNSENSE": "entity%1:03:00"
        },
        "start": 18,
        "end": 31
      },
      "V1639572": {
        "id": "V1639572",
        "indicator": "KIND",
        "type": "SUBSTANCE",
        "word": "Y",
        "roles": {
          "LEX": "Y",
          "WNSENSE": "y%1:27:00::"
        },
        "start": 18,
        "end": 31
      },
      "V1639604": {
        "id": "V1639604",
        "indicator": "F",
        "type": "HAVE",
        "word": "HAVE",
        "roles": {
          "NEUTRAL": "#V1639656",
          "NEUTRAL1": "#V1639581",
          "TENSE": "PRES",
          "LEX": "HAVE",
          "WNSENSE": "have%2:40:00::"
        },
        "start": 22,
        "end": 31
      },
      "V1639656": {
        "id": "V1639656",
        "indicator": "INDEF-SET",
        "type": "REFERENTIAL-SEM",
        "word": null,
        "roles": {
          "SIZE": "UNIVERSAL",
          "LEX": "ALL"
        },
        "start": 22,
        "end": 26
      },
      "root": "#V1644548"
    },
    {
      "V1639910": {
        "id": "V1639910",
        "indicator": "SPEECHACT",
        "type": "SA_WH-QUESTION",
        "word": null,
        "roles": {
          "CONTENT": "#V1639542",
          "FOCUS": "#V1639640",
          "LEX": "TIME"
        },
        "start": 1,
        "end": 15
      },
      "V1639542": {
        "id": "V1639542",
        "indicator": "SM",
        "type": "DURATION-SCALE",
        "word": "TIME",
        "roles": {
          "QUANTITY": "#V1639640",
          "LEX": "TIME",
          "WNSENSE": "time%1:03:00::"
        },
        "start": 1,
        "end": 15
      },
      "V1639640": {
        "id": "V1639640",
        "indicator": "WH-TERM",
        "type": "QUANTITY-ABSTR",
        "word": null,
        "roles": {
          "QUAN": "MUCH"
        },
        "start": 1,
        "end": 15
      },
      "root": "#V1639910"
    },
    {
      "V1644545": {
        "id": "V1644545",
        "indicator": "SPEECHACT",
        "type": "SA_TELL",
        "word": null,
        "roles": {
          "PUNCTYPE": "YNQ",
          "CONTENT": "#V1639563",
          "LEX": "DO-"
        },
        "start": 15,
        "end": 32
      },
      "V1639563": {
        "id": "V1639563",
        "indicator": "F",
        "type": "EXECUTE",
        "word": "DO",
        "roles": {
          "AGENT": "#V1644546",
          "NEUTRAL": "#V1639581",
          "TENSE": "PRES",
          "LEX": "DO-",
          "WNSENSE": "do%2:41:01::"
        },
        "start": 15,
        "end": 31
      },
      "V1644546": {
        "id": "V1644546",
        "indicator": "IMPRO",
        "type": "REFERENTIAL-SEM",
        "word": null,
        "roles": {
          "PROFORM": "SUBJ"
        },
        "start": 15,
        "end": 31
      },
      "V1639581": {
        "id": "V1639581",
        "indicator": "BARE",
        "type": "REFERENTIAL-SEM",
        "word": "\u2019",
        "roles": {
          "ASSOC-WITH": "#V1639574",
          "MOD": "#V1639608",
          "LEX": "\u2019",
          "WNSENSE": "entity%1:03:00"
        },
        "start": 18,
        "end": 31
      },
      "V1639574": {
        "id": "V1639574",
        "indicator": "KIND",
        "type": "SUBSTANCE",
        "word": "Y",
        "roles": {
          "LEX": "Y",
          "WNSENSE": "y%1:27:00::"
        },
        "start": 18,
        "end": 31
      },
      "V1639608": {
        "id": "V1639608",
        "indicator": "F",
        "type": "HAVE-EXPERIENCE",
        "word": "HAVE",
        "roles": {
          "EXPERIENCER": "#V1639656",
          "NEUTRAL": "#V1639581",
          "TENSE": "PRES",
          "LEX": "HAVE",
          "WNSENSE": "have%2:39:06::"
        },
        "start": 22,
        "end": 31
      },
      "V1639656": {
        "id": "V1639656",
        "indicator": "INDEF-SET",
        "type": "REFERENTIAL-SEM",
        "word": null,
        "roles": {
          "SIZE": "UNIVERSAL",
          "LEX": "ALL"
        },
        "start": 22,
        "end": 26
      },
      "root": "#V1644545"
    },
    {
      "V1639910": {
        "id": "V1639910",
        "indicator": "SPEECHACT",
        "type": "SA_WH-QUESTION",
        "word": null,
        "roles": {
          "CONTENT": "#V1639542",
          "FOCUS": "#V1639640",
          "LEX": "TIME"
        },
        "start": 1,
        "end": 15
      },
      "V1639542": {
        "id": "V1639542",
        "indicator": "SM",
        "type": "DURATION-SCALE",
        "word": "TIME",
        "roles": {
          "QUANTITY": "#V1639640",
          "LEX": "TIME",
          "WNSENSE": "time%1:03:00::"
        },
        "start": 1,
        "end": 15
      },
      "V1639640": {
        "id": "V1639640",
        "indicator": "WH-TERM",
        "type": "QUANTITY-ABSTR",
        "word": null,
        "roles": {
          "QUAN": "MUCH"
        },
        "start": 1,
        "end": 15
      },
      "root": "#V1639910"
    },
    {
      "V1644542": {
        "id": "V1644542",
        "indicator": "SPEECHACT",
        "type": "SA_TELL",
        "word": null,
        "roles": {
          "PUNCTYPE": "YNQ",
          "CONTENT": "#V1639563",
          "LEX": "DO-"
        },
        "start": 15,
        "end": 32
      },
      "V1639563": {
        "id": "V1639563",
        "indicator": "F",
        "type": "EXECUTE",
        "word": "DO",
        "roles": {
          "AGENT": "#V1644543",
          "NEUTRAL": "#V1639581",
          "TENSE": "PRES",
          "LEX": "DO-",
          "WNSENSE": "do%2:41:01::"
        },
        "start": 15,
        "end": 31
      },
      "V1644543": {
        "id": "V1644543",
        "indicator": "IMPRO",
        "type": "REFERENTIAL-SEM",
        "word": null,
        "roles": {
          "PROFORM": "SUBJ"
        },
        "start": 15,
        "end": 31
      },
      "V1639581": {
        "id": "V1639581",
        "indicator": "BARE",
        "type": "REFERENTIAL-SEM",
        "word": "\u2019",
        "roles": {
          "ASSOC-WITH": "#V1639574",
          "MOD": "#V1639604",
          "LEX": "\u2019",
          "WNSENSE": "entity%1:03:00"
        },
        "start": 18,
        "end": 31
      },
      "V1639574": {
        "id": "V1639574",
        "indicator": "KIND",
        "type": "SUBSTANCE",
        "word": "Y",
        "roles": {
          "LEX": "Y",
          "WNSENSE": "y%1:27:00::"
        },
        "start": 18,
        "end": 31
      },
      "V1639604": {
        "id": "V1639604",
        "indicator": "F",
        "type": "HAVE",
        "word": "HAVE",
        "roles": {
          "NEUTRAL": "#V1639656",
          "NEUTRAL1": "#V1639581",
          "TENSE": "PRES",
          "LEX": "HAVE",
          "WNSENSE": "have%2:40:00::"
        },
        "start": 22,
        "end": 31
      },
      "V1639656": {
        "id": "V1639656",
        "indicator": "INDEF-SET",
        "type": "REFERENTIAL-SEM",
        "word": null,
        "roles": {
          "SIZE": "UNIVERSAL",
          "LEX": "ALL"
        },
        "start": 22,
        "end": 26
      },
      "root": "#V1644542"
    },
    {
      "V1639908": {
        "id": "V1639908",
        "indicator": "SPEECHACT",
        "type": "SA_WH-QUESTION",
        "word": null,
        "roles": {
          "CONTENT": "#V1639543",
          "FOCUS": "#V1639640",
          "LEX": "TIME"
        },
        "start": 1,
        "end": 15
      },
      "V1639543": {
        "id": "V1639543",
        "indicator": "SM",
        "type": "TIME-LOC",
        "word": "TIME",
        "roles": {
          "QUANTITY": "#V1639640",
          "LEX": "TIME",
          "WNSENSE": "date%1:28:03"
        },
        "start": 1,
        "end": 15
      },
      "V1639640": {
        "id": "V1639640",
        "indicator": "WH-TERM",
        "type": "QUANTITY-ABSTR",
        "word": null,
        "roles": {
          "QUAN": "MUCH"
        },
        "start": 1,
        "end": 15
      },
      "root": "#V1639908"
    },
    {
      "V1644551": {
        "id": "V1644551",
        "indicator": "SPEECHACT",
        "type": "SA_TELL",
        "word": null,
        "roles": {
          "PUNCTYPE": "YNQ",
          "CONTENT": "#V1639563",
          "LEX": "DO-"
        },
        "start": 15,
        "end": 32
      },
      "V1639563": {
        "id": "V1639563",
        "indicator": "F",
        "type": "EXECUTE",
        "word": "DO",
        "roles": {
          "AGENT": "#V1644552",
          "NEUTRAL": "#V1639581",
          "TENSE": "PRES",
          "LEX": "DO-",
          "WNSENSE": "do%2:41:01::"
        },
        "start": 15,
        "end": 31
      },
      "V1644552": {
        "id": "V1644552",
        "indicator": "IMPRO",
        "type": "REFERENTIAL-SEM",
        "word": null,
        "roles": {
          "PROFORM": "SUBJ"
        },
        "start": 15,
        "end": 31
      },
      "V1639581": {
        "id": "V1639581",
        "indicator": "BARE",
        "type": "REFERENTIAL-SEM",
        "word": "\u2019",
        "roles": {
          "ASSOC-WITH": "#V1639572",
          "MOD": "#V1639608",
          "LEX": "\u2019",
          "WNSENSE": "entity%1:03:00"
        },
        "start": 18,
        "end": 31
      },
      "V1639572": {
        "id": "V1639572",
        "indicator": "KIND",
        "type": "SUBSTANCE",
        "word": "Y",
        "roles": {
          "LEX": "Y",
          "WNSENSE": "y%1:27:00::"
        },
        "start": 18,
        "end": 31
      },
      "V1639608": {
        "id": "V1639608",
        "indicator": "F",
        "type": "HAVE-EXPERIENCE",
        "word": "HAVE",
        "roles": {
          "EXPERIENCER": "#V1639656",
          "NEUTRAL": "#V1639581",
          "TENSE": "PRES",
          "LEX": "HAVE",
          "WNSENSE": "have%2:39:06::"
        },
        "start": 22,
        "end": 31
      },
      "V1639656": {
        "id": "V1639656",
        "indicator": "INDEF-SET",
        "type": "REFERENTIAL-SEM",
        "word": null,
        "roles": {
          "SIZE": "UNIVERSAL",
          "LEX": "ALL"
        },
        "start": 22,
        "end": 26
      },
      "root": "#V1644551"
    },
    {
      "V1639908": {
        "id": "V1639908",
        "indicator": "SPEECHACT",
        "type": "SA_WH-QUESTION",
        "word": null,
        "roles": {
          "CONTENT": "#V1639543",
          "FOCUS": "#V1639640",
          "LEX": "TIME"
        },
        "start": 1,
        "end": 15
      },
      "V1639543": {
        "id": "V1639543",
        "indicator": "SM",
        "type": "TIME-LOC",
        "word": "TIME",
        "roles": {
          "QUANTITY": "#V1639640",
          "LEX": "TIME",
          "WNSENSE": "date%1:28:03"
        },
        "start": 1,
        "end": 15
      },
      "V1639640": {
        "id": "V1639640",
        "indicator": "WH-TERM",
        "type": "QUANTITY-ABSTR",
        "word": null,
        "roles": {
          "QUAN": "MUCH"
        },
        "start": 1,
        "end": 15
      },
      "root": "#V1639908"
    },
    {
      "V1644548": {
        "id": "V1644548",
        "indicator": "SPEECHACT",
        "type": "SA_TELL",
        "word": null,
        "roles": {
          "PUNCTYPE": "YNQ",
          "CONTENT": "#V1639563",
          "LEX": "DO-"
        },
        "start": 15,
        "end": 32
      },
      "V1639563": {
        "id": "V1639563",
        "indicator": "F",
        "type": "EXECUTE",
        "word": "DO",
        "roles": {
          "AGENT": "#V1644549",
          "NEUTRAL": "#V1639581",
          "TENSE": "PRES",
          "LEX": "DO-",
          "WNSENSE": "do%2:41:01::"
        },
        "start": 15,
        "end": 31
      },
      "V1644549": {
        "id": "V1644549",
        "indicator": "IMPRO",
        "type": "REFERENTIAL-SEM",
        "word": null,
        "roles": {
          "PROFORM": "SUBJ"
        },
        "start": 15,
        "end": 31
      },
      "V1639581": {
        "id": "V1639581",
        "indicator": "BARE",
        "type": "REFERENTIAL-SEM",
        "word": "\u2019",
        "roles": {
          "ASSOC-WITH": "#V1639572",
          "MOD": "#V1639604",
          "LEX": "\u2019",
          "WNSENSE": "entity%1:03:00"
        },
        "start": 18,
        "end": 31
      },
      "V1639572": {
        "id": "V1639572",
        "indicator": "KIND",
        "type": "SUBSTANCE",
        "word": "Y",
        "roles": {
          "LEX": "Y",
          "WNSENSE": "y%1:27:00::"
        },
        "start": 18,
        "end": 31
      },
      "V1639604": {
        "id": "V1639604",
        "indicator": "F",
        "type": "HAVE",
        "word": "HAVE",
        "roles": {
          "NEUTRAL": "#V1639656",
          "NEUTRAL1": "#V1639581",
          "TENSE": "PRES",
          "LEX": "HAVE",
          "WNSENSE": "have%2:40:00::"
        },
        "start": 22,
        "end": 31
      },
      "V1639656": {
        "id": "V1639656",
        "indicator": "INDEF-SET",
        "type": "REFERENTIAL-SEM",
        "word": null,
        "roles": {
          "SIZE": "UNIVERSAL",
          "LEX": "ALL"
        },
        "start": 22,
        "end": 26
      },
      "root": "#V1644548"
    },
    {
      "V1639908": {
        "id": "V1639908",
        "indicator": "SPEECHACT",
        "type": "SA_WH-QUESTION",
        "word": null,
        "roles": {
          "CONTENT": "#V1639543",
          "FOCUS": "#V1639640",
          "LEX": "TIME"
        },
        "start": 1,
        "end": 15
      },
      "V1639543": {
        "id": "V1639543",
        "indicator": "SM",
        "type": "TIME-LOC",
        "word": "TIME",
        "roles": {
          "QUANTITY": "#V1639640",
          "LEX": "TIME",
          "WNSENSE": "date%1:28:03"
        },
        "start": 1,
        "end": 15
      },
      "V1639640": {
        "id": "V1639640",
        "indicator": "WH-TERM",
        "type": "QUANTITY-ABSTR",
        "word": null,
        "roles": {
          "QUAN": "MUCH"
        },
        "start": 1,
        "end": 15
      },
      "root": "#V1639908"
    },
    {
      "V1644545": {
        "id": "V1644545",
        "indicator": "SPEECHACT",
        "type": "SA_TELL",
        "word": null,
        "roles": {
          "PUNCTYPE": "YNQ",
          "CONTENT": "#V1639563",
          "LEX": "DO-"
        },
        "start": 15,
        "end": 32
      },
      "V1639563": {
        "id": "V1639563",
        "indicator": "F",
        "type": "EXECUTE",
        "word": "DO",
        "roles": {
          "AGENT": "#V1644546",
          "NEUTRAL": "#V1639581",
          "TENSE": "PRES",
          "LEX": "DO-",
          "WNSENSE": "do%2:41:01::"
        },
        "start": 15,
        "end": 31
      },
      "V1644546": {
        "id": "V1644546",
        "indicator": "IMPRO",
        "type": "REFERENTIAL-SEM",
        "word": null,
        "roles": {
          "PROFORM": "SUBJ"
        },
        "start": 15,
        "end": 31
      },
      "V1639581": {
        "id": "V1639581",
        "indicator": "BARE",
        "type": "REFERENTIAL-SEM",
        "word": "\u2019",
        "roles": {
          "ASSOC-WITH": "#V1639574",
          "MOD": "#V1639608",
          "LEX": "\u2019",
          "WNSENSE": "entity%1:03:00"
        },
        "start": 18,
        "end": 31
      },
      "V1639574": {
        "id": "V1639574",
        "indicator": "KIND",
        "type": "SUBSTANCE",
        "word": "Y",
        "roles": {
          "LEX": "Y",
          "WNSENSE": "y%1:27:00::"
        },
        "start": 18,
        "end": 31
      },
      "V1639608": {
        "id": "V1639608",
        "indicator": "F",
        "type": "HAVE-EXPERIENCE",
        "word": "HAVE",
        "roles": {
          "EXPERIENCER": "#V1639656",
          "NEUTRAL": "#V1639581",
          "TENSE": "PRES",
          "LEX": "HAVE",
          "WNSENSE": "have%2:39:06::"
        },
        "start": 22,
        "end": 31
      },
      "V1639656": {
        "id": "V1639656",
        "indicator": "INDEF-SET",
        "type": "REFERENTIAL-SEM",
        "word": null,
        "roles": {
          "SIZE": "UNIVERSAL",
          "LEX": "ALL"
        },
        "start": 22,
        "end": 26
      },
      "root": "#V1644545"
    },
    {
      "V1639908": {
        "id": "V1639908",
        "indicator": "SPEECHACT",
        "type": "SA_WH-QUESTION",
        "word": null,
        "roles": {
          "CONTENT": "#V1639543",
          "FOCUS": "#V1639640",
          "LEX": "TIME"
        },
        "start": 1,
        "end": 15
      },
      "V1639543": {
        "id": "V1639543",
        "indicator": "SM",
        "type": "TIME-LOC",
        "word": "TIME",
        "roles": {
          "QUANTITY": "#V1639640",
          "LEX": "TIME",
          "WNSENSE": "date%1:28:03"
        },
        "start": 1,
        "end": 15
      },
      "V1639640": {
        "id": "V1639640",
        "indicator": "WH-TERM",
        "type": "QUANTITY-ABSTR",
        "word": null,
        "roles": {
          "QUAN": "MUCH"
        },
        "start": 1,
        "end": 15
      },
      "root": "#V1639908"
    },
    {
      "V1644542": {
        "id": "V1644542",
        "indicator": "SPEECHACT",
        "type": "SA_TELL",
        "word": null,
        "roles": {
          "PUNCTYPE": "YNQ",
          "CONTENT": "#V1639563",
          "LEX": "DO-"
        },
        "start": 15,
        "end": 32
      },
      "V1639563": {
        "id": "V1639563",
        "indicator": "F",
        "type": "EXECUTE",
        "word": "DO",
        "roles": {
          "AGENT": "#V1644543",
          "NEUTRAL": "#V1639581",
          "TENSE": "PRES",
          "LEX": "DO-",
          "WNSENSE": "do%2:41:01::"
        },
        "start": 15,
        "end": 31
      },
      "V1644543": {
        "id": "V1644543",
        "indicator": "IMPRO",
        "type": "REFERENTIAL-SEM",
        "word": null,
        "roles": {
          "PROFORM": "SUBJ"
        },
        "start": 15,
        "end": 31
      },
      "V1639581": {
        "id": "V1639581",
        "indicator": "BARE",
        "type": "REFERENTIAL-SEM",
        "word": "\u2019",
        "roles": {
          "ASSOC-WITH": "#V1639574",
          "MOD": "#V1639604",
          "LEX": "\u2019",
          "WNSENSE": "entity%1:03:00"
        },
        "start": 18,
        "end": 31
      },
      "V1639574": {
        "id": "V1639574",
        "indicator": "KIND",
        "type": "SUBSTANCE",
        "word": "Y",
        "roles": {
          "LEX": "Y",
          "WNSENSE": "y%1:27:00::"
        },
        "start": 18,
        "end": 31
      },
      "V1639604": {
        "id": "V1639604",
        "indicator": "F",
        "type": "HAVE",
        "word": "HAVE",
        "roles": {
          "NEUTRAL": "#V1639656",
          "NEUTRAL1": "#V1639581",
          "TENSE": "PRES",
          "LEX": "HAVE",
          "WNSENSE": "have%2:40:00::"
        },
        "start": 22,
        "end": 31
      },
      "V1639656": {
        "id": "V1639656",
        "indicator": "INDEF-SET",
        "type": "REFERENTIAL-SEM",
        "word": null,
        "roles": {
          "SIZE": "UNIVERSAL",
          "LEX": "ALL"
        },
        "start": 22,
        "end": 26
      },
      "root": "#V1644542"
    },
    {
      "V1639905": {
        "id": "V1639905",
        "indicator": "SPEECHACT",
        "type": "SA_WH-QUESTION",
        "word": null,
        "roles": {
          "CONTENT": "#V1639542",
          "FOCUS": "#V1639640",
          "LEX": "TIME"
        },
        "start": 1,
        "end": 15
      },
      "V1639542": {
        "id": "V1639542",
        "indicator": "SM",
        "type": "DURATION-SCALE",
        "word": "TIME",
        "roles": {
          "QUANTITY": "#V1639640",
          "LEX": "TIME",
          "WNSENSE": "time%1:03:00::"
        },
        "start": 1,
        "end": 15
      },
      "V1639640": {
        "id": "V1639640",
        "indicator": "WH-TERM",
        "type": "QUANTITY-ABSTR",
        "word": null,
        "roles": {
          "QUAN": "MUCH"
        },
        "start": 1,
        "end": 15
      },
      "root": "#V1639905"
    },
    {
      "V1644551": {
        "id": "V1644551",
        "indicator": "SPEECHACT",
        "type": "SA_TELL",
        "word": null,
        "roles": {
          "PUNCTYPE": "YNQ",
          "CONTENT": "#V1639563",
          "LEX": "DO-"
        },
        "start": 15,
        "end": 32
      },
      "V1639563": {
        "id": "V1639563",
        "indicator": "F",
        "type": "EXECUTE",
        "word": "DO",
        "roles": {
          "AGENT": "#V1644552",
          "NEUTRAL": "#V1639581",
          "TENSE": "PRES",
          "LEX": "DO-",
          "WNSENSE": "do%2:41:01::"
        },
        "start": 15,
        "end": 31
      },
      "V1644552": {
        "id": "V1644552",
        "indicator": "IMPRO",
        "type": "REFERENTIAL-SEM",
        "word": null,
        "roles": {
          "PROFORM": "SUBJ"
        },
        "start": 15,
        "end": 31
      },
      "V1639581": {
        "id": "V1639581",
        "indicator": "BARE",
        "type": "REFERENTIAL-SEM",
        "word": "\u2019",
        "roles": {
          "ASSOC-WITH": "#V1639572",
          "MOD": "#V1639608",
          "LEX": "\u2019",
          "WNSENSE": "entity%1:03:00"
        },
        "start": 18,
        "end": 31
      },
      "V1639572": {
        "id": "V1639572",
        "indicator": "KIND",
        "type": "SUBSTANCE",
        "word": "Y",
        "roles": {
          "LEX": "Y",
          "WNSENSE": "y%1:27:00::"
        },
        "start": 18,
        "end": 31
      },
      "V1639608": {
        "id": "V1639608",
        "indicator": "F",
        "type": "HAVE-EXPERIENCE",
        "word": "HAVE",
        "roles": {
          "EXPERIENCER": "#V1639656",
          "NEUTRAL": "#V1639581",
          "TENSE": "PRES",
          "LEX": "HAVE",
          "WNSENSE": "have%2:39:06::"
        },
        "start": 22,
        "end": 31
      },
      "V1639656": {
        "id": "V1639656",
        "indicator": "INDEF-SET",
        "type": "REFERENTIAL-SEM",
        "word": null,
        "roles": {
          "SIZE": "UNIVERSAL",
          "LEX": "ALL"
        },
        "start": 22,
        "end": 26
      },
      "root": "#V1644551"
    },
    {
      "V1639905": {
        "id": "V1639905",
        "indicator": "SPEECHACT",
        "type": "SA_WH-QUESTION",
        "word": null,
        "roles": {
          "CONTENT": "#V1639542",
          "FOCUS": "#V1639640",
          "LEX": "TIME"
        },
        "start": 1,
        "end": 15
      },
      "V1639542": {
        "id": "V1639542",
        "indicator": "SM",
        "type": "DURATION-SCALE",
        "word": "TIME",
        "roles": {
          "QUANTITY": "#V1639640",
          "LEX": "TIME",
          "WNSENSE": "time%1:03:00::"
        },
        "start": 1,
        "end": 15
      },
      "V1639640": {
        "id": "V1639640",
        "indicator": "WH-TERM",
        "type": "QUANTITY-ABSTR",
        "word": null,
        "roles": {
          "QUAN": "MUCH"
        },
        "start": 1,
        "end": 15
      },
      "root": "#V1639905"
    },
    {
      "V1644548": {
        "id": "V1644548",
        "indicator": "SPEECHACT",
        "type": "SA_TELL",
        "word": null,
        "roles": {
          "PUNCTYPE": "YNQ",
          "CONTENT": "#V1639563",
          "LEX": "DO-"
        },
        "start": 15,
        "end": 32
      },
      "V1639563": {
        "id": "V1639563",
        "indicator": "F",
        "type": "EXECUTE",
        "word": "DO",
        "roles": {
          "AGENT": "#V1644549",
          "NEUTRAL": "#V1639581",
          "TENSE": "PRES",
          "LEX": "DO-",
          "WNSENSE": "do%2:41:01::"
        },
        "start": 15,
        "end": 31
      },
      "V1644549": {
        "id": "V1644549",
        "indicator": "IMPRO",
        "type": "REFERENTIAL-SEM",
        "word": null,
        "roles": {
          "PROFORM": "SUBJ"
        },
        "start": 15,
        "end": 31
      },
      "V1639581": {
        "id": "V1639581",
        "indicator": "BARE",
        "type": "REFERENTIAL-SEM",
        "word": "\u2019",
        "roles": {
          "ASSOC-WITH": "#V1639572",
          "MOD": "#V1639604",
          "LEX": "\u2019",
          "WNSENSE": "entity%1:03:00"
        },
        "start": 18,
        "end": 31
      },
      "V1639572": {
        "id": "V1639572",
        "indicator": "KIND",
        "type": "SUBSTANCE",
        "word": "Y",
        "roles": {
          "LEX": "Y",
          "WNSENSE": "y%1:27:00::"
        },
        "start": 18,
        "end": 31
      },
      "V1639604": {
        "id": "V1639604",
        "indicator": "F",
        "type": "HAVE",
        "word": "HAVE",
        "roles": {
          "NEUTRAL": "#V1639656",
          "NEUTRAL1": "#V1639581",
          "TENSE": "PRES",
          "LEX": "HAVE",
          "WNSENSE": "have%2:40:00::"
        },
        "start": 22,
        "end": 31
      },
      "V1639656": {
        "id": "V1639656",
        "indicator": "INDEF-SET",
        "type": "REFERENTIAL-SEM",
        "word": null,
        "roles": {
          "SIZE": "UNIVERSAL",
          "LEX": "ALL"
        },
        "start": 22,
        "end": 26
      },
      "root": "#V1644548"
    },
    {
      "V1639905": {
        "id": "V1639905",
        "indicator": "SPEECHACT",
        "type": "SA_WH-QUESTION",
        "word": null,
        "roles": {
          "CONTENT": "#V1639542",
          "FOCUS": "#V1639640",
          "LEX": "TIME"
        },
        "start": 1,
        "end": 15
      },
      "V1639542": {
        "id": "V1639542",
        "indicator": "SM",
        "type": "DURATION-SCALE",
        "word": "TIME",
        "roles": {
          "QUANTITY": "#V1639640",
          "LEX": "TIME",
          "WNSENSE": "time%1:03:00::"
        },
        "start": 1,
        "end": 15
      },
      "V1639640": {
        "id": "V1639640",
        "indicator": "WH-TERM",
        "type": "QUANTITY-ABSTR",
        "word": null,
        "roles": {
          "QUAN": "MUCH"
        },
        "start": 1,
        "end": 15
      },
      "root": "#V1639905"
    },
    {
      "V1644545": {
        "id": "V1644545",
        "indicator": "SPEECHACT",
        "type": "SA_TELL",
        "word": null,
        "roles": {
          "PUNCTYPE": "YNQ",
          "CONTENT": "#V1639563",
          "LEX": "DO-"
        },
        "start": 15,
        "end": 32
      },
      "V1639563": {
        "id": "V1639563",
        "indicator": "F",
        "type": "EXECUTE",
        "word": "DO",
        "roles": {
          "AGENT": "#V1644546",
          "NEUTRAL": "#V1639581",
          "TENSE": "PRES",
          "LEX": "DO-",
          "WNSENSE": "do%2:41:01::"
        },
        "start": 15,
        "end": 31
      },
      "V1644546": {
        "id": "V1644546",
        "indicator": "IMPRO",
        "type": "REFERENTIAL-SEM",
        "word": null,
        "roles": {
          "PROFORM": "SUBJ"
        },
        "start": 15,
        "end": 31
      },
      "V1639581": {
        "id": "V1639581",
        "indicator": "BARE",
        "type": "REFERENTIAL-SEM",
        "word": "\u2019",
        "roles": {
          "ASSOC-WITH": "#V1639574",
          "MOD": "#V1639608",
          "LEX": "\u2019",
          "WNSENSE": "entity%1:03:00"
        },
        "start": 18,
        "end": 31
      },
      "V1639574": {
        "id": "V1639574",
        "indicator": "KIND",
        "type": "SUBSTANCE",
        "word": "Y",
        "roles": {
          "LEX": "Y",
          "WNSENSE": "y%1:27:00::"
        },
        "start": 18,
        "end": 31
      },
      "V1639608": {
        "id": "V1639608",
        "indicator": "F",
        "type": "HAVE-EXPERIENCE",
        "word": "HAVE",
        "roles": {
          "EXPERIENCER": "#V1639656",
          "NEUTRAL": "#V1639581",
          "TENSE": "PRES",
          "LEX": "HAVE",
          "WNSENSE": "have%2:39:06::"
        },
        "start": 22,
        "end": 31
      },
      "V1639656": {
        "id": "V1639656",
        "indicator": "INDEF-SET",
        "type": "REFERENTIAL-SEM",
        "word": null,
        "roles": {
          "SIZE": "UNIVERSAL",
          "LEX": "ALL"
        },
        "start": 22,
        "end": 26
      },
      "root": "#V1644545"
    },
    {
      "V1639905": {
        "id": "V1639905",
        "indicator": "SPEECHACT",
        "type": "SA_WH-QUESTION",
        "word": null,
        "roles": {
          "CONTENT": "#V1639542",
          "FOCUS": "#V1639640",
          "LEX": "TIME"
        },
        "start": 1,
        "end": 15
      },
      "V1639542": {
        "id": "V1639542",
        "indicator": "SM",
        "type": "DURATION-SCALE",
        "word": "TIME",
        "roles": {
          "QUANTITY": "#V1639640",
          "LEX": "TIME",
          "WNSENSE": "time%1:03:00::"
        },
        "start": 1,
        "end": 15
      },
      "V1639640": {
        "id": "V1639640",
        "indicator": "WH-TERM",
        "type": "QUANTITY-ABSTR",
        "word": null,
        "roles": {
          "QUAN": "MUCH"
        },
        "start": 1,
        "end": 15
      },
      "root": "#V1639905"
    },
    {
      "V1644542": {
        "id": "V1644542",
        "indicator": "SPEECHACT",
        "type": "SA_TELL",
        "word": null,
        "roles": {
          "PUNCTYPE": "YNQ",
          "CONTENT": "#V1639563",
          "LEX": "DO-"
        },
        "start": 15,
        "end": 32
      },
      "V1639563": {
        "id": "V1639563",
        "indicator": "F",
        "type": "EXECUTE",
        "word": "DO",
        "roles": {
          "AGENT": "#V1644543",
          "NEUTRAL": "#V1639581",
          "TENSE": "PRES",
          "LEX": "DO-",
          "WNSENSE": "do%2:41:01::"
        },
        "start": 15,
        "end": 31
      },
      "V1644543": {
        "id": "V1644543",
        "indicator": "IMPRO",
        "type": "REFERENTIAL-SEM",
        "word": null,
        "roles": {
          "PROFORM": "SUBJ"
        },
        "start": 15,
        "end": 31
      },
      "V1639581": {
        "id": "V1639581",
        "indicator": "BARE",
        "type": "REFERENTIAL-SEM",
        "word": "\u2019",
        "roles": {
          "ASSOC-WITH": "#V1639574",
          "MOD": "#V1639604",
          "LEX": "\u2019",
          "WNSENSE": "entity%1:03:00"
        },
        "start": 18,
        "end": 31
      },
      "V1639574": {
        "id": "V1639574",
        "indicator": "KIND",
        "type": "SUBSTANCE",
        "word": "Y",
        "roles": {
          "LEX": "Y",
          "WNSENSE": "y%1:27:00::"
        },
        "start": 18,
        "end": 31
      },
      "V1639604": {
        "id": "V1639604",
        "indicator": "F",
        "type": "HAVE",
        "word": "HAVE",
        "roles": {
          "NEUTRAL": "#V1639656",
          "NEUTRAL1": "#V1639581",
          "TENSE": "PRES",
          "LEX": "HAVE",
          "WNSENSE": "have%2:40:00::"
        },
        "start": 22,
        "end": 31
      },
      "V1639656": {
        "id": "V1639656",
        "indicator": "INDEF-SET",
        "type": "REFERENTIAL-SEM",
        "word": null,
        "roles": {
          "SIZE": "UNIVERSAL",
          "LEX": "ALL"
        },
        "start": 22,
        "end": 26
      },
      "root": "#V1644542"
    }
  ],
  "inputtags": [],
  "debug": [
    "*last-utt-id*=NIL  utt-id+283",
    "*last-utt-id*=283  utt-id+283",
    "*last-utt-id*=283  utt-id+NIL"
  ]
}
