{
  "parse": [
    {
      "V638700": {
        "id": "V638700",
        "indicator": "SA-SEQ",
        "type": "SPEECH-ACT",
        "word": null,
        "roles": {
          "PUNCTYPE": "DECL",
          "ACT": "#V638696",
          "ACT1": "#V638455",
          "OPERATORS": "(AND)",
          "LEX": "WENT"
        },
        "start": 0,
        "end": 35
      },
      "V638696": {
        "id": "V638696",
        "indicator": "SPEECHACT",
        "type": "SA_TELL",
        "word": null,
        "roles": {
          "CONTENT": "#V638174",
          "LEX": "WENT"
        },
        "start": 0,
        "end": 18
      },
      "V638174": {
        "id": "V638174",
        "indicator": "F",
        "type": "SELF-LOCOMOTE",
        "word": "GO",
        "roles": {
          "RESULT": "#V638193",
          "AGENT": "#V638154",
          "TENSE": "PAST",
          "LEX": "WENT",
          "WNSENSE": "go%2:38:00::"
        },
        "start": 0,
        "end": 18
      },
      "V638154": {
        "id": "V638154",
        "indicator": "PRO",
        "type": "MALE-PERSON",
        "word": "HE",
        "roles": {
          "PROFORM": "HE",
          "LEX": "HE",
          "WNSENSE": "man%1:18:00"
        },
        "start": 0,
        "end": 3
      },
      "V638193": {
        "id": "V638193",
        "indicator": "F",
        "type": "TO-LOC",
        "word": "TO",
        "roles": {
          "GROUND": "#V638570",
          "FIGURE": "#V638154",
          "LEX": "TO"
        },
        "start": 8,
        "end": 18
      },
      "V638570": {
        "id": "V638570",
        "indicator": "THE",
        "type": "QUANTITY-ABSTR",
        "word": null,
        "roles": {
          "FIGURE": "#V638217"
        },
        "start": 11,
        "end": 18
      },
      "V638217": {
        "id": "V638217",
        "indicator": "BARE",
        "type": "GENERAL-STRUCTURE",
        "word": "PRISON",
        "roles": {
          "LEX": "PRISON",
          "WNSENSE": "prison%1:06:00::"
        },
        "start": 11,
        "end": 18
      },
      "V638455": {
        "id": "V638455",
        "indicator": "SPEECHACT",
        "type": "SA_TELL",
        "word": null,
        "roles": {
          "CONTENT": "#V638310",
          "LEX": "BLAMED"
        },
        "start": 22,
        "end": 35
      },
      "V638310": {
        "id": "V638310",
        "indicator": "F",
        "type": "BLAME",
        "word": "BLAME",
        "roles": {
          "AFFECTED": "#V638248",
          "TENSE": "PAST",
          "PASSIVE": "+",
          "LEX": "BLAMED",
          "WNSENSE": "blame%2:32:00::"
        },
        "start": 22,
        "end": 35
      },
      "V638248": {
        "id": "V638248",
        "indicator": "PRO",
        "type": "PERSON",
        "word": "I",
        "roles": {
          "PROFORM": "I",
          "LEX": "I",
          "WNSENSE": "person%1:03:00",
          "COREF": "USER"
        },
        "start": 22,
        "end": 24
      },
      "root": "#V638700"
    }
  ],
  "inputtags": [],
  "debug": [
    "*last-utt-id*=NIL  utt-id+106",
    "*last-utt-id*=106  utt-id+106",
    "*last-utt-id*=106  utt-id+NIL"
  ]
}
