{
  "parse": [
    {
      "V1042671": {
        "id": "V1042671",
        "indicator": "SPEECHACT",
        "type": "SA_TELL",
        "word": null,
        "roles": {
          "PUNCTYPE": "DECL",
          "CONTENT": "#V1042435",
          "LEX": "WAS"
        },
        "start": 0,
        "end": 14
      },
      "V1042435": {
        "id": "V1042435",
        "indicator": "F",
        "type": "HAVE-PROPERTY",
        "word": "BE",
        "roles": {
          "NEUTRAL": "#V1042419",
          "FORMAL": "#V1042642",
          "TENSE": "PAST",
          "LEX": "WAS",
          "WNSENSE": "be%2:42:03::"
        },
        "start": 0,
        "end": 14
      },
      "V1042419": {
        "id": "V1042419",
        "indicator": "PRO",
        "type": "PERSON",
        "word": "I",
        "roles": {
          "PROFORM": "I",
          "LEX": "I",
          "WNSENSE": "person%1:03:00",
          "COREF": "USER"
        },
        "start": 0,
        "end": 2
      },
      "V1042642": {
        "id": "V1042642",
        "indicator": "F",
        "type": "MEMBERSHIP",
        "word": null,
        "roles": {
          "FIGURE": "#V1042419",
          "GROUND": "#V1042568",
          "LEX": "FIFTEEN"
        },
        "start": 6,
        "end": 14
      },
      "V1042568": {
        "id": "V1042568",
        "indicator": "THE-SET",
        "type": "REFERENTIAL-SEM",
        "word": null,
        "roles": {
          "SIZE": "#V1042449"
        },
        "start": 6,
        "end": 14
      },
      "V1042449": {
        "id": "V1042449",
        "indicator": "A",
        "type": "NUMBER",
        "word": null,
        "roles": {
          "VALUE": "15",
          "LEX": "FIFTEEN"
        },
        "start": 6,
        "end": 14
      },
      "root": "#V1042671"
    }
  ],
  "inputtags": [],
  "debug": [
    "*last-utt-id*=NIL  utt-id+176",
    "*last-utt-id*=176  utt-id+NIL"
  ]
}
