{
  "parse": [
    {
      "V2413790": {
        "id": "V2413790",
        "indicator": "SPEECHACT",
        "type": "SA_IDENTIFY",
        "word": null,
        "roles": {
          "CONTENT": "#V2413548",
          "LEX": "THEY"
        },
        "start": 0,
        "end": 5
      },
      "V2413548": {
        "id": "V2413548",
        "indicator": "PRO-SET",
        "type": "REFERENTIAL-SEM",
        "word": "THEY",
        "roles": {
          "PROFORM": "THEY",
          "LEX": "THEY",
          "WNSENSE": "entity%1:03:00"
        },
        "start": 0,
        "end": 5
      },
      "root": "#V2413790"
    },
    {
      "V2415672": {
        "id": "V2415672",
        "indicator": "SPEECHACT",
        "type": "SA_TELL",
        "word": null,
        "roles": {
          "CONTENT": "#V2413556",
          "LEX": "ARE"
        },
        "start": 5,
        "end": 22
      },
      "V2413556": {
        "id": "V2413556",
        "indicator": "F",
        "type": "BE",
        "word": "BE",
        "roles": {
          "NEUTRAL": "#V2415673",
          "NEUTRAL1": "#V2413599",
          "TENSE": "PRES",
          "LEX": "ARE",
          "WNSENSE": "be%2:42:06::"
        },
        "start": 5,
        "end": 22
      },
      "V2415673": {
        "id": "V2415673",
        "indicator": "IMPRO",
        "type": "REFERENTIAL-SEM",
        "word": null,
        "roles": {
          "PROFORM": "SUBJ"
        },
        "start": 5,
        "end": 22
      },
      "V2413599": {
        "id": "V2413599",
        "indicator": "THE",
        "type": "GAS-SUBSTANCE",
        "word": "N",
        "roles": {
          "ASSOC-POSS": "#V2413568",
          "TIME": "#V2413574",
          "LEX": "N",
          "WNSENSE": "n%1:27:00::"
        },
        "start": 9,
        "end": 22
      },
      "V2413568": {
        "id": "V2413568",
        "indicator": "PRO",
        "type": "PERSON",
        "word": "OUR",
        "roles": {
          "LEX": "OUR",
          "PROFORM": "OUR",
          "WNSENSE": "person%1:03:00",
          "COREF": "US"
        },
        "start": 9,
        "end": 22
      },
      "V2413574": {
        "id": "V2413574",
        "indicator": "F",
        "type": "IN-FUTURE",
        "word": "FUTURE",
        "roles": {
          "FIGURE": "#V2413599",
          "LEX": "FUTURE",
          "WNSENSE": "future%3:00:00::"
        },
        "start": 13,
        "end": 20
      },
      "root": "#V2415672"
    },
    {
      "V2414249": {
        "id": "V2414249",
        "indicator": "SPEECHACT",
        "type": "SA_TELL",
        "word": null,
        "roles": {
          "PUNCTYPE": "DECL",
          "CONTENT": "#V2413615",
          "LEX": "NEED"
        },
        "start": 22,
        "end": 54
      },
      "V2413615": {
        "id": "V2413615",
        "indicator": "F",
        "type": "WANT",
        "word": "NEED",
        "roles": {
          "EXPERIENCER": "#V2414250",
          "FORMAL": "#V2414239",
          "TENSE": "PRES",
          "LEX": "NEED",
          "WNSENSE": "desire%2:37:00"
        },
        "start": 22,
        "end": 54
      },
      "V2414250": {
        "id": "V2414250",
        "indicator": "IMPRO",
        "type": "REFERENTIAL-SEM",
        "word": null,
        "roles": {
          "PROFORM": "SUBJ",
          "COREF": "#V2413599"
        },
        "start": 22,
        "end": 54
      },
      "V2414239": {
        "id": "V2414239",
        "indicator": "THE",
        "type": "QUANTITY-ABSTR",
        "word": null,
        "roles": {
          "FIGURE": "#V2413637"
        },
        "start": 27,
        "end": 54
      },
      "V2413637": {
        "id": "V2413637",
        "indicator": "THE",
        "type": "COMMERCIAL-ACTIVITY",
        "word": "INVESTMENT",
        "roles": {
          "MOD": "#V2413648",
          "LEX": "INVESTMENT",
          "WNSENSE": "investment%1:04:00::"
        },
        "start": 27,
        "end": 54
      },
      "V2413648": {
        "id": "V2413648",
        "indicator": "F",
        "type": "ASSOC-WITH",
        "word": "OF",
        "roles": {
          "GROUND": "#V2413665",
          "FIGURE": "#V2413637",
          "LEX": "OF"
        },
        "start": 42,
        "end": 54
      },
      "V2413665": {
        "id": "V2413665",
        "indicator": "THE",
        "type": "TIME-OBJECT",
        "word": "TIME",
        "roles": {
          "ASSOC-POSS": "#V2413656",
          "SCALE": "TIME-LOC-SCALE",
          "LEX": "TIME"
        },
        "start": 45,
        "end": 54
      },
      "V2413656": {
        "id": "V2413656",
        "indicator": "PRO",
        "type": "PERSON",
        "word": "OUR",
        "roles": {
          "LEX": "OUR",
          "PROFORM": "OUR",
          "WNSENSE": "person%1:03:00",
          "COREF": "US"
        },
        "start": 45,
        "end": 54
      },
      "root": "#V2414249"
    },
    {
      "V2413790": {
        "id": "V2413790",
        "indicator": "SPEECHACT",
        "type": "SA_IDENTIFY",
        "word": null,
        "roles": {
          "CONTENT": "#V2413548",
          "LEX": "THEY"
        },
        "start": 0,
        "end": 5
      },
      "V2413548": {
        "id": "V2413548",
        "indicator": "PRO-SET",
        "type": "REFERENTIAL-SEM",
        "word": "THEY",
        "roles": {
          "PROFORM": "THEY",
          "LEX": "THEY",
          "WNSENSE": "entity%1:03:00"
        },
        "start": 0,
        "end": 5
      },
      "root": "#V2413790"
    },
    {
      "V2415672": {
        "id": "V2415672",
        "indicator": "SPEECHACT",
        "type": "SA_TELL",
        "word": null,
        "roles": {
          "CONTENT": "#V2413556",
          "LEX": "ARE"
        },
        "start": 5,
        "end": 22
      },
      "V2413556": {
        "id": "V2413556",
        "indicator": "F",
        "type": "BE",
        "word": "BE",
        "roles": {
          "NEUTRAL": "#V2415673",
          "NEUTRAL1": "#V2413599",
          "TENSE": "PRES",
          "LEX": "ARE",
          "WNSENSE": "be%2:42:06::"
        },
        "start": 5,
        "end": 22
      },
      "V2415673": {
        "id": "V2415673",
        "indicator": "IMPRO",
        "type": "REFERENTIAL-SEM",
        "word": null,
        "roles": {
          "PROFORM": "SUBJ"
        },
        "start": 5,
        "end": 22
      },
      "V2413599": {
        "id": "V2413599",
        "indicator": "THE",
        "type": "GAS-SUBSTANCE",
        "word": "N",
        "roles": {
          "ASSOC-POSS": "#V2413568",
          "TIME": "#V2413574",
          "LEX": "N",
          "WNSENSE": "n%1:27:00::"
        },
        "start": 9,
        "end": 22
      },
      "V2413568": {
        "id": "V2413568",
        "indicator": "PRO",
        "type": "PERSON",
        "word": "OUR",
        "roles": {
          "LEX": "OUR",
          "PROFORM": "OUR",
          "WNSENSE": "person%1:03:00"
        },
        "start": 9,
        "end": 22
      },
      "V2413574": {
        "id": "V2413574",
        "indicator": "F",
        "type": "IN-FUTURE",
        "word": "FUTURE",
        "roles": {
          "FIGURE": "#V2413599",
          "LEX": "FUTURE",
          "WNSENSE": "future%3:00:00::"
        },
        "start": 13,
        "end": 20
      },
      "root": "#V2415672"
    },
    {
      "V2414319": {
        "id": "V2414319",
        "indicator": "SPEECHACT",
        "type": "SA_TELL",
        "word": null,
        "roles": {
          "PUNCTYPE": "DECL",
          "CONTENT": "#V2413615",
          "LEX": "NEED"
        },
        "start": 22,
        "end": 55
      },
      "V2413615": {
        "id": "V2413615",
        "indicator": "F",
        "type": "WANT",
        "word": "NEED",
        "roles": {
          "EXPERIENCER": "#V2414320",
          "FORMAL": "#V2414309",
          "TENSE": "PRES",
          "LEX": "NEED",
          "WNSENSE": "desire%2:37:00"
        },
        "start": 22,
        "end": 54
      },
      "V2414320": {
        "id": "V2414320",
        "indicator": "IMPRO",
        "type": "REFERENTIAL-SEM",
        "word": null,
        "roles": {
          "PROFORM": "SUBJ"
        },
        "start": 22,
        "end": 54
      },
      "V2414309": {
        "id": "V2414309",
        "indicator": "THE",
        "type": "QUANTITY-ABSTR",
        "word": null,
        "roles": {
          "FIGURE": "#V2413640"
        },
        "start": 27,
        "end": 54
      },
      "V2413640": {
        "id": "V2413640",
        "indicator": "THE",
        "type": "ASSETS",
        "word": "INVESTMENT",
        "roles": {
          "MOD": "#V2413648",
          "LEX": "INVESTMENT",
          "WNSENSE": "investment%1:21:00::"
        },
        "start": 27,
        "end": 54
      },
      "V2413648": {
        "id": "V2413648",
        "indicator": "F",
        "type": "ASSOC-WITH",
        "word": "OF",
        "roles": {
          "GROUND": "#V2413665",
          "FIGURE": "#V2413640",
          "LEX": "OF"
        },
        "start": 42,
        "end": 54
      },
      "V2413665": {
        "id": "V2413665",
        "indicator": "THE",
        "type": "TIME-OBJECT",
        "word": "TIME",
        "roles": {
          "ASSOC-POSS": "#V2413656",
          "SCALE": "TIME-LOC-SCALE",
          "LEX": "TIME"
        },
        "start": 45,
        "end": 54
      },
      "V2413656": {
        "id": "V2413656",
        "indicator": "PRO",
        "type": "PERSON",
        "word": "OUR",
        "roles": {
          "LEX": "OUR",
          "PROFORM": "OUR",
          "WNSENSE": "person%1:03:00"
        },
        "start": 45,
        "end": 54
      },
      "root": "#V2414319"
    },
    {
      "V2413790": {
        "id": "V2413790",
        "indicator": "SPEECHACT",
        "type": "SA_IDENTIFY",
        "word": null,
        "roles": {
          "CONTENT": "#V2413548",
          "LEX": "THEY"
        },
        "start": 0,
        "end": 5
      },
      "V2413548": {
        "id": "V2413548",
        "indicator": "PRO-SET",
        "type": "REFERENTIAL-SEM",
        "word": "THEY",
        "roles": {
          "PROFORM": "THEY",
          "LEX": "THEY",
          "WNSENSE": "entity%1:03:00"
        },
        "start": 0,
        "end": 5
      },
      "root": "#V2413790"
    },
    {
      "V2415672": {
        "id": "V2415672",
        "indicator": "SPEECHACT",
        "type": "SA_TELL",
        "word": null,
        "roles": {
          "CONTENT": "#V2413556",
          "LEX": "ARE"
        },
        "start": 5,
        "end": 22
      },
      "V2413556": {
        "id": "V2413556",
        "indicator": "F",
        "type": "BE",
        "word": "BE",
        "roles": {
          "NEUTRAL": "#V2415673",
          "NEUTRAL1": "#V2413599",
          "TENSE": "PRES",
          "LEX": "ARE",
          "WNSENSE": "be%2:42:06::"
        },
        "start": 5,
        "end": 22
      },
      "V2415673": {
        "id": "V2415673",
        "indicator": "IMPRO",
        "type": "REFERENTIAL-SEM",
        "word": null,
        "roles": {
          "PROFORM": "SUBJ"
        },
        "start": 5,
        "end": 22
      },
      "V2413599": {
        "id": "V2413599",
        "indicator": "THE",
        "type": "GAS-SUBSTANCE",
        "word": "N",
        "roles": {
          "ASSOC-POSS": "#V2413568",
          "TIME": "#V2413574",
          "LEX": "N",
          "WNSENSE": "n%1:27:00::"
        },
        "start": 9,
        "end": 22
      },
      "V2413568": {
        "id": "V2413568",
        "indicator": "PRO",
        "type": "PERSON",
        "word": "OUR",
        "roles": {
          "LEX": "OUR",
          "PROFORM": "OUR",
          "WNSENSE": "person%1:03:00"
        },
        "start": 9,
        "end": 22
      },
      "V2413574": {
        "id": "V2413574",
        "indicator": "F",
        "type": "IN-FUTURE",
        "word": "FUTURE",
        "roles": {
          "FIGURE": "#V2413599",
          "LEX": "FUTURE",
          "WNSENSE": "future%3:00:00::"
        },
        "start": 13,
        "end": 20
      },
      "root": "#V2415672"
    },
    {
      "V2414289": {
        "id": "V2414289",
        "indicator": "SPEECHACT",
        "type": "SA_TELL",
        "word": null,
        "roles": {
          "PUNCTYPE": "DECL",
          "CONTENT": "#V2413615",
          "LEX": "NEED"
        },
        "start": 22,
        "end": 55
      },
      "V2413615": {
        "id": "V2413615",
        "indicator": "F",
        "type": "WANT",
        "word": "NEED",
        "roles": {
          "EXPERIENCER": "#V2414290",
          "FORMAL": "#V2414279",
          "TENSE": "PRES",
          "LEX": "NEED",
          "WNSENSE": "desire%2:37:00"
        },
        "start": 22,
        "end": 54
      },
      "V2414290": {
        "id": "V2414290",
        "indicator": "IMPRO",
        "type": "REFERENTIAL-SEM",
        "word": null,
        "roles": {
          "PROFORM": "SUBJ"
        },
        "start": 22,
        "end": 54
      },
      "V2414279": {
        "id": "V2414279",
        "indicator": "THE",
        "type": "QUANTITY-ABSTR",
        "word": null,
        "roles": {
          "FIGURE": "#V2413642"
        },
        "start": 27,
        "end": 54
      },
      "V2413642": {
        "id": "V2413642",
        "indicator": "THE",
        "type": "ASSETS",
        "word": "INVESTMENT",
        "roles": {
          "MOD": "#V2413648",
          "LEX": "INVESTMENT",
          "WNSENSE": "investment%1:21:00::"
        },
        "start": 27,
        "end": 54
      },
      "V2413648": {
        "id": "V2413648",
        "indicator": "F",
        "type": "ASSOC-WITH",
        "word": "OF",
        "roles": {
          "GROUND": "#V2413665",
          "FIGURE": "#V2413642",
          "LEX": "OF"
        },
        "start": 42,
        "end": 54
      },
      "V2413665": {
        "id": "V2413665",
        "indicator": "THE",
        "type": "TIME-OBJECT",
        "word": "TIME",
        "roles": {
          "ASSOC-POSS": "#V2413656",
          "SCALE": "TIME-LOC-SCALE",
          "LEX": "TIME"
        },
        "start": 45,
        "end": 54
      },
      "V2413656": {
        "id": "V2413656",
        "indicator": "PRO",
        "type": "PERSON",
        "word": "OUR",
        "roles": {
          "LEX": "OUR",
          "PROFORM": "OUR",
          "WNSENSE": "person%1:03:00"
        },
        "start": 45,
        "end": 54
      },
      "root": "#V2414289"
    },
    {
      "V2413790": {
        "id": "V2413790",
        "indicator": "SPEECHACT",
        "type": "SA_IDENTIFY",
        "word": null,
        "roles": {
          "CONTENT": "#V2413548",
          "LEX": "THEY"
        },
        "start": 0,
        "end": 5
      },
      "V2413548": {
        "id": "V2413548",
        "indicator": "PRO-SET",
        "type": "REFERENTIAL-SEM",
        "word": "THEY",
        "roles": {
          "PROFORM": "THEY",
          "LEX": "THEY",
          "WNSENSE": "entity%1:03:00"
        },
        "start": 0,
        "end": 5
      },
      "root": "#V2413790"
    },
    {
      "V2415672": {
        "id": "V2415672",
        "indicator": "SPEECHACT",
        "type": "SA_TELL",
        "word": null,
        "roles": {
          "CONTENT": "#V2413556",
          "LEX": "ARE"
        },
        "start": 5,
        "end": 22
      },
      "V2413556": {
        "id": "V2413556",
        "indicator": "F",
        "type": "BE",
        "word": "BE",
        "roles": {
          "NEUTRAL": "#V2415673",
          "NEUTRAL1": "#V2413599",
          "TENSE": "PRES",
          "LEX": "ARE",
          "WNSENSE": "be%2:42:06::"
        },
        "start": 5,
        "end": 22
      },
      "V2415673": {
        "id": "V2415673",
        "indicator": "IMPRO",
        "type": "REFERENTIAL-SEM",
        "word": null,
        "roles": {
          "PROFORM": "SUBJ"
        },
        "start": 5,
        "end": 22
      },
      "V2413599": {
        "id": "V2413599",
        "indicator": "THE",
        "type": "GAS-SUBSTANCE",
        "word": "N",
        "roles": {
          "ASSOC-POSS": "#V2413568",
          "TIME": "#V2413574",
          "LEX": "N",
          "WNSENSE": "n%1:27:00::"
        },
        "start": 9,
        "end": 22
      },
      "V2413568": {
        "id": "V2413568",
        "indicator": "PRO",
        "type": "PERSON",
        "word": "OUR",
        "roles": {
          "LEX": "OUR",
          "PROFORM": "OUR",
          "WNSENSE": "person%1:03:00"
        },
        "start": 9,
        "end": 22
      },
      "V2413574": {
        "id": "V2413574",
        "indicator": "F",
        "type": "IN-FUTURE",
        "word": "FUTURE",
        "roles": {
          "FIGURE": "#V2413599",
          "LEX": "FUTURE",
          "WNSENSE": "future%3:00:00::"
        },
        "start": 13,
        "end": 20
      },
      "root": "#V2415672"
    },
    {
      "V2414351": {
        "id": "V2414351",
        "indicator": "SPEECHACT",
        "type": "SA_TELL",
        "word": null,
        "roles": {
          "PUNCTYPE": "DECL",
          "CONTENT": "#V2413615",
          "LEX": "NEED"
        },
        "start": 22,
        "end": 55
      },
      "V2413615": {
        "id": "V2413615",
        "indicator": "F",
        "type": "WANT",
        "word": "NEED",
        "roles": {
          "EXPERIENCER": "#V2414352",
          "FORMAL": "#V2414341",
          "TENSE": "PRES",
          "LEX": "NEED",
          "WNSENSE": "desire%2:37:00"
        },
        "start": 22,
        "end": 54
      },
      "V2414352": {
        "id": "V2414352",
        "indicator": "IMPRO",
        "type": "REFERENTIAL-SEM",
        "word": null,
        "roles": {
          "PROFORM": "SUBJ"
        },
        "start": 22,
        "end": 54
      },
      "V2414341": {
        "id": "V2414341",
        "indicator": "THE",
        "type": "QUANTITY-ABSTR",
        "word": null,
        "roles": {
          "FIGURE": "#V2413637"
        },
        "start": 27,
        "end": 54
      },
      "V2413637": {
        "id": "V2413637",
        "indicator": "THE",
        "type": "COMMERCIAL-ACTIVITY",
        "word": "INVESTMENT",
        "roles": {
          "MOD": "#V2413648",
          "LEX": "INVESTMENT",
          "WNSENSE": "investment%1:04:00::"
        },
        "start": 27,
        "end": 54
      },
      "V2413648": {
        "id": "V2413648",
        "indicator": "F",
        "type": "ASSOC-WITH",
        "word": "OF",
        "roles": {
          "GROUND": "#V2413781",
          "FIGURE": "#V2413637",
          "LEX": "OF"
        },
        "start": 42,
        "end": 54
      },
      "V2413781": {
        "id": "V2413781",
        "indicator": "THE",
        "type": "QUANTITY-ABSTR",
        "word": null,
        "roles": {
          "FIGURE": "#V2413665"
        },
        "start": 45,
        "end": 54
      },
      "V2413665": {
        "id": "V2413665",
        "indicator": "THE",
        "type": "TIME-OBJECT",
        "word": "TIME",
        "roles": {
          "ASSOC-POSS": "#V2413656",
          "SCALE": "TIME-LOC-SCALE",
          "LEX": "TIME"
        },
        "start": 45,
        "end": 54
      },
      "V2413656": {
        "id": "V2413656",
        "indicator": "PRO",
        "type": "PERSON",
        "word": "OUR",
        "roles": {
          "LEX": "OUR",
          "PROFORM": "OUR",
          "WNSENSE": "person%1:03:00"
        },
        "start": 45,
        "end": 54
      },
      "root": "#V2414351"
    },
    {
      "V2413790": {
        "id": "V2413790",
        "indicator": "SPEECHACT",
        "type": "SA_IDENTIFY",
        "word": null,
        "roles": {
          "CONTENT": "#V2413548",
          "LEX": "THEY"
        },
        "start": 0,
        "end": 5
      },
      "V2413548": {
        "id": "V2413548",
        "indicator": "PRO-SET",
        "type": "REFERENTIAL-SEM",
        "word": "THEY",
        "roles": {
          "PROFORM": "THEY",
          "LEX": "THEY",
          "WNSENSE": "entity%1:03:00"
        },
        "start": 0,
        "end": 5
      },
      "root": "#V2413790"
    },
    {
      "V2415672": {
        "id": "V2415672",
        "indicator": "SPEECHACT",
        "type": "SA_TELL",
        "word": null,
        "roles": {
          "CONTENT": "#V2413556",
          "LEX": "ARE"
        },
        "start": 5,
        "end": 22
      },
      "V2413556": {
        "id": "V2413556",
        "indicator": "F",
        "type": "BE",
        "word": "BE",
        "roles": {
          "NEUTRAL": "#V2415673",
          "NEUTRAL1": "#V2413599",
          "TENSE": "PRES",
          "LEX": "ARE",
          "WNSENSE": "be%2:42:06::"
        },
        "start": 5,
        "end": 22
      },
      "V2415673": {
        "id": "V2415673",
        "indicator": "IMPRO",
        "type": "REFERENTIAL-SEM",
        "word": null,
        "roles": {
          "PROFORM": "SUBJ"
        },
        "start": 5,
        "end": 22
      },
      "V2413599": {
        "id": "V2413599",
        "indicator": "THE",
        "type": "GAS-SUBSTANCE",
        "word": "N",
        "roles": {
          "ASSOC-POSS": "#V2413568",
          "TIME": "#V2413574",
          "LEX": "N",
          "WNSENSE": "n%1:27:00::"
        },
        "start": 9,
        "end": 22
      },
      "V2413568": {
        "id": "V2413568",
        "indicator": "PRO",
        "type": "PERSON",
        "word": "OUR",
        "roles": {
          "LEX": "OUR",
          "PROFORM": "OUR",
          "WNSENSE": "person%1:03:00"
        },
        "start": 9,
        "end": 22
      },
      "V2413574": {
        "id": "V2413574",
        "indicator": "F",
        "type": "IN-FUTURE",
        "word": "FUTURE",
        "roles": {
          "FIGURE": "#V2413599",
          "LEX": "FUTURE",
          "WNSENSE": "future%3:00:00::"
        },
        "start": 13,
        "end": 20
      },
      "root": "#V2415672"
    },
    {
      "V2414441": {
        "id": "V2414441",
        "indicator": "SPEECHACT",
        "type": "SA_TELL",
        "word": null,
        "roles": {
          "PUNCTYPE": "DECL",
          "CONTENT": "#V2413615",
          "LEX": "NEED"
        },
        "start": 22,
        "end": 55
      },
      "V2413615": {
        "id": "V2413615",
        "indicator": "F",
        "type": "WANT",
        "word": "NEED",
        "roles": {
          "EXPERIENCER": "#V2414442",
          "FORMAL": "#V2414431",
          "TENSE": "PRES",
          "LEX": "NEED",
          "WNSENSE": "desire%2:37:00"
        },
        "start": 22,
        "end": 54
      },
      "V2414442": {
        "id": "V2414442",
        "indicator": "IMPRO",
        "type": "REFERENTIAL-SEM",
        "word": null,
        "roles": {
          "PROFORM": "SUBJ"
        },
        "start": 22,
        "end": 54
      },
      "V2414431": {
        "id": "V2414431",
        "indicator": "THE",
        "type": "QUANTITY-ABSTR",
        "word": null,
        "roles": {
          "FIGURE": "#V2413637"
        },
        "start": 27,
        "end": 54
      },
      "V2413637": {
        "id": "V2413637",
        "indicator": "THE",
        "type": "COMMERCIAL-ACTIVITY",
        "word": "INVESTMENT",
        "roles": {
          "MOD": "#V2413648",
          "LEX": "INVESTMENT",
          "WNSENSE": "investment%1:04:00::"
        },
        "start": 27,
        "end": 54
      },
      "V2413648": {
        "id": "V2413648",
        "indicator": "F",
        "type": "ASSOC-WITH",
        "word": "OF",
        "roles": {
          "GROUND": "#V2413668",
          "FIGURE": "#V2413637",
          "LEX": "OF"
        },
        "start": 42,
        "end": 54
      },
      "V2413668": {
        "id": "V2413668",
        "indicator": "THE",
        "type": "TIME-LOC",
        "word": "TIME",
        "roles": {
          "ASSOC-POSS": "#V2413656",
          "LEX": "TIME",
          "WNSENSE": "date%1:28:03"
        },
        "start": 45,
        "end": 54
      },
      "V2413656": {
        "id": "V2413656",
        "indicator": "PRO",
        "type": "PERSON",
        "word": "OUR",
        "roles": {
          "LEX": "OUR",
          "PROFORM": "OUR",
          "WNSENSE": "person%1:03:00"
        },
        "start": 45,
        "end": 54
      },
      "root": "#V2414441"
    },
    {
      "V2413790": {
        "id": "V2413790",
        "indicator": "SPEECHACT",
        "type": "SA_IDENTIFY",
        "word": null,
        "roles": {
          "CONTENT": "#V2413548",
          "LEX": "THEY"
        },
        "start": 0,
        "end": 5
      },
      "V2413548": {
        "id": "V2413548",
        "indicator": "PRO-SET",
        "type": "REFERENTIAL-SEM",
        "word": "THEY",
        "roles": {
          "PROFORM": "THEY",
          "LEX": "THEY",
          "WNSENSE": "entity%1:03:00"
        },
        "start": 0,
        "end": 5
      },
      "root": "#V2413790"
    },
    {
      "V2415672": {
        "id": "V2415672",
        "indicator": "SPEECHACT",
        "type": "SA_TELL",
        "word": null,
        "roles": {
          "CONTENT": "#V2413556",
          "LEX": "ARE"
        },
        "start": 5,
        "end": 22
      },
      "V2413556": {
        "id": "V2413556",
        "indicator": "F",
        "type": "BE",
        "word": "BE",
        "roles": {
          "NEUTRAL": "#V2415673",
          "NEUTRAL1": "#V2413599",
          "TENSE": "PRES",
          "LEX": "ARE",
          "WNSENSE": "be%2:42:06::"
        },
        "start": 5,
        "end": 22
      },
      "V2415673": {
        "id": "V2415673",
        "indicator": "IMPRO",
        "type": "REFERENTIAL-SEM",
        "word": null,
        "roles": {
          "PROFORM": "SUBJ"
        },
        "start": 5,
        "end": 22
      },
      "V2413599": {
        "id": "V2413599",
        "indicator": "THE",
        "type": "GAS-SUBSTANCE",
        "word": "N",
        "roles": {
          "ASSOC-POSS": "#V2413568",
          "TIME": "#V2413574",
          "LEX": "N",
          "WNSENSE": "n%1:27:00::"
        },
        "start": 9,
        "end": 22
      },
      "V2413568": {
        "id": "V2413568",
        "indicator": "PRO",
        "type": "PERSON",
        "word": "OUR",
        "roles": {
          "LEX": "OUR",
          "PROFORM": "OUR",
          "WNSENSE": "person%1:03:00"
        },
        "start": 9,
        "end": 22
      },
      "V2413574": {
        "id": "V2413574",
        "indicator": "F",
        "type": "IN-FUTURE",
        "word": "FUTURE",
        "roles": {
          "FIGURE": "#V2413599",
          "LEX": "FUTURE",
          "WNSENSE": "future%3:00:00::"
        },
        "start": 13,
        "end": 20
      },
      "root": "#V2415672"
    },
    {
      "V2414411": {
        "id": "V2414411",
        "indicator": "SPEECHACT",
        "type": "SA_TELL",
        "word": null,
        "roles": {
          "PUNCTYPE": "DECL",
          "CONTENT": "#V2413615",
          "LEX": "NEED"
        },
        "start": 22,
        "end": 55
      },
      "V2413615": {
        "id": "V2413615",
        "indicator": "F",
        "type": "WANT",
        "word": "NEED",
        "roles": {
          "EXPERIENCER": "#V2414412",
          "FORMAL": "#V2414401",
          "TENSE": "PRES",
          "LEX": "NEED",
          "WNSENSE": "desire%2:37:00"
        },
        "start": 22,
        "end": 54
      },
      "V2414412": {
        "id": "V2414412",
        "indicator": "IMPRO",
        "type": "REFERENTIAL-SEM",
        "word": null,
        "roles": {
          "PROFORM": "SUBJ"
        },
        "start": 22,
        "end": 54
      },
      "V2414401": {
        "id": "V2414401",
        "indicator": "THE",
        "type": "QUANTITY-ABSTR",
        "word": null,
        "roles": {
          "FIGURE": "#V2413637"
        },
        "start": 27,
        "end": 54
      },
      "V2413637": {
        "id": "V2413637",
        "indicator": "THE",
        "type": "COMMERCIAL-ACTIVITY",
        "word": "INVESTMENT",
        "roles": {
          "MOD": "#V2413648",
          "LEX": "INVESTMENT",
          "WNSENSE": "investment%1:04:00::"
        },
        "start": 27,
        "end": 54
      },
      "V2413648": {
        "id": "V2413648",
        "indicator": "F",
        "type": "ASSOC-WITH",
        "word": "OF",
        "roles": {
          "GROUND": "#V2413667",
          "FIGURE": "#V2413637",
          "LEX": "OF"
        },
        "start": 42,
        "end": 54
      },
      "V2413667": {
        "id": "V2413667",
        "indicator": "THE",
        "type": "DURATION-SCALE",
        "word": "TIME",
        "roles": {
          "ASSOC-POSS": "#V2413656",
          "LEX": "TIME",
          "WNSENSE": "time%1:03:00::"
        },
        "start": 45,
        "end": 54
      },
      "V2413656": {
        "id": "V2413656",
        "indicator": "PRO",
        "type": "PERSON",
        "word": "OUR",
        "roles": {
          "LEX": "OUR",
          "PROFORM": "OUR",
          "WNSENSE": "person%1:03:00"
        },
        "start": 45,
        "end": 54
      },
      "root": "#V2414411"
    },
    {
      "V2413790": {
        "id": "V2413790",
        "indicator": "SPEECHACT",
        "type": "SA_IDENTIFY",
        "word": null,
        "roles": {
          "CONTENT": "#V2413548",
          "LEX": "THEY"
        },
        "start": 0,
        "end": 5
      },
      "V2413548": {
        "id": "V2413548",
        "indicator": "PRO-SET",
        "type": "REFERENTIAL-SEM",
        "word": "THEY",
        "roles": {
          "PROFORM": "THEY",
          "LEX": "THEY",
          "WNSENSE": "entity%1:03:00"
        },
        "start": 0,
        "end": 5
      },
      "root": "#V2413790"
    },
    {
      "V2415770": {
        "id": "V2415770",
        "indicator": "SPEECHACT",
        "type": "SA_TELL",
        "word": null,
        "roles": {
          "CONTENT": "#V2413556",
          "LEX": "ARE"
        },
        "start": 5,
        "end": 22
      },
      "V2413556": {
        "id": "V2413556",
        "indicator": "F",
        "type": "BE",
        "word": "BE",
        "roles": {
          "NEUTRAL": "#V2415771",
          "NEUTRAL1": "#V2413599",
          "TENSE": "PRES",
          "LEX": "ARE",
          "WNSENSE": "be%2:42:06::"
        },
        "start": 5,
        "end": 22
      },
      "V2415771": {
        "id": "V2415771",
        "indicator": "IMPRO",
        "type": "REFERENTIAL-SEM",
        "word": null,
        "roles": {
          "PROFORM": "SUBJ"
        },
        "start": 5,
        "end": 22
      },
      "V2413599": {
        "id": "V2413599",
        "indicator": "THE",
        "type": "GAS-SUBSTANCE",
        "word": "N",
        "roles": {
          "ASSOC-POSS": "#V2413568",
          "MOD": "#V2413579",
          "LEX": "N",
          "WNSENSE": "n%1:27:00::"
        },
        "start": 9,
        "end": 22
      },
      "V2413568": {
        "id": "V2413568",
        "indicator": "PRO",
        "type": "PERSON",
        "word": "OUR",
        "roles": {
          "LEX": "OUR",
          "PROFORM": "OUR",
          "WNSENSE": "person%1:03:00"
        },
        "start": 9,
        "end": 22
      },
      "V2413579": {
        "id": "V2413579",
        "indicator": "F",
        "type": "LIKELY-VAL",
        "word": "FUTURE",
        "roles": {
          "FIGURE": "#V2413599",
          "SCALE": "LIKELY-SCALE",
          "LEX": "FUTURE",
          "WNSENSE": "future%5:00:00:prospective:00"
        },
        "start": 13,
        "end": 20
      },
      "root": "#V2415770"
    },
    {
      "V2414249": {
        "id": "V2414249",
        "indicator": "SPEECHACT",
        "type": "SA_TELL",
        "word": null,
        "roles": {
          "PUNCTYPE": "DECL",
          "CONTENT": "#V2413615",
          "LEX": "NEED"
        },
        "start": 22,
        "end": 55
      },
      "V2413615": {
        "id": "V2413615",
        "indicator": "F",
        "type": "WANT",
        "word": "NEED",
        "roles": {
          "EXPERIENCER": "#V2414250",
          "FORMAL": "#V2414239",
          "TENSE": "PRES",
          "LEX": "NEED",
          "WNSENSE": "desire%2:37:00"
        },
        "start": 22,
        "end": 54
      },
      "V2414250": {
        "id": "V2414250",
        "indicator": "IMPRO",
        "type": "REFERENTIAL-SEM",
        "word": null,
        "roles": {
          "PROFORM": "SUBJ"
        },
        "start": 22,
        "end": 54
      },
      "V2414239": {
        "id": "V2414239",
        "indicator": "THE",
        "type": "QUANTITY-ABSTR",
        "word": null,
        "roles": {
          "FIGURE": "#V2413637"
        },
        "start": 27,
        "end": 54
      },
      "V2413637": {
        "id": "V2413637",
        "indicator": "THE",
        "type": "COMMERCIAL-ACTIVITY",
        "word": "INVESTMENT",
        "roles": {
          "MOD": "#V2413648",
          "LEX": "INVESTMENT",
          "WNSENSE": "investment%1:04:00::"
        },
        "start": 27,
        "end": 54
      },
      "V2413648": {
        "id": "V2413648",
        "indicator": "F",
        "type": "ASSOC-WITH",
        "word": "OF",
        "roles": {
          "GROUND": "#V2413665",
          "FIGURE": "#V2413637",
          "LEX": "OF"
        },
        "start": 42,
        "end": 54
      },
      "V2413665": {
        "id": "V2413665",
        "indicator": "THE",
        "type": "TIME-OBJECT",
        "word": "TIME",
        "roles": {
          "ASSOC-POSS": "#V2413656",
          "SCALE": "TIME-LOC-SCALE",
          "LEX": "TIME"
        },
        "start": 45,
        "end": 54
      },
      "V2413656": {
        "id": "V2413656",
        "indicator": "PRO",
        "type": "PERSON",
        "word": "OUR",
        "roles": {
          "LEX": "OUR",
          "PROFORM": "OUR",
          "WNSENSE": "person%1:03:00"
        },
        "start": 45,
        "end": 54
      },
      "root": "#V2414249"
    },
    {
      "V2413790": {
        "id": "V2413790",
        "indicator": "SPEECHACT",
        "type": "SA_IDENTIFY",
        "word": null,
        "roles": {
          "CONTENT": "#V2413548",
          "LEX": "THEY"
        },
        "start": 0,
        "end": 5
      },
      "V2413548": {
        "id": "V2413548",
        "indicator": "PRO-SET",
        "type": "REFERENTIAL-SEM",
        "word": "THEY",
        "roles": {
          "PROFORM": "THEY",
          "LEX": "THEY",
          "WNSENSE": "entity%1:03:00"
        },
        "start": 0,
        "end": 5
      },
      "root": "#V2413790"
    },
    {
      "V2415767": {
        "id": "V2415767",
        "indicator": "SPEECHACT",
        "type": "SA_TELL",
        "word": null,
        "roles": {
          "CONTENT": "#V2413556",
          "LEX": "ARE"
        },
        "start": 5,
        "end": 22
      },
      "V2413556": {
        "id": "V2413556",
        "indicator": "F",
        "type": "BE",
        "word": "BE",
        "roles": {
          "NEUTRAL": "#V2415768",
          "NEUTRAL1": "#V2413599",
          "TENSE": "PRES",
          "LEX": "ARE",
          "WNSENSE": "be%2:42:06::"
        },
        "start": 5,
        "end": 22
      },
      "V2415768": {
        "id": "V2415768",
        "indicator": "IMPRO",
        "type": "REFERENTIAL-SEM",
        "word": null,
        "roles": {
          "PROFORM": "SUBJ"
        },
        "start": 5,
        "end": 22
      },
      "V2413599": {
        "id": "V2413599",
        "indicator": "THE",
        "type": "GAS-SUBSTANCE",
        "word": "N",
        "roles": {
          "ASSOC-POSS": "#V2413568",
          "MOD": "#V2413577",
          "LEX": "N",
          "WNSENSE": "n%1:27:00::"
        },
        "start": 9,
        "end": 22
      },
      "V2413568": {
        "id": "V2413568",
        "indicator": "PRO",
        "type": "PERSON",
        "word": "OUR",
        "roles": {
          "LEX": "OUR",
          "PROFORM": "OUR",
          "WNSENSE": "person%1:03:00"
        },
        "start": 9,
        "end": 22
      },
      "V2413577": {
        "id": "V2413577",
        "indicator": "F",
        "type": "LIKELY-VAL",
        "word": "FUTURE",
        "roles": {
          "FIGURE": "#V2413599",
          "SCALE": "LIKELY-SCALE",
          "LEX": "FUTURE",
          "WNSENSE": "future%5:00:00:prospective:00"
        },
        "start": 13,
        "end": 20
      },
      "root": "#V2415767"
    },
    {
      "V2414249": {
        "id": "V2414249",
        "indicator": "SPEECHACT",
        "type": "SA_TELL",
        "word": null,
        "roles": {
          "PUNCTYPE": "DECL",
          "CONTENT": "#V2413615",
          "LEX": "NEED"
        },
        "start": 22,
        "end": 55
      },
      "V2413615": {
        "id": "V2413615",
        "indicator": "F",
        "type": "WANT",
        "word": "NEED",
        "roles": {
          "EXPERIENCER": "#V2414250",
          "FORMAL": "#V2414239",
          "TENSE": "PRES",
          "LEX": "NEED",
          "WNSENSE": "desire%2:37:00"
        },
        "start": 22,
        "end": 54
      },
      "V2414250": {
        "id": "V2414250",
        "indicator": "IMPRO",
        "type": "REFERENTIAL-SEM",
        "word": null,
        "roles": {
          "PROFORM": "SUBJ"
        },
        "start": 22,
        "end": 54
      },
      "V2414239": {
        "id": "V2414239",
        "indicator": "THE",
        "type": "QUANTITY-ABSTR",
        "word": null,
        "roles": {
          "FIGURE": "#V2413637"
        },
        "start": 27,
        "end": 54
      },
      "V2413637": {
        "id": "V2413637",
        "indicator": "THE",
        "type": "COMMERCIAL-ACTIVITY",
        "word": "INVESTMENT",
        "roles": {
          "MOD": "#V2413648",
          "LEX": "INVESTMENT",
          "WNSENSE": "investment%1:04:00::"
        },
        "start": 27,
        "end": 54
      },
      "V2413648": {
        "id": "V2413648",
        "indicator": "F",
        "type": "ASSOC-WITH",
        "word": "OF",
        "roles": {
          "GROUND": "#V2413665",
          "FIGURE": "#V2413637",
          "LEX": "OF"
        },
        "start": 42,
        "end": 54
      },
      "V2413665": {
        "id": "V2413665",
        "indicator": "THE",
        "type": "TIME-OBJECT",
        "word": "TIME",
        "roles": {
          "ASSOC-POSS": "#V2413656",
          "SCALE": "TIME-LOC-SCALE",
          "LEX": "TIME"
        },
        "start": 45,
        "end": 54
      },
      "V2413656": {
        "id": "V2413656",
        "indicator": "PRO",
        "type": "PERSON",
        "word": "OUR",
        "roles": {
          "LEX": "OUR",
          "PROFORM": "OUR",
          "WNSENSE": "person%1:03:00"
        },
        "start": 45,
        "end": 54
      },
      "root": "#V2414249"
    },
    {
      "V2413790": {
        "id": "V2413790",
        "indicator": "SPEECHACT",
        "type": "SA_IDENTIFY",
        "word": null,
        "roles": {
          "CONTENT": "#V2413548",
          "LEX": "THEY"
        },
        "start": 0,
        "end": 5
      },
      "V2413548": {
        "id": "V2413548",
        "indicator": "PRO-SET",
        "type": "REFERENTIAL-SEM",
        "word": "THEY",
        "roles": {
          "PROFORM": "THEY",
          "LEX": "THEY",
          "WNSENSE": "entity%1:03:00"
        },
        "start": 0,
        "end": 5
      },
      "root": "#V2413790"
    },
    {
      "V2415764": {
        "id": "V2415764",
        "indicator": "SPEECHACT",
        "type": "SA_TELL",
        "word": null,
        "roles": {
          "CONTENT": "#V2413556",
          "LEX": "ARE"
        },
        "start": 5,
        "end": 22
      },
      "V2413556": {
        "id": "V2413556",
        "indicator": "F",
        "type": "BE",
        "word": "BE",
        "roles": {
          "NEUTRAL": "#V2415765",
          "NEUTRAL1": "#V2413601",
          "TENSE": "PRES",
          "LEX": "ARE",
          "WNSENSE": "be%2:42:06::"
        },
        "start": 5,
        "end": 22
      },
      "V2415765": {
        "id": "V2415765",
        "indicator": "IMPRO",
        "type": "REFERENTIAL-SEM",
        "word": null,
        "roles": {
          "PROFORM": "SUBJ"
        },
        "start": 5,
        "end": 22
      },
      "V2413601": {
        "id": "V2413601",
        "indicator": "THE",
        "type": "CARDINAL-POINT",
        "word": "N",
        "roles": {
          "ASSOC-POSS": "#V2413568",
          "TIME": "#V2413574",
          "LEX": "N",
          "WNSENSE": "n%1:24:00::"
        },
        "start": 9,
        "end": 22
      },
      "V2413568": {
        "id": "V2413568",
        "indicator": "PRO",
        "type": "PERSON",
        "word": "OUR",
        "roles": {
          "LEX": "OUR",
          "PROFORM": "OUR",
          "WNSENSE": "person%1:03:00"
        },
        "start": 9,
        "end": 22
      },
      "V2413574": {
        "id": "V2413574",
        "indicator": "F",
        "type": "IN-FUTURE",
        "word": "FUTURE",
        "roles": {
          "FIGURE": "#V2413601",
          "LEX": "FUTURE",
          "WNSENSE": "future%3:00:00::"
        },
        "start": 13,
        "end": 20
      },
      "root": "#V2415764"
    },
    {
      "V2414249": {
        "id": "V2414249",
        "indicator": "SPEECHACT",
        "type": "SA_TELL",
        "word": null,
        "roles": {
          "PUNCTYPE": "DECL",
          "CONTENT": "#V2413615",
          "LEX": "NEED"
        },
        "start": 22,
        "end": 55
      },
      "V2413615": {
        "id": "V2413615",
        "indicator": "F",
        "type": "WANT",
        "word": "NEED",
        "roles": {
          "EXPERIENCER": "#V2414250",
          "FORMAL": "#V2414239",
          "TENSE": "PRES",
          "LEX": "NEED",
          "WNSENSE": "desire%2:37:00"
        },
        "start": 22,
        "end": 54
      },
      "V2414250": {
        "id": "V2414250",
        "indicator": "IMPRO",
        "type": "REFERENTIAL-SEM",
        "word": null,
        "roles": {
          "PROFORM": "SUBJ"
        },
        "start": 22,
        "end": 54
      },
      "V2414239": {
        "id": "V2414239",
        "indicator": "THE",
        "type": "QUANTITY-ABSTR",
        "word": null,
        "roles": {
          "FIGURE": "#V2413637"
        },
        "start": 27,
        "end": 54
      },
      "V2413637": {
        "id": "V2413637",
        "indicator": "THE",
        "type": "COMMERCIAL-ACTIVITY",
        "word": "INVESTMENT",
        "roles": {
          "MOD": "#V2413648",
          "LEX": "INVESTMENT",
          "WNSENSE": "investment%1:04:00::"
        },
        "start": 27,
        "end": 54
      },
      "V2413648": {
        "id": "V2413648",
        "indicator": "F",
        "type": "ASSOC-WITH",
        "word": "OF",
        "roles": {
          "GROUND": "#V2413665",
          "FIGURE": "#V2413637",
          "LEX": "OF"
        },
        "start": 42,
        "end": 54
      },
      "V2413665": {
        "id": "V2413665",
        "indicator": "THE",
        "type": "TIME-OBJECT",
        "word": "TIME",
        "roles": {
          "ASSOC-POSS": "#V2413656",
          "SCALE": "TIME-LOC-SCALE",
          "LEX": "TIME"
        },
        "start": 45,
        "end": 54
      },
      "V2413656": {
        "id": "V2413656",
        "indicator": "PRO",
        "type": "PERSON",
        "word": "OUR",
        "roles": {
          "LEX": "OUR",
          "PROFORM": "OUR",
          "WNSENSE": "person%1:03:00"
        },
        "start": 45,
        "end": 54
      },
      "root": "#V2414249"
    },
    {
      "V2413790": {
        "id": "V2413790",
        "indicator": "SPEECHACT",
        "type": "SA_IDENTIFY",
        "word": null,
        "roles": {
          "CONTENT": "#V2413548",
          "LEX": "THEY"
        },
        "start": 0,
        "end": 5
      },
      "V2413548": {
        "id": "V2413548",
        "indicator": "PRO-SET",
        "type": "REFERENTIAL-SEM",
        "word": "THEY",
        "roles": {
          "PROFORM": "THEY",
          "LEX": "THEY",
          "WNSENSE": "entity%1:03:00"
        },
        "start": 0,
        "end": 5
      },
      "root": "#V2413790"
    },
    {
      "V2415672": {
        "id": "V2415672",
        "indicator": "SPEECHACT",
        "type": "SA_TELL",
        "word": null,
        "roles": {
          "CONTENT": "#V2413556",
          "LEX": "ARE"
        },
        "start": 5,
        "end": 22
      },
      "V2413556": {
        "id": "V2413556",
        "indicator": "F",
        "type": "BE",
        "word": "BE",
        "roles": {
          "NEUTRAL": "#V2415673",
          "NEUTRAL1": "#V2413599",
          "TENSE": "PRES",
          "LEX": "ARE",
          "WNSENSE": "be%2:42:06::"
        },
        "start": 5,
        "end": 22
      },
      "V2415673": {
        "id": "V2415673",
        "indicator": "IMPRO",
        "type": "REFERENTIAL-SEM",
        "word": null,
        "roles": {
          "PROFORM": "SUBJ"
        },
        "start": 5,
        "end": 22
      },
      "V2413599": {
        "id": "V2413599",
        "indicator": "THE",
        "type": "GAS-SUBSTANCE",
        "word": "N",
        "roles": {
          "ASSOC-POSS": "#V2413568",
          "TIME": "#V2413574",
          "LEX": "N",
          "WNSENSE": "n%1:27:00::"
        },
        "start": 9,
        "end": 22
      },
      "V2413568": {
        "id": "V2413568",
        "indicator": "PRO",
        "type": "PERSON",
        "word": "OUR",
        "roles": {
          "LEX": "OUR",
          "PROFORM": "OUR",
          "WNSENSE": "person%1:03:00"
        },
        "start": 9,
        "end": 22
      },
      "V2413574": {
        "id": "V2413574",
        "indicator": "F",
        "type": "IN-FUTURE",
        "word": "FUTURE",
        "roles": {
          "FIGURE": "#V2413599",
          "LEX": "FUTURE",
          "WNSENSE": "future%3:00:00::"
        },
        "start": 13,
        "end": 20
      },
      "root": "#V2415672"
    },
    {
      "V2414526": {
        "id": "V2414526",
        "indicator": "SPEECHACT",
        "type": "SA_TELL",
        "word": null,
        "roles": {
          "PUNCTYPE": "DECL",
          "CONTENT": "#V2413615",
          "LEX": "NEED"
        },
        "start": 22,
        "end": 55
      },
      "V2413615": {
        "id": "V2413615",
        "indicator": "F",
        "type": "WANT",
        "word": "NEED",
        "roles": {
          "EXPERIENCER": "#V2414527",
          "FORMAL": "#V2414516",
          "TENSE": "PRES",
          "LEX": "NEED",
          "WNSENSE": "desire%2:37:00"
        },
        "start": 22,
        "end": 54
      },
      "V2414527": {
        "id": "V2414527",
        "indicator": "IMPRO",
        "type": "REFERENTIAL-SEM",
        "word": null,
        "roles": {
          "PROFORM": "SUBJ"
        },
        "start": 22,
        "end": 54
      },
      "V2414516": {
        "id": "V2414516",
        "indicator": "THE",
        "type": "QUANTITY-ABSTR",
        "word": null,
        "roles": {
          "FIGURE": "#V2413640"
        },
        "start": 27,
        "end": 54
      },
      "V2413640": {
        "id": "V2413640",
        "indicator": "THE",
        "type": "ASSETS",
        "word": "INVESTMENT",
        "roles": {
          "MOD": "#V2413648",
          "LEX": "INVESTMENT",
          "WNSENSE": "investment%1:21:00::"
        },
        "start": 27,
        "end": 54
      },
      "V2413648": {
        "id": "V2413648",
        "indicator": "F",
        "type": "ASSOC-WITH",
        "word": "OF",
        "roles": {
          "GROUND": "#V2413781",
          "FIGURE": "#V2413640",
          "LEX": "OF"
        },
        "start": 42,
        "end": 54
      },
      "V2413781": {
        "id": "V2413781",
        "indicator": "THE",
        "type": "QUANTITY-ABSTR",
        "word": null,
        "roles": {
          "FIGURE": "#V2413665"
        },
        "start": 45,
        "end": 54
      },
      "V2413665": {
        "id": "V2413665",
        "indicator": "THE",
        "type": "TIME-OBJECT",
        "word": "TIME",
        "roles": {
          "ASSOC-POSS": "#V2413656",
          "SCALE": "TIME-LOC-SCALE",
          "LEX": "TIME"
        },
        "start": 45,
        "end": 54
      },
      "V2413656": {
        "id": "V2413656",
        "indicator": "PRO",
        "type": "PERSON",
        "word": "OUR",
        "roles": {
          "LEX": "OUR",
          "PROFORM": "OUR",
          "WNSENSE": "person%1:03:00"
        },
        "start": 45,
        "end": 54
      },
      "root": "#V2414526"
    },
    {
      "V2413790": {
        "id": "V2413790",
        "indicator": "SPEECHACT",
        "type": "SA_IDENTIFY",
        "word": null,
        "roles": {
          "CONTENT": "#V2413548",
          "LEX": "THEY"
        },
        "start": 0,
        "end": 5
      },
      "V2413548": {
        "id": "V2413548",
        "indicator": "PRO-SET",
        "type": "REFERENTIAL-SEM",
        "word": "THEY",
        "roles": {
          "PROFORM": "THEY",
          "LEX": "THEY",
          "WNSENSE": "entity%1:03:00"
        },
        "start": 0,
        "end": 5
      },
      "root": "#V2413790"
    },
    {
      "V2415672": {
        "id": "V2415672",
        "indicator": "SPEECHACT",
        "type": "SA_TELL",
        "word": null,
        "roles": {
          "CONTENT": "#V2413556",
          "LEX": "ARE"
        },
        "start": 5,
        "end": 22
      },
      "V2413556": {
        "id": "V2413556",
        "indicator": "F",
        "type": "BE",
        "word": "BE",
        "roles": {
          "NEUTRAL": "#V2415673",
          "NEUTRAL1": "#V2413599",
          "TENSE": "PRES",
          "LEX": "ARE",
          "WNSENSE": "be%2:42:06::"
        },
        "start": 5,
        "end": 22
      },
      "V2415673": {
        "id": "V2415673",
        "indicator": "IMPRO",
        "type": "REFERENTIAL-SEM",
        "word": null,
        "roles": {
          "PROFORM": "SUBJ"
        },
        "start": 5,
        "end": 22
      },
      "V2413599": {
        "id": "V2413599",
        "indicator": "THE",
        "type": "GAS-SUBSTANCE",
        "word": "N",
        "roles": {
          "ASSOC-POSS": "#V2413568",
          "TIME": "#V2413574",
          "LEX": "N",
          "WNSENSE": "n%1:27:00::"
        },
        "start": 9,
        "end": 22
      },
      "V2413568": {
        "id": "V2413568",
        "indicator": "PRO",
        "type": "PERSON",
        "word": "OUR",
        "roles": {
          "LEX": "OUR",
          "PROFORM": "OUR",
          "WNSENSE": "person%1:03:00"
        },
        "start": 9,
        "end": 22
      },
      "V2413574": {
        "id": "V2413574",
        "indicator": "F",
        "type": "IN-FUTURE",
        "word": "FUTURE",
        "roles": {
          "FIGURE": "#V2413599",
          "LEX": "FUTURE",
          "WNSENSE": "future%3:00:00::"
        },
        "start": 13,
        "end": 20
      },
      "root": "#V2415672"
    },
    {
      "V2414495": {
        "id": "V2414495",
        "indicator": "SPEECHACT",
        "type": "SA_TELL",
        "word": null,
        "roles": {
          "PUNCTYPE": "DECL",
          "CONTENT": "#V2413615",
          "LEX": "NEED"
        },
        "start": 22,
        "end": 55
      },
      "V2413615": {
        "id": "V2413615",
        "indicator": "F",
        "type": "WANT",
        "word": "NEED",
        "roles": {
          "EXPERIENCER": "#V2414496",
          "FORMAL": "#V2414485",
          "TENSE": "PRES",
          "LEX": "NEED",
          "WNSENSE": "desire%2:37:00"
        },
        "start": 22,
        "end": 54
      },
      "V2414496": {
        "id": "V2414496",
        "indicator": "IMPRO",
        "type": "REFERENTIAL-SEM",
        "word": null,
        "roles": {
          "PROFORM": "SUBJ"
        },
        "start": 22,
        "end": 54
      },
      "V2414485": {
        "id": "V2414485",
        "indicator": "THE",
        "type": "QUANTITY-ABSTR",
        "word": null,
        "roles": {
          "FIGURE": "#V2413642"
        },
        "start": 27,
        "end": 54
      },
      "V2413642": {
        "id": "V2413642",
        "indicator": "THE",
        "type": "ASSETS",
        "word": "INVESTMENT",
        "roles": {
          "MOD": "#V2413648",
          "LEX": "INVESTMENT",
          "WNSENSE": "investment%1:21:00::"
        },
        "start": 27,
        "end": 54
      },
      "V2413648": {
        "id": "V2413648",
        "indicator": "F",
        "type": "ASSOC-WITH",
        "word": "OF",
        "roles": {
          "GROUND": "#V2413781",
          "FIGURE": "#V2413642",
          "LEX": "OF"
        },
        "start": 42,
        "end": 54
      },
      "V2413781": {
        "id": "V2413781",
        "indicator": "THE",
        "type": "QUANTITY-ABSTR",
        "word": null,
        "roles": {
          "FIGURE": "#V2413665"
        },
        "start": 45,
        "end": 54
      },
      "V2413665": {
        "id": "V2413665",
        "indicator": "THE",
        "type": "TIME-OBJECT",
        "word": "TIME",
        "roles": {
          "ASSOC-POSS": "#V2413656",
          "SCALE": "TIME-LOC-SCALE",
          "LEX": "TIME"
        },
        "start": 45,
        "end": 54
      },
      "V2413656": {
        "id": "V2413656",
        "indicator": "PRO",
        "type": "PERSON",
        "word": "OUR",
        "roles": {
          "LEX": "OUR",
          "PROFORM": "OUR",
          "WNSENSE": "person%1:03:00"
        },
        "start": 45,
        "end": 54
      },
      "root": "#V2414495"
    },
    {
      "V2413790": {
        "id": "V2413790",
        "indicator": "SPEECHACT",
        "type": "SA_IDENTIFY",
        "word": null,
        "roles": {
          "CONTENT": "#V2413548",
          "LEX": "THEY"
        },
        "start": 0,
        "end": 5
      },
      "V2413548": {
        "id": "V2413548",
        "indicator": "PRO-SET",
        "type": "REFERENTIAL-SEM",
        "word": "THEY",
        "roles": {
          "PROFORM": "THEY",
          "LEX": "THEY",
          "WNSENSE": "entity%1:03:00"
        },
        "start": 0,
        "end": 5
      },
      "root": "#V2413790"
    },
    {
      "V2415672": {
        "id": "V2415672",
        "indicator": "SPEECHACT",
        "type": "SA_TELL",
        "word": null,
        "roles": {
          "CONTENT": "#V2413556",
          "LEX": "ARE"
        },
        "start": 5,
        "end": 22
      },
      "V2413556": {
        "id": "V2413556",
        "indicator": "F",
        "type": "BE",
        "word": "BE",
        "roles": {
          "NEUTRAL": "#V2415673",
          "NEUTRAL1": "#V2413599",
          "TENSE": "PRES",
          "LEX": "ARE",
          "WNSENSE": "be%2:42:06::"
        },
        "start": 5,
        "end": 22
      },
      "V2415673": {
        "id": "V2415673",
        "indicator": "IMPRO",
        "type": "REFERENTIAL-SEM",
        "word": null,
        "roles": {
          "PROFORM": "SUBJ"
        },
        "start": 5,
        "end": 22
      },
      "V2413599": {
        "id": "V2413599",
        "indicator": "THE",
        "type": "GAS-SUBSTANCE",
        "word": "N",
        "roles": {
          "ASSOC-POSS": "#V2413568",
          "TIME": "#V2413574",
          "LEX": "N",
          "WNSENSE": "n%1:27:00::"
        },
        "start": 9,
        "end": 22
      },
      "V2413568": {
        "id": "V2413568",
        "indicator": "PRO",
        "type": "PERSON",
        "word": "OUR",
        "roles": {
          "LEX": "OUR",
          "PROFORM": "OUR",
          "WNSENSE": "person%1:03:00"
        },
        "start": 9,
        "end": 22
      },
      "V2413574": {
        "id": "V2413574",
        "indicator": "F",
        "type": "IN-FUTURE",
        "word": "FUTURE",
        "roles": {
          "FIGURE": "#V2413599",
          "LEX": "FUTURE",
          "WNSENSE": "future%3:00:00::"
        },
        "start": 13,
        "end": 20
      },
      "root": "#V2415672"
    },
    {
      "V2414597": {
        "id": "V2414597",
        "indicator": "SPEECHACT",
        "type": "SA_TELL",
        "word": null,
        "roles": {
          "PUNCTYPE": "DECL",
          "CONTENT": "#V2413615",
          "LEX": "NEED"
        },
        "start": 22,
        "end": 55
      },
      "V2413615": {
        "id": "V2413615",
        "indicator": "F",
        "type": "WANT",
        "word": "NEED",
        "roles": {
          "EXPERIENCER": "#V2414598",
          "FORMAL": "#V2414587",
          "TENSE": "PRES",
          "LEX": "NEED",
          "WNSENSE": "desire%2:37:00"
        },
        "start": 22,
        "end": 54
      },
      "V2414598": {
        "id": "V2414598",
        "indicator": "IMPRO",
        "type": "REFERENTIAL-SEM",
        "word": null,
        "roles": {
          "PROFORM": "SUBJ"
        },
        "start": 22,
        "end": 54
      },
      "V2414587": {
        "id": "V2414587",
        "indicator": "THE",
        "type": "QUANTITY-ABSTR",
        "word": null,
        "roles": {
          "FIGURE": "#V2413637"
        },
        "start": 27,
        "end": 54
      },
      "V2413637": {
        "id": "V2413637",
        "indicator": "THE",
        "type": "COMMERCIAL-ACTIVITY",
        "word": "INVESTMENT",
        "roles": {
          "MOD": "#V2413648",
          "LEX": "INVESTMENT",
          "WNSENSE": "investment%1:04:00::"
        },
        "start": 27,
        "end": 54
      },
      "V2413648": {
        "id": "V2413648",
        "indicator": "F",
        "type": "ASSOC-WITH",
        "word": "OF",
        "roles": {
          "GROUND": "#V2413801",
          "FIGURE": "#V2413637",
          "LEX": "OF"
        },
        "start": 42,
        "end": 54
      },
      "V2413801": {
        "id": "V2413801",
        "indicator": "THE",
        "type": "QUANTITY-ABSTR",
        "word": null,
        "roles": {
          "FIGURE": "#V2413668"
        },
        "start": 45,
        "end": 54
      },
      "V2413668": {
        "id": "V2413668",
        "indicator": "THE",
        "type": "TIME-LOC",
        "word": "TIME",
        "roles": {
          "ASSOC-POSS": "#V2413656",
          "LEX": "TIME",
          "WNSENSE": "date%1:28:03"
        },
        "start": 45,
        "end": 54
      },
      "V2413656": {
        "id": "V2413656",
        "indicator": "PRO",
        "type": "PERSON",
        "word": "OUR",
        "roles": {
          "LEX": "OUR",
          "PROFORM": "OUR",
          "WNSENSE": "person%1:03:00"
        },
        "start": 45,
        "end": 54
      },
      "root": "#V2414597"
    },
    {
      "V2413790": {
        "id": "V2413790",
        "indicator": "SPEECHACT",
        "type": "SA_IDENTIFY",
        "word": null,
        "roles": {
          "CONTENT": "#V2413548",
          "LEX": "THEY"
        },
        "start": 0,
        "end": 5
      },
      "V2413548": {
        "id": "V2413548",
        "indicator": "PRO-SET",
        "type": "REFERENTIAL-SEM",
        "word": "THEY",
        "roles": {
          "PROFORM": "THEY",
          "LEX": "THEY",
          "WNSENSE": "entity%1:03:00"
        },
        "start": 0,
        "end": 5
      },
      "root": "#V2413790"
    },
    {
      "V2415672": {
        "id": "V2415672",
        "indicator": "SPEECHACT",
        "type": "SA_TELL",
        "word": null,
        "roles": {
          "CONTENT": "#V2413556",
          "LEX": "ARE"
        },
        "start": 5,
        "end": 22
      },
      "V2413556": {
        "id": "V2413556",
        "indicator": "F",
        "type": "BE",
        "word": "BE",
        "roles": {
          "NEUTRAL": "#V2415673",
          "NEUTRAL1": "#V2413599",
          "TENSE": "PRES",
          "LEX": "ARE",
          "WNSENSE": "be%2:42:06::"
        },
        "start": 5,
        "end": 22
      },
      "V2415673": {
        "id": "V2415673",
        "indicator": "IMPRO",
        "type": "REFERENTIAL-SEM",
        "word": null,
        "roles": {
          "PROFORM": "SUBJ"
        },
        "start": 5,
        "end": 22
      },
      "V2413599": {
        "id": "V2413599",
        "indicator": "THE",
        "type": "GAS-SUBSTANCE",
        "word": "N",
        "roles": {
          "ASSOC-POSS": "#V2413568",
          "TIME": "#V2413574",
          "LEX": "N",
          "WNSENSE": "n%1:27:00::"
        },
        "start": 9,
        "end": 22
      },
      "V2413568": {
        "id": "V2413568",
        "indicator": "PRO",
        "type": "PERSON",
        "word": "OUR",
        "roles": {
          "LEX": "OUR",
          "PROFORM": "OUR",
          "WNSENSE": "person%1:03:00"
        },
        "start": 9,
        "end": 22
      },
      "V2413574": {
        "id": "V2413574",
        "indicator": "F",
        "type": "IN-FUTURE",
        "word": "FUTURE",
        "roles": {
          "FIGURE": "#V2413599",
          "LEX": "FUTURE",
          "WNSENSE": "future%3:00:00::"
        },
        "start": 13,
        "end": 20
      },
      "root": "#V2415672"
    },
    {
      "V2414566": {
        "id": "V2414566",
        "indicator": "SPEECHACT",
        "type": "SA_TELL",
        "word": null,
        "roles": {
          "PUNCTYPE": "DECL",
          "CONTENT": "#V2413615",
          "LEX": "NEED"
        },
        "start": 22,
        "end": 55
      },
      "V2413615": {
        "id": "V2413615",
        "indicator": "F",
        "type": "WANT",
        "word": "NEED",
        "roles": {
          "EXPERIENCER": "#V2414567",
          "FORMAL": "#V2414556",
          "TENSE": "PRES",
          "LEX": "NEED",
          "WNSENSE": "desire%2:37:00"
        },
        "start": 22,
        "end": 54
      },
      "V2414567": {
        "id": "V2414567",
        "indicator": "IMPRO",
        "type": "REFERENTIAL-SEM",
        "word": null,
        "roles": {
          "PROFORM": "SUBJ"
        },
        "start": 22,
        "end": 54
      },
      "V2414556": {
        "id": "V2414556",
        "indicator": "THE",
        "type": "QUANTITY-ABSTR",
        "word": null,
        "roles": {
          "FIGURE": "#V2413637"
        },
        "start": 27,
        "end": 54
      },
      "V2413637": {
        "id": "V2413637",
        "indicator": "THE",
        "type": "COMMERCIAL-ACTIVITY",
        "word": "INVESTMENT",
        "roles": {
          "MOD": "#V2413648",
          "LEX": "INVESTMENT",
          "WNSENSE": "investment%1:04:00::"
        },
        "start": 27,
        "end": 54
      },
      "V2413648": {
        "id": "V2413648",
        "indicator": "F",
        "type": "ASSOC-WITH",
        "word": "OF",
        "roles": {
          "GROUND": "#V2413797",
          "FIGURE": "#V2413637",
          "LEX": "OF"
        },
        "start": 42,
        "end": 54
      },
      "V2413797": {
        "id": "V2413797",
        "indicator": "THE",
        "type": "QUANTITY-ABSTR",
        "word": null,
        "roles": {
          "FIGURE": "#V2413667"
        },
        "start": 45,
        "end": 54
      },
      "V2413667": {
        "id": "V2413667",
        "indicator": "THE",
        "type": "DURATION-SCALE",
        "word": "TIME",
        "roles": {
          "ASSOC-POSS": "#V2413656",
          "LEX": "TIME",
          "WNSENSE": "time%1:03:00::"
        },
        "start": 45,
        "end": 54
      },
      "V2413656": {
        "id": "V2413656",
        "indicator": "PRO",
        "type": "PERSON",
        "word": "OUR",
        "roles": {
          "LEX": "OUR",
          "PROFORM": "OUR",
          "WNSENSE": "person%1:03:00"
        },
        "start": 45,
        "end": 54
      },
      "root": "#V2414566"
    },
    {
      "V2413790": {
        "id": "V2413790",
        "indicator": "SPEECHACT",
        "type": "SA_IDENTIFY",
        "word": null,
        "roles": {
          "CONTENT": "#V2413548",
          "LEX": "THEY"
        },
        "start": 0,
        "end": 5
      },
      "V2413548": {
        "id": "V2413548",
        "indicator": "PRO-SET",
        "type": "REFERENTIAL-SEM",
        "word": "THEY",
        "roles": {
          "PROFORM": "THEY",
          "LEX": "THEY",
          "WNSENSE": "entity%1:03:00"
        },
        "start": 0,
        "end": 5
      },
      "root": "#V2413790"
    },
    {
      "V2415672": {
        "id": "V2415672",
        "indicator": "SPEECHACT",
        "type": "SA_TELL",
        "word": null,
        "roles": {
          "CONTENT": "#V2413556",
          "LEX": "ARE"
        },
        "start": 5,
        "end": 22
      },
      "V2413556": {
        "id": "V2413556",
        "indicator": "F",
        "type": "BE",
        "word": "BE",
        "roles": {
          "NEUTRAL": "#V2415673",
          "NEUTRAL1": "#V2413599",
          "TENSE": "PRES",
          "LEX": "ARE",
          "WNSENSE": "be%2:42:06::"
        },
        "start": 5,
        "end": 22
      },
      "V2415673": {
        "id": "V2415673",
        "indicator": "IMPRO",
        "type": "REFERENTIAL-SEM",
        "word": null,
        "roles": {
          "PROFORM": "SUBJ"
        },
        "start": 5,
        "end": 22
      },
      "V2413599": {
        "id": "V2413599",
        "indicator": "THE",
        "type": "GAS-SUBSTANCE",
        "word": "N",
        "roles": {
          "ASSOC-POSS": "#V2413568",
          "TIME": "#V2413574",
          "LEX": "N",
          "WNSENSE": "n%1:27:00::"
        },
        "start": 9,
        "end": 22
      },
      "V2413568": {
        "id": "V2413568",
        "indicator": "PRO",
        "type": "PERSON",
        "word": "OUR",
        "roles": {
          "LEX": "OUR",
          "PROFORM": "OUR",
          "WNSENSE": "person%1:03:00"
        },
        "start": 9,
        "end": 22
      },
      "V2413574": {
        "id": "V2413574",
        "indicator": "F",
        "type": "IN-FUTURE",
        "word": "FUTURE",
        "roles": {
          "FIGURE": "#V2413599",
          "LEX": "FUTURE",
          "WNSENSE": "future%3:00:00::"
        },
        "start": 13,
        "end": 20
      },
      "root": "#V2415672"
    },
    {
      "V2414723": {
        "id": "V2414723",
        "indicator": "SPEECHACT",
        "type": "SA_TELL",
        "word": null,
        "roles": {
          "PUNCTYPE": "DECL",
          "CONTENT": "#V2413615",
          "LEX": "NEED"
        },
        "start": 22,
        "end": 55
      },
      "V2413615": {
        "id": "V2413615",
        "indicator": "F",
        "type": "WANT",
        "word": "NEED",
        "roles": {
          "EXPERIENCER": "#V2414724",
          "FORMAL": "#V2414713",
          "TENSE": "PRES",
          "LEX": "NEED",
          "WNSENSE": "desire%2:37:00"
        },
        "start": 22,
        "end": 54
      },
      "V2414724": {
        "id": "V2414724",
        "indicator": "IMPRO",
        "type": "REFERENTIAL-SEM",
        "word": null,
        "roles": {
          "PROFORM": "SUBJ"
        },
        "start": 22,
        "end": 54
      },
      "V2414713": {
        "id": "V2414713",
        "indicator": "THE",
        "type": "QUANTITY-ABSTR",
        "word": null,
        "roles": {
          "FIGURE": "#V2413640"
        },
        "start": 27,
        "end": 54
      },
      "V2413640": {
        "id": "V2413640",
        "indicator": "THE",
        "type": "ASSETS",
        "word": "INVESTMENT",
        "roles": {
          "MOD": "#V2413648",
          "LEX": "INVESTMENT",
          "WNSENSE": "investment%1:21:00::"
        },
        "start": 27,
        "end": 54
      },
      "V2413648": {
        "id": "V2413648",
        "indicator": "F",
        "type": "ASSOC-WITH",
        "word": "OF",
        "roles": {
          "GROUND": "#V2413668",
          "FIGURE": "#V2413640",
          "LEX": "OF"
        },
        "start": 42,
        "end": 54
      },
      "V2413668": {
        "id": "V2413668",
        "indicator": "THE",
        "type": "TIME-LOC",
        "word": "TIME",
        "roles": {
          "ASSOC-POSS": "#V2413656",
          "LEX": "TIME",
          "WNSENSE": "date%1:28:03"
        },
        "start": 45,
        "end": 54
      },
      "V2413656": {
        "id": "V2413656",
        "indicator": "PRO",
        "type": "PERSON",
        "word": "OUR",
        "roles": {
          "LEX": "OUR",
          "PROFORM": "OUR",
          "WNSENSE": "person%1:03:00"
        },
        "start": 45,
        "end": 54
      },
      "root": "#V2414723"
    },
    {
      "V2413790": {
        "id": "V2413790",
        "indicator": "SPEECHACT",
        "type": "SA_IDENTIFY",
        "word": null,
        "roles": {
          "CONTENT": "#V2413548",
          "LEX": "THEY"
        },
        "start": 0,
        "end": 5
      },
      "V2413548": {
        "id": "V2413548",
        "indicator": "PRO-SET",
        "type": "REFERENTIAL-SEM",
        "word": "THEY",
        "roles": {
          "PROFORM": "THEY",
          "LEX": "THEY",
          "WNSENSE": "entity%1:03:00"
        },
        "start": 0,
        "end": 5
      },
      "root": "#V2413790"
    },
    {
      "V2415672": {
        "id": "V2415672",
        "indicator": "SPEECHACT",
        "type": "SA_TELL",
        "word": null,
        "roles": {
          "CONTENT": "#V2413556",
          "LEX": "ARE"
        },
        "start": 5,
        "end": 22
      },
      "V2413556": {
        "id": "V2413556",
        "indicator": "F",
        "type": "BE",
        "word": "BE",
        "roles": {
          "NEUTRAL": "#V2415673",
          "NEUTRAL1": "#V2413599",
          "TENSE": "PRES",
          "LEX": "ARE",
          "WNSENSE": "be%2:42:06::"
        },
        "start": 5,
        "end": 22
      },
      "V2415673": {
        "id": "V2415673",
        "indicator": "IMPRO",
        "type": "REFERENTIAL-SEM",
        "word": null,
        "roles": {
          "PROFORM": "SUBJ"
        },
        "start": 5,
        "end": 22
      },
      "V2413599": {
        "id": "V2413599",
        "indicator": "THE",
        "type": "GAS-SUBSTANCE",
        "word": "N",
        "roles": {
          "ASSOC-POSS": "#V2413568",
          "TIME": "#V2413574",
          "LEX": "N",
          "WNSENSE": "n%1:27:00::"
        },
        "start": 9,
        "end": 22
      },
      "V2413568": {
        "id": "V2413568",
        "indicator": "PRO",
        "type": "PERSON",
        "word": "OUR",
        "roles": {
          "LEX": "OUR",
          "PROFORM": "OUR",
          "WNSENSE": "person%1:03:00"
        },
        "start": 9,
        "end": 22
      },
      "V2413574": {
        "id": "V2413574",
        "indicator": "F",
        "type": "IN-FUTURE",
        "word": "FUTURE",
        "roles": {
          "FIGURE": "#V2413599",
          "LEX": "FUTURE",
          "WNSENSE": "future%3:00:00::"
        },
        "start": 13,
        "end": 20
      },
      "root": "#V2415672"
    },
    {
      "V2414692": {
        "id": "V2414692",
        "indicator": "SPEECHACT",
        "type": "SA_TELL",
        "word": null,
        "roles": {
          "PUNCTYPE": "DECL",
          "CONTENT": "#V2413615",
          "LEX": "NEED"
        },
        "start": 22,
        "end": 55
      },
      "V2413615": {
        "id": "V2413615",
        "indicator": "F",
        "type": "WANT",
        "word": "NEED",
        "roles": {
          "EXPERIENCER": "#V2414693",
          "FORMAL": "#V2414682",
          "TENSE": "PRES",
          "LEX": "NEED",
          "WNSENSE": "desire%2:37:00"
        },
        "start": 22,
        "end": 54
      },
      "V2414693": {
        "id": "V2414693",
        "indicator": "IMPRO",
        "type": "REFERENTIAL-SEM",
        "word": null,
        "roles": {
          "PROFORM": "SUBJ"
        },
        "start": 22,
        "end": 54
      },
      "V2414682": {
        "id": "V2414682",
        "indicator": "THE",
        "type": "QUANTITY-ABSTR",
        "word": null,
        "roles": {
          "FIGURE": "#V2413642"
        },
        "start": 27,
        "end": 54
      },
      "V2413642": {
        "id": "V2413642",
        "indicator": "THE",
        "type": "ASSETS",
        "word": "INVESTMENT",
        "roles": {
          "MOD": "#V2413648",
          "LEX": "INVESTMENT",
          "WNSENSE": "investment%1:21:00::"
        },
        "start": 27,
        "end": 54
      },
      "V2413648": {
        "id": "V2413648",
        "indicator": "F",
        "type": "ASSOC-WITH",
        "word": "OF",
        "roles": {
          "GROUND": "#V2413668",
          "FIGURE": "#V2413642",
          "LEX": "OF"
        },
        "start": 42,
        "end": 54
      },
      "V2413668": {
        "id": "V2413668",
        "indicator": "THE",
        "type": "TIME-LOC",
        "word": "TIME",
        "roles": {
          "ASSOC-POSS": "#V2413656",
          "LEX": "TIME",
          "WNSENSE": "date%1:28:03"
        },
        "start": 45,
        "end": 54
      },
      "V2413656": {
        "id": "V2413656",
        "indicator": "PRO",
        "type": "PERSON",
        "word": "OUR",
        "roles": {
          "LEX": "OUR",
          "PROFORM": "OUR",
          "WNSENSE": "person%1:03:00"
        },
        "start": 45,
        "end": 54
      },
      "root": "#V2414692"
    },
    {
      "V2413790": {
        "id": "V2413790",
        "indicator": "SPEECHACT",
        "type": "SA_IDENTIFY",
        "word": null,
        "roles": {
          "CONTENT": "#V2413548",
          "LEX": "THEY"
        },
        "start": 0,
        "end": 5
      },
      "V2413548": {
        "id": "V2413548",
        "indicator": "PRO-SET",
        "type": "REFERENTIAL-SEM",
        "word": "THEY",
        "roles": {
          "PROFORM": "THEY",
          "LEX": "THEY",
          "WNSENSE": "entity%1:03:00"
        },
        "start": 0,
        "end": 5
      },
      "root": "#V2413790"
    },
    {
      "V2415672": {
        "id": "V2415672",
        "indicator": "SPEECHACT",
        "type": "SA_TELL",
        "word": null,
        "roles": {
          "CONTENT": "#V2413556",
          "LEX": "ARE"
        },
        "start": 5,
        "end": 22
      },
      "V2413556": {
        "id": "V2413556",
        "indicator": "F",
        "type": "BE",
        "word": "BE",
        "roles": {
          "NEUTRAL": "#V2415673",
          "NEUTRAL1": "#V2413599",
          "TENSE": "PRES",
          "LEX": "ARE",
          "WNSENSE": "be%2:42:06::"
        },
        "start": 5,
        "end": 22
      },
      "V2415673": {
        "id": "V2415673",
        "indicator": "IMPRO",
        "type": "REFERENTIAL-SEM",
        "word": null,
        "roles": {
          "PROFORM": "SUBJ"
        },
        "start": 5,
        "end": 22
      },
      "V2413599": {
        "id": "V2413599",
        "indicator": "THE",
        "type": "GAS-SUBSTANCE",
        "word": "N",
        "roles": {
          "ASSOC-POSS": "#V2413568",
          "TIME": "#V2413574",
          "LEX": "N",
          "WNSENSE": "n%1:27:00::"
        },
        "start": 9,
        "end": 22
      },
      "V2413568": {
        "id": "V2413568",
        "indicator": "PRO",
        "type": "PERSON",
        "word": "OUR",
        "roles": {
          "LEX": "OUR",
          "PROFORM": "OUR",
          "WNSENSE": "person%1:03:00"
        },
        "start": 9,
        "end": 22
      },
      "V2413574": {
        "id": "V2413574",
        "indicator": "F",
        "type": "IN-FUTURE",
        "word": "FUTURE",
        "roles": {
          "FIGURE": "#V2413599",
          "LEX": "FUTURE",
          "WNSENSE": "future%3:00:00::"
        },
        "start": 13,
        "end": 20
      },
      "root": "#V2415672"
    },
    {
      "V2414661": {
        "id": "V2414661",
        "indicator": "SPEECHACT",
        "type": "SA_TELL",
        "word": null,
        "roles": {
          "PUNCTYPE": "DECL",
          "CONTENT": "#V2413615",
          "LEX": "NEED"
        },
        "start": 22,
        "end": 55
      },
      "V2413615": {
        "id": "V2413615",
        "indicator": "F",
        "type": "WANT",
        "word": "NEED",
        "roles": {
          "EXPERIENCER": "#V2414662",
          "FORMAL": "#V2414651",
          "TENSE": "PRES",
          "LEX": "NEED",
          "WNSENSE": "desire%2:37:00"
        },
        "start": 22,
        "end": 54
      },
      "V2414662": {
        "id": "V2414662",
        "indicator": "IMPRO",
        "type": "REFERENTIAL-SEM",
        "word": null,
        "roles": {
          "PROFORM": "SUBJ"
        },
        "start": 22,
        "end": 54
      },
      "V2414651": {
        "id": "V2414651",
        "indicator": "THE",
        "type": "QUANTITY-ABSTR",
        "word": null,
        "roles": {
          "FIGURE": "#V2413640"
        },
        "start": 27,
        "end": 54
      },
      "V2413640": {
        "id": "V2413640",
        "indicator": "THE",
        "type": "ASSETS",
        "word": "INVESTMENT",
        "roles": {
          "MOD": "#V2413648",
          "LEX": "INVESTMENT",
          "WNSENSE": "investment%1:21:00::"
        },
        "start": 27,
        "end": 54
      },
      "V2413648": {
        "id": "V2413648",
        "indicator": "F",
        "type": "ASSOC-WITH",
        "word": "OF",
        "roles": {
          "GROUND": "#V2413667",
          "FIGURE": "#V2413640",
          "LEX": "OF"
        },
        "start": 42,
        "end": 54
      },
      "V2413667": {
        "id": "V2413667",
        "indicator": "THE",
        "type": "DURATION-SCALE",
        "word": "TIME",
        "roles": {
          "ASSOC-POSS": "#V2413656",
          "LEX": "TIME",
          "WNSENSE": "time%1:03:00::"
        },
        "start": 45,
        "end": 54
      },
      "V2413656": {
        "id": "V2413656",
        "indicator": "PRO",
        "type": "PERSON",
        "word": "OUR",
        "roles": {
          "LEX": "OUR",
          "PROFORM": "OUR",
          "WNSENSE": "person%1:03:00"
        },
        "start": 45,
        "end": 54
      },
      "root": "#V2414661"
    },
    {
      "V2413790": {
        "id": "V2413790",
        "indicator": "SPEECHACT",
        "type": "SA_IDENTIFY",
        "word": null,
        "roles": {
          "CONTENT": "#V2413548",
          "LEX": "THEY"
        },
        "start": 0,
        "end": 5
      },
      "V2413548": {
        "id": "V2413548",
        "indicator": "PRO-SET",
        "type": "REFERENTIAL-SEM",
        "word": "THEY",
        "roles": {
          "PROFORM": "THEY",
          "LEX": "THEY",
          "WNSENSE": "entity%1:03:00"
        },
        "start": 0,
        "end": 5
      },
      "root": "#V2413790"
    },
    {
      "V2415672": {
        "id": "V2415672",
        "indicator": "SPEECHACT",
        "type": "SA_TELL",
        "word": null,
        "roles": {
          "CONTENT": "#V2413556",
          "LEX": "ARE"
        },
        "start": 5,
        "end": 22
      },
      "V2413556": {
        "id": "V2413556",
        "indicator": "F",
        "type": "BE",
        "word": "BE",
        "roles": {
          "NEUTRAL": "#V2415673",
          "NEUTRAL1": "#V2413599",
          "TENSE": "PRES",
          "LEX": "ARE",
          "WNSENSE": "be%2:42:06::"
        },
        "start": 5,
        "end": 22
      },
      "V2415673": {
        "id": "V2415673",
        "indicator": "IMPRO",
        "type": "REFERENTIAL-SEM",
        "word": null,
        "roles": {
          "PROFORM": "SUBJ"
        },
        "start": 5,
        "end": 22
      },
      "V2413599": {
        "id": "V2413599",
        "indicator": "THE",
        "type": "GAS-SUBSTANCE",
        "word": "N",
        "roles": {
          "ASSOC-POSS": "#V2413568",
          "TIME": "#V2413574",
          "LEX": "N",
          "WNSENSE": "n%1:27:00::"
        },
        "start": 9,
        "end": 22
      },
      "V2413568": {
        "id": "V2413568",
        "indicator": "PRO",
        "type": "PERSON",
        "word": "OUR",
        "roles": {
          "LEX": "OUR",
          "PROFORM": "OUR",
          "WNSENSE": "person%1:03:00"
        },
        "start": 9,
        "end": 22
      },
      "V2413574": {
        "id": "V2413574",
        "indicator": "F",
        "type": "IN-FUTURE",
        "word": "FUTURE",
        "roles": {
          "FIGURE": "#V2413599",
          "LEX": "FUTURE",
          "WNSENSE": "future%3:00:00::"
        },
        "start": 13,
        "end": 20
      },
      "root": "#V2415672"
    },
    {
      "V2414630": {
        "id": "V2414630",
        "indicator": "SPEECHACT",
        "type": "SA_TELL",
        "word": null,
        "roles": {
          "PUNCTYPE": "DECL",
          "CONTENT": "#V2413615",
          "LEX": "NEED"
        },
        "start": 22,
        "end": 55
      },
      "V2413615": {
        "id": "V2413615",
        "indicator": "F",
        "type": "WANT",
        "word": "NEED",
        "roles": {
          "EXPERIENCER": "#V2414631",
          "FORMAL": "#V2414620",
          "TENSE": "PRES",
          "LEX": "NEED",
          "WNSENSE": "desire%2:37:00"
        },
        "start": 22,
        "end": 54
      },
      "V2414631": {
        "id": "V2414631",
        "indicator": "IMPRO",
        "type": "REFERENTIAL-SEM",
        "word": null,
        "roles": {
          "PROFORM": "SUBJ"
        },
        "start": 22,
        "end": 54
      },
      "V2414620": {
        "id": "V2414620",
        "indicator": "THE",
        "type": "QUANTITY-ABSTR",
        "word": null,
        "roles": {
          "FIGURE": "#V2413642"
        },
        "start": 27,
        "end": 54
      },
      "V2413642": {
        "id": "V2413642",
        "indicator": "THE",
        "type": "ASSETS",
        "word": "INVESTMENT",
        "roles": {
          "MOD": "#V2413648",
          "LEX": "INVESTMENT",
          "WNSENSE": "investment%1:21:00::"
        },
        "start": 27,
        "end": 54
      },
      "V2413648": {
        "id": "V2413648",
        "indicator": "F",
        "type": "ASSOC-WITH",
        "word": "OF",
        "roles": {
          "GROUND": "#V2413667",
          "FIGURE": "#V2413642",
          "LEX": "OF"
        },
        "start": 42,
        "end": 54
      },
      "V2413667": {
        "id": "V2413667",
        "indicator": "THE",
        "type": "DURATION-SCALE",
        "word": "TIME",
        "roles": {
          "ASSOC-POSS": "#V2413656",
          "LEX": "TIME",
          "WNSENSE": "time%1:03:00::"
        },
        "start": 45,
        "end": 54
      },
      "V2413656": {
        "id": "V2413656",
        "indicator": "PRO",
        "type": "PERSON",
        "word": "OUR",
        "roles": {
          "LEX": "OUR",
          "PROFORM": "OUR",
          "WNSENSE": "person%1:03:00"
        },
        "start": 45,
        "end": 54
      },
      "root": "#V2414630"
    },
    {
      "V2413790": {
        "id": "V2413790",
        "indicator": "SPEECHACT",
        "type": "SA_IDENTIFY",
        "word": null,
        "roles": {
          "CONTENT": "#V2413548",
          "LEX": "THEY"
        },
        "start": 0,
        "end": 5
      },
      "V2413548": {
        "id": "V2413548",
        "indicator": "PRO-SET",
        "type": "REFERENTIAL-SEM",
        "word": "THEY",
        "roles": {
          "PROFORM": "THEY",
          "LEX": "THEY",
          "WNSENSE": "entity%1:03:00"
        },
        "start": 0,
        "end": 5
      },
      "root": "#V2413790"
    },
    {
      "V2415770": {
        "id": "V2415770",
        "indicator": "SPEECHACT",
        "type": "SA_TELL",
        "word": null,
        "roles": {
          "CONTENT": "#V2413556",
          "LEX": "ARE"
        },
        "start": 5,
        "end": 22
      },
      "V2413556": {
        "id": "V2413556",
        "indicator": "F",
        "type": "BE",
        "word": "BE",
        "roles": {
          "NEUTRAL": "#V2415771",
          "NEUTRAL1": "#V2413599",
          "TENSE": "PRES",
          "LEX": "ARE",
          "WNSENSE": "be%2:42:06::"
        },
        "start": 5,
        "end": 22
      },
      "V2415771": {
        "id": "V2415771",
        "indicator": "IMPRO",
        "type": "REFERENTIAL-SEM",
        "word": null,
        "roles": {
          "PROFORM": "SUBJ"
        },
        "start": 5,
        "end": 22
      },
      "V2413599": {
        "id": "V2413599",
        "indicator": "THE",
        "type": "GAS-SUBSTANCE",
        "word": "N",
        "roles": {
          "ASSOC-POSS": "#V2413568",
          "MOD": "#V2413579",
          "LEX": "N",
          "WNSENSE": "n%1:27:00::"
        },
        "start": 9,
        "end": 22
      },
      "V2413568": {
        "id": "V2413568",
        "indicator": "PRO",
        "type": "PERSON",
        "word": "OUR",
        "roles": {
          "LEX": "OUR",
          "PROFORM": "OUR",
          "WNSENSE": "person%1:03:00"
        },
        "start": 9,
        "end": 22
      },
      "V2413579": {
        "id": "V2413579",
        "indicator": "F",
        "type": "LIKELY-VAL",
        "word": "FUTURE",
        "roles": {
          "FIGURE": "#V2413599",
          "SCALE": "LIKELY-SCALE",
          "LEX": "FUTURE",
          "WNSENSE": "future%5:00:00:prospective:00"
        },
        "start": 13,
        "end": 20
      },
      "root": "#V2415770"
    },
    {
      "V2414319": {
        "id": "V2414319",
        "indicator": "SPEECHACT",
        "type": "SA_TELL",
        "word": null,
        "roles": {
          "PUNCTYPE": "DECL",
          "CONTENT": "#V2413615",
          "LEX": "NEED"
        },
        "start": 22,
        "end": 55
      },
      "V2413615": {
        "id": "V2413615",
        "indicator": "F",
        "type": "WANT",
        "word": "NEED",
        "roles": {
          "EXPERIENCER": "#V2414320",
          "FORMAL": "#V2414309",
          "TENSE": "PRES",
          "LEX": "NEED",
          "WNSENSE": "desire%2:37:00"
        },
        "start": 22,
        "end": 54
      },
      "V2414320": {
        "id": "V2414320",
        "indicator": "IMPRO",
        "type": "REFERENTIAL-SEM",
        "word": null,
        "roles": {
          "PROFORM": "SUBJ"
        },
        "start": 22,
        "end": 54
      },
      "V2414309": {
        "id": "V2414309",
        "indicator": "THE",
        "type": "QUANTITY-ABSTR",
        "word": null,
        "roles": {
          "FIGURE": "#V2413640"
        },
        "start": 27,
        "end": 54
      },
      "V2413640": {
        "id": "V2413640",
        "indicator": "THE",
        "type": "ASSETS",
        "word": "INVESTMENT",
        "roles": {
          "MOD": "#V2413648",
          "LEX": "INVESTMENT",
          "WNSENSE": "investment%1:21:00::"
        },
        "start": 27,
        "end": 54
      },
      "V2413648": {
        "id": "V2413648",
        "indicator": "F",
        "type": "ASSOC-WITH",
        "word": "OF",
        "roles": {
          "GROUND": "#V2413665",
          "FIGURE": "#V2413640",
          "LEX": "OF"
        },
        "start": 42,
        "end": 54
      },
      "V2413665": {
        "id": "V2413665",
        "indicator": "THE",
        "type": "TIME-OBJECT",
        "word": "TIME",
        "roles": {
          "ASSOC-POSS": "#V2413656",
          "SCALE": "TIME-LOC-SCALE",
          "LEX": "TIME"
        },
        "start": 45,
        "end": 54
      },
      "V2413656": {
        "id": "V2413656",
        "indicator": "PRO",
        "type": "PERSON",
        "word": "OUR",
        "roles": {
          "LEX": "OUR",
          "PROFORM": "OUR",
          "WNSENSE": "person%1:03:00"
        },
        "start": 45,
        "end": 54
      },
      "root": "#V2414319"
    },
    {
      "V2413790": {
        "id": "V2413790",
        "indicator": "SPEECHACT",
        "type": "SA_IDENTIFY",
        "word": null,
        "roles": {
          "CONTENT": "#V2413548",
          "LEX": "THEY"
        },
        "start": 0,
        "end": 5
      },
      "V2413548": {
        "id": "V2413548",
        "indicator": "PRO-SET",
        "type": "REFERENTIAL-SEM",
        "word": "THEY",
        "roles": {
          "PROFORM": "THEY",
          "LEX": "THEY",
          "WNSENSE": "entity%1:03:00"
        },
        "start": 0,
        "end": 5
      },
      "root": "#V2413790"
    },
    {
      "V2415770": {
        "id": "V2415770",
        "indicator": "SPEECHACT",
        "type": "SA_TELL",
        "word": null,
        "roles": {
          "CONTENT": "#V2413556",
          "LEX": "ARE"
        },
        "start": 5,
        "end": 22
      },
      "V2413556": {
        "id": "V2413556",
        "indicator": "F",
        "type": "BE",
        "word": "BE",
        "roles": {
          "NEUTRAL": "#V2415771",
          "NEUTRAL1": "#V2413599",
          "TENSE": "PRES",
          "LEX": "ARE",
          "WNSENSE": "be%2:42:06::"
        },
        "start": 5,
        "end": 22
      },
      "V2415771": {
        "id": "V2415771",
        "indicator": "IMPRO",
        "type": "REFERENTIAL-SEM",
        "word": null,
        "roles": {
          "PROFORM": "SUBJ"
        },
        "start": 5,
        "end": 22
      },
      "V2413599": {
        "id": "V2413599",
        "indicator": "THE",
        "type": "GAS-SUBSTANCE",
        "word": "N",
        "roles": {
          "ASSOC-POSS": "#V2413568",
          "MOD": "#V2413579",
          "LEX": "N",
          "WNSENSE": "n%1:27:00::"
        },
        "start": 9,
        "end": 22
      },
      "V2413568": {
        "id": "V2413568",
        "indicator": "PRO",
        "type": "PERSON",
        "word": "OUR",
        "roles": {
          "LEX": "OUR",
          "PROFORM": "OUR",
          "WNSENSE": "person%1:03:00"
        },
        "start": 9,
        "end": 22
      },
      "V2413579": {
        "id": "V2413579",
        "indicator": "F",
        "type": "LIKELY-VAL",
        "word": "FUTURE",
        "roles": {
          "FIGURE": "#V2413599",
          "SCALE": "LIKELY-SCALE",
          "LEX": "FUTURE",
          "WNSENSE": "future%5:00:00:prospective:00"
        },
        "start": 13,
        "end": 20
      },
      "root": "#V2415770"
    },
    {
      "V2414289": {
        "id": "V2414289",
        "indicator": "SPEECHACT",
        "type": "SA_TELL",
        "word": null,
        "roles": {
          "PUNCTYPE": "DECL",
          "CONTENT": "#V2413615",
          "LEX": "NEED"
        },
        "start": 22,
        "end": 55
      },
      "V2413615": {
        "id": "V2413615",
        "indicator": "F",
        "type": "WANT",
        "word": "NEED",
        "roles": {
          "EXPERIENCER": "#V2414290",
          "FORMAL": "#V2414279",
          "TENSE": "PRES",
          "LEX": "NEED",
          "WNSENSE": "desire%2:37:00"
        },
        "start": 22,
        "end": 54
      },
      "V2414290": {
        "id": "V2414290",
        "indicator": "IMPRO",
        "type": "REFERENTIAL-SEM",
        "word": null,
        "roles": {
          "PROFORM": "SUBJ"
        },
        "start": 22,
        "end": 54
      },
      "V2414279": {
        "id": "V2414279",
        "indicator": "THE",
        "type": "QUANTITY-ABSTR",
        "word": null,
        "roles": {
          "FIGURE": "#V2413642"
        },
        "start": 27,
        "end": 54
      },
      "V2413642": {
        "id": "V2413642",
        "indicator": "THE",
        "type": "ASSETS",
        "word": "INVESTMENT",
        "roles": {
          "MOD": "#V2413648",
          "LEX": "INVESTMENT",
          "WNSENSE": "investment%1:21:00::"
        },
        "start": 27,
        "end": 54
      },
      "V2413648": {
        "id": "V2413648",
        "indicator": "F",
        "type": "ASSOC-WITH",
        "word": "OF",
        "roles": {
          "GROUND": "#V2413665",
          "FIGURE": "#V2413642",
          "LEX": "OF"
        },
        "start": 42,
        "end": 54
      },
      "V2413665": {
        "id": "V2413665",
        "indicator": "THE",
        "type": "TIME-OBJECT",
        "word": "TIME",
        "roles": {
          "ASSOC-POSS": "#V2413656",
          "SCALE": "TIME-LOC-SCALE",
          "LEX": "TIME"
        },
        "start": 45,
        "end": 54
      },
      "V2413656": {
        "id": "V2413656",
        "indicator": "PRO",
        "type": "PERSON",
        "word": "OUR",
        "roles": {
          "LEX": "OUR",
          "PROFORM": "OUR",
          "WNSENSE": "person%1:03:00"
        },
        "start": 45,
        "end": 54
      },
      "root": "#V2414289"
    },
    {
      "V2413790": {
        "id": "V2413790",
        "indicator": "SPEECHACT",
        "type": "SA_IDENTIFY",
        "word": null,
        "roles": {
          "CONTENT": "#V2413548",
          "LEX": "THEY"
        },
        "start": 0,
        "end": 5
      },
      "V2413548": {
        "id": "V2413548",
        "indicator": "PRO-SET",
        "type": "REFERENTIAL-SEM",
        "word": "THEY",
        "roles": {
          "PROFORM": "THEY",
          "LEX": "THEY",
          "WNSENSE": "entity%1:03:00"
        },
        "start": 0,
        "end": 5
      },
      "root": "#V2413790"
    },
    {
      "V2415767": {
        "id": "V2415767",
        "indicator": "SPEECHACT",
        "type": "SA_TELL",
        "word": null,
        "roles": {
          "CONTENT": "#V2413556",
          "LEX": "ARE"
        },
        "start": 5,
        "end": 22
      },
      "V2413556": {
        "id": "V2413556",
        "indicator": "F",
        "type": "BE",
        "word": "BE",
        "roles": {
          "NEUTRAL": "#V2415768",
          "NEUTRAL1": "#V2413599",
          "TENSE": "PRES",
          "LEX": "ARE",
          "WNSENSE": "be%2:42:06::"
        },
        "start": 5,
        "end": 22
      },
      "V2415768": {
        "id": "V2415768",
        "indicator": "IMPRO",
        "type": "REFERENTIAL-SEM",
        "word": null,
        "roles": {
          "PROFORM": "SUBJ"
        },
        "start": 5,
        "end": 22
      },
      "V2413599": {
        "id": "V2413599",
        "indicator": "THE",
        "type": "GAS-SUBSTANCE",
        "word": "N",
        "roles": {
          "ASSOC-POSS": "#V2413568",
          "MOD": "#V2413577",
          "LEX": "N",
          "WNSENSE": "n%1:27:00::"
        },
        "start": 9,
        "end": 22
      },
      "V2413568": {
        "id": "V2413568",
        "indicator": "PRO",
        "type": "PERSON",
        "word": "OUR",
        "roles": {
          "LEX": "OUR",
          "PROFORM": "OUR",
          "WNSENSE": "person%1:03:00"
        },
        "start": 9,
        "end": 22
      },
      "V2413577": {
        "id": "V2413577",
        "indicator": "F",
        "type": "LIKELY-VAL",
        "word": "FUTURE",
        "roles": {
          "FIGURE": "#V2413599",
          "SCALE": "LIKELY-SCALE",
          "LEX": "FUTURE",
          "WNSENSE": "future%5:00:00:prospective:00"
        },
        "start": 13,
        "end": 20
      },
      "root": "#V2415767"
    },
    {
      "V2414319": {
        "id": "V2414319",
        "indicator": "SPEECHACT",
        "type": "SA_TELL",
        "word": null,
        "roles": {
          "PUNCTYPE": "DECL",
          "CONTENT": "#V2413615",
          "LEX": "NEED"
        },
        "start": 22,
        "end": 55
      },
      "V2413615": {
        "id": "V2413615",
        "indicator": "F",
        "type": "WANT",
        "word": "NEED",
        "roles": {
          "EXPERIENCER": "#V2414320",
          "FORMAL": "#V2414309",
          "TENSE": "PRES",
          "LEX": "NEED",
          "WNSENSE": "desire%2:37:00"
        },
        "start": 22,
        "end": 54
      },
      "V2414320": {
        "id": "V2414320",
        "indicator": "IMPRO",
        "type": "REFERENTIAL-SEM",
        "word": null,
        "roles": {
          "PROFORM": "SUBJ"
        },
        "start": 22,
        "end": 54
      },
      "V2414309": {
        "id": "V2414309",
        "indicator": "THE",
        "type": "QUANTITY-ABSTR",
        "word": null,
        "roles": {
          "FIGURE": "#V2413640"
        },
        "start": 27,
        "end": 54
      },
      "V2413640": {
        "id": "V2413640",
        "indicator": "THE",
        "type": "ASSETS",
        "word": "INVESTMENT",
        "roles": {
          "MOD": "#V2413648",
          "LEX": "INVESTMENT",
          "WNSENSE": "investment%1:21:00::"
        },
        "start": 27,
        "end": 54
      },
      "V2413648": {
        "id": "V2413648",
        "indicator": "F",
        "type": "ASSOC-WITH",
        "word": "OF",
        "roles": {
          "GROUND": "#V2413665",
          "FIGURE": "#V2413640",
          "LEX": "OF"
        },
        "start": 42,
        "end": 54
      },
      "V2413665": {
        "id": "V2413665",
        "indicator": "THE",
        "type": "TIME-OBJECT",
        "word": "TIME",
        "roles": {
          "ASSOC-POSS": "#V2413656",
          "SCALE": "TIME-LOC-SCALE",
          "LEX": "TIME"
        },
        "start": 45,
        "end": 54
      },
      "V2413656": {
        "id": "V2413656",
        "indicator": "PRO",
        "type": "PERSON",
        "word": "OUR",
        "roles": {
          "LEX": "OUR",
          "PROFORM": "OUR",
          "WNSENSE": "person%1:03:00"
        },
        "start": 45,
        "end": 54
      },
      "root": "#V2414319"
    }
  ],
  "inputtags": [],
  "debug": [
    "*last-utt-id*=NIL  utt-id+480",
    "*last-utt-id*=480  utt-id+480",
    "*last-utt-id*=480  utt-id+480",
    "*last-utt-id*=480  utt-id+NIL"
  ]
}
