{
  "parse": [
    {
      "V573818": {
        "id": "V573818",
        "indicator": "SPEECHACT",
        "type": "SA_IDENTIFY",
        "word": null,
        "roles": {
          "PUNCTYPE": "DECL",
          "CONTENT": "#V573777",
          "LEX": "EIGHTEEN"
        },
        "start": 0,
        "end": 3
      },
      "V573777": {
        "id": "V573777",
        "indicator": "THE",
        "type": "NUMBER",
        "word": null,
        "roles": {
          "NUMBER": "18",
          "LEX": "EIGHTEEN"
        },
        "start": 0,
        "end": 3
      },
      "root": "#V573818"
    }
  ],
  "inputtags": [],
  "debug": [
    "*last-utt-id*=NIL  utt-id+116",
    "*last-utt-id*=116  utt-id+NIL"
  ]
}
