{
  "parse": [
    {
      "V2024590": {
        "id": "V2024590",
        "indicator": "SPEECHACT",
        "type": "SA_IDENTIFY",
        "word": null,
        "roles": {
          "CONTENT": "#V2024543",
          "LEX": "YOU"
        },
        "start": 0,
        "end": 4
      },
      "V2024543": {
        "id": "V2024543",
        "indicator": "PRO",
        "type": "PERSON",
        "word": "YOU",
        "roles": {
          "PROFORM": "YOU",
          "LEX": "YOU",
          "WNSENSE": "person%1:03:00",
          "COREF": "SYS"
        },
        "start": 0,
        "end": 4
      },
      "root": "#V2024590"
    },
    {
      "V2024613": {
        "id": "V2024613",
        "indicator": "SPEECHACT",
        "type": "SA_IDENTIFY",
        "word": null,
        "roles": {
          "CONTENT": "#V2024552",
          "LEX": "RE"
        },
        "start": 4,
        "end": 7
      },
      "V2024552": {
        "id": "V2024552",
        "indicator": "BARE",
        "type": "SUBSTANCE",
        "word": "RE",
        "roles": {
          "LEX": "RE",
          "WNSENSE": "re%1:27:00::"
        },
        "start": 4,
        "end": 7
      },
      "root": "#V2024613"
    },
    {
      "V2024615": {
        "id": "V2024615",
        "indicator": "SPEECHACT",
        "type": "SA_PRED-FRAGMENT",
        "word": null,
        "roles": {
          "PUNCTYPE": "DECL",
          "CONTENT": "#V2024561",
          "LEX": "GROSS"
        },
        "start": 7,
        "end": 13
      },
      "V2024561": {
        "id": "V2024561",
        "indicator": "F",
        "type": "GENERAL-VAL",
        "word": "GROSS",
        "roles": {
          "FIGURE": "#V2024616",
          "SCALE": "EVALUATION-SCALE",
          "LEX": "GROSS",
          "WNSENSE": "gross%3:00:00::"
        },
        "start": 7,
        "end": 13
      },
      "V2024616": {
        "id": "V2024616",
        "indicator": "IMPRO",
        "type": "ANY-SEM",
        "word": null,
        "roles": {
          "CONTEXT-REL": "UTT-FRAG",
          "COREF": "#V2024552"
        },
        "start": 7,
        "end": 13
      },
      "root": "#V2024615"
    },
    {
      "V2024590": {
        "id": "V2024590",
        "indicator": "SPEECHACT",
        "type": "SA_IDENTIFY",
        "word": null,
        "roles": {
          "CONTENT": "#V2024543",
          "LEX": "YOU"
        },
        "start": 0,
        "end": 4
      },
      "V2024543": {
        "id": "V2024543",
        "indicator": "PRO",
        "type": "PERSON",
        "word": "YOU",
        "roles": {
          "PROFORM": "YOU",
          "LEX": "YOU",
          "WNSENSE": "person%1:03:00"
        },
        "start": 0,
        "end": 4
      },
      "root": "#V2024590"
    },
    {
      "V2024613": {
        "id": "V2024613",
        "indicator": "SPEECHACT",
        "type": "SA_IDENTIFY",
        "word": null,
        "roles": {
          "CONTENT": "#V2024552",
          "LEX": "RE"
        },
        "start": 4,
        "end": 7
      },
      "V2024552": {
        "id": "V2024552",
        "indicator": "BARE",
        "type": "SUBSTANCE",
        "word": "RE",
        "roles": {
          "LEX": "RE",
          "WNSENSE": "re%1:27:00::"
        },
        "start": 4,
        "end": 7
      },
      "root": "#V2024613"
    },
    {
      "V2024621": {
        "id": "V2024621",
        "indicator": "SPEECHACT",
        "type": "SA_PRED-FRAGMENT",
        "word": null,
        "roles": {
          "PUNCTYPE": "DECL",
          "CONTENT": "#V2024564",
          "LEX": "GROSS"
        },
        "start": 7,
        "end": 14
      },
      "V2024564": {
        "id": "V2024564",
        "indicator": "F",
        "type": "FAT-VAL",
        "word": "GROSS",
        "roles": {
          "FIGURE": "#V2024622",
          "SCALE": "FAT-SCALE",
          "LEX": "GROSS",
          "WNSENSE": "gross%5:00:00:fat:01"
        },
        "start": 7,
        "end": 13
      },
      "V2024622": {
        "id": "V2024622",
        "indicator": "IMPRO",
        "type": "ANY-SEM",
        "word": null,
        "roles": {
          "CONTEXT-REL": "UTT-FRAG"
        },
        "start": 7,
        "end": 13
      },
      "root": "#V2024621"
    },
    {
      "V2024597": {
        "id": "V2024597",
        "indicator": "SPEECHACT",
        "type": "SA_IDENTIFY",
        "word": null,
        "roles": {
          "CONTENT": "#V2024572",
          "LEX": "-"
        },
        "start": 0,
        "end": 4
      },
      "V2024572": {
        "id": "V2024572",
        "indicator": "THE",
        "type": "QUANTITY-ABSTR",
        "word": null,
        "roles": {
          "FIGURE": "#V2024543"
        },
        "start": 0,
        "end": 4
      },
      "V2024543": {
        "id": "V2024543",
        "indicator": "PRO",
        "type": "PERSON",
        "word": "YOU",
        "roles": {
          "PROFORM": "YOU",
          "LEX": "YOU",
          "WNSENSE": "person%1:03:00"
        },
        "start": 0,
        "end": 4
      },
      "root": "#V2024597"
    },
    {
      "V2024613": {
        "id": "V2024613",
        "indicator": "SPEECHACT",
        "type": "SA_IDENTIFY",
        "word": null,
        "roles": {
          "CONTENT": "#V2024552",
          "LEX": "RE"
        },
        "start": 4,
        "end": 7
      },
      "V2024552": {
        "id": "V2024552",
        "indicator": "BARE",
        "type": "SUBSTANCE",
        "word": "RE",
        "roles": {
          "LEX": "RE",
          "WNSENSE": "re%1:27:00::"
        },
        "start": 4,
        "end": 7
      },
      "root": "#V2024613"
    },
    {
      "V2024615": {
        "id": "V2024615",
        "indicator": "SPEECHACT",
        "type": "SA_PRED-FRAGMENT",
        "word": null,
        "roles": {
          "PUNCTYPE": "DECL",
          "CONTENT": "#V2024561",
          "LEX": "GROSS"
        },
        "start": 7,
        "end": 14
      },
      "V2024561": {
        "id": "V2024561",
        "indicator": "F",
        "type": "GENERAL-VAL",
        "word": "GROSS",
        "roles": {
          "FIGURE": "#V2024616",
          "SCALE": "EVALUATION-SCALE",
          "LEX": "GROSS",
          "WNSENSE": "gross%3:00:00::"
        },
        "start": 7,
        "end": 13
      },
      "V2024616": {
        "id": "V2024616",
        "indicator": "IMPRO",
        "type": "ANY-SEM",
        "word": null,
        "roles": {
          "CONTEXT-REL": "UTT-FRAG"
        },
        "start": 7,
        "end": 13
      },
      "root": "#V2024615"
    },
    {
      "V2024597": {
        "id": "V2024597",
        "indicator": "SPEECHACT",
        "type": "SA_IDENTIFY",
        "word": null,
        "roles": {
          "CONTENT": "#V2024572",
          "LEX": "-"
        },
        "start": 0,
        "end": 4
      },
      "V2024572": {
        "id": "V2024572",
        "indicator": "THE",
        "type": "QUANTITY-ABSTR",
        "word": null,
        "roles": {
          "FIGURE": "#V2024543"
        },
        "start": 0,
        "end": 4
      },
      "V2024543": {
        "id": "V2024543",
        "indicator": "PRO",
        "type": "PERSON",
        "word": "YOU",
        "roles": {
          "PROFORM": "YOU",
          "LEX": "YOU",
          "WNSENSE": "person%1:03:00"
        },
        "start": 0,
        "end": 4
      },
      "root": "#V2024597"
    },
    {
      "V2024613": {
        "id": "V2024613",
        "indicator": "SPEECHACT",
        "type": "SA_IDENTIFY",
        "word": null,
        "roles": {
          "CONTENT": "#V2024552",
          "LEX": "RE"
        },
        "start": 4,
        "end": 7
      },
      "V2024552": {
        "id": "V2024552",
        "indicator": "BARE",
        "type": "SUBSTANCE",
        "word": "RE",
        "roles": {
          "LEX": "RE",
          "WNSENSE": "re%1:27:00::"
        },
        "start": 4,
        "end": 7
      },
      "root": "#V2024613"
    },
    {
      "V2024621": {
        "id": "V2024621",
        "indicator": "SPEECHACT",
        "type": "SA_PRED-FRAGMENT",
        "word": null,
        "roles": {
          "PUNCTYPE": "DECL",
          "CONTENT": "#V2024564",
          "LEX": "GROSS"
        },
        "start": 7,
        "end": 14
      },
      "V2024564": {
        "id": "V2024564",
        "indicator": "F",
        "type": "FAT-VAL",
        "word": "GROSS",
        "roles": {
          "FIGURE": "#V2024622",
          "SCALE": "FAT-SCALE",
          "LEX": "GROSS",
          "WNSENSE": "gross%5:00:00:fat:01"
        },
        "start": 7,
        "end": 13
      },
      "V2024622": {
        "id": "V2024622",
        "indicator": "IMPRO",
        "type": "ANY-SEM",
        "word": null,
        "roles": {
          "CONTEXT-REL": "UTT-FRAG"
        },
        "start": 7,
        "end": 13
      },
      "root": "#V2024621"
    },
    {
      "V2024599": {
        "id": "V2024599",
        "indicator": "SPEECHACT",
        "type": "SA_IDENTIFY",
        "word": null,
        "roles": {
          "CONTENT": "#V2024544",
          "LEX": "YOU"
        },
        "start": 0,
        "end": 4
      },
      "V2024544": {
        "id": "V2024544",
        "indicator": "PRO-SET",
        "type": "PERSON",
        "word": "YOU",
        "roles": {
          "PROFORM": "YOU",
          "LEX": "YOU",
          "WNSENSE": "person%1:03:00"
        },
        "start": 0,
        "end": 4
      },
      "root": "#V2024599"
    },
    {
      "V2024613": {
        "id": "V2024613",
        "indicator": "SPEECHACT",
        "type": "SA_IDENTIFY",
        "word": null,
        "roles": {
          "CONTENT": "#V2024552",
          "LEX": "RE"
        },
        "start": 4,
        "end": 7
      },
      "V2024552": {
        "id": "V2024552",
        "indicator": "BARE",
        "type": "SUBSTANCE",
        "word": "RE",
        "roles": {
          "LEX": "RE",
          "WNSENSE": "re%1:27:00::"
        },
        "start": 4,
        "end": 7
      },
      "root": "#V2024613"
    },
    {
      "V2024615": {
        "id": "V2024615",
        "indicator": "SPEECHACT",
        "type": "SA_PRED-FRAGMENT",
        "word": null,
        "roles": {
          "PUNCTYPE": "DECL",
          "CONTENT": "#V2024561",
          "LEX": "GROSS"
        },
        "start": 7,
        "end": 14
      },
      "V2024561": {
        "id": "V2024561",
        "indicator": "F",
        "type": "GENERAL-VAL",
        "word": "GROSS",
        "roles": {
          "FIGURE": "#V2024616",
          "SCALE": "EVALUATION-SCALE",
          "LEX": "GROSS",
          "WNSENSE": "gross%3:00:00::"
        },
        "start": 7,
        "end": 13
      },
      "V2024616": {
        "id": "V2024616",
        "indicator": "IMPRO",
        "type": "ANY-SEM",
        "word": null,
        "roles": {
          "CONTEXT-REL": "UTT-FRAG"
        },
        "start": 7,
        "end": 13
      },
      "root": "#V2024615"
    },
    {
      "V2024590": {
        "id": "V2024590",
        "indicator": "SPEECHACT",
        "type": "SA_IDENTIFY",
        "word": null,
        "roles": {
          "CONTENT": "#V2024543",
          "LEX": "YOU"
        },
        "start": 0,
        "end": 4
      },
      "V2024543": {
        "id": "V2024543",
        "indicator": "PRO",
        "type": "PERSON",
        "word": "YOU",
        "roles": {
          "PROFORM": "YOU",
          "LEX": "YOU",
          "WNSENSE": "person%1:03:00"
        },
        "start": 0,
        "end": 4
      },
      "root": "#V2024590"
    },
    {
      "V2024624": {
        "id": "V2024624",
        "indicator": "SPEECHACT",
        "type": "SA_IDENTIFY",
        "word": null,
        "roles": {
          "CONTENT": "#V2024604",
          "LEX": "-"
        },
        "start": 4,
        "end": 7
      },
      "V2024604": {
        "id": "V2024604",
        "indicator": "THE",
        "type": "QUANTITY-ABSTR",
        "word": null,
        "roles": {
          "FIGURE": "#V2024552"
        },
        "start": 4,
        "end": 7
      },
      "V2024552": {
        "id": "V2024552",
        "indicator": "BARE",
        "type": "SUBSTANCE",
        "word": "RE",
        "roles": {
          "LEX": "RE",
          "WNSENSE": "re%1:27:00::"
        },
        "start": 4,
        "end": 7
      },
      "root": "#V2024624"
    },
    {
      "V2024615": {
        "id": "V2024615",
        "indicator": "SPEECHACT",
        "type": "SA_PRED-FRAGMENT",
        "word": null,
        "roles": {
          "PUNCTYPE": "DECL",
          "CONTENT": "#V2024561",
          "LEX": "GROSS"
        },
        "start": 7,
        "end": 14
      },
      "V2024561": {
        "id": "V2024561",
        "indicator": "F",
        "type": "GENERAL-VAL",
        "word": "GROSS",
        "roles": {
          "FIGURE": "#V2024616",
          "SCALE": "EVALUATION-SCALE",
          "LEX": "GROSS",
          "WNSENSE": "gross%3:00:00::"
        },
        "start": 7,
        "end": 13
      },
      "V2024616": {
        "id": "V2024616",
        "indicator": "IMPRO",
        "type": "ANY-SEM",
        "word": null,
        "roles": {
          "CONTEXT-REL": "UTT-FRAG"
        },
        "start": 7,
        "end": 13
      },
      "root": "#V2024615"
    },
    {
      "V2024599": {
        "id": "V2024599",
        "indicator": "SPEECHACT",
        "type": "SA_IDENTIFY",
        "word": null,
        "roles": {
          "CONTENT": "#V2024544",
          "LEX": "YOU"
        },
        "start": 0,
        "end": 4
      },
      "V2024544": {
        "id": "V2024544",
        "indicator": "PRO-SET",
        "type": "PERSON",
        "word": "YOU",
        "roles": {
          "PROFORM": "YOU",
          "LEX": "YOU",
          "WNSENSE": "person%1:03:00"
        },
        "start": 0,
        "end": 4
      },
      "root": "#V2024599"
    },
    {
      "V2024613": {
        "id": "V2024613",
        "indicator": "SPEECHACT",
        "type": "SA_IDENTIFY",
        "word": null,
        "roles": {
          "CONTENT": "#V2024552",
          "LEX": "RE"
        },
        "start": 4,
        "end": 7
      },
      "V2024552": {
        "id": "V2024552",
        "indicator": "BARE",
        "type": "SUBSTANCE",
        "word": "RE",
        "roles": {
          "LEX": "RE",
          "WNSENSE": "re%1:27:00::"
        },
        "start": 4,
        "end": 7
      },
      "root": "#V2024613"
    },
    {
      "V2024621": {
        "id": "V2024621",
        "indicator": "SPEECHACT",
        "type": "SA_PRED-FRAGMENT",
        "word": null,
        "roles": {
          "PUNCTYPE": "DECL",
          "CONTENT": "#V2024564",
          "LEX": "GROSS"
        },
        "start": 7,
        "end": 14
      },
      "V2024564": {
        "id": "V2024564",
        "indicator": "F",
        "type": "FAT-VAL",
        "word": "GROSS",
        "roles": {
          "FIGURE": "#V2024622",
          "SCALE": "FAT-SCALE",
          "LEX": "GROSS",
          "WNSENSE": "gross%5:00:00:fat:01"
        },
        "start": 7,
        "end": 13
      },
      "V2024622": {
        "id": "V2024622",
        "indicator": "IMPRO",
        "type": "ANY-SEM",
        "word": null,
        "roles": {
          "CONTEXT-REL": "UTT-FRAG"
        },
        "start": 7,
        "end": 13
      },
      "root": "#V2024621"
    },
    {
      "V2024601": {
        "id": "V2024601",
        "indicator": "SPEECHACT",
        "type": "SA_IDENTIFY",
        "word": null,
        "roles": {
          "CONTENT": "#V2024587",
          "LEX": "-"
        },
        "start": 0,
        "end": 4
      },
      "V2024587": {
        "id": "V2024587",
        "indicator": "THE",
        "type": "QUANTITY-ABSTR",
        "word": null,
        "roles": {
          "FIGURE": "#V2024544"
        },
        "start": 0,
        "end": 4
      },
      "V2024544": {
        "id": "V2024544",
        "indicator": "PRO-SET",
        "type": "PERSON",
        "word": "YOU",
        "roles": {
          "PROFORM": "YOU",
          "LEX": "YOU",
          "WNSENSE": "person%1:03:00"
        },
        "start": 0,
        "end": 4
      },
      "root": "#V2024601"
    },
    {
      "V2024613": {
        "id": "V2024613",
        "indicator": "SPEECHACT",
        "type": "SA_IDENTIFY",
        "word": null,
        "roles": {
          "CONTENT": "#V2024552",
          "LEX": "RE"
        },
        "start": 4,
        "end": 7
      },
      "V2024552": {
        "id": "V2024552",
        "indicator": "BARE",
        "type": "SUBSTANCE",
        "word": "RE",
        "roles": {
          "LEX": "RE",
          "WNSENSE": "re%1:27:00::"
        },
        "start": 4,
        "end": 7
      },
      "root": "#V2024613"
    },
    {
      "V2024615": {
        "id": "V2024615",
        "indicator": "SPEECHACT",
        "type": "SA_PRED-FRAGMENT",
        "word": null,
        "roles": {
          "PUNCTYPE": "DECL",
          "CONTENT": "#V2024561",
          "LEX": "GROSS"
        },
        "start": 7,
        "end": 14
      },
      "V2024561": {
        "id": "V2024561",
        "indicator": "F",
        "type": "GENERAL-VAL",
        "word": "GROSS",
        "roles": {
          "FIGURE": "#V2024616",
          "SCALE": "EVALUATION-SCALE",
          "LEX": "GROSS",
          "WNSENSE": "gross%3:00:00::"
        },
        "start": 7,
        "end": 13
      },
      "V2024616": {
        "id": "V2024616",
        "indicator": "IMPRO",
        "type": "ANY-SEM",
        "word": null,
        "roles": {
          "CONTEXT-REL": "UTT-FRAG"
        },
        "start": 7,
        "end": 13
      },
      "root": "#V2024615"
    },
    {
      "V2024590": {
        "id": "V2024590",
        "indicator": "SPEECHACT",
        "type": "SA_IDENTIFY",
        "word": null,
        "roles": {
          "CONTENT": "#V2024543",
          "LEX": "YOU"
        },
        "start": 0,
        "end": 4
      },
      "V2024543": {
        "id": "V2024543",
        "indicator": "PRO",
        "type": "PERSON",
        "word": "YOU",
        "roles": {
          "PROFORM": "YOU",
          "LEX": "YOU",
          "WNSENSE": "person%1:03:00"
        },
        "start": 0,
        "end": 4
      },
      "root": "#V2024590"
    },
    {
      "V2024627": {
        "id": "V2024627",
        "indicator": "SPEECHACT",
        "type": "SA_IDENTIFY",
        "word": null,
        "roles": {
          "CONTENT": "#V2024555",
          "LEX": "RE"
        },
        "start": 4,
        "end": 7
      },
      "V2024555": {
        "id": "V2024555",
        "indicator": "BARE",
        "type": "LINGUISTIC-OBJECT",
        "word": "RE",
        "roles": {
          "LEX": "RE",
          "WNSENSE": "re%1:10:00::"
        },
        "start": 4,
        "end": 7
      },
      "root": "#V2024627"
    },
    {
      "V2024615": {
        "id": "V2024615",
        "indicator": "SPEECHACT",
        "type": "SA_PRED-FRAGMENT",
        "word": null,
        "roles": {
          "PUNCTYPE": "DECL",
          "CONTENT": "#V2024561",
          "LEX": "GROSS"
        },
        "start": 7,
        "end": 14
      },
      "V2024561": {
        "id": "V2024561",
        "indicator": "F",
        "type": "GENERAL-VAL",
        "word": "GROSS",
        "roles": {
          "FIGURE": "#V2024616",
          "SCALE": "EVALUATION-SCALE",
          "LEX": "GROSS",
          "WNSENSE": "gross%3:00:00::"
        },
        "start": 7,
        "end": 13
      },
      "V2024616": {
        "id": "V2024616",
        "indicator": "IMPRO",
        "type": "ANY-SEM",
        "word": null,
        "roles": {
          "CONTEXT-REL": "UTT-FRAG"
        },
        "start": 7,
        "end": 13
      },
      "root": "#V2024615"
    },
    {
      "V2024590": {
        "id": "V2024590",
        "indicator": "SPEECHACT",
        "type": "SA_IDENTIFY",
        "word": null,
        "roles": {
          "CONTENT": "#V2024543",
          "LEX": "YOU"
        },
        "start": 0,
        "end": 4
      },
      "V2024543": {
        "id": "V2024543",
        "indicator": "PRO",
        "type": "PERSON",
        "word": "YOU",
        "roles": {
          "PROFORM": "YOU",
          "LEX": "YOU",
          "WNSENSE": "person%1:03:00"
        },
        "start": 0,
        "end": 4
      },
      "root": "#V2024590"
    },
    {
      "V2024624": {
        "id": "V2024624",
        "indicator": "SPEECHACT",
        "type": "SA_IDENTIFY",
        "word": null,
        "roles": {
          "CONTENT": "#V2024604",
          "LEX": "-"
        },
        "start": 4,
        "end": 7
      },
      "V2024604": {
        "id": "V2024604",
        "indicator": "THE",
        "type": "QUANTITY-ABSTR",
        "word": null,
        "roles": {
          "FIGURE": "#V2024552"
        },
        "start": 4,
        "end": 7
      },
      "V2024552": {
        "id": "V2024552",
        "indicator": "BARE",
        "type": "SUBSTANCE",
        "word": "RE",
        "roles": {
          "LEX": "RE",
          "WNSENSE": "re%1:27:00::"
        },
        "start": 4,
        "end": 7
      },
      "root": "#V2024624"
    },
    {
      "V2024621": {
        "id": "V2024621",
        "indicator": "SPEECHACT",
        "type": "SA_PRED-FRAGMENT",
        "word": null,
        "roles": {
          "PUNCTYPE": "DECL",
          "CONTENT": "#V2024564",
          "LEX": "GROSS"
        },
        "start": 7,
        "end": 14
      },
      "V2024564": {
        "id": "V2024564",
        "indicator": "F",
        "type": "FAT-VAL",
        "word": "GROSS",
        "roles": {
          "FIGURE": "#V2024622",
          "SCALE": "FAT-SCALE",
          "LEX": "GROSS",
          "WNSENSE": "gross%5:00:00:fat:01"
        },
        "start": 7,
        "end": 13
      },
      "V2024622": {
        "id": "V2024622",
        "indicator": "IMPRO",
        "type": "ANY-SEM",
        "word": null,
        "roles": {
          "CONTEXT-REL": "UTT-FRAG"
        },
        "start": 7,
        "end": 13
      },
      "root": "#V2024621"
    },
    {
      "V2024601": {
        "id": "V2024601",
        "indicator": "SPEECHACT",
        "type": "SA_IDENTIFY",
        "word": null,
        "roles": {
          "CONTENT": "#V2024587",
          "LEX": "-"
        },
        "start": 0,
        "end": 4
      },
      "V2024587": {
        "id": "V2024587",
        "indicator": "THE",
        "type": "QUANTITY-ABSTR",
        "word": null,
        "roles": {
          "FIGURE": "#V2024544"
        },
        "start": 0,
        "end": 4
      },
      "V2024544": {
        "id": "V2024544",
        "indicator": "PRO-SET",
        "type": "PERSON",
        "word": "YOU",
        "roles": {
          "PROFORM": "YOU",
          "LEX": "YOU",
          "WNSENSE": "person%1:03:00"
        },
        "start": 0,
        "end": 4
      },
      "root": "#V2024601"
    },
    {
      "V2024613": {
        "id": "V2024613",
        "indicator": "SPEECHACT",
        "type": "SA_IDENTIFY",
        "word": null,
        "roles": {
          "CONTENT": "#V2024552",
          "LEX": "RE"
        },
        "start": 4,
        "end": 7
      },
      "V2024552": {
        "id": "V2024552",
        "indicator": "BARE",
        "type": "SUBSTANCE",
        "word": "RE",
        "roles": {
          "LEX": "RE",
          "WNSENSE": "re%1:27:00::"
        },
        "start": 4,
        "end": 7
      },
      "root": "#V2024613"
    },
    {
      "V2024621": {
        "id": "V2024621",
        "indicator": "SPEECHACT",
        "type": "SA_PRED-FRAGMENT",
        "word": null,
        "roles": {
          "PUNCTYPE": "DECL",
          "CONTENT": "#V2024564",
          "LEX": "GROSS"
        },
        "start": 7,
        "end": 14
      },
      "V2024564": {
        "id": "V2024564",
        "indicator": "F",
        "type": "FAT-VAL",
        "word": "GROSS",
        "roles": {
          "FIGURE": "#V2024622",
          "SCALE": "FAT-SCALE",
          "LEX": "GROSS",
          "WNSENSE": "gross%5:00:00:fat:01"
        },
        "start": 7,
        "end": 13
      },
      "V2024622": {
        "id": "V2024622",
        "indicator": "IMPRO",
        "type": "ANY-SEM",
        "word": null,
        "roles": {
          "CONTEXT-REL": "UTT-FRAG"
        },
        "start": 7,
        "end": 13
      },
      "root": "#V2024621"
    },
    {
      "V2024597": {
        "id": "V2024597",
        "indicator": "SPEECHACT",
        "type": "SA_IDENTIFY",
        "word": null,
        "roles": {
          "CONTENT": "#V2024572",
          "LEX": "-"
        },
        "start": 0,
        "end": 4
      },
      "V2024572": {
        "id": "V2024572",
        "indicator": "THE",
        "type": "QUANTITY-ABSTR",
        "word": null,
        "roles": {
          "FIGURE": "#V2024543"
        },
        "start": 0,
        "end": 4
      },
      "V2024543": {
        "id": "V2024543",
        "indicator": "PRO",
        "type": "PERSON",
        "word": "YOU",
        "roles": {
          "PROFORM": "YOU",
          "LEX": "YOU",
          "WNSENSE": "person%1:03:00"
        },
        "start": 0,
        "end": 4
      },
      "root": "#V2024597"
    },
    {
      "V2024624": {
        "id": "V2024624",
        "indicator": "SPEECHACT",
        "type": "SA_IDENTIFY",
        "word": null,
        "roles": {
          "CONTENT": "#V2024604",
          "LEX": "-"
        },
        "start": 4,
        "end": 7
      },
      "V2024604": {
        "id": "V2024604",
        "indicator": "THE",
        "type": "QUANTITY-ABSTR",
        "word": null,
        "roles": {
          "FIGURE": "#V2024552"
        },
        "start": 4,
        "end": 7
      },
      "V2024552": {
        "id": "V2024552",
        "indicator": "BARE",
        "type": "SUBSTANCE",
        "word": "RE",
        "roles": {
          "LEX": "RE",
          "WNSENSE": "re%1:27:00::"
        },
        "start": 4,
        "end": 7
      },
      "root": "#V2024624"
    },
    {
      "V2024615": {
        "id": "V2024615",
        "indicator": "SPEECHACT",
        "type": "SA_PRED-FRAGMENT",
        "word": null,
        "roles": {
          "PUNCTYPE": "DECL",
          "CONTENT": "#V2024561",
          "LEX": "GROSS"
        },
        "start": 7,
        "end": 14
      },
      "V2024561": {
        "id": "V2024561",
        "indicator": "F",
        "type": "GENERAL-VAL",
        "word": "GROSS",
        "roles": {
          "FIGURE": "#V2024616",
          "SCALE": "EVALUATION-SCALE",
          "LEX": "GROSS",
          "WNSENSE": "gross%3:00:00::"
        },
        "start": 7,
        "end": 13
      },
      "V2024616": {
        "id": "V2024616",
        "indicator": "IMPRO",
        "type": "ANY-SEM",
        "word": null,
        "roles": {
          "CONTEXT-REL": "UTT-FRAG"
        },
        "start": 7,
        "end": 13
      },
      "root": "#V2024615"
    },
    {
      "V2024590": {
        "id": "V2024590",
        "indicator": "SPEECHACT",
        "type": "SA_IDENTIFY",
        "word": null,
        "roles": {
          "CONTENT": "#V2024543",
          "LEX": "YOU"
        },
        "start": 0,
        "end": 4
      },
      "V2024543": {
        "id": "V2024543",
        "indicator": "PRO",
        "type": "PERSON",
        "word": "YOU",
        "roles": {
          "PROFORM": "YOU",
          "LEX": "YOU",
          "WNSENSE": "person%1:03:00"
        },
        "start": 0,
        "end": 4
      },
      "root": "#V2024590"
    },
    {
      "V2024627": {
        "id": "V2024627",
        "indicator": "SPEECHACT",
        "type": "SA_IDENTIFY",
        "word": null,
        "roles": {
          "CONTENT": "#V2024555",
          "LEX": "RE"
        },
        "start": 4,
        "end": 7
      },
      "V2024555": {
        "id": "V2024555",
        "indicator": "BARE",
        "type": "LINGUISTIC-OBJECT",
        "word": "RE",
        "roles": {
          "LEX": "RE",
          "WNSENSE": "re%1:10:00::"
        },
        "start": 4,
        "end": 7
      },
      "root": "#V2024627"
    },
    {
      "V2024621": {
        "id": "V2024621",
        "indicator": "SPEECHACT",
        "type": "SA_PRED-FRAGMENT",
        "word": null,
        "roles": {
          "PUNCTYPE": "DECL",
          "CONTENT": "#V2024564",
          "LEX": "GROSS"
        },
        "start": 7,
        "end": 14
      },
      "V2024564": {
        "id": "V2024564",
        "indicator": "F",
        "type": "FAT-VAL",
        "word": "GROSS",
        "roles": {
          "FIGURE": "#V2024622",
          "SCALE": "FAT-SCALE",
          "LEX": "GROSS",
          "WNSENSE": "gross%5:00:00:fat:01"
        },
        "start": 7,
        "end": 13
      },
      "V2024622": {
        "id": "V2024622",
        "indicator": "IMPRO",
        "type": "ANY-SEM",
        "word": null,
        "roles": {
          "CONTEXT-REL": "UTT-FRAG"
        },
        "start": 7,
        "end": 13
      },
      "root": "#V2024621"
    },
    {
      "V2024597": {
        "id": "V2024597",
        "indicator": "SPEECHACT",
        "type": "SA_IDENTIFY",
        "word": null,
        "roles": {
          "CONTENT": "#V2024572",
          "LEX": "-"
        },
        "start": 0,
        "end": 4
      },
      "V2024572": {
        "id": "V2024572",
        "indicator": "THE",
        "type": "QUANTITY-ABSTR",
        "word": null,
        "roles": {
          "FIGURE": "#V2024543"
        },
        "start": 0,
        "end": 4
      },
      "V2024543": {
        "id": "V2024543",
        "indicator": "PRO",
        "type": "PERSON",
        "word": "YOU",
        "roles": {
          "PROFORM": "YOU",
          "LEX": "YOU",
          "WNSENSE": "person%1:03:00"
        },
        "start": 0,
        "end": 4
      },
      "root": "#V2024597"
    },
    {
      "V2024627": {
        "id": "V2024627",
        "indicator": "SPEECHACT",
        "type": "SA_IDENTIFY",
        "word": null,
        "roles": {
          "CONTENT": "#V2024555",
          "LEX": "RE"
        },
        "start": 4,
        "end": 7
      },
      "V2024555": {
        "id": "V2024555",
        "indicator": "BARE",
        "type": "LINGUISTIC-OBJECT",
        "word": "RE",
        "roles": {
          "LEX": "RE",
          "WNSENSE": "re%1:10:00::"
        },
        "start": 4,
        "end": 7
      },
      "root": "#V2024627"
    },
    {
      "V2024615": {
        "id": "V2024615",
        "indicator": "SPEECHACT",
        "type": "SA_PRED-FRAGMENT",
        "word": null,
        "roles": {
          "PUNCTYPE": "DECL",
          "CONTENT": "#V2024561",
          "LEX": "GROSS"
        },
        "start": 7,
        "end": 14
      },
      "V2024561": {
        "id": "V2024561",
        "indicator": "F",
        "type": "GENERAL-VAL",
        "word": "GROSS",
        "roles": {
          "FIGURE": "#V2024616",
          "SCALE": "EVALUATION-SCALE",
          "LEX": "GROSS",
          "WNSENSE": "gross%3:00:00::"
        },
        "start": 7,
        "end": 13
      },
      "V2024616": {
        "id": "V2024616",
        "indicator": "IMPRO",
        "type": "ANY-SEM",
        "word": null,
        "roles": {
          "CONTEXT-REL": "UTT-FRAG"
        },
        "start": 7,
        "end": 13
      },
      "root": "#V2024615"
    },
    {
      "V2024597": {
        "id": "V2024597",
        "indicator": "SPEECHACT",
        "type": "SA_IDENTIFY",
        "word": null,
        "roles": {
          "CONTENT": "#V2024572",
          "LEX": "-"
        },
        "start": 0,
        "end": 4
      },
      "V2024572": {
        "id": "V2024572",
        "indicator": "THE",
        "type": "QUANTITY-ABSTR",
        "word": null,
        "roles": {
          "FIGURE": "#V2024543"
        },
        "start": 0,
        "end": 4
      },
      "V2024543": {
        "id": "V2024543",
        "indicator": "PRO",
        "type": "PERSON",
        "word": "YOU",
        "roles": {
          "PROFORM": "YOU",
          "LEX": "YOU",
          "WNSENSE": "person%1:03:00"
        },
        "start": 0,
        "end": 4
      },
      "root": "#V2024597"
    },
    {
      "V2024624": {
        "id": "V2024624",
        "indicator": "SPEECHACT",
        "type": "SA_IDENTIFY",
        "word": null,
        "roles": {
          "CONTENT": "#V2024604",
          "LEX": "-"
        },
        "start": 4,
        "end": 7
      },
      "V2024604": {
        "id": "V2024604",
        "indicator": "THE",
        "type": "QUANTITY-ABSTR",
        "word": null,
        "roles": {
          "FIGURE": "#V2024552"
        },
        "start": 4,
        "end": 7
      },
      "V2024552": {
        "id": "V2024552",
        "indicator": "BARE",
        "type": "SUBSTANCE",
        "word": "RE",
        "roles": {
          "LEX": "RE",
          "WNSENSE": "re%1:27:00::"
        },
        "start": 4,
        "end": 7
      },
      "root": "#V2024624"
    },
    {
      "V2024621": {
        "id": "V2024621",
        "indicator": "SPEECHACT",
        "type": "SA_PRED-FRAGMENT",
        "word": null,
        "roles": {
          "PUNCTYPE": "DECL",
          "CONTENT": "#V2024564",
          "LEX": "GROSS"
        },
        "start": 7,
        "end": 14
      },
      "V2024564": {
        "id": "V2024564",
        "indicator": "F",
        "type": "FAT-VAL",
        "word": "GROSS",
        "roles": {
          "FIGURE": "#V2024622",
          "SCALE": "FAT-SCALE",
          "LEX": "GROSS",
          "WNSENSE": "gross%5:00:00:fat:01"
        },
        "start": 7,
        "end": 13
      },
      "V2024622": {
        "id": "V2024622",
        "indicator": "IMPRO",
        "type": "ANY-SEM",
        "word": null,
        "roles": {
          "CONTEXT-REL": "UTT-FRAG"
        },
        "start": 7,
        "end": 13
      },
      "root": "#V2024621"
    },
    {
      "V2024599": {
        "id": "V2024599",
        "indicator": "SPEECHACT",
        "type": "SA_IDENTIFY",
        "word": null,
        "roles": {
          "CONTENT": "#V2024544",
          "LEX": "YOU"
        },
        "start": 0,
        "end": 4
      },
      "V2024544": {
        "id": "V2024544",
        "indicator": "PRO-SET",
        "type": "PERSON",
        "word": "YOU",
        "roles": {
          "PROFORM": "YOU",
          "LEX": "YOU",
          "WNSENSE": "person%1:03:00"
        },
        "start": 0,
        "end": 4
      },
      "root": "#V2024599"
    },
    {
      "V2024624": {
        "id": "V2024624",
        "indicator": "SPEECHACT",
        "type": "SA_IDENTIFY",
        "word": null,
        "roles": {
          "CONTENT": "#V2024604",
          "LEX": "-"
        },
        "start": 4,
        "end": 7
      },
      "V2024604": {
        "id": "V2024604",
        "indicator": "THE",
        "type": "QUANTITY-ABSTR",
        "word": null,
        "roles": {
          "FIGURE": "#V2024552"
        },
        "start": 4,
        "end": 7
      },
      "V2024552": {
        "id": "V2024552",
        "indicator": "BARE",
        "type": "SUBSTANCE",
        "word": "RE",
        "roles": {
          "LEX": "RE",
          "WNSENSE": "re%1:27:00::"
        },
        "start": 4,
        "end": 7
      },
      "root": "#V2024624"
    },
    {
      "V2024615": {
        "id": "V2024615",
        "indicator": "SPEECHACT",
        "type": "SA_PRED-FRAGMENT",
        "word": null,
        "roles": {
          "PUNCTYPE": "DECL",
          "CONTENT": "#V2024561",
          "LEX": "GROSS"
        },
        "start": 7,
        "end": 14
      },
      "V2024561": {
        "id": "V2024561",
        "indicator": "F",
        "type": "GENERAL-VAL",
        "word": "GROSS",
        "roles": {
          "FIGURE": "#V2024616",
          "SCALE": "EVALUATION-SCALE",
          "LEX": "GROSS",
          "WNSENSE": "gross%3:00:00::"
        },
        "start": 7,
        "end": 13
      },
      "V2024616": {
        "id": "V2024616",
        "indicator": "IMPRO",
        "type": "ANY-SEM",
        "word": null,
        "roles": {
          "CONTEXT-REL": "UTT-FRAG"
        },
        "start": 7,
        "end": 13
      },
      "root": "#V2024615"
    },
    {
      "V2024597": {
        "id": "V2024597",
        "indicator": "SPEECHACT",
        "type": "SA_IDENTIFY",
        "word": null,
        "roles": {
          "CONTENT": "#V2024572",
          "LEX": "-"
        },
        "start": 0,
        "end": 4
      },
      "V2024572": {
        "id": "V2024572",
        "indicator": "THE",
        "type": "QUANTITY-ABSTR",
        "word": null,
        "roles": {
          "FIGURE": "#V2024543"
        },
        "start": 0,
        "end": 4
      },
      "V2024543": {
        "id": "V2024543",
        "indicator": "PRO",
        "type": "PERSON",
        "word": "YOU",
        "roles": {
          "PROFORM": "YOU",
          "LEX": "YOU",
          "WNSENSE": "person%1:03:00"
        },
        "start": 0,
        "end": 4
      },
      "root": "#V2024597"
    },
    {
      "V2024627": {
        "id": "V2024627",
        "indicator": "SPEECHACT",
        "type": "SA_IDENTIFY",
        "word": null,
        "roles": {
          "CONTENT": "#V2024555",
          "LEX": "RE"
        },
        "start": 4,
        "end": 7
      },
      "V2024555": {
        "id": "V2024555",
        "indicator": "BARE",
        "type": "LINGUISTIC-OBJECT",
        "word": "RE",
        "roles": {
          "LEX": "RE",
          "WNSENSE": "re%1:10:00::"
        },
        "start": 4,
        "end": 7
      },
      "root": "#V2024627"
    },
    {
      "V2024621": {
        "id": "V2024621",
        "indicator": "SPEECHACT",
        "type": "SA_PRED-FRAGMENT",
        "word": null,
        "roles": {
          "PUNCTYPE": "DECL",
          "CONTENT": "#V2024564",
          "LEX": "GROSS"
        },
        "start": 7,
        "end": 14
      },
      "V2024564": {
        "id": "V2024564",
        "indicator": "F",
        "type": "FAT-VAL",
        "word": "GROSS",
        "roles": {
          "FIGURE": "#V2024622",
          "SCALE": "FAT-SCALE",
          "LEX": "GROSS",
          "WNSENSE": "gross%5:00:00:fat:01"
        },
        "start": 7,
        "end": 13
      },
      "V2024622": {
        "id": "V2024622",
        "indicator": "IMPRO",
        "type": "ANY-SEM",
        "word": null,
        "roles": {
          "CONTEXT-REL": "UTT-FRAG"
        },
        "start": 7,
        "end": 13
      },
      "root": "#V2024621"
    },
    {
      "V2024599": {
        "id": "V2024599",
        "indicator": "SPEECHACT",
        "type": "SA_IDENTIFY",
        "word": null,
        "roles": {
          "CONTENT": "#V2024544",
          "LEX": "YOU"
        },
        "start": 0,
        "end": 4
      },
      "V2024544": {
        "id": "V2024544",
        "indicator": "PRO-SET",
        "type": "PERSON",
        "word": "YOU",
        "roles": {
          "PROFORM": "YOU",
          "LEX": "YOU",
          "WNSENSE": "person%1:03:00"
        },
        "start": 0,
        "end": 4
      },
      "root": "#V2024599"
    },
    {
      "V2024627": {
        "id": "V2024627",
        "indicator": "SPEECHACT",
        "type": "SA_IDENTIFY",
        "word": null,
        "roles": {
          "CONTENT": "#V2024555",
          "LEX": "RE"
        },
        "start": 4,
        "end": 7
      },
      "V2024555": {
        "id": "V2024555",
        "indicator": "BARE",
        "type": "LINGUISTIC-OBJECT",
        "word": "RE",
        "roles": {
          "LEX": "RE",
          "WNSENSE": "re%1:10:00::"
        },
        "start": 4,
        "end": 7
      },
      "root": "#V2024627"
    },
    {
      "V2024615": {
        "id": "V2024615",
        "indicator": "SPEECHACT",
        "type": "SA_PRED-FRAGMENT",
        "word": null,
        "roles": {
          "PUNCTYPE": "DECL",
          "CONTENT": "#V2024561",
          "LEX": "GROSS"
        },
        "start": 7,
        "end": 14
      },
      "V2024561": {
        "id": "V2024561",
        "indicator": "F",
        "type": "GENERAL-VAL",
        "word": "GROSS",
        "roles": {
          "FIGURE": "#V2024616",
          "SCALE": "EVALUATION-SCALE",
          "LEX": "GROSS",
          "WNSENSE": "gross%3:00:00::"
        },
        "start": 7,
        "end": 13
      },
      "V2024616": {
        "id": "V2024616",
        "indicator": "IMPRO",
        "type": "ANY-SEM",
        "word": null,
        "roles": {
          "CONTEXT-REL": "UTT-FRAG"
        },
        "start": 7,
        "end": 13
      },
      "root": "#V2024615"
    },
    {
      "V2024599": {
        "id": "V2024599",
        "indicator": "SPEECHACT",
        "type": "SA_IDENTIFY",
        "word": null,
        "roles": {
          "CONTENT": "#V2024544",
          "LEX": "YOU"
        },
        "start": 0,
        "end": 4
      },
      "V2024544": {
        "id": "V2024544",
        "indicator": "PRO-SET",
        "type": "PERSON",
        "word": "YOU",
        "roles": {
          "PROFORM": "YOU",
          "LEX": "YOU",
          "WNSENSE": "person%1:03:00"
        },
        "start": 0,
        "end": 4
      },
      "root": "#V2024599"
    },
    {
      "V2024624": {
        "id": "V2024624",
        "indicator": "SPEECHACT",
        "type": "SA_IDENTIFY",
        "word": null,
        "roles": {
          "CONTENT": "#V2024604",
          "LEX": "-"
        },
        "start": 4,
        "end": 7
      },
      "V2024604": {
        "id": "V2024604",
        "indicator": "THE",
        "type": "QUANTITY-ABSTR",
        "word": null,
        "roles": {
          "FIGURE": "#V2024552"
        },
        "start": 4,
        "end": 7
      },
      "V2024552": {
        "id": "V2024552",
        "indicator": "BARE",
        "type": "SUBSTANCE",
        "word": "RE",
        "roles": {
          "LEX": "RE",
          "WNSENSE": "re%1:27:00::"
        },
        "start": 4,
        "end": 7
      },
      "root": "#V2024624"
    },
    {
      "V2024621": {
        "id": "V2024621",
        "indicator": "SPEECHACT",
        "type": "SA_PRED-FRAGMENT",
        "word": null,
        "roles": {
          "PUNCTYPE": "DECL",
          "CONTENT": "#V2024564",
          "LEX": "GROSS"
        },
        "start": 7,
        "end": 14
      },
      "V2024564": {
        "id": "V2024564",
        "indicator": "F",
        "type": "FAT-VAL",
        "word": "GROSS",
        "roles": {
          "FIGURE": "#V2024622",
          "SCALE": "FAT-SCALE",
          "LEX": "GROSS",
          "WNSENSE": "gross%5:00:00:fat:01"
        },
        "start": 7,
        "end": 13
      },
      "V2024622": {
        "id": "V2024622",
        "indicator": "IMPRO",
        "type": "ANY-SEM",
        "word": null,
        "roles": {
          "CONTEXT-REL": "UTT-FRAG"
        },
        "start": 7,
        "end": 13
      },
      "root": "#V2024621"
    },
    {
      "V2024601": {
        "id": "V2024601",
        "indicator": "SPEECHACT",
        "type": "SA_IDENTIFY",
        "word": null,
        "roles": {
          "CONTENT": "#V2024587",
          "LEX": "-"
        },
        "start": 0,
        "end": 4
      },
      "V2024587": {
        "id": "V2024587",
        "indicator": "THE",
        "type": "QUANTITY-ABSTR",
        "word": null,
        "roles": {
          "FIGURE": "#V2024544"
        },
        "start": 0,
        "end": 4
      },
      "V2024544": {
        "id": "V2024544",
        "indicator": "PRO-SET",
        "type": "PERSON",
        "word": "YOU",
        "roles": {
          "PROFORM": "YOU",
          "LEX": "YOU",
          "WNSENSE": "person%1:03:00"
        },
        "start": 0,
        "end": 4
      },
      "root": "#V2024601"
    },
    {
      "V2024624": {
        "id": "V2024624",
        "indicator": "SPEECHACT",
        "type": "SA_IDENTIFY",
        "word": null,
        "roles": {
          "CONTENT": "#V2024604",
          "LEX": "-"
        },
        "start": 4,
        "end": 7
      },
      "V2024604": {
        "id": "V2024604",
        "indicator": "THE",
        "type": "QUANTITY-ABSTR",
        "word": null,
        "roles": {
          "FIGURE": "#V2024552"
        },
        "start": 4,
        "end": 7
      },
      "V2024552": {
        "id": "V2024552",
        "indicator": "BARE",
        "type": "SUBSTANCE",
        "word": "RE",
        "roles": {
          "LEX": "RE",
          "WNSENSE": "re%1:27:00::"
        },
        "start": 4,
        "end": 7
      },
      "root": "#V2024624"
    },
    {
      "V2024615": {
        "id": "V2024615",
        "indicator": "SPEECHACT",
        "type": "SA_PRED-FRAGMENT",
        "word": null,
        "roles": {
          "PUNCTYPE": "DECL",
          "CONTENT": "#V2024561",
          "LEX": "GROSS"
        },
        "start": 7,
        "end": 14
      },
      "V2024561": {
        "id": "V2024561",
        "indicator": "F",
        "type": "GENERAL-VAL",
        "word": "GROSS",
        "roles": {
          "FIGURE": "#V2024616",
          "SCALE": "EVALUATION-SCALE",
          "LEX": "GROSS",
          "WNSENSE": "gross%3:00:00::"
        },
        "start": 7,
        "end": 13
      },
      "V2024616": {
        "id": "V2024616",
        "indicator": "IMPRO",
        "type": "ANY-SEM",
        "word": null,
        "roles": {
          "CONTEXT-REL": "UTT-FRAG"
        },
        "start": 7,
        "end": 13
      },
      "root": "#V2024615"
    }
  ],
  "inputtags": [],
  "debug": [
    "*last-utt-id*=NIL  utt-id+372",
    "*last-utt-id*=372  utt-id+372",
    "*last-utt-id*=372  utt-id+372",
    "*last-utt-id*=372  utt-id+NIL"
  ]
}
