{
  "parse": [
    {
      "V628796": {
        "id": "V628796",
        "indicator": "SPEECHACT",
        "type": "SA_TELL",
        "word": null,
        "roles": {
          "PUNCTYPE": "DECL",
          "CONTENT": "#V627953",
          "LEX": "GROPED"
        },
        "start": 0,
        "end": 43
      },
      "V627953": {
        "id": "V627953",
        "indicator": "F",
        "type": "PHYSICAL-SCRUTINY",
        "word": "GROPED",
        "roles": {
          "NEUTRAL": "#V628797",
          "AGENT": "#V628051",
          "TENSE": "PAST",
          "PASSIVE": "+",
          "LEX": "GROPED",
          "WNSENSE": "inspect%2:38:00"
        },
        "start": 0,
        "end": 43
      },
      "V628797": {
        "id": "V628797",
        "indicator": "IMPRO",
        "type": "REFERENTIAL-SEM",
        "word": null,
        "roles": {
          "PROFORM": "SUBJ",
          "COREF": "#V628123"
        },
        "start": 0,
        "end": 43
      },
      "V628051": {
        "id": "V628051",
        "indicator": "A",
        "type": "PROFESSIONAL",
        "word": "COLLEAGUE",
        "roles": {
          "MOD": "#V628056",
          "LEX": "COLLEAGUE",
          "WNSENSE": "colleague%1:18:00::"
        },
        "start": 11,
        "end": 43
      },
      "V628056": {
        "id": "V628056",
        "indicator": "F",
        "type": "SITUATED-IN",
        "word": "IN",
        "roles": {
          "GROUND": "#V628123",
          "FIGURE": "#V628051",
          "LEX": "IN"
        },
        "start": 26,
        "end": 43
      },
      "V628123": {
        "id": "V628123",
        "indicator": "THE",
        "type": "WORKING",
        "word": "JOB",
        "roles": {
          "ASSOC-POSS": "#V628117",
          "MOD": "#V628120",
          "LEX": "JOB",
          "WNSENSE": "work%2:41:05"
        },
        "start": 29,
        "end": 43
      },
      "V628117": {
        "id": "V628117",
        "indicator": "PRO",
        "type": "PERSON",
        "word": "MY",
        "roles": {
          "LEX": "MY",
          "PROFORM": "MY",
          "WNSENSE": "person%1:03:00",
          "COREF": "USER"
        },
        "start": 29,
        "end": 43
      },
      "V628120": {
        "id": "V628120",
        "indicator": "F",
        "type": "PREVIOUS-VAL",
        "word": "FORMER",
        "roles": {
          "FIGURE": "#V628123",
          "SCALE": "RELATIONAL-PROPERTY-SCALE",
          "LEX": "FORMER",
          "WNSENSE": "former%5:00:02:past:00"
        },
        "start": 32,
        "end": 39
      },
      "root": "#V628796"
    }
  ],
  "inputtags": [],
  "debug": [
    "*last-utt-id*=NIL  utt-id+113",
    "*last-utt-id*=113  utt-id+NIL"
  ]
}
