{
  "parse": [
    {
      "V1301753": {
        "id": "V1301753",
        "indicator": "SPEECHACT",
        "type": "SA_TELL",
        "word": null,
        "roles": {
          "PUNCTYPE": "DECL",
          "CONTENT": "#V1293227",
          "LEX": "TOOK"
        },
        "start": 0,
        "end": 100
      },
      "V1293227": {
        "id": "V1293227",
        "indicator": "F",
        "type": "CREATE",
        "word": "TAKE",
        "roles": {
          "AGENT": "#V1293197",
          "AFFECTED-RESULT": "#V1293299",
          "TENSE": "PAST",
          "LEX": "TOOK",
          "WNSENSE": "create%2:36:00"
        },
        "start": 0,
        "end": 100
      },
      "V1293197": {
        "id": "V1293197",
        "indicator": "PRO",
        "type": "REFERENTIAL-SEM",
        "word": "IT",
        "roles": {
          "PROFORM": "IT",
          "LEX": "IT",
          "WNSENSE": "entity%1:03:00",
          "COREF": "#V1293353"
        },
        "start": 0,
        "end": 3
      },
      "V1293299": {
        "id": "V1293299",
        "indicator": "A",
        "type": "AREA-DEF-BY-USE",
        "word": "LOT",
        "roles": {
          "MOD": "#V1295263",
          "LEX": "LOT",
          "WNSENSE": "lot%1:15:00::"
        },
        "start": 8,
        "end": 100
      },
      "V1295263": {
        "id": "V1295263",
        "indicator": "F",
        "type": "PREDICATE",
        "word": null,
        "roles": {
          "SEQUENCE": "#V1293344",
          "SEQUENCE1": "#V1293372",
          "OPERATOR": "AND",
          "LEX": "ABOUT",
          "WNSENSE": "about%4:02:00::"
        },
        "start": 14,
        "end": 100
      },
      "V1293344": {
        "id": "V1293344",
        "indicator": "F",
        "type": "ASSOC-WITH",
        "word": "OF",
        "roles": {
          "GROUND": "#V1293353",
          "FIGURE": "#V1293299",
          "LEX": "OF"
        },
        "start": 14,
        "end": 25
      },
      "V1293353": {
        "id": "V1293353",
        "indicator": "BARE",
        "type": "COURAGE-SCALE",
        "word": "COURAGE",
        "roles": {
          "LEX": "COURAGE",
          "WNSENSE": "courage%1:07:00::"
        },
        "start": 17,
        "end": 25
      },
      "V1293372": {
        "id": "V1293372",
        "indicator": "F",
        "type": "ASSOCIATED-INFORMATION",
        "word": "ABOUT",
        "roles": {
          "GROUND": "#V1293726",
          "FIGURE": "#V1293299",
          "LEX": "ABOUT",
          "WNSENSE": "about%4:02:00::"
        },
        "start": 29,
        "end": 100
      },
      "V1293726": {
        "id": "V1293726",
        "indicator": "THE",
        "type": "TIME-LOC",
        "word": null,
        "roles": {
          "MOD": "#V1301701"
        },
        "start": 36,
        "end": 100
      },
      "V1301701": {
        "id": "V1301701",
        "indicator": "F",
        "type": "IMPLICIT-OVERLAP",
        "word": null,
        "roles": {
          "EXTENT": "#V1293389",
          "FIGURE": "#V1293726",
          "GROUND": "#V1293404"
        },
        "start": 36,
        "end": 100
      },
      "V1293389": {
        "id": "V1293389",
        "indicator": "A",
        "type": "QUANTITY-ABSTR",
        "word": null,
        "roles": {
          "SCALE": "DOMAIN",
          "UNIT": "(:* MULTIPLE TIME)",
          "AMOUNT": "#V1293383",
          "LEX": "TIMES",
          "WNSENSE": "multiple%1:09:00"
        },
        "start": 36,
        "end": 45
      },
      "V1293383": {
        "id": "V1293383",
        "indicator": "A",
        "type": "NUMBER",
        "word": null,
        "roles": {
          "VALUE": "50"
        },
        "start": 36,
        "end": 45
      },
      "V1293404": {
        "id": "V1293404",
        "indicator": "F",
        "type": "HITTING",
        "word": "HIT",
        "roles": {
          "AFFECTED": "#V1293427",
          "REASON": "#V1293442",
          "VFORM": "ING",
          "LEX": "HITTING",
          "WNSENSE": "hit%2:35:03::"
        },
        "start": 45,
        "end": 100
      },
      "V1293427": {
        "id": "V1293427",
        "indicator": "THE",
        "type": "ICON",
        "word": "BUTTON",
        "roles": {
          "ASSOC-WITH": "#V1293420",
          "LEX": "BUTTON",
          "WNSENSE": "button%1:10:00::"
        },
        "start": 53,
        "end": 66
      },
      "V1293420": {
        "id": "V1293420",
        "indicator": "KIND",
        "type": "MEDICATION",
        "word": "X",
        "roles": {
          "LEX": "X",
          "WNSENSE": "x%1:06:00::"
        },
        "start": 53,
        "end": 66
      },
      "V1293442": {
        "id": "V1293442",
        "indicator": "F",
        "type": "PURPOSE",
        "word": "TO",
        "roles": {
          "GROUND": "#V1293471",
          "FIGURE": "#V1293404",
          "LEX": "TO"
        },
        "start": 66,
        "end": 100
      },
      "V1293471": {
        "id": "V1293471",
        "indicator": "F",
        "type": "SAY",
        "word": "SAY",
        "roles": {
          "MOD": [
            "#V1293461",
            "#V1293504"
          ],
          "NEUTRAL": "#V1293491",
          "VFORM": "BASE",
          "LEX": "SAY",
          "WNSENSE": "say%2:32:01::"
        },
        "start": 69,
        "end": 100
      },
      "V1293461": {
        "id": "V1293461",
        "indicator": "F",
        "type": "LAST-VAL",
        "word": "FINALLY",
        "roles": {
          "FIGURE": "#V1293471",
          "SCALE": "RELATIONAL-PROPERTY-SCALE",
          "LEX": "FINALLY",
          "WNSENSE": "closing%3:00:00::"
        },
        "start": 69,
        "end": 77
      },
      "V1293491": {
        "id": "V1293491",
        "indicator": "PRO",
        "type": "REFERENTIAL-SEM",
        "word": "IT",
        "roles": {
          "PROFORM": "IT",
          "LEX": "IT",
          "WNSENSE": "entity%1:03:00",
          "COREF": "#V1293299"
        },
        "start": 81,
        "end": 84
      },
      "V1293504": {
        "id": "V1293504",
        "indicator": "F",
        "type": "THEREFORE",
        "word": "SO",
        "roles": {
          "GROUND": "#V1293543",
          "FIGURE": "#V1293471",
          "LEX": "SO",
          "WNSENSE": "so%4:02:10::"
        },
        "start": 84,
        "end": 100
      },
      "V1293543": {
        "id": "V1293543",
        "indicator": "F",
        "type": "SELF-LOCOMOTE",
        "word": "GO",
        "roles": {
          "AGENT": "#V1293525",
          "RESULT": "#V1293520",
          "TENSE": "PRES",
          "LEX": "GOES"
        },
        "start": 87,
        "end": 100
      },
      "V1293520": {
        "id": "V1293520",
        "indicator": "F",
        "type": "POS-WRT-SPEAKER-RELN",
        "word": "HERE",
        "roles": {
          "GROUND": "#V1293622",
          "FIGURE": "#V1293543",
          "LEX": "HERE"
        },
        "start": 87,
        "end": 92
      },
      "V1293622": {
        "id": "V1293622",
        "indicator": "IMPRO",
        "type": "LOCATION",
        "word": null,
        "roles": {
          "PROFORM": "HERE"
        },
        "start": 87,
        "end": 92
      },
      "V1293525": {
        "id": "V1293525",
        "indicator": "PRO",
        "type": "REFERENTIAL-SEM",
        "word": "IT",
        "roles": {
          "PROFORM": "IT",
          "LEX": "IT",
          "WNSENSE": "entity%1:03:00",
          "COREF": "#V1293427"
        },
        "start": 92,
        "end": 95
      },
      "root": "#V1301753"
    }
  ],
  "inputtags": [],
  "debug": [
    "Reference resolution to times not implemented yet",
    "*last-utt-id*=NIL  utt-id+268",
    "*last-utt-id*=268  utt-id+NIL"
  ]
}
