{
  "parse": [
    {
      "V2189980": {
        "id": "V2189980",
        "indicator": "SPEECHACT",
        "type": "SA_IDENTIFY",
        "word": null,
        "roles": {
          "CONTENT": "#V2189906",
          "LEX": "IT"
        },
        "start": 0,
        "end": 3
      },
      "V2189906": {
        "id": "V2189906",
        "indicator": "PRO",
        "type": "REFERENTIAL-SEM",
        "word": "IT",
        "roles": {
          "PROFORM": "IT",
          "LEX": "IT",
          "WNSENSE": "entity%1:03:00"
        },
        "start": 0,
        "end": 3
      },
      "root": "#V2189980"
    },
    {
      "V2190386": {
        "id": "V2190386",
        "indicator": "SPEECHACT",
        "type": "SA_IDENTIFY",
        "word": null,
        "roles": {
          "PUNCTYPE": "DECL",
          "CONTENT": "#V2190017"
        },
        "start": 3,
        "end": 17
      },
      "V2190017": {
        "id": "V2190017",
        "indicator": "THE",
        "type": "TIME-LOC",
        "word": null,
        "roles": {
          "MOD": "#V2190074"
        },
        "start": 3,
        "end": 17
      },
      "V2190074": {
        "id": "V2190074",
        "indicator": "F",
        "type": "IMPLICIT-OVERLAP",
        "word": null,
        "roles": {
          "EXTENT": "#V2189912",
          "FIGURE": "#V2190017",
          "GROUND": "#V2189928"
        },
        "start": 3,
        "end": 17
      },
      "V2189912": {
        "id": "V2189912",
        "indicator": "A",
        "type": "QUANTITY-ABSTR",
        "word": null,
        "roles": {
          "SCALE": "DURATION-SCALE",
          "UNIT": "(:* TIME-UNIT SECOND)",
          "AMOUNT": "PLURAL",
          "LEX": "S",
          "WNSENSE": "time_unit%1:28:00"
        },
        "start": 3,
        "end": 5
      },
      "V2189928": {
        "id": "V2189928",
        "indicator": "F",
        "type": "OPEN",
        "word": "OPEN",
        "roles": {
          "TIME": "#V2189934",
          "VFORM": "ING",
          "LEX": "OPENING",
          "WNSENSE": "open%2:35:00::"
        },
        "start": 5,
        "end": 17
      },
      "V2189934": {
        "id": "V2189934",
        "indicator": "F",
        "type": "NOW",
        "word": "NOW",
        "roles": {
          "FIGURE": "#V2189928",
          "LEX": "NOW",
          "WNSENSE": "now%4:02:05::"
        },
        "start": 13,
        "end": 17
      },
      "root": "#V2190386"
    },
    {
      "V2189980": {
        "id": "V2189980",
        "indicator": "SPEECHACT",
        "type": "SA_IDENTIFY",
        "word": null,
        "roles": {
          "CONTENT": "#V2189906",
          "LEX": "IT"
        },
        "start": 0,
        "end": 3
      },
      "V2189906": {
        "id": "V2189906",
        "indicator": "PRO",
        "type": "REFERENTIAL-SEM",
        "word": "IT",
        "roles": {
          "PROFORM": "IT",
          "LEX": "IT",
          "WNSENSE": "entity%1:03:00"
        },
        "start": 0,
        "end": 3
      },
      "root": "#V2189980"
    },
    {
      "V2190384": {
        "id": "V2190384",
        "indicator": "SPEECHACT",
        "type": "SA_IDENTIFY",
        "word": null,
        "roles": {
          "PUNCTYPE": "DECL",
          "CONTENT": "#V2190018"
        },
        "start": 3,
        "end": 18
      },
      "V2190018": {
        "id": "V2190018",
        "indicator": "THE",
        "type": "TIME-LOC",
        "word": null,
        "roles": {
          "MOD": "#V2190074"
        },
        "start": 3,
        "end": 17
      },
      "V2190074": {
        "id": "V2190074",
        "indicator": "F",
        "type": "IMPLICIT-OVERLAP",
        "word": null,
        "roles": {
          "EXTENT": "#V2189912",
          "FIGURE": "#V2190018",
          "GROUND": "#V2189928"
        },
        "start": 3,
        "end": 17
      },
      "V2189912": {
        "id": "V2189912",
        "indicator": "A",
        "type": "QUANTITY-ABSTR",
        "word": null,
        "roles": {
          "SCALE": "DURATION-SCALE",
          "UNIT": "(:* TIME-UNIT SECOND)",
          "AMOUNT": "PLURAL",
          "LEX": "S",
          "WNSENSE": "time_unit%1:28:00"
        },
        "start": 3,
        "end": 5
      },
      "V2189928": {
        "id": "V2189928",
        "indicator": "F",
        "type": "OPEN",
        "word": "OPEN",
        "roles": {
          "TIME": "#V2189934",
          "VFORM": "ING",
          "LEX": "OPENING",
          "WNSENSE": "open%2:35:00::"
        },
        "start": 5,
        "end": 17
      },
      "V2189934": {
        "id": "V2189934",
        "indicator": "F",
        "type": "NOW",
        "word": "NOW",
        "roles": {
          "FIGURE": "#V2189928",
          "LEX": "NOW",
          "WNSENSE": "now%4:02:05::"
        },
        "start": 13,
        "end": 17
      },
      "root": "#V2190384"
    },
    {
      "V2189995": {
        "id": "V2189995",
        "indicator": "SPEECHACT",
        "type": "SA_IDENTIFY",
        "word": null,
        "roles": {
          "CONTENT": "#V2189959",
          "LEX": "-"
        },
        "start": 0,
        "end": 3
      },
      "V2189959": {
        "id": "V2189959",
        "indicator": "THE",
        "type": "QUANTITY-ABSTR",
        "word": null,
        "roles": {
          "FIGURE": "#V2189906"
        },
        "start": 0,
        "end": 3
      },
      "V2189906": {
        "id": "V2189906",
        "indicator": "PRO",
        "type": "REFERENTIAL-SEM",
        "word": "IT",
        "roles": {
          "PROFORM": "IT",
          "LEX": "IT",
          "WNSENSE": "entity%1:03:00"
        },
        "start": 0,
        "end": 3
      },
      "root": "#V2189995"
    },
    {
      "V2190386": {
        "id": "V2190386",
        "indicator": "SPEECHACT",
        "type": "SA_IDENTIFY",
        "word": null,
        "roles": {
          "PUNCTYPE": "DECL",
          "CONTENT": "#V2190017"
        },
        "start": 3,
        "end": 18
      },
      "V2190017": {
        "id": "V2190017",
        "indicator": "THE",
        "type": "TIME-LOC",
        "word": null,
        "roles": {
          "MOD": "#V2190074"
        },
        "start": 3,
        "end": 17
      },
      "V2190074": {
        "id": "V2190074",
        "indicator": "F",
        "type": "IMPLICIT-OVERLAP",
        "word": null,
        "roles": {
          "EXTENT": "#V2189912",
          "FIGURE": "#V2190017",
          "GROUND": "#V2189928"
        },
        "start": 3,
        "end": 17
      },
      "V2189912": {
        "id": "V2189912",
        "indicator": "A",
        "type": "QUANTITY-ABSTR",
        "word": null,
        "roles": {
          "SCALE": "DURATION-SCALE",
          "UNIT": "(:* TIME-UNIT SECOND)",
          "AMOUNT": "PLURAL",
          "LEX": "S",
          "WNSENSE": "time_unit%1:28:00"
        },
        "start": 3,
        "end": 5
      },
      "V2189928": {
        "id": "V2189928",
        "indicator": "F",
        "type": "OPEN",
        "word": "OPEN",
        "roles": {
          "TIME": "#V2189934",
          "VFORM": "ING",
          "LEX": "OPENING",
          "WNSENSE": "open%2:35:00::"
        },
        "start": 5,
        "end": 17
      },
      "V2189934": {
        "id": "V2189934",
        "indicator": "F",
        "type": "NOW",
        "word": "NOW",
        "roles": {
          "FIGURE": "#V2189928",
          "LEX": "NOW",
          "WNSENSE": "now%4:02:05::"
        },
        "start": 13,
        "end": 17
      },
      "root": "#V2190386"
    },
    {
      "V2189995": {
        "id": "V2189995",
        "indicator": "SPEECHACT",
        "type": "SA_IDENTIFY",
        "word": null,
        "roles": {
          "CONTENT": "#V2189959",
          "LEX": "-"
        },
        "start": 0,
        "end": 3
      },
      "V2189959": {
        "id": "V2189959",
        "indicator": "THE",
        "type": "QUANTITY-ABSTR",
        "word": null,
        "roles": {
          "FIGURE": "#V2189906"
        },
        "start": 0,
        "end": 3
      },
      "V2189906": {
        "id": "V2189906",
        "indicator": "PRO",
        "type": "REFERENTIAL-SEM",
        "word": "IT",
        "roles": {
          "PROFORM": "IT",
          "LEX": "IT",
          "WNSENSE": "entity%1:03:00"
        },
        "start": 0,
        "end": 3
      },
      "root": "#V2189995"
    },
    {
      "V2190384": {
        "id": "V2190384",
        "indicator": "SPEECHACT",
        "type": "SA_IDENTIFY",
        "word": null,
        "roles": {
          "PUNCTYPE": "DECL",
          "CONTENT": "#V2190018"
        },
        "start": 3,
        "end": 18
      },
      "V2190018": {
        "id": "V2190018",
        "indicator": "THE",
        "type": "TIME-LOC",
        "word": null,
        "roles": {
          "MOD": "#V2190074"
        },
        "start": 3,
        "end": 17
      },
      "V2190074": {
        "id": "V2190074",
        "indicator": "F",
        "type": "IMPLICIT-OVERLAP",
        "word": null,
        "roles": {
          "EXTENT": "#V2189912",
          "FIGURE": "#V2190018",
          "GROUND": "#V2189928"
        },
        "start": 3,
        "end": 17
      },
      "V2189912": {
        "id": "V2189912",
        "indicator": "A",
        "type": "QUANTITY-ABSTR",
        "word": null,
        "roles": {
          "SCALE": "DURATION-SCALE",
          "UNIT": "(:* TIME-UNIT SECOND)",
          "AMOUNT": "PLURAL",
          "LEX": "S",
          "WNSENSE": "time_unit%1:28:00"
        },
        "start": 3,
        "end": 5
      },
      "V2189928": {
        "id": "V2189928",
        "indicator": "F",
        "type": "OPEN",
        "word": "OPEN",
        "roles": {
          "TIME": "#V2189934",
          "VFORM": "ING",
          "LEX": "OPENING",
          "WNSENSE": "open%2:35:00::"
        },
        "start": 5,
        "end": 17
      },
      "V2189934": {
        "id": "V2189934",
        "indicator": "F",
        "type": "NOW",
        "word": "NOW",
        "roles": {
          "FIGURE": "#V2189928",
          "LEX": "NOW",
          "WNSENSE": "now%4:02:05::"
        },
        "start": 13,
        "end": 17
      },
      "root": "#V2190384"
    },
    {
      "V2190000": {
        "id": "V2190000",
        "indicator": "SPEECHACT",
        "type": "SA_IDENTIFY",
        "word": null,
        "roles": {
          "CONTENT": "#V2189978",
          "LEX": "-"
        },
        "start": 0,
        "end": 3
      },
      "V2189978": {
        "id": "V2189978",
        "indicator": "THE",
        "type": "QUANTITY-ABSTR",
        "word": null,
        "roles": {
          "FIGURE": "#V2189907"
        },
        "start": 0,
        "end": 3
      },
      "V2189907": {
        "id": "V2189907",
        "indicator": "PRO",
        "type": "EXPLETIVE",
        "word": null,
        "roles": {
          "PROFORM": "IT",
          "LEX": "IT"
        },
        "start": 0,
        "end": 3
      },
      "root": "#V2190000"
    },
    {
      "V2190386": {
        "id": "V2190386",
        "indicator": "SPEECHACT",
        "type": "SA_IDENTIFY",
        "word": null,
        "roles": {
          "PUNCTYPE": "DECL",
          "CONTENT": "#V2190017"
        },
        "start": 3,
        "end": 18
      },
      "V2190017": {
        "id": "V2190017",
        "indicator": "THE",
        "type": "TIME-LOC",
        "word": null,
        "roles": {
          "MOD": "#V2190074"
        },
        "start": 3,
        "end": 17
      },
      "V2190074": {
        "id": "V2190074",
        "indicator": "F",
        "type": "IMPLICIT-OVERLAP",
        "word": null,
        "roles": {
          "EXTENT": "#V2189912",
          "FIGURE": "#V2190017",
          "GROUND": "#V2189928"
        },
        "start": 3,
        "end": 17
      },
      "V2189912": {
        "id": "V2189912",
        "indicator": "A",
        "type": "QUANTITY-ABSTR",
        "word": null,
        "roles": {
          "SCALE": "DURATION-SCALE",
          "UNIT": "(:* TIME-UNIT SECOND)",
          "AMOUNT": "PLURAL",
          "LEX": "S",
          "WNSENSE": "time_unit%1:28:00"
        },
        "start": 3,
        "end": 5
      },
      "V2189928": {
        "id": "V2189928",
        "indicator": "F",
        "type": "OPEN",
        "word": "OPEN",
        "roles": {
          "TIME": "#V2189934",
          "VFORM": "ING",
          "LEX": "OPENING",
          "WNSENSE": "open%2:35:00::"
        },
        "start": 5,
        "end": 17
      },
      "V2189934": {
        "id": "V2189934",
        "indicator": "F",
        "type": "NOW",
        "word": "NOW",
        "roles": {
          "FIGURE": "#V2189928",
          "LEX": "NOW",
          "WNSENSE": "now%4:02:05::"
        },
        "start": 13,
        "end": 17
      },
      "root": "#V2190386"
    },
    {
      "V2190000": {
        "id": "V2190000",
        "indicator": "SPEECHACT",
        "type": "SA_IDENTIFY",
        "word": null,
        "roles": {
          "CONTENT": "#V2189978",
          "LEX": "-"
        },
        "start": 0,
        "end": 3
      },
      "V2189978": {
        "id": "V2189978",
        "indicator": "THE",
        "type": "QUANTITY-ABSTR",
        "word": null,
        "roles": {
          "FIGURE": "#V2189907"
        },
        "start": 0,
        "end": 3
      },
      "V2189907": {
        "id": "V2189907",
        "indicator": "PRO",
        "type": "EXPLETIVE",
        "word": null,
        "roles": {
          "PROFORM": "IT",
          "LEX": "IT"
        },
        "start": 0,
        "end": 3
      },
      "root": "#V2190000"
    },
    {
      "V2190384": {
        "id": "V2190384",
        "indicator": "SPEECHACT",
        "type": "SA_IDENTIFY",
        "word": null,
        "roles": {
          "PUNCTYPE": "DECL",
          "CONTENT": "#V2190018"
        },
        "start": 3,
        "end": 18
      },
      "V2190018": {
        "id": "V2190018",
        "indicator": "THE",
        "type": "TIME-LOC",
        "word": null,
        "roles": {
          "MOD": "#V2190074"
        },
        "start": 3,
        "end": 17
      },
      "V2190074": {
        "id": "V2190074",
        "indicator": "F",
        "type": "IMPLICIT-OVERLAP",
        "word": null,
        "roles": {
          "EXTENT": "#V2189912",
          "FIGURE": "#V2190018",
          "GROUND": "#V2189928"
        },
        "start": 3,
        "end": 17
      },
      "V2189912": {
        "id": "V2189912",
        "indicator": "A",
        "type": "QUANTITY-ABSTR",
        "word": null,
        "roles": {
          "SCALE": "DURATION-SCALE",
          "UNIT": "(:* TIME-UNIT SECOND)",
          "AMOUNT": "PLURAL",
          "LEX": "S",
          "WNSENSE": "time_unit%1:28:00"
        },
        "start": 3,
        "end": 5
      },
      "V2189928": {
        "id": "V2189928",
        "indicator": "F",
        "type": "OPEN",
        "word": "OPEN",
        "roles": {
          "TIME": "#V2189934",
          "VFORM": "ING",
          "LEX": "OPENING",
          "WNSENSE": "open%2:35:00::"
        },
        "start": 5,
        "end": 17
      },
      "V2189934": {
        "id": "V2189934",
        "indicator": "F",
        "type": "NOW",
        "word": "NOW",
        "roles": {
          "FIGURE": "#V2189928",
          "LEX": "NOW",
          "WNSENSE": "now%4:02:05::"
        },
        "start": 13,
        "end": 17
      },
      "root": "#V2190384"
    },
    {
      "V2189980": {
        "id": "V2189980",
        "indicator": "SPEECHACT",
        "type": "SA_IDENTIFY",
        "word": null,
        "roles": {
          "CONTENT": "#V2189906",
          "LEX": "IT"
        },
        "start": 0,
        "end": 3
      },
      "V2189906": {
        "id": "V2189906",
        "indicator": "PRO",
        "type": "REFERENTIAL-SEM",
        "word": "IT",
        "roles": {
          "PROFORM": "IT",
          "LEX": "IT",
          "WNSENSE": "entity%1:03:00"
        },
        "start": 0,
        "end": 3
      },
      "root": "#V2189980"
    },
    {
      "V2190530": {
        "id": "V2190530",
        "indicator": "SPEECHACT",
        "type": "SA_IDENTIFY",
        "word": null,
        "roles": {
          "PUNCTYPE": "DECL",
          "CONTENT": "#V2190266",
          "LEX": "NOW"
        },
        "start": 3,
        "end": 18
      },
      "V2190266": {
        "id": "V2190266",
        "indicator": "BARE",
        "type": "TIME-LOC",
        "word": "NOW",
        "roles": {
          "FIGURE": "#V2189927",
          "LEX": "NOW"
        },
        "start": 3,
        "end": 17
      },
      "V2189927": {
        "id": "V2189927",
        "indicator": "F",
        "type": "OPEN",
        "word": "OPEN",
        "roles": {
          "ASSOC-WITH": "#V2189912",
          "LEX": "OPENING",
          "WNSENSE": "open%2:35:00::"
        },
        "start": 3,
        "end": 17
      },
      "V2189912": {
        "id": "V2189912",
        "indicator": "KIND",
        "type": "TIME-UNIT",
        "word": "SECOND",
        "roles": {
          "LEX": "S",
          "WNSENSE": "time_unit%1:28:00"
        },
        "start": 3,
        "end": 17
      },
      "root": "#V2190530"
    },
    {
      "V2189980": {
        "id": "V2189980",
        "indicator": "SPEECHACT",
        "type": "SA_IDENTIFY",
        "word": null,
        "roles": {
          "CONTENT": "#V2189906",
          "LEX": "IT"
        },
        "start": 0,
        "end": 3
      },
      "V2189906": {
        "id": "V2189906",
        "indicator": "PRO",
        "type": "REFERENTIAL-SEM",
        "word": "IT",
        "roles": {
          "PROFORM": "IT",
          "LEX": "IT",
          "WNSENSE": "entity%1:03:00"
        },
        "start": 0,
        "end": 3
      },
      "root": "#V2189980"
    },
    {
      "V2190528": {
        "id": "V2190528",
        "indicator": "SPEECHACT",
        "type": "SA_IDENTIFY",
        "word": null,
        "roles": {
          "PUNCTYPE": "DECL",
          "CONTENT": "#V2190264",
          "LEX": "NOW"
        },
        "start": 3,
        "end": 18
      },
      "V2190264": {
        "id": "V2190264",
        "indicator": "BARE",
        "type": "TIME-LOC",
        "word": "NOW",
        "roles": {
          "FIGURE": "#V2189927",
          "LEX": "NOW"
        },
        "start": 3,
        "end": 17
      },
      "V2189927": {
        "id": "V2189927",
        "indicator": "F",
        "type": "OPEN",
        "word": "OPEN",
        "roles": {
          "ASSOC-WITH": "#V2189913",
          "LEX": "OPENING",
          "WNSENSE": "open%2:35:00::"
        },
        "start": 3,
        "end": 17
      },
      "V2189913": {
        "id": "V2189913",
        "indicator": "KIND",
        "type": "TIME-UNIT",
        "word": "SECOND",
        "roles": {
          "LEX": "S",
          "WNSENSE": "time_unit%1:28:00"
        },
        "start": 3,
        "end": 17
      },
      "root": "#V2190528"
    },
    {
      "V2189980": {
        "id": "V2189980",
        "indicator": "SPEECHACT",
        "type": "SA_IDENTIFY",
        "word": null,
        "roles": {
          "CONTENT": "#V2189906",
          "LEX": "IT"
        },
        "start": 0,
        "end": 3
      },
      "V2189906": {
        "id": "V2189906",
        "indicator": "PRO",
        "type": "REFERENTIAL-SEM",
        "word": "IT",
        "roles": {
          "PROFORM": "IT",
          "LEX": "IT",
          "WNSENSE": "entity%1:03:00"
        },
        "start": 0,
        "end": 3
      },
      "root": "#V2189980"
    },
    {
      "V2190526": {
        "id": "V2190526",
        "indicator": "SPEECHACT",
        "type": "SA_IDENTIFY",
        "word": null,
        "roles": {
          "PUNCTYPE": "DECL",
          "CONTENT": "#V2190262",
          "LEX": "NOW"
        },
        "start": 3,
        "end": 18
      },
      "V2190262": {
        "id": "V2190262",
        "indicator": "BARE",
        "type": "TIME-LOC",
        "word": "NOW",
        "roles": {
          "FIGURE": "#V2189928",
          "LEX": "NOW"
        },
        "start": 3,
        "end": 17
      },
      "V2189928": {
        "id": "V2189928",
        "indicator": "F",
        "type": "OPEN",
        "word": "OPEN",
        "roles": {
          "ASSOC-WITH": "#V2189912",
          "LEX": "OPENING",
          "WNSENSE": "open%2:35:00::"
        },
        "start": 3,
        "end": 17
      },
      "V2189912": {
        "id": "V2189912",
        "indicator": "KIND",
        "type": "TIME-UNIT",
        "word": "SECOND",
        "roles": {
          "LEX": "S",
          "WNSENSE": "time_unit%1:28:00"
        },
        "start": 3,
        "end": 17
      },
      "root": "#V2190526"
    },
    {
      "V2189980": {
        "id": "V2189980",
        "indicator": "SPEECHACT",
        "type": "SA_IDENTIFY",
        "word": null,
        "roles": {
          "CONTENT": "#V2189906",
          "LEX": "IT"
        },
        "start": 0,
        "end": 3
      },
      "V2189906": {
        "id": "V2189906",
        "indicator": "PRO",
        "type": "REFERENTIAL-SEM",
        "word": "IT",
        "roles": {
          "PROFORM": "IT",
          "LEX": "IT",
          "WNSENSE": "entity%1:03:00"
        },
        "start": 0,
        "end": 3
      },
      "root": "#V2189980"
    },
    {
      "V2190524": {
        "id": "V2190524",
        "indicator": "SPEECHACT",
        "type": "SA_IDENTIFY",
        "word": null,
        "roles": {
          "PUNCTYPE": "DECL",
          "CONTENT": "#V2190260",
          "LEX": "NOW"
        },
        "start": 3,
        "end": 18
      },
      "V2190260": {
        "id": "V2190260",
        "indicator": "BARE",
        "type": "TIME-LOC",
        "word": "NOW",
        "roles": {
          "FIGURE": "#V2189928",
          "LEX": "NOW"
        },
        "start": 3,
        "end": 17
      },
      "V2189928": {
        "id": "V2189928",
        "indicator": "F",
        "type": "OPEN",
        "word": "OPEN",
        "roles": {
          "ASSOC-WITH": "#V2189913",
          "LEX": "OPENING",
          "WNSENSE": "open%2:35:00::"
        },
        "start": 3,
        "end": 17
      },
      "V2189913": {
        "id": "V2189913",
        "indicator": "KIND",
        "type": "TIME-UNIT",
        "word": "SECOND",
        "roles": {
          "LEX": "S",
          "WNSENSE": "time_unit%1:28:00"
        },
        "start": 3,
        "end": 17
      },
      "root": "#V2190524"
    },
    {
      "V2189980": {
        "id": "V2189980",
        "indicator": "SPEECHACT",
        "type": "SA_IDENTIFY",
        "word": null,
        "roles": {
          "CONTENT": "#V2189906",
          "LEX": "IT"
        },
        "start": 0,
        "end": 3
      },
      "V2189906": {
        "id": "V2189906",
        "indicator": "PRO",
        "type": "REFERENTIAL-SEM",
        "word": "IT",
        "roles": {
          "PROFORM": "IT",
          "LEX": "IT",
          "WNSENSE": "entity%1:03:00"
        },
        "start": 0,
        "end": 3
      },
      "root": "#V2189980"
    },
    {
      "V2190522": {
        "id": "V2190522",
        "indicator": "SPEECHACT",
        "type": "SA_IDENTIFY",
        "word": null,
        "roles": {
          "PUNCTYPE": "DECL",
          "CONTENT": "#V2190078",
          "LEX": "NOW"
        },
        "start": 3,
        "end": 18
      },
      "V2190078": {
        "id": "V2190078",
        "indicator": "BARE",
        "type": "TIME-LOC",
        "word": "NOW",
        "roles": {
          "ASSOC-WITH": "#V2189912",
          "FIGURE": "#V2189927",
          "LEX": "NOW"
        },
        "start": 3,
        "end": 17
      },
      "V2189927": {
        "id": "V2189927",
        "indicator": "F",
        "type": "OPEN",
        "word": "OPEN",
        "roles": {
          "LEX": "OPENING",
          "WNSENSE": "open%2:35:00::"
        },
        "start": 3,
        "end": 17
      },
      "V2189912": {
        "id": "V2189912",
        "indicator": "KIND",
        "type": "TIME-UNIT",
        "word": "SECOND",
        "roles": {
          "LEX": "S",
          "WNSENSE": "time_unit%1:28:00"
        },
        "start": 3,
        "end": 17
      },
      "root": "#V2190522"
    },
    {
      "V2189980": {
        "id": "V2189980",
        "indicator": "SPEECHACT",
        "type": "SA_IDENTIFY",
        "word": null,
        "roles": {
          "CONTENT": "#V2189906",
          "LEX": "IT"
        },
        "start": 0,
        "end": 3
      },
      "V2189906": {
        "id": "V2189906",
        "indicator": "PRO",
        "type": "REFERENTIAL-SEM",
        "word": "IT",
        "roles": {
          "PROFORM": "IT",
          "LEX": "IT",
          "WNSENSE": "entity%1:03:00"
        },
        "start": 0,
        "end": 3
      },
      "root": "#V2189980"
    },
    {
      "V2190520": {
        "id": "V2190520",
        "indicator": "SPEECHACT",
        "type": "SA_IDENTIFY",
        "word": null,
        "roles": {
          "PUNCTYPE": "DECL",
          "CONTENT": "#V2190078",
          "LEX": "NOW"
        },
        "start": 3,
        "end": 18
      },
      "V2190078": {
        "id": "V2190078",
        "indicator": "BARE",
        "type": "TIME-LOC",
        "word": "NOW",
        "roles": {
          "ASSOC-WITH": "#V2189913",
          "FIGURE": "#V2189927",
          "LEX": "NOW"
        },
        "start": 3,
        "end": 17
      },
      "V2189927": {
        "id": "V2189927",
        "indicator": "F",
        "type": "OPEN",
        "word": "OPEN",
        "roles": {
          "LEX": "OPENING",
          "WNSENSE": "open%2:35:00::"
        },
        "start": 3,
        "end": 17
      },
      "V2189913": {
        "id": "V2189913",
        "indicator": "KIND",
        "type": "TIME-UNIT",
        "word": "SECOND",
        "roles": {
          "LEX": "S",
          "WNSENSE": "time_unit%1:28:00"
        },
        "start": 3,
        "end": 17
      },
      "root": "#V2190520"
    },
    {
      "V2189980": {
        "id": "V2189980",
        "indicator": "SPEECHACT",
        "type": "SA_IDENTIFY",
        "word": null,
        "roles": {
          "CONTENT": "#V2189906",
          "LEX": "IT"
        },
        "start": 0,
        "end": 3
      },
      "V2189906": {
        "id": "V2189906",
        "indicator": "PRO",
        "type": "REFERENTIAL-SEM",
        "word": "IT",
        "roles": {
          "PROFORM": "IT",
          "LEX": "IT",
          "WNSENSE": "entity%1:03:00"
        },
        "start": 0,
        "end": 3
      },
      "root": "#V2189980"
    },
    {
      "V2190518": {
        "id": "V2190518",
        "indicator": "SPEECHACT",
        "type": "SA_IDENTIFY",
        "word": null,
        "roles": {
          "PUNCTYPE": "DECL",
          "CONTENT": "#V2190076",
          "LEX": "NOW"
        },
        "start": 3,
        "end": 18
      },
      "V2190076": {
        "id": "V2190076",
        "indicator": "BARE",
        "type": "TIME-LOC",
        "word": "NOW",
        "roles": {
          "ASSOC-WITH": "#V2189912",
          "FIGURE": "#V2189928",
          "LEX": "NOW"
        },
        "start": 3,
        "end": 17
      },
      "V2189928": {
        "id": "V2189928",
        "indicator": "F",
        "type": "OPEN",
        "word": "OPEN",
        "roles": {
          "LEX": "OPENING",
          "WNSENSE": "open%2:35:00::"
        },
        "start": 3,
        "end": 17
      },
      "V2189912": {
        "id": "V2189912",
        "indicator": "KIND",
        "type": "TIME-UNIT",
        "word": "SECOND",
        "roles": {
          "LEX": "S",
          "WNSENSE": "time_unit%1:28:00"
        },
        "start": 3,
        "end": 17
      },
      "root": "#V2190518"
    },
    {
      "V2189980": {
        "id": "V2189980",
        "indicator": "SPEECHACT",
        "type": "SA_IDENTIFY",
        "word": null,
        "roles": {
          "CONTENT": "#V2189906",
          "LEX": "IT"
        },
        "start": 0,
        "end": 3
      },
      "V2189906": {
        "id": "V2189906",
        "indicator": "PRO",
        "type": "REFERENTIAL-SEM",
        "word": "IT",
        "roles": {
          "PROFORM": "IT",
          "LEX": "IT",
          "WNSENSE": "entity%1:03:00"
        },
        "start": 0,
        "end": 3
      },
      "root": "#V2189980"
    },
    {
      "V2190516": {
        "id": "V2190516",
        "indicator": "SPEECHACT",
        "type": "SA_IDENTIFY",
        "word": null,
        "roles": {
          "PUNCTYPE": "DECL",
          "CONTENT": "#V2190076",
          "LEX": "NOW"
        },
        "start": 3,
        "end": 18
      },
      "V2190076": {
        "id": "V2190076",
        "indicator": "BARE",
        "type": "TIME-LOC",
        "word": "NOW",
        "roles": {
          "ASSOC-WITH": "#V2189913",
          "FIGURE": "#V2189928",
          "LEX": "NOW"
        },
        "start": 3,
        "end": 17
      },
      "V2189928": {
        "id": "V2189928",
        "indicator": "F",
        "type": "OPEN",
        "word": "OPEN",
        "roles": {
          "LEX": "OPENING",
          "WNSENSE": "open%2:35:00::"
        },
        "start": 3,
        "end": 17
      },
      "V2189913": {
        "id": "V2189913",
        "indicator": "KIND",
        "type": "TIME-UNIT",
        "word": "SECOND",
        "roles": {
          "LEX": "S",
          "WNSENSE": "time_unit%1:28:00"
        },
        "start": 3,
        "end": 17
      },
      "root": "#V2190516"
    },
    {
      "V2189995": {
        "id": "V2189995",
        "indicator": "SPEECHACT",
        "type": "SA_IDENTIFY",
        "word": null,
        "roles": {
          "CONTENT": "#V2189959",
          "LEX": "-"
        },
        "start": 0,
        "end": 3
      },
      "V2189959": {
        "id": "V2189959",
        "indicator": "THE",
        "type": "QUANTITY-ABSTR",
        "word": null,
        "roles": {
          "FIGURE": "#V2189906"
        },
        "start": 0,
        "end": 3
      },
      "V2189906": {
        "id": "V2189906",
        "indicator": "PRO",
        "type": "REFERENTIAL-SEM",
        "word": "IT",
        "roles": {
          "PROFORM": "IT",
          "LEX": "IT",
          "WNSENSE": "entity%1:03:00"
        },
        "start": 0,
        "end": 3
      },
      "root": "#V2189995"
    },
    {
      "V2190530": {
        "id": "V2190530",
        "indicator": "SPEECHACT",
        "type": "SA_IDENTIFY",
        "word": null,
        "roles": {
          "PUNCTYPE": "DECL",
          "CONTENT": "#V2190266",
          "LEX": "NOW"
        },
        "start": 3,
        "end": 18
      },
      "V2190266": {
        "id": "V2190266",
        "indicator": "BARE",
        "type": "TIME-LOC",
        "word": "NOW",
        "roles": {
          "FIGURE": "#V2189927",
          "LEX": "NOW"
        },
        "start": 3,
        "end": 17
      },
      "V2189927": {
        "id": "V2189927",
        "indicator": "F",
        "type": "OPEN",
        "word": "OPEN",
        "roles": {
          "ASSOC-WITH": "#V2189912",
          "LEX": "OPENING",
          "WNSENSE": "open%2:35:00::"
        },
        "start": 3,
        "end": 17
      },
      "V2189912": {
        "id": "V2189912",
        "indicator": "KIND",
        "type": "TIME-UNIT",
        "word": "SECOND",
        "roles": {
          "LEX": "S",
          "WNSENSE": "time_unit%1:28:00"
        },
        "start": 3,
        "end": 17
      },
      "root": "#V2190530"
    },
    {
      "V2189995": {
        "id": "V2189995",
        "indicator": "SPEECHACT",
        "type": "SA_IDENTIFY",
        "word": null,
        "roles": {
          "CONTENT": "#V2189959",
          "LEX": "-"
        },
        "start": 0,
        "end": 3
      },
      "V2189959": {
        "id": "V2189959",
        "indicator": "THE",
        "type": "QUANTITY-ABSTR",
        "word": null,
        "roles": {
          "FIGURE": "#V2189906"
        },
        "start": 0,
        "end": 3
      },
      "V2189906": {
        "id": "V2189906",
        "indicator": "PRO",
        "type": "REFERENTIAL-SEM",
        "word": "IT",
        "roles": {
          "PROFORM": "IT",
          "LEX": "IT",
          "WNSENSE": "entity%1:03:00"
        },
        "start": 0,
        "end": 3
      },
      "root": "#V2189995"
    },
    {
      "V2190528": {
        "id": "V2190528",
        "indicator": "SPEECHACT",
        "type": "SA_IDENTIFY",
        "word": null,
        "roles": {
          "PUNCTYPE": "DECL",
          "CONTENT": "#V2190264",
          "LEX": "NOW"
        },
        "start": 3,
        "end": 18
      },
      "V2190264": {
        "id": "V2190264",
        "indicator": "BARE",
        "type": "TIME-LOC",
        "word": "NOW",
        "roles": {
          "FIGURE": "#V2189927",
          "LEX": "NOW"
        },
        "start": 3,
        "end": 17
      },
      "V2189927": {
        "id": "V2189927",
        "indicator": "F",
        "type": "OPEN",
        "word": "OPEN",
        "roles": {
          "ASSOC-WITH": "#V2189913",
          "LEX": "OPENING",
          "WNSENSE": "open%2:35:00::"
        },
        "start": 3,
        "end": 17
      },
      "V2189913": {
        "id": "V2189913",
        "indicator": "KIND",
        "type": "TIME-UNIT",
        "word": "SECOND",
        "roles": {
          "LEX": "S",
          "WNSENSE": "time_unit%1:28:00"
        },
        "start": 3,
        "end": 17
      },
      "root": "#V2190528"
    },
    {
      "V2189995": {
        "id": "V2189995",
        "indicator": "SPEECHACT",
        "type": "SA_IDENTIFY",
        "word": null,
        "roles": {
          "CONTENT": "#V2189959",
          "LEX": "-"
        },
        "start": 0,
        "end": 3
      },
      "V2189959": {
        "id": "V2189959",
        "indicator": "THE",
        "type": "QUANTITY-ABSTR",
        "word": null,
        "roles": {
          "FIGURE": "#V2189906"
        },
        "start": 0,
        "end": 3
      },
      "V2189906": {
        "id": "V2189906",
        "indicator": "PRO",
        "type": "REFERENTIAL-SEM",
        "word": "IT",
        "roles": {
          "PROFORM": "IT",
          "LEX": "IT",
          "WNSENSE": "entity%1:03:00"
        },
        "start": 0,
        "end": 3
      },
      "root": "#V2189995"
    },
    {
      "V2190526": {
        "id": "V2190526",
        "indicator": "SPEECHACT",
        "type": "SA_IDENTIFY",
        "word": null,
        "roles": {
          "PUNCTYPE": "DECL",
          "CONTENT": "#V2190262",
          "LEX": "NOW"
        },
        "start": 3,
        "end": 18
      },
      "V2190262": {
        "id": "V2190262",
        "indicator": "BARE",
        "type": "TIME-LOC",
        "word": "NOW",
        "roles": {
          "FIGURE": "#V2189928",
          "LEX": "NOW"
        },
        "start": 3,
        "end": 17
      },
      "V2189928": {
        "id": "V2189928",
        "indicator": "F",
        "type": "OPEN",
        "word": "OPEN",
        "roles": {
          "ASSOC-WITH": "#V2189912",
          "LEX": "OPENING",
          "WNSENSE": "open%2:35:00::"
        },
        "start": 3,
        "end": 17
      },
      "V2189912": {
        "id": "V2189912",
        "indicator": "KIND",
        "type": "TIME-UNIT",
        "word": "SECOND",
        "roles": {
          "LEX": "S",
          "WNSENSE": "time_unit%1:28:00"
        },
        "start": 3,
        "end": 17
      },
      "root": "#V2190526"
    },
    {
      "V2189995": {
        "id": "V2189995",
        "indicator": "SPEECHACT",
        "type": "SA_IDENTIFY",
        "word": null,
        "roles": {
          "CONTENT": "#V2189959",
          "LEX": "-"
        },
        "start": 0,
        "end": 3
      },
      "V2189959": {
        "id": "V2189959",
        "indicator": "THE",
        "type": "QUANTITY-ABSTR",
        "word": null,
        "roles": {
          "FIGURE": "#V2189906"
        },
        "start": 0,
        "end": 3
      },
      "V2189906": {
        "id": "V2189906",
        "indicator": "PRO",
        "type": "REFERENTIAL-SEM",
        "word": "IT",
        "roles": {
          "PROFORM": "IT",
          "LEX": "IT",
          "WNSENSE": "entity%1:03:00"
        },
        "start": 0,
        "end": 3
      },
      "root": "#V2189995"
    },
    {
      "V2190524": {
        "id": "V2190524",
        "indicator": "SPEECHACT",
        "type": "SA_IDENTIFY",
        "word": null,
        "roles": {
          "PUNCTYPE": "DECL",
          "CONTENT": "#V2190260",
          "LEX": "NOW"
        },
        "start": 3,
        "end": 18
      },
      "V2190260": {
        "id": "V2190260",
        "indicator": "BARE",
        "type": "TIME-LOC",
        "word": "NOW",
        "roles": {
          "FIGURE": "#V2189928",
          "LEX": "NOW"
        },
        "start": 3,
        "end": 17
      },
      "V2189928": {
        "id": "V2189928",
        "indicator": "F",
        "type": "OPEN",
        "word": "OPEN",
        "roles": {
          "ASSOC-WITH": "#V2189913",
          "LEX": "OPENING",
          "WNSENSE": "open%2:35:00::"
        },
        "start": 3,
        "end": 17
      },
      "V2189913": {
        "id": "V2189913",
        "indicator": "KIND",
        "type": "TIME-UNIT",
        "word": "SECOND",
        "roles": {
          "LEX": "S",
          "WNSENSE": "time_unit%1:28:00"
        },
        "start": 3,
        "end": 17
      },
      "root": "#V2190524"
    },
    {
      "V2189995": {
        "id": "V2189995",
        "indicator": "SPEECHACT",
        "type": "SA_IDENTIFY",
        "word": null,
        "roles": {
          "CONTENT": "#V2189959",
          "LEX": "-"
        },
        "start": 0,
        "end": 3
      },
      "V2189959": {
        "id": "V2189959",
        "indicator": "THE",
        "type": "QUANTITY-ABSTR",
        "word": null,
        "roles": {
          "FIGURE": "#V2189906"
        },
        "start": 0,
        "end": 3
      },
      "V2189906": {
        "id": "V2189906",
        "indicator": "PRO",
        "type": "REFERENTIAL-SEM",
        "word": "IT",
        "roles": {
          "PROFORM": "IT",
          "LEX": "IT",
          "WNSENSE": "entity%1:03:00"
        },
        "start": 0,
        "end": 3
      },
      "root": "#V2189995"
    },
    {
      "V2190522": {
        "id": "V2190522",
        "indicator": "SPEECHACT",
        "type": "SA_IDENTIFY",
        "word": null,
        "roles": {
          "PUNCTYPE": "DECL",
          "CONTENT": "#V2190078",
          "LEX": "NOW"
        },
        "start": 3,
        "end": 18
      },
      "V2190078": {
        "id": "V2190078",
        "indicator": "BARE",
        "type": "TIME-LOC",
        "word": "NOW",
        "roles": {
          "ASSOC-WITH": "#V2189912",
          "FIGURE": "#V2189927",
          "LEX": "NOW"
        },
        "start": 3,
        "end": 17
      },
      "V2189927": {
        "id": "V2189927",
        "indicator": "F",
        "type": "OPEN",
        "word": "OPEN",
        "roles": {
          "LEX": "OPENING",
          "WNSENSE": "open%2:35:00::"
        },
        "start": 3,
        "end": 17
      },
      "V2189912": {
        "id": "V2189912",
        "indicator": "KIND",
        "type": "TIME-UNIT",
        "word": "SECOND",
        "roles": {
          "LEX": "S",
          "WNSENSE": "time_unit%1:28:00"
        },
        "start": 3,
        "end": 17
      },
      "root": "#V2190522"
    },
    {
      "V2189995": {
        "id": "V2189995",
        "indicator": "SPEECHACT",
        "type": "SA_IDENTIFY",
        "word": null,
        "roles": {
          "CONTENT": "#V2189959",
          "LEX": "-"
        },
        "start": 0,
        "end": 3
      },
      "V2189959": {
        "id": "V2189959",
        "indicator": "THE",
        "type": "QUANTITY-ABSTR",
        "word": null,
        "roles": {
          "FIGURE": "#V2189906"
        },
        "start": 0,
        "end": 3
      },
      "V2189906": {
        "id": "V2189906",
        "indicator": "PRO",
        "type": "REFERENTIAL-SEM",
        "word": "IT",
        "roles": {
          "PROFORM": "IT",
          "LEX": "IT",
          "WNSENSE": "entity%1:03:00"
        },
        "start": 0,
        "end": 3
      },
      "root": "#V2189995"
    },
    {
      "V2190520": {
        "id": "V2190520",
        "indicator": "SPEECHACT",
        "type": "SA_IDENTIFY",
        "word": null,
        "roles": {
          "PUNCTYPE": "DECL",
          "CONTENT": "#V2190078",
          "LEX": "NOW"
        },
        "start": 3,
        "end": 18
      },
      "V2190078": {
        "id": "V2190078",
        "indicator": "BARE",
        "type": "TIME-LOC",
        "word": "NOW",
        "roles": {
          "ASSOC-WITH": "#V2189913",
          "FIGURE": "#V2189927",
          "LEX": "NOW"
        },
        "start": 3,
        "end": 17
      },
      "V2189927": {
        "id": "V2189927",
        "indicator": "F",
        "type": "OPEN",
        "word": "OPEN",
        "roles": {
          "LEX": "OPENING",
          "WNSENSE": "open%2:35:00::"
        },
        "start": 3,
        "end": 17
      },
      "V2189913": {
        "id": "V2189913",
        "indicator": "KIND",
        "type": "TIME-UNIT",
        "word": "SECOND",
        "roles": {
          "LEX": "S",
          "WNSENSE": "time_unit%1:28:00"
        },
        "start": 3,
        "end": 17
      },
      "root": "#V2190520"
    }
  ],
  "inputtags": [],
  "debug": [
    "*last-utt-id*=NIL  utt-id+421Reference resolution to times not implemented yet",
    "*last-utt-id*=421  utt-id+421",
    "*last-utt-id*=421  utt-id+NIL"
  ]
}
