{
  "parse": [
    {
      "V2877250": {
        "id": "V2877250",
        "indicator": "SPEECHACT",
        "type": "SA_TELL",
        "word": null,
        "roles": {
          "PUNCTYPE": "DECL",
          "CONTENT": "#V2875700",
          "LEX": "PUNC-AND"
        },
        "start": 0,
        "end": 42
      },
      "V2875700": {
        "id": "V2875700",
        "indicator": "F",
        "type": "EVENT-OF-STATE",
        "word": null,
        "roles": {
          "OPERATOR": "(AND)",
          "SEQUENCE": "#V2872789",
          "SEQUENCE1": "#V2872816",
          "TENSE": "PAST",
          "LEX": "PUNC-AND"
        },
        "start": 0,
        "end": 42
      },
      "V2872816": {
        "id": "V2872816",
        "indicator": "F",
        "type": "KNOW",
        "word": "KNOW",
        "roles": {
          "EXPERIENCER": "#V2872773",
          "NEUTRAL": "#V2872833",
          "LEX": "KNEW",
          "WNSENSE": "know%2:31:01::"
        },
        "start": 0,
        "end": 42
      },
      "V2872789": {
        "id": "V2872789",
        "indicator": "F",
        "type": "HAVE-PROPERTY",
        "word": "BE",
        "roles": {
          "NEUTRAL": "#V2872773",
          "FORMAL": "#V2875275",
          "LEX": "WAS",
          "WNSENSE": "be%2:42:03::"
        },
        "start": 0,
        "end": 42
      },
      "V2872773": {
        "id": "V2872773",
        "indicator": "PRO",
        "type": "PERSON",
        "word": "I",
        "roles": {
          "PROFORM": "I",
          "LEX": "I",
          "WNSENSE": "person%1:03:00",
          "COREF": "USER"
        },
        "start": 0,
        "end": 2
      },
      "V2875275": {
        "id": "V2875275",
        "indicator": "F",
        "type": "MEMBERSHIP",
        "word": null,
        "roles": {
          "FIGURE": "#V2872773",
          "GROUND": "#V2873546",
          "LEX": "THIRTEEN"
        },
        "start": 7,
        "end": 10
      },
      "V2873546": {
        "id": "V2873546",
        "indicator": "THE-SET",
        "type": "REFERENTIAL-SEM",
        "word": null,
        "roles": {
          "SIZE": "#V2872803"
        },
        "start": 7,
        "end": 10
      },
      "V2872803": {
        "id": "V2872803",
        "indicator": "A",
        "type": "NUMBER",
        "word": null,
        "roles": {
          "VALUE": "13",
          "LEX": "THIRTEEN"
        },
        "start": 7,
        "end": 10
      },
      "V2872833": {
        "id": "V2872833",
        "indicator": "WH-TERM-SET",
        "type": "REFERENTIAL-SEM",
        "word": "WHAT",
        "roles": {
          "SUCHTHAT": "#V2872857",
          "PROFORM": "WHAT",
          "LEX": "WHAT",
          "WNSENSE": "entity%1:03:00"
        },
        "start": 17,
        "end": 42
      },
      "V2872857": {
        "id": "V2872857",
        "indicator": "F",
        "type": "BE",
        "word": "BE",
        "roles": {
          "NEUTRAL": "#V2872847",
          "NEUTRAL1": "#V2872833",
          "TENSE": "PAST",
          "LEX": "WERE",
          "WNSENSE": "be%2:42:06::"
        },
        "start": 22,
        "end": 42
      },
      "V2872847": {
        "id": "V2872847",
        "indicator": "THE",
        "type": "ENCODES-MESSAGE",
        "word": "INTENTIONS",
        "roles": {
          "NEUTRAL1": "#V2872840",
          "LEX": "INTENTIONS",
          "WNSENSE": "go%2:42:02"
        },
        "start": 22,
        "end": 37
      },
      "V2872840": {
        "id": "V2872840",
        "indicator": "PRO",
        "type": "MALE-PERSON",
        "word": "HIS",
        "roles": {
          "LEX": "HIS",
          "PROFORM": "HIS",
          "WNSENSE": "man%1:18:00"
        },
        "start": 22,
        "end": 37
      },
      "root": "#V2877250"
    },
    {
      "V2877419": {
        "id": "V2877419",
        "indicator": "SPEECHACT",
        "type": "SA_IDENTIFY",
        "word": null,
        "roles": {
          "CONTENT": "#V2877416",
          "LEX": "-"
        },
        "start": 44,
        "end": 44
      },
      "V2877416": {
        "id": "V2877416",
        "indicator": "THE",
        "type": "QUANTITY-ABSTR",
        "word": null,
        "roles": {
          "FIGURE": "#V2877411"
        },
        "start": 44,
        "end": 44
      },
      "V2877411": {
        "id": "V2877411",
        "indicator": "BARE",
        "type": "REFERENTIAL-SEM",
        "word": "|...|",
        "roles": {
          "LEX": "|...|",
          "WNSENSE": "entity%1:03:00"
        },
        "start": 44,
        "end": 44
      },
      "root": "#V2877419"
    }
  ],
  "inputtags": [],
  "debug": [
    "*last-utt-id*=NIL  utt-id+495",
    "*last-utt-id*=495  utt-id+NIL",
    "*last-utt-id*=NIL  utt-id+496",
    "*last-utt-id*=496  utt-id+NIL"
  ]
}
