{
  "parse": [
    {
      "V625176": {
        "id": "V625176",
        "indicator": "SPEECHACT",
        "type": "SA_TELL",
        "word": null,
        "roles": {
          "PUNCTYPE": "YNQ",
          "CONTENT": "#V624239",
          "LEX": "ASKED"
        },
        "start": 0,
        "end": 39
      },
      "V624239": {
        "id": "V624239",
        "indicator": "F",
        "type": "ASK-QUESTION",
        "word": "ASK",
        "roles": {
          "FORMAL": "#V624419",
          "CONDITION": "#V624255",
          "TENSE": "PRES",
          "PERF": "+",
          "PASSIVE": "+",
          "LEX": "ASKED",
          "WNSENSE": "ask%2:32:02::"
        },
        "start": 0,
        "end": 39
      },
      "V624419": {
        "id": "V624419",
        "indicator": "THE",
        "type": "QUANTITY-ABSTR",
        "word": null,
        "roles": {
          "FIGURE": "#V624190"
        },
        "start": 0,
        "end": 3
      },
      "V624190": {
        "id": "V624190",
        "indicator": "PRO",
        "type": "PERSON",
        "word": "I",
        "roles": {
          "PROFORM": "I",
          "LEX": "I",
          "WNSENSE": "person%1:03:00",
          "COREF": "USER"
        },
        "start": 0,
        "end": 3
      },
      "V624255": {
        "id": "V624255",
        "indicator": "F",
        "type": "POS-CONDITION",
        "word": "IF",
        "roles": {
          "GROUND": "#V624303",
          "FIGURE": "#V624239",
          "LEX": "IF"
        },
        "start": 19,
        "end": 39
      },
      "V624303": {
        "id": "V624303",
        "indicator": "F",
        "type": "EVOKE-SHAME",
        "word": "EMBARRASS",
        "roles": {
          "AFFECTED": "#V624274",
          "TENSE": "PRES",
          "PASSIVE": "+",
          "LEX": "EMBARRASSED",
          "WNSENSE": "embarrass%2:37:00::"
        },
        "start": 22,
        "end": 39
      },
      "V624274": {
        "id": "V624274",
        "indicator": "PRO",
        "type": "PERSON",
        "word": "I",
        "roles": {
          "PROFORM": "I",
          "LEX": "I",
          "WNSENSE": "person%1:03:00",
          "COREF": "USER"
        },
        "start": 22,
        "end": 24
      },
      "root": "#V625176"
    }
  ],
  "inputtags": [],
  "debug": [
    "*last-utt-id*=NIL  utt-id+101",
    "*last-utt-id*=101  utt-id+NIL"
  ]
}
