{
  "parse": [
    {
      "V157762": {
        "id": "V157762",
        "indicator": "SPEECHACT",
        "type": "SA_PRED-FRAGMENT",
        "word": null,
        "roles": {
          "PUNCTYPE": "DECL",
          "CONTENT": "#V157736",
          "LEX": "TRUE"
        },
        "start": 0,
        "end": 5
      },
      "V157736": {
        "id": "V157736",
        "indicator": "F",
        "type": "TRUE-VAL",
        "word": "TRUE",
        "roles": {
          "FIGURE": "#V157763",
          "SCALE": "TRUE-SCALE",
          "LEX": "TRUE",
          "WNSENSE": "true%3:00:00::"
        },
        "start": 0,
        "end": 5
      },
      "V157763": {
        "id": "V157763",
        "indicator": "IMPRO",
        "type": "ANY-SEM",
        "word": null,
        "roles": {
          "CONTEXT-REL": "UTT-FRAG"
        },
        "start": 0,
        "end": 5
      },
      "root": "#V157762"
    }
  ],
  "inputtags": [],
  "debug": [
    "*last-utt-id*=NIL  utt-id+24",
    "*last-utt-id*=24  utt-id+NIL"
  ]
}
