{
  "parse": [
    {
      "V1003066": {
        "id": "V1003066",
        "indicator": "F",
        "type": "REASON",
        "word": "BECAUSE",
        "roles": {
          "GROUND": "#V1003122",
          "LEX": "BECAUSE"
        },
        "start": 0,
        "end": 29
      },
      "V1003122": {
        "id": "V1003122",
        "indicator": "F",
        "type": "SAY",
        "word": "UTTER",
        "roles": {
          "AGENT": "#V1003086",
          "QUALIFICATION": "#V1003106",
          "TENSE": "PRES",
          "MODALITY": "(:* CONDITIONAL COULD)",
          "LEX": "UTTER",
          "WNSENSE": "utter%2:32:00::"
        },
        "start": 8,
        "end": 29
      },
      "V1003086": {
        "id": "V1003086",
        "indicator": "PRO",
        "type": "PERSON",
        "word": "I",
        "roles": {
          "PROFORM": "I",
          "LEX": "I",
          "WNSENSE": "person%1:03:00",
          "COREF": "USER"
        },
        "start": 8,
        "end": 10
      },
      "V1003106": {
        "id": "V1003106",
        "indicator": "F",
        "type": "QUALIFICATION",
        "word": "BARELY",
        "roles": {
          "FIGURE": "#V1003122",
          "LEX": "BARELY",
          "WNSENSE": "barely%4:02:01::"
        },
        "start": 16,
        "end": 23
      },
      "root": "#V1003066"
    },
    {
      "V1006431": {
        "id": "V1006431",
        "indicator": "SPEECHACT",
        "type": "SA_IDENTIFY",
        "word": null,
        "roles": {
          "PUNCTYPE": "DECL",
          "CONTENT": "#V1003132",
          "LEX": "WORDS"
        },
        "start": 29,
        "end": 84
      },
      "V1003132": {
        "id": "V1003132",
        "indicator": "THE-SET",
        "type": "LINGUISTIC-OBJECT",
        "word": "WORD",
        "roles": {
          "MOD": "#V1003155",
          "LEX": "WORDS",
          "WNSENSE": "word%1:10:00::"
        },
        "start": 29,
        "end": 84
      },
      "V1003155": {
        "id": "V1003155",
        "indicator": "F",
        "type": "SAY",
        "word": "SAY",
        "roles": {
          "AGENT": "#V1003144",
          "NEUTRAL": "#V1003132",
          "AGENT1": "#V1003200",
          "TIME": "#V1003203",
          "TENSE": "PAST",
          "LEX": "SAID",
          "WNSENSE": "say%2:32:01::"
        },
        "start": 39,
        "end": 84
      },
      "V1003144": {
        "id": "V1003144",
        "indicator": "PRO",
        "type": "PERSON",
        "word": "YOU",
        "roles": {
          "PROFORM": "YOU",
          "LEX": "YOU",
          "WNSENSE": "person%1:03:00",
          "COREF": "SYS"
        },
        "start": 39,
        "end": 43
      },
      "V1003200": {
        "id": "V1003200",
        "indicator": "PRO",
        "type": "PERSON",
        "word": "ME",
        "roles": {
          "PROFORM": "ME",
          "LEX": "ME",
          "WNSENSE": "person%1:03:00",
          "COREF": "USER"
        },
        "start": 48,
        "end": 54
      },
      "V1003203": {
        "id": "V1003203",
        "indicator": "F",
        "type": "WHEN-WHILE",
        "word": "WHEN",
        "roles": {
          "GROUND": "#V1003247",
          "FIGURE": "#V1003155",
          "LEX": "WHEN"
        },
        "start": 54,
        "end": 84
      },
      "V1003247": {
        "id": "V1003247",
        "indicator": "F",
        "type": "TRY",
        "word": "TRY",
        "roles": {
          "AGENT": "#V1003229",
          "FORMAL": "#V1003285",
          "TENSE": "PAST",
          "LEX": "TRIED",
          "WNSENSE": "try%1:04:00::"
        },
        "start": 59,
        "end": 84
      },
      "V1003229": {
        "id": "V1003229",
        "indicator": "PRO",
        "type": "PERSON",
        "word": "I",
        "roles": {
          "PROFORM": "I",
          "LEX": "I",
          "WNSENSE": "person%1:03:00",
          "COREF": "USER"
        },
        "start": 59,
        "end": 61
      },
      "V1003285": {
        "id": "V1003285",
        "indicator": "F",
        "type": "TELL",
        "word": "TELL",
        "roles": {
          "AGENT": "#V1003229",
          "NEUTRAL": "#V1003298",
          "VFORM": "BASE",
          "LEX": "TELL",
          "WNSENSE": "tell%2:32:04::"
        },
        "start": 67,
        "end": 84
      },
      "V1003298": {
        "id": "V1003298",
        "indicator": "THE",
        "type": "COMPOSITION",
        "word": "STORY",
        "roles": {
          "ASSOC-POSS": "#V1003295",
          "LEX": "STORY",
          "WNSENSE": "composition%1:07:01"
        },
        "start": 75,
        "end": 84
      },
      "V1003295": {
        "id": "V1003295",
        "indicator": "PRO",
        "type": "PERSON",
        "word": "MY",
        "roles": {
          "LEX": "MY",
          "PROFORM": "MY",
          "WNSENSE": "person%1:03:00",
          "COREF": "USER"
        },
        "start": 75,
        "end": 84
      },
      "root": "#V1006431"
    },
    {
      "V1003066": {
        "id": "V1003066",
        "indicator": "F",
        "type": "REASON",
        "word": "BECAUSE",
        "roles": {
          "GROUND": "#V1003122",
          "LEX": "BECAUSE"
        },
        "start": 0,
        "end": 29
      },
      "V1003122": {
        "id": "V1003122",
        "indicator": "F",
        "type": "SAY",
        "word": "UTTER",
        "roles": {
          "AGENT": "#V1003086",
          "QUALIFICATION": "#V1003106",
          "TENSE": "PRES",
          "MODALITY": "(:* CONDITIONAL COULD)",
          "LEX": "UTTER",
          "WNSENSE": "utter%2:32:00::"
        },
        "start": 8,
        "end": 29
      },
      "V1003086": {
        "id": "V1003086",
        "indicator": "PRO",
        "type": "PERSON",
        "word": "I",
        "roles": {
          "PROFORM": "I",
          "LEX": "I",
          "WNSENSE": "person%1:03:00"
        },
        "start": 8,
        "end": 10
      },
      "V1003106": {
        "id": "V1003106",
        "indicator": "F",
        "type": "QUALIFICATION",
        "word": "BARELY",
        "roles": {
          "FIGURE": "#V1003122",
          "LEX": "BARELY",
          "WNSENSE": "barely%4:02:01::"
        },
        "start": 16,
        "end": 23
      },
      "root": "#V1003066"
    },
    {
      "V1006421": {
        "id": "V1006421",
        "indicator": "SPEECHACT",
        "type": "SA_IDENTIFY",
        "word": null,
        "roles": {
          "PUNCTYPE": "DECL",
          "CONTENT": "#V1003132",
          "LEX": "WORDS"
        },
        "start": 29,
        "end": 85
      },
      "V1003132": {
        "id": "V1003132",
        "indicator": "THE-SET",
        "type": "LINGUISTIC-OBJECT",
        "word": "WORD",
        "roles": {
          "MOD": "#V1003160",
          "LEX": "WORDS",
          "WNSENSE": "word%1:10:00::"
        },
        "start": 29,
        "end": 84
      },
      "V1003160": {
        "id": "V1003160",
        "indicator": "F",
        "type": "LOCUTION",
        "word": "SAY",
        "roles": {
          "AGENT": "#V1003144",
          "NEUTRAL": "#V1003132",
          "AGENT1": "#V1003200",
          "TIME": "#V1003203",
          "TENSE": "PAST",
          "LEX": "SAID",
          "WNSENSE": "say%2:32:02::"
        },
        "start": 39,
        "end": 84
      },
      "V1003144": {
        "id": "V1003144",
        "indicator": "PRO",
        "type": "PERSON",
        "word": "YOU",
        "roles": {
          "PROFORM": "YOU",
          "LEX": "YOU",
          "WNSENSE": "person%1:03:00"
        },
        "start": 39,
        "end": 43
      },
      "V1003200": {
        "id": "V1003200",
        "indicator": "PRO",
        "type": "PERSON",
        "word": "ME",
        "roles": {
          "PROFORM": "ME",
          "LEX": "ME",
          "WNSENSE": "person%1:03:00"
        },
        "start": 48,
        "end": 54
      },
      "V1003203": {
        "id": "V1003203",
        "indicator": "F",
        "type": "WHEN-WHILE",
        "word": "WHEN",
        "roles": {
          "GROUND": "#V1003247",
          "FIGURE": "#V1003160",
          "LEX": "WHEN"
        },
        "start": 54,
        "end": 84
      },
      "V1003247": {
        "id": "V1003247",
        "indicator": "F",
        "type": "TRY",
        "word": "TRY",
        "roles": {
          "AGENT": "#V1003229",
          "FORMAL": "#V1003285",
          "TENSE": "PAST",
          "LEX": "TRIED",
          "WNSENSE": "try%1:04:00::"
        },
        "start": 59,
        "end": 84
      },
      "V1003229": {
        "id": "V1003229",
        "indicator": "PRO",
        "type": "PERSON",
        "word": "I",
        "roles": {
          "PROFORM": "I",
          "LEX": "I",
          "WNSENSE": "person%1:03:00"
        },
        "start": 59,
        "end": 61
      },
      "V1003285": {
        "id": "V1003285",
        "indicator": "F",
        "type": "TELL",
        "word": "TELL",
        "roles": {
          "AGENT": "#V1003229",
          "NEUTRAL": "#V1003298",
          "VFORM": "BASE",
          "LEX": "TELL",
          "WNSENSE": "tell%2:32:04::"
        },
        "start": 67,
        "end": 84
      },
      "V1003298": {
        "id": "V1003298",
        "indicator": "THE",
        "type": "COMPOSITION",
        "word": "STORY",
        "roles": {
          "ASSOC-POSS": "#V1003295",
          "LEX": "STORY",
          "WNSENSE": "composition%1:07:01"
        },
        "start": 75,
        "end": 84
      },
      "V1003295": {
        "id": "V1003295",
        "indicator": "PRO",
        "type": "PERSON",
        "word": "MY",
        "roles": {
          "LEX": "MY",
          "PROFORM": "MY",
          "WNSENSE": "person%1:03:00"
        },
        "start": 75,
        "end": 84
      },
      "root": "#V1006421"
    },
    {
      "V1003067": {
        "id": "V1003067",
        "indicator": "F",
        "type": "REASON",
        "word": "BECAUSE",
        "roles": {
          "GROUND": "#V1003122",
          "LEX": "BECAUSE"
        },
        "start": 0,
        "end": 29
      },
      "V1003122": {
        "id": "V1003122",
        "indicator": "F",
        "type": "SAY",
        "word": "UTTER",
        "roles": {
          "AGENT": "#V1003086",
          "QUALIFICATION": "#V1003106",
          "TENSE": "PRES",
          "MODALITY": "(:* CONDITIONAL COULD)",
          "LEX": "UTTER",
          "WNSENSE": "utter%2:32:00::"
        },
        "start": 8,
        "end": 29
      },
      "V1003086": {
        "id": "V1003086",
        "indicator": "PRO",
        "type": "PERSON",
        "word": "I",
        "roles": {
          "PROFORM": "I",
          "LEX": "I",
          "WNSENSE": "person%1:03:00"
        },
        "start": 8,
        "end": 10
      },
      "V1003106": {
        "id": "V1003106",
        "indicator": "F",
        "type": "QUALIFICATION",
        "word": "BARELY",
        "roles": {
          "FIGURE": "#V1003122",
          "LEX": "BARELY",
          "WNSENSE": "barely%4:02:01::"
        },
        "start": 16,
        "end": 23
      },
      "root": "#V1003067"
    },
    {
      "V1006431": {
        "id": "V1006431",
        "indicator": "SPEECHACT",
        "type": "SA_IDENTIFY",
        "word": null,
        "roles": {
          "PUNCTYPE": "DECL",
          "CONTENT": "#V1003132",
          "LEX": "WORDS"
        },
        "start": 29,
        "end": 85
      },
      "V1003132": {
        "id": "V1003132",
        "indicator": "THE-SET",
        "type": "LINGUISTIC-OBJECT",
        "word": "WORD",
        "roles": {
          "MOD": "#V1003155",
          "LEX": "WORDS",
          "WNSENSE": "word%1:10:00::"
        },
        "start": 29,
        "end": 84
      },
      "V1003155": {
        "id": "V1003155",
        "indicator": "F",
        "type": "SAY",
        "word": "SAY",
        "roles": {
          "AGENT": "#V1003144",
          "NEUTRAL": "#V1003132",
          "AGENT1": "#V1003200",
          "TIME": "#V1003203",
          "TENSE": "PAST",
          "LEX": "SAID",
          "WNSENSE": "say%2:32:01::"
        },
        "start": 39,
        "end": 84
      },
      "V1003144": {
        "id": "V1003144",
        "indicator": "PRO",
        "type": "PERSON",
        "word": "YOU",
        "roles": {
          "PROFORM": "YOU",
          "LEX": "YOU",
          "WNSENSE": "person%1:03:00"
        },
        "start": 39,
        "end": 43
      },
      "V1003200": {
        "id": "V1003200",
        "indicator": "PRO",
        "type": "PERSON",
        "word": "ME",
        "roles": {
          "PROFORM": "ME",
          "LEX": "ME",
          "WNSENSE": "person%1:03:00"
        },
        "start": 48,
        "end": 54
      },
      "V1003203": {
        "id": "V1003203",
        "indicator": "F",
        "type": "WHEN-WHILE",
        "word": "WHEN",
        "roles": {
          "GROUND": "#V1003247",
          "FIGURE": "#V1003155",
          "LEX": "WHEN"
        },
        "start": 54,
        "end": 84
      },
      "V1003247": {
        "id": "V1003247",
        "indicator": "F",
        "type": "TRY",
        "word": "TRY",
        "roles": {
          "AGENT": "#V1003229",
          "FORMAL": "#V1003285",
          "TENSE": "PAST",
          "LEX": "TRIED",
          "WNSENSE": "try%1:04:00::"
        },
        "start": 59,
        "end": 84
      },
      "V1003229": {
        "id": "V1003229",
        "indicator": "PRO",
        "type": "PERSON",
        "word": "I",
        "roles": {
          "PROFORM": "I",
          "LEX": "I",
          "WNSENSE": "person%1:03:00"
        },
        "start": 59,
        "end": 61
      },
      "V1003285": {
        "id": "V1003285",
        "indicator": "F",
        "type": "TELL",
        "word": "TELL",
        "roles": {
          "AGENT": "#V1003229",
          "NEUTRAL": "#V1003298",
          "VFORM": "BASE",
          "LEX": "TELL",
          "WNSENSE": "tell%2:32:04::"
        },
        "start": 67,
        "end": 84
      },
      "V1003298": {
        "id": "V1003298",
        "indicator": "THE",
        "type": "COMPOSITION",
        "word": "STORY",
        "roles": {
          "ASSOC-POSS": "#V1003295",
          "LEX": "STORY",
          "WNSENSE": "composition%1:07:01"
        },
        "start": 75,
        "end": 84
      },
      "V1003295": {
        "id": "V1003295",
        "indicator": "PRO",
        "type": "PERSON",
        "word": "MY",
        "roles": {
          "LEX": "MY",
          "PROFORM": "MY",
          "WNSENSE": "person%1:03:00"
        },
        "start": 75,
        "end": 84
      },
      "root": "#V1006431"
    },
    {
      "V1003067": {
        "id": "V1003067",
        "indicator": "F",
        "type": "REASON",
        "word": "BECAUSE",
        "roles": {
          "GROUND": "#V1003122",
          "LEX": "BECAUSE"
        },
        "start": 0,
        "end": 29
      },
      "V1003122": {
        "id": "V1003122",
        "indicator": "F",
        "type": "SAY",
        "word": "UTTER",
        "roles": {
          "AGENT": "#V1003086",
          "QUALIFICATION": "#V1003106",
          "TENSE": "PRES",
          "MODALITY": "(:* CONDITIONAL COULD)",
          "LEX": "UTTER",
          "WNSENSE": "utter%2:32:00::"
        },
        "start": 8,
        "end": 29
      },
      "V1003086": {
        "id": "V1003086",
        "indicator": "PRO",
        "type": "PERSON",
        "word": "I",
        "roles": {
          "PROFORM": "I",
          "LEX": "I",
          "WNSENSE": "person%1:03:00"
        },
        "start": 8,
        "end": 10
      },
      "V1003106": {
        "id": "V1003106",
        "indicator": "F",
        "type": "QUALIFICATION",
        "word": "BARELY",
        "roles": {
          "FIGURE": "#V1003122",
          "LEX": "BARELY",
          "WNSENSE": "barely%4:02:01::"
        },
        "start": 16,
        "end": 23
      },
      "root": "#V1003067"
    },
    {
      "V1006421": {
        "id": "V1006421",
        "indicator": "SPEECHACT",
        "type": "SA_IDENTIFY",
        "word": null,
        "roles": {
          "PUNCTYPE": "DECL",
          "CONTENT": "#V1003132",
          "LEX": "WORDS"
        },
        "start": 29,
        "end": 85
      },
      "V1003132": {
        "id": "V1003132",
        "indicator": "THE-SET",
        "type": "LINGUISTIC-OBJECT",
        "word": "WORD",
        "roles": {
          "MOD": "#V1003160",
          "LEX": "WORDS",
          "WNSENSE": "word%1:10:00::"
        },
        "start": 29,
        "end": 84
      },
      "V1003160": {
        "id": "V1003160",
        "indicator": "F",
        "type": "LOCUTION",
        "word": "SAY",
        "roles": {
          "AGENT": "#V1003144",
          "NEUTRAL": "#V1003132",
          "AGENT1": "#V1003200",
          "TIME": "#V1003203",
          "TENSE": "PAST",
          "LEX": "SAID",
          "WNSENSE": "say%2:32:02::"
        },
        "start": 39,
        "end": 84
      },
      "V1003144": {
        "id": "V1003144",
        "indicator": "PRO",
        "type": "PERSON",
        "word": "YOU",
        "roles": {
          "PROFORM": "YOU",
          "LEX": "YOU",
          "WNSENSE": "person%1:03:00"
        },
        "start": 39,
        "end": 43
      },
      "V1003200": {
        "id": "V1003200",
        "indicator": "PRO",
        "type": "PERSON",
        "word": "ME",
        "roles": {
          "PROFORM": "ME",
          "LEX": "ME",
          "WNSENSE": "person%1:03:00"
        },
        "start": 48,
        "end": 54
      },
      "V1003203": {
        "id": "V1003203",
        "indicator": "F",
        "type": "WHEN-WHILE",
        "word": "WHEN",
        "roles": {
          "GROUND": "#V1003247",
          "FIGURE": "#V1003160",
          "LEX": "WHEN"
        },
        "start": 54,
        "end": 84
      },
      "V1003247": {
        "id": "V1003247",
        "indicator": "F",
        "type": "TRY",
        "word": "TRY",
        "roles": {
          "AGENT": "#V1003229",
          "FORMAL": "#V1003285",
          "TENSE": "PAST",
          "LEX": "TRIED",
          "WNSENSE": "try%1:04:00::"
        },
        "start": 59,
        "end": 84
      },
      "V1003229": {
        "id": "V1003229",
        "indicator": "PRO",
        "type": "PERSON",
        "word": "I",
        "roles": {
          "PROFORM": "I",
          "LEX": "I",
          "WNSENSE": "person%1:03:00"
        },
        "start": 59,
        "end": 61
      },
      "V1003285": {
        "id": "V1003285",
        "indicator": "F",
        "type": "TELL",
        "word": "TELL",
        "roles": {
          "AGENT": "#V1003229",
          "NEUTRAL": "#V1003298",
          "VFORM": "BASE",
          "LEX": "TELL",
          "WNSENSE": "tell%2:32:04::"
        },
        "start": 67,
        "end": 84
      },
      "V1003298": {
        "id": "V1003298",
        "indicator": "THE",
        "type": "COMPOSITION",
        "word": "STORY",
        "roles": {
          "ASSOC-POSS": "#V1003295",
          "LEX": "STORY",
          "WNSENSE": "composition%1:07:01"
        },
        "start": 75,
        "end": 84
      },
      "V1003295": {
        "id": "V1003295",
        "indicator": "PRO",
        "type": "PERSON",
        "word": "MY",
        "roles": {
          "LEX": "MY",
          "PROFORM": "MY",
          "WNSENSE": "person%1:03:00"
        },
        "start": 75,
        "end": 84
      },
      "root": "#V1006421"
    },
    {
      "V1003066": {
        "id": "V1003066",
        "indicator": "F",
        "type": "REASON",
        "word": "BECAUSE",
        "roles": {
          "GROUND": "#V1003122",
          "LEX": "BECAUSE"
        },
        "start": 0,
        "end": 29
      },
      "V1003122": {
        "id": "V1003122",
        "indicator": "F",
        "type": "SAY",
        "word": "UTTER",
        "roles": {
          "AGENT": "#V1003086",
          "QUALIFICATION": "#V1003106",
          "TENSE": "PAST",
          "MODALITY": "(:* CONDITIONAL COULD)",
          "LEX": "UTTER",
          "WNSENSE": "utter%2:32:00::"
        },
        "start": 8,
        "end": 29
      },
      "V1003086": {
        "id": "V1003086",
        "indicator": "PRO",
        "type": "PERSON",
        "word": "I",
        "roles": {
          "PROFORM": "I",
          "LEX": "I",
          "WNSENSE": "person%1:03:00"
        },
        "start": 8,
        "end": 10
      },
      "V1003106": {
        "id": "V1003106",
        "indicator": "F",
        "type": "QUALIFICATION",
        "word": "BARELY",
        "roles": {
          "FIGURE": "#V1003122",
          "LEX": "BARELY",
          "WNSENSE": "barely%4:02:01::"
        },
        "start": 16,
        "end": 23
      },
      "root": "#V1003066"
    },
    {
      "V1006431": {
        "id": "V1006431",
        "indicator": "SPEECHACT",
        "type": "SA_IDENTIFY",
        "word": null,
        "roles": {
          "PUNCTYPE": "DECL",
          "CONTENT": "#V1003132",
          "LEX": "WORDS"
        },
        "start": 29,
        "end": 85
      },
      "V1003132": {
        "id": "V1003132",
        "indicator": "THE-SET",
        "type": "LINGUISTIC-OBJECT",
        "word": "WORD",
        "roles": {
          "MOD": "#V1003155",
          "LEX": "WORDS",
          "WNSENSE": "word%1:10:00::"
        },
        "start": 29,
        "end": 84
      },
      "V1003155": {
        "id": "V1003155",
        "indicator": "F",
        "type": "SAY",
        "word": "SAY",
        "roles": {
          "AGENT": "#V1003144",
          "NEUTRAL": "#V1003132",
          "AGENT1": "#V1003200",
          "TIME": "#V1003203",
          "TENSE": "PAST",
          "LEX": "SAID",
          "WNSENSE": "say%2:32:01::"
        },
        "start": 39,
        "end": 84
      },
      "V1003144": {
        "id": "V1003144",
        "indicator": "PRO",
        "type": "PERSON",
        "word": "YOU",
        "roles": {
          "PROFORM": "YOU",
          "LEX": "YOU",
          "WNSENSE": "person%1:03:00"
        },
        "start": 39,
        "end": 43
      },
      "V1003200": {
        "id": "V1003200",
        "indicator": "PRO",
        "type": "PERSON",
        "word": "ME",
        "roles": {
          "PROFORM": "ME",
          "LEX": "ME",
          "WNSENSE": "person%1:03:00"
        },
        "start": 48,
        "end": 54
      },
      "V1003203": {
        "id": "V1003203",
        "indicator": "F",
        "type": "WHEN-WHILE",
        "word": "WHEN",
        "roles": {
          "GROUND": "#V1003247",
          "FIGURE": "#V1003155",
          "LEX": "WHEN"
        },
        "start": 54,
        "end": 84
      },
      "V1003247": {
        "id": "V1003247",
        "indicator": "F",
        "type": "TRY",
        "word": "TRY",
        "roles": {
          "AGENT": "#V1003229",
          "FORMAL": "#V1003285",
          "TENSE": "PAST",
          "LEX": "TRIED",
          "WNSENSE": "try%1:04:00::"
        },
        "start": 59,
        "end": 84
      },
      "V1003229": {
        "id": "V1003229",
        "indicator": "PRO",
        "type": "PERSON",
        "word": "I",
        "roles": {
          "PROFORM": "I",
          "LEX": "I",
          "WNSENSE": "person%1:03:00"
        },
        "start": 59,
        "end": 61
      },
      "V1003285": {
        "id": "V1003285",
        "indicator": "F",
        "type": "TELL",
        "word": "TELL",
        "roles": {
          "AGENT": "#V1003229",
          "NEUTRAL": "#V1003298",
          "VFORM": "BASE",
          "LEX": "TELL",
          "WNSENSE": "tell%2:32:04::"
        },
        "start": 67,
        "end": 84
      },
      "V1003298": {
        "id": "V1003298",
        "indicator": "THE",
        "type": "COMPOSITION",
        "word": "STORY",
        "roles": {
          "ASSOC-POSS": "#V1003295",
          "LEX": "STORY",
          "WNSENSE": "composition%1:07:01"
        },
        "start": 75,
        "end": 84
      },
      "V1003295": {
        "id": "V1003295",
        "indicator": "PRO",
        "type": "PERSON",
        "word": "MY",
        "roles": {
          "LEX": "MY",
          "PROFORM": "MY",
          "WNSENSE": "person%1:03:00"
        },
        "start": 75,
        "end": 84
      },
      "root": "#V1006431"
    },
    {
      "V1003066": {
        "id": "V1003066",
        "indicator": "F",
        "type": "REASON",
        "word": "BECAUSE",
        "roles": {
          "GROUND": "#V1003122",
          "LEX": "BECAUSE"
        },
        "start": 0,
        "end": 29
      },
      "V1003122": {
        "id": "V1003122",
        "indicator": "F",
        "type": "SAY",
        "word": "UTTER",
        "roles": {
          "AGENT": "#V1003086",
          "QUALIFICATION": "#V1003106",
          "TENSE": "PAST",
          "MODALITY": "(:* CONDITIONAL COULD)",
          "LEX": "UTTER",
          "WNSENSE": "utter%2:32:00::"
        },
        "start": 8,
        "end": 29
      },
      "V1003086": {
        "id": "V1003086",
        "indicator": "PRO",
        "type": "PERSON",
        "word": "I",
        "roles": {
          "PROFORM": "I",
          "LEX": "I",
          "WNSENSE": "person%1:03:00"
        },
        "start": 8,
        "end": 10
      },
      "V1003106": {
        "id": "V1003106",
        "indicator": "F",
        "type": "QUALIFICATION",
        "word": "BARELY",
        "roles": {
          "FIGURE": "#V1003122",
          "LEX": "BARELY",
          "WNSENSE": "barely%4:02:01::"
        },
        "start": 16,
        "end": 23
      },
      "root": "#V1003066"
    },
    {
      "V1006421": {
        "id": "V1006421",
        "indicator": "SPEECHACT",
        "type": "SA_IDENTIFY",
        "word": null,
        "roles": {
          "PUNCTYPE": "DECL",
          "CONTENT": "#V1003132",
          "LEX": "WORDS"
        },
        "start": 29,
        "end": 85
      },
      "V1003132": {
        "id": "V1003132",
        "indicator": "THE-SET",
        "type": "LINGUISTIC-OBJECT",
        "word": "WORD",
        "roles": {
          "MOD": "#V1003160",
          "LEX": "WORDS",
          "WNSENSE": "word%1:10:00::"
        },
        "start": 29,
        "end": 84
      },
      "V1003160": {
        "id": "V1003160",
        "indicator": "F",
        "type": "LOCUTION",
        "word": "SAY",
        "roles": {
          "AGENT": "#V1003144",
          "NEUTRAL": "#V1003132",
          "AGENT1": "#V1003200",
          "TIME": "#V1003203",
          "TENSE": "PAST",
          "LEX": "SAID",
          "WNSENSE": "say%2:32:02::"
        },
        "start": 39,
        "end": 84
      },
      "V1003144": {
        "id": "V1003144",
        "indicator": "PRO",
        "type": "PERSON",
        "word": "YOU",
        "roles": {
          "PROFORM": "YOU",
          "LEX": "YOU",
          "WNSENSE": "person%1:03:00"
        },
        "start": 39,
        "end": 43
      },
      "V1003200": {
        "id": "V1003200",
        "indicator": "PRO",
        "type": "PERSON",
        "word": "ME",
        "roles": {
          "PROFORM": "ME",
          "LEX": "ME",
          "WNSENSE": "person%1:03:00"
        },
        "start": 48,
        "end": 54
      },
      "V1003203": {
        "id": "V1003203",
        "indicator": "F",
        "type": "WHEN-WHILE",
        "word": "WHEN",
        "roles": {
          "GROUND": "#V1003247",
          "FIGURE": "#V1003160",
          "LEX": "WHEN"
        },
        "start": 54,
        "end": 84
      },
      "V1003247": {
        "id": "V1003247",
        "indicator": "F",
        "type": "TRY",
        "word": "TRY",
        "roles": {
          "AGENT": "#V1003229",
          "FORMAL": "#V1003285",
          "TENSE": "PAST",
          "LEX": "TRIED",
          "WNSENSE": "try%1:04:00::"
        },
        "start": 59,
        "end": 84
      },
      "V1003229": {
        "id": "V1003229",
        "indicator": "PRO",
        "type": "PERSON",
        "word": "I",
        "roles": {
          "PROFORM": "I",
          "LEX": "I",
          "WNSENSE": "person%1:03:00"
        },
        "start": 59,
        "end": 61
      },
      "V1003285": {
        "id": "V1003285",
        "indicator": "F",
        "type": "TELL",
        "word": "TELL",
        "roles": {
          "AGENT": "#V1003229",
          "NEUTRAL": "#V1003298",
          "VFORM": "BASE",
          "LEX": "TELL",
          "WNSENSE": "tell%2:32:04::"
        },
        "start": 67,
        "end": 84
      },
      "V1003298": {
        "id": "V1003298",
        "indicator": "THE",
        "type": "COMPOSITION",
        "word": "STORY",
        "roles": {
          "ASSOC-POSS": "#V1003295",
          "LEX": "STORY",
          "WNSENSE": "composition%1:07:01"
        },
        "start": 75,
        "end": 84
      },
      "V1003295": {
        "id": "V1003295",
        "indicator": "PRO",
        "type": "PERSON",
        "word": "MY",
        "roles": {
          "LEX": "MY",
          "PROFORM": "MY",
          "WNSENSE": "person%1:03:00"
        },
        "start": 75,
        "end": 84
      },
      "root": "#V1006421"
    },
    {
      "V1003067": {
        "id": "V1003067",
        "indicator": "F",
        "type": "REASON",
        "word": "BECAUSE",
        "roles": {
          "GROUND": "#V1003122",
          "LEX": "BECAUSE"
        },
        "start": 0,
        "end": 29
      },
      "V1003122": {
        "id": "V1003122",
        "indicator": "F",
        "type": "SAY",
        "word": "UTTER",
        "roles": {
          "AGENT": "#V1003086",
          "QUALIFICATION": "#V1003106",
          "TENSE": "PAST",
          "MODALITY": "(:* CONDITIONAL COULD)",
          "LEX": "UTTER",
          "WNSENSE": "utter%2:32:00::"
        },
        "start": 8,
        "end": 29
      },
      "V1003086": {
        "id": "V1003086",
        "indicator": "PRO",
        "type": "PERSON",
        "word": "I",
        "roles": {
          "PROFORM": "I",
          "LEX": "I",
          "WNSENSE": "person%1:03:00"
        },
        "start": 8,
        "end": 10
      },
      "V1003106": {
        "id": "V1003106",
        "indicator": "F",
        "type": "QUALIFICATION",
        "word": "BARELY",
        "roles": {
          "FIGURE": "#V1003122",
          "LEX": "BARELY",
          "WNSENSE": "barely%4:02:01::"
        },
        "start": 16,
        "end": 23
      },
      "root": "#V1003067"
    },
    {
      "V1006431": {
        "id": "V1006431",
        "indicator": "SPEECHACT",
        "type": "SA_IDENTIFY",
        "word": null,
        "roles": {
          "PUNCTYPE": "DECL",
          "CONTENT": "#V1003132",
          "LEX": "WORDS"
        },
        "start": 29,
        "end": 85
      },
      "V1003132": {
        "id": "V1003132",
        "indicator": "THE-SET",
        "type": "LINGUISTIC-OBJECT",
        "word": "WORD",
        "roles": {
          "MOD": "#V1003155",
          "LEX": "WORDS",
          "WNSENSE": "word%1:10:00::"
        },
        "start": 29,
        "end": 84
      },
      "V1003155": {
        "id": "V1003155",
        "indicator": "F",
        "type": "SAY",
        "word": "SAY",
        "roles": {
          "AGENT": "#V1003144",
          "NEUTRAL": "#V1003132",
          "AGENT1": "#V1003200",
          "TIME": "#V1003203",
          "TENSE": "PAST",
          "LEX": "SAID",
          "WNSENSE": "say%2:32:01::"
        },
        "start": 39,
        "end": 84
      },
      "V1003144": {
        "id": "V1003144",
        "indicator": "PRO",
        "type": "PERSON",
        "word": "YOU",
        "roles": {
          "PROFORM": "YOU",
          "LEX": "YOU",
          "WNSENSE": "person%1:03:00"
        },
        "start": 39,
        "end": 43
      },
      "V1003200": {
        "id": "V1003200",
        "indicator": "PRO",
        "type": "PERSON",
        "word": "ME",
        "roles": {
          "PROFORM": "ME",
          "LEX": "ME",
          "WNSENSE": "person%1:03:00"
        },
        "start": 48,
        "end": 54
      },
      "V1003203": {
        "id": "V1003203",
        "indicator": "F",
        "type": "WHEN-WHILE",
        "word": "WHEN",
        "roles": {
          "GROUND": "#V1003247",
          "FIGURE": "#V1003155",
          "LEX": "WHEN"
        },
        "start": 54,
        "end": 84
      },
      "V1003247": {
        "id": "V1003247",
        "indicator": "F",
        "type": "TRY",
        "word": "TRY",
        "roles": {
          "AGENT": "#V1003229",
          "FORMAL": "#V1003285",
          "TENSE": "PAST",
          "LEX": "TRIED",
          "WNSENSE": "try%1:04:00::"
        },
        "start": 59,
        "end": 84
      },
      "V1003229": {
        "id": "V1003229",
        "indicator": "PRO",
        "type": "PERSON",
        "word": "I",
        "roles": {
          "PROFORM": "I",
          "LEX": "I",
          "WNSENSE": "person%1:03:00"
        },
        "start": 59,
        "end": 61
      },
      "V1003285": {
        "id": "V1003285",
        "indicator": "F",
        "type": "TELL",
        "word": "TELL",
        "roles": {
          "AGENT": "#V1003229",
          "NEUTRAL": "#V1003298",
          "VFORM": "BASE",
          "LEX": "TELL",
          "WNSENSE": "tell%2:32:04::"
        },
        "start": 67,
        "end": 84
      },
      "V1003298": {
        "id": "V1003298",
        "indicator": "THE",
        "type": "COMPOSITION",
        "word": "STORY",
        "roles": {
          "ASSOC-POSS": "#V1003295",
          "LEX": "STORY",
          "WNSENSE": "composition%1:07:01"
        },
        "start": 75,
        "end": 84
      },
      "V1003295": {
        "id": "V1003295",
        "indicator": "PRO",
        "type": "PERSON",
        "word": "MY",
        "roles": {
          "LEX": "MY",
          "PROFORM": "MY",
          "WNSENSE": "person%1:03:00"
        },
        "start": 75,
        "end": 84
      },
      "root": "#V1006431"
    },
    {
      "V1003067": {
        "id": "V1003067",
        "indicator": "F",
        "type": "REASON",
        "word": "BECAUSE",
        "roles": {
          "GROUND": "#V1003122",
          "LEX": "BECAUSE"
        },
        "start": 0,
        "end": 29
      },
      "V1003122": {
        "id": "V1003122",
        "indicator": "F",
        "type": "SAY",
        "word": "UTTER",
        "roles": {
          "AGENT": "#V1003086",
          "QUALIFICATION": "#V1003106",
          "TENSE": "PAST",
          "MODALITY": "(:* CONDITIONAL COULD)",
          "LEX": "UTTER",
          "WNSENSE": "utter%2:32:00::"
        },
        "start": 8,
        "end": 29
      },
      "V1003086": {
        "id": "V1003086",
        "indicator": "PRO",
        "type": "PERSON",
        "word": "I",
        "roles": {
          "PROFORM": "I",
          "LEX": "I",
          "WNSENSE": "person%1:03:00"
        },
        "start": 8,
        "end": 10
      },
      "V1003106": {
        "id": "V1003106",
        "indicator": "F",
        "type": "QUALIFICATION",
        "word": "BARELY",
        "roles": {
          "FIGURE": "#V1003122",
          "LEX": "BARELY",
          "WNSENSE": "barely%4:02:01::"
        },
        "start": 16,
        "end": 23
      },
      "root": "#V1003067"
    },
    {
      "V1006421": {
        "id": "V1006421",
        "indicator": "SPEECHACT",
        "type": "SA_IDENTIFY",
        "word": null,
        "roles": {
          "PUNCTYPE": "DECL",
          "CONTENT": "#V1003132",
          "LEX": "WORDS"
        },
        "start": 29,
        "end": 85
      },
      "V1003132": {
        "id": "V1003132",
        "indicator": "THE-SET",
        "type": "LINGUISTIC-OBJECT",
        "word": "WORD",
        "roles": {
          "MOD": "#V1003160",
          "LEX": "WORDS",
          "WNSENSE": "word%1:10:00::"
        },
        "start": 29,
        "end": 84
      },
      "V1003160": {
        "id": "V1003160",
        "indicator": "F",
        "type": "LOCUTION",
        "word": "SAY",
        "roles": {
          "AGENT": "#V1003144",
          "NEUTRAL": "#V1003132",
          "AGENT1": "#V1003200",
          "TIME": "#V1003203",
          "TENSE": "PAST",
          "LEX": "SAID",
          "WNSENSE": "say%2:32:02::"
        },
        "start": 39,
        "end": 84
      },
      "V1003144": {
        "id": "V1003144",
        "indicator": "PRO",
        "type": "PERSON",
        "word": "YOU",
        "roles": {
          "PROFORM": "YOU",
          "LEX": "YOU",
          "WNSENSE": "person%1:03:00"
        },
        "start": 39,
        "end": 43
      },
      "V1003200": {
        "id": "V1003200",
        "indicator": "PRO",
        "type": "PERSON",
        "word": "ME",
        "roles": {
          "PROFORM": "ME",
          "LEX": "ME",
          "WNSENSE": "person%1:03:00"
        },
        "start": 48,
        "end": 54
      },
      "V1003203": {
        "id": "V1003203",
        "indicator": "F",
        "type": "WHEN-WHILE",
        "word": "WHEN",
        "roles": {
          "GROUND": "#V1003247",
          "FIGURE": "#V1003160",
          "LEX": "WHEN"
        },
        "start": 54,
        "end": 84
      },
      "V1003247": {
        "id": "V1003247",
        "indicator": "F",
        "type": "TRY",
        "word": "TRY",
        "roles": {
          "AGENT": "#V1003229",
          "FORMAL": "#V1003285",
          "TENSE": "PAST",
          "LEX": "TRIED",
          "WNSENSE": "try%1:04:00::"
        },
        "start": 59,
        "end": 84
      },
      "V1003229": {
        "id": "V1003229",
        "indicator": "PRO",
        "type": "PERSON",
        "word": "I",
        "roles": {
          "PROFORM": "I",
          "LEX": "I",
          "WNSENSE": "person%1:03:00"
        },
        "start": 59,
        "end": 61
      },
      "V1003285": {
        "id": "V1003285",
        "indicator": "F",
        "type": "TELL",
        "word": "TELL",
        "roles": {
          "AGENT": "#V1003229",
          "NEUTRAL": "#V1003298",
          "VFORM": "BASE",
          "LEX": "TELL",
          "WNSENSE": "tell%2:32:04::"
        },
        "start": 67,
        "end": 84
      },
      "V1003298": {
        "id": "V1003298",
        "indicator": "THE",
        "type": "COMPOSITION",
        "word": "STORY",
        "roles": {
          "ASSOC-POSS": "#V1003295",
          "LEX": "STORY",
          "WNSENSE": "composition%1:07:01"
        },
        "start": 75,
        "end": 84
      },
      "V1003295": {
        "id": "V1003295",
        "indicator": "PRO",
        "type": "PERSON",
        "word": "MY",
        "roles": {
          "LEX": "MY",
          "PROFORM": "MY",
          "WNSENSE": "person%1:03:00"
        },
        "start": 75,
        "end": 84
      },
      "root": "#V1006421"
    },
    {
      "V1003066": {
        "id": "V1003066",
        "indicator": "F",
        "type": "REASON",
        "word": "BECAUSE",
        "roles": {
          "GROUND": "#V1003122",
          "LEX": "BECAUSE"
        },
        "start": 0,
        "end": 29
      },
      "V1003122": {
        "id": "V1003122",
        "indicator": "F",
        "type": "SAY",
        "word": "UTTER",
        "roles": {
          "AGENT": "#V1003086",
          "MOD": "#V1003109",
          "TENSE": "PRES",
          "MODALITY": "(:* CONDITIONAL COULD)",
          "LEX": "UTTER",
          "WNSENSE": "utter%2:32:00::"
        },
        "start": 8,
        "end": 29
      },
      "V1003086": {
        "id": "V1003086",
        "indicator": "PRO",
        "type": "PERSON",
        "word": "I",
        "roles": {
          "PROFORM": "I",
          "LEX": "I",
          "WNSENSE": "person%1:03:00"
        },
        "start": 8,
        "end": 10
      },
      "V1003109": {
        "id": "V1003109",
        "indicator": "F",
        "type": "BASIC-VAL",
        "word": "BARELY",
        "roles": {
          "FIGURE": "#V1003122",
          "SCALE": "BASIC-SCALE",
          "LEX": "BARELY",
          "WNSENSE": "underived%3:00:00::"
        },
        "start": 16,
        "end": 23
      },
      "root": "#V1003066"
    },
    {
      "V1006431": {
        "id": "V1006431",
        "indicator": "SPEECHACT",
        "type": "SA_IDENTIFY",
        "word": null,
        "roles": {
          "PUNCTYPE": "DECL",
          "CONTENT": "#V1003132",
          "LEX": "WORDS"
        },
        "start": 29,
        "end": 85
      },
      "V1003132": {
        "id": "V1003132",
        "indicator": "THE-SET",
        "type": "LINGUISTIC-OBJECT",
        "word": "WORD",
        "roles": {
          "MOD": "#V1003155",
          "LEX": "WORDS",
          "WNSENSE": "word%1:10:00::"
        },
        "start": 29,
        "end": 84
      },
      "V1003155": {
        "id": "V1003155",
        "indicator": "F",
        "type": "SAY",
        "word": "SAY",
        "roles": {
          "AGENT": "#V1003144",
          "NEUTRAL": "#V1003132",
          "AGENT1": "#V1003200",
          "TIME": "#V1003203",
          "TENSE": "PAST",
          "LEX": "SAID",
          "WNSENSE": "say%2:32:01::"
        },
        "start": 39,
        "end": 84
      },
      "V1003144": {
        "id": "V1003144",
        "indicator": "PRO",
        "type": "PERSON",
        "word": "YOU",
        "roles": {
          "PROFORM": "YOU",
          "LEX": "YOU",
          "WNSENSE": "person%1:03:00"
        },
        "start": 39,
        "end": 43
      },
      "V1003200": {
        "id": "V1003200",
        "indicator": "PRO",
        "type": "PERSON",
        "word": "ME",
        "roles": {
          "PROFORM": "ME",
          "LEX": "ME",
          "WNSENSE": "person%1:03:00"
        },
        "start": 48,
        "end": 54
      },
      "V1003203": {
        "id": "V1003203",
        "indicator": "F",
        "type": "WHEN-WHILE",
        "word": "WHEN",
        "roles": {
          "GROUND": "#V1003247",
          "FIGURE": "#V1003155",
          "LEX": "WHEN"
        },
        "start": 54,
        "end": 84
      },
      "V1003247": {
        "id": "V1003247",
        "indicator": "F",
        "type": "TRY",
        "word": "TRY",
        "roles": {
          "AGENT": "#V1003229",
          "FORMAL": "#V1003285",
          "TENSE": "PAST",
          "LEX": "TRIED",
          "WNSENSE": "try%1:04:00::"
        },
        "start": 59,
        "end": 84
      },
      "V1003229": {
        "id": "V1003229",
        "indicator": "PRO",
        "type": "PERSON",
        "word": "I",
        "roles": {
          "PROFORM": "I",
          "LEX": "I",
          "WNSENSE": "person%1:03:00"
        },
        "start": 59,
        "end": 61
      },
      "V1003285": {
        "id": "V1003285",
        "indicator": "F",
        "type": "TELL",
        "word": "TELL",
        "roles": {
          "AGENT": "#V1003229",
          "NEUTRAL": "#V1003298",
          "VFORM": "BASE",
          "LEX": "TELL",
          "WNSENSE": "tell%2:32:04::"
        },
        "start": 67,
        "end": 84
      },
      "V1003298": {
        "id": "V1003298",
        "indicator": "THE",
        "type": "COMPOSITION",
        "word": "STORY",
        "roles": {
          "ASSOC-POSS": "#V1003295",
          "LEX": "STORY",
          "WNSENSE": "composition%1:07:01"
        },
        "start": 75,
        "end": 84
      },
      "V1003295": {
        "id": "V1003295",
        "indicator": "PRO",
        "type": "PERSON",
        "word": "MY",
        "roles": {
          "LEX": "MY",
          "PROFORM": "MY",
          "WNSENSE": "person%1:03:00"
        },
        "start": 75,
        "end": 84
      },
      "root": "#V1006431"
    },
    {
      "V1003066": {
        "id": "V1003066",
        "indicator": "F",
        "type": "REASON",
        "word": "BECAUSE",
        "roles": {
          "GROUND": "#V1003122",
          "LEX": "BECAUSE"
        },
        "start": 0,
        "end": 29
      },
      "V1003122": {
        "id": "V1003122",
        "indicator": "F",
        "type": "SAY",
        "word": "UTTER",
        "roles": {
          "AGENT": "#V1003086",
          "MOD": "#V1003109",
          "TENSE": "PRES",
          "MODALITY": "(:* CONDITIONAL COULD)",
          "LEX": "UTTER",
          "WNSENSE": "utter%2:32:00::"
        },
        "start": 8,
        "end": 29
      },
      "V1003086": {
        "id": "V1003086",
        "indicator": "PRO",
        "type": "PERSON",
        "word": "I",
        "roles": {
          "PROFORM": "I",
          "LEX": "I",
          "WNSENSE": "person%1:03:00"
        },
        "start": 8,
        "end": 10
      },
      "V1003109": {
        "id": "V1003109",
        "indicator": "F",
        "type": "BASIC-VAL",
        "word": "BARELY",
        "roles": {
          "FIGURE": "#V1003122",
          "SCALE": "BASIC-SCALE",
          "LEX": "BARELY",
          "WNSENSE": "underived%3:00:00::"
        },
        "start": 16,
        "end": 23
      },
      "root": "#V1003066"
    },
    {
      "V1006421": {
        "id": "V1006421",
        "indicator": "SPEECHACT",
        "type": "SA_IDENTIFY",
        "word": null,
        "roles": {
          "PUNCTYPE": "DECL",
          "CONTENT": "#V1003132",
          "LEX": "WORDS"
        },
        "start": 29,
        "end": 85
      },
      "V1003132": {
        "id": "V1003132",
        "indicator": "THE-SET",
        "type": "LINGUISTIC-OBJECT",
        "word": "WORD",
        "roles": {
          "MOD": "#V1003160",
          "LEX": "WORDS",
          "WNSENSE": "word%1:10:00::"
        },
        "start": 29,
        "end": 84
      },
      "V1003160": {
        "id": "V1003160",
        "indicator": "F",
        "type": "LOCUTION",
        "word": "SAY",
        "roles": {
          "AGENT": "#V1003144",
          "NEUTRAL": "#V1003132",
          "AGENT1": "#V1003200",
          "TIME": "#V1003203",
          "TENSE": "PAST",
          "LEX": "SAID",
          "WNSENSE": "say%2:32:02::"
        },
        "start": 39,
        "end": 84
      },
      "V1003144": {
        "id": "V1003144",
        "indicator": "PRO",
        "type": "PERSON",
        "word": "YOU",
        "roles": {
          "PROFORM": "YOU",
          "LEX": "YOU",
          "WNSENSE": "person%1:03:00"
        },
        "start": 39,
        "end": 43
      },
      "V1003200": {
        "id": "V1003200",
        "indicator": "PRO",
        "type": "PERSON",
        "word": "ME",
        "roles": {
          "PROFORM": "ME",
          "LEX": "ME",
          "WNSENSE": "person%1:03:00"
        },
        "start": 48,
        "end": 54
      },
      "V1003203": {
        "id": "V1003203",
        "indicator": "F",
        "type": "WHEN-WHILE",
        "word": "WHEN",
        "roles": {
          "GROUND": "#V1003247",
          "FIGURE": "#V1003160",
          "LEX": "WHEN"
        },
        "start": 54,
        "end": 84
      },
      "V1003247": {
        "id": "V1003247",
        "indicator": "F",
        "type": "TRY",
        "word": "TRY",
        "roles": {
          "AGENT": "#V1003229",
          "FORMAL": "#V1003285",
          "TENSE": "PAST",
          "LEX": "TRIED",
          "WNSENSE": "try%1:04:00::"
        },
        "start": 59,
        "end": 84
      },
      "V1003229": {
        "id": "V1003229",
        "indicator": "PRO",
        "type": "PERSON",
        "word": "I",
        "roles": {
          "PROFORM": "I",
          "LEX": "I",
          "WNSENSE": "person%1:03:00"
        },
        "start": 59,
        "end": 61
      },
      "V1003285": {
        "id": "V1003285",
        "indicator": "F",
        "type": "TELL",
        "word": "TELL",
        "roles": {
          "AGENT": "#V1003229",
          "NEUTRAL": "#V1003298",
          "VFORM": "BASE",
          "LEX": "TELL",
          "WNSENSE": "tell%2:32:04::"
        },
        "start": 67,
        "end": 84
      },
      "V1003298": {
        "id": "V1003298",
        "indicator": "THE",
        "type": "COMPOSITION",
        "word": "STORY",
        "roles": {
          "ASSOC-POSS": "#V1003295",
          "LEX": "STORY",
          "WNSENSE": "composition%1:07:01"
        },
        "start": 75,
        "end": 84
      },
      "V1003295": {
        "id": "V1003295",
        "indicator": "PRO",
        "type": "PERSON",
        "word": "MY",
        "roles": {
          "LEX": "MY",
          "PROFORM": "MY",
          "WNSENSE": "person%1:03:00"
        },
        "start": 75,
        "end": 84
      },
      "root": "#V1006421"
    },
    {
      "V1003067": {
        "id": "V1003067",
        "indicator": "F",
        "type": "REASON",
        "word": "BECAUSE",
        "roles": {
          "GROUND": "#V1003122",
          "LEX": "BECAUSE"
        },
        "start": 0,
        "end": 29
      },
      "V1003122": {
        "id": "V1003122",
        "indicator": "F",
        "type": "SAY",
        "word": "UTTER",
        "roles": {
          "AGENT": "#V1003086",
          "MOD": "#V1003109",
          "TENSE": "PRES",
          "MODALITY": "(:* CONDITIONAL COULD)",
          "LEX": "UTTER",
          "WNSENSE": "utter%2:32:00::"
        },
        "start": 8,
        "end": 29
      },
      "V1003086": {
        "id": "V1003086",
        "indicator": "PRO",
        "type": "PERSON",
        "word": "I",
        "roles": {
          "PROFORM": "I",
          "LEX": "I",
          "WNSENSE": "person%1:03:00"
        },
        "start": 8,
        "end": 10
      },
      "V1003109": {
        "id": "V1003109",
        "indicator": "F",
        "type": "BASIC-VAL",
        "word": "BARELY",
        "roles": {
          "FIGURE": "#V1003122",
          "SCALE": "BASIC-SCALE",
          "LEX": "BARELY",
          "WNSENSE": "underived%3:00:00::"
        },
        "start": 16,
        "end": 23
      },
      "root": "#V1003067"
    },
    {
      "V1006431": {
        "id": "V1006431",
        "indicator": "SPEECHACT",
        "type": "SA_IDENTIFY",
        "word": null,
        "roles": {
          "PUNCTYPE": "DECL",
          "CONTENT": "#V1003132",
          "LEX": "WORDS"
        },
        "start": 29,
        "end": 85
      },
      "V1003132": {
        "id": "V1003132",
        "indicator": "THE-SET",
        "type": "LINGUISTIC-OBJECT",
        "word": "WORD",
        "roles": {
          "MOD": "#V1003155",
          "LEX": "WORDS",
          "WNSENSE": "word%1:10:00::"
        },
        "start": 29,
        "end": 84
      },
      "V1003155": {
        "id": "V1003155",
        "indicator": "F",
        "type": "SAY",
        "word": "SAY",
        "roles": {
          "AGENT": "#V1003144",
          "NEUTRAL": "#V1003132",
          "AGENT1": "#V1003200",
          "TIME": "#V1003203",
          "TENSE": "PAST",
          "LEX": "SAID",
          "WNSENSE": "say%2:32:01::"
        },
        "start": 39,
        "end": 84
      },
      "V1003144": {
        "id": "V1003144",
        "indicator": "PRO",
        "type": "PERSON",
        "word": "YOU",
        "roles": {
          "PROFORM": "YOU",
          "LEX": "YOU",
          "WNSENSE": "person%1:03:00"
        },
        "start": 39,
        "end": 43
      },
      "V1003200": {
        "id": "V1003200",
        "indicator": "PRO",
        "type": "PERSON",
        "word": "ME",
        "roles": {
          "PROFORM": "ME",
          "LEX": "ME",
          "WNSENSE": "person%1:03:00"
        },
        "start": 48,
        "end": 54
      },
      "V1003203": {
        "id": "V1003203",
        "indicator": "F",
        "type": "WHEN-WHILE",
        "word": "WHEN",
        "roles": {
          "GROUND": "#V1003247",
          "FIGURE": "#V1003155",
          "LEX": "WHEN"
        },
        "start": 54,
        "end": 84
      },
      "V1003247": {
        "id": "V1003247",
        "indicator": "F",
        "type": "TRY",
        "word": "TRY",
        "roles": {
          "AGENT": "#V1003229",
          "FORMAL": "#V1003285",
          "TENSE": "PAST",
          "LEX": "TRIED",
          "WNSENSE": "try%1:04:00::"
        },
        "start": 59,
        "end": 84
      },
      "V1003229": {
        "id": "V1003229",
        "indicator": "PRO",
        "type": "PERSON",
        "word": "I",
        "roles": {
          "PROFORM": "I",
          "LEX": "I",
          "WNSENSE": "person%1:03:00"
        },
        "start": 59,
        "end": 61
      },
      "V1003285": {
        "id": "V1003285",
        "indicator": "F",
        "type": "TELL",
        "word": "TELL",
        "roles": {
          "AGENT": "#V1003229",
          "NEUTRAL": "#V1003298",
          "VFORM": "BASE",
          "LEX": "TELL",
          "WNSENSE": "tell%2:32:04::"
        },
        "start": 67,
        "end": 84
      },
      "V1003298": {
        "id": "V1003298",
        "indicator": "THE",
        "type": "COMPOSITION",
        "word": "STORY",
        "roles": {
          "ASSOC-POSS": "#V1003295",
          "LEX": "STORY",
          "WNSENSE": "composition%1:07:01"
        },
        "start": 75,
        "end": 84
      },
      "V1003295": {
        "id": "V1003295",
        "indicator": "PRO",
        "type": "PERSON",
        "word": "MY",
        "roles": {
          "LEX": "MY",
          "PROFORM": "MY",
          "WNSENSE": "person%1:03:00"
        },
        "start": 75,
        "end": 84
      },
      "root": "#V1006431"
    },
    {
      "V1003067": {
        "id": "V1003067",
        "indicator": "F",
        "type": "REASON",
        "word": "BECAUSE",
        "roles": {
          "GROUND": "#V1003122",
          "LEX": "BECAUSE"
        },
        "start": 0,
        "end": 29
      },
      "V1003122": {
        "id": "V1003122",
        "indicator": "F",
        "type": "SAY",
        "word": "UTTER",
        "roles": {
          "AGENT": "#V1003086",
          "MOD": "#V1003109",
          "TENSE": "PRES",
          "MODALITY": "(:* CONDITIONAL COULD)",
          "LEX": "UTTER",
          "WNSENSE": "utter%2:32:00::"
        },
        "start": 8,
        "end": 29
      },
      "V1003086": {
        "id": "V1003086",
        "indicator": "PRO",
        "type": "PERSON",
        "word": "I",
        "roles": {
          "PROFORM": "I",
          "LEX": "I",
          "WNSENSE": "person%1:03:00"
        },
        "start": 8,
        "end": 10
      },
      "V1003109": {
        "id": "V1003109",
        "indicator": "F",
        "type": "BASIC-VAL",
        "word": "BARELY",
        "roles": {
          "FIGURE": "#V1003122",
          "SCALE": "BASIC-SCALE",
          "LEX": "BARELY",
          "WNSENSE": "underived%3:00:00::"
        },
        "start": 16,
        "end": 23
      },
      "root": "#V1003067"
    },
    {
      "V1006421": {
        "id": "V1006421",
        "indicator": "SPEECHACT",
        "type": "SA_IDENTIFY",
        "word": null,
        "roles": {
          "PUNCTYPE": "DECL",
          "CONTENT": "#V1003132",
          "LEX": "WORDS"
        },
        "start": 29,
        "end": 85
      },
      "V1003132": {
        "id": "V1003132",
        "indicator": "THE-SET",
        "type": "LINGUISTIC-OBJECT",
        "word": "WORD",
        "roles": {
          "MOD": "#V1003160",
          "LEX": "WORDS",
          "WNSENSE": "word%1:10:00::"
        },
        "start": 29,
        "end": 84
      },
      "V1003160": {
        "id": "V1003160",
        "indicator": "F",
        "type": "LOCUTION",
        "word": "SAY",
        "roles": {
          "AGENT": "#V1003144",
          "NEUTRAL": "#V1003132",
          "AGENT1": "#V1003200",
          "TIME": "#V1003203",
          "TENSE": "PAST",
          "LEX": "SAID",
          "WNSENSE": "say%2:32:02::"
        },
        "start": 39,
        "end": 84
      },
      "V1003144": {
        "id": "V1003144",
        "indicator": "PRO",
        "type": "PERSON",
        "word": "YOU",
        "roles": {
          "PROFORM": "YOU",
          "LEX": "YOU",
          "WNSENSE": "person%1:03:00"
        },
        "start": 39,
        "end": 43
      },
      "V1003200": {
        "id": "V1003200",
        "indicator": "PRO",
        "type": "PERSON",
        "word": "ME",
        "roles": {
          "PROFORM": "ME",
          "LEX": "ME",
          "WNSENSE": "person%1:03:00"
        },
        "start": 48,
        "end": 54
      },
      "V1003203": {
        "id": "V1003203",
        "indicator": "F",
        "type": "WHEN-WHILE",
        "word": "WHEN",
        "roles": {
          "GROUND": "#V1003247",
          "FIGURE": "#V1003160",
          "LEX": "WHEN"
        },
        "start": 54,
        "end": 84
      },
      "V1003247": {
        "id": "V1003247",
        "indicator": "F",
        "type": "TRY",
        "word": "TRY",
        "roles": {
          "AGENT": "#V1003229",
          "FORMAL": "#V1003285",
          "TENSE": "PAST",
          "LEX": "TRIED",
          "WNSENSE": "try%1:04:00::"
        },
        "start": 59,
        "end": 84
      },
      "V1003229": {
        "id": "V1003229",
        "indicator": "PRO",
        "type": "PERSON",
        "word": "I",
        "roles": {
          "PROFORM": "I",
          "LEX": "I",
          "WNSENSE": "person%1:03:00"
        },
        "start": 59,
        "end": 61
      },
      "V1003285": {
        "id": "V1003285",
        "indicator": "F",
        "type": "TELL",
        "word": "TELL",
        "roles": {
          "AGENT": "#V1003229",
          "NEUTRAL": "#V1003298",
          "VFORM": "BASE",
          "LEX": "TELL",
          "WNSENSE": "tell%2:32:04::"
        },
        "start": 67,
        "end": 84
      },
      "V1003298": {
        "id": "V1003298",
        "indicator": "THE",
        "type": "COMPOSITION",
        "word": "STORY",
        "roles": {
          "ASSOC-POSS": "#V1003295",
          "LEX": "STORY",
          "WNSENSE": "composition%1:07:01"
        },
        "start": 75,
        "end": 84
      },
      "V1003295": {
        "id": "V1003295",
        "indicator": "PRO",
        "type": "PERSON",
        "word": "MY",
        "roles": {
          "LEX": "MY",
          "PROFORM": "MY",
          "WNSENSE": "person%1:03:00"
        },
        "start": 75,
        "end": 84
      },
      "root": "#V1006421"
    },
    {
      "V1003066": {
        "id": "V1003066",
        "indicator": "F",
        "type": "REASON",
        "word": "BECAUSE",
        "roles": {
          "GROUND": "#V1003122",
          "LEX": "BECAUSE"
        },
        "start": 0,
        "end": 29
      },
      "V1003122": {
        "id": "V1003122",
        "indicator": "F",
        "type": "SAY",
        "word": "UTTER",
        "roles": {
          "AGENT": "#V1003086",
          "MOD": "#V1003109",
          "TENSE": "PAST",
          "MODALITY": "(:* CONDITIONAL COULD)",
          "LEX": "UTTER",
          "WNSENSE": "utter%2:32:00::"
        },
        "start": 8,
        "end": 29
      },
      "V1003086": {
        "id": "V1003086",
        "indicator": "PRO",
        "type": "PERSON",
        "word": "I",
        "roles": {
          "PROFORM": "I",
          "LEX": "I",
          "WNSENSE": "person%1:03:00"
        },
        "start": 8,
        "end": 10
      },
      "V1003109": {
        "id": "V1003109",
        "indicator": "F",
        "type": "BASIC-VAL",
        "word": "BARELY",
        "roles": {
          "FIGURE": "#V1003122",
          "SCALE": "BASIC-SCALE",
          "LEX": "BARELY",
          "WNSENSE": "underived%3:00:00::"
        },
        "start": 16,
        "end": 23
      },
      "root": "#V1003066"
    },
    {
      "V1006431": {
        "id": "V1006431",
        "indicator": "SPEECHACT",
        "type": "SA_IDENTIFY",
        "word": null,
        "roles": {
          "PUNCTYPE": "DECL",
          "CONTENT": "#V1003132",
          "LEX": "WORDS"
        },
        "start": 29,
        "end": 85
      },
      "V1003132": {
        "id": "V1003132",
        "indicator": "THE-SET",
        "type": "LINGUISTIC-OBJECT",
        "word": "WORD",
        "roles": {
          "MOD": "#V1003155",
          "LEX": "WORDS",
          "WNSENSE": "word%1:10:00::"
        },
        "start": 29,
        "end": 84
      },
      "V1003155": {
        "id": "V1003155",
        "indicator": "F",
        "type": "SAY",
        "word": "SAY",
        "roles": {
          "AGENT": "#V1003144",
          "NEUTRAL": "#V1003132",
          "AGENT1": "#V1003200",
          "TIME": "#V1003203",
          "TENSE": "PAST",
          "LEX": "SAID",
          "WNSENSE": "say%2:32:01::"
        },
        "start": 39,
        "end": 84
      },
      "V1003144": {
        "id": "V1003144",
        "indicator": "PRO",
        "type": "PERSON",
        "word": "YOU",
        "roles": {
          "PROFORM": "YOU",
          "LEX": "YOU",
          "WNSENSE": "person%1:03:00"
        },
        "start": 39,
        "end": 43
      },
      "V1003200": {
        "id": "V1003200",
        "indicator": "PRO",
        "type": "PERSON",
        "word": "ME",
        "roles": {
          "PROFORM": "ME",
          "LEX": "ME",
          "WNSENSE": "person%1:03:00"
        },
        "start": 48,
        "end": 54
      },
      "V1003203": {
        "id": "V1003203",
        "indicator": "F",
        "type": "WHEN-WHILE",
        "word": "WHEN",
        "roles": {
          "GROUND": "#V1003247",
          "FIGURE": "#V1003155",
          "LEX": "WHEN"
        },
        "start": 54,
        "end": 84
      },
      "V1003247": {
        "id": "V1003247",
        "indicator": "F",
        "type": "TRY",
        "word": "TRY",
        "roles": {
          "AGENT": "#V1003229",
          "FORMAL": "#V1003285",
          "TENSE": "PAST",
          "LEX": "TRIED",
          "WNSENSE": "try%1:04:00::"
        },
        "start": 59,
        "end": 84
      },
      "V1003229": {
        "id": "V1003229",
        "indicator": "PRO",
        "type": "PERSON",
        "word": "I",
        "roles": {
          "PROFORM": "I",
          "LEX": "I",
          "WNSENSE": "person%1:03:00"
        },
        "start": 59,
        "end": 61
      },
      "V1003285": {
        "id": "V1003285",
        "indicator": "F",
        "type": "TELL",
        "word": "TELL",
        "roles": {
          "AGENT": "#V1003229",
          "NEUTRAL": "#V1003298",
          "VFORM": "BASE",
          "LEX": "TELL",
          "WNSENSE": "tell%2:32:04::"
        },
        "start": 67,
        "end": 84
      },
      "V1003298": {
        "id": "V1003298",
        "indicator": "THE",
        "type": "COMPOSITION",
        "word": "STORY",
        "roles": {
          "ASSOC-POSS": "#V1003295",
          "LEX": "STORY",
          "WNSENSE": "composition%1:07:01"
        },
        "start": 75,
        "end": 84
      },
      "V1003295": {
        "id": "V1003295",
        "indicator": "PRO",
        "type": "PERSON",
        "word": "MY",
        "roles": {
          "LEX": "MY",
          "PROFORM": "MY",
          "WNSENSE": "person%1:03:00"
        },
        "start": 75,
        "end": 84
      },
      "root": "#V1006431"
    },
    {
      "V1003066": {
        "id": "V1003066",
        "indicator": "F",
        "type": "REASON",
        "word": "BECAUSE",
        "roles": {
          "GROUND": "#V1003122",
          "LEX": "BECAUSE"
        },
        "start": 0,
        "end": 29
      },
      "V1003122": {
        "id": "V1003122",
        "indicator": "F",
        "type": "SAY",
        "word": "UTTER",
        "roles": {
          "AGENT": "#V1003086",
          "MOD": "#V1003109",
          "TENSE": "PAST",
          "MODALITY": "(:* CONDITIONAL COULD)",
          "LEX": "UTTER",
          "WNSENSE": "utter%2:32:00::"
        },
        "start": 8,
        "end": 29
      },
      "V1003086": {
        "id": "V1003086",
        "indicator": "PRO",
        "type": "PERSON",
        "word": "I",
        "roles": {
          "PROFORM": "I",
          "LEX": "I",
          "WNSENSE": "person%1:03:00"
        },
        "start": 8,
        "end": 10
      },
      "V1003109": {
        "id": "V1003109",
        "indicator": "F",
        "type": "BASIC-VAL",
        "word": "BARELY",
        "roles": {
          "FIGURE": "#V1003122",
          "SCALE": "BASIC-SCALE",
          "LEX": "BARELY",
          "WNSENSE": "underived%3:00:00::"
        },
        "start": 16,
        "end": 23
      },
      "root": "#V1003066"
    },
    {
      "V1006421": {
        "id": "V1006421",
        "indicator": "SPEECHACT",
        "type": "SA_IDENTIFY",
        "word": null,
        "roles": {
          "PUNCTYPE": "DECL",
          "CONTENT": "#V1003132",
          "LEX": "WORDS"
        },
        "start": 29,
        "end": 85
      },
      "V1003132": {
        "id": "V1003132",
        "indicator": "THE-SET",
        "type": "LINGUISTIC-OBJECT",
        "word": "WORD",
        "roles": {
          "MOD": "#V1003160",
          "LEX": "WORDS",
          "WNSENSE": "word%1:10:00::"
        },
        "start": 29,
        "end": 84
      },
      "V1003160": {
        "id": "V1003160",
        "indicator": "F",
        "type": "LOCUTION",
        "word": "SAY",
        "roles": {
          "AGENT": "#V1003144",
          "NEUTRAL": "#V1003132",
          "AGENT1": "#V1003200",
          "TIME": "#V1003203",
          "TENSE": "PAST",
          "LEX": "SAID",
          "WNSENSE": "say%2:32:02::"
        },
        "start": 39,
        "end": 84
      },
      "V1003144": {
        "id": "V1003144",
        "indicator": "PRO",
        "type": "PERSON",
        "word": "YOU",
        "roles": {
          "PROFORM": "YOU",
          "LEX": "YOU",
          "WNSENSE": "person%1:03:00"
        },
        "start": 39,
        "end": 43
      },
      "V1003200": {
        "id": "V1003200",
        "indicator": "PRO",
        "type": "PERSON",
        "word": "ME",
        "roles": {
          "PROFORM": "ME",
          "LEX": "ME",
          "WNSENSE": "person%1:03:00"
        },
        "start": 48,
        "end": 54
      },
      "V1003203": {
        "id": "V1003203",
        "indicator": "F",
        "type": "WHEN-WHILE",
        "word": "WHEN",
        "roles": {
          "GROUND": "#V1003247",
          "FIGURE": "#V1003160",
          "LEX": "WHEN"
        },
        "start": 54,
        "end": 84
      },
      "V1003247": {
        "id": "V1003247",
        "indicator": "F",
        "type": "TRY",
        "word": "TRY",
        "roles": {
          "AGENT": "#V1003229",
          "FORMAL": "#V1003285",
          "TENSE": "PAST",
          "LEX": "TRIED",
          "WNSENSE": "try%1:04:00::"
        },
        "start": 59,
        "end": 84
      },
      "V1003229": {
        "id": "V1003229",
        "indicator": "PRO",
        "type": "PERSON",
        "word": "I",
        "roles": {
          "PROFORM": "I",
          "LEX": "I",
          "WNSENSE": "person%1:03:00"
        },
        "start": 59,
        "end": 61
      },
      "V1003285": {
        "id": "V1003285",
        "indicator": "F",
        "type": "TELL",
        "word": "TELL",
        "roles": {
          "AGENT": "#V1003229",
          "NEUTRAL": "#V1003298",
          "VFORM": "BASE",
          "LEX": "TELL",
          "WNSENSE": "tell%2:32:04::"
        },
        "start": 67,
        "end": 84
      },
      "V1003298": {
        "id": "V1003298",
        "indicator": "THE",
        "type": "COMPOSITION",
        "word": "STORY",
        "roles": {
          "ASSOC-POSS": "#V1003295",
          "LEX": "STORY",
          "WNSENSE": "composition%1:07:01"
        },
        "start": 75,
        "end": 84
      },
      "V1003295": {
        "id": "V1003295",
        "indicator": "PRO",
        "type": "PERSON",
        "word": "MY",
        "roles": {
          "LEX": "MY",
          "PROFORM": "MY",
          "WNSENSE": "person%1:03:00"
        },
        "start": 75,
        "end": 84
      },
      "root": "#V1006421"
    },
    {
      "V1003067": {
        "id": "V1003067",
        "indicator": "F",
        "type": "REASON",
        "word": "BECAUSE",
        "roles": {
          "GROUND": "#V1003122",
          "LEX": "BECAUSE"
        },
        "start": 0,
        "end": 29
      },
      "V1003122": {
        "id": "V1003122",
        "indicator": "F",
        "type": "SAY",
        "word": "UTTER",
        "roles": {
          "AGENT": "#V1003086",
          "MOD": "#V1003109",
          "TENSE": "PAST",
          "MODALITY": "(:* CONDITIONAL COULD)",
          "LEX": "UTTER",
          "WNSENSE": "utter%2:32:00::"
        },
        "start": 8,
        "end": 29
      },
      "V1003086": {
        "id": "V1003086",
        "indicator": "PRO",
        "type": "PERSON",
        "word": "I",
        "roles": {
          "PROFORM": "I",
          "LEX": "I",
          "WNSENSE": "person%1:03:00"
        },
        "start": 8,
        "end": 10
      },
      "V1003109": {
        "id": "V1003109",
        "indicator": "F",
        "type": "BASIC-VAL",
        "word": "BARELY",
        "roles": {
          "FIGURE": "#V1003122",
          "SCALE": "BASIC-SCALE",
          "LEX": "BARELY",
          "WNSENSE": "underived%3:00:00::"
        },
        "start": 16,
        "end": 23
      },
      "root": "#V1003067"
    },
    {
      "V1006431": {
        "id": "V1006431",
        "indicator": "SPEECHACT",
        "type": "SA_IDENTIFY",
        "word": null,
        "roles": {
          "PUNCTYPE": "DECL",
          "CONTENT": "#V1003132",
          "LEX": "WORDS"
        },
        "start": 29,
        "end": 85
      },
      "V1003132": {
        "id": "V1003132",
        "indicator": "THE-SET",
        "type": "LINGUISTIC-OBJECT",
        "word": "WORD",
        "roles": {
          "MOD": "#V1003155",
          "LEX": "WORDS",
          "WNSENSE": "word%1:10:00::"
        },
        "start": 29,
        "end": 84
      },
      "V1003155": {
        "id": "V1003155",
        "indicator": "F",
        "type": "SAY",
        "word": "SAY",
        "roles": {
          "AGENT": "#V1003144",
          "NEUTRAL": "#V1003132",
          "AGENT1": "#V1003200",
          "TIME": "#V1003203",
          "TENSE": "PAST",
          "LEX": "SAID",
          "WNSENSE": "say%2:32:01::"
        },
        "start": 39,
        "end": 84
      },
      "V1003144": {
        "id": "V1003144",
        "indicator": "PRO",
        "type": "PERSON",
        "word": "YOU",
        "roles": {
          "PROFORM": "YOU",
          "LEX": "YOU",
          "WNSENSE": "person%1:03:00"
        },
        "start": 39,
        "end": 43
      },
      "V1003200": {
        "id": "V1003200",
        "indicator": "PRO",
        "type": "PERSON",
        "word": "ME",
        "roles": {
          "PROFORM": "ME",
          "LEX": "ME",
          "WNSENSE": "person%1:03:00"
        },
        "start": 48,
        "end": 54
      },
      "V1003203": {
        "id": "V1003203",
        "indicator": "F",
        "type": "WHEN-WHILE",
        "word": "WHEN",
        "roles": {
          "GROUND": "#V1003247",
          "FIGURE": "#V1003155",
          "LEX": "WHEN"
        },
        "start": 54,
        "end": 84
      },
      "V1003247": {
        "id": "V1003247",
        "indicator": "F",
        "type": "TRY",
        "word": "TRY",
        "roles": {
          "AGENT": "#V1003229",
          "FORMAL": "#V1003285",
          "TENSE": "PAST",
          "LEX": "TRIED",
          "WNSENSE": "try%1:04:00::"
        },
        "start": 59,
        "end": 84
      },
      "V1003229": {
        "id": "V1003229",
        "indicator": "PRO",
        "type": "PERSON",
        "word": "I",
        "roles": {
          "PROFORM": "I",
          "LEX": "I",
          "WNSENSE": "person%1:03:00"
        },
        "start": 59,
        "end": 61
      },
      "V1003285": {
        "id": "V1003285",
        "indicator": "F",
        "type": "TELL",
        "word": "TELL",
        "roles": {
          "AGENT": "#V1003229",
          "NEUTRAL": "#V1003298",
          "VFORM": "BASE",
          "LEX": "TELL",
          "WNSENSE": "tell%2:32:04::"
        },
        "start": 67,
        "end": 84
      },
      "V1003298": {
        "id": "V1003298",
        "indicator": "THE",
        "type": "COMPOSITION",
        "word": "STORY",
        "roles": {
          "ASSOC-POSS": "#V1003295",
          "LEX": "STORY",
          "WNSENSE": "composition%1:07:01"
        },
        "start": 75,
        "end": 84
      },
      "V1003295": {
        "id": "V1003295",
        "indicator": "PRO",
        "type": "PERSON",
        "word": "MY",
        "roles": {
          "LEX": "MY",
          "PROFORM": "MY",
          "WNSENSE": "person%1:03:00"
        },
        "start": 75,
        "end": 84
      },
      "root": "#V1006431"
    },
    {
      "V1003067": {
        "id": "V1003067",
        "indicator": "F",
        "type": "REASON",
        "word": "BECAUSE",
        "roles": {
          "GROUND": "#V1003122",
          "LEX": "BECAUSE"
        },
        "start": 0,
        "end": 29
      },
      "V1003122": {
        "id": "V1003122",
        "indicator": "F",
        "type": "SAY",
        "word": "UTTER",
        "roles": {
          "AGENT": "#V1003086",
          "MOD": "#V1003109",
          "TENSE": "PAST",
          "MODALITY": "(:* CONDITIONAL COULD)",
          "LEX": "UTTER",
          "WNSENSE": "utter%2:32:00::"
        },
        "start": 8,
        "end": 29
      },
      "V1003086": {
        "id": "V1003086",
        "indicator": "PRO",
        "type": "PERSON",
        "word": "I",
        "roles": {
          "PROFORM": "I",
          "LEX": "I",
          "WNSENSE": "person%1:03:00"
        },
        "start": 8,
        "end": 10
      },
      "V1003109": {
        "id": "V1003109",
        "indicator": "F",
        "type": "BASIC-VAL",
        "word": "BARELY",
        "roles": {
          "FIGURE": "#V1003122",
          "SCALE": "BASIC-SCALE",
          "LEX": "BARELY",
          "WNSENSE": "underived%3:00:00::"
        },
        "start": 16,
        "end": 23
      },
      "root": "#V1003067"
    },
    {
      "V1006421": {
        "id": "V1006421",
        "indicator": "SPEECHACT",
        "type": "SA_IDENTIFY",
        "word": null,
        "roles": {
          "PUNCTYPE": "DECL",
          "CONTENT": "#V1003132",
          "LEX": "WORDS"
        },
        "start": 29,
        "end": 85
      },
      "V1003132": {
        "id": "V1003132",
        "indicator": "THE-SET",
        "type": "LINGUISTIC-OBJECT",
        "word": "WORD",
        "roles": {
          "MOD": "#V1003160",
          "LEX": "WORDS",
          "WNSENSE": "word%1:10:00::"
        },
        "start": 29,
        "end": 84
      },
      "V1003160": {
        "id": "V1003160",
        "indicator": "F",
        "type": "LOCUTION",
        "word": "SAY",
        "roles": {
          "AGENT": "#V1003144",
          "NEUTRAL": "#V1003132",
          "AGENT1": "#V1003200",
          "TIME": "#V1003203",
          "TENSE": "PAST",
          "LEX": "SAID",
          "WNSENSE": "say%2:32:02::"
        },
        "start": 39,
        "end": 84
      },
      "V1003144": {
        "id": "V1003144",
        "indicator": "PRO",
        "type": "PERSON",
        "word": "YOU",
        "roles": {
          "PROFORM": "YOU",
          "LEX": "YOU",
          "WNSENSE": "person%1:03:00"
        },
        "start": 39,
        "end": 43
      },
      "V1003200": {
        "id": "V1003200",
        "indicator": "PRO",
        "type": "PERSON",
        "word": "ME",
        "roles": {
          "PROFORM": "ME",
          "LEX": "ME",
          "WNSENSE": "person%1:03:00"
        },
        "start": 48,
        "end": 54
      },
      "V1003203": {
        "id": "V1003203",
        "indicator": "F",
        "type": "WHEN-WHILE",
        "word": "WHEN",
        "roles": {
          "GROUND": "#V1003247",
          "FIGURE": "#V1003160",
          "LEX": "WHEN"
        },
        "start": 54,
        "end": 84
      },
      "V1003247": {
        "id": "V1003247",
        "indicator": "F",
        "type": "TRY",
        "word": "TRY",
        "roles": {
          "AGENT": "#V1003229",
          "FORMAL": "#V1003285",
          "TENSE": "PAST",
          "LEX": "TRIED",
          "WNSENSE": "try%1:04:00::"
        },
        "start": 59,
        "end": 84
      },
      "V1003229": {
        "id": "V1003229",
        "indicator": "PRO",
        "type": "PERSON",
        "word": "I",
        "roles": {
          "PROFORM": "I",
          "LEX": "I",
          "WNSENSE": "person%1:03:00"
        },
        "start": 59,
        "end": 61
      },
      "V1003285": {
        "id": "V1003285",
        "indicator": "F",
        "type": "TELL",
        "word": "TELL",
        "roles": {
          "AGENT": "#V1003229",
          "NEUTRAL": "#V1003298",
          "VFORM": "BASE",
          "LEX": "TELL",
          "WNSENSE": "tell%2:32:04::"
        },
        "start": 67,
        "end": 84
      },
      "V1003298": {
        "id": "V1003298",
        "indicator": "THE",
        "type": "COMPOSITION",
        "word": "STORY",
        "roles": {
          "ASSOC-POSS": "#V1003295",
          "LEX": "STORY",
          "WNSENSE": "composition%1:07:01"
        },
        "start": 75,
        "end": 84
      },
      "V1003295": {
        "id": "V1003295",
        "indicator": "PRO",
        "type": "PERSON",
        "word": "MY",
        "roles": {
          "LEX": "MY",
          "PROFORM": "MY",
          "WNSENSE": "person%1:03:00"
        },
        "start": 75,
        "end": 84
      },
      "root": "#V1006421"
    },
    {
      "V1003066": {
        "id": "V1003066",
        "indicator": "F",
        "type": "REASON",
        "word": "BECAUSE",
        "roles": {
          "GROUND": "#V1003122",
          "LEX": "BECAUSE"
        },
        "start": 0,
        "end": 29
      },
      "V1003122": {
        "id": "V1003122",
        "indicator": "F",
        "type": "SAY",
        "word": "UTTER",
        "roles": {
          "AGENT": "#V1003086",
          "MOD": "#V1003110",
          "TENSE": "PRES",
          "MODALITY": "(:* CONDITIONAL COULD)",
          "LEX": "UTTER",
          "WNSENSE": "utter%2:32:00::"
        },
        "start": 8,
        "end": 29
      },
      "V1003086": {
        "id": "V1003086",
        "indicator": "PRO",
        "type": "PERSON",
        "word": "I",
        "roles": {
          "PROFORM": "I",
          "LEX": "I",
          "WNSENSE": "person%1:03:00"
        },
        "start": 8,
        "end": 10
      },
      "V1003110": {
        "id": "V1003110",
        "indicator": "F",
        "type": "BARE-VAL",
        "word": "BARELY",
        "roles": {
          "FIGURE": "#V1003122",
          "SCALE": "CONFIGURATION-PROPERTY-SCALE",
          "LEX": "BARELY",
          "WNSENSE": "unpainted%3:00:01::"
        },
        "start": 16,
        "end": 23
      },
      "root": "#V1003066"
    },
    {
      "V1006431": {
        "id": "V1006431",
        "indicator": "SPEECHACT",
        "type": "SA_IDENTIFY",
        "word": null,
        "roles": {
          "PUNCTYPE": "DECL",
          "CONTENT": "#V1003132",
          "LEX": "WORDS"
        },
        "start": 29,
        "end": 85
      },
      "V1003132": {
        "id": "V1003132",
        "indicator": "THE-SET",
        "type": "LINGUISTIC-OBJECT",
        "word": "WORD",
        "roles": {
          "MOD": "#V1003155",
          "LEX": "WORDS",
          "WNSENSE": "word%1:10:00::"
        },
        "start": 29,
        "end": 84
      },
      "V1003155": {
        "id": "V1003155",
        "indicator": "F",
        "type": "SAY",
        "word": "SAY",
        "roles": {
          "AGENT": "#V1003144",
          "NEUTRAL": "#V1003132",
          "AGENT1": "#V1003200",
          "TIME": "#V1003203",
          "TENSE": "PAST",
          "LEX": "SAID",
          "WNSENSE": "say%2:32:01::"
        },
        "start": 39,
        "end": 84
      },
      "V1003144": {
        "id": "V1003144",
        "indicator": "PRO",
        "type": "PERSON",
        "word": "YOU",
        "roles": {
          "PROFORM": "YOU",
          "LEX": "YOU",
          "WNSENSE": "person%1:03:00"
        },
        "start": 39,
        "end": 43
      },
      "V1003200": {
        "id": "V1003200",
        "indicator": "PRO",
        "type": "PERSON",
        "word": "ME",
        "roles": {
          "PROFORM": "ME",
          "LEX": "ME",
          "WNSENSE": "person%1:03:00"
        },
        "start": 48,
        "end": 54
      },
      "V1003203": {
        "id": "V1003203",
        "indicator": "F",
        "type": "WHEN-WHILE",
        "word": "WHEN",
        "roles": {
          "GROUND": "#V1003247",
          "FIGURE": "#V1003155",
          "LEX": "WHEN"
        },
        "start": 54,
        "end": 84
      },
      "V1003247": {
        "id": "V1003247",
        "indicator": "F",
        "type": "TRY",
        "word": "TRY",
        "roles": {
          "AGENT": "#V1003229",
          "FORMAL": "#V1003285",
          "TENSE": "PAST",
          "LEX": "TRIED",
          "WNSENSE": "try%1:04:00::"
        },
        "start": 59,
        "end": 84
      },
      "V1003229": {
        "id": "V1003229",
        "indicator": "PRO",
        "type": "PERSON",
        "word": "I",
        "roles": {
          "PROFORM": "I",
          "LEX": "I",
          "WNSENSE": "person%1:03:00"
        },
        "start": 59,
        "end": 61
      },
      "V1003285": {
        "id": "V1003285",
        "indicator": "F",
        "type": "TELL",
        "word": "TELL",
        "roles": {
          "AGENT": "#V1003229",
          "NEUTRAL": "#V1003298",
          "VFORM": "BASE",
          "LEX": "TELL",
          "WNSENSE": "tell%2:32:04::"
        },
        "start": 67,
        "end": 84
      },
      "V1003298": {
        "id": "V1003298",
        "indicator": "THE",
        "type": "COMPOSITION",
        "word": "STORY",
        "roles": {
          "ASSOC-POSS": "#V1003295",
          "LEX": "STORY",
          "WNSENSE": "composition%1:07:01"
        },
        "start": 75,
        "end": 84
      },
      "V1003295": {
        "id": "V1003295",
        "indicator": "PRO",
        "type": "PERSON",
        "word": "MY",
        "roles": {
          "LEX": "MY",
          "PROFORM": "MY",
          "WNSENSE": "person%1:03:00"
        },
        "start": 75,
        "end": 84
      },
      "root": "#V1006431"
    },
    {
      "V1003066": {
        "id": "V1003066",
        "indicator": "F",
        "type": "REASON",
        "word": "BECAUSE",
        "roles": {
          "GROUND": "#V1003122",
          "LEX": "BECAUSE"
        },
        "start": 0,
        "end": 29
      },
      "V1003122": {
        "id": "V1003122",
        "indicator": "F",
        "type": "SAY",
        "word": "UTTER",
        "roles": {
          "AGENT": "#V1003086",
          "MOD": "#V1003110",
          "TENSE": "PRES",
          "MODALITY": "(:* CONDITIONAL COULD)",
          "LEX": "UTTER",
          "WNSENSE": "utter%2:32:00::"
        },
        "start": 8,
        "end": 29
      },
      "V1003086": {
        "id": "V1003086",
        "indicator": "PRO",
        "type": "PERSON",
        "word": "I",
        "roles": {
          "PROFORM": "I",
          "LEX": "I",
          "WNSENSE": "person%1:03:00"
        },
        "start": 8,
        "end": 10
      },
      "V1003110": {
        "id": "V1003110",
        "indicator": "F",
        "type": "BARE-VAL",
        "word": "BARELY",
        "roles": {
          "FIGURE": "#V1003122",
          "SCALE": "CONFIGURATION-PROPERTY-SCALE",
          "LEX": "BARELY",
          "WNSENSE": "unpainted%3:00:01::"
        },
        "start": 16,
        "end": 23
      },
      "root": "#V1003066"
    },
    {
      "V1006421": {
        "id": "V1006421",
        "indicator": "SPEECHACT",
        "type": "SA_IDENTIFY",
        "word": null,
        "roles": {
          "PUNCTYPE": "DECL",
          "CONTENT": "#V1003132",
          "LEX": "WORDS"
        },
        "start": 29,
        "end": 85
      },
      "V1003132": {
        "id": "V1003132",
        "indicator": "THE-SET",
        "type": "LINGUISTIC-OBJECT",
        "word": "WORD",
        "roles": {
          "MOD": "#V1003160",
          "LEX": "WORDS",
          "WNSENSE": "word%1:10:00::"
        },
        "start": 29,
        "end": 84
      },
      "V1003160": {
        "id": "V1003160",
        "indicator": "F",
        "type": "LOCUTION",
        "word": "SAY",
        "roles": {
          "AGENT": "#V1003144",
          "NEUTRAL": "#V1003132",
          "AGENT1": "#V1003200",
          "TIME": "#V1003203",
          "TENSE": "PAST",
          "LEX": "SAID",
          "WNSENSE": "say%2:32:02::"
        },
        "start": 39,
        "end": 84
      },
      "V1003144": {
        "id": "V1003144",
        "indicator": "PRO",
        "type": "PERSON",
        "word": "YOU",
        "roles": {
          "PROFORM": "YOU",
          "LEX": "YOU",
          "WNSENSE": "person%1:03:00"
        },
        "start": 39,
        "end": 43
      },
      "V1003200": {
        "id": "V1003200",
        "indicator": "PRO",
        "type": "PERSON",
        "word": "ME",
        "roles": {
          "PROFORM": "ME",
          "LEX": "ME",
          "WNSENSE": "person%1:03:00"
        },
        "start": 48,
        "end": 54
      },
      "V1003203": {
        "id": "V1003203",
        "indicator": "F",
        "type": "WHEN-WHILE",
        "word": "WHEN",
        "roles": {
          "GROUND": "#V1003247",
          "FIGURE": "#V1003160",
          "LEX": "WHEN"
        },
        "start": 54,
        "end": 84
      },
      "V1003247": {
        "id": "V1003247",
        "indicator": "F",
        "type": "TRY",
        "word": "TRY",
        "roles": {
          "AGENT": "#V1003229",
          "FORMAL": "#V1003285",
          "TENSE": "PAST",
          "LEX": "TRIED",
          "WNSENSE": "try%1:04:00::"
        },
        "start": 59,
        "end": 84
      },
      "V1003229": {
        "id": "V1003229",
        "indicator": "PRO",
        "type": "PERSON",
        "word": "I",
        "roles": {
          "PROFORM": "I",
          "LEX": "I",
          "WNSENSE": "person%1:03:00"
        },
        "start": 59,
        "end": 61
      },
      "V1003285": {
        "id": "V1003285",
        "indicator": "F",
        "type": "TELL",
        "word": "TELL",
        "roles": {
          "AGENT": "#V1003229",
          "NEUTRAL": "#V1003298",
          "VFORM": "BASE",
          "LEX": "TELL",
          "WNSENSE": "tell%2:32:04::"
        },
        "start": 67,
        "end": 84
      },
      "V1003298": {
        "id": "V1003298",
        "indicator": "THE",
        "type": "COMPOSITION",
        "word": "STORY",
        "roles": {
          "ASSOC-POSS": "#V1003295",
          "LEX": "STORY",
          "WNSENSE": "composition%1:07:01"
        },
        "start": 75,
        "end": 84
      },
      "V1003295": {
        "id": "V1003295",
        "indicator": "PRO",
        "type": "PERSON",
        "word": "MY",
        "roles": {
          "LEX": "MY",
          "PROFORM": "MY",
          "WNSENSE": "person%1:03:00"
        },
        "start": 75,
        "end": 84
      },
      "root": "#V1006421"
    },
    {
      "V1003067": {
        "id": "V1003067",
        "indicator": "F",
        "type": "REASON",
        "word": "BECAUSE",
        "roles": {
          "GROUND": "#V1003122",
          "LEX": "BECAUSE"
        },
        "start": 0,
        "end": 29
      },
      "V1003122": {
        "id": "V1003122",
        "indicator": "F",
        "type": "SAY",
        "word": "UTTER",
        "roles": {
          "AGENT": "#V1003086",
          "MOD": "#V1003110",
          "TENSE": "PRES",
          "MODALITY": "(:* CONDITIONAL COULD)",
          "LEX": "UTTER",
          "WNSENSE": "utter%2:32:00::"
        },
        "start": 8,
        "end": 29
      },
      "V1003086": {
        "id": "V1003086",
        "indicator": "PRO",
        "type": "PERSON",
        "word": "I",
        "roles": {
          "PROFORM": "I",
          "LEX": "I",
          "WNSENSE": "person%1:03:00"
        },
        "start": 8,
        "end": 10
      },
      "V1003110": {
        "id": "V1003110",
        "indicator": "F",
        "type": "BARE-VAL",
        "word": "BARELY",
        "roles": {
          "FIGURE": "#V1003122",
          "SCALE": "CONFIGURATION-PROPERTY-SCALE",
          "LEX": "BARELY",
          "WNSENSE": "unpainted%3:00:01::"
        },
        "start": 16,
        "end": 23
      },
      "root": "#V1003067"
    },
    {
      "V1006431": {
        "id": "V1006431",
        "indicator": "SPEECHACT",
        "type": "SA_IDENTIFY",
        "word": null,
        "roles": {
          "PUNCTYPE": "DECL",
          "CONTENT": "#V1003132",
          "LEX": "WORDS"
        },
        "start": 29,
        "end": 85
      },
      "V1003132": {
        "id": "V1003132",
        "indicator": "THE-SET",
        "type": "LINGUISTIC-OBJECT",
        "word": "WORD",
        "roles": {
          "MOD": "#V1003155",
          "LEX": "WORDS",
          "WNSENSE": "word%1:10:00::"
        },
        "start": 29,
        "end": 84
      },
      "V1003155": {
        "id": "V1003155",
        "indicator": "F",
        "type": "SAY",
        "word": "SAY",
        "roles": {
          "AGENT": "#V1003144",
          "NEUTRAL": "#V1003132",
          "AGENT1": "#V1003200",
          "TIME": "#V1003203",
          "TENSE": "PAST",
          "LEX": "SAID",
          "WNSENSE": "say%2:32:01::"
        },
        "start": 39,
        "end": 84
      },
      "V1003144": {
        "id": "V1003144",
        "indicator": "PRO",
        "type": "PERSON",
        "word": "YOU",
        "roles": {
          "PROFORM": "YOU",
          "LEX": "YOU",
          "WNSENSE": "person%1:03:00"
        },
        "start": 39,
        "end": 43
      },
      "V1003200": {
        "id": "V1003200",
        "indicator": "PRO",
        "type": "PERSON",
        "word": "ME",
        "roles": {
          "PROFORM": "ME",
          "LEX": "ME",
          "WNSENSE": "person%1:03:00"
        },
        "start": 48,
        "end": 54
      },
      "V1003203": {
        "id": "V1003203",
        "indicator": "F",
        "type": "WHEN-WHILE",
        "word": "WHEN",
        "roles": {
          "GROUND": "#V1003247",
          "FIGURE": "#V1003155",
          "LEX": "WHEN"
        },
        "start": 54,
        "end": 84
      },
      "V1003247": {
        "id": "V1003247",
        "indicator": "F",
        "type": "TRY",
        "word": "TRY",
        "roles": {
          "AGENT": "#V1003229",
          "FORMAL": "#V1003285",
          "TENSE": "PAST",
          "LEX": "TRIED",
          "WNSENSE": "try%1:04:00::"
        },
        "start": 59,
        "end": 84
      },
      "V1003229": {
        "id": "V1003229",
        "indicator": "PRO",
        "type": "PERSON",
        "word": "I",
        "roles": {
          "PROFORM": "I",
          "LEX": "I",
          "WNSENSE": "person%1:03:00"
        },
        "start": 59,
        "end": 61
      },
      "V1003285": {
        "id": "V1003285",
        "indicator": "F",
        "type": "TELL",
        "word": "TELL",
        "roles": {
          "AGENT": "#V1003229",
          "NEUTRAL": "#V1003298",
          "VFORM": "BASE",
          "LEX": "TELL",
          "WNSENSE": "tell%2:32:04::"
        },
        "start": 67,
        "end": 84
      },
      "V1003298": {
        "id": "V1003298",
        "indicator": "THE",
        "type": "COMPOSITION",
        "word": "STORY",
        "roles": {
          "ASSOC-POSS": "#V1003295",
          "LEX": "STORY",
          "WNSENSE": "composition%1:07:01"
        },
        "start": 75,
        "end": 84
      },
      "V1003295": {
        "id": "V1003295",
        "indicator": "PRO",
        "type": "PERSON",
        "word": "MY",
        "roles": {
          "LEX": "MY",
          "PROFORM": "MY",
          "WNSENSE": "person%1:03:00"
        },
        "start": 75,
        "end": 84
      },
      "root": "#V1006431"
    },
    {
      "V1003067": {
        "id": "V1003067",
        "indicator": "F",
        "type": "REASON",
        "word": "BECAUSE",
        "roles": {
          "GROUND": "#V1003122",
          "LEX": "BECAUSE"
        },
        "start": 0,
        "end": 29
      },
      "V1003122": {
        "id": "V1003122",
        "indicator": "F",
        "type": "SAY",
        "word": "UTTER",
        "roles": {
          "AGENT": "#V1003086",
          "MOD": "#V1003110",
          "TENSE": "PRES",
          "MODALITY": "(:* CONDITIONAL COULD)",
          "LEX": "UTTER",
          "WNSENSE": "utter%2:32:00::"
        },
        "start": 8,
        "end": 29
      },
      "V1003086": {
        "id": "V1003086",
        "indicator": "PRO",
        "type": "PERSON",
        "word": "I",
        "roles": {
          "PROFORM": "I",
          "LEX": "I",
          "WNSENSE": "person%1:03:00"
        },
        "start": 8,
        "end": 10
      },
      "V1003110": {
        "id": "V1003110",
        "indicator": "F",
        "type": "BARE-VAL",
        "word": "BARELY",
        "roles": {
          "FIGURE": "#V1003122",
          "SCALE": "CONFIGURATION-PROPERTY-SCALE",
          "LEX": "BARELY",
          "WNSENSE": "unpainted%3:00:01::"
        },
        "start": 16,
        "end": 23
      },
      "root": "#V1003067"
    },
    {
      "V1006421": {
        "id": "V1006421",
        "indicator": "SPEECHACT",
        "type": "SA_IDENTIFY",
        "word": null,
        "roles": {
          "PUNCTYPE": "DECL",
          "CONTENT": "#V1003132",
          "LEX": "WORDS"
        },
        "start": 29,
        "end": 85
      },
      "V1003132": {
        "id": "V1003132",
        "indicator": "THE-SET",
        "type": "LINGUISTIC-OBJECT",
        "word": "WORD",
        "roles": {
          "MOD": "#V1003160",
          "LEX": "WORDS",
          "WNSENSE": "word%1:10:00::"
        },
        "start": 29,
        "end": 84
      },
      "V1003160": {
        "id": "V1003160",
        "indicator": "F",
        "type": "LOCUTION",
        "word": "SAY",
        "roles": {
          "AGENT": "#V1003144",
          "NEUTRAL": "#V1003132",
          "AGENT1": "#V1003200",
          "TIME": "#V1003203",
          "TENSE": "PAST",
          "LEX": "SAID",
          "WNSENSE": "say%2:32:02::"
        },
        "start": 39,
        "end": 84
      },
      "V1003144": {
        "id": "V1003144",
        "indicator": "PRO",
        "type": "PERSON",
        "word": "YOU",
        "roles": {
          "PROFORM": "YOU",
          "LEX": "YOU",
          "WNSENSE": "person%1:03:00"
        },
        "start": 39,
        "end": 43
      },
      "V1003200": {
        "id": "V1003200",
        "indicator": "PRO",
        "type": "PERSON",
        "word": "ME",
        "roles": {
          "PROFORM": "ME",
          "LEX": "ME",
          "WNSENSE": "person%1:03:00"
        },
        "start": 48,
        "end": 54
      },
      "V1003203": {
        "id": "V1003203",
        "indicator": "F",
        "type": "WHEN-WHILE",
        "word": "WHEN",
        "roles": {
          "GROUND": "#V1003247",
          "FIGURE": "#V1003160",
          "LEX": "WHEN"
        },
        "start": 54,
        "end": 84
      },
      "V1003247": {
        "id": "V1003247",
        "indicator": "F",
        "type": "TRY",
        "word": "TRY",
        "roles": {
          "AGENT": "#V1003229",
          "FORMAL": "#V1003285",
          "TENSE": "PAST",
          "LEX": "TRIED",
          "WNSENSE": "try%1:04:00::"
        },
        "start": 59,
        "end": 84
      },
      "V1003229": {
        "id": "V1003229",
        "indicator": "PRO",
        "type": "PERSON",
        "word": "I",
        "roles": {
          "PROFORM": "I",
          "LEX": "I",
          "WNSENSE": "person%1:03:00"
        },
        "start": 59,
        "end": 61
      },
      "V1003285": {
        "id": "V1003285",
        "indicator": "F",
        "type": "TELL",
        "word": "TELL",
        "roles": {
          "AGENT": "#V1003229",
          "NEUTRAL": "#V1003298",
          "VFORM": "BASE",
          "LEX": "TELL",
          "WNSENSE": "tell%2:32:04::"
        },
        "start": 67,
        "end": 84
      },
      "V1003298": {
        "id": "V1003298",
        "indicator": "THE",
        "type": "COMPOSITION",
        "word": "STORY",
        "roles": {
          "ASSOC-POSS": "#V1003295",
          "LEX": "STORY",
          "WNSENSE": "composition%1:07:01"
        },
        "start": 75,
        "end": 84
      },
      "V1003295": {
        "id": "V1003295",
        "indicator": "PRO",
        "type": "PERSON",
        "word": "MY",
        "roles": {
          "LEX": "MY",
          "PROFORM": "MY",
          "WNSENSE": "person%1:03:00"
        },
        "start": 75,
        "end": 84
      },
      "root": "#V1006421"
    }
  ],
  "inputtags": [],
  "debug": [
    "*last-utt-id*=NIL  utt-id+181",
    "*last-utt-id*=181  utt-id+181",
    "*last-utt-id*=181  utt-id+NIL"
  ]
}
