{
  "parse": [
    {
      "V1718882": {
        "id": "V1718882",
        "indicator": "SPEECHACT",
        "type": "SA_TELL",
        "word": null,
        "roles": {
          "CONTENT": "#V1718698",
          "LEX": "DO-"
        },
        "start": 0,
        "end": 11
      },
      "V1718698": {
        "id": "V1718698",
        "indicator": "F",
        "type": "ELLIPSIS",
        "word": null,
        "roles": {
          "NEUTRAL": "#V1718662",
          "TENSE": "PRES",
          "NEGATION": "+",
          "MODALITY": "(:* DO DO)",
          "LEX": "DO-"
        },
        "start": 0,
        "end": 11
      },
      "V1718662": {
        "id": "V1718662",
        "indicator": "PRO-SET",
        "type": "REFERENTIAL-SEM",
        "word": "THEY",
        "roles": {
          "PROFORM": "THEY",
          "LEX": "THEY",
          "WNSENSE": "entity%1:03:00"
        },
        "start": 0,
        "end": 5
      },
      "root": "#V1718882"
    },
    {
      "V1718714": {
        "id": "V1718714",
        "indicator": "F",
        "type": "HAVE-PROPERTY",
        "word": "DESERVE",
        "roles": {
          "VFORM": "BASE",
          "LEX": "DESERVE",
          "WNSENSE": "deserve%2:42:00::"
        },
        "start": 11,
        "end": 19
      },
      "root": "#V1718714"
    },
    {
      "V1718783": {
        "id": "V1718783",
        "indicator": "SPEECHACT",
        "type": "SA_IDENTIFY",
        "word": null,
        "roles": {
          "PUNCTYPE": "DECL",
          "CONTENT": "#V1718719",
          "LEX": "THIS"
        },
        "start": 19,
        "end": 24
      },
      "V1718719": {
        "id": "V1718719",
        "indicator": "PRO",
        "type": "REFERENTIAL-SEM",
        "word": "THIS",
        "roles": {
          "PROFORM": "THIS",
          "LEX": "THIS",
          "WNSENSE": "entity%1:03:00",
          "COREF": "#V1718698"
        },
        "start": 19,
        "end": 24
      },
      "root": "#V1718783"
    },
    {
      "V1718882": {
        "id": "V1718882",
        "indicator": "SPEECHACT",
        "type": "SA_TELL",
        "word": null,
        "roles": {
          "CONTENT": "#V1718698",
          "LEX": "DO-"
        },
        "start": 0,
        "end": 11
      },
      "V1718698": {
        "id": "V1718698",
        "indicator": "F",
        "type": "ELLIPSIS",
        "word": null,
        "roles": {
          "NEUTRAL": "#V1718662",
          "TENSE": "PRES",
          "NEGATION": "+",
          "MODALITY": "(:* DO DO)",
          "LEX": "DO-"
        },
        "start": 0,
        "end": 11
      },
      "V1718662": {
        "id": "V1718662",
        "indicator": "PRO-SET",
        "type": "REFERENTIAL-SEM",
        "word": "THEY",
        "roles": {
          "PROFORM": "THEY",
          "LEX": "THEY",
          "WNSENSE": "entity%1:03:00"
        },
        "start": 0,
        "end": 5
      },
      "root": "#V1718882"
    },
    {
      "V1718712": {
        "id": "V1718712",
        "indicator": "F",
        "type": "HAVE-PROPERTY",
        "word": "DESERVE",
        "roles": {
          "VFORM": "BASE",
          "LEX": "DESERVE",
          "WNSENSE": "deserve%2:42:00::"
        },
        "start": 11,
        "end": 19
      },
      "root": "#V1718712"
    },
    {
      "V1718783": {
        "id": "V1718783",
        "indicator": "SPEECHACT",
        "type": "SA_IDENTIFY",
        "word": null,
        "roles": {
          "PUNCTYPE": "DECL",
          "CONTENT": "#V1718719",
          "LEX": "THIS"
        },
        "start": 19,
        "end": 25
      },
      "V1718719": {
        "id": "V1718719",
        "indicator": "PRO",
        "type": "REFERENTIAL-SEM",
        "word": "THIS",
        "roles": {
          "PROFORM": "THIS",
          "LEX": "THIS",
          "WNSENSE": "entity%1:03:00"
        },
        "start": 19,
        "end": 24
      },
      "root": "#V1718783"
    },
    {
      "V1718890": {
        "id": "V1718890",
        "indicator": "SPEECHACT",
        "type": "SA_TELL",
        "word": null,
        "roles": {
          "CONTENT": "#V1718698",
          "LEX": "DO-"
        },
        "start": 0,
        "end": 11
      },
      "V1718698": {
        "id": "V1718698",
        "indicator": "F",
        "type": "ELLIPSIS",
        "word": null,
        "roles": {
          "NEUTRAL": "#V1718748",
          "TENSE": "PRES",
          "NEGATION": "+",
          "MODALITY": "(:* DO DO)",
          "LEX": "DO-"
        },
        "start": 0,
        "end": 11
      },
      "V1718748": {
        "id": "V1718748",
        "indicator": "THE",
        "type": "QUANTITY-ABSTR",
        "word": null,
        "roles": {
          "FIGURE": "#V1718662"
        },
        "start": 0,
        "end": 5
      },
      "V1718662": {
        "id": "V1718662",
        "indicator": "PRO-SET",
        "type": "REFERENTIAL-SEM",
        "word": "THEY",
        "roles": {
          "PROFORM": "THEY",
          "LEX": "THEY",
          "WNSENSE": "entity%1:03:00"
        },
        "start": 0,
        "end": 5
      },
      "root": "#V1718890"
    },
    {
      "V1718714": {
        "id": "V1718714",
        "indicator": "F",
        "type": "HAVE-PROPERTY",
        "word": "DESERVE",
        "roles": {
          "VFORM": "BASE",
          "LEX": "DESERVE",
          "WNSENSE": "deserve%2:42:00::"
        },
        "start": 11,
        "end": 19
      },
      "root": "#V1718714"
    },
    {
      "V1718783": {
        "id": "V1718783",
        "indicator": "SPEECHACT",
        "type": "SA_IDENTIFY",
        "word": null,
        "roles": {
          "PUNCTYPE": "DECL",
          "CONTENT": "#V1718719",
          "LEX": "THIS"
        },
        "start": 19,
        "end": 25
      },
      "V1718719": {
        "id": "V1718719",
        "indicator": "PRO",
        "type": "REFERENTIAL-SEM",
        "word": "THIS",
        "roles": {
          "PROFORM": "THIS",
          "LEX": "THIS",
          "WNSENSE": "entity%1:03:00"
        },
        "start": 19,
        "end": 24
      },
      "root": "#V1718783"
    },
    {
      "V1718890": {
        "id": "V1718890",
        "indicator": "SPEECHACT",
        "type": "SA_TELL",
        "word": null,
        "roles": {
          "CONTENT": "#V1718698",
          "LEX": "DO-"
        },
        "start": 0,
        "end": 11
      },
      "V1718698": {
        "id": "V1718698",
        "indicator": "F",
        "type": "ELLIPSIS",
        "word": null,
        "roles": {
          "NEUTRAL": "#V1718748",
          "TENSE": "PRES",
          "NEGATION": "+",
          "MODALITY": "(:* DO DO)",
          "LEX": "DO-"
        },
        "start": 0,
        "end": 11
      },
      "V1718748": {
        "id": "V1718748",
        "indicator": "THE",
        "type": "QUANTITY-ABSTR",
        "word": null,
        "roles": {
          "FIGURE": "#V1718662"
        },
        "start": 0,
        "end": 5
      },
      "V1718662": {
        "id": "V1718662",
        "indicator": "PRO-SET",
        "type": "REFERENTIAL-SEM",
        "word": "THEY",
        "roles": {
          "PROFORM": "THEY",
          "LEX": "THEY",
          "WNSENSE": "entity%1:03:00"
        },
        "start": 0,
        "end": 5
      },
      "root": "#V1718890"
    },
    {
      "V1718712": {
        "id": "V1718712",
        "indicator": "F",
        "type": "HAVE-PROPERTY",
        "word": "DESERVE",
        "roles": {
          "VFORM": "BASE",
          "LEX": "DESERVE",
          "WNSENSE": "deserve%2:42:00::"
        },
        "start": 11,
        "end": 19
      },
      "root": "#V1718712"
    },
    {
      "V1718783": {
        "id": "V1718783",
        "indicator": "SPEECHACT",
        "type": "SA_IDENTIFY",
        "word": null,
        "roles": {
          "PUNCTYPE": "DECL",
          "CONTENT": "#V1718719",
          "LEX": "THIS"
        },
        "start": 19,
        "end": 25
      },
      "V1718719": {
        "id": "V1718719",
        "indicator": "PRO",
        "type": "REFERENTIAL-SEM",
        "word": "THIS",
        "roles": {
          "PROFORM": "THIS",
          "LEX": "THIS",
          "WNSENSE": "entity%1:03:00"
        },
        "start": 19,
        "end": 24
      },
      "root": "#V1718783"
    },
    {
      "V1718882": {
        "id": "V1718882",
        "indicator": "SPEECHACT",
        "type": "SA_TELL",
        "word": null,
        "roles": {
          "CONTENT": "#V1718698",
          "LEX": "DO-"
        },
        "start": 0,
        "end": 11
      },
      "V1718698": {
        "id": "V1718698",
        "indicator": "F",
        "type": "ELLIPSIS",
        "word": null,
        "roles": {
          "NEUTRAL": "#V1718662",
          "TENSE": "PRES",
          "NEGATION": "+",
          "MODALITY": "(:* DO DO)",
          "LEX": "DO-"
        },
        "start": 0,
        "end": 11
      },
      "V1718662": {
        "id": "V1718662",
        "indicator": "PRO-SET",
        "type": "REFERENTIAL-SEM",
        "word": "THEY",
        "roles": {
          "PROFORM": "THEY",
          "LEX": "THEY",
          "WNSENSE": "entity%1:03:00"
        },
        "start": 0,
        "end": 5
      },
      "root": "#V1718882"
    },
    {
      "V1718714": {
        "id": "V1718714",
        "indicator": "F",
        "type": "HAVE-PROPERTY",
        "word": "DESERVE",
        "roles": {
          "VFORM": "BASE",
          "LEX": "DESERVE",
          "WNSENSE": "deserve%2:42:00::"
        },
        "start": 11,
        "end": 19
      },
      "root": "#V1718714"
    },
    {
      "V1718802": {
        "id": "V1718802",
        "indicator": "SPEECHACT",
        "type": "SA_IDENTIFY",
        "word": null,
        "roles": {
          "PUNCTYPE": "DECL",
          "CONTENT": "#V1718751",
          "LEX": "-"
        },
        "start": 19,
        "end": 25
      },
      "V1718751": {
        "id": "V1718751",
        "indicator": "THE",
        "type": "QUANTITY-ABSTR",
        "word": null,
        "roles": {
          "FIGURE": "#V1718719"
        },
        "start": 19,
        "end": 24
      },
      "V1718719": {
        "id": "V1718719",
        "indicator": "PRO",
        "type": "REFERENTIAL-SEM",
        "word": "THIS",
        "roles": {
          "PROFORM": "THIS",
          "LEX": "THIS",
          "WNSENSE": "entity%1:03:00"
        },
        "start": 19,
        "end": 24
      },
      "root": "#V1718802"
    },
    {
      "V1718882": {
        "id": "V1718882",
        "indicator": "SPEECHACT",
        "type": "SA_TELL",
        "word": null,
        "roles": {
          "CONTENT": "#V1718698",
          "LEX": "DO-"
        },
        "start": 0,
        "end": 11
      },
      "V1718698": {
        "id": "V1718698",
        "indicator": "F",
        "type": "ELLIPSIS",
        "word": null,
        "roles": {
          "NEUTRAL": "#V1718662",
          "TENSE": "PRES",
          "NEGATION": "+",
          "MODALITY": "(:* DO DO)",
          "LEX": "DO-"
        },
        "start": 0,
        "end": 11
      },
      "V1718662": {
        "id": "V1718662",
        "indicator": "PRO-SET",
        "type": "REFERENTIAL-SEM",
        "word": "THEY",
        "roles": {
          "PROFORM": "THEY",
          "LEX": "THEY",
          "WNSENSE": "entity%1:03:00"
        },
        "start": 0,
        "end": 5
      },
      "root": "#V1718882"
    },
    {
      "V1718712": {
        "id": "V1718712",
        "indicator": "F",
        "type": "HAVE-PROPERTY",
        "word": "DESERVE",
        "roles": {
          "VFORM": "BASE",
          "LEX": "DESERVE",
          "WNSENSE": "deserve%2:42:00::"
        },
        "start": 11,
        "end": 19
      },
      "root": "#V1718712"
    },
    {
      "V1718802": {
        "id": "V1718802",
        "indicator": "SPEECHACT",
        "type": "SA_IDENTIFY",
        "word": null,
        "roles": {
          "PUNCTYPE": "DECL",
          "CONTENT": "#V1718751",
          "LEX": "-"
        },
        "start": 19,
        "end": 25
      },
      "V1718751": {
        "id": "V1718751",
        "indicator": "THE",
        "type": "QUANTITY-ABSTR",
        "word": null,
        "roles": {
          "FIGURE": "#V1718719"
        },
        "start": 19,
        "end": 24
      },
      "V1718719": {
        "id": "V1718719",
        "indicator": "PRO",
        "type": "REFERENTIAL-SEM",
        "word": "THIS",
        "roles": {
          "PROFORM": "THIS",
          "LEX": "THIS",
          "WNSENSE": "entity%1:03:00"
        },
        "start": 19,
        "end": 24
      },
      "root": "#V1718802"
    },
    {
      "V1718911": {
        "id": "V1718911",
        "indicator": "SPEECHACT",
        "type": "SA_TELL",
        "word": null,
        "roles": {
          "CONTENT": "#V1718674",
          "LEX": "DO-"
        },
        "start": 0,
        "end": 11
      },
      "V1718674": {
        "id": "V1718674",
        "indicator": "F",
        "type": "ELLIPSIS",
        "word": null,
        "roles": {
          "NEUTRAL": "#V1718662",
          "TENSE": "PRES",
          "NEGATION": "+",
          "MODALITY": "(:* DO DO)",
          "LEX": "DO-"
        },
        "start": 0,
        "end": 11
      },
      "V1718662": {
        "id": "V1718662",
        "indicator": "PRO-SET",
        "type": "REFERENTIAL-SEM",
        "word": "THEY",
        "roles": {
          "PROFORM": "THEY",
          "LEX": "THEY",
          "WNSENSE": "entity%1:03:00"
        },
        "start": 0,
        "end": 5
      },
      "root": "#V1718911"
    },
    {
      "V1718714": {
        "id": "V1718714",
        "indicator": "F",
        "type": "HAVE-PROPERTY",
        "word": "DESERVE",
        "roles": {
          "VFORM": "BASE",
          "LEX": "DESERVE",
          "WNSENSE": "deserve%2:42:00::"
        },
        "start": 11,
        "end": 19
      },
      "root": "#V1718714"
    },
    {
      "V1718783": {
        "id": "V1718783",
        "indicator": "SPEECHACT",
        "type": "SA_IDENTIFY",
        "word": null,
        "roles": {
          "PUNCTYPE": "DECL",
          "CONTENT": "#V1718719",
          "LEX": "THIS"
        },
        "start": 19,
        "end": 25
      },
      "V1718719": {
        "id": "V1718719",
        "indicator": "PRO",
        "type": "REFERENTIAL-SEM",
        "word": "THIS",
        "roles": {
          "PROFORM": "THIS",
          "LEX": "THIS",
          "WNSENSE": "entity%1:03:00"
        },
        "start": 19,
        "end": 24
      },
      "root": "#V1718783"
    },
    {
      "V1718911": {
        "id": "V1718911",
        "indicator": "SPEECHACT",
        "type": "SA_TELL",
        "word": null,
        "roles": {
          "CONTENT": "#V1718674",
          "LEX": "DO-"
        },
        "start": 0,
        "end": 11
      },
      "V1718674": {
        "id": "V1718674",
        "indicator": "F",
        "type": "ELLIPSIS",
        "word": null,
        "roles": {
          "NEUTRAL": "#V1718662",
          "TENSE": "PRES",
          "NEGATION": "+",
          "MODALITY": "(:* DO DO)",
          "LEX": "DO-"
        },
        "start": 0,
        "end": 11
      },
      "V1718662": {
        "id": "V1718662",
        "indicator": "PRO-SET",
        "type": "REFERENTIAL-SEM",
        "word": "THEY",
        "roles": {
          "PROFORM": "THEY",
          "LEX": "THEY",
          "WNSENSE": "entity%1:03:00"
        },
        "start": 0,
        "end": 5
      },
      "root": "#V1718911"
    },
    {
      "V1718712": {
        "id": "V1718712",
        "indicator": "F",
        "type": "HAVE-PROPERTY",
        "word": "DESERVE",
        "roles": {
          "VFORM": "BASE",
          "LEX": "DESERVE",
          "WNSENSE": "deserve%2:42:00::"
        },
        "start": 11,
        "end": 19
      },
      "root": "#V1718712"
    },
    {
      "V1718783": {
        "id": "V1718783",
        "indicator": "SPEECHACT",
        "type": "SA_IDENTIFY",
        "word": null,
        "roles": {
          "PUNCTYPE": "DECL",
          "CONTENT": "#V1718719",
          "LEX": "THIS"
        },
        "start": 19,
        "end": 25
      },
      "V1718719": {
        "id": "V1718719",
        "indicator": "PRO",
        "type": "REFERENTIAL-SEM",
        "word": "THIS",
        "roles": {
          "PROFORM": "THIS",
          "LEX": "THIS",
          "WNSENSE": "entity%1:03:00"
        },
        "start": 19,
        "end": 24
      },
      "root": "#V1718783"
    },
    {
      "V1718890": {
        "id": "V1718890",
        "indicator": "SPEECHACT",
        "type": "SA_TELL",
        "word": null,
        "roles": {
          "CONTENT": "#V1718698",
          "LEX": "DO-"
        },
        "start": 0,
        "end": 11
      },
      "V1718698": {
        "id": "V1718698",
        "indicator": "F",
        "type": "ELLIPSIS",
        "word": null,
        "roles": {
          "NEUTRAL": "#V1718748",
          "TENSE": "PRES",
          "NEGATION": "+",
          "MODALITY": "(:* DO DO)",
          "LEX": "DO-"
        },
        "start": 0,
        "end": 11
      },
      "V1718748": {
        "id": "V1718748",
        "indicator": "THE",
        "type": "QUANTITY-ABSTR",
        "word": null,
        "roles": {
          "FIGURE": "#V1718662"
        },
        "start": 0,
        "end": 5
      },
      "V1718662": {
        "id": "V1718662",
        "indicator": "PRO-SET",
        "type": "REFERENTIAL-SEM",
        "word": "THEY",
        "roles": {
          "PROFORM": "THEY",
          "LEX": "THEY",
          "WNSENSE": "entity%1:03:00"
        },
        "start": 0,
        "end": 5
      },
      "root": "#V1718890"
    },
    {
      "V1718714": {
        "id": "V1718714",
        "indicator": "F",
        "type": "HAVE-PROPERTY",
        "word": "DESERVE",
        "roles": {
          "VFORM": "BASE",
          "LEX": "DESERVE",
          "WNSENSE": "deserve%2:42:00::"
        },
        "start": 11,
        "end": 19
      },
      "root": "#V1718714"
    },
    {
      "V1718802": {
        "id": "V1718802",
        "indicator": "SPEECHACT",
        "type": "SA_IDENTIFY",
        "word": null,
        "roles": {
          "PUNCTYPE": "DECL",
          "CONTENT": "#V1718751",
          "LEX": "-"
        },
        "start": 19,
        "end": 25
      },
      "V1718751": {
        "id": "V1718751",
        "indicator": "THE",
        "type": "QUANTITY-ABSTR",
        "word": null,
        "roles": {
          "FIGURE": "#V1718719"
        },
        "start": 19,
        "end": 24
      },
      "V1718719": {
        "id": "V1718719",
        "indicator": "PRO",
        "type": "REFERENTIAL-SEM",
        "word": "THIS",
        "roles": {
          "PROFORM": "THIS",
          "LEX": "THIS",
          "WNSENSE": "entity%1:03:00"
        },
        "start": 19,
        "end": 24
      },
      "root": "#V1718802"
    },
    {
      "V1718890": {
        "id": "V1718890",
        "indicator": "SPEECHACT",
        "type": "SA_TELL",
        "word": null,
        "roles": {
          "CONTENT": "#V1718698",
          "LEX": "DO-"
        },
        "start": 0,
        "end": 11
      },
      "V1718698": {
        "id": "V1718698",
        "indicator": "F",
        "type": "ELLIPSIS",
        "word": null,
        "roles": {
          "NEUTRAL": "#V1718748",
          "TENSE": "PRES",
          "NEGATION": "+",
          "MODALITY": "(:* DO DO)",
          "LEX": "DO-"
        },
        "start": 0,
        "end": 11
      },
      "V1718748": {
        "id": "V1718748",
        "indicator": "THE",
        "type": "QUANTITY-ABSTR",
        "word": null,
        "roles": {
          "FIGURE": "#V1718662"
        },
        "start": 0,
        "end": 5
      },
      "V1718662": {
        "id": "V1718662",
        "indicator": "PRO-SET",
        "type": "REFERENTIAL-SEM",
        "word": "THEY",
        "roles": {
          "PROFORM": "THEY",
          "LEX": "THEY",
          "WNSENSE": "entity%1:03:00"
        },
        "start": 0,
        "end": 5
      },
      "root": "#V1718890"
    },
    {
      "V1718712": {
        "id": "V1718712",
        "indicator": "F",
        "type": "HAVE-PROPERTY",
        "word": "DESERVE",
        "roles": {
          "VFORM": "BASE",
          "LEX": "DESERVE",
          "WNSENSE": "deserve%2:42:00::"
        },
        "start": 11,
        "end": 19
      },
      "root": "#V1718712"
    },
    {
      "V1718802": {
        "id": "V1718802",
        "indicator": "SPEECHACT",
        "type": "SA_IDENTIFY",
        "word": null,
        "roles": {
          "PUNCTYPE": "DECL",
          "CONTENT": "#V1718751",
          "LEX": "-"
        },
        "start": 19,
        "end": 25
      },
      "V1718751": {
        "id": "V1718751",
        "indicator": "THE",
        "type": "QUANTITY-ABSTR",
        "word": null,
        "roles": {
          "FIGURE": "#V1718719"
        },
        "start": 19,
        "end": 24
      },
      "V1718719": {
        "id": "V1718719",
        "indicator": "PRO",
        "type": "REFERENTIAL-SEM",
        "word": "THIS",
        "roles": {
          "PROFORM": "THIS",
          "LEX": "THIS",
          "WNSENSE": "entity%1:03:00"
        },
        "start": 19,
        "end": 24
      },
      "root": "#V1718802"
    },
    {
      "V1718922": {
        "id": "V1718922",
        "indicator": "SPEECHACT",
        "type": "SA_TELL",
        "word": null,
        "roles": {
          "CONTENT": "#V1718674",
          "LEX": "DO-"
        },
        "start": 0,
        "end": 11
      },
      "V1718674": {
        "id": "V1718674",
        "indicator": "F",
        "type": "ELLIPSIS",
        "word": null,
        "roles": {
          "NEUTRAL": "#V1718748",
          "TENSE": "PRES",
          "NEGATION": "+",
          "MODALITY": "(:* DO DO)",
          "LEX": "DO-"
        },
        "start": 0,
        "end": 11
      },
      "V1718748": {
        "id": "V1718748",
        "indicator": "THE",
        "type": "QUANTITY-ABSTR",
        "word": null,
        "roles": {
          "FIGURE": "#V1718662"
        },
        "start": 0,
        "end": 5
      },
      "V1718662": {
        "id": "V1718662",
        "indicator": "PRO-SET",
        "type": "REFERENTIAL-SEM",
        "word": "THEY",
        "roles": {
          "PROFORM": "THEY",
          "LEX": "THEY",
          "WNSENSE": "entity%1:03:00"
        },
        "start": 0,
        "end": 5
      },
      "root": "#V1718922"
    },
    {
      "V1718714": {
        "id": "V1718714",
        "indicator": "F",
        "type": "HAVE-PROPERTY",
        "word": "DESERVE",
        "roles": {
          "VFORM": "BASE",
          "LEX": "DESERVE",
          "WNSENSE": "deserve%2:42:00::"
        },
        "start": 11,
        "end": 19
      },
      "root": "#V1718714"
    },
    {
      "V1718783": {
        "id": "V1718783",
        "indicator": "SPEECHACT",
        "type": "SA_IDENTIFY",
        "word": null,
        "roles": {
          "PUNCTYPE": "DECL",
          "CONTENT": "#V1718719",
          "LEX": "THIS"
        },
        "start": 19,
        "end": 25
      },
      "V1718719": {
        "id": "V1718719",
        "indicator": "PRO",
        "type": "REFERENTIAL-SEM",
        "word": "THIS",
        "roles": {
          "PROFORM": "THIS",
          "LEX": "THIS",
          "WNSENSE": "entity%1:03:00"
        },
        "start": 19,
        "end": 24
      },
      "root": "#V1718783"
    },
    {
      "V1718922": {
        "id": "V1718922",
        "indicator": "SPEECHACT",
        "type": "SA_TELL",
        "word": null,
        "roles": {
          "CONTENT": "#V1718674",
          "LEX": "DO-"
        },
        "start": 0,
        "end": 11
      },
      "V1718674": {
        "id": "V1718674",
        "indicator": "F",
        "type": "ELLIPSIS",
        "word": null,
        "roles": {
          "NEUTRAL": "#V1718748",
          "TENSE": "PRES",
          "NEGATION": "+",
          "MODALITY": "(:* DO DO)",
          "LEX": "DO-"
        },
        "start": 0,
        "end": 11
      },
      "V1718748": {
        "id": "V1718748",
        "indicator": "THE",
        "type": "QUANTITY-ABSTR",
        "word": null,
        "roles": {
          "FIGURE": "#V1718662"
        },
        "start": 0,
        "end": 5
      },
      "V1718662": {
        "id": "V1718662",
        "indicator": "PRO-SET",
        "type": "REFERENTIAL-SEM",
        "word": "THEY",
        "roles": {
          "PROFORM": "THEY",
          "LEX": "THEY",
          "WNSENSE": "entity%1:03:00"
        },
        "start": 0,
        "end": 5
      },
      "root": "#V1718922"
    },
    {
      "V1718712": {
        "id": "V1718712",
        "indicator": "F",
        "type": "HAVE-PROPERTY",
        "word": "DESERVE",
        "roles": {
          "VFORM": "BASE",
          "LEX": "DESERVE",
          "WNSENSE": "deserve%2:42:00::"
        },
        "start": 11,
        "end": 19
      },
      "root": "#V1718712"
    },
    {
      "V1718783": {
        "id": "V1718783",
        "indicator": "SPEECHACT",
        "type": "SA_IDENTIFY",
        "word": null,
        "roles": {
          "PUNCTYPE": "DECL",
          "CONTENT": "#V1718719",
          "LEX": "THIS"
        },
        "start": 19,
        "end": 25
      },
      "V1718719": {
        "id": "V1718719",
        "indicator": "PRO",
        "type": "REFERENTIAL-SEM",
        "word": "THIS",
        "roles": {
          "PROFORM": "THIS",
          "LEX": "THIS",
          "WNSENSE": "entity%1:03:00"
        },
        "start": 19,
        "end": 24
      },
      "root": "#V1718783"
    },
    {
      "V1718911": {
        "id": "V1718911",
        "indicator": "SPEECHACT",
        "type": "SA_TELL",
        "word": null,
        "roles": {
          "CONTENT": "#V1718674",
          "LEX": "DO-"
        },
        "start": 0,
        "end": 11
      },
      "V1718674": {
        "id": "V1718674",
        "indicator": "F",
        "type": "ELLIPSIS",
        "word": null,
        "roles": {
          "NEUTRAL": "#V1718662",
          "TENSE": "PRES",
          "NEGATION": "+",
          "MODALITY": "(:* DO DO)",
          "LEX": "DO-"
        },
        "start": 0,
        "end": 11
      },
      "V1718662": {
        "id": "V1718662",
        "indicator": "PRO-SET",
        "type": "REFERENTIAL-SEM",
        "word": "THEY",
        "roles": {
          "PROFORM": "THEY",
          "LEX": "THEY",
          "WNSENSE": "entity%1:03:00"
        },
        "start": 0,
        "end": 5
      },
      "root": "#V1718911"
    },
    {
      "V1718714": {
        "id": "V1718714",
        "indicator": "F",
        "type": "HAVE-PROPERTY",
        "word": "DESERVE",
        "roles": {
          "VFORM": "BASE",
          "LEX": "DESERVE",
          "WNSENSE": "deserve%2:42:00::"
        },
        "start": 11,
        "end": 19
      },
      "root": "#V1718714"
    },
    {
      "V1718802": {
        "id": "V1718802",
        "indicator": "SPEECHACT",
        "type": "SA_IDENTIFY",
        "word": null,
        "roles": {
          "PUNCTYPE": "DECL",
          "CONTENT": "#V1718751",
          "LEX": "-"
        },
        "start": 19,
        "end": 25
      },
      "V1718751": {
        "id": "V1718751",
        "indicator": "THE",
        "type": "QUANTITY-ABSTR",
        "word": null,
        "roles": {
          "FIGURE": "#V1718719"
        },
        "start": 19,
        "end": 24
      },
      "V1718719": {
        "id": "V1718719",
        "indicator": "PRO",
        "type": "REFERENTIAL-SEM",
        "word": "THIS",
        "roles": {
          "PROFORM": "THIS",
          "LEX": "THIS",
          "WNSENSE": "entity%1:03:00"
        },
        "start": 19,
        "end": 24
      },
      "root": "#V1718802"
    },
    {
      "V1718911": {
        "id": "V1718911",
        "indicator": "SPEECHACT",
        "type": "SA_TELL",
        "word": null,
        "roles": {
          "CONTENT": "#V1718674",
          "LEX": "DO-"
        },
        "start": 0,
        "end": 11
      },
      "V1718674": {
        "id": "V1718674",
        "indicator": "F",
        "type": "ELLIPSIS",
        "word": null,
        "roles": {
          "NEUTRAL": "#V1718662",
          "TENSE": "PRES",
          "NEGATION": "+",
          "MODALITY": "(:* DO DO)",
          "LEX": "DO-"
        },
        "start": 0,
        "end": 11
      },
      "V1718662": {
        "id": "V1718662",
        "indicator": "PRO-SET",
        "type": "REFERENTIAL-SEM",
        "word": "THEY",
        "roles": {
          "PROFORM": "THEY",
          "LEX": "THEY",
          "WNSENSE": "entity%1:03:00"
        },
        "start": 0,
        "end": 5
      },
      "root": "#V1718911"
    },
    {
      "V1718712": {
        "id": "V1718712",
        "indicator": "F",
        "type": "HAVE-PROPERTY",
        "word": "DESERVE",
        "roles": {
          "VFORM": "BASE",
          "LEX": "DESERVE",
          "WNSENSE": "deserve%2:42:00::"
        },
        "start": 11,
        "end": 19
      },
      "root": "#V1718712"
    },
    {
      "V1718802": {
        "id": "V1718802",
        "indicator": "SPEECHACT",
        "type": "SA_IDENTIFY",
        "word": null,
        "roles": {
          "PUNCTYPE": "DECL",
          "CONTENT": "#V1718751",
          "LEX": "-"
        },
        "start": 19,
        "end": 25
      },
      "V1718751": {
        "id": "V1718751",
        "indicator": "THE",
        "type": "QUANTITY-ABSTR",
        "word": null,
        "roles": {
          "FIGURE": "#V1718719"
        },
        "start": 19,
        "end": 24
      },
      "V1718719": {
        "id": "V1718719",
        "indicator": "PRO",
        "type": "REFERENTIAL-SEM",
        "word": "THIS",
        "roles": {
          "PROFORM": "THIS",
          "LEX": "THIS",
          "WNSENSE": "entity%1:03:00"
        },
        "start": 19,
        "end": 24
      },
      "root": "#V1718802"
    },
    {
      "V1718922": {
        "id": "V1718922",
        "indicator": "SPEECHACT",
        "type": "SA_TELL",
        "word": null,
        "roles": {
          "CONTENT": "#V1718674",
          "LEX": "DO-"
        },
        "start": 0,
        "end": 11
      },
      "V1718674": {
        "id": "V1718674",
        "indicator": "F",
        "type": "ELLIPSIS",
        "word": null,
        "roles": {
          "NEUTRAL": "#V1718748",
          "TENSE": "PRES",
          "NEGATION": "+",
          "MODALITY": "(:* DO DO)",
          "LEX": "DO-"
        },
        "start": 0,
        "end": 11
      },
      "V1718748": {
        "id": "V1718748",
        "indicator": "THE",
        "type": "QUANTITY-ABSTR",
        "word": null,
        "roles": {
          "FIGURE": "#V1718662"
        },
        "start": 0,
        "end": 5
      },
      "V1718662": {
        "id": "V1718662",
        "indicator": "PRO-SET",
        "type": "REFERENTIAL-SEM",
        "word": "THEY",
        "roles": {
          "PROFORM": "THEY",
          "LEX": "THEY",
          "WNSENSE": "entity%1:03:00"
        },
        "start": 0,
        "end": 5
      },
      "root": "#V1718922"
    },
    {
      "V1718714": {
        "id": "V1718714",
        "indicator": "F",
        "type": "HAVE-PROPERTY",
        "word": "DESERVE",
        "roles": {
          "VFORM": "BASE",
          "LEX": "DESERVE",
          "WNSENSE": "deserve%2:42:00::"
        },
        "start": 11,
        "end": 19
      },
      "root": "#V1718714"
    },
    {
      "V1718802": {
        "id": "V1718802",
        "indicator": "SPEECHACT",
        "type": "SA_IDENTIFY",
        "word": null,
        "roles": {
          "PUNCTYPE": "DECL",
          "CONTENT": "#V1718751",
          "LEX": "-"
        },
        "start": 19,
        "end": 25
      },
      "V1718751": {
        "id": "V1718751",
        "indicator": "THE",
        "type": "QUANTITY-ABSTR",
        "word": null,
        "roles": {
          "FIGURE": "#V1718719"
        },
        "start": 19,
        "end": 24
      },
      "V1718719": {
        "id": "V1718719",
        "indicator": "PRO",
        "type": "REFERENTIAL-SEM",
        "word": "THIS",
        "roles": {
          "PROFORM": "THIS",
          "LEX": "THIS",
          "WNSENSE": "entity%1:03:00"
        },
        "start": 19,
        "end": 24
      },
      "root": "#V1718802"
    },
    {
      "V1718922": {
        "id": "V1718922",
        "indicator": "SPEECHACT",
        "type": "SA_TELL",
        "word": null,
        "roles": {
          "CONTENT": "#V1718674",
          "LEX": "DO-"
        },
        "start": 0,
        "end": 11
      },
      "V1718674": {
        "id": "V1718674",
        "indicator": "F",
        "type": "ELLIPSIS",
        "word": null,
        "roles": {
          "NEUTRAL": "#V1718748",
          "TENSE": "PRES",
          "NEGATION": "+",
          "MODALITY": "(:* DO DO)",
          "LEX": "DO-"
        },
        "start": 0,
        "end": 11
      },
      "V1718748": {
        "id": "V1718748",
        "indicator": "THE",
        "type": "QUANTITY-ABSTR",
        "word": null,
        "roles": {
          "FIGURE": "#V1718662"
        },
        "start": 0,
        "end": 5
      },
      "V1718662": {
        "id": "V1718662",
        "indicator": "PRO-SET",
        "type": "REFERENTIAL-SEM",
        "word": "THEY",
        "roles": {
          "PROFORM": "THEY",
          "LEX": "THEY",
          "WNSENSE": "entity%1:03:00"
        },
        "start": 0,
        "end": 5
      },
      "root": "#V1718922"
    },
    {
      "V1718712": {
        "id": "V1718712",
        "indicator": "F",
        "type": "HAVE-PROPERTY",
        "word": "DESERVE",
        "roles": {
          "VFORM": "BASE",
          "LEX": "DESERVE",
          "WNSENSE": "deserve%2:42:00::"
        },
        "start": 11,
        "end": 19
      },
      "root": "#V1718712"
    },
    {
      "V1718802": {
        "id": "V1718802",
        "indicator": "SPEECHACT",
        "type": "SA_IDENTIFY",
        "word": null,
        "roles": {
          "PUNCTYPE": "DECL",
          "CONTENT": "#V1718751",
          "LEX": "-"
        },
        "start": 19,
        "end": 25
      },
      "V1718751": {
        "id": "V1718751",
        "indicator": "THE",
        "type": "QUANTITY-ABSTR",
        "word": null,
        "roles": {
          "FIGURE": "#V1718719"
        },
        "start": 19,
        "end": 24
      },
      "V1718719": {
        "id": "V1718719",
        "indicator": "PRO",
        "type": "REFERENTIAL-SEM",
        "word": "THIS",
        "roles": {
          "PROFORM": "THIS",
          "LEX": "THIS",
          "WNSENSE": "entity%1:03:00"
        },
        "start": 19,
        "end": 24
      },
      "root": "#V1718802"
    },
    {
      "V1718882": {
        "id": "V1718882",
        "indicator": "SPEECHACT",
        "type": "SA_TELL",
        "word": null,
        "roles": {
          "CONTENT": "#V1718698",
          "LEX": "DO-"
        },
        "start": 0,
        "end": 11
      },
      "V1718698": {
        "id": "V1718698",
        "indicator": "F",
        "type": "ELLIPSIS",
        "word": null,
        "roles": {
          "NEUTRAL": "#V1718662",
          "TENSE": "PRES",
          "NEGATION": "+",
          "MODALITY": "(:* DO DO)",
          "LEX": "DO-"
        },
        "start": 0,
        "end": 11
      },
      "V1718662": {
        "id": "V1718662",
        "indicator": "PRO-SET",
        "type": "REFERENTIAL-SEM",
        "word": "THEY",
        "roles": {
          "PROFORM": "THEY",
          "LEX": "THEY",
          "WNSENSE": "entity%1:03:00"
        },
        "start": 0,
        "end": 5
      },
      "root": "#V1718882"
    },
    {
      "V1718714": {
        "id": "V1718714",
        "indicator": "F",
        "type": "HAVE-PROPERTY",
        "word": "DESERVE",
        "roles": {
          "VFORM": "BASE",
          "LEX": "DESERVE",
          "WNSENSE": "deserve%2:42:00::"
        },
        "start": 11,
        "end": 19
      },
      "root": "#V1718714"
    },
    {
      "V1718783": {
        "id": "V1718783",
        "indicator": "SPEECHACT",
        "type": "SA_IDENTIFY",
        "word": null,
        "roles": {
          "CONTENT": "#V1718719",
          "LEX": "THIS"
        },
        "start": 19,
        "end": 24
      },
      "V1718719": {
        "id": "V1718719",
        "indicator": "PRO",
        "type": "REFERENTIAL-SEM",
        "word": "THIS",
        "roles": {
          "PROFORM": "THIS",
          "LEX": "THIS",
          "WNSENSE": "entity%1:03:00"
        },
        "start": 19,
        "end": 24
      },
      "root": "#V1718783"
    },
    {
      "V1718882": {
        "id": "V1718882",
        "indicator": "SPEECHACT",
        "type": "SA_TELL",
        "word": null,
        "roles": {
          "CONTENT": "#V1718698",
          "LEX": "DO-"
        },
        "start": 0,
        "end": 11
      },
      "V1718698": {
        "id": "V1718698",
        "indicator": "F",
        "type": "ELLIPSIS",
        "word": null,
        "roles": {
          "NEUTRAL": "#V1718662",
          "TENSE": "PRES",
          "NEGATION": "+",
          "MODALITY": "(:* DO DO)",
          "LEX": "DO-"
        },
        "start": 0,
        "end": 11
      },
      "V1718662": {
        "id": "V1718662",
        "indicator": "PRO-SET",
        "type": "REFERENTIAL-SEM",
        "word": "THEY",
        "roles": {
          "PROFORM": "THEY",
          "LEX": "THEY",
          "WNSENSE": "entity%1:03:00"
        },
        "start": 0,
        "end": 5
      },
      "root": "#V1718882"
    },
    {
      "V1718712": {
        "id": "V1718712",
        "indicator": "F",
        "type": "HAVE-PROPERTY",
        "word": "DESERVE",
        "roles": {
          "VFORM": "BASE",
          "LEX": "DESERVE",
          "WNSENSE": "deserve%2:42:00::"
        },
        "start": 11,
        "end": 19
      },
      "root": "#V1718712"
    },
    {
      "V1718783": {
        "id": "V1718783",
        "indicator": "SPEECHACT",
        "type": "SA_IDENTIFY",
        "word": null,
        "roles": {
          "CONTENT": "#V1718719",
          "LEX": "THIS"
        },
        "start": 19,
        "end": 24
      },
      "V1718719": {
        "id": "V1718719",
        "indicator": "PRO",
        "type": "REFERENTIAL-SEM",
        "word": "THIS",
        "roles": {
          "PROFORM": "THIS",
          "LEX": "THIS",
          "WNSENSE": "entity%1:03:00"
        },
        "start": 19,
        "end": 24
      },
      "root": "#V1718783"
    },
    {
      "V1718890": {
        "id": "V1718890",
        "indicator": "SPEECHACT",
        "type": "SA_TELL",
        "word": null,
        "roles": {
          "CONTENT": "#V1718698",
          "LEX": "DO-"
        },
        "start": 0,
        "end": 11
      },
      "V1718698": {
        "id": "V1718698",
        "indicator": "F",
        "type": "ELLIPSIS",
        "word": null,
        "roles": {
          "NEUTRAL": "#V1718748",
          "TENSE": "PRES",
          "NEGATION": "+",
          "MODALITY": "(:* DO DO)",
          "LEX": "DO-"
        },
        "start": 0,
        "end": 11
      },
      "V1718748": {
        "id": "V1718748",
        "indicator": "THE",
        "type": "QUANTITY-ABSTR",
        "word": null,
        "roles": {
          "FIGURE": "#V1718662"
        },
        "start": 0,
        "end": 5
      },
      "V1718662": {
        "id": "V1718662",
        "indicator": "PRO-SET",
        "type": "REFERENTIAL-SEM",
        "word": "THEY",
        "roles": {
          "PROFORM": "THEY",
          "LEX": "THEY",
          "WNSENSE": "entity%1:03:00"
        },
        "start": 0,
        "end": 5
      },
      "root": "#V1718890"
    },
    {
      "V1718714": {
        "id": "V1718714",
        "indicator": "F",
        "type": "HAVE-PROPERTY",
        "word": "DESERVE",
        "roles": {
          "VFORM": "BASE",
          "LEX": "DESERVE",
          "WNSENSE": "deserve%2:42:00::"
        },
        "start": 11,
        "end": 19
      },
      "root": "#V1718714"
    },
    {
      "V1718783": {
        "id": "V1718783",
        "indicator": "SPEECHACT",
        "type": "SA_IDENTIFY",
        "word": null,
        "roles": {
          "CONTENT": "#V1718719",
          "LEX": "THIS"
        },
        "start": 19,
        "end": 24
      },
      "V1718719": {
        "id": "V1718719",
        "indicator": "PRO",
        "type": "REFERENTIAL-SEM",
        "word": "THIS",
        "roles": {
          "PROFORM": "THIS",
          "LEX": "THIS",
          "WNSENSE": "entity%1:03:00"
        },
        "start": 19,
        "end": 24
      },
      "root": "#V1718783"
    },
    {
      "V1718890": {
        "id": "V1718890",
        "indicator": "SPEECHACT",
        "type": "SA_TELL",
        "word": null,
        "roles": {
          "CONTENT": "#V1718698",
          "LEX": "DO-"
        },
        "start": 0,
        "end": 11
      },
      "V1718698": {
        "id": "V1718698",
        "indicator": "F",
        "type": "ELLIPSIS",
        "word": null,
        "roles": {
          "NEUTRAL": "#V1718748",
          "TENSE": "PRES",
          "NEGATION": "+",
          "MODALITY": "(:* DO DO)",
          "LEX": "DO-"
        },
        "start": 0,
        "end": 11
      },
      "V1718748": {
        "id": "V1718748",
        "indicator": "THE",
        "type": "QUANTITY-ABSTR",
        "word": null,
        "roles": {
          "FIGURE": "#V1718662"
        },
        "start": 0,
        "end": 5
      },
      "V1718662": {
        "id": "V1718662",
        "indicator": "PRO-SET",
        "type": "REFERENTIAL-SEM",
        "word": "THEY",
        "roles": {
          "PROFORM": "THEY",
          "LEX": "THEY",
          "WNSENSE": "entity%1:03:00"
        },
        "start": 0,
        "end": 5
      },
      "root": "#V1718890"
    },
    {
      "V1718712": {
        "id": "V1718712",
        "indicator": "F",
        "type": "HAVE-PROPERTY",
        "word": "DESERVE",
        "roles": {
          "VFORM": "BASE",
          "LEX": "DESERVE",
          "WNSENSE": "deserve%2:42:00::"
        },
        "start": 11,
        "end": 19
      },
      "root": "#V1718712"
    },
    {
      "V1718783": {
        "id": "V1718783",
        "indicator": "SPEECHACT",
        "type": "SA_IDENTIFY",
        "word": null,
        "roles": {
          "CONTENT": "#V1718719",
          "LEX": "THIS"
        },
        "start": 19,
        "end": 24
      },
      "V1718719": {
        "id": "V1718719",
        "indicator": "PRO",
        "type": "REFERENTIAL-SEM",
        "word": "THIS",
        "roles": {
          "PROFORM": "THIS",
          "LEX": "THIS",
          "WNSENSE": "entity%1:03:00"
        },
        "start": 19,
        "end": 24
      },
      "root": "#V1718783"
    }
  ],
  "inputtags": [],
  "debug": [
    "*last-utt-id*=NIL  utt-id+300",
    "*last-utt-id*=300  utt-id+300",
    "*last-utt-id*=300  utt-id+300",
    "*last-utt-id*=300  utt-id+NIL"
  ]
}
