{
  "parse": [
    {
      "V1960439": {
        "id": "V1960439",
        "indicator": "SPEECHACT",
        "type": "SA_TELL",
        "word": null,
        "roles": {
          "PUNCTYPE": "DECL",
          "CONTENT": "#V1960193",
          "LEX": "BEGAN"
        },
        "start": 0,
        "end": 45
      },
      "V1960193": {
        "id": "V1960193",
        "indicator": "F",
        "type": "START",
        "word": "BEGIN",
        "roles": {
          "AGENT": "#V1960436",
          "FORMAL": "#V1960202",
          "TENSE": "PAST",
          "LEX": "BEGAN",
          "WNSENSE": "begin%2:30:00::"
        },
        "start": 0,
        "end": 45
      },
      "V1960436": {
        "id": "V1960436",
        "indicator": "THE",
        "type": "QUANTITY-ABSTR",
        "word": null,
        "roles": {
          "FIGURE": "#V1960186"
        },
        "start": 0,
        "end": 18
      },
      "V1960186": {
        "id": "V1960186",
        "indicator": "BARE",
        "type": "MALE-PERSON",
        "word": "WOMANIZER",
        "roles": {
          "ASSOC-WITH": "#V1960177",
          "LEX": "WOMANIZER",
          "WNSENSE": "womanizer%1:18:00::"
        },
        "start": 0,
        "end": 18
      },
      "V1960177": {
        "id": "V1960177",
        "indicator": "KIND",
        "type": "COMPANY",
        "word": "COMPANY",
        "roles": {
          "LEX": "COMPANY",
          "WNSENSE": "company%1:14:01::"
        },
        "start": 0,
        "end": 18
      },
      "V1960202": {
        "id": "V1960202",
        "indicator": "F",
        "type": "RUB-SCRAPE-WIPE",
        "word": "RUB",
        "roles": {
          "AGENT": "#V1960436",
          "AFFECTED": "#V1960208",
          "VFORM": "ING",
          "LEX": "RUBBING",
          "WNSENSE": "rub%2:35:00::"
        },
        "start": 24,
        "end": 45
      },
      "V1960208": {
        "id": "V1960208",
        "indicator": "THE-SET",
        "type": "EXTERNAL-BODY-PART",
        "word": "SHOULDER",
        "roles": {
          "ASSOC-POSS": "#V1960205",
          "LEX": "SHOULDERS",
          "WNSENSE": "shoulder%1:08:00::"
        },
        "start": 32,
        "end": 45
      },
      "V1960205": {
        "id": "V1960205",
        "indicator": "PRO",
        "type": "PERSON",
        "word": "MY",
        "roles": {
          "LEX": "MY",
          "PROFORM": "MY",
          "WNSENSE": "person%1:03:00",
          "COREF": "USER"
        },
        "start": 32,
        "end": 45
      },
      "root": "#V1960439"
    }
  ],
  "inputtags": [],
  "debug": [
    "*last-utt-id*=NIL  utt-id+387",
    "*last-utt-id*=387  utt-id+NIL"
  ]
}
