{
  "parse": [
    {
      "V1958989": {
        "id": "V1958989",
        "indicator": "F",
        "type": "DRINK",
        "word": "DRINK",
        "roles": {
          "AFFECTED": "#V1959201",
          "SCALE": "#V1959014",
          "VFORM": "PASTPART",
          "LEX": "DRUNK",
          "WNSENSE": "drink%2:34:00::"
        },
        "start": 2,
        "end": 73
      },
      "V1959014": {
        "id": "V1959014",
        "indicator": "F",
        "type": "IN-SCALE",
        "word": "IN",
        "roles": {
          "GROUND": "#V1959070",
          "FIGURE": "#V1958989",
          "LEX": "IN"
        },
        "start": 8,
        "end": 19
      },
      "V1959070": {
        "id": "V1959070",
        "indicator": "BARE",
        "type": "REFERENTIAL-SEM",
        "word": "SEVILLA",
        "roles": {
          "LEX": "SEVILLA",
          "WNSENSE": "entity%1:03:00"
        },
        "start": 11,
        "end": 19
      },
      "V1959201": {
        "id": "V1959201",
        "indicator": "THE",
        "type": "REFERENTIAL-SEM",
        "word": "|...|",
        "roles": {
          "ASSOC-WITH1": "#V1964090",
          "ASSOC-WITH": "#V1959195",
          "NAME-OF": "|...|",
          "LEX": "|...|",
          "WNSENSE": "entity%1:03:00"
        },
        "start": 19,
        "end": 73
      },
      "V1959195": {
        "id": "V1959195",
        "indicator": "KIND",
        "type": "MONTH-NAME",
        "word": "APRIL",
        "roles": {
          "NAME-OF": "APRIL",
          "LEX": "APRIL",
          "WNSENSE": "april%1:28:00::"
        },
        "start": 19,
        "end": 73
      },
      "V1964090": {
        "id": "V1964090",
        "indicator": "THE",
        "type": "TIME-LOC",
        "word": null,
        "roles": {
          "AM-PM": "#V1959183",
          "DOW": "#V1963336",
          "LEX": "-"
        },
        "start": 23,
        "end": 67
      },
      "V1963336": {
        "id": "V1963336",
        "indicator": "THE",
        "type": "ANY-SEM",
        "word": null,
        "roles": {
          "SEQUENCE": "#V1959080",
          "SEQUENCE1": "#V1959174",
          "LEX": "NIGHT"
        },
        "start": 23,
        "end": 52
      },
      "V1959080": {
        "id": "V1959080",
        "indicator": "BARE",
        "type": "NIGHT",
        "word": "NIGHT",
        "roles": {
          "SCALE": "TIME-LOC-SCALE",
          "MOD": "#V1959085",
          "LEX": "NIGHT",
          "WNSENSE": "night%1:28:00::"
        },
        "start": 23,
        "end": 33
      },
      "V1959085": {
        "id": "V1959085",
        "indicator": "F",
        "type": "ASSOC-WITH",
        "word": "OF",
        "roles": {
          "FIGURE": "#V1959080",
          "LEX": "OF"
        },
        "start": 29,
        "end": 33
      },
      "V1959174": {
        "id": "V1959174",
        "indicator": "BARE",
        "type": "REFERENTIAL-SEM",
        "word": "SEVILLA",
        "roles": {
          "MOD": "#V1959103",
          "LEX": "SEVILLA",
          "WNSENSE": "entity%1:03:00"
        },
        "start": 35,
        "end": 52
      },
      "V1959103": {
        "id": "V1959103",
        "indicator": "F",
        "type": "EARNEST-VAL",
        "word": "SOBER",
        "roles": {
          "ORIENTATION": "POS",
          "FIGURE": "#V1959174",
          "SCALE": "HONESTY-SCALE",
          "LOCATION": "#V1959115",
          "LEX": "SOBER",
          "WNSENSE": "sober%5:00:00:serious:00"
        },
        "start": 35,
        "end": 44
      },
      "V1959115": {
        "id": "V1959115",
        "indicator": "F",
        "type": "DIRECTION-IN",
        "word": "IN",
        "roles": {
          "LEX": "IN",
          "WNSENSE": "in%4:02:01::"
        },
        "start": 41,
        "end": 44
      },
      "V1959183": {
        "id": "V1959183",
        "indicator": "THE",
        "type": "MORNING-AM",
        "word": "MORNING",
        "roles": {
          "SCALE": "TIME-LOC-SCALE",
          "MOD": "#V1959187",
          "LEX": "MORNING",
          "WNSENSE": "morning%1:28:00::"
        },
        "start": 52,
        "end": 67
      },
      "V1959187": {
        "id": "V1959187",
        "indicator": "F",
        "type": "ASSOC-WITH",
        "word": "OF",
        "roles": {
          "FIGURE": "#V1959183",
          "LEX": "OF"
        },
        "start": 64,
        "end": 67
      },
      "root": "#V1958989"
    }
  ],
  "inputtags": [],
  "debug": [
    "Reference resolution to times not implemented yetReference resolution to sequences not reimplemented yet",
    "*last-utt-id*=NIL  utt-id+334",
    "*last-utt-id*=334  utt-id+NIL"
  ]
}
