{
  "parse": [
    {
      "V1204095": {
        "id": "V1204095",
        "indicator": "F",
        "type": "PURPOSE",
        "word": "FOR",
        "roles": {
          "GROUND": "#V1204128",
          "LEX": "FOR"
        },
        "start": 0,
        "end": 15
      },
      "V1204128": {
        "id": "V1204128",
        "indicator": "THE",
        "type": "CHRONICLE",
        "word": "RECORD",
        "roles": {
          "LEX": "RECORD",
          "WNSENSE": "record%1:10:03::"
        },
        "start": 4,
        "end": 15
      },
      "root": "#V1204095"
    },
    {
      "V1206295": {
        "id": "V1206295",
        "indicator": "SPEECHACT",
        "type": "SA_IDENTIFY",
        "word": null,
        "roles": {
          "PUNCTYPE": "DECL",
          "CONTENT": "#V1206292",
          "LEX": "-"
        },
        "start": 15,
        "end": 62
      },
      "V1206292": {
        "id": "V1206292",
        "indicator": "THE",
        "type": "QUANTITY-ABSTR",
        "word": null,
        "roles": {
          "FIGURE": "#V1204141"
        },
        "start": 15,
        "end": 62
      },
      "V1204141": {
        "id": "V1204141",
        "indicator": "THE",
        "type": "PROFESSIONAL",
        "word": "DEAN",
        "roles": {
          "MOD": [
            "#V1204194",
            "#V1204145",
            "#V1204138"
          ],
          "LEX": "DEAN",
          "WNSENSE": "dean%1:18:03::"
        },
        "start": 15,
        "end": 62
      },
      "V1204138": {
        "id": "V1204138",
        "indicator": "F",
        "type": "PREVIOUS-VAL",
        "word": "FORMER",
        "roles": {
          "FIGURE": "#V1204141",
          "SCALE": "RELATIONAL-PROPERTY-SCALE",
          "LEX": "FORMER",
          "WNSENSE": "former%5:00:02:past:00"
        },
        "start": 19,
        "end": 26
      },
      "V1204145": {
        "id": "V1204145",
        "indicator": "F",
        "type": "ASSOC-WITH",
        "word": "OF",
        "roles": {
          "GROUND": "#V1204153",
          "FIGURE": "#V1204141",
          "LEX": "OF"
        },
        "start": 31,
        "end": 46
      },
      "V1204153": {
        "id": "V1204153",
        "indicator": "INDEF-SET",
        "type": "SCHOLAR",
        "word": "STUDENT",
        "roles": {
          "LOCATION": "#V1204164",
          "LEX": "STUDENTS",
          "WNSENSE": "student%1:18:00::"
        },
        "start": 34,
        "end": 46
      },
      "V1204164": {
        "id": "V1204164",
        "indicator": "F",
        "type": "AT-LOC",
        "word": "AT",
        "roles": {
          "FIGURE": "#V1204153",
          "LEX": "AT"
        },
        "start": 43,
        "end": 46
      },
      "V1204194": {
        "id": "V1204194",
        "indicator": "F",
        "type": "MANNER",
        "word": "AS",
        "roles": {
          "GROUND": "#V1204324",
          "FIGURE": "#V1204141",
          "LEX": "AS",
          "WNSENSE": "as%4:02:00::"
        },
        "start": 46,
        "end": 62
      },
      "V1204324": {
        "id": "V1204324",
        "indicator": "THE",
        "type": "QUANTITY-ABSTR",
        "word": null,
        "roles": {
          "FIGURE": "#V1204213"
        },
        "start": 49,
        "end": 62
      },
      "V1204213": {
        "id": "V1204213",
        "indicator": "A",
        "type": "SCHOLAR",
        "word": "UNDERGRAD",
        "roles": {
          "LEX": "UNDERGRAD",
          "WNSENSE": "undergrad%1:18:00::"
        },
        "start": 49,
        "end": 62
      },
      "root": "#V1206295"
    },
    {
      "V1204095": {
        "id": "V1204095",
        "indicator": "F",
        "type": "PURPOSE",
        "word": "FOR",
        "roles": {
          "GROUND": "#V1204128",
          "LEX": "FOR"
        },
        "start": 0,
        "end": 15
      },
      "V1204128": {
        "id": "V1204128",
        "indicator": "THE",
        "type": "CHRONICLE",
        "word": "RECORD",
        "roles": {
          "LEX": "RECORD",
          "WNSENSE": "record%1:10:03::"
        },
        "start": 4,
        "end": 15
      },
      "root": "#V1204095"
    },
    {
      "V1206250": {
        "id": "V1206250",
        "indicator": "SPEECHACT",
        "type": "SA_IDENTIFY",
        "word": null,
        "roles": {
          "PUNCTYPE": "DECL",
          "CONTENT": "#V1206247",
          "LEX": "-"
        },
        "start": 15,
        "end": 63
      },
      "V1206247": {
        "id": "V1206247",
        "indicator": "THE",
        "type": "QUANTITY-ABSTR",
        "word": null,
        "roles": {
          "FIGURE": "#V1204141"
        },
        "start": 15,
        "end": 62
      },
      "V1204141": {
        "id": "V1204141",
        "indicator": "THE",
        "type": "PROFESSIONAL",
        "word": "DEAN",
        "roles": {
          "MOD": [
            "#V1204194",
            "#V1204145",
            "#V1204138"
          ],
          "LEX": "DEAN",
          "WNSENSE": "dean%1:18:03::"
        },
        "start": 15,
        "end": 62
      },
      "V1204138": {
        "id": "V1204138",
        "indicator": "F",
        "type": "PREVIOUS-VAL",
        "word": "FORMER",
        "roles": {
          "FIGURE": "#V1204141",
          "SCALE": "RELATIONAL-PROPERTY-SCALE",
          "LEX": "FORMER",
          "WNSENSE": "former%5:00:02:past:00"
        },
        "start": 19,
        "end": 26
      },
      "V1204145": {
        "id": "V1204145",
        "indicator": "F",
        "type": "ASSOC-WITH",
        "word": "OF",
        "roles": {
          "GROUND": "#V1204154",
          "FIGURE": "#V1204141",
          "LEX": "OF"
        },
        "start": 31,
        "end": 46
      },
      "V1204154": {
        "id": "V1204154",
        "indicator": "INDEF-SET",
        "type": "PROFESSIONAL",
        "word": "STUDENT",
        "roles": {
          "LOCATION": "#V1204164",
          "LEX": "STUDENTS",
          "WNSENSE": "professional%1:18:00"
        },
        "start": 34,
        "end": 46
      },
      "V1204164": {
        "id": "V1204164",
        "indicator": "F",
        "type": "AT-LOC",
        "word": "AT",
        "roles": {
          "FIGURE": "#V1204154",
          "LEX": "AT"
        },
        "start": 43,
        "end": 46
      },
      "V1204194": {
        "id": "V1204194",
        "indicator": "F",
        "type": "MANNER",
        "word": "AS",
        "roles": {
          "GROUND": "#V1204324",
          "FIGURE": "#V1204141",
          "LEX": "AS",
          "WNSENSE": "as%4:02:00::"
        },
        "start": 46,
        "end": 62
      },
      "V1204324": {
        "id": "V1204324",
        "indicator": "THE",
        "type": "QUANTITY-ABSTR",
        "word": null,
        "roles": {
          "FIGURE": "#V1204213"
        },
        "start": 49,
        "end": 62
      },
      "V1204213": {
        "id": "V1204213",
        "indicator": "A",
        "type": "SCHOLAR",
        "word": "UNDERGRAD",
        "roles": {
          "LEX": "UNDERGRAD",
          "WNSENSE": "undergrad%1:18:00::"
        },
        "start": 49,
        "end": 62
      },
      "root": "#V1206250"
    },
    {
      "V1204095": {
        "id": "V1204095",
        "indicator": "F",
        "type": "PURPOSE",
        "word": "FOR",
        "roles": {
          "GROUND": "#V1204128",
          "LEX": "FOR"
        },
        "start": 0,
        "end": 15
      },
      "V1204128": {
        "id": "V1204128",
        "indicator": "THE",
        "type": "CHRONICLE",
        "word": "RECORD",
        "roles": {
          "LEX": "RECORD",
          "WNSENSE": "record%1:10:03::"
        },
        "start": 4,
        "end": 15
      },
      "root": "#V1204095"
    },
    {
      "V1206475": {
        "id": "V1206475",
        "indicator": "SPEECHACT",
        "type": "SA_IDENTIFY",
        "word": null,
        "roles": {
          "PUNCTYPE": "DECL",
          "CONTENT": "#V1206472",
          "LEX": "-"
        },
        "start": 15,
        "end": 63
      },
      "V1206472": {
        "id": "V1206472",
        "indicator": "THE",
        "type": "QUANTITY-ABSTR",
        "word": null,
        "roles": {
          "FIGURE": "#V1204141"
        },
        "start": 15,
        "end": 62
      },
      "V1204141": {
        "id": "V1204141",
        "indicator": "THE",
        "type": "PROFESSIONAL",
        "word": "DEAN",
        "roles": {
          "MOD": [
            "#V1204194",
            "#V1204145",
            "#V1204138"
          ],
          "LEX": "DEAN",
          "WNSENSE": "dean%1:18:03::"
        },
        "start": 15,
        "end": 62
      },
      "V1204138": {
        "id": "V1204138",
        "indicator": "F",
        "type": "PREVIOUS-VAL",
        "word": "FORMER",
        "roles": {
          "FIGURE": "#V1204141",
          "SCALE": "RELATIONAL-PROPERTY-SCALE",
          "LEX": "FORMER",
          "WNSENSE": "former%5:00:02:past:00"
        },
        "start": 19,
        "end": 26
      },
      "V1204145": {
        "id": "V1204145",
        "indicator": "F",
        "type": "ASSOC-WITH",
        "word": "OF",
        "roles": {
          "GROUND": "#V1204153",
          "FIGURE": "#V1204141",
          "LEX": "OF"
        },
        "start": 31,
        "end": 46
      },
      "V1204153": {
        "id": "V1204153",
        "indicator": "INDEF-SET",
        "type": "SCHOLAR",
        "word": "STUDENT",
        "roles": {
          "MOD": "#V1204165",
          "LEX": "STUDENTS",
          "WNSENSE": "student%1:18:00::"
        },
        "start": 34,
        "end": 46
      },
      "V1204165": {
        "id": "V1204165",
        "indicator": "F",
        "type": "RATE-REL",
        "word": "AT",
        "roles": {
          "FIGURE": "#V1204153",
          "LEX": "AT"
        },
        "start": 43,
        "end": 46
      },
      "V1204194": {
        "id": "V1204194",
        "indicator": "F",
        "type": "MANNER",
        "word": "AS",
        "roles": {
          "GROUND": "#V1204324",
          "FIGURE": "#V1204141",
          "LEX": "AS",
          "WNSENSE": "as%4:02:00::"
        },
        "start": 46,
        "end": 62
      },
      "V1204324": {
        "id": "V1204324",
        "indicator": "THE",
        "type": "QUANTITY-ABSTR",
        "word": null,
        "roles": {
          "FIGURE": "#V1204213"
        },
        "start": 49,
        "end": 62
      },
      "V1204213": {
        "id": "V1204213",
        "indicator": "A",
        "type": "SCHOLAR",
        "word": "UNDERGRAD",
        "roles": {
          "LEX": "UNDERGRAD",
          "WNSENSE": "undergrad%1:18:00::"
        },
        "start": 49,
        "end": 62
      },
      "root": "#V1206475"
    },
    {
      "V1204095": {
        "id": "V1204095",
        "indicator": "F",
        "type": "PURPOSE",
        "word": "FOR",
        "roles": {
          "GROUND": "#V1204128",
          "LEX": "FOR"
        },
        "start": 0,
        "end": 15
      },
      "V1204128": {
        "id": "V1204128",
        "indicator": "THE",
        "type": "CHRONICLE",
        "word": "RECORD",
        "roles": {
          "LEX": "RECORD",
          "WNSENSE": "record%1:10:03::"
        },
        "start": 4,
        "end": 15
      },
      "root": "#V1204095"
    },
    {
      "V1206430": {
        "id": "V1206430",
        "indicator": "SPEECHACT",
        "type": "SA_IDENTIFY",
        "word": null,
        "roles": {
          "PUNCTYPE": "DECL",
          "CONTENT": "#V1206427",
          "LEX": "-"
        },
        "start": 15,
        "end": 63
      },
      "V1206427": {
        "id": "V1206427",
        "indicator": "THE",
        "type": "QUANTITY-ABSTR",
        "word": null,
        "roles": {
          "FIGURE": "#V1204141"
        },
        "start": 15,
        "end": 62
      },
      "V1204141": {
        "id": "V1204141",
        "indicator": "THE",
        "type": "PROFESSIONAL",
        "word": "DEAN",
        "roles": {
          "MOD": [
            "#V1204194",
            "#V1204145",
            "#V1204138"
          ],
          "LEX": "DEAN",
          "WNSENSE": "dean%1:18:03::"
        },
        "start": 15,
        "end": 62
      },
      "V1204138": {
        "id": "V1204138",
        "indicator": "F",
        "type": "PREVIOUS-VAL",
        "word": "FORMER",
        "roles": {
          "FIGURE": "#V1204141",
          "SCALE": "RELATIONAL-PROPERTY-SCALE",
          "LEX": "FORMER",
          "WNSENSE": "former%5:00:02:past:00"
        },
        "start": 19,
        "end": 26
      },
      "V1204145": {
        "id": "V1204145",
        "indicator": "F",
        "type": "ASSOC-WITH",
        "word": "OF",
        "roles": {
          "GROUND": "#V1204154",
          "FIGURE": "#V1204141",
          "LEX": "OF"
        },
        "start": 31,
        "end": 46
      },
      "V1204154": {
        "id": "V1204154",
        "indicator": "INDEF-SET",
        "type": "PROFESSIONAL",
        "word": "STUDENT",
        "roles": {
          "MOD": "#V1204165",
          "LEX": "STUDENTS",
          "WNSENSE": "professional%1:18:00"
        },
        "start": 34,
        "end": 46
      },
      "V1204165": {
        "id": "V1204165",
        "indicator": "F",
        "type": "RATE-REL",
        "word": "AT",
        "roles": {
          "FIGURE": "#V1204154",
          "LEX": "AT"
        },
        "start": 43,
        "end": 46
      },
      "V1204194": {
        "id": "V1204194",
        "indicator": "F",
        "type": "MANNER",
        "word": "AS",
        "roles": {
          "GROUND": "#V1204324",
          "FIGURE": "#V1204141",
          "LEX": "AS",
          "WNSENSE": "as%4:02:00::"
        },
        "start": 46,
        "end": 62
      },
      "V1204324": {
        "id": "V1204324",
        "indicator": "THE",
        "type": "QUANTITY-ABSTR",
        "word": null,
        "roles": {
          "FIGURE": "#V1204213"
        },
        "start": 49,
        "end": 62
      },
      "V1204213": {
        "id": "V1204213",
        "indicator": "A",
        "type": "SCHOLAR",
        "word": "UNDERGRAD",
        "roles": {
          "LEX": "UNDERGRAD",
          "WNSENSE": "undergrad%1:18:00::"
        },
        "start": 49,
        "end": 62
      },
      "root": "#V1206430"
    },
    {
      "V1204095": {
        "id": "V1204095",
        "indicator": "F",
        "type": "PURPOSE",
        "word": "FOR",
        "roles": {
          "GROUND": "#V1204128",
          "LEX": "FOR"
        },
        "start": 0,
        "end": 15
      },
      "V1204128": {
        "id": "V1204128",
        "indicator": "THE",
        "type": "CHRONICLE",
        "word": "RECORD",
        "roles": {
          "LEX": "RECORD",
          "WNSENSE": "record%1:10:03::"
        },
        "start": 4,
        "end": 15
      },
      "root": "#V1204095"
    },
    {
      "V1206385": {
        "id": "V1206385",
        "indicator": "SPEECHACT",
        "type": "SA_IDENTIFY",
        "word": null,
        "roles": {
          "PUNCTYPE": "DECL",
          "CONTENT": "#V1206382",
          "LEX": "-"
        },
        "start": 15,
        "end": 63
      },
      "V1206382": {
        "id": "V1206382",
        "indicator": "THE",
        "type": "QUANTITY-ABSTR",
        "word": null,
        "roles": {
          "FIGURE": "#V1204141"
        },
        "start": 15,
        "end": 62
      },
      "V1204141": {
        "id": "V1204141",
        "indicator": "THE",
        "type": "PROFESSIONAL",
        "word": "DEAN",
        "roles": {
          "MOD": [
            "#V1204194",
            "#V1204145",
            "#V1204138"
          ],
          "LEX": "DEAN",
          "WNSENSE": "dean%1:18:03::"
        },
        "start": 15,
        "end": 62
      },
      "V1204138": {
        "id": "V1204138",
        "indicator": "F",
        "type": "PREVIOUS-VAL",
        "word": "FORMER",
        "roles": {
          "FIGURE": "#V1204141",
          "SCALE": "RELATIONAL-PROPERTY-SCALE",
          "LEX": "FORMER",
          "WNSENSE": "former%5:00:02:past:00"
        },
        "start": 19,
        "end": 26
      },
      "V1204145": {
        "id": "V1204145",
        "indicator": "F",
        "type": "ASSOC-WITH",
        "word": "OF",
        "roles": {
          "GROUND": "#V1204153",
          "FIGURE": "#V1204141",
          "LEX": "OF"
        },
        "start": 31,
        "end": 46
      },
      "V1204153": {
        "id": "V1204153",
        "indicator": "INDEF-SET",
        "type": "SCHOLAR",
        "word": "STUDENT",
        "roles": {
          "TIME": "#V1204162",
          "LEX": "STUDENTS",
          "WNSENSE": "student%1:18:00::"
        },
        "start": 34,
        "end": 46
      },
      "V1204162": {
        "id": "V1204162",
        "indicator": "F",
        "type": "TIME-CLOCK-REL",
        "word": "AT",
        "roles": {
          "FIGURE": "#V1204153",
          "LEX": "AT"
        },
        "start": 43,
        "end": 46
      },
      "V1204194": {
        "id": "V1204194",
        "indicator": "F",
        "type": "MANNER",
        "word": "AS",
        "roles": {
          "GROUND": "#V1204324",
          "FIGURE": "#V1204141",
          "LEX": "AS",
          "WNSENSE": "as%4:02:00::"
        },
        "start": 46,
        "end": 62
      },
      "V1204324": {
        "id": "V1204324",
        "indicator": "THE",
        "type": "QUANTITY-ABSTR",
        "word": null,
        "roles": {
          "FIGURE": "#V1204213"
        },
        "start": 49,
        "end": 62
      },
      "V1204213": {
        "id": "V1204213",
        "indicator": "A",
        "type": "SCHOLAR",
        "word": "UNDERGRAD",
        "roles": {
          "LEX": "UNDERGRAD",
          "WNSENSE": "undergrad%1:18:00::"
        },
        "start": 49,
        "end": 62
      },
      "root": "#V1206385"
    },
    {
      "V1204095": {
        "id": "V1204095",
        "indicator": "F",
        "type": "PURPOSE",
        "word": "FOR",
        "roles": {
          "GROUND": "#V1204128",
          "LEX": "FOR"
        },
        "start": 0,
        "end": 15
      },
      "V1204128": {
        "id": "V1204128",
        "indicator": "THE",
        "type": "CHRONICLE",
        "word": "RECORD",
        "roles": {
          "LEX": "RECORD",
          "WNSENSE": "record%1:10:03::"
        },
        "start": 4,
        "end": 15
      },
      "root": "#V1204095"
    },
    {
      "V1206340": {
        "id": "V1206340",
        "indicator": "SPEECHACT",
        "type": "SA_IDENTIFY",
        "word": null,
        "roles": {
          "PUNCTYPE": "DECL",
          "CONTENT": "#V1206337",
          "LEX": "-"
        },
        "start": 15,
        "end": 63
      },
      "V1206337": {
        "id": "V1206337",
        "indicator": "THE",
        "type": "QUANTITY-ABSTR",
        "word": null,
        "roles": {
          "FIGURE": "#V1204141"
        },
        "start": 15,
        "end": 62
      },
      "V1204141": {
        "id": "V1204141",
        "indicator": "THE",
        "type": "PROFESSIONAL",
        "word": "DEAN",
        "roles": {
          "MOD": [
            "#V1204194",
            "#V1204145",
            "#V1204138"
          ],
          "LEX": "DEAN",
          "WNSENSE": "dean%1:18:03::"
        },
        "start": 15,
        "end": 62
      },
      "V1204138": {
        "id": "V1204138",
        "indicator": "F",
        "type": "PREVIOUS-VAL",
        "word": "FORMER",
        "roles": {
          "FIGURE": "#V1204141",
          "SCALE": "RELATIONAL-PROPERTY-SCALE",
          "LEX": "FORMER",
          "WNSENSE": "former%5:00:02:past:00"
        },
        "start": 19,
        "end": 26
      },
      "V1204145": {
        "id": "V1204145",
        "indicator": "F",
        "type": "ASSOC-WITH",
        "word": "OF",
        "roles": {
          "GROUND": "#V1204154",
          "FIGURE": "#V1204141",
          "LEX": "OF"
        },
        "start": 31,
        "end": 46
      },
      "V1204154": {
        "id": "V1204154",
        "indicator": "INDEF-SET",
        "type": "PROFESSIONAL",
        "word": "STUDENT",
        "roles": {
          "TIME": "#V1204162",
          "LEX": "STUDENTS",
          "WNSENSE": "professional%1:18:00"
        },
        "start": 34,
        "end": 46
      },
      "V1204162": {
        "id": "V1204162",
        "indicator": "F",
        "type": "TIME-CLOCK-REL",
        "word": "AT",
        "roles": {
          "FIGURE": "#V1204154",
          "LEX": "AT"
        },
        "start": 43,
        "end": 46
      },
      "V1204194": {
        "id": "V1204194",
        "indicator": "F",
        "type": "MANNER",
        "word": "AS",
        "roles": {
          "GROUND": "#V1204324",
          "FIGURE": "#V1204141",
          "LEX": "AS",
          "WNSENSE": "as%4:02:00::"
        },
        "start": 46,
        "end": 62
      },
      "V1204324": {
        "id": "V1204324",
        "indicator": "THE",
        "type": "QUANTITY-ABSTR",
        "word": null,
        "roles": {
          "FIGURE": "#V1204213"
        },
        "start": 49,
        "end": 62
      },
      "V1204213": {
        "id": "V1204213",
        "indicator": "A",
        "type": "SCHOLAR",
        "word": "UNDERGRAD",
        "roles": {
          "LEX": "UNDERGRAD",
          "WNSENSE": "undergrad%1:18:00::"
        },
        "start": 49,
        "end": 62
      },
      "root": "#V1206340"
    },
    {
      "V1204095": {
        "id": "V1204095",
        "indicator": "F",
        "type": "PURPOSE",
        "word": "FOR",
        "roles": {
          "GROUND": "#V1204128",
          "LEX": "FOR"
        },
        "start": 0,
        "end": 15
      },
      "V1204128": {
        "id": "V1204128",
        "indicator": "THE",
        "type": "CHRONICLE",
        "word": "RECORD",
        "roles": {
          "LEX": "RECORD",
          "WNSENSE": "record%1:10:03::"
        },
        "start": 4,
        "end": 15
      },
      "root": "#V1204095"
    },
    {
      "V1206608": {
        "id": "V1206608",
        "indicator": "SPEECHACT",
        "type": "SA_IDENTIFY",
        "word": null,
        "roles": {
          "PUNCTYPE": "DECL",
          "CONTENT": "#V1206605",
          "LEX": "-"
        },
        "start": 15,
        "end": 63
      },
      "V1206605": {
        "id": "V1206605",
        "indicator": "THE",
        "type": "QUANTITY-ABSTR",
        "word": null,
        "roles": {
          "FIGURE": "#V1204141"
        },
        "start": 15,
        "end": 62
      },
      "V1204141": {
        "id": "V1204141",
        "indicator": "THE",
        "type": "PROFESSIONAL",
        "word": "DEAN",
        "roles": {
          "MOD1": "#V1204194",
          "LOCATION": "#V1204164",
          "MOD": [
            "#V1204145",
            "#V1204138"
          ],
          "LEX": "DEAN",
          "WNSENSE": "dean%1:18:03::"
        },
        "start": 15,
        "end": 62
      },
      "V1204138": {
        "id": "V1204138",
        "indicator": "F",
        "type": "PREVIOUS-VAL",
        "word": "FORMER",
        "roles": {
          "FIGURE": "#V1204141",
          "SCALE": "RELATIONAL-PROPERTY-SCALE",
          "LEX": "FORMER",
          "WNSENSE": "former%5:00:02:past:00"
        },
        "start": 19,
        "end": 26
      },
      "V1204145": {
        "id": "V1204145",
        "indicator": "F",
        "type": "ASSOC-WITH",
        "word": "OF",
        "roles": {
          "GROUND": "#V1204153",
          "FIGURE": "#V1204141",
          "LEX": "OF"
        },
        "start": 31,
        "end": 43
      },
      "V1204153": {
        "id": "V1204153",
        "indicator": "INDEF-SET",
        "type": "SCHOLAR",
        "word": "STUDENT",
        "roles": {
          "LEX": "STUDENTS",
          "WNSENSE": "student%1:18:00::"
        },
        "start": 34,
        "end": 43
      },
      "V1204164": {
        "id": "V1204164",
        "indicator": "F",
        "type": "AT-LOC",
        "word": "AT",
        "roles": {
          "FIGURE": "#V1204141",
          "LEX": "AT"
        },
        "start": 43,
        "end": 46
      },
      "V1204194": {
        "id": "V1204194",
        "indicator": "F",
        "type": "MANNER",
        "word": "AS",
        "roles": {
          "GROUND": "#V1204324",
          "FIGURE": "#V1204141",
          "LEX": "AS",
          "WNSENSE": "as%4:02:00::"
        },
        "start": 46,
        "end": 62
      },
      "V1204324": {
        "id": "V1204324",
        "indicator": "THE",
        "type": "QUANTITY-ABSTR",
        "word": null,
        "roles": {
          "FIGURE": "#V1204213"
        },
        "start": 49,
        "end": 62
      },
      "V1204213": {
        "id": "V1204213",
        "indicator": "A",
        "type": "SCHOLAR",
        "word": "UNDERGRAD",
        "roles": {
          "LEX": "UNDERGRAD",
          "WNSENSE": "undergrad%1:18:00::"
        },
        "start": 49,
        "end": 62
      },
      "root": "#V1206608"
    },
    {
      "V1204095": {
        "id": "V1204095",
        "indicator": "F",
        "type": "PURPOSE",
        "word": "FOR",
        "roles": {
          "GROUND": "#V1204128",
          "LEX": "FOR"
        },
        "start": 0,
        "end": 15
      },
      "V1204128": {
        "id": "V1204128",
        "indicator": "THE",
        "type": "CHRONICLE",
        "word": "RECORD",
        "roles": {
          "LEX": "RECORD",
          "WNSENSE": "record%1:10:03::"
        },
        "start": 4,
        "end": 15
      },
      "root": "#V1204095"
    },
    {
      "V1206563": {
        "id": "V1206563",
        "indicator": "SPEECHACT",
        "type": "SA_IDENTIFY",
        "word": null,
        "roles": {
          "PUNCTYPE": "DECL",
          "CONTENT": "#V1206560",
          "LEX": "-"
        },
        "start": 15,
        "end": 63
      },
      "V1206560": {
        "id": "V1206560",
        "indicator": "THE",
        "type": "QUANTITY-ABSTR",
        "word": null,
        "roles": {
          "FIGURE": "#V1204141"
        },
        "start": 15,
        "end": 62
      },
      "V1204141": {
        "id": "V1204141",
        "indicator": "THE",
        "type": "PROFESSIONAL",
        "word": "DEAN",
        "roles": {
          "MOD1": "#V1204194",
          "LOCATION": "#V1204164",
          "MOD": [
            "#V1204145",
            "#V1204138"
          ],
          "LEX": "DEAN",
          "WNSENSE": "dean%1:18:03::"
        },
        "start": 15,
        "end": 62
      },
      "V1204138": {
        "id": "V1204138",
        "indicator": "F",
        "type": "PREVIOUS-VAL",
        "word": "FORMER",
        "roles": {
          "FIGURE": "#V1204141",
          "SCALE": "RELATIONAL-PROPERTY-SCALE",
          "LEX": "FORMER",
          "WNSENSE": "former%5:00:02:past:00"
        },
        "start": 19,
        "end": 26
      },
      "V1204145": {
        "id": "V1204145",
        "indicator": "F",
        "type": "ASSOC-WITH",
        "word": "OF",
        "roles": {
          "GROUND": "#V1204154",
          "FIGURE": "#V1204141",
          "LEX": "OF"
        },
        "start": 31,
        "end": 43
      },
      "V1204154": {
        "id": "V1204154",
        "indicator": "INDEF-SET",
        "type": "PROFESSIONAL",
        "word": "STUDENT",
        "roles": {
          "LEX": "STUDENTS",
          "WNSENSE": "professional%1:18:00"
        },
        "start": 34,
        "end": 43
      },
      "V1204164": {
        "id": "V1204164",
        "indicator": "F",
        "type": "AT-LOC",
        "word": "AT",
        "roles": {
          "FIGURE": "#V1204141",
          "LEX": "AT"
        },
        "start": 43,
        "end": 46
      },
      "V1204194": {
        "id": "V1204194",
        "indicator": "F",
        "type": "MANNER",
        "word": "AS",
        "roles": {
          "GROUND": "#V1204324",
          "FIGURE": "#V1204141",
          "LEX": "AS",
          "WNSENSE": "as%4:02:00::"
        },
        "start": 46,
        "end": 62
      },
      "V1204324": {
        "id": "V1204324",
        "indicator": "THE",
        "type": "QUANTITY-ABSTR",
        "word": null,
        "roles": {
          "FIGURE": "#V1204213"
        },
        "start": 49,
        "end": 62
      },
      "V1204213": {
        "id": "V1204213",
        "indicator": "A",
        "type": "SCHOLAR",
        "word": "UNDERGRAD",
        "roles": {
          "LEX": "UNDERGRAD",
          "WNSENSE": "undergrad%1:18:00::"
        },
        "start": 49,
        "end": 62
      },
      "root": "#V1206563"
    },
    {
      "V1204095": {
        "id": "V1204095",
        "indicator": "F",
        "type": "PURPOSE",
        "word": "FOR",
        "roles": {
          "GROUND": "#V1204128",
          "LEX": "FOR"
        },
        "start": 0,
        "end": 15
      },
      "V1204128": {
        "id": "V1204128",
        "indicator": "THE",
        "type": "CHRONICLE",
        "word": "RECORD",
        "roles": {
          "LEX": "RECORD",
          "WNSENSE": "record%1:10:03::"
        },
        "start": 4,
        "end": 15
      },
      "root": "#V1204095"
    },
    {
      "V1206790": {
        "id": "V1206790",
        "indicator": "SPEECHACT",
        "type": "SA_IDENTIFY",
        "word": null,
        "roles": {
          "PUNCTYPE": "DECL",
          "CONTENT": "#V1206787",
          "LEX": "-"
        },
        "start": 15,
        "end": 63
      },
      "V1206787": {
        "id": "V1206787",
        "indicator": "THE",
        "type": "QUANTITY-ABSTR",
        "word": null,
        "roles": {
          "FIGURE": "#V1204141"
        },
        "start": 15,
        "end": 62
      },
      "V1204141": {
        "id": "V1204141",
        "indicator": "THE",
        "type": "PROFESSIONAL",
        "word": "DEAN",
        "roles": {
          "MOD1": "#V1204194",
          "TIME": "#V1204162",
          "MOD": [
            "#V1204145",
            "#V1204138"
          ],
          "LEX": "DEAN",
          "WNSENSE": "dean%1:18:03::"
        },
        "start": 15,
        "end": 62
      },
      "V1204138": {
        "id": "V1204138",
        "indicator": "F",
        "type": "PREVIOUS-VAL",
        "word": "FORMER",
        "roles": {
          "FIGURE": "#V1204141",
          "SCALE": "RELATIONAL-PROPERTY-SCALE",
          "LEX": "FORMER",
          "WNSENSE": "former%5:00:02:past:00"
        },
        "start": 19,
        "end": 26
      },
      "V1204145": {
        "id": "V1204145",
        "indicator": "F",
        "type": "ASSOC-WITH",
        "word": "OF",
        "roles": {
          "GROUND": "#V1204153",
          "FIGURE": "#V1204141",
          "LEX": "OF"
        },
        "start": 31,
        "end": 43
      },
      "V1204153": {
        "id": "V1204153",
        "indicator": "INDEF-SET",
        "type": "SCHOLAR",
        "word": "STUDENT",
        "roles": {
          "LEX": "STUDENTS",
          "WNSENSE": "student%1:18:00::"
        },
        "start": 34,
        "end": 43
      },
      "V1204162": {
        "id": "V1204162",
        "indicator": "F",
        "type": "TIME-CLOCK-REL",
        "word": "AT",
        "roles": {
          "FIGURE": "#V1204141",
          "LEX": "AT"
        },
        "start": 43,
        "end": 46
      },
      "V1204194": {
        "id": "V1204194",
        "indicator": "F",
        "type": "MANNER",
        "word": "AS",
        "roles": {
          "GROUND": "#V1204324",
          "FIGURE": "#V1204141",
          "LEX": "AS",
          "WNSENSE": "as%4:02:00::"
        },
        "start": 46,
        "end": 62
      },
      "V1204324": {
        "id": "V1204324",
        "indicator": "THE",
        "type": "QUANTITY-ABSTR",
        "word": null,
        "roles": {
          "FIGURE": "#V1204213"
        },
        "start": 49,
        "end": 62
      },
      "V1204213": {
        "id": "V1204213",
        "indicator": "A",
        "type": "SCHOLAR",
        "word": "UNDERGRAD",
        "roles": {
          "LEX": "UNDERGRAD",
          "WNSENSE": "undergrad%1:18:00::"
        },
        "start": 49,
        "end": 62
      },
      "root": "#V1206790"
    },
    {
      "V1204095": {
        "id": "V1204095",
        "indicator": "F",
        "type": "PURPOSE",
        "word": "FOR",
        "roles": {
          "GROUND": "#V1204128",
          "LEX": "FOR"
        },
        "start": 0,
        "end": 15
      },
      "V1204128": {
        "id": "V1204128",
        "indicator": "THE",
        "type": "CHRONICLE",
        "word": "RECORD",
        "roles": {
          "LEX": "RECORD",
          "WNSENSE": "record%1:10:03::"
        },
        "start": 4,
        "end": 15
      },
      "root": "#V1204095"
    },
    {
      "V1206745": {
        "id": "V1206745",
        "indicator": "SPEECHACT",
        "type": "SA_IDENTIFY",
        "word": null,
        "roles": {
          "PUNCTYPE": "DECL",
          "CONTENT": "#V1206742",
          "LEX": "-"
        },
        "start": 15,
        "end": 63
      },
      "V1206742": {
        "id": "V1206742",
        "indicator": "THE",
        "type": "QUANTITY-ABSTR",
        "word": null,
        "roles": {
          "FIGURE": "#V1204141"
        },
        "start": 15,
        "end": 62
      },
      "V1204141": {
        "id": "V1204141",
        "indicator": "THE",
        "type": "PROFESSIONAL",
        "word": "DEAN",
        "roles": {
          "MOD1": "#V1204194",
          "MOD": [
            "#V1204165",
            "#V1204145",
            "#V1204138"
          ],
          "LEX": "DEAN",
          "WNSENSE": "dean%1:18:03::"
        },
        "start": 15,
        "end": 62
      },
      "V1204138": {
        "id": "V1204138",
        "indicator": "F",
        "type": "PREVIOUS-VAL",
        "word": "FORMER",
        "roles": {
          "FIGURE": "#V1204141",
          "SCALE": "RELATIONAL-PROPERTY-SCALE",
          "LEX": "FORMER",
          "WNSENSE": "former%5:00:02:past:00"
        },
        "start": 19,
        "end": 26
      },
      "V1204145": {
        "id": "V1204145",
        "indicator": "F",
        "type": "ASSOC-WITH",
        "word": "OF",
        "roles": {
          "GROUND": "#V1204153",
          "FIGURE": "#V1204141",
          "LEX": "OF"
        },
        "start": 31,
        "end": 43
      },
      "V1204153": {
        "id": "V1204153",
        "indicator": "INDEF-SET",
        "type": "SCHOLAR",
        "word": "STUDENT",
        "roles": {
          "LEX": "STUDENTS",
          "WNSENSE": "student%1:18:00::"
        },
        "start": 34,
        "end": 43
      },
      "V1204165": {
        "id": "V1204165",
        "indicator": "F",
        "type": "RATE-REL",
        "word": "AT",
        "roles": {
          "FIGURE": "#V1204141",
          "LEX": "AT"
        },
        "start": 43,
        "end": 46
      },
      "V1204194": {
        "id": "V1204194",
        "indicator": "F",
        "type": "MANNER",
        "word": "AS",
        "roles": {
          "GROUND": "#V1204324",
          "FIGURE": "#V1204141",
          "LEX": "AS",
          "WNSENSE": "as%4:02:00::"
        },
        "start": 46,
        "end": 62
      },
      "V1204324": {
        "id": "V1204324",
        "indicator": "THE",
        "type": "QUANTITY-ABSTR",
        "word": null,
        "roles": {
          "FIGURE": "#V1204213"
        },
        "start": 49,
        "end": 62
      },
      "V1204213": {
        "id": "V1204213",
        "indicator": "A",
        "type": "SCHOLAR",
        "word": "UNDERGRAD",
        "roles": {
          "LEX": "UNDERGRAD",
          "WNSENSE": "undergrad%1:18:00::"
        },
        "start": 49,
        "end": 62
      },
      "root": "#V1206745"
    },
    {
      "V1204095": {
        "id": "V1204095",
        "indicator": "F",
        "type": "PURPOSE",
        "word": "FOR",
        "roles": {
          "GROUND": "#V1204128",
          "LEX": "FOR"
        },
        "start": 0,
        "end": 15
      },
      "V1204128": {
        "id": "V1204128",
        "indicator": "THE",
        "type": "CHRONICLE",
        "word": "RECORD",
        "roles": {
          "LEX": "RECORD",
          "WNSENSE": "record%1:10:03::"
        },
        "start": 4,
        "end": 15
      },
      "root": "#V1204095"
    },
    {
      "V1206700": {
        "id": "V1206700",
        "indicator": "SPEECHACT",
        "type": "SA_IDENTIFY",
        "word": null,
        "roles": {
          "PUNCTYPE": "DECL",
          "CONTENT": "#V1206697",
          "LEX": "-"
        },
        "start": 15,
        "end": 63
      },
      "V1206697": {
        "id": "V1206697",
        "indicator": "THE",
        "type": "QUANTITY-ABSTR",
        "word": null,
        "roles": {
          "FIGURE": "#V1204141"
        },
        "start": 15,
        "end": 62
      },
      "V1204141": {
        "id": "V1204141",
        "indicator": "THE",
        "type": "PROFESSIONAL",
        "word": "DEAN",
        "roles": {
          "MOD1": "#V1204194",
          "TIME": "#V1204162",
          "MOD": [
            "#V1204145",
            "#V1204138"
          ],
          "LEX": "DEAN",
          "WNSENSE": "dean%1:18:03::"
        },
        "start": 15,
        "end": 62
      },
      "V1204138": {
        "id": "V1204138",
        "indicator": "F",
        "type": "PREVIOUS-VAL",
        "word": "FORMER",
        "roles": {
          "FIGURE": "#V1204141",
          "SCALE": "RELATIONAL-PROPERTY-SCALE",
          "LEX": "FORMER",
          "WNSENSE": "former%5:00:02:past:00"
        },
        "start": 19,
        "end": 26
      },
      "V1204145": {
        "id": "V1204145",
        "indicator": "F",
        "type": "ASSOC-WITH",
        "word": "OF",
        "roles": {
          "GROUND": "#V1204154",
          "FIGURE": "#V1204141",
          "LEX": "OF"
        },
        "start": 31,
        "end": 43
      },
      "V1204154": {
        "id": "V1204154",
        "indicator": "INDEF-SET",
        "type": "PROFESSIONAL",
        "word": "STUDENT",
        "roles": {
          "LEX": "STUDENTS",
          "WNSENSE": "professional%1:18:00"
        },
        "start": 34,
        "end": 43
      },
      "V1204162": {
        "id": "V1204162",
        "indicator": "F",
        "type": "TIME-CLOCK-REL",
        "word": "AT",
        "roles": {
          "FIGURE": "#V1204141",
          "LEX": "AT"
        },
        "start": 43,
        "end": 46
      },
      "V1204194": {
        "id": "V1204194",
        "indicator": "F",
        "type": "MANNER",
        "word": "AS",
        "roles": {
          "GROUND": "#V1204324",
          "FIGURE": "#V1204141",
          "LEX": "AS",
          "WNSENSE": "as%4:02:00::"
        },
        "start": 46,
        "end": 62
      },
      "V1204324": {
        "id": "V1204324",
        "indicator": "THE",
        "type": "QUANTITY-ABSTR",
        "word": null,
        "roles": {
          "FIGURE": "#V1204213"
        },
        "start": 49,
        "end": 62
      },
      "V1204213": {
        "id": "V1204213",
        "indicator": "A",
        "type": "SCHOLAR",
        "word": "UNDERGRAD",
        "roles": {
          "LEX": "UNDERGRAD",
          "WNSENSE": "undergrad%1:18:00::"
        },
        "start": 49,
        "end": 62
      },
      "root": "#V1206700"
    },
    {
      "V1204095": {
        "id": "V1204095",
        "indicator": "F",
        "type": "PURPOSE",
        "word": "FOR",
        "roles": {
          "GROUND": "#V1204128",
          "LEX": "FOR"
        },
        "start": 0,
        "end": 15
      },
      "V1204128": {
        "id": "V1204128",
        "indicator": "THE",
        "type": "CHRONICLE",
        "word": "RECORD",
        "roles": {
          "LEX": "RECORD",
          "WNSENSE": "record%1:10:03::"
        },
        "start": 4,
        "end": 15
      },
      "root": "#V1204095"
    },
    {
      "V1206655": {
        "id": "V1206655",
        "indicator": "SPEECHACT",
        "type": "SA_IDENTIFY",
        "word": null,
        "roles": {
          "PUNCTYPE": "DECL",
          "CONTENT": "#V1206652",
          "LEX": "-"
        },
        "start": 15,
        "end": 63
      },
      "V1206652": {
        "id": "V1206652",
        "indicator": "THE",
        "type": "QUANTITY-ABSTR",
        "word": null,
        "roles": {
          "FIGURE": "#V1204141"
        },
        "start": 15,
        "end": 62
      },
      "V1204141": {
        "id": "V1204141",
        "indicator": "THE",
        "type": "PROFESSIONAL",
        "word": "DEAN",
        "roles": {
          "MOD1": "#V1204194",
          "MOD": [
            "#V1204165",
            "#V1204145",
            "#V1204138"
          ],
          "LEX": "DEAN",
          "WNSENSE": "dean%1:18:03::"
        },
        "start": 15,
        "end": 62
      },
      "V1204138": {
        "id": "V1204138",
        "indicator": "F",
        "type": "PREVIOUS-VAL",
        "word": "FORMER",
        "roles": {
          "FIGURE": "#V1204141",
          "SCALE": "RELATIONAL-PROPERTY-SCALE",
          "LEX": "FORMER",
          "WNSENSE": "former%5:00:02:past:00"
        },
        "start": 19,
        "end": 26
      },
      "V1204145": {
        "id": "V1204145",
        "indicator": "F",
        "type": "ASSOC-WITH",
        "word": "OF",
        "roles": {
          "GROUND": "#V1204154",
          "FIGURE": "#V1204141",
          "LEX": "OF"
        },
        "start": 31,
        "end": 43
      },
      "V1204154": {
        "id": "V1204154",
        "indicator": "INDEF-SET",
        "type": "PROFESSIONAL",
        "word": "STUDENT",
        "roles": {
          "LEX": "STUDENTS",
          "WNSENSE": "professional%1:18:00"
        },
        "start": 34,
        "end": 43
      },
      "V1204165": {
        "id": "V1204165",
        "indicator": "F",
        "type": "RATE-REL",
        "word": "AT",
        "roles": {
          "FIGURE": "#V1204141",
          "LEX": "AT"
        },
        "start": 43,
        "end": 46
      },
      "V1204194": {
        "id": "V1204194",
        "indicator": "F",
        "type": "MANNER",
        "word": "AS",
        "roles": {
          "GROUND": "#V1204324",
          "FIGURE": "#V1204141",
          "LEX": "AS",
          "WNSENSE": "as%4:02:00::"
        },
        "start": 46,
        "end": 62
      },
      "V1204324": {
        "id": "V1204324",
        "indicator": "THE",
        "type": "QUANTITY-ABSTR",
        "word": null,
        "roles": {
          "FIGURE": "#V1204213"
        },
        "start": 49,
        "end": 62
      },
      "V1204213": {
        "id": "V1204213",
        "indicator": "A",
        "type": "SCHOLAR",
        "word": "UNDERGRAD",
        "roles": {
          "LEX": "UNDERGRAD",
          "WNSENSE": "undergrad%1:18:00::"
        },
        "start": 49,
        "end": 62
      },
      "root": "#V1206655"
    },
    {
      "V1204095": {
        "id": "V1204095",
        "indicator": "F",
        "type": "PURPOSE",
        "word": "FOR",
        "roles": {
          "GROUND": "#V1204128",
          "LEX": "FOR"
        },
        "start": 0,
        "end": 15
      },
      "V1204128": {
        "id": "V1204128",
        "indicator": "THE",
        "type": "CHRONICLE",
        "word": "RECORD",
        "roles": {
          "LEX": "RECORD",
          "WNSENSE": "record%1:10:03::"
        },
        "start": 4,
        "end": 15
      },
      "root": "#V1204095"
    },
    {
      "V1206938": {
        "id": "V1206938",
        "indicator": "SPEECHACT",
        "type": "SA_IDENTIFY",
        "word": null,
        "roles": {
          "PUNCTYPE": "DECL",
          "CONTENT": "#V1206935",
          "LEX": "-"
        },
        "start": 15,
        "end": 63
      },
      "V1206935": {
        "id": "V1206935",
        "indicator": "THE",
        "type": "QUANTITY-ABSTR",
        "word": null,
        "roles": {
          "FIGURE": "#V1204141"
        },
        "start": 15,
        "end": 62
      },
      "V1204141": {
        "id": "V1204141",
        "indicator": "THE",
        "type": "PROFESSIONAL",
        "word": "DEAN",
        "roles": {
          "MOD1": "#V1204194",
          "LOCATION": "#V1204164",
          "MOD": [
            "#V1204145",
            "#V1204138"
          ],
          "LEX": "DEAN",
          "WNSENSE": "dean%1:18:03::"
        },
        "start": 15,
        "end": 62
      },
      "V1204138": {
        "id": "V1204138",
        "indicator": "F",
        "type": "PREVIOUS-VAL",
        "word": "FORMER",
        "roles": {
          "FIGURE": "#V1204141",
          "SCALE": "RELATIONAL-PROPERTY-SCALE",
          "LEX": "FORMER",
          "WNSENSE": "former%5:00:02:past:00"
        },
        "start": 19,
        "end": 26
      },
      "V1204145": {
        "id": "V1204145",
        "indicator": "F",
        "type": "ASSOC-WITH",
        "word": "OF",
        "roles": {
          "GROUND": "#V1204261",
          "FIGURE": "#V1204141",
          "LEX": "OF"
        },
        "start": 31,
        "end": 43
      },
      "V1204261": {
        "id": "V1204261",
        "indicator": "THE",
        "type": "QUANTITY-ABSTR",
        "word": null,
        "roles": {
          "FIGURE": "#V1204154"
        },
        "start": 34,
        "end": 43
      },
      "V1204154": {
        "id": "V1204154",
        "indicator": "INDEF-SET",
        "type": "PROFESSIONAL",
        "word": "STUDENT",
        "roles": {
          "LEX": "STUDENTS",
          "WNSENSE": "professional%1:18:00"
        },
        "start": 34,
        "end": 43
      },
      "V1204164": {
        "id": "V1204164",
        "indicator": "F",
        "type": "AT-LOC",
        "word": "AT",
        "roles": {
          "FIGURE": "#V1204141",
          "LEX": "AT"
        },
        "start": 43,
        "end": 46
      },
      "V1204194": {
        "id": "V1204194",
        "indicator": "F",
        "type": "MANNER",
        "word": "AS",
        "roles": {
          "GROUND": "#V1204324",
          "FIGURE": "#V1204141",
          "LEX": "AS",
          "WNSENSE": "as%4:02:00::"
        },
        "start": 46,
        "end": 62
      },
      "V1204324": {
        "id": "V1204324",
        "indicator": "THE",
        "type": "QUANTITY-ABSTR",
        "word": null,
        "roles": {
          "FIGURE": "#V1204213"
        },
        "start": 49,
        "end": 62
      },
      "V1204213": {
        "id": "V1204213",
        "indicator": "A",
        "type": "SCHOLAR",
        "word": "UNDERGRAD",
        "roles": {
          "LEX": "UNDERGRAD",
          "WNSENSE": "undergrad%1:18:00::"
        },
        "start": 49,
        "end": 62
      },
      "root": "#V1206938"
    },
    {
      "V1204095": {
        "id": "V1204095",
        "indicator": "F",
        "type": "PURPOSE",
        "word": "FOR",
        "roles": {
          "GROUND": "#V1204128",
          "LEX": "FOR"
        },
        "start": 0,
        "end": 15
      },
      "V1204128": {
        "id": "V1204128",
        "indicator": "THE",
        "type": "CHRONICLE",
        "word": "RECORD",
        "roles": {
          "LEX": "RECORD",
          "WNSENSE": "record%1:10:03::"
        },
        "start": 4,
        "end": 15
      },
      "root": "#V1204095"
    },
    {
      "V1206889": {
        "id": "V1206889",
        "indicator": "SPEECHACT",
        "type": "SA_IDENTIFY",
        "word": null,
        "roles": {
          "PUNCTYPE": "DECL",
          "CONTENT": "#V1206886",
          "LEX": "-"
        },
        "start": 15,
        "end": 63
      },
      "V1206886": {
        "id": "V1206886",
        "indicator": "THE",
        "type": "QUANTITY-ABSTR",
        "word": null,
        "roles": {
          "FIGURE": "#V1204141"
        },
        "start": 15,
        "end": 62
      },
      "V1204141": {
        "id": "V1204141",
        "indicator": "THE",
        "type": "PROFESSIONAL",
        "word": "DEAN",
        "roles": {
          "MOD1": "#V1204194",
          "LOCATION": "#V1204164",
          "MOD": [
            "#V1204145",
            "#V1204138"
          ],
          "LEX": "DEAN",
          "WNSENSE": "dean%1:18:03::"
        },
        "start": 15,
        "end": 62
      },
      "V1204138": {
        "id": "V1204138",
        "indicator": "F",
        "type": "PREVIOUS-VAL",
        "word": "FORMER",
        "roles": {
          "FIGURE": "#V1204141",
          "SCALE": "RELATIONAL-PROPERTY-SCALE",
          "LEX": "FORMER",
          "WNSENSE": "former%5:00:02:past:00"
        },
        "start": 19,
        "end": 26
      },
      "V1204145": {
        "id": "V1204145",
        "indicator": "F",
        "type": "ASSOC-WITH",
        "word": "OF",
        "roles": {
          "GROUND": "#V1204256",
          "FIGURE": "#V1204141",
          "LEX": "OF"
        },
        "start": 31,
        "end": 43
      },
      "V1204256": {
        "id": "V1204256",
        "indicator": "THE",
        "type": "QUANTITY-ABSTR",
        "word": null,
        "roles": {
          "FIGURE": "#V1204153"
        },
        "start": 34,
        "end": 43
      },
      "V1204153": {
        "id": "V1204153",
        "indicator": "INDEF-SET",
        "type": "SCHOLAR",
        "word": "STUDENT",
        "roles": {
          "LEX": "STUDENTS",
          "WNSENSE": "student%1:18:00::"
        },
        "start": 34,
        "end": 43
      },
      "V1204164": {
        "id": "V1204164",
        "indicator": "F",
        "type": "AT-LOC",
        "word": "AT",
        "roles": {
          "FIGURE": "#V1204141",
          "LEX": "AT"
        },
        "start": 43,
        "end": 46
      },
      "V1204194": {
        "id": "V1204194",
        "indicator": "F",
        "type": "MANNER",
        "word": "AS",
        "roles": {
          "GROUND": "#V1204324",
          "FIGURE": "#V1204141",
          "LEX": "AS",
          "WNSENSE": "as%4:02:00::"
        },
        "start": 46,
        "end": 62
      },
      "V1204324": {
        "id": "V1204324",
        "indicator": "THE",
        "type": "QUANTITY-ABSTR",
        "word": null,
        "roles": {
          "FIGURE": "#V1204213"
        },
        "start": 49,
        "end": 62
      },
      "V1204213": {
        "id": "V1204213",
        "indicator": "A",
        "type": "SCHOLAR",
        "word": "UNDERGRAD",
        "roles": {
          "LEX": "UNDERGRAD",
          "WNSENSE": "undergrad%1:18:00::"
        },
        "start": 49,
        "end": 62
      },
      "root": "#V1206889"
    },
    {
      "V1204095": {
        "id": "V1204095",
        "indicator": "F",
        "type": "PURPOSE",
        "word": "FOR",
        "roles": {
          "GROUND": "#V1204128",
          "LEX": "FOR"
        },
        "start": 0,
        "end": 15
      },
      "V1204128": {
        "id": "V1204128",
        "indicator": "THE",
        "type": "CHRONICLE",
        "word": "RECORD",
        "roles": {
          "LEX": "RECORD",
          "WNSENSE": "record%1:10:03::"
        },
        "start": 4,
        "end": 15
      },
      "root": "#V1204095"
    },
    {
      "V1207138": {
        "id": "V1207138",
        "indicator": "SPEECHACT",
        "type": "SA_IDENTIFY",
        "word": null,
        "roles": {
          "PUNCTYPE": "DECL",
          "CONTENT": "#V1207135",
          "LEX": "-"
        },
        "start": 15,
        "end": 63
      },
      "V1207135": {
        "id": "V1207135",
        "indicator": "THE",
        "type": "QUANTITY-ABSTR",
        "word": null,
        "roles": {
          "FIGURE": "#V1204141"
        },
        "start": 15,
        "end": 62
      },
      "V1204141": {
        "id": "V1204141",
        "indicator": "THE",
        "type": "PROFESSIONAL",
        "word": "DEAN",
        "roles": {
          "MOD1": "#V1204194",
          "TIME": "#V1204162",
          "MOD": [
            "#V1204145",
            "#V1204138"
          ],
          "LEX": "DEAN",
          "WNSENSE": "dean%1:18:03::"
        },
        "start": 15,
        "end": 62
      },
      "V1204138": {
        "id": "V1204138",
        "indicator": "F",
        "type": "PREVIOUS-VAL",
        "word": "FORMER",
        "roles": {
          "FIGURE": "#V1204141",
          "SCALE": "RELATIONAL-PROPERTY-SCALE",
          "LEX": "FORMER",
          "WNSENSE": "former%5:00:02:past:00"
        },
        "start": 19,
        "end": 26
      },
      "V1204145": {
        "id": "V1204145",
        "indicator": "F",
        "type": "ASSOC-WITH",
        "word": "OF",
        "roles": {
          "GROUND": "#V1204261",
          "FIGURE": "#V1204141",
          "LEX": "OF"
        },
        "start": 31,
        "end": 43
      },
      "V1204261": {
        "id": "V1204261",
        "indicator": "THE",
        "type": "QUANTITY-ABSTR",
        "word": null,
        "roles": {
          "FIGURE": "#V1204154"
        },
        "start": 34,
        "end": 43
      },
      "V1204154": {
        "id": "V1204154",
        "indicator": "INDEF-SET",
        "type": "PROFESSIONAL",
        "word": "STUDENT",
        "roles": {
          "LEX": "STUDENTS",
          "WNSENSE": "professional%1:18:00"
        },
        "start": 34,
        "end": 43
      },
      "V1204162": {
        "id": "V1204162",
        "indicator": "F",
        "type": "TIME-CLOCK-REL",
        "word": "AT",
        "roles": {
          "FIGURE": "#V1204141",
          "LEX": "AT"
        },
        "start": 43,
        "end": 46
      },
      "V1204194": {
        "id": "V1204194",
        "indicator": "F",
        "type": "MANNER",
        "word": "AS",
        "roles": {
          "GROUND": "#V1204324",
          "FIGURE": "#V1204141",
          "LEX": "AS",
          "WNSENSE": "as%4:02:00::"
        },
        "start": 46,
        "end": 62
      },
      "V1204324": {
        "id": "V1204324",
        "indicator": "THE",
        "type": "QUANTITY-ABSTR",
        "word": null,
        "roles": {
          "FIGURE": "#V1204213"
        },
        "start": 49,
        "end": 62
      },
      "V1204213": {
        "id": "V1204213",
        "indicator": "A",
        "type": "SCHOLAR",
        "word": "UNDERGRAD",
        "roles": {
          "LEX": "UNDERGRAD",
          "WNSENSE": "undergrad%1:18:00::"
        },
        "start": 49,
        "end": 62
      },
      "root": "#V1207138"
    },
    {
      "V1204095": {
        "id": "V1204095",
        "indicator": "F",
        "type": "PURPOSE",
        "word": "FOR",
        "roles": {
          "GROUND": "#V1204128",
          "LEX": "FOR"
        },
        "start": 0,
        "end": 15
      },
      "V1204128": {
        "id": "V1204128",
        "indicator": "THE",
        "type": "CHRONICLE",
        "word": "RECORD",
        "roles": {
          "LEX": "RECORD",
          "WNSENSE": "record%1:10:03::"
        },
        "start": 4,
        "end": 15
      },
      "root": "#V1204095"
    },
    {
      "V1207089": {
        "id": "V1207089",
        "indicator": "SPEECHACT",
        "type": "SA_IDENTIFY",
        "word": null,
        "roles": {
          "PUNCTYPE": "DECL",
          "CONTENT": "#V1207086",
          "LEX": "-"
        },
        "start": 15,
        "end": 63
      },
      "V1207086": {
        "id": "V1207086",
        "indicator": "THE",
        "type": "QUANTITY-ABSTR",
        "word": null,
        "roles": {
          "FIGURE": "#V1204141"
        },
        "start": 15,
        "end": 62
      },
      "V1204141": {
        "id": "V1204141",
        "indicator": "THE",
        "type": "PROFESSIONAL",
        "word": "DEAN",
        "roles": {
          "MOD1": "#V1204194",
          "MOD": [
            "#V1204165",
            "#V1204145",
            "#V1204138"
          ],
          "LEX": "DEAN",
          "WNSENSE": "dean%1:18:03::"
        },
        "start": 15,
        "end": 62
      },
      "V1204138": {
        "id": "V1204138",
        "indicator": "F",
        "type": "PREVIOUS-VAL",
        "word": "FORMER",
        "roles": {
          "FIGURE": "#V1204141",
          "SCALE": "RELATIONAL-PROPERTY-SCALE",
          "LEX": "FORMER",
          "WNSENSE": "former%5:00:02:past:00"
        },
        "start": 19,
        "end": 26
      },
      "V1204145": {
        "id": "V1204145",
        "indicator": "F",
        "type": "ASSOC-WITH",
        "word": "OF",
        "roles": {
          "GROUND": "#V1204261",
          "FIGURE": "#V1204141",
          "LEX": "OF"
        },
        "start": 31,
        "end": 43
      },
      "V1204261": {
        "id": "V1204261",
        "indicator": "THE",
        "type": "QUANTITY-ABSTR",
        "word": null,
        "roles": {
          "FIGURE": "#V1204154"
        },
        "start": 34,
        "end": 43
      },
      "V1204154": {
        "id": "V1204154",
        "indicator": "INDEF-SET",
        "type": "PROFESSIONAL",
        "word": "STUDENT",
        "roles": {
          "LEX": "STUDENTS",
          "WNSENSE": "professional%1:18:00"
        },
        "start": 34,
        "end": 43
      },
      "V1204165": {
        "id": "V1204165",
        "indicator": "F",
        "type": "RATE-REL",
        "word": "AT",
        "roles": {
          "FIGURE": "#V1204141",
          "LEX": "AT"
        },
        "start": 43,
        "end": 46
      },
      "V1204194": {
        "id": "V1204194",
        "indicator": "F",
        "type": "MANNER",
        "word": "AS",
        "roles": {
          "GROUND": "#V1204324",
          "FIGURE": "#V1204141",
          "LEX": "AS",
          "WNSENSE": "as%4:02:00::"
        },
        "start": 46,
        "end": 62
      },
      "V1204324": {
        "id": "V1204324",
        "indicator": "THE",
        "type": "QUANTITY-ABSTR",
        "word": null,
        "roles": {
          "FIGURE": "#V1204213"
        },
        "start": 49,
        "end": 62
      },
      "V1204213": {
        "id": "V1204213",
        "indicator": "A",
        "type": "SCHOLAR",
        "word": "UNDERGRAD",
        "roles": {
          "LEX": "UNDERGRAD",
          "WNSENSE": "undergrad%1:18:00::"
        },
        "start": 49,
        "end": 62
      },
      "root": "#V1207089"
    },
    {
      "V1204095": {
        "id": "V1204095",
        "indicator": "F",
        "type": "PURPOSE",
        "word": "FOR",
        "roles": {
          "GROUND": "#V1204128",
          "LEX": "FOR"
        },
        "start": 0,
        "end": 15
      },
      "V1204128": {
        "id": "V1204128",
        "indicator": "THE",
        "type": "CHRONICLE",
        "word": "RECORD",
        "roles": {
          "LEX": "RECORD",
          "WNSENSE": "record%1:10:03::"
        },
        "start": 4,
        "end": 15
      },
      "root": "#V1204095"
    },
    {
      "V1207040": {
        "id": "V1207040",
        "indicator": "SPEECHACT",
        "type": "SA_IDENTIFY",
        "word": null,
        "roles": {
          "PUNCTYPE": "DECL",
          "CONTENT": "#V1207037",
          "LEX": "-"
        },
        "start": 15,
        "end": 63
      },
      "V1207037": {
        "id": "V1207037",
        "indicator": "THE",
        "type": "QUANTITY-ABSTR",
        "word": null,
        "roles": {
          "FIGURE": "#V1204141"
        },
        "start": 15,
        "end": 62
      },
      "V1204141": {
        "id": "V1204141",
        "indicator": "THE",
        "type": "PROFESSIONAL",
        "word": "DEAN",
        "roles": {
          "MOD1": "#V1204194",
          "TIME": "#V1204162",
          "MOD": [
            "#V1204145",
            "#V1204138"
          ],
          "LEX": "DEAN",
          "WNSENSE": "dean%1:18:03::"
        },
        "start": 15,
        "end": 62
      },
      "V1204138": {
        "id": "V1204138",
        "indicator": "F",
        "type": "PREVIOUS-VAL",
        "word": "FORMER",
        "roles": {
          "FIGURE": "#V1204141",
          "SCALE": "RELATIONAL-PROPERTY-SCALE",
          "LEX": "FORMER",
          "WNSENSE": "former%5:00:02:past:00"
        },
        "start": 19,
        "end": 26
      },
      "V1204145": {
        "id": "V1204145",
        "indicator": "F",
        "type": "ASSOC-WITH",
        "word": "OF",
        "roles": {
          "GROUND": "#V1204256",
          "FIGURE": "#V1204141",
          "LEX": "OF"
        },
        "start": 31,
        "end": 43
      },
      "V1204256": {
        "id": "V1204256",
        "indicator": "THE",
        "type": "QUANTITY-ABSTR",
        "word": null,
        "roles": {
          "FIGURE": "#V1204153"
        },
        "start": 34,
        "end": 43
      },
      "V1204153": {
        "id": "V1204153",
        "indicator": "INDEF-SET",
        "type": "SCHOLAR",
        "word": "STUDENT",
        "roles": {
          "LEX": "STUDENTS",
          "WNSENSE": "student%1:18:00::"
        },
        "start": 34,
        "end": 43
      },
      "V1204162": {
        "id": "V1204162",
        "indicator": "F",
        "type": "TIME-CLOCK-REL",
        "word": "AT",
        "roles": {
          "FIGURE": "#V1204141",
          "LEX": "AT"
        },
        "start": 43,
        "end": 46
      },
      "V1204194": {
        "id": "V1204194",
        "indicator": "F",
        "type": "MANNER",
        "word": "AS",
        "roles": {
          "GROUND": "#V1204324",
          "FIGURE": "#V1204141",
          "LEX": "AS",
          "WNSENSE": "as%4:02:00::"
        },
        "start": 46,
        "end": 62
      },
      "V1204324": {
        "id": "V1204324",
        "indicator": "THE",
        "type": "QUANTITY-ABSTR",
        "word": null,
        "roles": {
          "FIGURE": "#V1204213"
        },
        "start": 49,
        "end": 62
      },
      "V1204213": {
        "id": "V1204213",
        "indicator": "A",
        "type": "SCHOLAR",
        "word": "UNDERGRAD",
        "roles": {
          "LEX": "UNDERGRAD",
          "WNSENSE": "undergrad%1:18:00::"
        },
        "start": 49,
        "end": 62
      },
      "root": "#V1207040"
    },
    {
      "V1204095": {
        "id": "V1204095",
        "indicator": "F",
        "type": "PURPOSE",
        "word": "FOR",
        "roles": {
          "GROUND": "#V1204128",
          "LEX": "FOR"
        },
        "start": 0,
        "end": 15
      },
      "V1204128": {
        "id": "V1204128",
        "indicator": "THE",
        "type": "CHRONICLE",
        "word": "RECORD",
        "roles": {
          "LEX": "RECORD",
          "WNSENSE": "record%1:10:03::"
        },
        "start": 4,
        "end": 15
      },
      "root": "#V1204095"
    },
    {
      "V1206991": {
        "id": "V1206991",
        "indicator": "SPEECHACT",
        "type": "SA_IDENTIFY",
        "word": null,
        "roles": {
          "PUNCTYPE": "DECL",
          "CONTENT": "#V1206988",
          "LEX": "-"
        },
        "start": 15,
        "end": 63
      },
      "V1206988": {
        "id": "V1206988",
        "indicator": "THE",
        "type": "QUANTITY-ABSTR",
        "word": null,
        "roles": {
          "FIGURE": "#V1204141"
        },
        "start": 15,
        "end": 62
      },
      "V1204141": {
        "id": "V1204141",
        "indicator": "THE",
        "type": "PROFESSIONAL",
        "word": "DEAN",
        "roles": {
          "MOD1": "#V1204194",
          "MOD": [
            "#V1204165",
            "#V1204145",
            "#V1204138"
          ],
          "LEX": "DEAN",
          "WNSENSE": "dean%1:18:03::"
        },
        "start": 15,
        "end": 62
      },
      "V1204138": {
        "id": "V1204138",
        "indicator": "F",
        "type": "PREVIOUS-VAL",
        "word": "FORMER",
        "roles": {
          "FIGURE": "#V1204141",
          "SCALE": "RELATIONAL-PROPERTY-SCALE",
          "LEX": "FORMER",
          "WNSENSE": "former%5:00:02:past:00"
        },
        "start": 19,
        "end": 26
      },
      "V1204145": {
        "id": "V1204145",
        "indicator": "F",
        "type": "ASSOC-WITH",
        "word": "OF",
        "roles": {
          "GROUND": "#V1204256",
          "FIGURE": "#V1204141",
          "LEX": "OF"
        },
        "start": 31,
        "end": 43
      },
      "V1204256": {
        "id": "V1204256",
        "indicator": "THE",
        "type": "QUANTITY-ABSTR",
        "word": null,
        "roles": {
          "FIGURE": "#V1204153"
        },
        "start": 34,
        "end": 43
      },
      "V1204153": {
        "id": "V1204153",
        "indicator": "INDEF-SET",
        "type": "SCHOLAR",
        "word": "STUDENT",
        "roles": {
          "LEX": "STUDENTS",
          "WNSENSE": "student%1:18:00::"
        },
        "start": 34,
        "end": 43
      },
      "V1204165": {
        "id": "V1204165",
        "indicator": "F",
        "type": "RATE-REL",
        "word": "AT",
        "roles": {
          "FIGURE": "#V1204141",
          "LEX": "AT"
        },
        "start": 43,
        "end": 46
      },
      "V1204194": {
        "id": "V1204194",
        "indicator": "F",
        "type": "MANNER",
        "word": "AS",
        "roles": {
          "GROUND": "#V1204324",
          "FIGURE": "#V1204141",
          "LEX": "AS",
          "WNSENSE": "as%4:02:00::"
        },
        "start": 46,
        "end": 62
      },
      "V1204324": {
        "id": "V1204324",
        "indicator": "THE",
        "type": "QUANTITY-ABSTR",
        "word": null,
        "roles": {
          "FIGURE": "#V1204213"
        },
        "start": 49,
        "end": 62
      },
      "V1204213": {
        "id": "V1204213",
        "indicator": "A",
        "type": "SCHOLAR",
        "word": "UNDERGRAD",
        "roles": {
          "LEX": "UNDERGRAD",
          "WNSENSE": "undergrad%1:18:00::"
        },
        "start": 49,
        "end": 62
      },
      "root": "#V1206991"
    },
    {
      "V1204095": {
        "id": "V1204095",
        "indicator": "F",
        "type": "PURPOSE",
        "word": "FOR",
        "roles": {
          "GROUND": "#V1204128",
          "LEX": "FOR"
        },
        "start": 0,
        "end": 15
      },
      "V1204128": {
        "id": "V1204128",
        "indicator": "THE",
        "type": "CHRONICLE",
        "word": "RECORD",
        "roles": {
          "LEX": "RECORD",
          "WNSENSE": "record%1:10:03::"
        },
        "start": 4,
        "end": 15
      },
      "root": "#V1204095"
    },
    {
      "V1207240": {
        "id": "V1207240",
        "indicator": "SPEECHACT",
        "type": "SA_IDENTIFY",
        "word": null,
        "roles": {
          "PUNCTYPE": "DECL",
          "CONTENT": "#V1207237",
          "LEX": "-"
        },
        "start": 15,
        "end": 63
      },
      "V1207237": {
        "id": "V1207237",
        "indicator": "THE",
        "type": "QUANTITY-ABSTR",
        "word": null,
        "roles": {
          "FIGURE": "#V1204141"
        },
        "start": 15,
        "end": 62
      },
      "V1204141": {
        "id": "V1204141",
        "indicator": "THE",
        "type": "PROFESSIONAL",
        "word": "DEAN",
        "roles": {
          "MOD": [
            "#V1204194",
            "#V1204145",
            "#V1204138"
          ],
          "LEX": "DEAN",
          "WNSENSE": "dean%1:18:03::"
        },
        "start": 15,
        "end": 62
      },
      "V1204138": {
        "id": "V1204138",
        "indicator": "F",
        "type": "PREVIOUS-VAL",
        "word": "FORMER",
        "roles": {
          "FIGURE": "#V1204141",
          "SCALE": "RELATIONAL-PROPERTY-SCALE",
          "LEX": "FORMER",
          "WNSENSE": "former%5:00:02:past:00"
        },
        "start": 19,
        "end": 26
      },
      "V1204145": {
        "id": "V1204145",
        "indicator": "F",
        "type": "ASSOC-WITH",
        "word": "OF",
        "roles": {
          "GROUND": "#V1204641",
          "FIGURE": "#V1204141",
          "LEX": "OF"
        },
        "start": 31,
        "end": 46
      },
      "V1204641": {
        "id": "V1204641",
        "indicator": "THE",
        "type": "QUANTITY-ABSTR",
        "word": null,
        "roles": {
          "FIGURE": "#V1204153"
        },
        "start": 34,
        "end": 46
      },
      "V1204153": {
        "id": "V1204153",
        "indicator": "INDEF-SET",
        "type": "SCHOLAR",
        "word": "STUDENT",
        "roles": {
          "LOCATION": "#V1204164",
          "LEX": "STUDENTS",
          "WNSENSE": "student%1:18:00::"
        },
        "start": 34,
        "end": 46
      },
      "V1204164": {
        "id": "V1204164",
        "indicator": "F",
        "type": "AT-LOC",
        "word": "AT",
        "roles": {
          "FIGURE": "#V1204153",
          "LEX": "AT"
        },
        "start": 43,
        "end": 46
      },
      "V1204194": {
        "id": "V1204194",
        "indicator": "F",
        "type": "MANNER",
        "word": "AS",
        "roles": {
          "GROUND": "#V1204324",
          "FIGURE": "#V1204141",
          "LEX": "AS",
          "WNSENSE": "as%4:02:00::"
        },
        "start": 46,
        "end": 62
      },
      "V1204324": {
        "id": "V1204324",
        "indicator": "THE",
        "type": "QUANTITY-ABSTR",
        "word": null,
        "roles": {
          "FIGURE": "#V1204213"
        },
        "start": 49,
        "end": 62
      },
      "V1204213": {
        "id": "V1204213",
        "indicator": "A",
        "type": "SCHOLAR",
        "word": "UNDERGRAD",
        "roles": {
          "LEX": "UNDERGRAD",
          "WNSENSE": "undergrad%1:18:00::"
        },
        "start": 49,
        "end": 62
      },
      "root": "#V1207240"
    },
    {
      "V1204095": {
        "id": "V1204095",
        "indicator": "F",
        "type": "PURPOSE",
        "word": "FOR",
        "roles": {
          "GROUND": "#V1204128",
          "LEX": "FOR"
        },
        "start": 0,
        "end": 15
      },
      "V1204128": {
        "id": "V1204128",
        "indicator": "THE",
        "type": "CHRONICLE",
        "word": "RECORD",
        "roles": {
          "LEX": "RECORD",
          "WNSENSE": "record%1:10:03::"
        },
        "start": 4,
        "end": 15
      },
      "root": "#V1204095"
    },
    {
      "V1207191": {
        "id": "V1207191",
        "indicator": "SPEECHACT",
        "type": "SA_IDENTIFY",
        "word": null,
        "roles": {
          "PUNCTYPE": "DECL",
          "CONTENT": "#V1207188",
          "LEX": "-"
        },
        "start": 15,
        "end": 63
      },
      "V1207188": {
        "id": "V1207188",
        "indicator": "THE",
        "type": "QUANTITY-ABSTR",
        "word": null,
        "roles": {
          "FIGURE": "#V1204141"
        },
        "start": 15,
        "end": 62
      },
      "V1204141": {
        "id": "V1204141",
        "indicator": "THE",
        "type": "PROFESSIONAL",
        "word": "DEAN",
        "roles": {
          "MOD": [
            "#V1204194",
            "#V1204145",
            "#V1204138"
          ],
          "LEX": "DEAN",
          "WNSENSE": "dean%1:18:03::"
        },
        "start": 15,
        "end": 62
      },
      "V1204138": {
        "id": "V1204138",
        "indicator": "F",
        "type": "PREVIOUS-VAL",
        "word": "FORMER",
        "roles": {
          "FIGURE": "#V1204141",
          "SCALE": "RELATIONAL-PROPERTY-SCALE",
          "LEX": "FORMER",
          "WNSENSE": "former%5:00:02:past:00"
        },
        "start": 19,
        "end": 26
      },
      "V1204145": {
        "id": "V1204145",
        "indicator": "F",
        "type": "ASSOC-WITH",
        "word": "OF",
        "roles": {
          "GROUND": "#V1204636",
          "FIGURE": "#V1204141",
          "LEX": "OF"
        },
        "start": 31,
        "end": 46
      },
      "V1204636": {
        "id": "V1204636",
        "indicator": "THE",
        "type": "QUANTITY-ABSTR",
        "word": null,
        "roles": {
          "FIGURE": "#V1204154"
        },
        "start": 34,
        "end": 46
      },
      "V1204154": {
        "id": "V1204154",
        "indicator": "INDEF-SET",
        "type": "PROFESSIONAL",
        "word": "STUDENT",
        "roles": {
          "LOCATION": "#V1204164",
          "LEX": "STUDENTS",
          "WNSENSE": "professional%1:18:00"
        },
        "start": 34,
        "end": 46
      },
      "V1204164": {
        "id": "V1204164",
        "indicator": "F",
        "type": "AT-LOC",
        "word": "AT",
        "roles": {
          "FIGURE": "#V1204154",
          "LEX": "AT"
        },
        "start": 43,
        "end": 46
      },
      "V1204194": {
        "id": "V1204194",
        "indicator": "F",
        "type": "MANNER",
        "word": "AS",
        "roles": {
          "GROUND": "#V1204324",
          "FIGURE": "#V1204141",
          "LEX": "AS",
          "WNSENSE": "as%4:02:00::"
        },
        "start": 46,
        "end": 62
      },
      "V1204324": {
        "id": "V1204324",
        "indicator": "THE",
        "type": "QUANTITY-ABSTR",
        "word": null,
        "roles": {
          "FIGURE": "#V1204213"
        },
        "start": 49,
        "end": 62
      },
      "V1204213": {
        "id": "V1204213",
        "indicator": "A",
        "type": "SCHOLAR",
        "word": "UNDERGRAD",
        "roles": {
          "LEX": "UNDERGRAD",
          "WNSENSE": "undergrad%1:18:00::"
        },
        "start": 49,
        "end": 62
      },
      "root": "#V1207191"
    }
  ],
  "inputtags": [],
  "debug": [
    "*last-utt-id*=NIL  utt-id+214",
    "*last-utt-id*=214  utt-id+214",
    "*last-utt-id*=214  utt-id+NIL"
  ]
}
