{
  "parse": [
    {
      "V2122938": {
        "id": "V2122938",
        "indicator": "SPEECHACT",
        "type": "SA_IDENTIFY",
        "word": null,
        "roles": {
          "CONTENT": "#V2122278",
          "LEX": "THAT"
        },
        "start": 0,
        "end": 5
      },
      "V2122278": {
        "id": "V2122278",
        "indicator": "PRO",
        "type": "REFERENTIAL-SEM",
        "word": "THAT",
        "roles": {
          "PROFORM": "THAT",
          "LEX": "THAT",
          "WNSENSE": "entity%1:03:00"
        },
        "start": 0,
        "end": 5
      },
      "root": "#V2122938"
    },
    {
      "V2123285": {
        "id": "V2123285",
        "indicator": "SPEECHACT",
        "type": "SA_IDENTIFY",
        "word": null,
        "roles": {
          "CONTENT": "#V2122297",
          "LEX": "T"
        },
        "start": 10,
        "end": 12
      },
      "V2122297": {
        "id": "V2122297",
        "indicator": "BARE",
        "type": "CHEMICAL",
        "word": "T",
        "roles": {
          "LEX": "T",
          "WNSENSE": "t%1:27:01::"
        },
        "start": 10,
        "end": 12
      },
      "root": "#V2123285"
    },
    {
      "V2124324": {
        "id": "V2124324",
        "indicator": "SPEECHACT",
        "type": "SA_TELL",
        "word": null,
        "roles": {
          "PUNCTYPE": "DECL",
          "CONTENT": "#V2122306",
          "LEX": "CHANGE"
        },
        "start": 12,
        "end": 70
      },
      "V2122306": {
        "id": "V2122306",
        "indicator": "F",
        "type": "CHANGE",
        "word": "CHANGE",
        "roles": {
          "AGENT": "#V2124325",
          "AFFECTED": "#V2122322",
          "TENSE": "PRES",
          "LEX": "CHANGE",
          "WNSENSE": "change%1:04:00::"
        },
        "start": 12,
        "end": 70
      },
      "V2124325": {
        "id": "V2124325",
        "indicator": "IMPRO",
        "type": "REFERENTIAL-SEM",
        "word": null,
        "roles": {
          "PROFORM": "SUBJ",
          "COREF": "#V2122297"
        },
        "start": 12,
        "end": 70
      },
      "V2122322": {
        "id": "V2122322",
        "indicator": "THE",
        "type": "FACT",
        "word": "FACT",
        "roles": {
          "FORMAL": "#V2122365",
          "LEX": "FACT",
          "WNSENSE": "fact%1:09:01::"
        },
        "start": 19,
        "end": 70
      },
      "V2122365": {
        "id": "V2122365",
        "indicator": "F",
        "type": "WANT",
        "word": "WANT",
        "roles": {
          "EXPERIENCER": "#V2122350",
          "FORMAL": "#V2122443",
          "PROP": "+",
          "TENSE": "PAST",
          "LEX": "WANTED",
          "WNSENSE": "want%2:37:00::"
        },
        "start": 28,
        "end": 70
      },
      "V2122350": {
        "id": "V2122350",
        "indicator": "PRO",
        "type": "PERSON",
        "word": "I",
        "roles": {
          "PROFORM": "I",
          "LEX": "I",
          "WNSENSE": "person%1:03:00",
          "COREF": "USER"
        },
        "start": 33,
        "end": 35
      },
      "V2122443": {
        "id": "V2122443",
        "indicator": "F",
        "type": "DISCUSS",
        "word": "TALK-ABOUT",
        "roles": {
          "AGENT": "#V2122350",
          "NEUTRAL": "#V2122463",
          "LOCATION": "#V2122493",
          "VFORM": "BASE",
          "LEX": "TALK-ABOUT",
          "WNSENSE": "talk_about%2:32:00"
        },
        "start": 42,
        "end": 70
      },
      "V2122463": {
        "id": "V2122463",
        "indicator": "PRO",
        "type": "REFERENTIAL-SEM",
        "word": "IT",
        "roles": {
          "PROFORM": "IT",
          "LEX": "IT",
          "WNSENSE": "entity%1:03:00"
        },
        "start": 56,
        "end": 59
      },
      "V2122493": {
        "id": "V2122493",
        "indicator": "F",
        "type": "AT-LOC",
        "word": "AT",
        "roles": {
          "GROUND": "#V2122575",
          "FIGURE": "#V2122443",
          "MOD": "#V2122481",
          "LEX": "AT"
        },
        "start": 59,
        "end": 70
      },
      "V2122481": {
        "id": "V2122481",
        "indicator": "F",
        "type": "NEG",
        "word": "NOT",
        "roles": {
          "FIGURE": "#V2122493",
          "LEX": "NOT",
          "WNSENSE": "not%4:02:00::"
        },
        "start": 59,
        "end": 63
      },
      "V2122575": {
        "id": "V2122575",
        "indicator": "INDEF-SET",
        "type": "REFERENTIAL-SEM",
        "word": null,
        "roles": {
          "SIZE": "UNIVERSAL",
          "LEX": "ALL"
        },
        "start": 66,
        "end": 70
      },
      "root": "#V2124324"
    },
    {
      "V2122938": {
        "id": "V2122938",
        "indicator": "SPEECHACT",
        "type": "SA_IDENTIFY",
        "word": null,
        "roles": {
          "CONTENT": "#V2122278",
          "LEX": "THAT"
        },
        "start": 0,
        "end": 5
      },
      "V2122278": {
        "id": "V2122278",
        "indicator": "PRO",
        "type": "REFERENTIAL-SEM",
        "word": "THAT",
        "roles": {
          "PROFORM": "THAT",
          "LEX": "THAT",
          "WNSENSE": "entity%1:03:00"
        },
        "start": 0,
        "end": 5
      },
      "root": "#V2122938"
    },
    {
      "V2123285": {
        "id": "V2123285",
        "indicator": "SPEECHACT",
        "type": "SA_IDENTIFY",
        "word": null,
        "roles": {
          "CONTENT": "#V2122297",
          "LEX": "T"
        },
        "start": 10,
        "end": 12
      },
      "V2122297": {
        "id": "V2122297",
        "indicator": "BARE",
        "type": "CHEMICAL",
        "word": "T",
        "roles": {
          "LEX": "T",
          "WNSENSE": "t%1:27:01::"
        },
        "start": 10,
        "end": 12
      },
      "root": "#V2123285"
    },
    {
      "V2125044": {
        "id": "V2125044",
        "indicator": "SPEECHACT",
        "type": "SA_TELL",
        "word": null,
        "roles": {
          "PUNCTYPE": "DECL",
          "CONTENT": "#V2122306",
          "LEX": "CHANGE"
        },
        "start": 12,
        "end": 71
      },
      "V2122306": {
        "id": "V2122306",
        "indicator": "F",
        "type": "CHANGE",
        "word": "CHANGE",
        "roles": {
          "AGENT": "#V2125045",
          "AFFECTED": "#V2122322",
          "TENSE": "PRES",
          "LEX": "CHANGE",
          "WNSENSE": "change%1:04:00::"
        },
        "start": 12,
        "end": 70
      },
      "V2125045": {
        "id": "V2125045",
        "indicator": "IMPRO",
        "type": "REFERENTIAL-SEM",
        "word": null,
        "roles": {
          "PROFORM": "SUBJ"
        },
        "start": 12,
        "end": 70
      },
      "V2122322": {
        "id": "V2122322",
        "indicator": "THE",
        "type": "FACT",
        "word": "FACT",
        "roles": {
          "FORMAL": "#V2122365",
          "LEX": "FACT",
          "WNSENSE": "fact%1:09:01::"
        },
        "start": 19,
        "end": 70
      },
      "V2122365": {
        "id": "V2122365",
        "indicator": "F",
        "type": "WANT",
        "word": "WANT",
        "roles": {
          "EXPERIENCER": "#V2122350",
          "FORMAL": "#V2122443",
          "PROP": "+",
          "TENSE": "PAST",
          "LEX": "WANTED",
          "WNSENSE": "want%2:37:00::"
        },
        "start": 28,
        "end": 70
      },
      "V2122350": {
        "id": "V2122350",
        "indicator": "PRO",
        "type": "PERSON",
        "word": "I",
        "roles": {
          "PROFORM": "I",
          "LEX": "I",
          "WNSENSE": "person%1:03:00"
        },
        "start": 33,
        "end": 35
      },
      "V2122443": {
        "id": "V2122443",
        "indicator": "F",
        "type": "DISCUSS",
        "word": "TALK-ABOUT",
        "roles": {
          "AGENT": "#V2122350",
          "NEUTRAL": "#V2122463",
          "TIME": "#V2122491",
          "VFORM": "BASE",
          "LEX": "TALK-ABOUT",
          "WNSENSE": "talk_about%2:32:00"
        },
        "start": 42,
        "end": 70
      },
      "V2122463": {
        "id": "V2122463",
        "indicator": "PRO",
        "type": "REFERENTIAL-SEM",
        "word": "IT",
        "roles": {
          "PROFORM": "IT",
          "LEX": "IT",
          "WNSENSE": "entity%1:03:00"
        },
        "start": 56,
        "end": 59
      },
      "V2122491": {
        "id": "V2122491",
        "indicator": "F",
        "type": "TIME-CLOCK-REL",
        "word": "AT",
        "roles": {
          "GROUND": "#V2122575",
          "FIGURE": "#V2122443",
          "MOD": "#V2122481",
          "LEX": "AT"
        },
        "start": 59,
        "end": 70
      },
      "V2122481": {
        "id": "V2122481",
        "indicator": "F",
        "type": "NEG",
        "word": "NOT",
        "roles": {
          "FIGURE": "#V2122491",
          "LEX": "NOT",
          "WNSENSE": "not%4:02:00::"
        },
        "start": 59,
        "end": 63
      },
      "V2122575": {
        "id": "V2122575",
        "indicator": "INDEF-SET",
        "type": "REFERENTIAL-SEM",
        "word": null,
        "roles": {
          "SIZE": "UNIVERSAL",
          "LEX": "ALL"
        },
        "start": 66,
        "end": 70
      },
      "root": "#V2125044"
    },
    {
      "V2122938": {
        "id": "V2122938",
        "indicator": "SPEECHACT",
        "type": "SA_IDENTIFY",
        "word": null,
        "roles": {
          "CONTENT": "#V2122278",
          "LEX": "THAT"
        },
        "start": 0,
        "end": 5
      },
      "V2122278": {
        "id": "V2122278",
        "indicator": "PRO",
        "type": "REFERENTIAL-SEM",
        "word": "THAT",
        "roles": {
          "PROFORM": "THAT",
          "LEX": "THAT",
          "WNSENSE": "entity%1:03:00"
        },
        "start": 0,
        "end": 5
      },
      "root": "#V2122938"
    },
    {
      "V2123285": {
        "id": "V2123285",
        "indicator": "SPEECHACT",
        "type": "SA_IDENTIFY",
        "word": null,
        "roles": {
          "CONTENT": "#V2122297",
          "LEX": "T"
        },
        "start": 10,
        "end": 12
      },
      "V2122297": {
        "id": "V2122297",
        "indicator": "BARE",
        "type": "CHEMICAL",
        "word": "T",
        "roles": {
          "LEX": "T",
          "WNSENSE": "t%1:27:01::"
        },
        "start": 10,
        "end": 12
      },
      "root": "#V2123285"
    },
    {
      "V2124689": {
        "id": "V2124689",
        "indicator": "SPEECHACT",
        "type": "SA_TELL",
        "word": null,
        "roles": {
          "PUNCTYPE": "DECL",
          "CONTENT": "#V2122306",
          "LEX": "CHANGE"
        },
        "start": 12,
        "end": 71
      },
      "V2122306": {
        "id": "V2122306",
        "indicator": "F",
        "type": "CHANGE",
        "word": "CHANGE",
        "roles": {
          "AGENT": "#V2124690",
          "AFFECTED": "#V2122322",
          "TENSE": "PRES",
          "LEX": "CHANGE",
          "WNSENSE": "change%1:04:00::"
        },
        "start": 12,
        "end": 70
      },
      "V2124690": {
        "id": "V2124690",
        "indicator": "IMPRO",
        "type": "REFERENTIAL-SEM",
        "word": null,
        "roles": {
          "PROFORM": "SUBJ"
        },
        "start": 12,
        "end": 70
      },
      "V2122322": {
        "id": "V2122322",
        "indicator": "THE",
        "type": "FACT",
        "word": "FACT",
        "roles": {
          "FORMAL": "#V2122365",
          "LEX": "FACT",
          "WNSENSE": "fact%1:09:01::"
        },
        "start": 19,
        "end": 70
      },
      "V2122365": {
        "id": "V2122365",
        "indicator": "F",
        "type": "WANT",
        "word": "WANT",
        "roles": {
          "EXPERIENCER": "#V2122350",
          "FORMAL": "#V2122443",
          "PROP": "+",
          "TENSE": "PAST",
          "LEX": "WANTED",
          "WNSENSE": "want%2:37:00::"
        },
        "start": 28,
        "end": 70
      },
      "V2122350": {
        "id": "V2122350",
        "indicator": "PRO",
        "type": "PERSON",
        "word": "I",
        "roles": {
          "PROFORM": "I",
          "LEX": "I",
          "WNSENSE": "person%1:03:00"
        },
        "start": 33,
        "end": 35
      },
      "V2122443": {
        "id": "V2122443",
        "indicator": "F",
        "type": "DISCUSS",
        "word": "TALK-ABOUT",
        "roles": {
          "AGENT": "#V2122350",
          "NEUTRAL": "#V2122463",
          "MOD": "#V2122494",
          "VFORM": "BASE",
          "LEX": "TALK-ABOUT",
          "WNSENSE": "talk_about%2:32:00"
        },
        "start": 42,
        "end": 70
      },
      "V2122463": {
        "id": "V2122463",
        "indicator": "PRO",
        "type": "REFERENTIAL-SEM",
        "word": "IT",
        "roles": {
          "PROFORM": "IT",
          "LEX": "IT",
          "WNSENSE": "entity%1:03:00"
        },
        "start": 56,
        "end": 59
      },
      "V2122494": {
        "id": "V2122494",
        "indicator": "F",
        "type": "RATE-REL",
        "word": "AT",
        "roles": {
          "GROUND": "#V2122575",
          "FIGURE": "#V2122443",
          "MOD": "#V2122481",
          "LEX": "AT"
        },
        "start": 59,
        "end": 70
      },
      "V2122481": {
        "id": "V2122481",
        "indicator": "F",
        "type": "NEG",
        "word": "NOT",
        "roles": {
          "FIGURE": "#V2122494",
          "LEX": "NOT",
          "WNSENSE": "not%4:02:00::"
        },
        "start": 59,
        "end": 63
      },
      "V2122575": {
        "id": "V2122575",
        "indicator": "INDEF-SET",
        "type": "REFERENTIAL-SEM",
        "word": null,
        "roles": {
          "SIZE": "UNIVERSAL",
          "LEX": "ALL"
        },
        "start": 66,
        "end": 70
      },
      "root": "#V2124689"
    },
    {
      "V2122938": {
        "id": "V2122938",
        "indicator": "SPEECHACT",
        "type": "SA_IDENTIFY",
        "word": null,
        "roles": {
          "CONTENT": "#V2122278",
          "LEX": "THAT"
        },
        "start": 0,
        "end": 5
      },
      "V2122278": {
        "id": "V2122278",
        "indicator": "PRO",
        "type": "REFERENTIAL-SEM",
        "word": "THAT",
        "roles": {
          "PROFORM": "THAT",
          "LEX": "THAT",
          "WNSENSE": "entity%1:03:00"
        },
        "start": 0,
        "end": 5
      },
      "root": "#V2122938"
    },
    {
      "V2123285": {
        "id": "V2123285",
        "indicator": "SPEECHACT",
        "type": "SA_IDENTIFY",
        "word": null,
        "roles": {
          "CONTENT": "#V2122297",
          "LEX": "T"
        },
        "start": 10,
        "end": 12
      },
      "V2122297": {
        "id": "V2122297",
        "indicator": "BARE",
        "type": "CHEMICAL",
        "word": "T",
        "roles": {
          "LEX": "T",
          "WNSENSE": "t%1:27:01::"
        },
        "start": 10,
        "end": 12
      },
      "root": "#V2123285"
    },
    {
      "V2125571": {
        "id": "V2125571",
        "indicator": "SPEECHACT",
        "type": "SA_TELL",
        "word": null,
        "roles": {
          "PUNCTYPE": "DECL",
          "CONTENT": "#V2122306",
          "LEX": "CHANGE"
        },
        "start": 12,
        "end": 71
      },
      "V2122306": {
        "id": "V2122306",
        "indicator": "F",
        "type": "CHANGE",
        "word": "CHANGE",
        "roles": {
          "AGENT": "#V2125572",
          "AFFECTED": "#V2122322",
          "TENSE": "PRES",
          "LEX": "CHANGE",
          "WNSENSE": "change%1:04:00::"
        },
        "start": 12,
        "end": 70
      },
      "V2125572": {
        "id": "V2125572",
        "indicator": "IMPRO",
        "type": "REFERENTIAL-SEM",
        "word": null,
        "roles": {
          "PROFORM": "SUBJ"
        },
        "start": 12,
        "end": 70
      },
      "V2122322": {
        "id": "V2122322",
        "indicator": "THE",
        "type": "FACT",
        "word": "FACT",
        "roles": {
          "FORMAL": "#V2122365",
          "LEX": "FACT",
          "WNSENSE": "fact%1:09:01::"
        },
        "start": 19,
        "end": 70
      },
      "V2122365": {
        "id": "V2122365",
        "indicator": "F",
        "type": "WANT",
        "word": "WANT",
        "roles": {
          "EXPERIENCER": "#V2122350",
          "FORMAL": "#V2122443",
          "PROP": "+",
          "TENSE": "PAST",
          "LEX": "WANTED",
          "WNSENSE": "want%2:37:00::"
        },
        "start": 28,
        "end": 70
      },
      "V2122350": {
        "id": "V2122350",
        "indicator": "PRO",
        "type": "PERSON",
        "word": "I",
        "roles": {
          "PROFORM": "I",
          "LEX": "I",
          "WNSENSE": "person%1:03:00"
        },
        "start": 33,
        "end": 35
      },
      "V2122443": {
        "id": "V2122443",
        "indicator": "F",
        "type": "DISCUSS",
        "word": "TALK-ABOUT",
        "roles": {
          "AGENT": "#V2122350",
          "NEUTRAL": "#V2122633",
          "LOCATION": "#V2122493",
          "VFORM": "BASE",
          "LEX": "TALK-ABOUT",
          "WNSENSE": "talk_about%2:32:00"
        },
        "start": 42,
        "end": 70
      },
      "V2122633": {
        "id": "V2122633",
        "indicator": "THE",
        "type": "QUANTITY-ABSTR",
        "word": null,
        "roles": {
          "FIGURE": "#V2122463"
        },
        "start": 56,
        "end": 59
      },
      "V2122463": {
        "id": "V2122463",
        "indicator": "PRO",
        "type": "REFERENTIAL-SEM",
        "word": "IT",
        "roles": {
          "PROFORM": "IT",
          "LEX": "IT",
          "WNSENSE": "entity%1:03:00"
        },
        "start": 56,
        "end": 59
      },
      "V2122493": {
        "id": "V2122493",
        "indicator": "F",
        "type": "AT-LOC",
        "word": "AT",
        "roles": {
          "GROUND": "#V2122575",
          "FIGURE": "#V2122443",
          "MOD": "#V2122481",
          "LEX": "AT"
        },
        "start": 59,
        "end": 70
      },
      "V2122481": {
        "id": "V2122481",
        "indicator": "F",
        "type": "NEG",
        "word": "NOT",
        "roles": {
          "FIGURE": "#V2122493",
          "LEX": "NOT",
          "WNSENSE": "not%4:02:00::"
        },
        "start": 59,
        "end": 63
      },
      "V2122575": {
        "id": "V2122575",
        "indicator": "INDEF-SET",
        "type": "REFERENTIAL-SEM",
        "word": null,
        "roles": {
          "SIZE": "UNIVERSAL",
          "LEX": "ALL"
        },
        "start": 66,
        "end": 70
      },
      "root": "#V2125571"
    },
    {
      "V2122938": {
        "id": "V2122938",
        "indicator": "SPEECHACT",
        "type": "SA_IDENTIFY",
        "word": null,
        "roles": {
          "CONTENT": "#V2122278",
          "LEX": "THAT"
        },
        "start": 0,
        "end": 5
      },
      "V2122278": {
        "id": "V2122278",
        "indicator": "PRO",
        "type": "REFERENTIAL-SEM",
        "word": "THAT",
        "roles": {
          "PROFORM": "THAT",
          "LEX": "THAT",
          "WNSENSE": "entity%1:03:00"
        },
        "start": 0,
        "end": 5
      },
      "root": "#V2122938"
    },
    {
      "V2123285": {
        "id": "V2123285",
        "indicator": "SPEECHACT",
        "type": "SA_IDENTIFY",
        "word": null,
        "roles": {
          "CONTENT": "#V2122297",
          "LEX": "T"
        },
        "start": 10,
        "end": 12
      },
      "V2122297": {
        "id": "V2122297",
        "indicator": "BARE",
        "type": "CHEMICAL",
        "word": "T",
        "roles": {
          "LEX": "T",
          "WNSENSE": "t%1:27:01::"
        },
        "start": 10,
        "end": 12
      },
      "root": "#V2123285"
    },
    {
      "V2126342": {
        "id": "V2126342",
        "indicator": "SPEECHACT",
        "type": "SA_TELL",
        "word": null,
        "roles": {
          "PUNCTYPE": "DECL",
          "CONTENT": "#V2122306",
          "LEX": "CHANGE"
        },
        "start": 12,
        "end": 71
      },
      "V2122306": {
        "id": "V2122306",
        "indicator": "F",
        "type": "CHANGE",
        "word": "CHANGE",
        "roles": {
          "AGENT": "#V2126343",
          "AFFECTED": "#V2122322",
          "TENSE": "PRES",
          "LEX": "CHANGE",
          "WNSENSE": "change%1:04:00::"
        },
        "start": 12,
        "end": 70
      },
      "V2126343": {
        "id": "V2126343",
        "indicator": "IMPRO",
        "type": "REFERENTIAL-SEM",
        "word": null,
        "roles": {
          "PROFORM": "SUBJ"
        },
        "start": 12,
        "end": 70
      },
      "V2122322": {
        "id": "V2122322",
        "indicator": "THE",
        "type": "FACT",
        "word": "FACT",
        "roles": {
          "FORMAL": "#V2122365",
          "LEX": "FACT",
          "WNSENSE": "fact%1:09:01::"
        },
        "start": 19,
        "end": 70
      },
      "V2122365": {
        "id": "V2122365",
        "indicator": "F",
        "type": "WANT",
        "word": "WANT",
        "roles": {
          "EXPERIENCER": "#V2122350",
          "FORMAL": "#V2122443",
          "PROP": "+",
          "TENSE": "PAST",
          "LEX": "WANTED",
          "WNSENSE": "want%2:37:00::"
        },
        "start": 28,
        "end": 70
      },
      "V2122350": {
        "id": "V2122350",
        "indicator": "PRO",
        "type": "PERSON",
        "word": "I",
        "roles": {
          "PROFORM": "I",
          "LEX": "I",
          "WNSENSE": "person%1:03:00"
        },
        "start": 33,
        "end": 35
      },
      "V2122443": {
        "id": "V2122443",
        "indicator": "F",
        "type": "DISCUSS",
        "word": "TALK-ABOUT",
        "roles": {
          "AGENT": "#V2122350",
          "NEUTRAL": "#V2122633",
          "TIME": "#V2122491",
          "VFORM": "BASE",
          "LEX": "TALK-ABOUT",
          "WNSENSE": "talk_about%2:32:00"
        },
        "start": 42,
        "end": 70
      },
      "V2122633": {
        "id": "V2122633",
        "indicator": "THE",
        "type": "QUANTITY-ABSTR",
        "word": null,
        "roles": {
          "FIGURE": "#V2122463"
        },
        "start": 56,
        "end": 59
      },
      "V2122463": {
        "id": "V2122463",
        "indicator": "PRO",
        "type": "REFERENTIAL-SEM",
        "word": "IT",
        "roles": {
          "PROFORM": "IT",
          "LEX": "IT",
          "WNSENSE": "entity%1:03:00"
        },
        "start": 56,
        "end": 59
      },
      "V2122491": {
        "id": "V2122491",
        "indicator": "F",
        "type": "TIME-CLOCK-REL",
        "word": "AT",
        "roles": {
          "GROUND": "#V2122575",
          "FIGURE": "#V2122443",
          "MOD": "#V2122481",
          "LEX": "AT"
        },
        "start": 59,
        "end": 70
      },
      "V2122481": {
        "id": "V2122481",
        "indicator": "F",
        "type": "NEG",
        "word": "NOT",
        "roles": {
          "FIGURE": "#V2122491",
          "LEX": "NOT",
          "WNSENSE": "not%4:02:00::"
        },
        "start": 59,
        "end": 63
      },
      "V2122575": {
        "id": "V2122575",
        "indicator": "INDEF-SET",
        "type": "REFERENTIAL-SEM",
        "word": null,
        "roles": {
          "SIZE": "UNIVERSAL",
          "LEX": "ALL"
        },
        "start": 66,
        "end": 70
      },
      "root": "#V2126342"
    },
    {
      "V2122938": {
        "id": "V2122938",
        "indicator": "SPEECHACT",
        "type": "SA_IDENTIFY",
        "word": null,
        "roles": {
          "CONTENT": "#V2122278",
          "LEX": "THAT"
        },
        "start": 0,
        "end": 5
      },
      "V2122278": {
        "id": "V2122278",
        "indicator": "PRO",
        "type": "REFERENTIAL-SEM",
        "word": "THAT",
        "roles": {
          "PROFORM": "THAT",
          "LEX": "THAT",
          "WNSENSE": "entity%1:03:00"
        },
        "start": 0,
        "end": 5
      },
      "root": "#V2122938"
    },
    {
      "V2123285": {
        "id": "V2123285",
        "indicator": "SPEECHACT",
        "type": "SA_IDENTIFY",
        "word": null,
        "roles": {
          "CONTENT": "#V2122297",
          "LEX": "T"
        },
        "start": 10,
        "end": 12
      },
      "V2122297": {
        "id": "V2122297",
        "indicator": "BARE",
        "type": "CHEMICAL",
        "word": "T",
        "roles": {
          "LEX": "T",
          "WNSENSE": "t%1:27:01::"
        },
        "start": 10,
        "end": 12
      },
      "root": "#V2123285"
    },
    {
      "V2125982": {
        "id": "V2125982",
        "indicator": "SPEECHACT",
        "type": "SA_TELL",
        "word": null,
        "roles": {
          "PUNCTYPE": "DECL",
          "CONTENT": "#V2122306",
          "LEX": "CHANGE"
        },
        "start": 12,
        "end": 71
      },
      "V2122306": {
        "id": "V2122306",
        "indicator": "F",
        "type": "CHANGE",
        "word": "CHANGE",
        "roles": {
          "AGENT": "#V2125983",
          "AFFECTED": "#V2122322",
          "TENSE": "PRES",
          "LEX": "CHANGE",
          "WNSENSE": "change%1:04:00::"
        },
        "start": 12,
        "end": 70
      },
      "V2125983": {
        "id": "V2125983",
        "indicator": "IMPRO",
        "type": "REFERENTIAL-SEM",
        "word": null,
        "roles": {
          "PROFORM": "SUBJ"
        },
        "start": 12,
        "end": 70
      },
      "V2122322": {
        "id": "V2122322",
        "indicator": "THE",
        "type": "FACT",
        "word": "FACT",
        "roles": {
          "FORMAL": "#V2122365",
          "LEX": "FACT",
          "WNSENSE": "fact%1:09:01::"
        },
        "start": 19,
        "end": 70
      },
      "V2122365": {
        "id": "V2122365",
        "indicator": "F",
        "type": "WANT",
        "word": "WANT",
        "roles": {
          "EXPERIENCER": "#V2122350",
          "FORMAL": "#V2122443",
          "PROP": "+",
          "TENSE": "PAST",
          "LEX": "WANTED",
          "WNSENSE": "want%2:37:00::"
        },
        "start": 28,
        "end": 70
      },
      "V2122350": {
        "id": "V2122350",
        "indicator": "PRO",
        "type": "PERSON",
        "word": "I",
        "roles": {
          "PROFORM": "I",
          "LEX": "I",
          "WNSENSE": "person%1:03:00"
        },
        "start": 33,
        "end": 35
      },
      "V2122443": {
        "id": "V2122443",
        "indicator": "F",
        "type": "DISCUSS",
        "word": "TALK-ABOUT",
        "roles": {
          "AGENT": "#V2122350",
          "NEUTRAL": "#V2122633",
          "MOD": "#V2122494",
          "VFORM": "BASE",
          "LEX": "TALK-ABOUT",
          "WNSENSE": "talk_about%2:32:00"
        },
        "start": 42,
        "end": 70
      },
      "V2122633": {
        "id": "V2122633",
        "indicator": "THE",
        "type": "QUANTITY-ABSTR",
        "word": null,
        "roles": {
          "FIGURE": "#V2122463"
        },
        "start": 56,
        "end": 59
      },
      "V2122463": {
        "id": "V2122463",
        "indicator": "PRO",
        "type": "REFERENTIAL-SEM",
        "word": "IT",
        "roles": {
          "PROFORM": "IT",
          "LEX": "IT",
          "WNSENSE": "entity%1:03:00"
        },
        "start": 56,
        "end": 59
      },
      "V2122494": {
        "id": "V2122494",
        "indicator": "F",
        "type": "RATE-REL",
        "word": "AT",
        "roles": {
          "GROUND": "#V2122575",
          "FIGURE": "#V2122443",
          "MOD": "#V2122481",
          "LEX": "AT"
        },
        "start": 59,
        "end": 70
      },
      "V2122481": {
        "id": "V2122481",
        "indicator": "F",
        "type": "NEG",
        "word": "NOT",
        "roles": {
          "FIGURE": "#V2122494",
          "LEX": "NOT",
          "WNSENSE": "not%4:02:00::"
        },
        "start": 59,
        "end": 63
      },
      "V2122575": {
        "id": "V2122575",
        "indicator": "INDEF-SET",
        "type": "REFERENTIAL-SEM",
        "word": null,
        "roles": {
          "SIZE": "UNIVERSAL",
          "LEX": "ALL"
        },
        "start": 66,
        "end": 70
      },
      "root": "#V2125982"
    },
    {
      "V2122938": {
        "id": "V2122938",
        "indicator": "SPEECHACT",
        "type": "SA_IDENTIFY",
        "word": null,
        "roles": {
          "CONTENT": "#V2122278",
          "LEX": "THAT"
        },
        "start": 0,
        "end": 5
      },
      "V2122278": {
        "id": "V2122278",
        "indicator": "PRO",
        "type": "REFERENTIAL-SEM",
        "word": "THAT",
        "roles": {
          "PROFORM": "THAT",
          "LEX": "THAT",
          "WNSENSE": "entity%1:03:00"
        },
        "start": 0,
        "end": 5
      },
      "root": "#V2122938"
    },
    {
      "V2123285": {
        "id": "V2123285",
        "indicator": "SPEECHACT",
        "type": "SA_IDENTIFY",
        "word": null,
        "roles": {
          "CONTENT": "#V2122297",
          "LEX": "T"
        },
        "start": 10,
        "end": 12
      },
      "V2122297": {
        "id": "V2122297",
        "indicator": "BARE",
        "type": "CHEMICAL",
        "word": "T",
        "roles": {
          "LEX": "T",
          "WNSENSE": "t%1:27:01::"
        },
        "start": 10,
        "end": 12
      },
      "root": "#V2123285"
    },
    {
      "V2126772": {
        "id": "V2126772",
        "indicator": "SPEECHACT",
        "type": "SA_TELL",
        "word": null,
        "roles": {
          "PUNCTYPE": "DECL",
          "CONTENT": "#V2122306",
          "LEX": "CHANGE"
        },
        "start": 12,
        "end": 71
      },
      "V2122306": {
        "id": "V2122306",
        "indicator": "F",
        "type": "CHANGE",
        "word": "CHANGE",
        "roles": {
          "AGENT": "#V2126773",
          "AFFECTED": "#V2122322",
          "TENSE": "PRES",
          "LEX": "CHANGE",
          "WNSENSE": "change%1:04:00::"
        },
        "start": 12,
        "end": 70
      },
      "V2126773": {
        "id": "V2126773",
        "indicator": "IMPRO",
        "type": "REFERENTIAL-SEM",
        "word": null,
        "roles": {
          "PROFORM": "SUBJ"
        },
        "start": 12,
        "end": 70
      },
      "V2122322": {
        "id": "V2122322",
        "indicator": "THE",
        "type": "FACT",
        "word": "FACT",
        "roles": {
          "FORMAL": "#V2122365",
          "LEX": "FACT",
          "WNSENSE": "fact%1:09:01::"
        },
        "start": 19,
        "end": 70
      },
      "V2122365": {
        "id": "V2122365",
        "indicator": "F",
        "type": "WANT",
        "word": "WANT",
        "roles": {
          "EXPERIENCER": "#V2122350",
          "FORMAL": "#V2122401",
          "PROP": "+",
          "TENSE": "PAST",
          "LEX": "WANTED",
          "WNSENSE": "want%2:37:00::"
        },
        "start": 28,
        "end": 70
      },
      "V2122350": {
        "id": "V2122350",
        "indicator": "PRO",
        "type": "PERSON",
        "word": "I",
        "roles": {
          "PROFORM": "I",
          "LEX": "I",
          "WNSENSE": "person%1:03:00"
        },
        "start": 33,
        "end": 35
      },
      "V2122401": {
        "id": "V2122401",
        "indicator": "F",
        "type": "TALK",
        "word": "TALK",
        "roles": {
          "AGENT": "#V2122350",
          "FORMAL": "#V2122633",
          "LOCATION": "#V2122493",
          "VFORM": "BASE",
          "LEX": "TALK",
          "WNSENSE": "talk%1:10:00::"
        },
        "start": 42,
        "end": 70
      },
      "V2122633": {
        "id": "V2122633",
        "indicator": "THE",
        "type": "QUANTITY-ABSTR",
        "word": null,
        "roles": {
          "FIGURE": "#V2122463",
          "LEX": "-"
        },
        "start": 50,
        "end": 59
      },
      "V2122463": {
        "id": "V2122463",
        "indicator": "PRO",
        "type": "REFERENTIAL-SEM",
        "word": "IT",
        "roles": {
          "PROFORM": "IT",
          "LEX": "IT",
          "WNSENSE": "entity%1:03:00"
        },
        "start": 56,
        "end": 59
      },
      "V2122493": {
        "id": "V2122493",
        "indicator": "F",
        "type": "AT-LOC",
        "word": "AT",
        "roles": {
          "GROUND": "#V2122575",
          "FIGURE": "#V2122401",
          "MOD": "#V2122481",
          "LEX": "AT"
        },
        "start": 59,
        "end": 70
      },
      "V2122481": {
        "id": "V2122481",
        "indicator": "F",
        "type": "NEG",
        "word": "NOT",
        "roles": {
          "FIGURE": "#V2122493",
          "LEX": "NOT",
          "WNSENSE": "not%4:02:00::"
        },
        "start": 59,
        "end": 63
      },
      "V2122575": {
        "id": "V2122575",
        "indicator": "INDEF-SET",
        "type": "REFERENTIAL-SEM",
        "word": null,
        "roles": {
          "SIZE": "UNIVERSAL",
          "LEX": "ALL"
        },
        "start": 66,
        "end": 70
      },
      "root": "#V2126772"
    },
    {
      "V2122938": {
        "id": "V2122938",
        "indicator": "SPEECHACT",
        "type": "SA_IDENTIFY",
        "word": null,
        "roles": {
          "CONTENT": "#V2122278",
          "LEX": "THAT"
        },
        "start": 0,
        "end": 5
      },
      "V2122278": {
        "id": "V2122278",
        "indicator": "PRO",
        "type": "REFERENTIAL-SEM",
        "word": "THAT",
        "roles": {
          "PROFORM": "THAT",
          "LEX": "THAT",
          "WNSENSE": "entity%1:03:00"
        },
        "start": 0,
        "end": 5
      },
      "root": "#V2122938"
    },
    {
      "V2123285": {
        "id": "V2123285",
        "indicator": "SPEECHACT",
        "type": "SA_IDENTIFY",
        "word": null,
        "roles": {
          "CONTENT": "#V2122297",
          "LEX": "T"
        },
        "start": 10,
        "end": 12
      },
      "V2122297": {
        "id": "V2122297",
        "indicator": "BARE",
        "type": "CHEMICAL",
        "word": "T",
        "roles": {
          "LEX": "T",
          "WNSENSE": "t%1:27:01::"
        },
        "start": 10,
        "end": 12
      },
      "root": "#V2123285"
    },
    {
      "V2127553": {
        "id": "V2127553",
        "indicator": "SPEECHACT",
        "type": "SA_TELL",
        "word": null,
        "roles": {
          "PUNCTYPE": "DECL",
          "CONTENT": "#V2122306",
          "LEX": "CHANGE"
        },
        "start": 12,
        "end": 71
      },
      "V2122306": {
        "id": "V2122306",
        "indicator": "F",
        "type": "CHANGE",
        "word": "CHANGE",
        "roles": {
          "AGENT": "#V2127554",
          "AFFECTED": "#V2122322",
          "TENSE": "PRES",
          "LEX": "CHANGE",
          "WNSENSE": "change%1:04:00::"
        },
        "start": 12,
        "end": 70
      },
      "V2127554": {
        "id": "V2127554",
        "indicator": "IMPRO",
        "type": "REFERENTIAL-SEM",
        "word": null,
        "roles": {
          "PROFORM": "SUBJ"
        },
        "start": 12,
        "end": 70
      },
      "V2122322": {
        "id": "V2122322",
        "indicator": "THE",
        "type": "FACT",
        "word": "FACT",
        "roles": {
          "FORMAL": "#V2122365",
          "LEX": "FACT",
          "WNSENSE": "fact%1:09:01::"
        },
        "start": 19,
        "end": 70
      },
      "V2122365": {
        "id": "V2122365",
        "indicator": "F",
        "type": "WANT",
        "word": "WANT",
        "roles": {
          "EXPERIENCER": "#V2122350",
          "FORMAL": "#V2122401",
          "PROP": "+",
          "TENSE": "PAST",
          "LEX": "WANTED",
          "WNSENSE": "want%2:37:00::"
        },
        "start": 28,
        "end": 70
      },
      "V2122350": {
        "id": "V2122350",
        "indicator": "PRO",
        "type": "PERSON",
        "word": "I",
        "roles": {
          "PROFORM": "I",
          "LEX": "I",
          "WNSENSE": "person%1:03:00"
        },
        "start": 33,
        "end": 35
      },
      "V2122401": {
        "id": "V2122401",
        "indicator": "F",
        "type": "TALK",
        "word": "TALK",
        "roles": {
          "AGENT": "#V2122350",
          "FORMAL": "#V2122633",
          "TIME": "#V2122491",
          "VFORM": "BASE",
          "LEX": "TALK",
          "WNSENSE": "talk%1:10:00::"
        },
        "start": 42,
        "end": 70
      },
      "V2122633": {
        "id": "V2122633",
        "indicator": "THE",
        "type": "QUANTITY-ABSTR",
        "word": null,
        "roles": {
          "FIGURE": "#V2122463",
          "LEX": "-"
        },
        "start": 50,
        "end": 59
      },
      "V2122463": {
        "id": "V2122463",
        "indicator": "PRO",
        "type": "REFERENTIAL-SEM",
        "word": "IT",
        "roles": {
          "PROFORM": "IT",
          "LEX": "IT",
          "WNSENSE": "entity%1:03:00"
        },
        "start": 56,
        "end": 59
      },
      "V2122491": {
        "id": "V2122491",
        "indicator": "F",
        "type": "TIME-CLOCK-REL",
        "word": "AT",
        "roles": {
          "GROUND": "#V2122575",
          "FIGURE": "#V2122401",
          "MOD": "#V2122481",
          "LEX": "AT"
        },
        "start": 59,
        "end": 70
      },
      "V2122481": {
        "id": "V2122481",
        "indicator": "F",
        "type": "NEG",
        "word": "NOT",
        "roles": {
          "FIGURE": "#V2122491",
          "LEX": "NOT",
          "WNSENSE": "not%4:02:00::"
        },
        "start": 59,
        "end": 63
      },
      "V2122575": {
        "id": "V2122575",
        "indicator": "INDEF-SET",
        "type": "REFERENTIAL-SEM",
        "word": null,
        "roles": {
          "SIZE": "UNIVERSAL",
          "LEX": "ALL"
        },
        "start": 66,
        "end": 70
      },
      "root": "#V2127553"
    },
    {
      "V2122938": {
        "id": "V2122938",
        "indicator": "SPEECHACT",
        "type": "SA_IDENTIFY",
        "word": null,
        "roles": {
          "CONTENT": "#V2122278",
          "LEX": "THAT"
        },
        "start": 0,
        "end": 5
      },
      "V2122278": {
        "id": "V2122278",
        "indicator": "PRO",
        "type": "REFERENTIAL-SEM",
        "word": "THAT",
        "roles": {
          "PROFORM": "THAT",
          "LEX": "THAT",
          "WNSENSE": "entity%1:03:00"
        },
        "start": 0,
        "end": 5
      },
      "root": "#V2122938"
    },
    {
      "V2123285": {
        "id": "V2123285",
        "indicator": "SPEECHACT",
        "type": "SA_IDENTIFY",
        "word": null,
        "roles": {
          "CONTENT": "#V2122297",
          "LEX": "T"
        },
        "start": 10,
        "end": 12
      },
      "V2122297": {
        "id": "V2122297",
        "indicator": "BARE",
        "type": "CHEMICAL",
        "word": "T",
        "roles": {
          "LEX": "T",
          "WNSENSE": "t%1:27:01::"
        },
        "start": 10,
        "end": 12
      },
      "root": "#V2123285"
    },
    {
      "V2127190": {
        "id": "V2127190",
        "indicator": "SPEECHACT",
        "type": "SA_TELL",
        "word": null,
        "roles": {
          "PUNCTYPE": "DECL",
          "CONTENT": "#V2122306",
          "LEX": "CHANGE"
        },
        "start": 12,
        "end": 71
      },
      "V2122306": {
        "id": "V2122306",
        "indicator": "F",
        "type": "CHANGE",
        "word": "CHANGE",
        "roles": {
          "AGENT": "#V2127191",
          "AFFECTED": "#V2122322",
          "TENSE": "PRES",
          "LEX": "CHANGE",
          "WNSENSE": "change%1:04:00::"
        },
        "start": 12,
        "end": 70
      },
      "V2127191": {
        "id": "V2127191",
        "indicator": "IMPRO",
        "type": "REFERENTIAL-SEM",
        "word": null,
        "roles": {
          "PROFORM": "SUBJ"
        },
        "start": 12,
        "end": 70
      },
      "V2122322": {
        "id": "V2122322",
        "indicator": "THE",
        "type": "FACT",
        "word": "FACT",
        "roles": {
          "FORMAL": "#V2122365",
          "LEX": "FACT",
          "WNSENSE": "fact%1:09:01::"
        },
        "start": 19,
        "end": 70
      },
      "V2122365": {
        "id": "V2122365",
        "indicator": "F",
        "type": "WANT",
        "word": "WANT",
        "roles": {
          "EXPERIENCER": "#V2122350",
          "FORMAL": "#V2122401",
          "PROP": "+",
          "TENSE": "PAST",
          "LEX": "WANTED",
          "WNSENSE": "want%2:37:00::"
        },
        "start": 28,
        "end": 70
      },
      "V2122350": {
        "id": "V2122350",
        "indicator": "PRO",
        "type": "PERSON",
        "word": "I",
        "roles": {
          "PROFORM": "I",
          "LEX": "I",
          "WNSENSE": "person%1:03:00"
        },
        "start": 33,
        "end": 35
      },
      "V2122401": {
        "id": "V2122401",
        "indicator": "F",
        "type": "TALK",
        "word": "TALK",
        "roles": {
          "AGENT": "#V2122350",
          "FORMAL": "#V2122633",
          "MOD": "#V2122494",
          "VFORM": "BASE",
          "LEX": "TALK",
          "WNSENSE": "talk%1:10:00::"
        },
        "start": 42,
        "end": 70
      },
      "V2122633": {
        "id": "V2122633",
        "indicator": "THE",
        "type": "QUANTITY-ABSTR",
        "word": null,
        "roles": {
          "FIGURE": "#V2122463",
          "LEX": "-"
        },
        "start": 50,
        "end": 59
      },
      "V2122463": {
        "id": "V2122463",
        "indicator": "PRO",
        "type": "REFERENTIAL-SEM",
        "word": "IT",
        "roles": {
          "PROFORM": "IT",
          "LEX": "IT",
          "WNSENSE": "entity%1:03:00"
        },
        "start": 56,
        "end": 59
      },
      "V2122494": {
        "id": "V2122494",
        "indicator": "F",
        "type": "RATE-REL",
        "word": "AT",
        "roles": {
          "GROUND": "#V2122575",
          "FIGURE": "#V2122401",
          "MOD": "#V2122481",
          "LEX": "AT"
        },
        "start": 59,
        "end": 70
      },
      "V2122481": {
        "id": "V2122481",
        "indicator": "F",
        "type": "NEG",
        "word": "NOT",
        "roles": {
          "FIGURE": "#V2122494",
          "LEX": "NOT",
          "WNSENSE": "not%4:02:00::"
        },
        "start": 59,
        "end": 63
      },
      "V2122575": {
        "id": "V2122575",
        "indicator": "INDEF-SET",
        "type": "REFERENTIAL-SEM",
        "word": null,
        "roles": {
          "SIZE": "UNIVERSAL",
          "LEX": "ALL"
        },
        "start": 66,
        "end": 70
      },
      "root": "#V2127190"
    },
    {
      "V2122938": {
        "id": "V2122938",
        "indicator": "SPEECHACT",
        "type": "SA_IDENTIFY",
        "word": null,
        "roles": {
          "CONTENT": "#V2122278",
          "LEX": "THAT"
        },
        "start": 0,
        "end": 5
      },
      "V2122278": {
        "id": "V2122278",
        "indicator": "PRO",
        "type": "REFERENTIAL-SEM",
        "word": "THAT",
        "roles": {
          "PROFORM": "THAT",
          "LEX": "THAT",
          "WNSENSE": "entity%1:03:00"
        },
        "start": 0,
        "end": 5
      },
      "root": "#V2122938"
    },
    {
      "V2123285": {
        "id": "V2123285",
        "indicator": "SPEECHACT",
        "type": "SA_IDENTIFY",
        "word": null,
        "roles": {
          "CONTENT": "#V2122297",
          "LEX": "T"
        },
        "start": 10,
        "end": 12
      },
      "V2122297": {
        "id": "V2122297",
        "indicator": "BARE",
        "type": "CHEMICAL",
        "word": "T",
        "roles": {
          "LEX": "T",
          "WNSENSE": "t%1:27:01::"
        },
        "start": 10,
        "end": 12
      },
      "root": "#V2123285"
    },
    {
      "V2128592": {
        "id": "V2128592",
        "indicator": "SPEECHACT",
        "type": "SA_TELL",
        "word": null,
        "roles": {
          "PUNCTYPE": "DECL",
          "CONTENT": "#V2122306",
          "LEX": "CHANGE"
        },
        "start": 12,
        "end": 71
      },
      "V2122306": {
        "id": "V2122306",
        "indicator": "F",
        "type": "CHANGE",
        "word": "CHANGE",
        "roles": {
          "AGENT": "#V2128593",
          "AFFECTED": "#V2122322",
          "TENSE": "PRES",
          "LEX": "CHANGE",
          "WNSENSE": "change%1:04:00::"
        },
        "start": 12,
        "end": 70
      },
      "V2128593": {
        "id": "V2128593",
        "indicator": "IMPRO",
        "type": "REFERENTIAL-SEM",
        "word": null,
        "roles": {
          "PROFORM": "SUBJ"
        },
        "start": 12,
        "end": 70
      },
      "V2122322": {
        "id": "V2122322",
        "indicator": "THE",
        "type": "FACT",
        "word": "FACT",
        "roles": {
          "FORMAL": "#V2122365",
          "LEX": "FACT",
          "WNSENSE": "fact%1:09:01::"
        },
        "start": 19,
        "end": 70
      },
      "V2122365": {
        "id": "V2122365",
        "indicator": "F",
        "type": "WANT",
        "word": "WANT",
        "roles": {
          "EXPERIENCER": "#V2122350",
          "FORMAL": "#V2122443",
          "PROP": "+",
          "TENSE": "PAST",
          "LEX": "WANTED",
          "WNSENSE": "want%2:37:00::"
        },
        "start": 28,
        "end": 70
      },
      "V2122350": {
        "id": "V2122350",
        "indicator": "PRO",
        "type": "PERSON",
        "word": "I",
        "roles": {
          "PROFORM": "I",
          "LEX": "I",
          "WNSENSE": "person%1:03:00"
        },
        "start": 33,
        "end": 35
      },
      "V2122443": {
        "id": "V2122443",
        "indicator": "F",
        "type": "DISCUSS",
        "word": "TALK-ABOUT",
        "roles": {
          "AGENT": "#V2122350",
          "NEUTRAL": "#V2122463",
          "MOD": "#V2122492",
          "VFORM": "BASE",
          "LEX": "TALK-ABOUT",
          "WNSENSE": "talk_about%2:32:00"
        },
        "start": 42,
        "end": 70
      },
      "V2122463": {
        "id": "V2122463",
        "indicator": "PRO",
        "type": "REFERENTIAL-SEM",
        "word": "IT",
        "roles": {
          "PROFORM": "IT",
          "LEX": "IT",
          "WNSENSE": "entity%1:03:00"
        },
        "start": 56,
        "end": 59
      },
      "V2122492": {
        "id": "V2122492",
        "indicator": "F",
        "type": "SITUATED-IN",
        "word": "AT",
        "roles": {
          "GROUND": "#V2122575",
          "FIGURE": "#V2122443",
          "MOD": "#V2122481",
          "LEX": "AT"
        },
        "start": 59,
        "end": 70
      },
      "V2122481": {
        "id": "V2122481",
        "indicator": "F",
        "type": "NEG",
        "word": "NOT",
        "roles": {
          "FIGURE": "#V2122492",
          "LEX": "NOT",
          "WNSENSE": "not%4:02:00::"
        },
        "start": 59,
        "end": 63
      },
      "V2122575": {
        "id": "V2122575",
        "indicator": "INDEF-SET",
        "type": "REFERENTIAL-SEM",
        "word": null,
        "roles": {
          "SIZE": "UNIVERSAL",
          "LEX": "ALL"
        },
        "start": 66,
        "end": 70
      },
      "root": "#V2128592"
    },
    {
      "V2122938": {
        "id": "V2122938",
        "indicator": "SPEECHACT",
        "type": "SA_IDENTIFY",
        "word": null,
        "roles": {
          "CONTENT": "#V2122278",
          "LEX": "THAT"
        },
        "start": 0,
        "end": 5
      },
      "V2122278": {
        "id": "V2122278",
        "indicator": "PRO",
        "type": "REFERENTIAL-SEM",
        "word": "THAT",
        "roles": {
          "PROFORM": "THAT",
          "LEX": "THAT",
          "WNSENSE": "entity%1:03:00"
        },
        "start": 0,
        "end": 5
      },
      "root": "#V2122938"
    },
    {
      "V2123285": {
        "id": "V2123285",
        "indicator": "SPEECHACT",
        "type": "SA_IDENTIFY",
        "word": null,
        "roles": {
          "CONTENT": "#V2122297",
          "LEX": "T"
        },
        "start": 10,
        "end": 12
      },
      "V2122297": {
        "id": "V2122297",
        "indicator": "BARE",
        "type": "CHEMICAL",
        "word": "T",
        "roles": {
          "LEX": "T",
          "WNSENSE": "t%1:27:01::"
        },
        "start": 10,
        "end": 12
      },
      "root": "#V2123285"
    },
    {
      "V2128959": {
        "id": "V2128959",
        "indicator": "SPEECHACT",
        "type": "SA_TELL",
        "word": null,
        "roles": {
          "PUNCTYPE": "DECL",
          "CONTENT": "#V2122306",
          "LEX": "CHANGE"
        },
        "start": 12,
        "end": 71
      },
      "V2122306": {
        "id": "V2122306",
        "indicator": "F",
        "type": "CHANGE",
        "word": "CHANGE",
        "roles": {
          "AGENT": "#V2128960",
          "AFFECTED": "#V2122322",
          "TENSE": "PRES",
          "LEX": "CHANGE",
          "WNSENSE": "change%1:04:00::"
        },
        "start": 12,
        "end": 70
      },
      "V2128960": {
        "id": "V2128960",
        "indicator": "IMPRO",
        "type": "REFERENTIAL-SEM",
        "word": null,
        "roles": {
          "PROFORM": "SUBJ"
        },
        "start": 12,
        "end": 70
      },
      "V2122322": {
        "id": "V2122322",
        "indicator": "THE",
        "type": "FACT",
        "word": "FACT",
        "roles": {
          "FORMAL": "#V2122365",
          "LEX": "FACT",
          "WNSENSE": "fact%1:09:01::"
        },
        "start": 19,
        "end": 70
      },
      "V2122365": {
        "id": "V2122365",
        "indicator": "F",
        "type": "WANT",
        "word": "WANT",
        "roles": {
          "EXPERIENCER": "#V2122350",
          "FORMAL": "#V2122443",
          "PROP": "+",
          "TENSE": "PAST",
          "LEX": "WANTED",
          "WNSENSE": "want%2:37:00::"
        },
        "start": 28,
        "end": 70
      },
      "V2122350": {
        "id": "V2122350",
        "indicator": "PRO",
        "type": "PERSON",
        "word": "I",
        "roles": {
          "PROFORM": "I",
          "LEX": "I",
          "WNSENSE": "person%1:03:00"
        },
        "start": 33,
        "end": 35
      },
      "V2122443": {
        "id": "V2122443",
        "indicator": "F",
        "type": "DISCUSS",
        "word": "TALK-ABOUT",
        "roles": {
          "AGENT": "#V2122350",
          "NEUTRAL": "#V2122719",
          "LOCATION": "#V2122493",
          "VFORM": "BASE",
          "LEX": "TALK-ABOUT",
          "WNSENSE": "talk_about%2:32:00"
        },
        "start": 42,
        "end": 70
      },
      "V2122719": {
        "id": "V2122719",
        "indicator": "THE",
        "type": "QUANTITY-ABSTR",
        "word": null,
        "roles": {
          "FIGURE": "#V2122464"
        },
        "start": 56,
        "end": 59
      },
      "V2122464": {
        "id": "V2122464",
        "indicator": "PRO",
        "type": "EXPLETIVE",
        "word": null,
        "roles": {
          "PROFORM": "IT",
          "LEX": "IT"
        },
        "start": 56,
        "end": 59
      },
      "V2122493": {
        "id": "V2122493",
        "indicator": "F",
        "type": "AT-LOC",
        "word": "AT",
        "roles": {
          "GROUND": "#V2122575",
          "FIGURE": "#V2122443",
          "MOD": "#V2122481",
          "LEX": "AT"
        },
        "start": 59,
        "end": 70
      },
      "V2122481": {
        "id": "V2122481",
        "indicator": "F",
        "type": "NEG",
        "word": "NOT",
        "roles": {
          "FIGURE": "#V2122493",
          "LEX": "NOT",
          "WNSENSE": "not%4:02:00::"
        },
        "start": 59,
        "end": 63
      },
      "V2122575": {
        "id": "V2122575",
        "indicator": "INDEF-SET",
        "type": "REFERENTIAL-SEM",
        "word": null,
        "roles": {
          "SIZE": "UNIVERSAL",
          "LEX": "ALL"
        },
        "start": 66,
        "end": 70
      },
      "root": "#V2128959"
    },
    {
      "V2122938": {
        "id": "V2122938",
        "indicator": "SPEECHACT",
        "type": "SA_IDENTIFY",
        "word": null,
        "roles": {
          "CONTENT": "#V2122278",
          "LEX": "THAT"
        },
        "start": 0,
        "end": 5
      },
      "V2122278": {
        "id": "V2122278",
        "indicator": "PRO",
        "type": "REFERENTIAL-SEM",
        "word": "THAT",
        "roles": {
          "PROFORM": "THAT",
          "LEX": "THAT",
          "WNSENSE": "entity%1:03:00"
        },
        "start": 0,
        "end": 5
      },
      "root": "#V2122938"
    },
    {
      "V2123285": {
        "id": "V2123285",
        "indicator": "SPEECHACT",
        "type": "SA_IDENTIFY",
        "word": null,
        "roles": {
          "CONTENT": "#V2122297",
          "LEX": "T"
        },
        "start": 10,
        "end": 12
      },
      "V2122297": {
        "id": "V2122297",
        "indicator": "BARE",
        "type": "CHEMICAL",
        "word": "T",
        "roles": {
          "LEX": "T",
          "WNSENSE": "t%1:27:01::"
        },
        "start": 10,
        "end": 12
      },
      "root": "#V2123285"
    },
    {
      "V2129830": {
        "id": "V2129830",
        "indicator": "SPEECHACT",
        "type": "SA_TELL",
        "word": null,
        "roles": {
          "PUNCTYPE": "DECL",
          "CONTENT": "#V2122306",
          "LEX": "CHANGE"
        },
        "start": 12,
        "end": 71
      },
      "V2122306": {
        "id": "V2122306",
        "indicator": "F",
        "type": "CHANGE",
        "word": "CHANGE",
        "roles": {
          "AGENT": "#V2129831",
          "AFFECTED": "#V2122322",
          "TENSE": "PRES",
          "LEX": "CHANGE",
          "WNSENSE": "change%1:04:00::"
        },
        "start": 12,
        "end": 70
      },
      "V2129831": {
        "id": "V2129831",
        "indicator": "IMPRO",
        "type": "REFERENTIAL-SEM",
        "word": null,
        "roles": {
          "PROFORM": "SUBJ"
        },
        "start": 12,
        "end": 70
      },
      "V2122322": {
        "id": "V2122322",
        "indicator": "THE",
        "type": "FACT",
        "word": "FACT",
        "roles": {
          "FORMAL": "#V2122365",
          "LEX": "FACT",
          "WNSENSE": "fact%1:09:01::"
        },
        "start": 19,
        "end": 70
      },
      "V2122365": {
        "id": "V2122365",
        "indicator": "F",
        "type": "WANT",
        "word": "WANT",
        "roles": {
          "EXPERIENCER": "#V2122350",
          "FORMAL": "#V2122443",
          "PROP": "+",
          "TENSE": "PAST",
          "LEX": "WANTED",
          "WNSENSE": "want%2:37:00::"
        },
        "start": 28,
        "end": 70
      },
      "V2122350": {
        "id": "V2122350",
        "indicator": "PRO",
        "type": "PERSON",
        "word": "I",
        "roles": {
          "PROFORM": "I",
          "LEX": "I",
          "WNSENSE": "person%1:03:00"
        },
        "start": 33,
        "end": 35
      },
      "V2122443": {
        "id": "V2122443",
        "indicator": "F",
        "type": "DISCUSS",
        "word": "TALK-ABOUT",
        "roles": {
          "AGENT": "#V2122350",
          "NEUTRAL": "#V2122719",
          "TIME": "#V2122491",
          "VFORM": "BASE",
          "LEX": "TALK-ABOUT",
          "WNSENSE": "talk_about%2:32:00"
        },
        "start": 42,
        "end": 70
      },
      "V2122719": {
        "id": "V2122719",
        "indicator": "THE",
        "type": "QUANTITY-ABSTR",
        "word": null,
        "roles": {
          "FIGURE": "#V2122464"
        },
        "start": 56,
        "end": 59
      },
      "V2122464": {
        "id": "V2122464",
        "indicator": "PRO",
        "type": "EXPLETIVE",
        "word": null,
        "roles": {
          "PROFORM": "IT",
          "LEX": "IT"
        },
        "start": 56,
        "end": 59
      },
      "V2122491": {
        "id": "V2122491",
        "indicator": "F",
        "type": "TIME-CLOCK-REL",
        "word": "AT",
        "roles": {
          "GROUND": "#V2122575",
          "FIGURE": "#V2122443",
          "MOD": "#V2122481",
          "LEX": "AT"
        },
        "start": 59,
        "end": 70
      },
      "V2122481": {
        "id": "V2122481",
        "indicator": "F",
        "type": "NEG",
        "word": "NOT",
        "roles": {
          "FIGURE": "#V2122491",
          "LEX": "NOT",
          "WNSENSE": "not%4:02:00::"
        },
        "start": 59,
        "end": 63
      },
      "V2122575": {
        "id": "V2122575",
        "indicator": "INDEF-SET",
        "type": "REFERENTIAL-SEM",
        "word": null,
        "roles": {
          "SIZE": "UNIVERSAL",
          "LEX": "ALL"
        },
        "start": 66,
        "end": 70
      },
      "root": "#V2129830"
    },
    {
      "V2122938": {
        "id": "V2122938",
        "indicator": "SPEECHACT",
        "type": "SA_IDENTIFY",
        "word": null,
        "roles": {
          "CONTENT": "#V2122278",
          "LEX": "THAT"
        },
        "start": 0,
        "end": 5
      },
      "V2122278": {
        "id": "V2122278",
        "indicator": "PRO",
        "type": "REFERENTIAL-SEM",
        "word": "THAT",
        "roles": {
          "PROFORM": "THAT",
          "LEX": "THAT",
          "WNSENSE": "entity%1:03:00"
        },
        "start": 0,
        "end": 5
      },
      "root": "#V2122938"
    },
    {
      "V2123285": {
        "id": "V2123285",
        "indicator": "SPEECHACT",
        "type": "SA_IDENTIFY",
        "word": null,
        "roles": {
          "CONTENT": "#V2122297",
          "LEX": "T"
        },
        "start": 10,
        "end": 12
      },
      "V2122297": {
        "id": "V2122297",
        "indicator": "BARE",
        "type": "CHEMICAL",
        "word": "T",
        "roles": {
          "LEX": "T",
          "WNSENSE": "t%1:27:01::"
        },
        "start": 10,
        "end": 12
      },
      "root": "#V2123285"
    },
    {
      "V2129465": {
        "id": "V2129465",
        "indicator": "SPEECHACT",
        "type": "SA_TELL",
        "word": null,
        "roles": {
          "PUNCTYPE": "DECL",
          "CONTENT": "#V2122306",
          "LEX": "CHANGE"
        },
        "start": 12,
        "end": 71
      },
      "V2122306": {
        "id": "V2122306",
        "indicator": "F",
        "type": "CHANGE",
        "word": "CHANGE",
        "roles": {
          "AGENT": "#V2129466",
          "AFFECTED": "#V2122322",
          "TENSE": "PRES",
          "LEX": "CHANGE",
          "WNSENSE": "change%1:04:00::"
        },
        "start": 12,
        "end": 70
      },
      "V2129466": {
        "id": "V2129466",
        "indicator": "IMPRO",
        "type": "REFERENTIAL-SEM",
        "word": null,
        "roles": {
          "PROFORM": "SUBJ"
        },
        "start": 12,
        "end": 70
      },
      "V2122322": {
        "id": "V2122322",
        "indicator": "THE",
        "type": "FACT",
        "word": "FACT",
        "roles": {
          "FORMAL": "#V2122365",
          "LEX": "FACT",
          "WNSENSE": "fact%1:09:01::"
        },
        "start": 19,
        "end": 70
      },
      "V2122365": {
        "id": "V2122365",
        "indicator": "F",
        "type": "WANT",
        "word": "WANT",
        "roles": {
          "EXPERIENCER": "#V2122350",
          "FORMAL": "#V2122443",
          "PROP": "+",
          "TENSE": "PAST",
          "LEX": "WANTED",
          "WNSENSE": "want%2:37:00::"
        },
        "start": 28,
        "end": 70
      },
      "V2122350": {
        "id": "V2122350",
        "indicator": "PRO",
        "type": "PERSON",
        "word": "I",
        "roles": {
          "PROFORM": "I",
          "LEX": "I",
          "WNSENSE": "person%1:03:00"
        },
        "start": 33,
        "end": 35
      },
      "V2122443": {
        "id": "V2122443",
        "indicator": "F",
        "type": "DISCUSS",
        "word": "TALK-ABOUT",
        "roles": {
          "AGENT": "#V2122350",
          "NEUTRAL": "#V2122719",
          "MOD": "#V2122494",
          "VFORM": "BASE",
          "LEX": "TALK-ABOUT",
          "WNSENSE": "talk_about%2:32:00"
        },
        "start": 42,
        "end": 70
      },
      "V2122719": {
        "id": "V2122719",
        "indicator": "THE",
        "type": "QUANTITY-ABSTR",
        "word": null,
        "roles": {
          "FIGURE": "#V2122464"
        },
        "start": 56,
        "end": 59
      },
      "V2122464": {
        "id": "V2122464",
        "indicator": "PRO",
        "type": "EXPLETIVE",
        "word": null,
        "roles": {
          "PROFORM": "IT",
          "LEX": "IT"
        },
        "start": 56,
        "end": 59
      },
      "V2122494": {
        "id": "V2122494",
        "indicator": "F",
        "type": "RATE-REL",
        "word": "AT",
        "roles": {
          "GROUND": "#V2122575",
          "FIGURE": "#V2122443",
          "MOD": "#V2122481",
          "LEX": "AT"
        },
        "start": 59,
        "end": 70
      },
      "V2122481": {
        "id": "V2122481",
        "indicator": "F",
        "type": "NEG",
        "word": "NOT",
        "roles": {
          "FIGURE": "#V2122494",
          "LEX": "NOT",
          "WNSENSE": "not%4:02:00::"
        },
        "start": 59,
        "end": 63
      },
      "V2122575": {
        "id": "V2122575",
        "indicator": "INDEF-SET",
        "type": "REFERENTIAL-SEM",
        "word": null,
        "roles": {
          "SIZE": "UNIVERSAL",
          "LEX": "ALL"
        },
        "start": 66,
        "end": 70
      },
      "root": "#V2129465"
    },
    {
      "V2122938": {
        "id": "V2122938",
        "indicator": "SPEECHACT",
        "type": "SA_IDENTIFY",
        "word": null,
        "roles": {
          "CONTENT": "#V2122278",
          "LEX": "THAT"
        },
        "start": 0,
        "end": 5
      },
      "V2122278": {
        "id": "V2122278",
        "indicator": "PRO",
        "type": "REFERENTIAL-SEM",
        "word": "THAT",
        "roles": {
          "PROFORM": "THAT",
          "LEX": "THAT",
          "WNSENSE": "entity%1:03:00"
        },
        "start": 0,
        "end": 5
      },
      "root": "#V2122938"
    },
    {
      "V2123285": {
        "id": "V2123285",
        "indicator": "SPEECHACT",
        "type": "SA_IDENTIFY",
        "word": null,
        "roles": {
          "CONTENT": "#V2122297",
          "LEX": "T"
        },
        "start": 10,
        "end": 12
      },
      "V2122297": {
        "id": "V2122297",
        "indicator": "BARE",
        "type": "CHEMICAL",
        "word": "T",
        "roles": {
          "LEX": "T",
          "WNSENSE": "t%1:27:01::"
        },
        "start": 10,
        "end": 12
      },
      "root": "#V2123285"
    },
    {
      "V2130209": {
        "id": "V2130209",
        "indicator": "SPEECHACT",
        "type": "SA_TELL",
        "word": null,
        "roles": {
          "PUNCTYPE": "DECL",
          "CONTENT": "#V2122306",
          "LEX": "CHANGE"
        },
        "start": 12,
        "end": 71
      },
      "V2122306": {
        "id": "V2122306",
        "indicator": "F",
        "type": "CHANGE",
        "word": "CHANGE",
        "roles": {
          "AGENT": "#V2130210",
          "AFFECTED": "#V2122322",
          "TENSE": "PRES",
          "LEX": "CHANGE",
          "WNSENSE": "change%1:04:00::"
        },
        "start": 12,
        "end": 70
      },
      "V2130210": {
        "id": "V2130210",
        "indicator": "IMPRO",
        "type": "REFERENTIAL-SEM",
        "word": null,
        "roles": {
          "PROFORM": "SUBJ"
        },
        "start": 12,
        "end": 70
      },
      "V2122322": {
        "id": "V2122322",
        "indicator": "THE",
        "type": "FACT",
        "word": "FACT",
        "roles": {
          "FORMAL": "#V2122365",
          "LEX": "FACT",
          "WNSENSE": "fact%1:09:01::"
        },
        "start": 19,
        "end": 70
      },
      "V2122365": {
        "id": "V2122365",
        "indicator": "F",
        "type": "WANT",
        "word": "WANT",
        "roles": {
          "EXPERIENCER": "#V2122350",
          "FORMAL": "#V2122401",
          "PROP": "+",
          "TENSE": "PAST",
          "LEX": "WANTED",
          "WNSENSE": "want%2:37:00::"
        },
        "start": 28,
        "end": 70
      },
      "V2122350": {
        "id": "V2122350",
        "indicator": "PRO",
        "type": "PERSON",
        "word": "I",
        "roles": {
          "PROFORM": "I",
          "LEX": "I",
          "WNSENSE": "person%1:03:00"
        },
        "start": 33,
        "end": 35
      },
      "V2122401": {
        "id": "V2122401",
        "indicator": "F",
        "type": "TALK",
        "word": "TALK",
        "roles": {
          "AGENT": "#V2122350",
          "FORMAL": "#V2122463",
          "LOCATION": "#V2122493",
          "VFORM": "BASE",
          "LEX": "TALK",
          "WNSENSE": "talk%1:10:00::"
        },
        "start": 42,
        "end": 70
      },
      "V2122463": {
        "id": "V2122463",
        "indicator": "PRO",
        "type": "REFERENTIAL-SEM",
        "word": "IT",
        "roles": {
          "PROFORM": "IT",
          "LEX": "IT",
          "WNSENSE": "entity%1:03:00"
        },
        "start": 50,
        "end": 59
      },
      "V2122493": {
        "id": "V2122493",
        "indicator": "F",
        "type": "AT-LOC",
        "word": "AT",
        "roles": {
          "GROUND": "#V2122575",
          "FIGURE": "#V2122401",
          "MOD": "#V2122481",
          "LEX": "AT"
        },
        "start": 59,
        "end": 70
      },
      "V2122481": {
        "id": "V2122481",
        "indicator": "F",
        "type": "NEG",
        "word": "NOT",
        "roles": {
          "FIGURE": "#V2122493",
          "LEX": "NOT",
          "WNSENSE": "not%4:02:00::"
        },
        "start": 59,
        "end": 63
      },
      "V2122575": {
        "id": "V2122575",
        "indicator": "INDEF-SET",
        "type": "REFERENTIAL-SEM",
        "word": null,
        "roles": {
          "SIZE": "UNIVERSAL",
          "LEX": "ALL"
        },
        "start": 66,
        "end": 70
      },
      "root": "#V2130209"
    },
    {
      "V2122938": {
        "id": "V2122938",
        "indicator": "SPEECHACT",
        "type": "SA_IDENTIFY",
        "word": null,
        "roles": {
          "CONTENT": "#V2122278",
          "LEX": "THAT"
        },
        "start": 0,
        "end": 5
      },
      "V2122278": {
        "id": "V2122278",
        "indicator": "PRO",
        "type": "REFERENTIAL-SEM",
        "word": "THAT",
        "roles": {
          "PROFORM": "THAT",
          "LEX": "THAT",
          "WNSENSE": "entity%1:03:00"
        },
        "start": 0,
        "end": 5
      },
      "root": "#V2122938"
    },
    {
      "V2123285": {
        "id": "V2123285",
        "indicator": "SPEECHACT",
        "type": "SA_IDENTIFY",
        "word": null,
        "roles": {
          "CONTENT": "#V2122297",
          "LEX": "T"
        },
        "start": 10,
        "end": 12
      },
      "V2122297": {
        "id": "V2122297",
        "indicator": "BARE",
        "type": "CHEMICAL",
        "word": "T",
        "roles": {
          "LEX": "T",
          "WNSENSE": "t%1:27:01::"
        },
        "start": 10,
        "end": 12
      },
      "root": "#V2123285"
    },
    {
      "V2131218": {
        "id": "V2131218",
        "indicator": "SPEECHACT",
        "type": "SA_TELL",
        "word": null,
        "roles": {
          "PUNCTYPE": "DECL",
          "CONTENT": "#V2122306",
          "LEX": "CHANGE"
        },
        "start": 12,
        "end": 71
      },
      "V2122306": {
        "id": "V2122306",
        "indicator": "F",
        "type": "CHANGE",
        "word": "CHANGE",
        "roles": {
          "AGENT": "#V2131219",
          "AFFECTED": "#V2122322",
          "TENSE": "PRES",
          "LEX": "CHANGE",
          "WNSENSE": "change%1:04:00::"
        },
        "start": 12,
        "end": 70
      },
      "V2131219": {
        "id": "V2131219",
        "indicator": "IMPRO",
        "type": "REFERENTIAL-SEM",
        "word": null,
        "roles": {
          "PROFORM": "SUBJ"
        },
        "start": 12,
        "end": 70
      },
      "V2122322": {
        "id": "V2122322",
        "indicator": "THE",
        "type": "FACT",
        "word": "FACT",
        "roles": {
          "FORMAL": "#V2122365",
          "LEX": "FACT",
          "WNSENSE": "fact%1:09:01::"
        },
        "start": 19,
        "end": 70
      },
      "V2122365": {
        "id": "V2122365",
        "indicator": "F",
        "type": "WANT",
        "word": "WANT",
        "roles": {
          "EXPERIENCER": "#V2122350",
          "FORMAL": "#V2122401",
          "PROP": "+",
          "TENSE": "PAST",
          "LEX": "WANTED",
          "WNSENSE": "want%2:37:00::"
        },
        "start": 28,
        "end": 70
      },
      "V2122350": {
        "id": "V2122350",
        "indicator": "PRO",
        "type": "PERSON",
        "word": "I",
        "roles": {
          "PROFORM": "I",
          "LEX": "I",
          "WNSENSE": "person%1:03:00"
        },
        "start": 33,
        "end": 35
      },
      "V2122401": {
        "id": "V2122401",
        "indicator": "F",
        "type": "TALK",
        "word": "TALK",
        "roles": {
          "AGENT": "#V2122350",
          "FORMAL": "#V2122463",
          "TIME": "#V2122491",
          "VFORM": "BASE",
          "LEX": "TALK",
          "WNSENSE": "talk%1:10:00::"
        },
        "start": 42,
        "end": 70
      },
      "V2122463": {
        "id": "V2122463",
        "indicator": "PRO",
        "type": "REFERENTIAL-SEM",
        "word": "IT",
        "roles": {
          "PROFORM": "IT",
          "LEX": "IT",
          "WNSENSE": "entity%1:03:00"
        },
        "start": 50,
        "end": 59
      },
      "V2122491": {
        "id": "V2122491",
        "indicator": "F",
        "type": "TIME-CLOCK-REL",
        "word": "AT",
        "roles": {
          "GROUND": "#V2122575",
          "FIGURE": "#V2122401",
          "MOD": "#V2122481",
          "LEX": "AT"
        },
        "start": 59,
        "end": 70
      },
      "V2122481": {
        "id": "V2122481",
        "indicator": "F",
        "type": "NEG",
        "word": "NOT",
        "roles": {
          "FIGURE": "#V2122491",
          "LEX": "NOT",
          "WNSENSE": "not%4:02:00::"
        },
        "start": 59,
        "end": 63
      },
      "V2122575": {
        "id": "V2122575",
        "indicator": "INDEF-SET",
        "type": "REFERENTIAL-SEM",
        "word": null,
        "roles": {
          "SIZE": "UNIVERSAL",
          "LEX": "ALL"
        },
        "start": 66,
        "end": 70
      },
      "root": "#V2131218"
    },
    {
      "V2122938": {
        "id": "V2122938",
        "indicator": "SPEECHACT",
        "type": "SA_IDENTIFY",
        "word": null,
        "roles": {
          "CONTENT": "#V2122278",
          "LEX": "THAT"
        },
        "start": 0,
        "end": 5
      },
      "V2122278": {
        "id": "V2122278",
        "indicator": "PRO",
        "type": "REFERENTIAL-SEM",
        "word": "THAT",
        "roles": {
          "PROFORM": "THAT",
          "LEX": "THAT",
          "WNSENSE": "entity%1:03:00"
        },
        "start": 0,
        "end": 5
      },
      "root": "#V2122938"
    },
    {
      "V2123285": {
        "id": "V2123285",
        "indicator": "SPEECHACT",
        "type": "SA_IDENTIFY",
        "word": null,
        "roles": {
          "CONTENT": "#V2122297",
          "LEX": "T"
        },
        "start": 10,
        "end": 12
      },
      "V2122297": {
        "id": "V2122297",
        "indicator": "BARE",
        "type": "CHEMICAL",
        "word": "T",
        "roles": {
          "LEX": "T",
          "WNSENSE": "t%1:27:01::"
        },
        "start": 10,
        "end": 12
      },
      "root": "#V2123285"
    },
    {
      "V2130851": {
        "id": "V2130851",
        "indicator": "SPEECHACT",
        "type": "SA_TELL",
        "word": null,
        "roles": {
          "PUNCTYPE": "DECL",
          "CONTENT": "#V2122306",
          "LEX": "CHANGE"
        },
        "start": 12,
        "end": 71
      },
      "V2122306": {
        "id": "V2122306",
        "indicator": "F",
        "type": "CHANGE",
        "word": "CHANGE",
        "roles": {
          "AGENT": "#V2130852",
          "AFFECTED": "#V2122322",
          "TENSE": "PRES",
          "LEX": "CHANGE",
          "WNSENSE": "change%1:04:00::"
        },
        "start": 12,
        "end": 70
      },
      "V2130852": {
        "id": "V2130852",
        "indicator": "IMPRO",
        "type": "REFERENTIAL-SEM",
        "word": null,
        "roles": {
          "PROFORM": "SUBJ"
        },
        "start": 12,
        "end": 70
      },
      "V2122322": {
        "id": "V2122322",
        "indicator": "THE",
        "type": "FACT",
        "word": "FACT",
        "roles": {
          "FORMAL": "#V2122365",
          "LEX": "FACT",
          "WNSENSE": "fact%1:09:01::"
        },
        "start": 19,
        "end": 70
      },
      "V2122365": {
        "id": "V2122365",
        "indicator": "F",
        "type": "WANT",
        "word": "WANT",
        "roles": {
          "EXPERIENCER": "#V2122350",
          "FORMAL": "#V2122401",
          "PROP": "+",
          "TENSE": "PAST",
          "LEX": "WANTED",
          "WNSENSE": "want%2:37:00::"
        },
        "start": 28,
        "end": 70
      },
      "V2122350": {
        "id": "V2122350",
        "indicator": "PRO",
        "type": "PERSON",
        "word": "I",
        "roles": {
          "PROFORM": "I",
          "LEX": "I",
          "WNSENSE": "person%1:03:00"
        },
        "start": 33,
        "end": 35
      },
      "V2122401": {
        "id": "V2122401",
        "indicator": "F",
        "type": "TALK",
        "word": "TALK",
        "roles": {
          "AGENT": "#V2122350",
          "FORMAL": "#V2122463",
          "MOD": "#V2122494",
          "VFORM": "BASE",
          "LEX": "TALK",
          "WNSENSE": "talk%1:10:00::"
        },
        "start": 42,
        "end": 70
      },
      "V2122463": {
        "id": "V2122463",
        "indicator": "PRO",
        "type": "REFERENTIAL-SEM",
        "word": "IT",
        "roles": {
          "PROFORM": "IT",
          "LEX": "IT",
          "WNSENSE": "entity%1:03:00"
        },
        "start": 50,
        "end": 59
      },
      "V2122494": {
        "id": "V2122494",
        "indicator": "F",
        "type": "RATE-REL",
        "word": "AT",
        "roles": {
          "GROUND": "#V2122575",
          "FIGURE": "#V2122401",
          "MOD": "#V2122481",
          "LEX": "AT"
        },
        "start": 59,
        "end": 70
      },
      "V2122481": {
        "id": "V2122481",
        "indicator": "F",
        "type": "NEG",
        "word": "NOT",
        "roles": {
          "FIGURE": "#V2122494",
          "LEX": "NOT",
          "WNSENSE": "not%4:02:00::"
        },
        "start": 59,
        "end": 63
      },
      "V2122575": {
        "id": "V2122575",
        "indicator": "INDEF-SET",
        "type": "REFERENTIAL-SEM",
        "word": null,
        "roles": {
          "SIZE": "UNIVERSAL",
          "LEX": "ALL"
        },
        "start": 66,
        "end": 70
      },
      "root": "#V2130851"
    },
    {
      "V2122938": {
        "id": "V2122938",
        "indicator": "SPEECHACT",
        "type": "SA_IDENTIFY",
        "word": null,
        "roles": {
          "CONTENT": "#V2122278",
          "LEX": "THAT"
        },
        "start": 0,
        "end": 5
      },
      "V2122278": {
        "id": "V2122278",
        "indicator": "PRO",
        "type": "REFERENTIAL-SEM",
        "word": "THAT",
        "roles": {
          "PROFORM": "THAT",
          "LEX": "THAT",
          "WNSENSE": "entity%1:03:00"
        },
        "start": 0,
        "end": 5
      },
      "root": "#V2122938"
    },
    {
      "V2123285": {
        "id": "V2123285",
        "indicator": "SPEECHACT",
        "type": "SA_IDENTIFY",
        "word": null,
        "roles": {
          "CONTENT": "#V2122297",
          "LEX": "T"
        },
        "start": 10,
        "end": 12
      },
      "V2122297": {
        "id": "V2122297",
        "indicator": "BARE",
        "type": "CHEMICAL",
        "word": "T",
        "roles": {
          "LEX": "T",
          "WNSENSE": "t%1:27:01::"
        },
        "start": 10,
        "end": 12
      },
      "root": "#V2123285"
    },
    {
      "V2131866": {
        "id": "V2131866",
        "indicator": "SPEECHACT",
        "type": "SA_TELL",
        "word": null,
        "roles": {
          "PUNCTYPE": "DECL",
          "CONTENT": "#V2122306",
          "LEX": "CHANGE"
        },
        "start": 12,
        "end": 71
      },
      "V2122306": {
        "id": "V2122306",
        "indicator": "F",
        "type": "CHANGE",
        "word": "CHANGE",
        "roles": {
          "AGENT": "#V2131867",
          "AFFECTED": "#V2122322",
          "TENSE": "PRES",
          "LEX": "CHANGE",
          "WNSENSE": "change%1:04:00::"
        },
        "start": 12,
        "end": 70
      },
      "V2131867": {
        "id": "V2131867",
        "indicator": "IMPRO",
        "type": "REFERENTIAL-SEM",
        "word": null,
        "roles": {
          "PROFORM": "SUBJ"
        },
        "start": 12,
        "end": 70
      },
      "V2122322": {
        "id": "V2122322",
        "indicator": "THE",
        "type": "FACT",
        "word": "FACT",
        "roles": {
          "FORMAL": "#V2122365",
          "LEX": "FACT",
          "WNSENSE": "fact%1:09:01::"
        },
        "start": 19,
        "end": 70
      },
      "V2122365": {
        "id": "V2122365",
        "indicator": "F",
        "type": "WANT",
        "word": "WANT",
        "roles": {
          "EXPERIENCER": "#V2122350",
          "FORMAL": "#V2122401",
          "PROP": "+",
          "TENSE": "PAST",
          "LEX": "WANTED",
          "WNSENSE": "want%2:37:00::"
        },
        "start": 28,
        "end": 70
      },
      "V2122350": {
        "id": "V2122350",
        "indicator": "PRO",
        "type": "PERSON",
        "word": "I",
        "roles": {
          "PROFORM": "I",
          "LEX": "I",
          "WNSENSE": "person%1:03:00"
        },
        "start": 33,
        "end": 35
      },
      "V2122401": {
        "id": "V2122401",
        "indicator": "F",
        "type": "TALK",
        "word": "TALK",
        "roles": {
          "AGENT": "#V2122350",
          "FORMAL": "#V2122719",
          "LOCATION": "#V2122493",
          "VFORM": "BASE",
          "LEX": "TALK",
          "WNSENSE": "talk%1:10:00::"
        },
        "start": 42,
        "end": 70
      },
      "V2122719": {
        "id": "V2122719",
        "indicator": "THE",
        "type": "QUANTITY-ABSTR",
        "word": null,
        "roles": {
          "FIGURE": "#V2122464",
          "LEX": "-"
        },
        "start": 50,
        "end": 59
      },
      "V2122464": {
        "id": "V2122464",
        "indicator": "PRO",
        "type": "EXPLETIVE",
        "word": null,
        "roles": {
          "PROFORM": "IT",
          "LEX": "IT"
        },
        "start": 56,
        "end": 59
      },
      "V2122493": {
        "id": "V2122493",
        "indicator": "F",
        "type": "AT-LOC",
        "word": "AT",
        "roles": {
          "GROUND": "#V2122575",
          "FIGURE": "#V2122401",
          "MOD": "#V2122481",
          "LEX": "AT"
        },
        "start": 59,
        "end": 70
      },
      "V2122481": {
        "id": "V2122481",
        "indicator": "F",
        "type": "NEG",
        "word": "NOT",
        "roles": {
          "FIGURE": "#V2122493",
          "LEX": "NOT",
          "WNSENSE": "not%4:02:00::"
        },
        "start": 59,
        "end": 63
      },
      "V2122575": {
        "id": "V2122575",
        "indicator": "INDEF-SET",
        "type": "REFERENTIAL-SEM",
        "word": null,
        "roles": {
          "SIZE": "UNIVERSAL",
          "LEX": "ALL"
        },
        "start": 66,
        "end": 70
      },
      "root": "#V2131866"
    },
    {
      "V2122938": {
        "id": "V2122938",
        "indicator": "SPEECHACT",
        "type": "SA_IDENTIFY",
        "word": null,
        "roles": {
          "CONTENT": "#V2122278",
          "LEX": "THAT"
        },
        "start": 0,
        "end": 5
      },
      "V2122278": {
        "id": "V2122278",
        "indicator": "PRO",
        "type": "REFERENTIAL-SEM",
        "word": "THAT",
        "roles": {
          "PROFORM": "THAT",
          "LEX": "THAT",
          "WNSENSE": "entity%1:03:00"
        },
        "start": 0,
        "end": 5
      },
      "root": "#V2122938"
    },
    {
      "V2123285": {
        "id": "V2123285",
        "indicator": "SPEECHACT",
        "type": "SA_IDENTIFY",
        "word": null,
        "roles": {
          "CONTENT": "#V2122297",
          "LEX": "T"
        },
        "start": 10,
        "end": 12
      },
      "V2122297": {
        "id": "V2122297",
        "indicator": "BARE",
        "type": "CHEMICAL",
        "word": "T",
        "roles": {
          "LEX": "T",
          "WNSENSE": "t%1:27:01::"
        },
        "start": 10,
        "end": 12
      },
      "root": "#V2123285"
    },
    {
      "V2132896": {
        "id": "V2132896",
        "indicator": "SPEECHACT",
        "type": "SA_TELL",
        "word": null,
        "roles": {
          "PUNCTYPE": "DECL",
          "CONTENT": "#V2122306",
          "LEX": "CHANGE"
        },
        "start": 12,
        "end": 71
      },
      "V2122306": {
        "id": "V2122306",
        "indicator": "F",
        "type": "CHANGE",
        "word": "CHANGE",
        "roles": {
          "AGENT": "#V2132897",
          "AFFECTED": "#V2122322",
          "TENSE": "PRES",
          "LEX": "CHANGE",
          "WNSENSE": "change%1:04:00::"
        },
        "start": 12,
        "end": 70
      },
      "V2132897": {
        "id": "V2132897",
        "indicator": "IMPRO",
        "type": "REFERENTIAL-SEM",
        "word": null,
        "roles": {
          "PROFORM": "SUBJ"
        },
        "start": 12,
        "end": 70
      },
      "V2122322": {
        "id": "V2122322",
        "indicator": "THE",
        "type": "FACT",
        "word": "FACT",
        "roles": {
          "FORMAL": "#V2122365",
          "LEX": "FACT",
          "WNSENSE": "fact%1:09:01::"
        },
        "start": 19,
        "end": 70
      },
      "V2122365": {
        "id": "V2122365",
        "indicator": "F",
        "type": "WANT",
        "word": "WANT",
        "roles": {
          "EXPERIENCER": "#V2122350",
          "FORMAL": "#V2122401",
          "PROP": "+",
          "TENSE": "PAST",
          "LEX": "WANTED",
          "WNSENSE": "want%2:37:00::"
        },
        "start": 28,
        "end": 70
      },
      "V2122350": {
        "id": "V2122350",
        "indicator": "PRO",
        "type": "PERSON",
        "word": "I",
        "roles": {
          "PROFORM": "I",
          "LEX": "I",
          "WNSENSE": "person%1:03:00"
        },
        "start": 33,
        "end": 35
      },
      "V2122401": {
        "id": "V2122401",
        "indicator": "F",
        "type": "TALK",
        "word": "TALK",
        "roles": {
          "AGENT": "#V2122350",
          "FORMAL": "#V2122719",
          "TIME": "#V2122491",
          "VFORM": "BASE",
          "LEX": "TALK",
          "WNSENSE": "talk%1:10:00::"
        },
        "start": 42,
        "end": 70
      },
      "V2122719": {
        "id": "V2122719",
        "indicator": "THE",
        "type": "QUANTITY-ABSTR",
        "word": null,
        "roles": {
          "FIGURE": "#V2122464",
          "LEX": "-"
        },
        "start": 50,
        "end": 59
      },
      "V2122464": {
        "id": "V2122464",
        "indicator": "PRO",
        "type": "EXPLETIVE",
        "word": null,
        "roles": {
          "PROFORM": "IT",
          "LEX": "IT"
        },
        "start": 56,
        "end": 59
      },
      "V2122491": {
        "id": "V2122491",
        "indicator": "F",
        "type": "TIME-CLOCK-REL",
        "word": "AT",
        "roles": {
          "GROUND": "#V2122575",
          "FIGURE": "#V2122401",
          "MOD": "#V2122481",
          "LEX": "AT"
        },
        "start": 59,
        "end": 70
      },
      "V2122481": {
        "id": "V2122481",
        "indicator": "F",
        "type": "NEG",
        "word": "NOT",
        "roles": {
          "FIGURE": "#V2122491",
          "LEX": "NOT",
          "WNSENSE": "not%4:02:00::"
        },
        "start": 59,
        "end": 63
      },
      "V2122575": {
        "id": "V2122575",
        "indicator": "INDEF-SET",
        "type": "REFERENTIAL-SEM",
        "word": null,
        "roles": {
          "SIZE": "UNIVERSAL",
          "LEX": "ALL"
        },
        "start": 66,
        "end": 70
      },
      "root": "#V2132896"
    },
    {
      "V2122938": {
        "id": "V2122938",
        "indicator": "SPEECHACT",
        "type": "SA_IDENTIFY",
        "word": null,
        "roles": {
          "CONTENT": "#V2122278",
          "LEX": "THAT"
        },
        "start": 0,
        "end": 5
      },
      "V2122278": {
        "id": "V2122278",
        "indicator": "PRO",
        "type": "REFERENTIAL-SEM",
        "word": "THAT",
        "roles": {
          "PROFORM": "THAT",
          "LEX": "THAT",
          "WNSENSE": "entity%1:03:00"
        },
        "start": 0,
        "end": 5
      },
      "root": "#V2122938"
    },
    {
      "V2123285": {
        "id": "V2123285",
        "indicator": "SPEECHACT",
        "type": "SA_IDENTIFY",
        "word": null,
        "roles": {
          "CONTENT": "#V2122297",
          "LEX": "T"
        },
        "start": 10,
        "end": 12
      },
      "V2122297": {
        "id": "V2122297",
        "indicator": "BARE",
        "type": "CHEMICAL",
        "word": "T",
        "roles": {
          "LEX": "T",
          "WNSENSE": "t%1:27:01::"
        },
        "start": 10,
        "end": 12
      },
      "root": "#V2123285"
    },
    {
      "V2132528": {
        "id": "V2132528",
        "indicator": "SPEECHACT",
        "type": "SA_TELL",
        "word": null,
        "roles": {
          "PUNCTYPE": "DECL",
          "CONTENT": "#V2122306",
          "LEX": "CHANGE"
        },
        "start": 12,
        "end": 71
      },
      "V2122306": {
        "id": "V2122306",
        "indicator": "F",
        "type": "CHANGE",
        "word": "CHANGE",
        "roles": {
          "AGENT": "#V2132529",
          "AFFECTED": "#V2122322",
          "TENSE": "PRES",
          "LEX": "CHANGE",
          "WNSENSE": "change%1:04:00::"
        },
        "start": 12,
        "end": 70
      },
      "V2132529": {
        "id": "V2132529",
        "indicator": "IMPRO",
        "type": "REFERENTIAL-SEM",
        "word": null,
        "roles": {
          "PROFORM": "SUBJ"
        },
        "start": 12,
        "end": 70
      },
      "V2122322": {
        "id": "V2122322",
        "indicator": "THE",
        "type": "FACT",
        "word": "FACT",
        "roles": {
          "FORMAL": "#V2122365",
          "LEX": "FACT",
          "WNSENSE": "fact%1:09:01::"
        },
        "start": 19,
        "end": 70
      },
      "V2122365": {
        "id": "V2122365",
        "indicator": "F",
        "type": "WANT",
        "word": "WANT",
        "roles": {
          "EXPERIENCER": "#V2122350",
          "FORMAL": "#V2122401",
          "PROP": "+",
          "TENSE": "PAST",
          "LEX": "WANTED",
          "WNSENSE": "want%2:37:00::"
        },
        "start": 28,
        "end": 70
      },
      "V2122350": {
        "id": "V2122350",
        "indicator": "PRO",
        "type": "PERSON",
        "word": "I",
        "roles": {
          "PROFORM": "I",
          "LEX": "I",
          "WNSENSE": "person%1:03:00"
        },
        "start": 33,
        "end": 35
      },
      "V2122401": {
        "id": "V2122401",
        "indicator": "F",
        "type": "TALK",
        "word": "TALK",
        "roles": {
          "AGENT": "#V2122350",
          "FORMAL": "#V2122719",
          "MOD": "#V2122494",
          "VFORM": "BASE",
          "LEX": "TALK",
          "WNSENSE": "talk%1:10:00::"
        },
        "start": 42,
        "end": 70
      },
      "V2122719": {
        "id": "V2122719",
        "indicator": "THE",
        "type": "QUANTITY-ABSTR",
        "word": null,
        "roles": {
          "FIGURE": "#V2122464",
          "LEX": "-"
        },
        "start": 50,
        "end": 59
      },
      "V2122464": {
        "id": "V2122464",
        "indicator": "PRO",
        "type": "EXPLETIVE",
        "word": null,
        "roles": {
          "PROFORM": "IT",
          "LEX": "IT"
        },
        "start": 56,
        "end": 59
      },
      "V2122494": {
        "id": "V2122494",
        "indicator": "F",
        "type": "RATE-REL",
        "word": "AT",
        "roles": {
          "GROUND": "#V2122575",
          "FIGURE": "#V2122401",
          "MOD": "#V2122481",
          "LEX": "AT"
        },
        "start": 59,
        "end": 70
      },
      "V2122481": {
        "id": "V2122481",
        "indicator": "F",
        "type": "NEG",
        "word": "NOT",
        "roles": {
          "FIGURE": "#V2122494",
          "LEX": "NOT",
          "WNSENSE": "not%4:02:00::"
        },
        "start": 59,
        "end": 63
      },
      "V2122575": {
        "id": "V2122575",
        "indicator": "INDEF-SET",
        "type": "REFERENTIAL-SEM",
        "word": null,
        "roles": {
          "SIZE": "UNIVERSAL",
          "LEX": "ALL"
        },
        "start": 66,
        "end": 70
      },
      "root": "#V2132528"
    },
    {
      "V2122938": {
        "id": "V2122938",
        "indicator": "SPEECHACT",
        "type": "SA_IDENTIFY",
        "word": null,
        "roles": {
          "CONTENT": "#V2122278",
          "LEX": "THAT"
        },
        "start": 0,
        "end": 5
      },
      "V2122278": {
        "id": "V2122278",
        "indicator": "PRO",
        "type": "REFERENTIAL-SEM",
        "word": "THAT",
        "roles": {
          "PROFORM": "THAT",
          "LEX": "THAT",
          "WNSENSE": "entity%1:03:00"
        },
        "start": 0,
        "end": 5
      },
      "root": "#V2122938"
    },
    {
      "V2123285": {
        "id": "V2123285",
        "indicator": "SPEECHACT",
        "type": "SA_IDENTIFY",
        "word": null,
        "roles": {
          "CONTENT": "#V2122297",
          "LEX": "T"
        },
        "start": 10,
        "end": 12
      },
      "V2122297": {
        "id": "V2122297",
        "indicator": "BARE",
        "type": "CHEMICAL",
        "word": "T",
        "roles": {
          "LEX": "T",
          "WNSENSE": "t%1:27:01::"
        },
        "start": 10,
        "end": 12
      },
      "root": "#V2123285"
    },
    {
      "V2133769": {
        "id": "V2133769",
        "indicator": "SPEECHACT",
        "type": "SA_TELL",
        "word": null,
        "roles": {
          "PUNCTYPE": "DECL",
          "CONTENT": "#V2122306",
          "LEX": "CHANGE"
        },
        "start": 12,
        "end": 71
      },
      "V2122306": {
        "id": "V2122306",
        "indicator": "F",
        "type": "CHANGE",
        "word": "CHANGE",
        "roles": {
          "AGENT": "#V2133770",
          "AFFECTED": "#V2122322",
          "TENSE": "PRES",
          "LEX": "CHANGE",
          "WNSENSE": "change%1:04:00::"
        },
        "start": 12,
        "end": 70
      },
      "V2133770": {
        "id": "V2133770",
        "indicator": "IMPRO",
        "type": "REFERENTIAL-SEM",
        "word": null,
        "roles": {
          "PROFORM": "SUBJ"
        },
        "start": 12,
        "end": 70
      },
      "V2122322": {
        "id": "V2122322",
        "indicator": "THE",
        "type": "FACT",
        "word": "FACT",
        "roles": {
          "FORMAL": "#V2122365",
          "LEX": "FACT",
          "WNSENSE": "fact%1:09:01::"
        },
        "start": 19,
        "end": 70
      },
      "V2122365": {
        "id": "V2122365",
        "indicator": "F",
        "type": "WANT",
        "word": "WANT",
        "roles": {
          "EXPERIENCER": "#V2122350",
          "FORMAL": "#V2122443",
          "PROP": "+",
          "TENSE": "PAST",
          "LEX": "WANTED",
          "WNSENSE": "want%2:37:00::"
        },
        "start": 28,
        "end": 70
      },
      "V2122350": {
        "id": "V2122350",
        "indicator": "PRO",
        "type": "PERSON",
        "word": "I",
        "roles": {
          "PROFORM": "I",
          "LEX": "I",
          "WNSENSE": "person%1:03:00"
        },
        "start": 33,
        "end": 35
      },
      "V2122443": {
        "id": "V2122443",
        "indicator": "F",
        "type": "DISCUSS",
        "word": "TALK-ABOUT",
        "roles": {
          "AGENT": "#V2122350",
          "NEUTRAL": "#V2122633",
          "MOD": "#V2122492",
          "VFORM": "BASE",
          "LEX": "TALK-ABOUT",
          "WNSENSE": "talk_about%2:32:00"
        },
        "start": 42,
        "end": 70
      },
      "V2122633": {
        "id": "V2122633",
        "indicator": "THE",
        "type": "QUANTITY-ABSTR",
        "word": null,
        "roles": {
          "FIGURE": "#V2122463"
        },
        "start": 56,
        "end": 59
      },
      "V2122463": {
        "id": "V2122463",
        "indicator": "PRO",
        "type": "REFERENTIAL-SEM",
        "word": "IT",
        "roles": {
          "PROFORM": "IT",
          "LEX": "IT",
          "WNSENSE": "entity%1:03:00"
        },
        "start": 56,
        "end": 59
      },
      "V2122492": {
        "id": "V2122492",
        "indicator": "F",
        "type": "SITUATED-IN",
        "word": "AT",
        "roles": {
          "GROUND": "#V2122575",
          "FIGURE": "#V2122443",
          "MOD": "#V2122481",
          "LEX": "AT"
        },
        "start": 59,
        "end": 70
      },
      "V2122481": {
        "id": "V2122481",
        "indicator": "F",
        "type": "NEG",
        "word": "NOT",
        "roles": {
          "FIGURE": "#V2122492",
          "LEX": "NOT",
          "WNSENSE": "not%4:02:00::"
        },
        "start": 59,
        "end": 63
      },
      "V2122575": {
        "id": "V2122575",
        "indicator": "INDEF-SET",
        "type": "REFERENTIAL-SEM",
        "word": null,
        "roles": {
          "SIZE": "UNIVERSAL",
          "LEX": "ALL"
        },
        "start": 66,
        "end": 70
      },
      "root": "#V2133769"
    },
    {
      "V2134643": {
        "id": "V2134643",
        "indicator": "SPEECHACT",
        "type": "SA_IDENTIFY",
        "word": null,
        "roles": {
          "CONTENT": "#V2134640",
          "LEX": "-"
        },
        "start": 72,
        "end": 72
      },
      "V2134640": {
        "id": "V2134640",
        "indicator": "THE",
        "type": "QUANTITY-ABSTR",
        "word": null,
        "roles": {
          "FIGURE": "#V2134635"
        },
        "start": 72,
        "end": 72
      },
      "V2134635": {
        "id": "V2134635",
        "indicator": "BARE",
        "type": "REFERENTIAL-SEM",
        "word": "|...|",
        "roles": {
          "LEX": "|...|",
          "WNSENSE": "entity%1:03:00"
        },
        "start": 72,
        "end": 72
      },
      "root": "#V2134643"
    }
  ],
  "inputtags": [],
  "debug": [
    "*last-utt-id*=NIL  utt-id+389",
    "*last-utt-id*=389  utt-id+389",
    "*last-utt-id*=389  utt-id+389",
    "*last-utt-id*=389  utt-id+NIL",
    "*last-utt-id*=NIL  utt-id+390",
    "*last-utt-id*=390  utt-id+NIL"
  ]
}
