{
  "parse": [
    {
      "V1077961": {
        "id": "V1077961",
        "indicator": "SPEECHACT",
        "type": "SA_TELL",
        "word": null,
        "roles": {
          "CONTENT": "#V1077399",
          "LEX": "GRABBED"
        },
        "start": 0,
        "end": 40
      },
      "V1077399": {
        "id": "V1077399",
        "indicator": "F",
        "type": "ACQUIRE",
        "word": "GRAB",
        "roles": {
          "MANNER": "#V1077297",
          "AGENT": "#V1077394",
          "AFFECTED": "#V1077405",
          "TIME": "#V1077411",
          "TENSE": "PAST",
          "LEX": "GRABBED"
        },
        "start": 0,
        "end": 40
      },
      "V1077297": {
        "id": "V1077297",
        "indicator": "F",
        "type": "MANNER",
        "word": "AS",
        "roles": {
          "GROUND": "#V1077584",
          "FIGURE": "#V1077399",
          "LEX": "AS",
          "WNSENSE": "as%4:02:00::"
        },
        "start": 0,
        "end": 10
      },
      "V1077584": {
        "id": "V1077584",
        "indicator": "THE",
        "type": "QUANTITY-ABSTR",
        "word": null,
        "roles": {
          "FIGURE": "#V1077351"
        },
        "start": 3,
        "end": 10
      },
      "V1077351": {
        "id": "V1077351",
        "indicator": "A",
        "type": "PERSON",
        "word": "TEEN",
        "roles": {
          "LEX": "TEEN",
          "WNSENSE": "teen%1:18:00::"
        },
        "start": 3,
        "end": 10
      },
      "V1077394": {
        "id": "V1077394",
        "indicator": "A",
        "type": "PERSON",
        "word": "GUY",
        "roles": {
          "LEX": "GUY",
          "WNSENSE": "person%1:03:00"
        },
        "start": 10,
        "end": 16
      },
      "V1077405": {
        "id": "V1077405",
        "indicator": "THE",
        "type": "EXTERNAL-BODY-PART",
        "word": "ASS",
        "roles": {
          "ASSOC-POSS": "#V1077402",
          "LEX": "ASS",
          "WNSENSE": "ass%1:08:00::"
        },
        "start": 24,
        "end": 31
      },
      "V1077402": {
        "id": "V1077402",
        "indicator": "PRO",
        "type": "PERSON",
        "word": "MY",
        "roles": {
          "LEX": "MY",
          "PROFORM": "MY",
          "WNSENSE": "person%1:03:00",
          "COREF": "USER"
        },
        "start": 24,
        "end": 31
      },
      "V1077411": {
        "id": "V1077411",
        "indicator": "F",
        "type": "TIME-IN-REL",
        "word": "IN",
        "roles": {
          "GROUND": "#V1077476",
          "FIGURE": "#V1077399",
          "LEX": "IN"
        },
        "start": 31,
        "end": 40
      },
      "V1077476": {
        "id": "V1077476",
        "indicator": "INDEF-SET",
        "type": "TIME-OBJECT",
        "word": "TIME",
        "roles": {
          "SCALE": "TIME-LOC-SCALE",
          "LEX": "TIMES"
        },
        "start": 34,
        "end": 40
      },
      "root": "#V1077961"
    }
  ],
  "inputtags": [],
  "debug": [
    "*last-utt-id*=NIL  utt-id+187",
    "*last-utt-id*=187  utt-id+NIL",
    "*last-utt-id*=NIL  utt-id+188"
  ]
}
