{
  "parse": [
    {
      "V1696082": {
        "id": "V1696082",
        "indicator": "SA-SEQ",
        "type": "SPEECH-ACT",
        "word": null,
        "roles": {
          "ACT": "#V1696062",
          "ACT1": "#V1694289",
          "OPERATORS": "(BUT)",
          "LEX": "BELIEVE"
        },
        "start": 0,
        "end": 46
      },
      "V1696062": {
        "id": "V1696062",
        "indicator": "SPEECHACT",
        "type": "SA_TELL",
        "word": null,
        "roles": {
          "CONTENT": "#V1694052",
          "LEX": "BELIEVE"
        },
        "start": 0,
        "end": 29
      },
      "V1694052": {
        "id": "V1694052",
        "indicator": "F",
        "type": "TRUST",
        "word": "BELIEVE",
        "roles": {
          "EXPERIENCER": "#V1696031",
          "NEUTRAL": "#V1694059",
          "TENSE": "PRES",
          "LEX": "BELIEVE",
          "WNSENSE": "believe%2:31:00::"
        },
        "start": 0,
        "end": 29
      },
      "V1696031": {
        "id": "V1696031",
        "indicator": "A",
        "type": "ANY-SEM",
        "word": null,
        "roles": {
          "MOD": "#V1694019",
          "ASSOC-POSS": "#V1694016",
          "LEX": "MY",
          "WNSENSE": "person%1:03:00"
        },
        "start": 0,
        "end": 18
      },
      "V1694016": {
        "id": "V1694016",
        "indicator": "PRO",
        "type": "PERSON",
        "word": "MY",
        "roles": {
          "LEX": "MY",
          "PROFORM": "MY",
          "WNSENSE": "person%1:03:00",
          "COREF": "USER"
        },
        "start": 0,
        "end": 18
      },
      "V1694019": {
        "id": "V1694019",
        "indicator": "F",
        "type": "OWN",
        "word": "OWN",
        "roles": {
          "GROUND": "#V1694042",
          "FIGURE": "#V1696031",
          "LEX": "OWN"
        },
        "start": 3,
        "end": 18
      },
      "V1694042": {
        "id": "V1694042",
        "indicator": "BARE",
        "type": "CHEMICAL",
        "word": "T",
        "roles": {
          "ASSOC-WITH1": "#V1694027",
          "ASSOC-WITH": "#V1694033",
          "LEX": "T",
          "WNSENSE": "t%1:27:01::"
        },
        "start": 7,
        "end": 18
      },
      "V1694033": {
        "id": "V1694033",
        "indicator": "KIND",
        "type": "REFERENTIAL-SEM",
        "word": "DIDN",
        "roles": {
          "LEX": "DIDN",
          "WNSENSE": "entity%1:03:00"
        },
        "start": 7,
        "end": 18
      },
      "V1694027": {
        "id": "V1694027",
        "indicator": "KIND",
        "type": "FAMILY-RELATION",
        "word": "MOM",
        "roles": {
          "LEX": "MOM",
          "WNSENSE": "mom%1:18:00::"
        },
        "start": 7,
        "end": 18
      },
      "V1694059": {
        "id": "V1694059",
        "indicator": "PRO",
        "type": "PERSON",
        "word": "ME",
        "roles": {
          "PROFORM": "ME",
          "LEX": "ME",
          "WNSENSE": "person%1:03:00",
          "COREF": "USER"
        },
        "start": 26,
        "end": 29
      },
      "V1694289": {
        "id": "V1694289",
        "indicator": "SPEECHACT",
        "type": "SA_TELL",
        "word": null,
        "roles": {
          "CONTENT": "#V1694083",
          "LEX": "DID"
        },
        "start": 33,
        "end": 46
      },
      "V1694083": {
        "id": "V1694083",
        "indicator": "F",
        "type": "ELLIPSIS",
        "word": null,
        "roles": {
          "NEUTRAL": "#V1694071",
          "TENSE": "PAST",
          "MODALITY": "(:* DO DO)",
          "LEX": "DID"
        },
        "start": 33,
        "end": 46
      },
      "V1694071": {
        "id": "V1694071",
        "indicator": "THE-SET",
        "type": "FRIEND",
        "word": "FRIEND",
        "roles": {
          "ASSOC-POSS": "#V1694068",
          "LEX": "FRIENDS",
          "WNSENSE": "friend%1:18:00::"
        },
        "start": 33,
        "end": 44
      },
      "V1694068": {
        "id": "V1694068",
        "indicator": "PRO",
        "type": "PERSON",
        "word": "MY",
        "roles": {
          "LEX": "MY",
          "PROFORM": "MY",
          "WNSENSE": "person%1:03:00",
          "COREF": "USER"
        },
        "start": 33,
        "end": 44
      },
      "root": "#V1696082"
    }
  ],
  "inputtags": [],
  "debug": [
    "*last-utt-id*=NIL  utt-id+334",
    "*last-utt-id*=334  utt-id+334",
    "*last-utt-id*=334  utt-id+NIL"
  ]
}
