{
  "parse": [
    {
      "V2479006": {
        "id": "V2479006",
        "indicator": "SA-SEQ",
        "type": "SPEECH-ACT",
        "word": null,
        "roles": {
          "PUNCTYPE": "DECL",
          "ACT": "#V2478897",
          "ACT1": "#V2479138",
          "LEX": "LIFT"
        },
        "start": 0,
        "end": 20
      },
      "V2478897": {
        "id": "V2478897",
        "indicator": "SPEECHACT",
        "type": "SA_RESPONSE",
        "word": null,
        "roles": {
          "CONTENT": "POS",
          "LEX": "YES"
        },
        "start": 0,
        "end": 4
      },
      "V2479138": {
        "id": "V2479138",
        "indicator": "SPEECHACT",
        "type": "SA_TELL",
        "word": null,
        "roles": {
          "CONTENT": "#V2478872",
          "LEX": "LIFT"
        },
        "start": 4,
        "end": 20
      },
      "V2478872": {
        "id": "V2478872",
        "indicator": "F",
        "type": "MOVE-UPWARD",
        "word": "LIFT",
        "roles": {
          "AGENT": "#V2478865",
          "AFFECTED": "#V2478881",
          "TENSE": "PRES",
          "LEX": "LIFT",
          "WNSENSE": "lift%2:38:00::"
        },
        "start": 4,
        "end": 20
      },
      "V2478865": {
        "id": "V2478865",
        "indicator": "PRO-SET",
        "type": "PERSON",
        "word": "WE",
        "roles": {
          "PROFORM": "WE",
          "LEX": "WE",
          "WNSENSE": "person%1:03:00",
          "COREF": "US"
        },
        "start": 4,
        "end": 7
      },
      "V2478881": {
        "id": "V2478881",
        "indicator": "INDEF-SET",
        "type": "WEIGHT-SCALE",
        "word": "WEIGHT",
        "roles": {
          "SCALE": "WEIGHT-SCALE",
          "LEX": "WEIGHTS",
          "WNSENSE": "weight%1:07:00::"
        },
        "start": 12,
        "end": 20
      },
      "root": "#V2479006"
    }
  ],
  "inputtags": [],
  "debug": [
    "*last-utt-id*=NIL  utt-id+462",
    "*last-utt-id*=462  utt-id+462",
    "*last-utt-id*=462  utt-id+NIL"
  ]
}
