{
  "parse": [
    {
      "V2187404": {
        "id": "V2187404",
        "indicator": "F",
        "type": "FROM-LOC",
        "word": "FROM",
        "roles": {
          "GROUND": "#V2187476",
          "LEX": "FROM"
        },
        "start": 0,
        "end": 112
      },
      "V2187476": {
        "id": "V2187476",
        "indicator": "INDEF-SET",
        "type": "PERSON",
        "word": "GUY",
        "roles": {
          "ASSOC-WITH1": "#V2187470",
          "ASSOC-WITH": "#V2187787",
          "LOCATION": "#V2187485",
          "LEX": "GUYS",
          "WNSENSE": "person%1:03:00"
        },
        "start": 7,
        "end": 112
      },
      "V2187470": {
        "id": "V2187470",
        "indicator": "KIND",
        "type": "FRIEND",
        "word": "FRIEND",
        "roles": {
          "ASSOC-WITH4": "#V2187423",
          "ASSOC-WITH3": "#V2187434",
          "ASSOC-WITH2": "#V2187437",
          "ASSOC-WITH1": "#V2187448",
          "ASSOC-WITH": "#V2187467",
          "MOD": "#V2187417",
          "LEX": "FRIEND",
          "WNSENSE": "friend%1:18:00::"
        },
        "start": 7,
        "end": 112
      },
      "V2187467": {
        "id": "V2187467",
        "indicator": "KIND",
        "type": "PERSON",
        "word": "PERSON",
        "roles": {
          "ASSOC-WITH": "#V2187463",
          "MOD": "#V2187451",
          "LEX": "PEOPLE",
          "WNSENSE": "person%1:03:00::"
        },
        "start": 7,
        "end": 112
      },
      "V2187463": {
        "id": "V2187463",
        "indicator": "KIND",
        "type": "ORGANIZATION",
        "word": "CLUB",
        "roles": {
          "LEX": "CLUB",
          "WNSENSE": "club%1:14:00::"
        },
        "start": 7,
        "end": 112
      },
      "V2187448": {
        "id": "V2187448",
        "indicator": "KIND",
        "type": "PERSON",
        "word": "PERSON",
        "roles": {
          "ASSOC-WITH": "#V2187445",
          "MOD": "#V2187440",
          "LEX": "PEOPLE",
          "WNSENSE": "person%1:03:00::"
        },
        "start": 7,
        "end": 112
      },
      "V2187445": {
        "id": "V2187445",
        "indicator": "KIND",
        "type": "THOROUGHFARE",
        "word": "STREET",
        "roles": {
          "LEX": "STREET",
          "WNSENSE": "street%1:06:00::"
        },
        "start": 7,
        "end": 112
      },
      "V2187437": {
        "id": "V2187437",
        "indicator": "KIND",
        "type": "PROFESSIONAL",
        "word": "COLLEAGUE",
        "roles": {
          "LEX": "COLLEAGUES",
          "WNSENSE": "colleague%1:18:00::"
        },
        "start": 7,
        "end": 112
      },
      "V2187434": {
        "id": "V2187434",
        "indicator": "KIND",
        "type": "PROFESSIONAL",
        "word": "BOSS",
        "roles": {
          "LEX": "BOSSES",
          "WNSENSE": "professional%1:18:00"
        },
        "start": 7,
        "end": 112
      },
      "V2187423": {
        "id": "V2187423",
        "indicator": "KIND",
        "type": "SPECIALIST",
        "word": "LEADER",
        "roles": {
          "LEX": "LEADERS",
          "WNSENSE": "expert%1:18:00"
        },
        "start": 7,
        "end": 112
      },
      "V2187417": {
        "id": "V2187417",
        "indicator": "F",
        "type": "SACRED-VAL",
        "word": "RELIGIOUS",
        "roles": {
          "FIGURE": "#V2187470",
          "SCALE": "DOMAIN",
          "LEX": "RELIGIOUS",
          "WNSENSE": "religious%5:00:00:sacred:00"
        },
        "start": 7,
        "end": 17
      },
      "V2187440": {
        "id": "V2187440",
        "indicator": "F",
        "type": "RANDOM-VAL",
        "word": "RANDOM",
        "roles": {
          "FIGURE": "#V2187448",
          "SCALE": "RELATIONAL-PROPERTY-SCALE",
          "LEX": "RANDOM",
          "WNSENSE": "random%3:00:00::"
        },
        "start": 43,
        "end": 50
      },
      "V2187451": {
        "id": "V2187451",
        "indicator": "F",
        "type": "RANDOM-VAL",
        "word": "RANDOM",
        "roles": {
          "FIGURE": "#V2187467",
          "SCALE": "RELATIONAL-PROPERTY-SCALE",
          "LEX": "RANDOM",
          "WNSENSE": "random%3:00:00::"
        },
        "start": 64,
        "end": 71
      },
      "V2187787": {
        "id": "V2187787",
        "indicator": "THE",
        "type": "QUANTITY-ABSTR",
        "word": null,
        "roles": {
          "FIGURE": "#V2187474"
        },
        "start": 90,
        "end": 94
      },
      "V2187474": {
        "id": "V2187474",
        "indicator": "THE",
        "type": "TIME-LOC",
        "word": null,
        "roles": {
          "NAME-OF": "TWO",
          "HOUR": "2",
          "LEX": "TWO"
        },
        "start": 90,
        "end": 94
      },
      "V2187485": {
        "id": "V2187485",
        "indicator": "F",
        "type": "AT-LOC",
        "word": "AT",
        "roles": {
          "GROUND": "#V2187506",
          "FIGURE": "#V2187476",
          "LEX": "AT"
        },
        "start": 99,
        "end": 112
      },
      "V2187506": {
        "id": "V2187506",
        "indicator": "BARE",
        "type": "MALE-PERSON",
        "word": "MAN",
        "roles": {
          "MOD": "#V2187500",
          "LEX": "MAN",
          "WNSENSE": "man%1:18:00::"
        },
        "start": 102,
        "end": 112
      },
      "V2187500": {
        "id": "V2187500",
        "indicator": "F",
        "type": "BURN",
        "word": "BURN",
        "roles": {
          "AFFECTED": "#V2187506",
          "LEX": "BURNING",
          "WNSENSE": "burn%2:30:00::"
        },
        "start": 102,
        "end": 110
      },
      "root": "#V2187404"
    }
  ],
  "inputtags": [],
  "debug": [
    "*last-utt-id*=NIL  utt-id+363",
    "*last-utt-id*=363  utt-id+NIL"
  ]
}
