{
  "parse": [
    {
      "V1511732": {
        "id": "V1511732",
        "indicator": "SPEECHACT",
        "type": "SA_TELL",
        "word": null,
        "roles": {
          "CONTENT": "#V1511469",
          "LEX": "ARE"
        },
        "start": 0,
        "end": 12
      },
      "V1511469": {
        "id": "V1511469",
        "indicator": "F",
        "type": "ELLIPSIS",
        "word": null,
        "roles": {
          "NEUTRAL": "#V1511445",
          "MOD": "#V1511457",
          "TENSE": "PRES",
          "PROGR": "+",
          "LEX": "ARE"
        },
        "start": 0,
        "end": 12
      },
      "V1511445": {
        "id": "V1511445",
        "indicator": "PRO",
        "type": "PERSON",
        "word": "YOU",
        "roles": {
          "PROFORM": "YOU",
          "LEX": "YOU",
          "WNSENSE": "person%1:03:00",
          "COREF": "SYS"
        },
        "start": 0,
        "end": 4
      },
      "V1511457": {
        "id": "V1511457",
        "indicator": "F",
        "type": "MODIFIER",
        "word": "ALL",
        "roles": {
          "FIGURE": "#V1511469",
          "LEX": "ALL"
        },
        "start": 4,
        "end": 8
      },
      "root": "#V1511732"
    },
    {
      "V1511495": {
        "id": "V1511495",
        "indicator": "F",
        "type": "CONTEST-DENY-OPPOSE-PROTEST",
        "word": "BRAVE",
        "roles": {
          "VFORM": "BASE",
          "LEX": "BRAVE",
          "WNSENSE": "brave%2:42:00::"
        },
        "start": 12,
        "end": 18
      },
      "root": "#V1511495"
    },
    {
      "V1511732": {
        "id": "V1511732",
        "indicator": "SPEECHACT",
        "type": "SA_TELL",
        "word": null,
        "roles": {
          "CONTENT": "#V1511469",
          "LEX": "ARE"
        },
        "start": 0,
        "end": 12
      },
      "V1511469": {
        "id": "V1511469",
        "indicator": "F",
        "type": "ELLIPSIS",
        "word": null,
        "roles": {
          "NEUTRAL": "#V1511445",
          "MOD": "#V1511457",
          "TENSE": "PRES",
          "PROGR": "+",
          "LEX": "ARE"
        },
        "start": 0,
        "end": 12
      },
      "V1511445": {
        "id": "V1511445",
        "indicator": "PRO",
        "type": "PERSON",
        "word": "YOU",
        "roles": {
          "PROFORM": "YOU",
          "LEX": "YOU",
          "WNSENSE": "person%1:03:00"
        },
        "start": 0,
        "end": 4
      },
      "V1511457": {
        "id": "V1511457",
        "indicator": "F",
        "type": "MODIFIER",
        "word": "ALL",
        "roles": {
          "FIGURE": "#V1511469",
          "LEX": "ALL"
        },
        "start": 4,
        "end": 8
      },
      "root": "#V1511732"
    },
    {
      "V1511491": {
        "id": "V1511491",
        "indicator": "F",
        "type": "CONTEST-DENY-OPPOSE-PROTEST",
        "word": "BRAVE",
        "roles": {
          "VFORM": "BASE",
          "LEX": "BRAVE",
          "WNSENSE": "brave%2:42:00::"
        },
        "start": 12,
        "end": 18
      },
      "root": "#V1511491"
    },
    {
      "V1511732": {
        "id": "V1511732",
        "indicator": "SPEECHACT",
        "type": "SA_TELL",
        "word": null,
        "roles": {
          "CONTENT": "#V1511469",
          "LEX": "ARE"
        },
        "start": 0,
        "end": 12
      },
      "V1511469": {
        "id": "V1511469",
        "indicator": "F",
        "type": "ELLIPSIS",
        "word": null,
        "roles": {
          "NEUTRAL": "#V1511445",
          "MOD": "#V1511457",
          "TENSE": "PRES",
          "PROGR": "+",
          "LEX": "ARE"
        },
        "start": 0,
        "end": 12
      },
      "V1511445": {
        "id": "V1511445",
        "indicator": "PRO",
        "type": "PERSON",
        "word": "YOU",
        "roles": {
          "PROFORM": "YOU",
          "LEX": "YOU",
          "WNSENSE": "person%1:03:00"
        },
        "start": 0,
        "end": 4
      },
      "V1511457": {
        "id": "V1511457",
        "indicator": "F",
        "type": "MODIFIER",
        "word": "ALL",
        "roles": {
          "FIGURE": "#V1511469",
          "LEX": "ALL"
        },
        "start": 4,
        "end": 8
      },
      "root": "#V1511732"
    },
    {
      "V1511489": {
        "id": "V1511489",
        "indicator": "F",
        "type": "CONTEST-DENY-OPPOSE-PROTEST",
        "word": "BRAVE",
        "roles": {
          "VFORM": "BASE",
          "LEX": "BRAVE",
          "WNSENSE": "brave%2:42:00::"
        },
        "start": 12,
        "end": 18
      },
      "root": "#V1511489"
    },
    {
      "V1511732": {
        "id": "V1511732",
        "indicator": "SPEECHACT",
        "type": "SA_TELL",
        "word": null,
        "roles": {
          "CONTENT": "#V1511469",
          "LEX": "ARE"
        },
        "start": 0,
        "end": 12
      },
      "V1511469": {
        "id": "V1511469",
        "indicator": "F",
        "type": "ELLIPSIS",
        "word": null,
        "roles": {
          "NEUTRAL": "#V1511445",
          "MOD": "#V1511457",
          "TENSE": "PRES",
          "PROGR": "+",
          "LEX": "ARE"
        },
        "start": 0,
        "end": 12
      },
      "V1511445": {
        "id": "V1511445",
        "indicator": "PRO",
        "type": "PERSON",
        "word": "YOU",
        "roles": {
          "PROFORM": "YOU",
          "LEX": "YOU",
          "WNSENSE": "person%1:03:00"
        },
        "start": 0,
        "end": 4
      },
      "V1511457": {
        "id": "V1511457",
        "indicator": "F",
        "type": "MODIFIER",
        "word": "ALL",
        "roles": {
          "FIGURE": "#V1511469",
          "LEX": "ALL"
        },
        "start": 4,
        "end": 8
      },
      "root": "#V1511732"
    },
    {
      "V1511487": {
        "id": "V1511487",
        "indicator": "F",
        "type": "CONTEST-DENY-OPPOSE-PROTEST",
        "word": "BRAVE",
        "roles": {
          "VFORM": "BASE",
          "LEX": "BRAVE",
          "WNSENSE": "brave%2:42:00::"
        },
        "start": 12,
        "end": 18
      },
      "root": "#V1511487"
    },
    {
      "V1511739": {
        "id": "V1511739",
        "indicator": "SPEECHACT",
        "type": "SA_TELL",
        "word": null,
        "roles": {
          "CONTENT": "#V1511469",
          "LEX": "ARE"
        },
        "start": 0,
        "end": 12
      },
      "V1511469": {
        "id": "V1511469",
        "indicator": "F",
        "type": "ELLIPSIS",
        "word": null,
        "roles": {
          "NEUTRAL": "#V1511520",
          "MOD": "#V1511457",
          "TENSE": "PRES",
          "PROGR": "+",
          "LEX": "ARE"
        },
        "start": 0,
        "end": 12
      },
      "V1511520": {
        "id": "V1511520",
        "indicator": "THE",
        "type": "QUANTITY-ABSTR",
        "word": null,
        "roles": {
          "FIGURE": "#V1511445"
        },
        "start": 0,
        "end": 4
      },
      "V1511445": {
        "id": "V1511445",
        "indicator": "PRO",
        "type": "PERSON",
        "word": "YOU",
        "roles": {
          "PROFORM": "YOU",
          "LEX": "YOU",
          "WNSENSE": "person%1:03:00"
        },
        "start": 0,
        "end": 4
      },
      "V1511457": {
        "id": "V1511457",
        "indicator": "F",
        "type": "MODIFIER",
        "word": "ALL",
        "roles": {
          "FIGURE": "#V1511469",
          "LEX": "ALL"
        },
        "start": 4,
        "end": 8
      },
      "root": "#V1511739"
    },
    {
      "V1511495": {
        "id": "V1511495",
        "indicator": "F",
        "type": "CONTEST-DENY-OPPOSE-PROTEST",
        "word": "BRAVE",
        "roles": {
          "VFORM": "BASE",
          "LEX": "BRAVE",
          "WNSENSE": "brave%2:42:00::"
        },
        "start": 12,
        "end": 18
      },
      "root": "#V1511495"
    },
    {
      "V1511739": {
        "id": "V1511739",
        "indicator": "SPEECHACT",
        "type": "SA_TELL",
        "word": null,
        "roles": {
          "CONTENT": "#V1511469",
          "LEX": "ARE"
        },
        "start": 0,
        "end": 12
      },
      "V1511469": {
        "id": "V1511469",
        "indicator": "F",
        "type": "ELLIPSIS",
        "word": null,
        "roles": {
          "NEUTRAL": "#V1511520",
          "MOD": "#V1511457",
          "TENSE": "PRES",
          "PROGR": "+",
          "LEX": "ARE"
        },
        "start": 0,
        "end": 12
      },
      "V1511520": {
        "id": "V1511520",
        "indicator": "THE",
        "type": "QUANTITY-ABSTR",
        "word": null,
        "roles": {
          "FIGURE": "#V1511445"
        },
        "start": 0,
        "end": 4
      },
      "V1511445": {
        "id": "V1511445",
        "indicator": "PRO",
        "type": "PERSON",
        "word": "YOU",
        "roles": {
          "PROFORM": "YOU",
          "LEX": "YOU",
          "WNSENSE": "person%1:03:00"
        },
        "start": 0,
        "end": 4
      },
      "V1511457": {
        "id": "V1511457",
        "indicator": "F",
        "type": "MODIFIER",
        "word": "ALL",
        "roles": {
          "FIGURE": "#V1511469",
          "LEX": "ALL"
        },
        "start": 4,
        "end": 8
      },
      "root": "#V1511739"
    },
    {
      "V1511491": {
        "id": "V1511491",
        "indicator": "F",
        "type": "CONTEST-DENY-OPPOSE-PROTEST",
        "word": "BRAVE",
        "roles": {
          "VFORM": "BASE",
          "LEX": "BRAVE",
          "WNSENSE": "brave%2:42:00::"
        },
        "start": 12,
        "end": 18
      },
      "root": "#V1511491"
    },
    {
      "V1511739": {
        "id": "V1511739",
        "indicator": "SPEECHACT",
        "type": "SA_TELL",
        "word": null,
        "roles": {
          "CONTENT": "#V1511469",
          "LEX": "ARE"
        },
        "start": 0,
        "end": 12
      },
      "V1511469": {
        "id": "V1511469",
        "indicator": "F",
        "type": "ELLIPSIS",
        "word": null,
        "roles": {
          "NEUTRAL": "#V1511520",
          "MOD": "#V1511457",
          "TENSE": "PRES",
          "PROGR": "+",
          "LEX": "ARE"
        },
        "start": 0,
        "end": 12
      },
      "V1511520": {
        "id": "V1511520",
        "indicator": "THE",
        "type": "QUANTITY-ABSTR",
        "word": null,
        "roles": {
          "FIGURE": "#V1511445"
        },
        "start": 0,
        "end": 4
      },
      "V1511445": {
        "id": "V1511445",
        "indicator": "PRO",
        "type": "PERSON",
        "word": "YOU",
        "roles": {
          "PROFORM": "YOU",
          "LEX": "YOU",
          "WNSENSE": "person%1:03:00"
        },
        "start": 0,
        "end": 4
      },
      "V1511457": {
        "id": "V1511457",
        "indicator": "F",
        "type": "MODIFIER",
        "word": "ALL",
        "roles": {
          "FIGURE": "#V1511469",
          "LEX": "ALL"
        },
        "start": 4,
        "end": 8
      },
      "root": "#V1511739"
    },
    {
      "V1511489": {
        "id": "V1511489",
        "indicator": "F",
        "type": "CONTEST-DENY-OPPOSE-PROTEST",
        "word": "BRAVE",
        "roles": {
          "VFORM": "BASE",
          "LEX": "BRAVE",
          "WNSENSE": "brave%2:42:00::"
        },
        "start": 12,
        "end": 18
      },
      "root": "#V1511489"
    },
    {
      "V1511739": {
        "id": "V1511739",
        "indicator": "SPEECHACT",
        "type": "SA_TELL",
        "word": null,
        "roles": {
          "CONTENT": "#V1511469",
          "LEX": "ARE"
        },
        "start": 0,
        "end": 12
      },
      "V1511469": {
        "id": "V1511469",
        "indicator": "F",
        "type": "ELLIPSIS",
        "word": null,
        "roles": {
          "NEUTRAL": "#V1511520",
          "MOD": "#V1511457",
          "TENSE": "PRES",
          "PROGR": "+",
          "LEX": "ARE"
        },
        "start": 0,
        "end": 12
      },
      "V1511520": {
        "id": "V1511520",
        "indicator": "THE",
        "type": "QUANTITY-ABSTR",
        "word": null,
        "roles": {
          "FIGURE": "#V1511445"
        },
        "start": 0,
        "end": 4
      },
      "V1511445": {
        "id": "V1511445",
        "indicator": "PRO",
        "type": "PERSON",
        "word": "YOU",
        "roles": {
          "PROFORM": "YOU",
          "LEX": "YOU",
          "WNSENSE": "person%1:03:00"
        },
        "start": 0,
        "end": 4
      },
      "V1511457": {
        "id": "V1511457",
        "indicator": "F",
        "type": "MODIFIER",
        "word": "ALL",
        "roles": {
          "FIGURE": "#V1511469",
          "LEX": "ALL"
        },
        "start": 4,
        "end": 8
      },
      "root": "#V1511739"
    },
    {
      "V1511487": {
        "id": "V1511487",
        "indicator": "F",
        "type": "CONTEST-DENY-OPPOSE-PROTEST",
        "word": "BRAVE",
        "roles": {
          "VFORM": "BASE",
          "LEX": "BRAVE",
          "WNSENSE": "brave%2:42:00::"
        },
        "start": 12,
        "end": 18
      },
      "root": "#V1511487"
    },
    {
      "V1511743": {
        "id": "V1511743",
        "indicator": "SPEECHACT",
        "type": "SA_TELL",
        "word": null,
        "roles": {
          "CONTENT": "#V1511469",
          "LEX": "ARE"
        },
        "start": 0,
        "end": 12
      },
      "V1511469": {
        "id": "V1511469",
        "indicator": "F",
        "type": "ELLIPSIS",
        "word": null,
        "roles": {
          "NEUTRAL": "#V1511446",
          "MOD": "#V1511457",
          "TENSE": "PRES",
          "PROGR": "+",
          "LEX": "ARE"
        },
        "start": 0,
        "end": 12
      },
      "V1511446": {
        "id": "V1511446",
        "indicator": "PRO-SET",
        "type": "PERSON",
        "word": "YOU",
        "roles": {
          "PROFORM": "YOU",
          "LEX": "YOU",
          "WNSENSE": "person%1:03:00"
        },
        "start": 0,
        "end": 4
      },
      "V1511457": {
        "id": "V1511457",
        "indicator": "F",
        "type": "MODIFIER",
        "word": "ALL",
        "roles": {
          "FIGURE": "#V1511469",
          "LEX": "ALL"
        },
        "start": 4,
        "end": 8
      },
      "root": "#V1511743"
    },
    {
      "V1511495": {
        "id": "V1511495",
        "indicator": "F",
        "type": "CONTEST-DENY-OPPOSE-PROTEST",
        "word": "BRAVE",
        "roles": {
          "VFORM": "BASE",
          "LEX": "BRAVE",
          "WNSENSE": "brave%2:42:00::"
        },
        "start": 12,
        "end": 18
      },
      "root": "#V1511495"
    },
    {
      "V1511743": {
        "id": "V1511743",
        "indicator": "SPEECHACT",
        "type": "SA_TELL",
        "word": null,
        "roles": {
          "CONTENT": "#V1511469",
          "LEX": "ARE"
        },
        "start": 0,
        "end": 12
      },
      "V1511469": {
        "id": "V1511469",
        "indicator": "F",
        "type": "ELLIPSIS",
        "word": null,
        "roles": {
          "NEUTRAL": "#V1511446",
          "MOD": "#V1511457",
          "TENSE": "PRES",
          "PROGR": "+",
          "LEX": "ARE"
        },
        "start": 0,
        "end": 12
      },
      "V1511446": {
        "id": "V1511446",
        "indicator": "PRO-SET",
        "type": "PERSON",
        "word": "YOU",
        "roles": {
          "PROFORM": "YOU",
          "LEX": "YOU",
          "WNSENSE": "person%1:03:00"
        },
        "start": 0,
        "end": 4
      },
      "V1511457": {
        "id": "V1511457",
        "indicator": "F",
        "type": "MODIFIER",
        "word": "ALL",
        "roles": {
          "FIGURE": "#V1511469",
          "LEX": "ALL"
        },
        "start": 4,
        "end": 8
      },
      "root": "#V1511743"
    },
    {
      "V1511491": {
        "id": "V1511491",
        "indicator": "F",
        "type": "CONTEST-DENY-OPPOSE-PROTEST",
        "word": "BRAVE",
        "roles": {
          "VFORM": "BASE",
          "LEX": "BRAVE",
          "WNSENSE": "brave%2:42:00::"
        },
        "start": 12,
        "end": 18
      },
      "root": "#V1511491"
    },
    {
      "V1511743": {
        "id": "V1511743",
        "indicator": "SPEECHACT",
        "type": "SA_TELL",
        "word": null,
        "roles": {
          "CONTENT": "#V1511469",
          "LEX": "ARE"
        },
        "start": 0,
        "end": 12
      },
      "V1511469": {
        "id": "V1511469",
        "indicator": "F",
        "type": "ELLIPSIS",
        "word": null,
        "roles": {
          "NEUTRAL": "#V1511446",
          "MOD": "#V1511457",
          "TENSE": "PRES",
          "PROGR": "+",
          "LEX": "ARE"
        },
        "start": 0,
        "end": 12
      },
      "V1511446": {
        "id": "V1511446",
        "indicator": "PRO-SET",
        "type": "PERSON",
        "word": "YOU",
        "roles": {
          "PROFORM": "YOU",
          "LEX": "YOU",
          "WNSENSE": "person%1:03:00"
        },
        "start": 0,
        "end": 4
      },
      "V1511457": {
        "id": "V1511457",
        "indicator": "F",
        "type": "MODIFIER",
        "word": "ALL",
        "roles": {
          "FIGURE": "#V1511469",
          "LEX": "ALL"
        },
        "start": 4,
        "end": 8
      },
      "root": "#V1511743"
    },
    {
      "V1511489": {
        "id": "V1511489",
        "indicator": "F",
        "type": "CONTEST-DENY-OPPOSE-PROTEST",
        "word": "BRAVE",
        "roles": {
          "VFORM": "BASE",
          "LEX": "BRAVE",
          "WNSENSE": "brave%2:42:00::"
        },
        "start": 12,
        "end": 18
      },
      "root": "#V1511489"
    },
    {
      "V1511743": {
        "id": "V1511743",
        "indicator": "SPEECHACT",
        "type": "SA_TELL",
        "word": null,
        "roles": {
          "CONTENT": "#V1511469",
          "LEX": "ARE"
        },
        "start": 0,
        "end": 12
      },
      "V1511469": {
        "id": "V1511469",
        "indicator": "F",
        "type": "ELLIPSIS",
        "word": null,
        "roles": {
          "NEUTRAL": "#V1511446",
          "MOD": "#V1511457",
          "TENSE": "PRES",
          "PROGR": "+",
          "LEX": "ARE"
        },
        "start": 0,
        "end": 12
      },
      "V1511446": {
        "id": "V1511446",
        "indicator": "PRO-SET",
        "type": "PERSON",
        "word": "YOU",
        "roles": {
          "PROFORM": "YOU",
          "LEX": "YOU",
          "WNSENSE": "person%1:03:00"
        },
        "start": 0,
        "end": 4
      },
      "V1511457": {
        "id": "V1511457",
        "indicator": "F",
        "type": "MODIFIER",
        "word": "ALL",
        "roles": {
          "FIGURE": "#V1511469",
          "LEX": "ALL"
        },
        "start": 4,
        "end": 8
      },
      "root": "#V1511743"
    },
    {
      "V1511487": {
        "id": "V1511487",
        "indicator": "F",
        "type": "CONTEST-DENY-OPPOSE-PROTEST",
        "word": "BRAVE",
        "roles": {
          "VFORM": "BASE",
          "LEX": "BRAVE",
          "WNSENSE": "brave%2:42:00::"
        },
        "start": 12,
        "end": 18
      },
      "root": "#V1511487"
    },
    {
      "V1511751": {
        "id": "V1511751",
        "indicator": "SPEECHACT",
        "type": "SA_TELL",
        "word": null,
        "roles": {
          "CONTENT": "#V1511469",
          "LEX": "ARE"
        },
        "start": 0,
        "end": 12
      },
      "V1511469": {
        "id": "V1511469",
        "indicator": "F",
        "type": "ELLIPSIS",
        "word": null,
        "roles": {
          "NEUTRAL": "#V1511545",
          "MOD": "#V1511457",
          "TENSE": "PRES",
          "PROGR": "+",
          "LEX": "ARE"
        },
        "start": 0,
        "end": 12
      },
      "V1511545": {
        "id": "V1511545",
        "indicator": "THE",
        "type": "QUANTITY-ABSTR",
        "word": null,
        "roles": {
          "FIGURE": "#V1511446"
        },
        "start": 0,
        "end": 4
      },
      "V1511446": {
        "id": "V1511446",
        "indicator": "PRO-SET",
        "type": "PERSON",
        "word": "YOU",
        "roles": {
          "PROFORM": "YOU",
          "LEX": "YOU",
          "WNSENSE": "person%1:03:00"
        },
        "start": 0,
        "end": 4
      },
      "V1511457": {
        "id": "V1511457",
        "indicator": "F",
        "type": "MODIFIER",
        "word": "ALL",
        "roles": {
          "FIGURE": "#V1511469",
          "LEX": "ALL"
        },
        "start": 4,
        "end": 8
      },
      "root": "#V1511751"
    },
    {
      "V1511495": {
        "id": "V1511495",
        "indicator": "F",
        "type": "CONTEST-DENY-OPPOSE-PROTEST",
        "word": "BRAVE",
        "roles": {
          "VFORM": "BASE",
          "LEX": "BRAVE",
          "WNSENSE": "brave%2:42:00::"
        },
        "start": 12,
        "end": 18
      },
      "root": "#V1511495"
    },
    {
      "V1511751": {
        "id": "V1511751",
        "indicator": "SPEECHACT",
        "type": "SA_TELL",
        "word": null,
        "roles": {
          "CONTENT": "#V1511469",
          "LEX": "ARE"
        },
        "start": 0,
        "end": 12
      },
      "V1511469": {
        "id": "V1511469",
        "indicator": "F",
        "type": "ELLIPSIS",
        "word": null,
        "roles": {
          "NEUTRAL": "#V1511545",
          "MOD": "#V1511457",
          "TENSE": "PRES",
          "PROGR": "+",
          "LEX": "ARE"
        },
        "start": 0,
        "end": 12
      },
      "V1511545": {
        "id": "V1511545",
        "indicator": "THE",
        "type": "QUANTITY-ABSTR",
        "word": null,
        "roles": {
          "FIGURE": "#V1511446"
        },
        "start": 0,
        "end": 4
      },
      "V1511446": {
        "id": "V1511446",
        "indicator": "PRO-SET",
        "type": "PERSON",
        "word": "YOU",
        "roles": {
          "PROFORM": "YOU",
          "LEX": "YOU",
          "WNSENSE": "person%1:03:00"
        },
        "start": 0,
        "end": 4
      },
      "V1511457": {
        "id": "V1511457",
        "indicator": "F",
        "type": "MODIFIER",
        "word": "ALL",
        "roles": {
          "FIGURE": "#V1511469",
          "LEX": "ALL"
        },
        "start": 4,
        "end": 8
      },
      "root": "#V1511751"
    },
    {
      "V1511491": {
        "id": "V1511491",
        "indicator": "F",
        "type": "CONTEST-DENY-OPPOSE-PROTEST",
        "word": "BRAVE",
        "roles": {
          "VFORM": "BASE",
          "LEX": "BRAVE",
          "WNSENSE": "brave%2:42:00::"
        },
        "start": 12,
        "end": 18
      },
      "root": "#V1511491"
    },
    {
      "V1511751": {
        "id": "V1511751",
        "indicator": "SPEECHACT",
        "type": "SA_TELL",
        "word": null,
        "roles": {
          "CONTENT": "#V1511469",
          "LEX": "ARE"
        },
        "start": 0,
        "end": 12
      },
      "V1511469": {
        "id": "V1511469",
        "indicator": "F",
        "type": "ELLIPSIS",
        "word": null,
        "roles": {
          "NEUTRAL": "#V1511545",
          "MOD": "#V1511457",
          "TENSE": "PRES",
          "PROGR": "+",
          "LEX": "ARE"
        },
        "start": 0,
        "end": 12
      },
      "V1511545": {
        "id": "V1511545",
        "indicator": "THE",
        "type": "QUANTITY-ABSTR",
        "word": null,
        "roles": {
          "FIGURE": "#V1511446"
        },
        "start": 0,
        "end": 4
      },
      "V1511446": {
        "id": "V1511446",
        "indicator": "PRO-SET",
        "type": "PERSON",
        "word": "YOU",
        "roles": {
          "PROFORM": "YOU",
          "LEX": "YOU",
          "WNSENSE": "person%1:03:00"
        },
        "start": 0,
        "end": 4
      },
      "V1511457": {
        "id": "V1511457",
        "indicator": "F",
        "type": "MODIFIER",
        "word": "ALL",
        "roles": {
          "FIGURE": "#V1511469",
          "LEX": "ALL"
        },
        "start": 4,
        "end": 8
      },
      "root": "#V1511751"
    },
    {
      "V1511489": {
        "id": "V1511489",
        "indicator": "F",
        "type": "CONTEST-DENY-OPPOSE-PROTEST",
        "word": "BRAVE",
        "roles": {
          "VFORM": "BASE",
          "LEX": "BRAVE",
          "WNSENSE": "brave%2:42:00::"
        },
        "start": 12,
        "end": 18
      },
      "root": "#V1511489"
    },
    {
      "V1511751": {
        "id": "V1511751",
        "indicator": "SPEECHACT",
        "type": "SA_TELL",
        "word": null,
        "roles": {
          "CONTENT": "#V1511469",
          "LEX": "ARE"
        },
        "start": 0,
        "end": 12
      },
      "V1511469": {
        "id": "V1511469",
        "indicator": "F",
        "type": "ELLIPSIS",
        "word": null,
        "roles": {
          "NEUTRAL": "#V1511545",
          "MOD": "#V1511457",
          "TENSE": "PRES",
          "PROGR": "+",
          "LEX": "ARE"
        },
        "start": 0,
        "end": 12
      },
      "V1511545": {
        "id": "V1511545",
        "indicator": "THE",
        "type": "QUANTITY-ABSTR",
        "word": null,
        "roles": {
          "FIGURE": "#V1511446"
        },
        "start": 0,
        "end": 4
      },
      "V1511446": {
        "id": "V1511446",
        "indicator": "PRO-SET",
        "type": "PERSON",
        "word": "YOU",
        "roles": {
          "PROFORM": "YOU",
          "LEX": "YOU",
          "WNSENSE": "person%1:03:00"
        },
        "start": 0,
        "end": 4
      },
      "V1511457": {
        "id": "V1511457",
        "indicator": "F",
        "type": "MODIFIER",
        "word": "ALL",
        "roles": {
          "FIGURE": "#V1511469",
          "LEX": "ALL"
        },
        "start": 4,
        "end": 8
      },
      "root": "#V1511751"
    },
    {
      "V1511487": {
        "id": "V1511487",
        "indicator": "F",
        "type": "CONTEST-DENY-OPPOSE-PROTEST",
        "word": "BRAVE",
        "roles": {
          "VFORM": "BASE",
          "LEX": "BRAVE",
          "WNSENSE": "brave%2:42:00::"
        },
        "start": 12,
        "end": 18
      },
      "root": "#V1511487"
    },
    {
      "V1511732": {
        "id": "V1511732",
        "indicator": "SPEECHACT",
        "type": "SA_TELL",
        "word": null,
        "roles": {
          "CONTENT": "#V1511469",
          "LEX": "ARE"
        },
        "start": 0,
        "end": 12
      },
      "V1511469": {
        "id": "V1511469",
        "indicator": "F",
        "type": "ELLIPSIS",
        "word": null,
        "roles": {
          "NEUTRAL": "#V1511445",
          "MOD": "#V1511457",
          "TENSE": "PRES",
          "PROGR": "+",
          "LEX": "ARE"
        },
        "start": 0,
        "end": 12
      },
      "V1511445": {
        "id": "V1511445",
        "indicator": "PRO",
        "type": "PERSON",
        "word": "YOU",
        "roles": {
          "PROFORM": "YOU",
          "LEX": "YOU",
          "WNSENSE": "person%1:03:00"
        },
        "start": 0,
        "end": 4
      },
      "V1511457": {
        "id": "V1511457",
        "indicator": "F",
        "type": "MODIFIER",
        "word": "ALL",
        "roles": {
          "FIGURE": "#V1511469",
          "LEX": "ALL"
        },
        "start": 4,
        "end": 8
      },
      "root": "#V1511732"
    },
    {
      "V1511493": {
        "id": "V1511493",
        "indicator": "F",
        "type": "CONTEST-DENY-OPPOSE-PROTEST",
        "word": "BRAVE",
        "roles": {
          "VFORM": "BASE",
          "LEX": "BRAVE",
          "WNSENSE": "brave%2:42:00::"
        },
        "start": 12,
        "end": 18
      },
      "root": "#V1511493"
    },
    {
      "V1511739": {
        "id": "V1511739",
        "indicator": "SPEECHACT",
        "type": "SA_TELL",
        "word": null,
        "roles": {
          "CONTENT": "#V1511469",
          "LEX": "ARE"
        },
        "start": 0,
        "end": 12
      },
      "V1511469": {
        "id": "V1511469",
        "indicator": "F",
        "type": "ELLIPSIS",
        "word": null,
        "roles": {
          "NEUTRAL": "#V1511520",
          "MOD": "#V1511457",
          "TENSE": "PRES",
          "PROGR": "+",
          "LEX": "ARE"
        },
        "start": 0,
        "end": 12
      },
      "V1511520": {
        "id": "V1511520",
        "indicator": "THE",
        "type": "QUANTITY-ABSTR",
        "word": null,
        "roles": {
          "FIGURE": "#V1511445"
        },
        "start": 0,
        "end": 4
      },
      "V1511445": {
        "id": "V1511445",
        "indicator": "PRO",
        "type": "PERSON",
        "word": "YOU",
        "roles": {
          "PROFORM": "YOU",
          "LEX": "YOU",
          "WNSENSE": "person%1:03:00"
        },
        "start": 0,
        "end": 4
      },
      "V1511457": {
        "id": "V1511457",
        "indicator": "F",
        "type": "MODIFIER",
        "word": "ALL",
        "roles": {
          "FIGURE": "#V1511469",
          "LEX": "ALL"
        },
        "start": 4,
        "end": 8
      },
      "root": "#V1511739"
    },
    {
      "V1511493": {
        "id": "V1511493",
        "indicator": "F",
        "type": "CONTEST-DENY-OPPOSE-PROTEST",
        "word": "BRAVE",
        "roles": {
          "VFORM": "BASE",
          "LEX": "BRAVE",
          "WNSENSE": "brave%2:42:00::"
        },
        "start": 12,
        "end": 18
      },
      "root": "#V1511493"
    },
    {
      "V1511743": {
        "id": "V1511743",
        "indicator": "SPEECHACT",
        "type": "SA_TELL",
        "word": null,
        "roles": {
          "CONTENT": "#V1511469",
          "LEX": "ARE"
        },
        "start": 0,
        "end": 12
      },
      "V1511469": {
        "id": "V1511469",
        "indicator": "F",
        "type": "ELLIPSIS",
        "word": null,
        "roles": {
          "NEUTRAL": "#V1511446",
          "MOD": "#V1511457",
          "TENSE": "PRES",
          "PROGR": "+",
          "LEX": "ARE"
        },
        "start": 0,
        "end": 12
      },
      "V1511446": {
        "id": "V1511446",
        "indicator": "PRO-SET",
        "type": "PERSON",
        "word": "YOU",
        "roles": {
          "PROFORM": "YOU",
          "LEX": "YOU",
          "WNSENSE": "person%1:03:00"
        },
        "start": 0,
        "end": 4
      },
      "V1511457": {
        "id": "V1511457",
        "indicator": "F",
        "type": "MODIFIER",
        "word": "ALL",
        "roles": {
          "FIGURE": "#V1511469",
          "LEX": "ALL"
        },
        "start": 4,
        "end": 8
      },
      "root": "#V1511743"
    },
    {
      "V1511493": {
        "id": "V1511493",
        "indicator": "F",
        "type": "CONTEST-DENY-OPPOSE-PROTEST",
        "word": "BRAVE",
        "roles": {
          "VFORM": "BASE",
          "LEX": "BRAVE",
          "WNSENSE": "brave%2:42:00::"
        },
        "start": 12,
        "end": 18
      },
      "root": "#V1511493"
    },
    {
      "V1511751": {
        "id": "V1511751",
        "indicator": "SPEECHACT",
        "type": "SA_TELL",
        "word": null,
        "roles": {
          "CONTENT": "#V1511469",
          "LEX": "ARE"
        },
        "start": 0,
        "end": 12
      },
      "V1511469": {
        "id": "V1511469",
        "indicator": "F",
        "type": "ELLIPSIS",
        "word": null,
        "roles": {
          "NEUTRAL": "#V1511545",
          "MOD": "#V1511457",
          "TENSE": "PRES",
          "PROGR": "+",
          "LEX": "ARE"
        },
        "start": 0,
        "end": 12
      },
      "V1511545": {
        "id": "V1511545",
        "indicator": "THE",
        "type": "QUANTITY-ABSTR",
        "word": null,
        "roles": {
          "FIGURE": "#V1511446"
        },
        "start": 0,
        "end": 4
      },
      "V1511446": {
        "id": "V1511446",
        "indicator": "PRO-SET",
        "type": "PERSON",
        "word": "YOU",
        "roles": {
          "PROFORM": "YOU",
          "LEX": "YOU",
          "WNSENSE": "person%1:03:00"
        },
        "start": 0,
        "end": 4
      },
      "V1511457": {
        "id": "V1511457",
        "indicator": "F",
        "type": "MODIFIER",
        "word": "ALL",
        "roles": {
          "FIGURE": "#V1511469",
          "LEX": "ALL"
        },
        "start": 4,
        "end": 8
      },
      "root": "#V1511751"
    },
    {
      "V1511493": {
        "id": "V1511493",
        "indicator": "F",
        "type": "CONTEST-DENY-OPPOSE-PROTEST",
        "word": "BRAVE",
        "roles": {
          "VFORM": "BASE",
          "LEX": "BRAVE",
          "WNSENSE": "brave%2:42:00::"
        },
        "start": 12,
        "end": 18
      },
      "root": "#V1511493"
    },
    {
      "V1511809": {
        "id": "V1511809",
        "indicator": "SPEECHACT",
        "type": "SA_IDENTIFY",
        "word": null,
        "roles": {
          "CONTENT": "#V1511806",
          "LEX": "-"
        },
        "start": 20,
        "end": 20
      },
      "V1511806": {
        "id": "V1511806",
        "indicator": "THE",
        "type": "QUANTITY-ABSTR",
        "word": null,
        "roles": {
          "FIGURE": "#V1511801"
        },
        "start": 20,
        "end": 20
      },
      "V1511801": {
        "id": "V1511801",
        "indicator": "BARE",
        "type": "REFERENTIAL-SEM",
        "word": "|...|",
        "roles": {
          "LEX": "|...|",
          "WNSENSE": "entity%1:03:00"
        },
        "start": 20,
        "end": 20
      },
      "root": "#V1511809"
    }
  ],
  "inputtags": [],
  "debug": [
    "*last-utt-id*=NIL  utt-id+273",
    "*last-utt-id*=273  utt-id+273",
    "*last-utt-id*=273  utt-id+NIL",
    "*last-utt-id*=NIL  utt-id+274",
    "*last-utt-id*=274  utt-id+NIL"
  ]
}
