{
  "parse": [
    {
      "V1402775": {
        "id": "V1402775",
        "indicator": "SPEECHACT",
        "type": "SA_IDENTIFY",
        "word": null,
        "roles": {
          "PUNCTYPE": "DECL",
          "CONTENT": "#V1402195",
          "LEX": "ASSAULT"
        },
        "start": 0,
        "end": 21
      },
      "V1402195": {
        "id": "V1402195",
        "indicator": "BARE",
        "type": "ATTACK",
        "word": "ASSAULT",
        "roles": {
          "ASSOC-WITH1": "#V1402176",
          "ASSOC-WITH": "#V1402181",
          "AGENT": "#V1402190",
          "LEX": "ASSAULT",
          "WNSENSE": "assault%2:33:00::"
        },
        "start": 0,
        "end": 21
      },
      "V1402181": {
        "id": "V1402181",
        "indicator": "KIND",
        "type": "REFERENTIAL-SEM",
        "word": "AREN",
        "roles": {
          "LEX": "AREN",
          "WNSENSE": "entity%1:03:00"
        },
        "start": 0,
        "end": 21
      },
      "V1402176": {
        "id": "V1402176",
        "indicator": "KIND",
        "type": "LINGUISTIC-OBJECT",
        "word": "WORD",
        "roles": {
          "LEX": "WORDS",
          "WNSENSE": "word%1:10:00::"
        },
        "start": 0,
        "end": 21
      },
      "V1402190": {
        "id": "V1402190",
        "indicator": "BARE",
        "type": "CHEMICAL",
        "word": "T",
        "roles": {
          "LEX": "T",
          "WNSENSE": "t%1:27:01::"
        },
        "start": 11,
        "end": 13
      },
      "root": "#V1402775"
    }
  ],
  "inputtags": [],
  "debug": [
    "*last-utt-id*=NIL  utt-id+261",
    "*last-utt-id*=261  utt-id+NIL"
  ]
}
