{
  "parse": [
    {
      "V1676976": {
        "id": "V1676976",
        "indicator": "SA-SEQ",
        "type": "SPEECH-ACT",
        "word": null,
        "roles": {
          "ACT": "#V1676897",
          "ACT1": "#V1676238",
          "LEX": "COOL"
        },
        "start": 9,
        "end": 33
      },
      "V1676897": {
        "id": "V1676897",
        "indicator": "SPEECHACT",
        "type": "SA_PRED-FRAGMENT",
        "word": null,
        "roles": {
          "CONTENT": "#V1676877",
          "LEX": "HORRIFIED"
        },
        "start": 9,
        "end": 28
      },
      "V1676877": {
        "id": "V1676877",
        "indicator": "F",
        "type": "STATE-RESULTING-FROM",
        "word": null,
        "roles": {
          "FIGURE": "#V1676898",
          "GROUND": "#V1676127",
          "LEX": "HORRIFIED"
        },
        "start": 9,
        "end": 28
      },
      "V1676127": {
        "id": "V1676127",
        "indicator": "F",
        "type": "EVOKE-DISGUST",
        "word": "HORRIFY",
        "roles": {
          "RESULT": "#V1676167",
          "AFFECTED": "#V1676898",
          "TIME": "#V1676497",
          "WNSENSE": "horrify%2:37:01::"
        },
        "start": 9,
        "end": 28
      },
      "V1676898": {
        "id": "V1676898",
        "indicator": "IMPRO",
        "type": "ANY-SEM",
        "word": null,
        "roles": {
          "CONTEXT-REL": "UTT-FRAG",
          "COREF": "#V1676510"
        },
        "start": 9,
        "end": 28
      },
      "V1676497": {
        "id": "V1676497",
        "indicator": "F",
        "type": "TIME-SPAN-REL",
        "word": null,
        "roles": {
          "FIGURE": "#V1676127",
          "GROUND": "#V1676510"
        },
        "start": 19,
        "end": 21
      },
      "V1676510": {
        "id": "V1676510",
        "indicator": "THE",
        "type": "TIME-LOC",
        "word": null,
        "roles": {
          "DAY-OF-WEEK": "#V1676447",
          "LEX": "I"
        },
        "start": 19,
        "end": 21
      },
      "V1676447": {
        "id": "V1676447",
        "indicator": "THE",
        "type": "SEQUENCE",
        "word": null,
        "roles": {
          "NAME-OF": "(I)",
          "VAL": "(I)",
          "LEX": "I"
        },
        "start": 19,
        "end": 21
      },
      "V1676167": {
        "id": "V1676167",
        "indicator": "F",
        "type": "STAY",
        "word": "STAY",
        "roles": {
          "AFFECTED": "#V1676898",
          "LEX": "STAYED",
          "WNSENSE": "stay%2:30:00::"
        },
        "start": 21,
        "end": 28
      },
      "V1676238": {
        "id": "V1676238",
        "indicator": "SPEECHACT",
        "type": "SA_EVALUATE",
        "word": null,
        "roles": {
          "CONTENT": "#V1676170",
          "LEX": "COOL"
        },
        "start": 28,
        "end": 33
      },
      "V1676170": {
        "id": "V1676170",
        "indicator": "F",
        "type": "GOOD",
        "word": "COOL",
        "roles": {
          "ORIENTATION": "MORE",
          "INTENSITY": "MED",
          "FIGURE": "#V1676239",
          "SCALE": "GOODNESS-SCALE",
          "LEX": "COOL",
          "WNSENSE": "advantageous%3:00:00::"
        },
        "start": 28,
        "end": 33
      },
      "V1676239": {
        "id": "V1676239",
        "indicator": "IMPRO",
        "type": "ANY-SEM",
        "word": null,
        "roles": {
          "COREF": "#V1676510"
        },
        "start": 28,
        "end": 33
      },
      "root": "#V1676976"
    },
    {
      "V1676464": {
        "id": "V1676464",
        "indicator": "SPEECHACT",
        "type": "SA_TELL",
        "word": null,
        "roles": {
          "PUNCTYPE": "DECL",
          "CONTENT": "#V1676192",
          "LEX": "HAPPENED"
        },
        "start": 35,
        "end": 58
      },
      "V1676192": {
        "id": "V1676192",
        "indicator": "F",
        "type": "OCCURRING",
        "word": "HAPPEN",
        "roles": {
          "NEUTRAL": "#V1676184",
          "TENSE": "PAST",
          "LEX": "HAPPENED",
          "WNSENSE": "happen%2:30:00::"
        },
        "start": 35,
        "end": 58
      },
      "V1676184": {
        "id": "V1676184",
        "indicator": "QUANTIFIER",
        "type": "REFERENTIAL-SEM",
        "word": "NOTHING",
        "roles": {
          "PROFORM": "NOTHING",
          "MOD": "#V1676187",
          "LEX": "NOTHING",
          "WNSENSE": "entity%1:03:00"
        },
        "start": 35,
        "end": 49
      },
      "V1676187": {
        "id": "V1676187",
        "indicator": "F",
        "type": "LESS-VAL",
        "word": "BAD",
        "roles": {
          "ORIENTATION": "LESS",
          "INTENSITY": "MED",
          "FIGURE": "#V1676184",
          "SCALE": "ACCEPTABILITY-VAL",
          "LEX": "WORSE",
          "WNSENSE": "worse%3:00:00::"
        },
        "start": 43,
        "end": 49
      },
      "root": "#V1676464"
    },
    {
      "V1676976": {
        "id": "V1676976",
        "indicator": "SA-SEQ",
        "type": "SPEECH-ACT",
        "word": null,
        "roles": {
          "ACT": "#V1676897",
          "ACT1": "#V1676238",
          "LEX": "COOL"
        },
        "start": 9,
        "end": 33
      },
      "V1676897": {
        "id": "V1676897",
        "indicator": "SPEECHACT",
        "type": "SA_PRED-FRAGMENT",
        "word": null,
        "roles": {
          "CONTENT": "#V1676877",
          "LEX": "HORRIFIED"
        },
        "start": 9,
        "end": 28
      },
      "V1676877": {
        "id": "V1676877",
        "indicator": "F",
        "type": "STATE-RESULTING-FROM",
        "word": null,
        "roles": {
          "FIGURE": "#V1676898",
          "GROUND": "#V1676127",
          "LEX": "HORRIFIED"
        },
        "start": 9,
        "end": 28
      },
      "V1676127": {
        "id": "V1676127",
        "indicator": "F",
        "type": "EVOKE-DISGUST",
        "word": "HORRIFY",
        "roles": {
          "RESULT": "#V1676167",
          "AFFECTED": "#V1676898",
          "TIME": "#V1676497",
          "WNSENSE": "horrify%2:37:01::"
        },
        "start": 9,
        "end": 28
      },
      "V1676898": {
        "id": "V1676898",
        "indicator": "IMPRO",
        "type": "ANY-SEM",
        "word": null,
        "roles": {
          "CONTEXT-REL": "UTT-FRAG"
        },
        "start": 9,
        "end": 28
      },
      "V1676497": {
        "id": "V1676497",
        "indicator": "F",
        "type": "TIME-SPAN-REL",
        "word": null,
        "roles": {
          "FIGURE": "#V1676127",
          "GROUND": "#V1676510"
        },
        "start": 19,
        "end": 21
      },
      "V1676510": {
        "id": "V1676510",
        "indicator": "THE",
        "type": "TIME-LOC",
        "word": null,
        "roles": {
          "DAY-OF-WEEK": "#V1676447",
          "LEX": "I"
        },
        "start": 19,
        "end": 21
      },
      "V1676447": {
        "id": "V1676447",
        "indicator": "THE",
        "type": "SEQUENCE",
        "word": null,
        "roles": {
          "NAME-OF": "(I)",
          "VAL": "(I)",
          "LEX": "I"
        },
        "start": 19,
        "end": 21
      },
      "V1676167": {
        "id": "V1676167",
        "indicator": "F",
        "type": "STAY",
        "word": "STAY",
        "roles": {
          "AFFECTED": "#V1676898",
          "LEX": "STAYED",
          "WNSENSE": "stay%2:30:00::"
        },
        "start": 21,
        "end": 28
      },
      "V1676238": {
        "id": "V1676238",
        "indicator": "SPEECHACT",
        "type": "SA_EVALUATE",
        "word": null,
        "roles": {
          "CONTENT": "#V1676170",
          "LEX": "COOL"
        },
        "start": 28,
        "end": 33
      },
      "V1676170": {
        "id": "V1676170",
        "indicator": "F",
        "type": "GOOD",
        "word": "COOL",
        "roles": {
          "ORIENTATION": "MORE",
          "INTENSITY": "MED",
          "FIGURE": "#V1676239",
          "SCALE": "GOODNESS-SCALE",
          "LEX": "COOL",
          "WNSENSE": "advantageous%3:00:00::"
        },
        "start": 28,
        "end": 33
      },
      "V1676239": {
        "id": "V1676239",
        "indicator": "IMPRO",
        "type": "ANY-SEM",
        "word": null,
        "roles": {},
        "start": 28,
        "end": 33
      },
      "root": "#V1676976"
    },
    {
      "V1676461": {
        "id": "V1676461",
        "indicator": "SPEECHACT",
        "type": "SA_TELL",
        "word": null,
        "roles": {
          "PUNCTYPE": "DECL",
          "CONTENT": "#V1676192",
          "LEX": "HAPPENED"
        },
        "start": 35,
        "end": 59
      },
      "V1676192": {
        "id": "V1676192",
        "indicator": "F",
        "type": "OCCURRING",
        "word": "HAPPEN",
        "roles": {
          "NEUTRAL": "#V1676184",
          "TENSE": "PAST",
          "LEX": "HAPPENED",
          "WNSENSE": "happen%2:30:00::"
        },
        "start": 35,
        "end": 58
      },
      "V1676184": {
        "id": "V1676184",
        "indicator": "QUANTIFIER",
        "type": "REFERENTIAL-SEM",
        "word": "NOTHING",
        "roles": {
          "PROFORM": "NOTHING",
          "MOD": "#V1676187",
          "LEX": "NOTHING",
          "WNSENSE": "entity%1:03:00"
        },
        "start": 35,
        "end": 49
      },
      "V1676187": {
        "id": "V1676187",
        "indicator": "F",
        "type": "LESS-VAL",
        "word": "BAD",
        "roles": {
          "ORIENTATION": "LESS",
          "INTENSITY": "MED",
          "FIGURE": "#V1676184",
          "SCALE": "ACCEPTABILITY-VAL",
          "LEX": "WORSE",
          "WNSENSE": "worse%3:00:00::"
        },
        "start": 43,
        "end": 49
      },
      "root": "#V1676461"
    },
    {
      "V1676976": {
        "id": "V1676976",
        "indicator": "SA-SEQ",
        "type": "SPEECH-ACT",
        "word": null,
        "roles": {
          "ACT": "#V1676897",
          "ACT1": "#V1676238",
          "LEX": "COOL"
        },
        "start": 9,
        "end": 33
      },
      "V1676897": {
        "id": "V1676897",
        "indicator": "SPEECHACT",
        "type": "SA_PRED-FRAGMENT",
        "word": null,
        "roles": {
          "CONTENT": "#V1676877",
          "LEX": "HORRIFIED"
        },
        "start": 9,
        "end": 28
      },
      "V1676877": {
        "id": "V1676877",
        "indicator": "F",
        "type": "STATE-RESULTING-FROM",
        "word": null,
        "roles": {
          "FIGURE": "#V1676898",
          "GROUND": "#V1676127",
          "LEX": "HORRIFIED"
        },
        "start": 9,
        "end": 28
      },
      "V1676127": {
        "id": "V1676127",
        "indicator": "F",
        "type": "EVOKE-DISGUST",
        "word": "HORRIFY",
        "roles": {
          "RESULT": "#V1676167",
          "AFFECTED": "#V1676898",
          "TIME": "#V1676497",
          "WNSENSE": "horrify%2:37:01::"
        },
        "start": 9,
        "end": 28
      },
      "V1676898": {
        "id": "V1676898",
        "indicator": "IMPRO",
        "type": "ANY-SEM",
        "word": null,
        "roles": {
          "CONTEXT-REL": "UTT-FRAG"
        },
        "start": 9,
        "end": 28
      },
      "V1676497": {
        "id": "V1676497",
        "indicator": "F",
        "type": "TIME-SPAN-REL",
        "word": null,
        "roles": {
          "FIGURE": "#V1676127",
          "GROUND": "#V1676510"
        },
        "start": 19,
        "end": 21
      },
      "V1676510": {
        "id": "V1676510",
        "indicator": "THE",
        "type": "TIME-LOC",
        "word": null,
        "roles": {
          "DAY-OF-WEEK": "#V1676447",
          "LEX": "I"
        },
        "start": 19,
        "end": 21
      },
      "V1676447": {
        "id": "V1676447",
        "indicator": "THE",
        "type": "SEQUENCE",
        "word": null,
        "roles": {
          "NAME-OF": "(I)",
          "VAL": "(I)",
          "LEX": "I"
        },
        "start": 19,
        "end": 21
      },
      "V1676167": {
        "id": "V1676167",
        "indicator": "F",
        "type": "STAY",
        "word": "STAY",
        "roles": {
          "AFFECTED": "#V1676898",
          "LEX": "STAYED",
          "WNSENSE": "stay%2:30:00::"
        },
        "start": 21,
        "end": 28
      },
      "V1676238": {
        "id": "V1676238",
        "indicator": "SPEECHACT",
        "type": "SA_EVALUATE",
        "word": null,
        "roles": {
          "CONTENT": "#V1676170",
          "LEX": "COOL"
        },
        "start": 28,
        "end": 33
      },
      "V1676170": {
        "id": "V1676170",
        "indicator": "F",
        "type": "GOOD",
        "word": "COOL",
        "roles": {
          "ORIENTATION": "MORE",
          "INTENSITY": "MED",
          "FIGURE": "#V1676239",
          "SCALE": "GOODNESS-SCALE",
          "LEX": "COOL",
          "WNSENSE": "advantageous%3:00:00::"
        },
        "start": 28,
        "end": 33
      },
      "V1676239": {
        "id": "V1676239",
        "indicator": "IMPRO",
        "type": "ANY-SEM",
        "word": null,
        "roles": {},
        "start": 28,
        "end": 33
      },
      "root": "#V1676976"
    },
    {
      "V1676464": {
        "id": "V1676464",
        "indicator": "SPEECHACT",
        "type": "SA_TELL",
        "word": null,
        "roles": {
          "PUNCTYPE": "DECL",
          "CONTENT": "#V1676192",
          "LEX": "HAPPENED"
        },
        "start": 35,
        "end": 59
      },
      "V1676192": {
        "id": "V1676192",
        "indicator": "F",
        "type": "OCCURRING",
        "word": "HAPPEN",
        "roles": {
          "NEUTRAL": "#V1676184",
          "TENSE": "PAST",
          "LEX": "HAPPENED",
          "WNSENSE": "happen%2:30:00::"
        },
        "start": 35,
        "end": 58
      },
      "V1676184": {
        "id": "V1676184",
        "indicator": "QUANTIFIER",
        "type": "REFERENTIAL-SEM",
        "word": "NOTHING",
        "roles": {
          "PROFORM": "NOTHING",
          "MOD": "#V1676187",
          "LEX": "NOTHING",
          "WNSENSE": "entity%1:03:00"
        },
        "start": 35,
        "end": 49
      },
      "V1676187": {
        "id": "V1676187",
        "indicator": "F",
        "type": "LESS-VAL",
        "word": "BAD",
        "roles": {
          "ORIENTATION": "LESS",
          "INTENSITY": "MED",
          "FIGURE": "#V1676184",
          "SCALE": "ACCEPTABILITY-VAL",
          "LEX": "WORSE",
          "WNSENSE": "worse%3:00:00::"
        },
        "start": 43,
        "end": 49
      },
      "root": "#V1676464"
    },
    {
      "V1676976": {
        "id": "V1676976",
        "indicator": "SA-SEQ",
        "type": "SPEECH-ACT",
        "word": null,
        "roles": {
          "ACT": "#V1676897",
          "ACT1": "#V1676238",
          "LEX": "COOL"
        },
        "start": 9,
        "end": 33
      },
      "V1676897": {
        "id": "V1676897",
        "indicator": "SPEECHACT",
        "type": "SA_PRED-FRAGMENT",
        "word": null,
        "roles": {
          "CONTENT": "#V1676877",
          "LEX": "HORRIFIED"
        },
        "start": 9,
        "end": 28
      },
      "V1676877": {
        "id": "V1676877",
        "indicator": "F",
        "type": "STATE-RESULTING-FROM",
        "word": null,
        "roles": {
          "FIGURE": "#V1676898",
          "GROUND": "#V1676127",
          "LEX": "HORRIFIED"
        },
        "start": 9,
        "end": 28
      },
      "V1676127": {
        "id": "V1676127",
        "indicator": "F",
        "type": "EVOKE-DISGUST",
        "word": "HORRIFY",
        "roles": {
          "RESULT": "#V1676167",
          "AFFECTED": "#V1676898",
          "TIME": "#V1676497",
          "WNSENSE": "horrify%2:37:01::"
        },
        "start": 9,
        "end": 28
      },
      "V1676898": {
        "id": "V1676898",
        "indicator": "IMPRO",
        "type": "ANY-SEM",
        "word": null,
        "roles": {
          "CONTEXT-REL": "UTT-FRAG"
        },
        "start": 9,
        "end": 28
      },
      "V1676497": {
        "id": "V1676497",
        "indicator": "F",
        "type": "TIME-SPAN-REL",
        "word": null,
        "roles": {
          "FIGURE": "#V1676127",
          "GROUND": "#V1676510"
        },
        "start": 19,
        "end": 21
      },
      "V1676510": {
        "id": "V1676510",
        "indicator": "THE",
        "type": "TIME-LOC",
        "word": null,
        "roles": {
          "DAY-OF-WEEK": "#V1676447",
          "LEX": "I"
        },
        "start": 19,
        "end": 21
      },
      "V1676447": {
        "id": "V1676447",
        "indicator": "THE",
        "type": "SEQUENCE",
        "word": null,
        "roles": {
          "NAME-OF": "(I)",
          "VAL": "(I)",
          "LEX": "I"
        },
        "start": 19,
        "end": 21
      },
      "V1676167": {
        "id": "V1676167",
        "indicator": "F",
        "type": "STAY",
        "word": "STAY",
        "roles": {
          "AFFECTED": "#V1676898",
          "LEX": "STAYED",
          "WNSENSE": "stay%2:30:00::"
        },
        "start": 21,
        "end": 28
      },
      "V1676238": {
        "id": "V1676238",
        "indicator": "SPEECHACT",
        "type": "SA_EVALUATE",
        "word": null,
        "roles": {
          "CONTENT": "#V1676170",
          "LEX": "COOL"
        },
        "start": 28,
        "end": 33
      },
      "V1676170": {
        "id": "V1676170",
        "indicator": "F",
        "type": "GOOD",
        "word": "COOL",
        "roles": {
          "ORIENTATION": "MORE",
          "INTENSITY": "MED",
          "FIGURE": "#V1676239",
          "SCALE": "GOODNESS-SCALE",
          "LEX": "COOL",
          "WNSENSE": "advantageous%3:00:00::"
        },
        "start": 28,
        "end": 33
      },
      "V1676239": {
        "id": "V1676239",
        "indicator": "IMPRO",
        "type": "ANY-SEM",
        "word": null,
        "roles": {},
        "start": 28,
        "end": 33
      },
      "root": "#V1676976"
    },
    {
      "V1676461": {
        "id": "V1676461",
        "indicator": "SPEECHACT",
        "type": "SA_TELL",
        "word": null,
        "roles": {
          "PUNCTYPE": "DECL",
          "CONTENT": "#V1676192",
          "LEX": "HAPPENED"
        },
        "start": 35,
        "end": 59
      },
      "V1676192": {
        "id": "V1676192",
        "indicator": "F",
        "type": "OCCURRING",
        "word": "HAPPEN",
        "roles": {
          "NEUTRAL": "#V1676184",
          "TENSE": "PAST",
          "LEX": "HAPPENED",
          "WNSENSE": "happen%2:30:00::"
        },
        "start": 35,
        "end": 58
      },
      "V1676184": {
        "id": "V1676184",
        "indicator": "QUANTIFIER",
        "type": "REFERENTIAL-SEM",
        "word": "NOTHING",
        "roles": {
          "PROFORM": "NOTHING",
          "MOD": "#V1676187",
          "LEX": "NOTHING",
          "WNSENSE": "entity%1:03:00"
        },
        "start": 35,
        "end": 49
      },
      "V1676187": {
        "id": "V1676187",
        "indicator": "F",
        "type": "LESS-VAL",
        "word": "BAD",
        "roles": {
          "ORIENTATION": "LESS",
          "INTENSITY": "MED",
          "FIGURE": "#V1676184",
          "SCALE": "ACCEPTABILITY-VAL",
          "LEX": "WORSE",
          "WNSENSE": "worse%3:00:00::"
        },
        "start": 43,
        "end": 49
      },
      "root": "#V1676461"
    },
    {
      "V1676976": {
        "id": "V1676976",
        "indicator": "SA-SEQ",
        "type": "SPEECH-ACT",
        "word": null,
        "roles": {
          "ACT": "#V1676897",
          "ACT1": "#V1676238",
          "LEX": "COOL"
        },
        "start": 9,
        "end": 33
      },
      "V1676897": {
        "id": "V1676897",
        "indicator": "SPEECHACT",
        "type": "SA_PRED-FRAGMENT",
        "word": null,
        "roles": {
          "CONTENT": "#V1676877",
          "LEX": "HORRIFIED"
        },
        "start": 9,
        "end": 28
      },
      "V1676877": {
        "id": "V1676877",
        "indicator": "F",
        "type": "STATE-RESULTING-FROM",
        "word": null,
        "roles": {
          "FIGURE": "#V1676898",
          "GROUND": "#V1676127",
          "LEX": "HORRIFIED"
        },
        "start": 9,
        "end": 28
      },
      "V1676127": {
        "id": "V1676127",
        "indicator": "F",
        "type": "EVOKE-DISGUST",
        "word": "HORRIFY",
        "roles": {
          "RESULT": "#V1676167",
          "AFFECTED": "#V1676898",
          "TIME": "#V1676497",
          "WNSENSE": "horrify%2:37:01::"
        },
        "start": 9,
        "end": 28
      },
      "V1676898": {
        "id": "V1676898",
        "indicator": "IMPRO",
        "type": "ANY-SEM",
        "word": null,
        "roles": {
          "CONTEXT-REL": "UTT-FRAG"
        },
        "start": 9,
        "end": 28
      },
      "V1676497": {
        "id": "V1676497",
        "indicator": "F",
        "type": "TIME-SPAN-REL",
        "word": null,
        "roles": {
          "FIGURE": "#V1676127",
          "GROUND": "#V1676510"
        },
        "start": 19,
        "end": 21
      },
      "V1676510": {
        "id": "V1676510",
        "indicator": "THE",
        "type": "TIME-LOC",
        "word": null,
        "roles": {
          "DAY-OF-WEEK": "#V1676447",
          "LEX": "I"
        },
        "start": 19,
        "end": 21
      },
      "V1676447": {
        "id": "V1676447",
        "indicator": "THE",
        "type": "SEQUENCE",
        "word": null,
        "roles": {
          "NAME-OF": "(I)",
          "VAL": "(I)",
          "LEX": "I"
        },
        "start": 19,
        "end": 21
      },
      "V1676167": {
        "id": "V1676167",
        "indicator": "F",
        "type": "STAY",
        "word": "STAY",
        "roles": {
          "AFFECTED": "#V1676898",
          "LEX": "STAYED",
          "WNSENSE": "stay%2:30:00::"
        },
        "start": 21,
        "end": 28
      },
      "V1676238": {
        "id": "V1676238",
        "indicator": "SPEECHACT",
        "type": "SA_EVALUATE",
        "word": null,
        "roles": {
          "CONTENT": "#V1676170",
          "LEX": "COOL"
        },
        "start": 28,
        "end": 33
      },
      "V1676170": {
        "id": "V1676170",
        "indicator": "F",
        "type": "GOOD",
        "word": "COOL",
        "roles": {
          "ORIENTATION": "MORE",
          "INTENSITY": "MED",
          "FIGURE": "#V1676239",
          "SCALE": "GOODNESS-SCALE",
          "LEX": "COOL",
          "WNSENSE": "advantageous%3:00:00::"
        },
        "start": 28,
        "end": 33
      },
      "V1676239": {
        "id": "V1676239",
        "indicator": "IMPRO",
        "type": "ANY-SEM",
        "word": null,
        "roles": {},
        "start": 28,
        "end": 33
      },
      "root": "#V1676976"
    },
    {
      "V1676464": {
        "id": "V1676464",
        "indicator": "SPEECHACT",
        "type": "SA_TELL",
        "word": null,
        "roles": {
          "PUNCTYPE": "DECL",
          "CONTENT": "#V1676192",
          "LEX": "HAPPENED"
        },
        "start": 35,
        "end": 59
      },
      "V1676192": {
        "id": "V1676192",
        "indicator": "F",
        "type": "OCCURRING",
        "word": "HAPPEN",
        "roles": {
          "NEUTRAL": "#V1676184",
          "TENSE": "PAST",
          "LEX": "HAPPENED",
          "WNSENSE": "happen%2:30:00::"
        },
        "start": 35,
        "end": 58
      },
      "V1676184": {
        "id": "V1676184",
        "indicator": "QUANTIFIER",
        "type": "REFERENTIAL-SEM",
        "word": "NOTHING",
        "roles": {
          "PROFORM": "NOTHING",
          "MOD": "#V1676187",
          "LEX": "NOTHING",
          "WNSENSE": "entity%1:03:00"
        },
        "start": 35,
        "end": 49
      },
      "V1676187": {
        "id": "V1676187",
        "indicator": "F",
        "type": "LESS-VAL",
        "word": "BAD",
        "roles": {
          "ORIENTATION": "LESS",
          "INTENSITY": "MED",
          "FIGURE": "#V1676184",
          "SCALE": "ACCEPTABILITY-VAL",
          "LEX": "WORSE",
          "WNSENSE": "worse%3:00:00::"
        },
        "start": 43,
        "end": 49
      },
      "root": "#V1676464"
    },
    {
      "V1676976": {
        "id": "V1676976",
        "indicator": "SA-SEQ",
        "type": "SPEECH-ACT",
        "word": null,
        "roles": {
          "ACT": "#V1676897",
          "ACT1": "#V1676238",
          "LEX": "COOL"
        },
        "start": 9,
        "end": 33
      },
      "V1676897": {
        "id": "V1676897",
        "indicator": "SPEECHACT",
        "type": "SA_PRED-FRAGMENT",
        "word": null,
        "roles": {
          "CONTENT": "#V1676877",
          "LEX": "HORRIFIED"
        },
        "start": 9,
        "end": 28
      },
      "V1676877": {
        "id": "V1676877",
        "indicator": "F",
        "type": "STATE-RESULTING-FROM",
        "word": null,
        "roles": {
          "FIGURE": "#V1676898",
          "GROUND": "#V1676127",
          "LEX": "HORRIFIED"
        },
        "start": 9,
        "end": 28
      },
      "V1676127": {
        "id": "V1676127",
        "indicator": "F",
        "type": "EVOKE-DISGUST",
        "word": "HORRIFY",
        "roles": {
          "RESULT": "#V1676167",
          "AFFECTED": "#V1676898",
          "TIME": "#V1676497",
          "WNSENSE": "horrify%2:37:01::"
        },
        "start": 9,
        "end": 28
      },
      "V1676898": {
        "id": "V1676898",
        "indicator": "IMPRO",
        "type": "ANY-SEM",
        "word": null,
        "roles": {
          "CONTEXT-REL": "UTT-FRAG"
        },
        "start": 9,
        "end": 28
      },
      "V1676497": {
        "id": "V1676497",
        "indicator": "F",
        "type": "TIME-SPAN-REL",
        "word": null,
        "roles": {
          "FIGURE": "#V1676127",
          "GROUND": "#V1676510"
        },
        "start": 19,
        "end": 21
      },
      "V1676510": {
        "id": "V1676510",
        "indicator": "THE",
        "type": "TIME-LOC",
        "word": null,
        "roles": {
          "DAY-OF-WEEK": "#V1676447",
          "LEX": "I"
        },
        "start": 19,
        "end": 21
      },
      "V1676447": {
        "id": "V1676447",
        "indicator": "THE",
        "type": "SEQUENCE",
        "word": null,
        "roles": {
          "NAME-OF": "(I)",
          "VAL": "(I)",
          "LEX": "I"
        },
        "start": 19,
        "end": 21
      },
      "V1676167": {
        "id": "V1676167",
        "indicator": "F",
        "type": "STAY",
        "word": "STAY",
        "roles": {
          "AFFECTED": "#V1676898",
          "LEX": "STAYED",
          "WNSENSE": "stay%2:30:00::"
        },
        "start": 21,
        "end": 28
      },
      "V1676238": {
        "id": "V1676238",
        "indicator": "SPEECHACT",
        "type": "SA_EVALUATE",
        "word": null,
        "roles": {
          "CONTENT": "#V1676170",
          "LEX": "COOL"
        },
        "start": 28,
        "end": 33
      },
      "V1676170": {
        "id": "V1676170",
        "indicator": "F",
        "type": "GOOD",
        "word": "COOL",
        "roles": {
          "ORIENTATION": "MORE",
          "INTENSITY": "MED",
          "FIGURE": "#V1676239",
          "SCALE": "GOODNESS-SCALE",
          "LEX": "COOL",
          "WNSENSE": "advantageous%3:00:00::"
        },
        "start": 28,
        "end": 33
      },
      "V1676239": {
        "id": "V1676239",
        "indicator": "IMPRO",
        "type": "ANY-SEM",
        "word": null,
        "roles": {},
        "start": 28,
        "end": 33
      },
      "root": "#V1676976"
    },
    {
      "V1676461": {
        "id": "V1676461",
        "indicator": "SPEECHACT",
        "type": "SA_TELL",
        "word": null,
        "roles": {
          "PUNCTYPE": "DECL",
          "CONTENT": "#V1676192",
          "LEX": "HAPPENED"
        },
        "start": 35,
        "end": 59
      },
      "V1676192": {
        "id": "V1676192",
        "indicator": "F",
        "type": "OCCURRING",
        "word": "HAPPEN",
        "roles": {
          "NEUTRAL": "#V1676184",
          "TENSE": "PAST",
          "LEX": "HAPPENED",
          "WNSENSE": "happen%2:30:00::"
        },
        "start": 35,
        "end": 58
      },
      "V1676184": {
        "id": "V1676184",
        "indicator": "QUANTIFIER",
        "type": "REFERENTIAL-SEM",
        "word": "NOTHING",
        "roles": {
          "PROFORM": "NOTHING",
          "MOD": "#V1676187",
          "LEX": "NOTHING",
          "WNSENSE": "entity%1:03:00"
        },
        "start": 35,
        "end": 49
      },
      "V1676187": {
        "id": "V1676187",
        "indicator": "F",
        "type": "LESS-VAL",
        "word": "BAD",
        "roles": {
          "ORIENTATION": "LESS",
          "INTENSITY": "MED",
          "FIGURE": "#V1676184",
          "SCALE": "ACCEPTABILITY-VAL",
          "LEX": "WORSE",
          "WNSENSE": "worse%3:00:00::"
        },
        "start": 43,
        "end": 49
      },
      "root": "#V1676461"
    },
    {
      "V1676976": {
        "id": "V1676976",
        "indicator": "SA-SEQ",
        "type": "SPEECH-ACT",
        "word": null,
        "roles": {
          "ACT": "#V1676897",
          "ACT1": "#V1676238",
          "LEX": "COOL"
        },
        "start": 9,
        "end": 33
      },
      "V1676897": {
        "id": "V1676897",
        "indicator": "SPEECHACT",
        "type": "SA_PRED-FRAGMENT",
        "word": null,
        "roles": {
          "CONTENT": "#V1676877",
          "LEX": "HORRIFIED"
        },
        "start": 9,
        "end": 28
      },
      "V1676877": {
        "id": "V1676877",
        "indicator": "F",
        "type": "STATE-RESULTING-FROM",
        "word": null,
        "roles": {
          "FIGURE": "#V1676898",
          "GROUND": "#V1676127",
          "LEX": "HORRIFIED"
        },
        "start": 9,
        "end": 28
      },
      "V1676127": {
        "id": "V1676127",
        "indicator": "F",
        "type": "EVOKE-DISGUST",
        "word": "HORRIFY",
        "roles": {
          "RESULT": "#V1676167",
          "AFFECTED": "#V1676898",
          "TIME": "#V1676497",
          "WNSENSE": "horrify%2:37:01::"
        },
        "start": 9,
        "end": 28
      },
      "V1676898": {
        "id": "V1676898",
        "indicator": "IMPRO",
        "type": "ANY-SEM",
        "word": null,
        "roles": {
          "CONTEXT-REL": "UTT-FRAG"
        },
        "start": 9,
        "end": 28
      },
      "V1676497": {
        "id": "V1676497",
        "indicator": "F",
        "type": "TIME-SPAN-REL",
        "word": null,
        "roles": {
          "FIGURE": "#V1676127",
          "GROUND": "#V1676510"
        },
        "start": 19,
        "end": 21
      },
      "V1676510": {
        "id": "V1676510",
        "indicator": "THE",
        "type": "TIME-LOC",
        "word": null,
        "roles": {
          "DAY-OF-WEEK": "#V1676447",
          "LEX": "I"
        },
        "start": 19,
        "end": 21
      },
      "V1676447": {
        "id": "V1676447",
        "indicator": "THE",
        "type": "SEQUENCE",
        "word": null,
        "roles": {
          "NAME-OF": "(I)",
          "VAL": "(I)",
          "LEX": "I"
        },
        "start": 19,
        "end": 21
      },
      "V1676167": {
        "id": "V1676167",
        "indicator": "F",
        "type": "STAY",
        "word": "STAY",
        "roles": {
          "AFFECTED": "#V1676898",
          "LEX": "STAYED",
          "WNSENSE": "stay%2:30:00::"
        },
        "start": 21,
        "end": 28
      },
      "V1676238": {
        "id": "V1676238",
        "indicator": "SPEECHACT",
        "type": "SA_EVALUATE",
        "word": null,
        "roles": {
          "CONTENT": "#V1676170",
          "LEX": "COOL"
        },
        "start": 28,
        "end": 33
      },
      "V1676170": {
        "id": "V1676170",
        "indicator": "F",
        "type": "GOOD",
        "word": "COOL",
        "roles": {
          "ORIENTATION": "MORE",
          "INTENSITY": "MED",
          "FIGURE": "#V1676239",
          "SCALE": "GOODNESS-SCALE",
          "LEX": "COOL",
          "WNSENSE": "advantageous%3:00:00::"
        },
        "start": 28,
        "end": 33
      },
      "V1676239": {
        "id": "V1676239",
        "indicator": "IMPRO",
        "type": "ANY-SEM",
        "word": null,
        "roles": {},
        "start": 28,
        "end": 33
      },
      "root": "#V1676976"
    },
    {
      "V1676464": {
        "id": "V1676464",
        "indicator": "SPEECHACT",
        "type": "SA_TELL",
        "word": null,
        "roles": {
          "PUNCTYPE": "DECL",
          "CONTENT": "#V1676192",
          "LEX": "HAPPENED"
        },
        "start": 35,
        "end": 59
      },
      "V1676192": {
        "id": "V1676192",
        "indicator": "F",
        "type": "OCCURRING",
        "word": "HAPPEN",
        "roles": {
          "NEUTRAL": "#V1676184",
          "TENSE": "PAST",
          "LEX": "HAPPENED",
          "WNSENSE": "happen%2:30:00::"
        },
        "start": 35,
        "end": 58
      },
      "V1676184": {
        "id": "V1676184",
        "indicator": "QUANTIFIER",
        "type": "REFERENTIAL-SEM",
        "word": "NOTHING",
        "roles": {
          "PROFORM": "NOTHING",
          "MOD": "#V1676187",
          "LEX": "NOTHING",
          "WNSENSE": "entity%1:03:00"
        },
        "start": 35,
        "end": 49
      },
      "V1676187": {
        "id": "V1676187",
        "indicator": "F",
        "type": "LESS-VAL",
        "word": "BAD",
        "roles": {
          "ORIENTATION": "LESS",
          "INTENSITY": "MED",
          "FIGURE": "#V1676184",
          "SCALE": "ACCEPTABILITY-VAL",
          "LEX": "WORSE",
          "WNSENSE": "worse%3:00:00::"
        },
        "start": 43,
        "end": 49
      },
      "root": "#V1676464"
    },
    {
      "V1676976": {
        "id": "V1676976",
        "indicator": "SA-SEQ",
        "type": "SPEECH-ACT",
        "word": null,
        "roles": {
          "ACT": "#V1676897",
          "ACT1": "#V1676238",
          "LEX": "COOL"
        },
        "start": 9,
        "end": 33
      },
      "V1676897": {
        "id": "V1676897",
        "indicator": "SPEECHACT",
        "type": "SA_PRED-FRAGMENT",
        "word": null,
        "roles": {
          "CONTENT": "#V1676877",
          "LEX": "HORRIFIED"
        },
        "start": 9,
        "end": 28
      },
      "V1676877": {
        "id": "V1676877",
        "indicator": "F",
        "type": "STATE-RESULTING-FROM",
        "word": null,
        "roles": {
          "FIGURE": "#V1676898",
          "GROUND": "#V1676127",
          "LEX": "HORRIFIED"
        },
        "start": 9,
        "end": 28
      },
      "V1676127": {
        "id": "V1676127",
        "indicator": "F",
        "type": "EVOKE-DISGUST",
        "word": "HORRIFY",
        "roles": {
          "RESULT": "#V1676167",
          "AFFECTED": "#V1676898",
          "TIME": "#V1676497",
          "WNSENSE": "horrify%2:37:01::"
        },
        "start": 9,
        "end": 28
      },
      "V1676898": {
        "id": "V1676898",
        "indicator": "IMPRO",
        "type": "ANY-SEM",
        "word": null,
        "roles": {
          "CONTEXT-REL": "UTT-FRAG"
        },
        "start": 9,
        "end": 28
      },
      "V1676497": {
        "id": "V1676497",
        "indicator": "F",
        "type": "TIME-SPAN-REL",
        "word": null,
        "roles": {
          "FIGURE": "#V1676127",
          "GROUND": "#V1676510"
        },
        "start": 19,
        "end": 21
      },
      "V1676510": {
        "id": "V1676510",
        "indicator": "THE",
        "type": "TIME-LOC",
        "word": null,
        "roles": {
          "DAY-OF-WEEK": "#V1676447",
          "LEX": "I"
        },
        "start": 19,
        "end": 21
      },
      "V1676447": {
        "id": "V1676447",
        "indicator": "THE",
        "type": "SEQUENCE",
        "word": null,
        "roles": {
          "NAME-OF": "(I)",
          "VAL": "(I)",
          "LEX": "I"
        },
        "start": 19,
        "end": 21
      },
      "V1676167": {
        "id": "V1676167",
        "indicator": "F",
        "type": "STAY",
        "word": "STAY",
        "roles": {
          "AFFECTED": "#V1676898",
          "LEX": "STAYED",
          "WNSENSE": "stay%2:30:00::"
        },
        "start": 21,
        "end": 28
      },
      "V1676238": {
        "id": "V1676238",
        "indicator": "SPEECHACT",
        "type": "SA_EVALUATE",
        "word": null,
        "roles": {
          "CONTENT": "#V1676170",
          "LEX": "COOL"
        },
        "start": 28,
        "end": 33
      },
      "V1676170": {
        "id": "V1676170",
        "indicator": "F",
        "type": "GOOD",
        "word": "COOL",
        "roles": {
          "ORIENTATION": "MORE",
          "INTENSITY": "MED",
          "FIGURE": "#V1676239",
          "SCALE": "GOODNESS-SCALE",
          "LEX": "COOL",
          "WNSENSE": "advantageous%3:00:00::"
        },
        "start": 28,
        "end": 33
      },
      "V1676239": {
        "id": "V1676239",
        "indicator": "IMPRO",
        "type": "ANY-SEM",
        "word": null,
        "roles": {},
        "start": 28,
        "end": 33
      },
      "root": "#V1676976"
    },
    {
      "V1676461": {
        "id": "V1676461",
        "indicator": "SPEECHACT",
        "type": "SA_TELL",
        "word": null,
        "roles": {
          "PUNCTYPE": "DECL",
          "CONTENT": "#V1676192",
          "LEX": "HAPPENED"
        },
        "start": 35,
        "end": 59
      },
      "V1676192": {
        "id": "V1676192",
        "indicator": "F",
        "type": "OCCURRING",
        "word": "HAPPEN",
        "roles": {
          "NEUTRAL": "#V1676184",
          "TENSE": "PAST",
          "LEX": "HAPPENED",
          "WNSENSE": "happen%2:30:00::"
        },
        "start": 35,
        "end": 58
      },
      "V1676184": {
        "id": "V1676184",
        "indicator": "QUANTIFIER",
        "type": "REFERENTIAL-SEM",
        "word": "NOTHING",
        "roles": {
          "PROFORM": "NOTHING",
          "MOD": "#V1676187",
          "LEX": "NOTHING",
          "WNSENSE": "entity%1:03:00"
        },
        "start": 35,
        "end": 49
      },
      "V1676187": {
        "id": "V1676187",
        "indicator": "F",
        "type": "LESS-VAL",
        "word": "BAD",
        "roles": {
          "ORIENTATION": "LESS",
          "INTENSITY": "MED",
          "FIGURE": "#V1676184",
          "SCALE": "ACCEPTABILITY-VAL",
          "LEX": "WORSE",
          "WNSENSE": "worse%3:00:00::"
        },
        "start": 43,
        "end": 49
      },
      "root": "#V1676461"
    },
    {
      "V1676976": {
        "id": "V1676976",
        "indicator": "SA-SEQ",
        "type": "SPEECH-ACT",
        "word": null,
        "roles": {
          "ACT": "#V1676897",
          "ACT1": "#V1676238",
          "LEX": "COOL"
        },
        "start": 9,
        "end": 33
      },
      "V1676897": {
        "id": "V1676897",
        "indicator": "SPEECHACT",
        "type": "SA_PRED-FRAGMENT",
        "word": null,
        "roles": {
          "CONTENT": "#V1676877",
          "LEX": "HORRIFIED"
        },
        "start": 9,
        "end": 28
      },
      "V1676877": {
        "id": "V1676877",
        "indicator": "F",
        "type": "STATE-RESULTING-FROM",
        "word": null,
        "roles": {
          "FIGURE": "#V1676898",
          "GROUND": "#V1676127",
          "LEX": "HORRIFIED"
        },
        "start": 9,
        "end": 28
      },
      "V1676127": {
        "id": "V1676127",
        "indicator": "F",
        "type": "EVOKE-DISGUST",
        "word": "HORRIFY",
        "roles": {
          "RESULT": "#V1676167",
          "AFFECTED": "#V1676898",
          "TIME": "#V1676497",
          "WNSENSE": "horrify%2:37:01::"
        },
        "start": 9,
        "end": 28
      },
      "V1676898": {
        "id": "V1676898",
        "indicator": "IMPRO",
        "type": "ANY-SEM",
        "word": null,
        "roles": {
          "CONTEXT-REL": "UTT-FRAG"
        },
        "start": 9,
        "end": 28
      },
      "V1676497": {
        "id": "V1676497",
        "indicator": "F",
        "type": "TIME-SPAN-REL",
        "word": null,
        "roles": {
          "FIGURE": "#V1676127",
          "GROUND": "#V1676510"
        },
        "start": 19,
        "end": 21
      },
      "V1676510": {
        "id": "V1676510",
        "indicator": "THE",
        "type": "TIME-LOC",
        "word": null,
        "roles": {
          "DAY-OF-WEEK": "#V1676447",
          "LEX": "I"
        },
        "start": 19,
        "end": 21
      },
      "V1676447": {
        "id": "V1676447",
        "indicator": "THE",
        "type": "SEQUENCE",
        "word": null,
        "roles": {
          "NAME-OF": "(I)",
          "VAL": "(I)",
          "LEX": "I"
        },
        "start": 19,
        "end": 21
      },
      "V1676167": {
        "id": "V1676167",
        "indicator": "F",
        "type": "STAY",
        "word": "STAY",
        "roles": {
          "AFFECTED": "#V1676898",
          "LEX": "STAYED",
          "WNSENSE": "stay%2:30:00::"
        },
        "start": 21,
        "end": 28
      },
      "V1676238": {
        "id": "V1676238",
        "indicator": "SPEECHACT",
        "type": "SA_EVALUATE",
        "word": null,
        "roles": {
          "CONTENT": "#V1676170",
          "LEX": "COOL"
        },
        "start": 28,
        "end": 33
      },
      "V1676170": {
        "id": "V1676170",
        "indicator": "F",
        "type": "GOOD",
        "word": "COOL",
        "roles": {
          "ORIENTATION": "MORE",
          "INTENSITY": "MED",
          "FIGURE": "#V1676239",
          "SCALE": "GOODNESS-SCALE",
          "LEX": "COOL",
          "WNSENSE": "advantageous%3:00:00::"
        },
        "start": 28,
        "end": 33
      },
      "V1676239": {
        "id": "V1676239",
        "indicator": "IMPRO",
        "type": "ANY-SEM",
        "word": null,
        "roles": {},
        "start": 28,
        "end": 33
      },
      "root": "#V1676976"
    },
    {
      "V1676464": {
        "id": "V1676464",
        "indicator": "SPEECHACT",
        "type": "SA_TELL",
        "word": null,
        "roles": {
          "PUNCTYPE": "DECL",
          "CONTENT": "#V1676192",
          "LEX": "HAPPENED"
        },
        "start": 35,
        "end": 59
      },
      "V1676192": {
        "id": "V1676192",
        "indicator": "F",
        "type": "OCCURRING",
        "word": "HAPPEN",
        "roles": {
          "NEUTRAL": "#V1676184",
          "TENSE": "PAST",
          "LEX": "HAPPENED",
          "WNSENSE": "happen%2:30:00::"
        },
        "start": 35,
        "end": 58
      },
      "V1676184": {
        "id": "V1676184",
        "indicator": "QUANTIFIER",
        "type": "REFERENTIAL-SEM",
        "word": "NOTHING",
        "roles": {
          "PROFORM": "NOTHING",
          "MOD": "#V1676187",
          "LEX": "NOTHING",
          "WNSENSE": "entity%1:03:00"
        },
        "start": 35,
        "end": 49
      },
      "V1676187": {
        "id": "V1676187",
        "indicator": "F",
        "type": "LESS-VAL",
        "word": "BAD",
        "roles": {
          "ORIENTATION": "LESS",
          "INTENSITY": "MED",
          "FIGURE": "#V1676184",
          "SCALE": "ACCEPTABILITY-VAL",
          "LEX": "WORSE",
          "WNSENSE": "worse%3:00:00::"
        },
        "start": 43,
        "end": 49
      },
      "root": "#V1676464"
    },
    {
      "V1676976": {
        "id": "V1676976",
        "indicator": "SA-SEQ",
        "type": "SPEECH-ACT",
        "word": null,
        "roles": {
          "ACT": "#V1676897",
          "ACT1": "#V1676238",
          "LEX": "COOL"
        },
        "start": 9,
        "end": 33
      },
      "V1676897": {
        "id": "V1676897",
        "indicator": "SPEECHACT",
        "type": "SA_PRED-FRAGMENT",
        "word": null,
        "roles": {
          "CONTENT": "#V1676877",
          "LEX": "HORRIFIED"
        },
        "start": 9,
        "end": 28
      },
      "V1676877": {
        "id": "V1676877",
        "indicator": "F",
        "type": "STATE-RESULTING-FROM",
        "word": null,
        "roles": {
          "FIGURE": "#V1676898",
          "GROUND": "#V1676127",
          "LEX": "HORRIFIED"
        },
        "start": 9,
        "end": 28
      },
      "V1676127": {
        "id": "V1676127",
        "indicator": "F",
        "type": "EVOKE-DISGUST",
        "word": "HORRIFY",
        "roles": {
          "RESULT": "#V1676167",
          "AFFECTED": "#V1676898",
          "TIME": "#V1676497",
          "WNSENSE": "horrify%2:37:01::"
        },
        "start": 9,
        "end": 28
      },
      "V1676898": {
        "id": "V1676898",
        "indicator": "IMPRO",
        "type": "ANY-SEM",
        "word": null,
        "roles": {
          "CONTEXT-REL": "UTT-FRAG"
        },
        "start": 9,
        "end": 28
      },
      "V1676497": {
        "id": "V1676497",
        "indicator": "F",
        "type": "TIME-SPAN-REL",
        "word": null,
        "roles": {
          "FIGURE": "#V1676127",
          "GROUND": "#V1676510"
        },
        "start": 19,
        "end": 21
      },
      "V1676510": {
        "id": "V1676510",
        "indicator": "THE",
        "type": "TIME-LOC",
        "word": null,
        "roles": {
          "DAY-OF-WEEK": "#V1676447",
          "LEX": "I"
        },
        "start": 19,
        "end": 21
      },
      "V1676447": {
        "id": "V1676447",
        "indicator": "THE",
        "type": "SEQUENCE",
        "word": null,
        "roles": {
          "NAME-OF": "(I)",
          "VAL": "(I)",
          "LEX": "I"
        },
        "start": 19,
        "end": 21
      },
      "V1676167": {
        "id": "V1676167",
        "indicator": "F",
        "type": "STAY",
        "word": "STAY",
        "roles": {
          "AFFECTED": "#V1676898",
          "LEX": "STAYED",
          "WNSENSE": "stay%2:30:00::"
        },
        "start": 21,
        "end": 28
      },
      "V1676238": {
        "id": "V1676238",
        "indicator": "SPEECHACT",
        "type": "SA_EVALUATE",
        "word": null,
        "roles": {
          "CONTENT": "#V1676170",
          "LEX": "COOL"
        },
        "start": 28,
        "end": 33
      },
      "V1676170": {
        "id": "V1676170",
        "indicator": "F",
        "type": "GOOD",
        "word": "COOL",
        "roles": {
          "ORIENTATION": "MORE",
          "INTENSITY": "MED",
          "FIGURE": "#V1676239",
          "SCALE": "GOODNESS-SCALE",
          "LEX": "COOL",
          "WNSENSE": "advantageous%3:00:00::"
        },
        "start": 28,
        "end": 33
      },
      "V1676239": {
        "id": "V1676239",
        "indicator": "IMPRO",
        "type": "ANY-SEM",
        "word": null,
        "roles": {},
        "start": 28,
        "end": 33
      },
      "root": "#V1676976"
    },
    {
      "V1676461": {
        "id": "V1676461",
        "indicator": "SPEECHACT",
        "type": "SA_TELL",
        "word": null,
        "roles": {
          "PUNCTYPE": "DECL",
          "CONTENT": "#V1676192",
          "LEX": "HAPPENED"
        },
        "start": 35,
        "end": 59
      },
      "V1676192": {
        "id": "V1676192",
        "indicator": "F",
        "type": "OCCURRING",
        "word": "HAPPEN",
        "roles": {
          "NEUTRAL": "#V1676184",
          "TENSE": "PAST",
          "LEX": "HAPPENED",
          "WNSENSE": "happen%2:30:00::"
        },
        "start": 35,
        "end": 58
      },
      "V1676184": {
        "id": "V1676184",
        "indicator": "QUANTIFIER",
        "type": "REFERENTIAL-SEM",
        "word": "NOTHING",
        "roles": {
          "PROFORM": "NOTHING",
          "MOD": "#V1676187",
          "LEX": "NOTHING",
          "WNSENSE": "entity%1:03:00"
        },
        "start": 35,
        "end": 49
      },
      "V1676187": {
        "id": "V1676187",
        "indicator": "F",
        "type": "LESS-VAL",
        "word": "BAD",
        "roles": {
          "ORIENTATION": "LESS",
          "INTENSITY": "MED",
          "FIGURE": "#V1676184",
          "SCALE": "ACCEPTABILITY-VAL",
          "LEX": "WORSE",
          "WNSENSE": "worse%3:00:00::"
        },
        "start": 43,
        "end": 49
      },
      "root": "#V1676461"
    },
    {
      "V1676976": {
        "id": "V1676976",
        "indicator": "SA-SEQ",
        "type": "SPEECH-ACT",
        "word": null,
        "roles": {
          "ACT": "#V1676897",
          "ACT1": "#V1676238",
          "LEX": "COOL"
        },
        "start": 9,
        "end": 33
      },
      "V1676897": {
        "id": "V1676897",
        "indicator": "SPEECHACT",
        "type": "SA_PRED-FRAGMENT",
        "word": null,
        "roles": {
          "CONTENT": "#V1676877",
          "LEX": "HORRIFIED"
        },
        "start": 9,
        "end": 28
      },
      "V1676877": {
        "id": "V1676877",
        "indicator": "F",
        "type": "STATE-RESULTING-FROM",
        "word": null,
        "roles": {
          "FIGURE": "#V1676898",
          "GROUND": "#V1676127",
          "LEX": "HORRIFIED"
        },
        "start": 9,
        "end": 28
      },
      "V1676127": {
        "id": "V1676127",
        "indicator": "F",
        "type": "EVOKE-DISGUST",
        "word": "HORRIFY",
        "roles": {
          "RESULT": "#V1676167",
          "AFFECTED": "#V1676898",
          "TIME": "#V1676497",
          "WNSENSE": "horrify%2:37:01::"
        },
        "start": 9,
        "end": 28
      },
      "V1676898": {
        "id": "V1676898",
        "indicator": "IMPRO",
        "type": "ANY-SEM",
        "word": null,
        "roles": {
          "CONTEXT-REL": "UTT-FRAG"
        },
        "start": 9,
        "end": 28
      },
      "V1676497": {
        "id": "V1676497",
        "indicator": "F",
        "type": "TIME-SPAN-REL",
        "word": null,
        "roles": {
          "FIGURE": "#V1676127",
          "GROUND": "#V1676510"
        },
        "start": 19,
        "end": 21
      },
      "V1676510": {
        "id": "V1676510",
        "indicator": "THE",
        "type": "TIME-LOC",
        "word": null,
        "roles": {
          "DAY-OF-WEEK": "#V1676447",
          "LEX": "I"
        },
        "start": 19,
        "end": 21
      },
      "V1676447": {
        "id": "V1676447",
        "indicator": "THE",
        "type": "SEQUENCE",
        "word": null,
        "roles": {
          "NAME-OF": "(I)",
          "VAL": "(I)",
          "LEX": "I"
        },
        "start": 19,
        "end": 21
      },
      "V1676167": {
        "id": "V1676167",
        "indicator": "F",
        "type": "STAY",
        "word": "STAY",
        "roles": {
          "AFFECTED": "#V1676898",
          "LEX": "STAYED",
          "WNSENSE": "stay%2:30:00::"
        },
        "start": 21,
        "end": 28
      },
      "V1676238": {
        "id": "V1676238",
        "indicator": "SPEECHACT",
        "type": "SA_EVALUATE",
        "word": null,
        "roles": {
          "CONTENT": "#V1676170",
          "LEX": "COOL"
        },
        "start": 28,
        "end": 33
      },
      "V1676170": {
        "id": "V1676170",
        "indicator": "F",
        "type": "GOOD",
        "word": "COOL",
        "roles": {
          "ORIENTATION": "MORE",
          "INTENSITY": "MED",
          "FIGURE": "#V1676239",
          "SCALE": "GOODNESS-SCALE",
          "LEX": "COOL",
          "WNSENSE": "advantageous%3:00:00::"
        },
        "start": 28,
        "end": 33
      },
      "V1676239": {
        "id": "V1676239",
        "indicator": "IMPRO",
        "type": "ANY-SEM",
        "word": null,
        "roles": {},
        "start": 28,
        "end": 33
      },
      "root": "#V1676976"
    },
    {
      "V1676464": {
        "id": "V1676464",
        "indicator": "SPEECHACT",
        "type": "SA_TELL",
        "word": null,
        "roles": {
          "PUNCTYPE": "DECL",
          "CONTENT": "#V1676192",
          "LEX": "HAPPENED"
        },
        "start": 35,
        "end": 59
      },
      "V1676192": {
        "id": "V1676192",
        "indicator": "F",
        "type": "OCCURRING",
        "word": "HAPPEN",
        "roles": {
          "NEUTRAL": "#V1676184",
          "TENSE": "PAST",
          "LEX": "HAPPENED",
          "WNSENSE": "happen%2:30:00::"
        },
        "start": 35,
        "end": 58
      },
      "V1676184": {
        "id": "V1676184",
        "indicator": "QUANTIFIER",
        "type": "REFERENTIAL-SEM",
        "word": "NOTHING",
        "roles": {
          "PROFORM": "NOTHING",
          "MOD": "#V1676187",
          "LEX": "NOTHING",
          "WNSENSE": "entity%1:03:00"
        },
        "start": 35,
        "end": 49
      },
      "V1676187": {
        "id": "V1676187",
        "indicator": "F",
        "type": "LESS-VAL",
        "word": "BAD",
        "roles": {
          "ORIENTATION": "LESS",
          "INTENSITY": "MED",
          "FIGURE": "#V1676184",
          "SCALE": "ACCEPTABILITY-VAL",
          "LEX": "WORSE",
          "WNSENSE": "worse%3:00:00::"
        },
        "start": 43,
        "end": 49
      },
      "root": "#V1676464"
    },
    {
      "V1676976": {
        "id": "V1676976",
        "indicator": "SA-SEQ",
        "type": "SPEECH-ACT",
        "word": null,
        "roles": {
          "ACT": "#V1676897",
          "ACT1": "#V1676238",
          "LEX": "COOL"
        },
        "start": 9,
        "end": 33
      },
      "V1676897": {
        "id": "V1676897",
        "indicator": "SPEECHACT",
        "type": "SA_PRED-FRAGMENT",
        "word": null,
        "roles": {
          "CONTENT": "#V1676877",
          "LEX": "HORRIFIED"
        },
        "start": 9,
        "end": 28
      },
      "V1676877": {
        "id": "V1676877",
        "indicator": "F",
        "type": "STATE-RESULTING-FROM",
        "word": null,
        "roles": {
          "FIGURE": "#V1676898",
          "GROUND": "#V1676127",
          "LEX": "HORRIFIED"
        },
        "start": 9,
        "end": 28
      },
      "V1676127": {
        "id": "V1676127",
        "indicator": "F",
        "type": "EVOKE-DISGUST",
        "word": "HORRIFY",
        "roles": {
          "RESULT": "#V1676167",
          "AFFECTED": "#V1676898",
          "TIME": "#V1676497",
          "WNSENSE": "horrify%2:37:01::"
        },
        "start": 9,
        "end": 28
      },
      "V1676898": {
        "id": "V1676898",
        "indicator": "IMPRO",
        "type": "ANY-SEM",
        "word": null,
        "roles": {
          "CONTEXT-REL": "UTT-FRAG"
        },
        "start": 9,
        "end": 28
      },
      "V1676497": {
        "id": "V1676497",
        "indicator": "F",
        "type": "TIME-SPAN-REL",
        "word": null,
        "roles": {
          "FIGURE": "#V1676127",
          "GROUND": "#V1676510"
        },
        "start": 19,
        "end": 21
      },
      "V1676510": {
        "id": "V1676510",
        "indicator": "THE",
        "type": "TIME-LOC",
        "word": null,
        "roles": {
          "DAY-OF-WEEK": "#V1676447",
          "LEX": "I"
        },
        "start": 19,
        "end": 21
      },
      "V1676447": {
        "id": "V1676447",
        "indicator": "THE",
        "type": "SEQUENCE",
        "word": null,
        "roles": {
          "NAME-OF": "(I)",
          "VAL": "(I)",
          "LEX": "I"
        },
        "start": 19,
        "end": 21
      },
      "V1676167": {
        "id": "V1676167",
        "indicator": "F",
        "type": "STAY",
        "word": "STAY",
        "roles": {
          "AFFECTED": "#V1676898",
          "LEX": "STAYED",
          "WNSENSE": "stay%2:30:00::"
        },
        "start": 21,
        "end": 28
      },
      "V1676238": {
        "id": "V1676238",
        "indicator": "SPEECHACT",
        "type": "SA_EVALUATE",
        "word": null,
        "roles": {
          "CONTENT": "#V1676170",
          "LEX": "COOL"
        },
        "start": 28,
        "end": 33
      },
      "V1676170": {
        "id": "V1676170",
        "indicator": "F",
        "type": "GOOD",
        "word": "COOL",
        "roles": {
          "ORIENTATION": "MORE",
          "INTENSITY": "MED",
          "FIGURE": "#V1676239",
          "SCALE": "GOODNESS-SCALE",
          "LEX": "COOL",
          "WNSENSE": "advantageous%3:00:00::"
        },
        "start": 28,
        "end": 33
      },
      "V1676239": {
        "id": "V1676239",
        "indicator": "IMPRO",
        "type": "ANY-SEM",
        "word": null,
        "roles": {},
        "start": 28,
        "end": 33
      },
      "root": "#V1676976"
    },
    {
      "V1676461": {
        "id": "V1676461",
        "indicator": "SPEECHACT",
        "type": "SA_TELL",
        "word": null,
        "roles": {
          "PUNCTYPE": "DECL",
          "CONTENT": "#V1676192",
          "LEX": "HAPPENED"
        },
        "start": 35,
        "end": 59
      },
      "V1676192": {
        "id": "V1676192",
        "indicator": "F",
        "type": "OCCURRING",
        "word": "HAPPEN",
        "roles": {
          "NEUTRAL": "#V1676184",
          "TENSE": "PAST",
          "LEX": "HAPPENED",
          "WNSENSE": "happen%2:30:00::"
        },
        "start": 35,
        "end": 58
      },
      "V1676184": {
        "id": "V1676184",
        "indicator": "QUANTIFIER",
        "type": "REFERENTIAL-SEM",
        "word": "NOTHING",
        "roles": {
          "PROFORM": "NOTHING",
          "MOD": "#V1676187",
          "LEX": "NOTHING",
          "WNSENSE": "entity%1:03:00"
        },
        "start": 35,
        "end": 49
      },
      "V1676187": {
        "id": "V1676187",
        "indicator": "F",
        "type": "LESS-VAL",
        "word": "BAD",
        "roles": {
          "ORIENTATION": "LESS",
          "INTENSITY": "MED",
          "FIGURE": "#V1676184",
          "SCALE": "ACCEPTABILITY-VAL",
          "LEX": "WORSE",
          "WNSENSE": "worse%3:00:00::"
        },
        "start": 43,
        "end": 49
      },
      "root": "#V1676461"
    },
    {
      "V1676976": {
        "id": "V1676976",
        "indicator": "SA-SEQ",
        "type": "SPEECH-ACT",
        "word": null,
        "roles": {
          "ACT": "#V1676897",
          "ACT1": "#V1676238",
          "LEX": "COOL"
        },
        "start": 9,
        "end": 33
      },
      "V1676897": {
        "id": "V1676897",
        "indicator": "SPEECHACT",
        "type": "SA_PRED-FRAGMENT",
        "word": null,
        "roles": {
          "CONTENT": "#V1676877",
          "LEX": "HORRIFIED"
        },
        "start": 9,
        "end": 28
      },
      "V1676877": {
        "id": "V1676877",
        "indicator": "F",
        "type": "STATE-RESULTING-FROM",
        "word": null,
        "roles": {
          "FIGURE": "#V1676898",
          "GROUND": "#V1676127",
          "LEX": "HORRIFIED"
        },
        "start": 9,
        "end": 28
      },
      "V1676127": {
        "id": "V1676127",
        "indicator": "F",
        "type": "EVOKE-DISGUST",
        "word": "HORRIFY",
        "roles": {
          "RESULT": "#V1676167",
          "AFFECTED": "#V1676898",
          "TIME": "#V1676497",
          "WNSENSE": "horrify%2:37:01::"
        },
        "start": 9,
        "end": 28
      },
      "V1676898": {
        "id": "V1676898",
        "indicator": "IMPRO",
        "type": "ANY-SEM",
        "word": null,
        "roles": {
          "CONTEXT-REL": "UTT-FRAG"
        },
        "start": 9,
        "end": 28
      },
      "V1676497": {
        "id": "V1676497",
        "indicator": "F",
        "type": "TIME-SPAN-REL",
        "word": null,
        "roles": {
          "FIGURE": "#V1676127",
          "GROUND": "#V1676510"
        },
        "start": 19,
        "end": 21
      },
      "V1676510": {
        "id": "V1676510",
        "indicator": "THE",
        "type": "TIME-LOC",
        "word": null,
        "roles": {
          "DAY-OF-WEEK": "#V1676447",
          "LEX": "I"
        },
        "start": 19,
        "end": 21
      },
      "V1676447": {
        "id": "V1676447",
        "indicator": "THE",
        "type": "SEQUENCE",
        "word": null,
        "roles": {
          "NAME-OF": "(I)",
          "VAL": "(I)",
          "LEX": "I"
        },
        "start": 19,
        "end": 21
      },
      "V1676167": {
        "id": "V1676167",
        "indicator": "F",
        "type": "STAY",
        "word": "STAY",
        "roles": {
          "AFFECTED": "#V1676898",
          "LEX": "STAYED",
          "WNSENSE": "stay%2:30:00::"
        },
        "start": 21,
        "end": 28
      },
      "V1676238": {
        "id": "V1676238",
        "indicator": "SPEECHACT",
        "type": "SA_EVALUATE",
        "word": null,
        "roles": {
          "CONTENT": "#V1676170",
          "LEX": "COOL"
        },
        "start": 28,
        "end": 33
      },
      "V1676170": {
        "id": "V1676170",
        "indicator": "F",
        "type": "GOOD",
        "word": "COOL",
        "roles": {
          "ORIENTATION": "MORE",
          "INTENSITY": "MED",
          "FIGURE": "#V1676239",
          "SCALE": "GOODNESS-SCALE",
          "LEX": "COOL",
          "WNSENSE": "advantageous%3:00:00::"
        },
        "start": 28,
        "end": 33
      },
      "V1676239": {
        "id": "V1676239",
        "indicator": "IMPRO",
        "type": "ANY-SEM",
        "word": null,
        "roles": {},
        "start": 28,
        "end": 33
      },
      "root": "#V1676976"
    },
    {
      "V1676483": {
        "id": "V1676483",
        "indicator": "SPEECHACT",
        "type": "SA_TELL",
        "word": null,
        "roles": {
          "PUNCTYPE": "DECL",
          "CONTENT": "#V1676192",
          "LEX": "HAPPENED"
        },
        "start": 35,
        "end": 59
      },
      "V1676192": {
        "id": "V1676192",
        "indicator": "F",
        "type": "OCCURRING",
        "word": "HAPPEN",
        "roles": {
          "NEUTRAL": "#V1676184",
          "TENSE": "PAST",
          "LEX": "HAPPENED",
          "WNSENSE": "happen%2:30:00::"
        },
        "start": 35,
        "end": 58
      },
      "V1676184": {
        "id": "V1676184",
        "indicator": "QUANTIFIER",
        "type": "REFERENTIAL-SEM",
        "word": "NOTHING",
        "roles": {
          "PROFORM": "NOTHING",
          "MOD": "#V1676187",
          "LEX": "NOTHING",
          "WNSENSE": "entity%1:03:00"
        },
        "start": 35,
        "end": 49
      },
      "V1676187": {
        "id": "V1676187",
        "indicator": "F",
        "type": "LESS-VAL",
        "word": "BAD",
        "roles": {
          "ORIENTATION": "LESS",
          "INTENSITY": "MED",
          "FIGURE": "#V1676184",
          "SCALE": "ACCEPTABILITY-VAL",
          "LEX": "WORSE",
          "WNSENSE": "worse%3:00:00::"
        },
        "start": 43,
        "end": 49
      },
      "root": "#V1676483"
    },
    {
      "V1676976": {
        "id": "V1676976",
        "indicator": "SA-SEQ",
        "type": "SPEECH-ACT",
        "word": null,
        "roles": {
          "ACT": "#V1676897",
          "ACT1": "#V1676238",
          "LEX": "COOL"
        },
        "start": 9,
        "end": 33
      },
      "V1676897": {
        "id": "V1676897",
        "indicator": "SPEECHACT",
        "type": "SA_PRED-FRAGMENT",
        "word": null,
        "roles": {
          "CONTENT": "#V1676877",
          "LEX": "HORRIFIED"
        },
        "start": 9,
        "end": 28
      },
      "V1676877": {
        "id": "V1676877",
        "indicator": "F",
        "type": "STATE-RESULTING-FROM",
        "word": null,
        "roles": {
          "FIGURE": "#V1676898",
          "GROUND": "#V1676127",
          "LEX": "HORRIFIED"
        },
        "start": 9,
        "end": 28
      },
      "V1676127": {
        "id": "V1676127",
        "indicator": "F",
        "type": "EVOKE-DISGUST",
        "word": "HORRIFY",
        "roles": {
          "RESULT": "#V1676167",
          "AFFECTED": "#V1676898",
          "TIME": "#V1676497",
          "WNSENSE": "horrify%2:37:01::"
        },
        "start": 9,
        "end": 28
      },
      "V1676898": {
        "id": "V1676898",
        "indicator": "IMPRO",
        "type": "ANY-SEM",
        "word": null,
        "roles": {
          "CONTEXT-REL": "UTT-FRAG"
        },
        "start": 9,
        "end": 28
      },
      "V1676497": {
        "id": "V1676497",
        "indicator": "F",
        "type": "TIME-SPAN-REL",
        "word": null,
        "roles": {
          "FIGURE": "#V1676127",
          "GROUND": "#V1676510"
        },
        "start": 19,
        "end": 21
      },
      "V1676510": {
        "id": "V1676510",
        "indicator": "THE",
        "type": "TIME-LOC",
        "word": null,
        "roles": {
          "DAY-OF-WEEK": "#V1676447",
          "LEX": "I"
        },
        "start": 19,
        "end": 21
      },
      "V1676447": {
        "id": "V1676447",
        "indicator": "THE",
        "type": "SEQUENCE",
        "word": null,
        "roles": {
          "NAME-OF": "(I)",
          "VAL": "(I)",
          "LEX": "I"
        },
        "start": 19,
        "end": 21
      },
      "V1676167": {
        "id": "V1676167",
        "indicator": "F",
        "type": "STAY",
        "word": "STAY",
        "roles": {
          "AFFECTED": "#V1676898",
          "LEX": "STAYED",
          "WNSENSE": "stay%2:30:00::"
        },
        "start": 21,
        "end": 28
      },
      "V1676238": {
        "id": "V1676238",
        "indicator": "SPEECHACT",
        "type": "SA_EVALUATE",
        "word": null,
        "roles": {
          "CONTENT": "#V1676170",
          "LEX": "COOL"
        },
        "start": 28,
        "end": 33
      },
      "V1676170": {
        "id": "V1676170",
        "indicator": "F",
        "type": "GOOD",
        "word": "COOL",
        "roles": {
          "ORIENTATION": "MORE",
          "INTENSITY": "MED",
          "FIGURE": "#V1676239",
          "SCALE": "GOODNESS-SCALE",
          "LEX": "COOL",
          "WNSENSE": "advantageous%3:00:00::"
        },
        "start": 28,
        "end": 33
      },
      "V1676239": {
        "id": "V1676239",
        "indicator": "IMPRO",
        "type": "ANY-SEM",
        "word": null,
        "roles": {},
        "start": 28,
        "end": 33
      },
      "root": "#V1676976"
    },
    {
      "V1676480": {
        "id": "V1676480",
        "indicator": "SPEECHACT",
        "type": "SA_TELL",
        "word": null,
        "roles": {
          "PUNCTYPE": "DECL",
          "CONTENT": "#V1676192",
          "LEX": "HAPPENED"
        },
        "start": 35,
        "end": 59
      },
      "V1676192": {
        "id": "V1676192",
        "indicator": "F",
        "type": "OCCURRING",
        "word": "HAPPEN",
        "roles": {
          "NEUTRAL": "#V1676184",
          "TENSE": "PAST",
          "LEX": "HAPPENED",
          "WNSENSE": "happen%2:30:00::"
        },
        "start": 35,
        "end": 58
      },
      "V1676184": {
        "id": "V1676184",
        "indicator": "QUANTIFIER",
        "type": "REFERENTIAL-SEM",
        "word": "NOTHING",
        "roles": {
          "PROFORM": "NOTHING",
          "MOD": "#V1676187",
          "LEX": "NOTHING",
          "WNSENSE": "entity%1:03:00"
        },
        "start": 35,
        "end": 49
      },
      "V1676187": {
        "id": "V1676187",
        "indicator": "F",
        "type": "LESS-VAL",
        "word": "BAD",
        "roles": {
          "ORIENTATION": "LESS",
          "INTENSITY": "MED",
          "FIGURE": "#V1676184",
          "SCALE": "ACCEPTABILITY-VAL",
          "LEX": "WORSE",
          "WNSENSE": "worse%3:00:00::"
        },
        "start": 43,
        "end": 49
      },
      "root": "#V1676480"
    },
    {
      "V1676976": {
        "id": "V1676976",
        "indicator": "SA-SEQ",
        "type": "SPEECH-ACT",
        "word": null,
        "roles": {
          "ACT": "#V1676897",
          "ACT1": "#V1676238",
          "LEX": "COOL"
        },
        "start": 9,
        "end": 33
      },
      "V1676897": {
        "id": "V1676897",
        "indicator": "SPEECHACT",
        "type": "SA_PRED-FRAGMENT",
        "word": null,
        "roles": {
          "CONTENT": "#V1676877",
          "LEX": "HORRIFIED"
        },
        "start": 9,
        "end": 28
      },
      "V1676877": {
        "id": "V1676877",
        "indicator": "F",
        "type": "STATE-RESULTING-FROM",
        "word": null,
        "roles": {
          "FIGURE": "#V1676898",
          "GROUND": "#V1676127",
          "LEX": "HORRIFIED"
        },
        "start": 9,
        "end": 28
      },
      "V1676127": {
        "id": "V1676127",
        "indicator": "F",
        "type": "EVOKE-DISGUST",
        "word": "HORRIFY",
        "roles": {
          "RESULT": "#V1676167",
          "AFFECTED": "#V1676898",
          "TIME": "#V1676497",
          "WNSENSE": "horrify%2:37:01::"
        },
        "start": 9,
        "end": 28
      },
      "V1676898": {
        "id": "V1676898",
        "indicator": "IMPRO",
        "type": "ANY-SEM",
        "word": null,
        "roles": {
          "CONTEXT-REL": "UTT-FRAG"
        },
        "start": 9,
        "end": 28
      },
      "V1676497": {
        "id": "V1676497",
        "indicator": "F",
        "type": "TIME-SPAN-REL",
        "word": null,
        "roles": {
          "FIGURE": "#V1676127",
          "GROUND": "#V1676510"
        },
        "start": 19,
        "end": 21
      },
      "V1676510": {
        "id": "V1676510",
        "indicator": "THE",
        "type": "TIME-LOC",
        "word": null,
        "roles": {
          "DAY-OF-WEEK": "#V1676447",
          "LEX": "I"
        },
        "start": 19,
        "end": 21
      },
      "V1676447": {
        "id": "V1676447",
        "indicator": "THE",
        "type": "SEQUENCE",
        "word": null,
        "roles": {
          "NAME-OF": "(I)",
          "VAL": "(I)",
          "LEX": "I"
        },
        "start": 19,
        "end": 21
      },
      "V1676167": {
        "id": "V1676167",
        "indicator": "F",
        "type": "STAY",
        "word": "STAY",
        "roles": {
          "AFFECTED": "#V1676898",
          "LEX": "STAYED",
          "WNSENSE": "stay%2:30:00::"
        },
        "start": 21,
        "end": 28
      },
      "V1676238": {
        "id": "V1676238",
        "indicator": "SPEECHACT",
        "type": "SA_EVALUATE",
        "word": null,
        "roles": {
          "CONTENT": "#V1676170",
          "LEX": "COOL"
        },
        "start": 28,
        "end": 33
      },
      "V1676170": {
        "id": "V1676170",
        "indicator": "F",
        "type": "GOOD",
        "word": "COOL",
        "roles": {
          "ORIENTATION": "MORE",
          "INTENSITY": "MED",
          "FIGURE": "#V1676239",
          "SCALE": "GOODNESS-SCALE",
          "LEX": "COOL",
          "WNSENSE": "advantageous%3:00:00::"
        },
        "start": 28,
        "end": 33
      },
      "V1676239": {
        "id": "V1676239",
        "indicator": "IMPRO",
        "type": "ANY-SEM",
        "word": null,
        "roles": {},
        "start": 28,
        "end": 33
      },
      "root": "#V1676976"
    },
    {
      "V1676483": {
        "id": "V1676483",
        "indicator": "SPEECHACT",
        "type": "SA_TELL",
        "word": null,
        "roles": {
          "PUNCTYPE": "DECL",
          "CONTENT": "#V1676192",
          "LEX": "HAPPENED"
        },
        "start": 35,
        "end": 59
      },
      "V1676192": {
        "id": "V1676192",
        "indicator": "F",
        "type": "OCCURRING",
        "word": "HAPPEN",
        "roles": {
          "NEUTRAL": "#V1676184",
          "TENSE": "PAST",
          "LEX": "HAPPENED",
          "WNSENSE": "happen%2:30:00::"
        },
        "start": 35,
        "end": 58
      },
      "V1676184": {
        "id": "V1676184",
        "indicator": "QUANTIFIER",
        "type": "REFERENTIAL-SEM",
        "word": "NOTHING",
        "roles": {
          "PROFORM": "NOTHING",
          "MOD": "#V1676187",
          "LEX": "NOTHING",
          "WNSENSE": "entity%1:03:00"
        },
        "start": 35,
        "end": 49
      },
      "V1676187": {
        "id": "V1676187",
        "indicator": "F",
        "type": "LESS-VAL",
        "word": "BAD",
        "roles": {
          "ORIENTATION": "LESS",
          "INTENSITY": "MED",
          "FIGURE": "#V1676184",
          "SCALE": "ACCEPTABILITY-VAL",
          "LEX": "WORSE",
          "WNSENSE": "worse%3:00:00::"
        },
        "start": 43,
        "end": 49
      },
      "root": "#V1676483"
    },
    {
      "V1676976": {
        "id": "V1676976",
        "indicator": "SA-SEQ",
        "type": "SPEECH-ACT",
        "word": null,
        "roles": {
          "ACT": "#V1676897",
          "ACT1": "#V1676238",
          "LEX": "COOL"
        },
        "start": 9,
        "end": 33
      },
      "V1676897": {
        "id": "V1676897",
        "indicator": "SPEECHACT",
        "type": "SA_PRED-FRAGMENT",
        "word": null,
        "roles": {
          "CONTENT": "#V1676877",
          "LEX": "HORRIFIED"
        },
        "start": 9,
        "end": 28
      },
      "V1676877": {
        "id": "V1676877",
        "indicator": "F",
        "type": "STATE-RESULTING-FROM",
        "word": null,
        "roles": {
          "FIGURE": "#V1676898",
          "GROUND": "#V1676127",
          "LEX": "HORRIFIED"
        },
        "start": 9,
        "end": 28
      },
      "V1676127": {
        "id": "V1676127",
        "indicator": "F",
        "type": "EVOKE-DISGUST",
        "word": "HORRIFY",
        "roles": {
          "RESULT": "#V1676167",
          "AFFECTED": "#V1676898",
          "TIME": "#V1676497",
          "WNSENSE": "horrify%2:37:01::"
        },
        "start": 9,
        "end": 28
      },
      "V1676898": {
        "id": "V1676898",
        "indicator": "IMPRO",
        "type": "ANY-SEM",
        "word": null,
        "roles": {
          "CONTEXT-REL": "UTT-FRAG"
        },
        "start": 9,
        "end": 28
      },
      "V1676497": {
        "id": "V1676497",
        "indicator": "F",
        "type": "TIME-SPAN-REL",
        "word": null,
        "roles": {
          "FIGURE": "#V1676127",
          "GROUND": "#V1676510"
        },
        "start": 19,
        "end": 21
      },
      "V1676510": {
        "id": "V1676510",
        "indicator": "THE",
        "type": "TIME-LOC",
        "word": null,
        "roles": {
          "DAY-OF-WEEK": "#V1676447",
          "LEX": "I"
        },
        "start": 19,
        "end": 21
      },
      "V1676447": {
        "id": "V1676447",
        "indicator": "THE",
        "type": "SEQUENCE",
        "word": null,
        "roles": {
          "NAME-OF": "(I)",
          "VAL": "(I)",
          "LEX": "I"
        },
        "start": 19,
        "end": 21
      },
      "V1676167": {
        "id": "V1676167",
        "indicator": "F",
        "type": "STAY",
        "word": "STAY",
        "roles": {
          "AFFECTED": "#V1676898",
          "LEX": "STAYED",
          "WNSENSE": "stay%2:30:00::"
        },
        "start": 21,
        "end": 28
      },
      "V1676238": {
        "id": "V1676238",
        "indicator": "SPEECHACT",
        "type": "SA_EVALUATE",
        "word": null,
        "roles": {
          "CONTENT": "#V1676170",
          "LEX": "COOL"
        },
        "start": 28,
        "end": 33
      },
      "V1676170": {
        "id": "V1676170",
        "indicator": "F",
        "type": "GOOD",
        "word": "COOL",
        "roles": {
          "ORIENTATION": "MORE",
          "INTENSITY": "MED",
          "FIGURE": "#V1676239",
          "SCALE": "GOODNESS-SCALE",
          "LEX": "COOL",
          "WNSENSE": "advantageous%3:00:00::"
        },
        "start": 28,
        "end": 33
      },
      "V1676239": {
        "id": "V1676239",
        "indicator": "IMPRO",
        "type": "ANY-SEM",
        "word": null,
        "roles": {},
        "start": 28,
        "end": 33
      },
      "root": "#V1676976"
    },
    {
      "V1676480": {
        "id": "V1676480",
        "indicator": "SPEECHACT",
        "type": "SA_TELL",
        "word": null,
        "roles": {
          "PUNCTYPE": "DECL",
          "CONTENT": "#V1676192",
          "LEX": "HAPPENED"
        },
        "start": 35,
        "end": 59
      },
      "V1676192": {
        "id": "V1676192",
        "indicator": "F",
        "type": "OCCURRING",
        "word": "HAPPEN",
        "roles": {
          "NEUTRAL": "#V1676184",
          "TENSE": "PAST",
          "LEX": "HAPPENED",
          "WNSENSE": "happen%2:30:00::"
        },
        "start": 35,
        "end": 58
      },
      "V1676184": {
        "id": "V1676184",
        "indicator": "QUANTIFIER",
        "type": "REFERENTIAL-SEM",
        "word": "NOTHING",
        "roles": {
          "PROFORM": "NOTHING",
          "MOD": "#V1676187",
          "LEX": "NOTHING",
          "WNSENSE": "entity%1:03:00"
        },
        "start": 35,
        "end": 49
      },
      "V1676187": {
        "id": "V1676187",
        "indicator": "F",
        "type": "LESS-VAL",
        "word": "BAD",
        "roles": {
          "ORIENTATION": "LESS",
          "INTENSITY": "MED",
          "FIGURE": "#V1676184",
          "SCALE": "ACCEPTABILITY-VAL",
          "LEX": "WORSE",
          "WNSENSE": "worse%3:00:00::"
        },
        "start": 43,
        "end": 49
      },
      "root": "#V1676480"
    },
    {
      "V1676976": {
        "id": "V1676976",
        "indicator": "SA-SEQ",
        "type": "SPEECH-ACT",
        "word": null,
        "roles": {
          "ACT": "#V1676897",
          "ACT1": "#V1676238",
          "LEX": "COOL"
        },
        "start": 9,
        "end": 33
      },
      "V1676897": {
        "id": "V1676897",
        "indicator": "SPEECHACT",
        "type": "SA_PRED-FRAGMENT",
        "word": null,
        "roles": {
          "CONTENT": "#V1676877",
          "LEX": "HORRIFIED"
        },
        "start": 9,
        "end": 28
      },
      "V1676877": {
        "id": "V1676877",
        "indicator": "F",
        "type": "STATE-RESULTING-FROM",
        "word": null,
        "roles": {
          "FIGURE": "#V1676898",
          "GROUND": "#V1676127",
          "LEX": "HORRIFIED"
        },
        "start": 9,
        "end": 28
      },
      "V1676127": {
        "id": "V1676127",
        "indicator": "F",
        "type": "EVOKE-DISGUST",
        "word": "HORRIFY",
        "roles": {
          "RESULT": "#V1676167",
          "AFFECTED": "#V1676898",
          "TIME": "#V1676497",
          "WNSENSE": "horrify%2:37:01::"
        },
        "start": 9,
        "end": 28
      },
      "V1676898": {
        "id": "V1676898",
        "indicator": "IMPRO",
        "type": "ANY-SEM",
        "word": null,
        "roles": {
          "CONTEXT-REL": "UTT-FRAG"
        },
        "start": 9,
        "end": 28
      },
      "V1676497": {
        "id": "V1676497",
        "indicator": "F",
        "type": "TIME-SPAN-REL",
        "word": null,
        "roles": {
          "FIGURE": "#V1676127",
          "GROUND": "#V1676510"
        },
        "start": 19,
        "end": 21
      },
      "V1676510": {
        "id": "V1676510",
        "indicator": "THE",
        "type": "TIME-LOC",
        "word": null,
        "roles": {
          "DAY-OF-WEEK": "#V1676447",
          "LEX": "I"
        },
        "start": 19,
        "end": 21
      },
      "V1676447": {
        "id": "V1676447",
        "indicator": "THE",
        "type": "SEQUENCE",
        "word": null,
        "roles": {
          "NAME-OF": "(I)",
          "VAL": "(I)",
          "LEX": "I"
        },
        "start": 19,
        "end": 21
      },
      "V1676167": {
        "id": "V1676167",
        "indicator": "F",
        "type": "STAY",
        "word": "STAY",
        "roles": {
          "AFFECTED": "#V1676898",
          "LEX": "STAYED",
          "WNSENSE": "stay%2:30:00::"
        },
        "start": 21,
        "end": 28
      },
      "V1676238": {
        "id": "V1676238",
        "indicator": "SPEECHACT",
        "type": "SA_EVALUATE",
        "word": null,
        "roles": {
          "CONTENT": "#V1676170",
          "LEX": "COOL"
        },
        "start": 28,
        "end": 33
      },
      "V1676170": {
        "id": "V1676170",
        "indicator": "F",
        "type": "GOOD",
        "word": "COOL",
        "roles": {
          "ORIENTATION": "MORE",
          "INTENSITY": "MED",
          "FIGURE": "#V1676239",
          "SCALE": "GOODNESS-SCALE",
          "LEX": "COOL",
          "WNSENSE": "advantageous%3:00:00::"
        },
        "start": 28,
        "end": 33
      },
      "V1676239": {
        "id": "V1676239",
        "indicator": "IMPRO",
        "type": "ANY-SEM",
        "word": null,
        "roles": {},
        "start": 28,
        "end": 33
      },
      "root": "#V1676976"
    },
    {
      "V1676483": {
        "id": "V1676483",
        "indicator": "SPEECHACT",
        "type": "SA_TELL",
        "word": null,
        "roles": {
          "PUNCTYPE": "DECL",
          "CONTENT": "#V1676192",
          "LEX": "HAPPENED"
        },
        "start": 35,
        "end": 59
      },
      "V1676192": {
        "id": "V1676192",
        "indicator": "F",
        "type": "OCCURRING",
        "word": "HAPPEN",
        "roles": {
          "NEUTRAL": "#V1676184",
          "TENSE": "PAST",
          "LEX": "HAPPENED",
          "WNSENSE": "happen%2:30:00::"
        },
        "start": 35,
        "end": 58
      },
      "V1676184": {
        "id": "V1676184",
        "indicator": "QUANTIFIER",
        "type": "REFERENTIAL-SEM",
        "word": "NOTHING",
        "roles": {
          "PROFORM": "NOTHING",
          "MOD": "#V1676187",
          "LEX": "NOTHING",
          "WNSENSE": "entity%1:03:00"
        },
        "start": 35,
        "end": 49
      },
      "V1676187": {
        "id": "V1676187",
        "indicator": "F",
        "type": "LESS-VAL",
        "word": "BAD",
        "roles": {
          "ORIENTATION": "LESS",
          "INTENSITY": "MED",
          "FIGURE": "#V1676184",
          "SCALE": "ACCEPTABILITY-VAL",
          "LEX": "WORSE",
          "WNSENSE": "worse%3:00:00::"
        },
        "start": 43,
        "end": 49
      },
      "root": "#V1676483"
    },
    {
      "V1676976": {
        "id": "V1676976",
        "indicator": "SA-SEQ",
        "type": "SPEECH-ACT",
        "word": null,
        "roles": {
          "ACT": "#V1676897",
          "ACT1": "#V1676238",
          "LEX": "COOL"
        },
        "start": 9,
        "end": 33
      },
      "V1676897": {
        "id": "V1676897",
        "indicator": "SPEECHACT",
        "type": "SA_PRED-FRAGMENT",
        "word": null,
        "roles": {
          "CONTENT": "#V1676877",
          "LEX": "HORRIFIED"
        },
        "start": 9,
        "end": 28
      },
      "V1676877": {
        "id": "V1676877",
        "indicator": "F",
        "type": "STATE-RESULTING-FROM",
        "word": null,
        "roles": {
          "FIGURE": "#V1676898",
          "GROUND": "#V1676127",
          "LEX": "HORRIFIED"
        },
        "start": 9,
        "end": 28
      },
      "V1676127": {
        "id": "V1676127",
        "indicator": "F",
        "type": "EVOKE-DISGUST",
        "word": "HORRIFY",
        "roles": {
          "RESULT": "#V1676167",
          "AFFECTED": "#V1676898",
          "TIME": "#V1676497",
          "WNSENSE": "horrify%2:37:01::"
        },
        "start": 9,
        "end": 28
      },
      "V1676898": {
        "id": "V1676898",
        "indicator": "IMPRO",
        "type": "ANY-SEM",
        "word": null,
        "roles": {
          "CONTEXT-REL": "UTT-FRAG"
        },
        "start": 9,
        "end": 28
      },
      "V1676497": {
        "id": "V1676497",
        "indicator": "F",
        "type": "TIME-SPAN-REL",
        "word": null,
        "roles": {
          "FIGURE": "#V1676127",
          "GROUND": "#V1676510"
        },
        "start": 19,
        "end": 21
      },
      "V1676510": {
        "id": "V1676510",
        "indicator": "THE",
        "type": "TIME-LOC",
        "word": null,
        "roles": {
          "DAY-OF-WEEK": "#V1676447",
          "LEX": "I"
        },
        "start": 19,
        "end": 21
      },
      "V1676447": {
        "id": "V1676447",
        "indicator": "THE",
        "type": "SEQUENCE",
        "word": null,
        "roles": {
          "NAME-OF": "(I)",
          "VAL": "(I)",
          "LEX": "I"
        },
        "start": 19,
        "end": 21
      },
      "V1676167": {
        "id": "V1676167",
        "indicator": "F",
        "type": "STAY",
        "word": "STAY",
        "roles": {
          "AFFECTED": "#V1676898",
          "LEX": "STAYED",
          "WNSENSE": "stay%2:30:00::"
        },
        "start": 21,
        "end": 28
      },
      "V1676238": {
        "id": "V1676238",
        "indicator": "SPEECHACT",
        "type": "SA_EVALUATE",
        "word": null,
        "roles": {
          "CONTENT": "#V1676170",
          "LEX": "COOL"
        },
        "start": 28,
        "end": 33
      },
      "V1676170": {
        "id": "V1676170",
        "indicator": "F",
        "type": "GOOD",
        "word": "COOL",
        "roles": {
          "ORIENTATION": "MORE",
          "INTENSITY": "MED",
          "FIGURE": "#V1676239",
          "SCALE": "GOODNESS-SCALE",
          "LEX": "COOL",
          "WNSENSE": "advantageous%3:00:00::"
        },
        "start": 28,
        "end": 33
      },
      "V1676239": {
        "id": "V1676239",
        "indicator": "IMPRO",
        "type": "ANY-SEM",
        "word": null,
        "roles": {},
        "start": 28,
        "end": 33
      },
      "root": "#V1676976"
    },
    {
      "V1676480": {
        "id": "V1676480",
        "indicator": "SPEECHACT",
        "type": "SA_TELL",
        "word": null,
        "roles": {
          "PUNCTYPE": "DECL",
          "CONTENT": "#V1676192",
          "LEX": "HAPPENED"
        },
        "start": 35,
        "end": 59
      },
      "V1676192": {
        "id": "V1676192",
        "indicator": "F",
        "type": "OCCURRING",
        "word": "HAPPEN",
        "roles": {
          "NEUTRAL": "#V1676184",
          "TENSE": "PAST",
          "LEX": "HAPPENED",
          "WNSENSE": "happen%2:30:00::"
        },
        "start": 35,
        "end": 58
      },
      "V1676184": {
        "id": "V1676184",
        "indicator": "QUANTIFIER",
        "type": "REFERENTIAL-SEM",
        "word": "NOTHING",
        "roles": {
          "PROFORM": "NOTHING",
          "MOD": "#V1676187",
          "LEX": "NOTHING",
          "WNSENSE": "entity%1:03:00"
        },
        "start": 35,
        "end": 49
      },
      "V1676187": {
        "id": "V1676187",
        "indicator": "F",
        "type": "LESS-VAL",
        "word": "BAD",
        "roles": {
          "ORIENTATION": "LESS",
          "INTENSITY": "MED",
          "FIGURE": "#V1676184",
          "SCALE": "ACCEPTABILITY-VAL",
          "LEX": "WORSE",
          "WNSENSE": "worse%3:00:00::"
        },
        "start": 43,
        "end": 49
      },
      "root": "#V1676480"
    },
    {
      "V1676976": {
        "id": "V1676976",
        "indicator": "SA-SEQ",
        "type": "SPEECH-ACT",
        "word": null,
        "roles": {
          "ACT": "#V1676897",
          "ACT1": "#V1676238",
          "LEX": "COOL"
        },
        "start": 9,
        "end": 33
      },
      "V1676897": {
        "id": "V1676897",
        "indicator": "SPEECHACT",
        "type": "SA_PRED-FRAGMENT",
        "word": null,
        "roles": {
          "CONTENT": "#V1676877",
          "LEX": "HORRIFIED"
        },
        "start": 9,
        "end": 28
      },
      "V1676877": {
        "id": "V1676877",
        "indicator": "F",
        "type": "STATE-RESULTING-FROM",
        "word": null,
        "roles": {
          "FIGURE": "#V1676898",
          "GROUND": "#V1676127",
          "LEX": "HORRIFIED"
        },
        "start": 9,
        "end": 28
      },
      "V1676127": {
        "id": "V1676127",
        "indicator": "F",
        "type": "EVOKE-DISGUST",
        "word": "HORRIFY",
        "roles": {
          "RESULT": "#V1676167",
          "AFFECTED": "#V1676898",
          "TIME": "#V1676497",
          "WNSENSE": "horrify%2:37:01::"
        },
        "start": 9,
        "end": 28
      },
      "V1676898": {
        "id": "V1676898",
        "indicator": "IMPRO",
        "type": "ANY-SEM",
        "word": null,
        "roles": {
          "CONTEXT-REL": "UTT-FRAG"
        },
        "start": 9,
        "end": 28
      },
      "V1676497": {
        "id": "V1676497",
        "indicator": "F",
        "type": "TIME-SPAN-REL",
        "word": null,
        "roles": {
          "FIGURE": "#V1676127",
          "GROUND": "#V1676510"
        },
        "start": 19,
        "end": 21
      },
      "V1676510": {
        "id": "V1676510",
        "indicator": "THE",
        "type": "TIME-LOC",
        "word": null,
        "roles": {
          "DAY-OF-WEEK": "#V1676447",
          "LEX": "I"
        },
        "start": 19,
        "end": 21
      },
      "V1676447": {
        "id": "V1676447",
        "indicator": "THE",
        "type": "SEQUENCE",
        "word": null,
        "roles": {
          "NAME-OF": "(I)",
          "VAL": "(I)",
          "LEX": "I"
        },
        "start": 19,
        "end": 21
      },
      "V1676167": {
        "id": "V1676167",
        "indicator": "F",
        "type": "STAY",
        "word": "STAY",
        "roles": {
          "AFFECTED": "#V1676898",
          "LEX": "STAYED",
          "WNSENSE": "stay%2:30:00::"
        },
        "start": 21,
        "end": 28
      },
      "V1676238": {
        "id": "V1676238",
        "indicator": "SPEECHACT",
        "type": "SA_EVALUATE",
        "word": null,
        "roles": {
          "CONTENT": "#V1676170",
          "LEX": "COOL"
        },
        "start": 28,
        "end": 33
      },
      "V1676170": {
        "id": "V1676170",
        "indicator": "F",
        "type": "GOOD",
        "word": "COOL",
        "roles": {
          "ORIENTATION": "MORE",
          "INTENSITY": "MED",
          "FIGURE": "#V1676239",
          "SCALE": "GOODNESS-SCALE",
          "LEX": "COOL",
          "WNSENSE": "advantageous%3:00:00::"
        },
        "start": 28,
        "end": 33
      },
      "V1676239": {
        "id": "V1676239",
        "indicator": "IMPRO",
        "type": "ANY-SEM",
        "word": null,
        "roles": {},
        "start": 28,
        "end": 33
      },
      "root": "#V1676976"
    },
    {
      "V1676483": {
        "id": "V1676483",
        "indicator": "SPEECHACT",
        "type": "SA_TELL",
        "word": null,
        "roles": {
          "PUNCTYPE": "DECL",
          "CONTENT": "#V1676192",
          "LEX": "HAPPENED"
        },
        "start": 35,
        "end": 59
      },
      "V1676192": {
        "id": "V1676192",
        "indicator": "F",
        "type": "OCCURRING",
        "word": "HAPPEN",
        "roles": {
          "NEUTRAL": "#V1676184",
          "TENSE": "PAST",
          "LEX": "HAPPENED",
          "WNSENSE": "happen%2:30:00::"
        },
        "start": 35,
        "end": 58
      },
      "V1676184": {
        "id": "V1676184",
        "indicator": "QUANTIFIER",
        "type": "REFERENTIAL-SEM",
        "word": "NOTHING",
        "roles": {
          "PROFORM": "NOTHING",
          "MOD": "#V1676187",
          "LEX": "NOTHING",
          "WNSENSE": "entity%1:03:00"
        },
        "start": 35,
        "end": 49
      },
      "V1676187": {
        "id": "V1676187",
        "indicator": "F",
        "type": "LESS-VAL",
        "word": "BAD",
        "roles": {
          "ORIENTATION": "LESS",
          "INTENSITY": "MED",
          "FIGURE": "#V1676184",
          "SCALE": "ACCEPTABILITY-VAL",
          "LEX": "WORSE",
          "WNSENSE": "worse%3:00:00::"
        },
        "start": 43,
        "end": 49
      },
      "root": "#V1676483"
    },
    {
      "V1676976": {
        "id": "V1676976",
        "indicator": "SA-SEQ",
        "type": "SPEECH-ACT",
        "word": null,
        "roles": {
          "ACT": "#V1676897",
          "ACT1": "#V1676238",
          "LEX": "COOL"
        },
        "start": 9,
        "end": 33
      },
      "V1676897": {
        "id": "V1676897",
        "indicator": "SPEECHACT",
        "type": "SA_PRED-FRAGMENT",
        "word": null,
        "roles": {
          "CONTENT": "#V1676877",
          "LEX": "HORRIFIED"
        },
        "start": 9,
        "end": 28
      },
      "V1676877": {
        "id": "V1676877",
        "indicator": "F",
        "type": "STATE-RESULTING-FROM",
        "word": null,
        "roles": {
          "FIGURE": "#V1676898",
          "GROUND": "#V1676127",
          "LEX": "HORRIFIED"
        },
        "start": 9,
        "end": 28
      },
      "V1676127": {
        "id": "V1676127",
        "indicator": "F",
        "type": "EVOKE-DISGUST",
        "word": "HORRIFY",
        "roles": {
          "RESULT": "#V1676167",
          "AFFECTED": "#V1676898",
          "TIME": "#V1676497",
          "WNSENSE": "horrify%2:37:01::"
        },
        "start": 9,
        "end": 28
      },
      "V1676898": {
        "id": "V1676898",
        "indicator": "IMPRO",
        "type": "ANY-SEM",
        "word": null,
        "roles": {
          "CONTEXT-REL": "UTT-FRAG"
        },
        "start": 9,
        "end": 28
      },
      "V1676497": {
        "id": "V1676497",
        "indicator": "F",
        "type": "TIME-SPAN-REL",
        "word": null,
        "roles": {
          "FIGURE": "#V1676127",
          "GROUND": "#V1676510"
        },
        "start": 19,
        "end": 21
      },
      "V1676510": {
        "id": "V1676510",
        "indicator": "THE",
        "type": "TIME-LOC",
        "word": null,
        "roles": {
          "DAY-OF-WEEK": "#V1676447",
          "LEX": "I"
        },
        "start": 19,
        "end": 21
      },
      "V1676447": {
        "id": "V1676447",
        "indicator": "THE",
        "type": "SEQUENCE",
        "word": null,
        "roles": {
          "NAME-OF": "(I)",
          "VAL": "(I)",
          "LEX": "I"
        },
        "start": 19,
        "end": 21
      },
      "V1676167": {
        "id": "V1676167",
        "indicator": "F",
        "type": "STAY",
        "word": "STAY",
        "roles": {
          "AFFECTED": "#V1676898",
          "LEX": "STAYED",
          "WNSENSE": "stay%2:30:00::"
        },
        "start": 21,
        "end": 28
      },
      "V1676238": {
        "id": "V1676238",
        "indicator": "SPEECHACT",
        "type": "SA_EVALUATE",
        "word": null,
        "roles": {
          "CONTENT": "#V1676170",
          "LEX": "COOL"
        },
        "start": 28,
        "end": 33
      },
      "V1676170": {
        "id": "V1676170",
        "indicator": "F",
        "type": "GOOD",
        "word": "COOL",
        "roles": {
          "ORIENTATION": "MORE",
          "INTENSITY": "MED",
          "FIGURE": "#V1676239",
          "SCALE": "GOODNESS-SCALE",
          "LEX": "COOL",
          "WNSENSE": "advantageous%3:00:00::"
        },
        "start": 28,
        "end": 33
      },
      "V1676239": {
        "id": "V1676239",
        "indicator": "IMPRO",
        "type": "ANY-SEM",
        "word": null,
        "roles": {},
        "start": 28,
        "end": 33
      },
      "root": "#V1676976"
    },
    {
      "V1676480": {
        "id": "V1676480",
        "indicator": "SPEECHACT",
        "type": "SA_TELL",
        "word": null,
        "roles": {
          "PUNCTYPE": "DECL",
          "CONTENT": "#V1676192",
          "LEX": "HAPPENED"
        },
        "start": 35,
        "end": 59
      },
      "V1676192": {
        "id": "V1676192",
        "indicator": "F",
        "type": "OCCURRING",
        "word": "HAPPEN",
        "roles": {
          "NEUTRAL": "#V1676184",
          "TENSE": "PAST",
          "LEX": "HAPPENED",
          "WNSENSE": "happen%2:30:00::"
        },
        "start": 35,
        "end": 58
      },
      "V1676184": {
        "id": "V1676184",
        "indicator": "QUANTIFIER",
        "type": "REFERENTIAL-SEM",
        "word": "NOTHING",
        "roles": {
          "PROFORM": "NOTHING",
          "MOD": "#V1676187",
          "LEX": "NOTHING",
          "WNSENSE": "entity%1:03:00"
        },
        "start": 35,
        "end": 49
      },
      "V1676187": {
        "id": "V1676187",
        "indicator": "F",
        "type": "LESS-VAL",
        "word": "BAD",
        "roles": {
          "ORIENTATION": "LESS",
          "INTENSITY": "MED",
          "FIGURE": "#V1676184",
          "SCALE": "ACCEPTABILITY-VAL",
          "LEX": "WORSE",
          "WNSENSE": "worse%3:00:00::"
        },
        "start": 43,
        "end": 49
      },
      "root": "#V1676480"
    }
  ],
  "inputtags": [],
  "debug": [
    "Reference resolution to times not implemented yet",
    "*last-utt-id*=NIL  utt-id+317",
    "*last-utt-id*=317  utt-id+317",
    "*last-utt-id*=317  utt-id+317",
    "*last-utt-id*=317  utt-id+NIL"
  ]
}
