{
  "parse": [
    {
      "V1034355": {
        "id": "V1034355",
        "indicator": "SPEECHACT",
        "type": "SA_IDENTIFY",
        "word": null,
        "roles": {
          "PUNCTYPE": "DECL",
          "CONTENT": "#V1032936",
          "LEX": "LOTS"
        },
        "start": 0,
        "end": 36
      },
      "V1032936": {
        "id": "V1032936",
        "indicator": "A",
        "type": "AREA-DEF-BY-USE",
        "word": "LOT",
        "roles": {
          "MOD2": "#V1032986",
          "LOCATION": "#V1032978",
          "MOD": [
            "#V1032965",
            "#V1032942"
          ],
          "ASSOC-WITH": "#V1033565",
          "LEX": "LOTS",
          "WNSENSE": "lot%1:15:00::"
        },
        "start": 0,
        "end": 36
      },
      "V1032986": {
        "id": "V1032986",
        "indicator": "F",
        "type": "OTHER",
        "word": null,
        "roles": {
          "FIGURE": "#V1032936",
          "GROUND": "#V1032987"
        },
        "start": 0,
        "end": 36
      },
      "V1032987": {
        "id": "V1032987",
        "indicator": "IMPRO",
        "type": "AREA-DEF-BY-USE",
        "word": "LOT",
        "roles": {},
        "start": 0,
        "end": 36
      },
      "V1033565": {
        "id": "V1033565",
        "indicator": "THE",
        "type": "QUANTITY-ABSTR",
        "word": null,
        "roles": {
          "FIGURE": "#V1032918"
        },
        "start": 8,
        "end": 16
      },
      "V1032918": {
        "id": "V1032918",
        "indicator": "THE",
        "type": "LOCATION",
        "word": "THERE",
        "roles": {
          "NAME-OF": "(THERE R)",
          "LEX": "(THERE R)",
          "WNSENSE": "there%1:15:00::"
        },
        "start": 8,
        "end": 16
      },
      "V1032942": {
        "id": "V1032942",
        "indicator": "F",
        "type": "ASSOC-WITH",
        "word": "OF",
        "roles": {
          "GROUND": "#V1032950",
          "FIGURE": "#V1032936",
          "LEX": "OF"
        },
        "start": 21,
        "end": 27
      },
      "V1032950": {
        "id": "V1032950",
        "indicator": "PRO-SET",
        "type": "PERSON",
        "word": "US",
        "roles": {
          "PROFORM": "US",
          "LEX": "US",
          "WNSENSE": "person%1:03:00",
          "COREF": "US"
        },
        "start": 24,
        "end": 27
      },
      "V1032965": {
        "id": "V1032965",
        "indicator": "F",
        "type": "NOT-IN-WORKING-ORDER-VAL",
        "word": "OUT",
        "roles": {
          "FIGURE": "#V1032936",
          "SCALE": "FUNCTIONALITY-SCALE",
          "LEX": "OUT",
          "WNSENSE": "broken%5:00:00:damaged:00"
        },
        "start": 27,
        "end": 31
      },
      "V1032978": {
        "id": "V1032978",
        "indicator": "F",
        "type": "POS-WRT-SPEAKER-RELN",
        "word": "HERE",
        "roles": {
          "GROUND": "#V1032996",
          "FIGURE": "#V1032936",
          "LEX": "HERE"
        },
        "start": 31,
        "end": 36
      },
      "V1032996": {
        "id": "V1032996",
        "indicator": "IMPRO",
        "type": "LOCATION",
        "word": null,
        "roles": {
          "PROFORM": "HERE"
        },
        "start": 31,
        "end": 36
      },
      "root": "#V1034355"
    },
    {
      "V1035087": {
        "id": "V1035087",
        "indicator": "SPEECHACT",
        "type": "SA_IDENTIFY",
        "word": null,
        "roles": {
          "CONTENT": "#V1035084",
          "LEX": "-"
        },
        "start": 38,
        "end": 38
      },
      "V1035084": {
        "id": "V1035084",
        "indicator": "THE",
        "type": "QUANTITY-ABSTR",
        "word": null,
        "roles": {
          "FIGURE": "#V1035079",
          "COREF": "#V1033565"
        },
        "start": 38,
        "end": 38
      },
      "V1035079": {
        "id": "V1035079",
        "indicator": "BARE",
        "type": "REFERENTIAL-SEM",
        "word": "|...|",
        "roles": {
          "LEX": "|...|",
          "WNSENSE": "entity%1:03:00"
        },
        "start": 38,
        "end": 38
      },
      "root": "#V1035087"
    }
  ],
  "inputtags": [],
  "debug": [
    "*last-utt-id*=NIL  utt-id+195",
    "*last-utt-id*=195  utt-id+NIL",
    "*last-utt-id*=NIL  utt-id+196",
    "*last-utt-id*=196  utt-id+NIL"
  ]
}
