{
  "parse": [
    {
      "V1357424": {
        "id": "V1357424",
        "indicator": "SPEECHACT",
        "type": "SA_TELL",
        "word": null,
        "roles": {
          "PUNCTYPE": "DECL",
          "CONTENT": "#V1356630",
          "LEX": "SAID"
        },
        "start": 0,
        "end": 44
      },
      "V1356630": {
        "id": "V1356630",
        "indicator": "F",
        "type": "SAY",
        "word": "SAY",
        "roles": {
          "AGENT": "#V1356625",
          "FORMAL": "#V1356686",
          "TENSE": "PAST",
          "LEX": "SAID",
          "WNSENSE": "say%2:32:01::"
        },
        "start": 0,
        "end": 44
      },
      "V1356625": {
        "id": "V1356625",
        "indicator": "THE",
        "type": "FAMILY-RELATION",
        "word": "GRANDFATHER",
        "roles": {
          "ASSOC-POSS": "#V1356622",
          "LEX": "GRANDFATHER",
          "WNSENSE": "grandfather%1:18:00::"
        },
        "start": 0,
        "end": 15
      },
      "V1356622": {
        "id": "V1356622",
        "indicator": "PRO",
        "type": "PERSON",
        "word": "MY",
        "roles": {
          "LEX": "MY",
          "PROFORM": "MY",
          "WNSENSE": "person%1:03:00",
          "COREF": "USER"
        },
        "start": 0,
        "end": 15
      },
      "V1356686": {
        "id": "V1356686",
        "indicator": "F",
        "type": "HAVE-PROPERTY",
        "word": "BE",
        "roles": {
          "NEUTRAL": "#V1356664",
          "FORMAL": "#V1357025",
          "PROP": "+",
          "TENSE": "PRES",
          "MODALITY": "(:* CONDITIONAL COULD)",
          "LEX": "BE",
          "WNSENSE": "be%2:42:03::"
        },
        "start": 20,
        "end": 44
      },
      "V1356664": {
        "id": "V1356664",
        "indicator": "PRO",
        "type": "PERSON",
        "word": "I",
        "roles": {
          "PROFORM": "I",
          "LEX": "I",
          "WNSENSE": "person%1:03:00",
          "COREF": "USER"
        },
        "start": 20,
        "end": 22
      },
      "V1357025": {
        "id": "V1357025",
        "indicator": "F",
        "type": "MEMBERSHIP",
        "word": null,
        "roles": {
          "FIGURE": "#V1356664",
          "GROUND": "#V1356757",
          "LEX": "MOVIE-STAR"
        },
        "start": 31,
        "end": 44
      },
      "V1356757": {
        "id": "V1356757",
        "indicator": "THE-SET",
        "type": "PERSON",
        "word": "MOVIE-STAR",
        "roles": {},
        "start": 31,
        "end": 44
      },
      "root": "#V1357424"
    }
  ],
  "inputtags": [],
  "debug": [
    "*last-utt-id*=NIL  utt-id+225",
    "*last-utt-id*=225  utt-id+NIL"
  ]
}
