{
  "parse": [
    {
      "V95364": {
        "id": "V95364",
        "indicator": "SPEECHACT",
        "type": "SA_TELL",
        "word": null,
        "roles": {
          "CONTENT": "#V86091",
          "LEX": "AND"
        },
        "start": 0,
        "end": 65
      },
      "V86091": {
        "id": "V86091",
        "indicator": "F",
        "type": "EVENT-OF-ACTION",
        "word": null,
        "roles": {
          "OPERATOR": "AND",
          "SEQUENCE": "#V86006",
          "SEQUENCE1": "#V86102",
          "TENSE": "PAST",
          "LEX": "AND"
        },
        "start": 0,
        "end": 65
      },
      "V86006": {
        "id": "V86006",
        "indicator": "F",
        "type": "GOVERNING",
        "word": "RUN",
        "roles": {
          "AGENT": "#V85989",
          "AFFECTED": "#V86086",
          "RESULT": "#V86016",
          "TENSE": "PAST",
          "LEX": "RAN"
        },
        "start": 0,
        "end": 33
      },
      "V85989": {
        "id": "V85989",
        "indicator": "PRO",
        "type": "PERSON",
        "word": "I",
        "roles": {
          "PROFORM": "I",
          "LEX": "I",
          "WNSENSE": "person%1:03:00",
          "COREF": "USER"
        },
        "start": 0,
        "end": 2
      },
      "V86016": {
        "id": "V86016",
        "indicator": "F",
        "type": "TO-LOC",
        "word": "TO",
        "roles": {
          "GROUND": "#V86038",
          "FIGURE": "#V86086",
          "LEX": "TO"
        },
        "start": 6,
        "end": 25
      },
      "V86038": {
        "id": "V86038",
        "indicator": "BARE",
        "type": "INTERNAL-ENCLOSURE",
        "word": "KITCHEN",
        "roles": {
          "MOD": "#V86043",
          "LEX": "KITCHEN",
          "WNSENSE": "kitchen%1:06:00::"
        },
        "start": 9,
        "end": 25
      },
      "V86043": {
        "id": "V86043",
        "indicator": "F",
        "type": "ACQUIRE",
        "word": "GRAB",
        "roles": {
          "AFFECTED": "#V86038",
          "VFORM": "PASSIVE",
          "LEX": "GRABBED",
          "WNSENSE": "grab%2:40:00::"
        },
        "start": 17,
        "end": 25
      },
      "V86086": {
        "id": "V86086",
        "indicator": "A",
        "type": "CUTLERY",
        "word": "KNIFE",
        "roles": {
          "LEX": "KNIFE",
          "WNSENSE": "cutlery%1:06:00"
        },
        "start": 25,
        "end": 33
      },
      "V86102": {
        "id": "V86102",
        "indicator": "F",
        "type": "THREATEN",
        "word": "THREATEN",
        "roles": {
          "AGENT": "#V85989",
          "AFFECTED": "#V86184",
          "RESULT": "#V86111",
          "TENSE": "PAST",
          "LEX": "THREATENED",
          "WNSENSE": "threaten%2:32:00::"
        },
        "start": 37,
        "end": 65
      },
      "V86111": {
        "id": "V86111",
        "indicator": "F",
        "type": "RESULTING-STATE",
        "word": "TO",
        "roles": {
          "GROUND": "#V86147",
          "FIGURE": "#V86184",
          "LEX": "TO"
        },
        "start": 48,
        "end": 55
      },
      "V86147": {
        "id": "V86147",
        "indicator": "BARE",
        "type": "DECREASE",
        "word": "CUT",
        "roles": {
          "LEX": "CUT",
          "WNSENSE": "cut%1:04:00::"
        },
        "start": 51,
        "end": 55
      },
      "V86184": {
        "id": "V86184",
        "indicator": "THE",
        "type": "EXTERNAL-BODY-PART",
        "word": "PENIS",
        "roles": {
          "ASSOC-POSS": "#V86179",
          "LEX": "PENIS",
          "WNSENSE": "external_body_part%1:08:00"
        },
        "start": 55,
        "end": 65
      },
      "V86179": {
        "id": "V86179",
        "indicator": "PRO",
        "type": "MALE-PERSON",
        "word": "HIS",
        "roles": {
          "LEX": "HIS",
          "PROFORM": "HIS",
          "WNSENSE": "man%1:18:00"
        },
        "start": 55,
        "end": 65
      },
      "root": "#V95364"
    },
    {
      "V86342": {
        "id": "V86342",
        "indicator": "SPEECHACT",
        "type": "SA_PRED-FRAGMENT",
        "word": null,
        "roles": {
          "PUNCTYPE": "DECL",
          "CONTENT": "#V86188",
          "LEX": "OFF"
        },
        "start": 65,
        "end": 69
      },
      "V86188": {
        "id": "V86188",
        "indicator": "F",
        "type": "DIRECTION",
        "word": "OFF",
        "roles": {
          "FIGURE": "#V86343",
          "LEX": "OFF",
          "WNSENSE": "direction%1:15:00"
        },
        "start": 65,
        "end": 69
      },
      "V86343": {
        "id": "V86343",
        "indicator": "IMPRO",
        "type": "ANY-SEM",
        "word": null,
        "roles": {
          "COREF": "#V86038"
        },
        "start": 65,
        "end": 69
      },
      "root": "#V86342"
    },
    {
      "V95361": {
        "id": "V95361",
        "indicator": "SPEECHACT",
        "type": "SA_TELL",
        "word": null,
        "roles": {
          "CONTENT": "#V86091",
          "LEX": "AND"
        },
        "start": 0,
        "end": 65
      },
      "V86091": {
        "id": "V86091",
        "indicator": "F",
        "type": "EVENT-OF-ACTION",
        "word": null,
        "roles": {
          "OPERATOR": "AND",
          "SEQUENCE": "#V86006",
          "SEQUENCE1": "#V86102",
          "TENSE": "PAST",
          "LEX": "AND"
        },
        "start": 0,
        "end": 65
      },
      "V86006": {
        "id": "V86006",
        "indicator": "F",
        "type": "GOVERNING",
        "word": "RUN",
        "roles": {
          "AGENT": "#V85989",
          "AFFECTED": "#V86086",
          "RESULT": "#V86016",
          "TENSE": "PAST",
          "LEX": "RAN"
        },
        "start": 0,
        "end": 33
      },
      "V85989": {
        "id": "V85989",
        "indicator": "PRO",
        "type": "PERSON",
        "word": "I",
        "roles": {
          "PROFORM": "I",
          "LEX": "I",
          "WNSENSE": "person%1:03:00"
        },
        "start": 0,
        "end": 2
      },
      "V86016": {
        "id": "V86016",
        "indicator": "F",
        "type": "TO-LOC",
        "word": "TO",
        "roles": {
          "GROUND": "#V86038",
          "FIGURE": "#V86086",
          "LEX": "TO"
        },
        "start": 6,
        "end": 25
      },
      "V86038": {
        "id": "V86038",
        "indicator": "BARE",
        "type": "INTERNAL-ENCLOSURE",
        "word": "KITCHEN",
        "roles": {
          "MOD": "#V86043",
          "LEX": "KITCHEN",
          "WNSENSE": "kitchen%1:06:00::"
        },
        "start": 9,
        "end": 25
      },
      "V86043": {
        "id": "V86043",
        "indicator": "F",
        "type": "ACQUIRE",
        "word": "GRAB",
        "roles": {
          "AFFECTED": "#V86038",
          "VFORM": "PASSIVE",
          "LEX": "GRABBED",
          "WNSENSE": "grab%2:40:00::"
        },
        "start": 17,
        "end": 25
      },
      "V86086": {
        "id": "V86086",
        "indicator": "A",
        "type": "CUTLERY",
        "word": "KNIFE",
        "roles": {
          "LEX": "KNIFE",
          "WNSENSE": "cutlery%1:06:00"
        },
        "start": 25,
        "end": 33
      },
      "V86102": {
        "id": "V86102",
        "indicator": "F",
        "type": "THREATEN",
        "word": "THREATEN",
        "roles": {
          "AGENT": "#V85989",
          "AFFECTED": "#V86184",
          "RESULT": "#V86111",
          "TENSE": "PAST",
          "LEX": "THREATENED",
          "WNSENSE": "threaten%2:32:00::"
        },
        "start": 37,
        "end": 65
      },
      "V86111": {
        "id": "V86111",
        "indicator": "F",
        "type": "RESULTING-STATE",
        "word": "TO",
        "roles": {
          "GROUND": "#V86146",
          "FIGURE": "#V86184",
          "LEX": "TO"
        },
        "start": 48,
        "end": 55
      },
      "V86146": {
        "id": "V86146",
        "indicator": "BARE",
        "type": "CARVE-CUT",
        "word": "CUT",
        "roles": {
          "LEX": "CUT",
          "WNSENSE": "cut%2:35:10::"
        },
        "start": 51,
        "end": 55
      },
      "V86184": {
        "id": "V86184",
        "indicator": "THE",
        "type": "EXTERNAL-BODY-PART",
        "word": "PENIS",
        "roles": {
          "ASSOC-POSS": "#V86179",
          "LEX": "PENIS",
          "WNSENSE": "external_body_part%1:08:00"
        },
        "start": 55,
        "end": 65
      },
      "V86179": {
        "id": "V86179",
        "indicator": "PRO",
        "type": "MALE-PERSON",
        "word": "HIS",
        "roles": {
          "LEX": "HIS",
          "PROFORM": "HIS",
          "WNSENSE": "man%1:18:00"
        },
        "start": 55,
        "end": 65
      },
      "root": "#V95361"
    },
    {
      "V86342": {
        "id": "V86342",
        "indicator": "SPEECHACT",
        "type": "SA_PRED-FRAGMENT",
        "word": null,
        "roles": {
          "PUNCTYPE": "DECL",
          "CONTENT": "#V86188",
          "LEX": "OFF"
        },
        "start": 65,
        "end": 70
      },
      "V86188": {
        "id": "V86188",
        "indicator": "F",
        "type": "DIRECTION",
        "word": "OFF",
        "roles": {
          "FIGURE": "#V86343",
          "LEX": "OFF",
          "WNSENSE": "direction%1:15:00"
        },
        "start": 65,
        "end": 69
      },
      "V86343": {
        "id": "V86343",
        "indicator": "IMPRO",
        "type": "ANY-SEM",
        "word": null,
        "roles": {},
        "start": 65,
        "end": 69
      },
      "root": "#V86342"
    },
    {
      "V95358": {
        "id": "V95358",
        "indicator": "SPEECHACT",
        "type": "SA_TELL",
        "word": null,
        "roles": {
          "CONTENT": "#V86091",
          "LEX": "AND"
        },
        "start": 0,
        "end": 65
      },
      "V86091": {
        "id": "V86091",
        "indicator": "F",
        "type": "EVENT-OF-ACTION",
        "word": null,
        "roles": {
          "OPERATOR": "AND",
          "SEQUENCE": "#V86006",
          "SEQUENCE1": "#V86102",
          "TENSE": "PAST",
          "LEX": "AND"
        },
        "start": 0,
        "end": 65
      },
      "V86006": {
        "id": "V86006",
        "indicator": "F",
        "type": "GOVERNING",
        "word": "RUN",
        "roles": {
          "AGENT": "#V85989",
          "AFFECTED": "#V86086",
          "RESULT": "#V86016",
          "TENSE": "PAST",
          "LEX": "RAN"
        },
        "start": 0,
        "end": 33
      },
      "V85989": {
        "id": "V85989",
        "indicator": "PRO",
        "type": "PERSON",
        "word": "I",
        "roles": {
          "PROFORM": "I",
          "LEX": "I",
          "WNSENSE": "person%1:03:00"
        },
        "start": 0,
        "end": 2
      },
      "V86016": {
        "id": "V86016",
        "indicator": "F",
        "type": "TO-LOC",
        "word": "TO",
        "roles": {
          "GROUND": "#V86038",
          "FIGURE": "#V86086",
          "LEX": "TO"
        },
        "start": 6,
        "end": 25
      },
      "V86038": {
        "id": "V86038",
        "indicator": "BARE",
        "type": "INTERNAL-ENCLOSURE",
        "word": "KITCHEN",
        "roles": {
          "MOD": "#V86043",
          "LEX": "KITCHEN",
          "WNSENSE": "kitchen%1:06:00::"
        },
        "start": 9,
        "end": 25
      },
      "V86043": {
        "id": "V86043",
        "indicator": "F",
        "type": "ACQUIRE",
        "word": "GRAB",
        "roles": {
          "AFFECTED": "#V86038",
          "VFORM": "PASSIVE",
          "LEX": "GRABBED",
          "WNSENSE": "grab%2:40:00::"
        },
        "start": 17,
        "end": 25
      },
      "V86086": {
        "id": "V86086",
        "indicator": "A",
        "type": "CUTLERY",
        "word": "KNIFE",
        "roles": {
          "LEX": "KNIFE",
          "WNSENSE": "cutlery%1:06:00"
        },
        "start": 25,
        "end": 33
      },
      "V86102": {
        "id": "V86102",
        "indicator": "F",
        "type": "THREATEN",
        "word": "THREATEN",
        "roles": {
          "AGENT": "#V85989",
          "AFFECTED": "#V86184",
          "RESULT": "#V86111",
          "TENSE": "PAST",
          "LEX": "THREATENED",
          "WNSENSE": "threaten%2:32:00::"
        },
        "start": 37,
        "end": 65
      },
      "V86111": {
        "id": "V86111",
        "indicator": "F",
        "type": "RESULTING-STATE",
        "word": "TO",
        "roles": {
          "GROUND": "#V86145",
          "FIGURE": "#V86184",
          "LEX": "TO"
        },
        "start": 48,
        "end": 55
      },
      "V86145": {
        "id": "V86145",
        "indicator": "BARE",
        "type": "SHAPE-CHANGE",
        "word": "CUT",
        "roles": {
          "LEX": "CUT",
          "WNSENSE": "cut%1:04:09::"
        },
        "start": 51,
        "end": 55
      },
      "V86184": {
        "id": "V86184",
        "indicator": "THE",
        "type": "EXTERNAL-BODY-PART",
        "word": "PENIS",
        "roles": {
          "ASSOC-POSS": "#V86179",
          "LEX": "PENIS",
          "WNSENSE": "external_body_part%1:08:00"
        },
        "start": 55,
        "end": 65
      },
      "V86179": {
        "id": "V86179",
        "indicator": "PRO",
        "type": "MALE-PERSON",
        "word": "HIS",
        "roles": {
          "LEX": "HIS",
          "PROFORM": "HIS",
          "WNSENSE": "man%1:18:00"
        },
        "start": 55,
        "end": 65
      },
      "root": "#V95358"
    },
    {
      "V86342": {
        "id": "V86342",
        "indicator": "SPEECHACT",
        "type": "SA_PRED-FRAGMENT",
        "word": null,
        "roles": {
          "PUNCTYPE": "DECL",
          "CONTENT": "#V86188",
          "LEX": "OFF"
        },
        "start": 65,
        "end": 70
      },
      "V86188": {
        "id": "V86188",
        "indicator": "F",
        "type": "DIRECTION",
        "word": "OFF",
        "roles": {
          "FIGURE": "#V86343",
          "LEX": "OFF",
          "WNSENSE": "direction%1:15:00"
        },
        "start": 65,
        "end": 69
      },
      "V86343": {
        "id": "V86343",
        "indicator": "IMPRO",
        "type": "ANY-SEM",
        "word": null,
        "roles": {},
        "start": 65,
        "end": 69
      },
      "root": "#V86342"
    },
    {
      "V95355": {
        "id": "V95355",
        "indicator": "SPEECHACT",
        "type": "SA_TELL",
        "word": null,
        "roles": {
          "CONTENT": "#V86091",
          "LEX": "AND"
        },
        "start": 0,
        "end": 65
      },
      "V86091": {
        "id": "V86091",
        "indicator": "F",
        "type": "EVENT-OF-ACTION",
        "word": null,
        "roles": {
          "OPERATOR": "AND",
          "SEQUENCE": "#V86006",
          "SEQUENCE1": "#V86102",
          "TENSE": "PAST",
          "LEX": "AND"
        },
        "start": 0,
        "end": 65
      },
      "V86006": {
        "id": "V86006",
        "indicator": "F",
        "type": "GOVERNING",
        "word": "RUN",
        "roles": {
          "AGENT": "#V85989",
          "AFFECTED": "#V86086",
          "RESULT": "#V86016",
          "TENSE": "PAST",
          "LEX": "RAN"
        },
        "start": 0,
        "end": 33
      },
      "V85989": {
        "id": "V85989",
        "indicator": "PRO",
        "type": "PERSON",
        "word": "I",
        "roles": {
          "PROFORM": "I",
          "LEX": "I",
          "WNSENSE": "person%1:03:00"
        },
        "start": 0,
        "end": 2
      },
      "V86016": {
        "id": "V86016",
        "indicator": "F",
        "type": "TO-LOC",
        "word": "TO",
        "roles": {
          "GROUND": "#V86038",
          "FIGURE": "#V86086",
          "LEX": "TO"
        },
        "start": 6,
        "end": 25
      },
      "V86038": {
        "id": "V86038",
        "indicator": "BARE",
        "type": "INTERNAL-ENCLOSURE",
        "word": "KITCHEN",
        "roles": {
          "MOD": "#V86043",
          "LEX": "KITCHEN",
          "WNSENSE": "kitchen%1:06:00::"
        },
        "start": 9,
        "end": 25
      },
      "V86043": {
        "id": "V86043",
        "indicator": "F",
        "type": "ACQUIRE",
        "word": "GRAB",
        "roles": {
          "AFFECTED": "#V86038",
          "VFORM": "PASSIVE",
          "LEX": "GRABBED",
          "WNSENSE": "grab%2:40:00::"
        },
        "start": 17,
        "end": 25
      },
      "V86086": {
        "id": "V86086",
        "indicator": "A",
        "type": "CUTLERY",
        "word": "KNIFE",
        "roles": {
          "LEX": "KNIFE",
          "WNSENSE": "cutlery%1:06:00"
        },
        "start": 25,
        "end": 33
      },
      "V86102": {
        "id": "V86102",
        "indicator": "F",
        "type": "THREATEN",
        "word": "THREATEN",
        "roles": {
          "AGENT": "#V85989",
          "AFFECTED": "#V86184",
          "RESULT": "#V86111",
          "TENSE": "PAST",
          "LEX": "THREATENED",
          "WNSENSE": "threaten%2:32:00::"
        },
        "start": 37,
        "end": 65
      },
      "V86111": {
        "id": "V86111",
        "indicator": "F",
        "type": "RESULTING-STATE",
        "word": "TO",
        "roles": {
          "GROUND": "#V86144",
          "FIGURE": "#V86184",
          "LEX": "TO"
        },
        "start": 48,
        "end": 55
      },
      "V86144": {
        "id": "V86144",
        "indicator": "BARE",
        "type": "EVOKE-HURT",
        "word": "CUT",
        "roles": {
          "LEX": "CUT",
          "WNSENSE": "hurt%2:29:01"
        },
        "start": 51,
        "end": 55
      },
      "V86184": {
        "id": "V86184",
        "indicator": "THE",
        "type": "EXTERNAL-BODY-PART",
        "word": "PENIS",
        "roles": {
          "ASSOC-POSS": "#V86179",
          "LEX": "PENIS",
          "WNSENSE": "external_body_part%1:08:00"
        },
        "start": 55,
        "end": 65
      },
      "V86179": {
        "id": "V86179",
        "indicator": "PRO",
        "type": "MALE-PERSON",
        "word": "HIS",
        "roles": {
          "LEX": "HIS",
          "PROFORM": "HIS",
          "WNSENSE": "man%1:18:00"
        },
        "start": 55,
        "end": 65
      },
      "root": "#V95355"
    },
    {
      "V86342": {
        "id": "V86342",
        "indicator": "SPEECHACT",
        "type": "SA_PRED-FRAGMENT",
        "word": null,
        "roles": {
          "PUNCTYPE": "DECL",
          "CONTENT": "#V86188",
          "LEX": "OFF"
        },
        "start": 65,
        "end": 70
      },
      "V86188": {
        "id": "V86188",
        "indicator": "F",
        "type": "DIRECTION",
        "word": "OFF",
        "roles": {
          "FIGURE": "#V86343",
          "LEX": "OFF",
          "WNSENSE": "direction%1:15:00"
        },
        "start": 65,
        "end": 69
      },
      "V86343": {
        "id": "V86343",
        "indicator": "IMPRO",
        "type": "ANY-SEM",
        "word": null,
        "roles": {},
        "start": 65,
        "end": 69
      },
      "root": "#V86342"
    },
    {
      "V95352": {
        "id": "V95352",
        "indicator": "SPEECHACT",
        "type": "SA_TELL",
        "word": null,
        "roles": {
          "CONTENT": "#V86091",
          "LEX": "AND"
        },
        "start": 0,
        "end": 65
      },
      "V86091": {
        "id": "V86091",
        "indicator": "F",
        "type": "EVENT-OF-ACTION",
        "word": null,
        "roles": {
          "OPERATOR": "AND",
          "SEQUENCE": "#V86006",
          "SEQUENCE1": "#V86102",
          "TENSE": "PAST",
          "LEX": "AND"
        },
        "start": 0,
        "end": 65
      },
      "V86006": {
        "id": "V86006",
        "indicator": "F",
        "type": "GOVERNING",
        "word": "RUN",
        "roles": {
          "AGENT": "#V85989",
          "AFFECTED": "#V86086",
          "RESULT": "#V86016",
          "TENSE": "PAST",
          "LEX": "RAN"
        },
        "start": 0,
        "end": 33
      },
      "V85989": {
        "id": "V85989",
        "indicator": "PRO",
        "type": "PERSON",
        "word": "I",
        "roles": {
          "PROFORM": "I",
          "LEX": "I",
          "WNSENSE": "person%1:03:00"
        },
        "start": 0,
        "end": 2
      },
      "V86016": {
        "id": "V86016",
        "indicator": "F",
        "type": "TO-LOC",
        "word": "TO",
        "roles": {
          "GROUND": "#V86038",
          "FIGURE": "#V86086",
          "LEX": "TO"
        },
        "start": 6,
        "end": 25
      },
      "V86038": {
        "id": "V86038",
        "indicator": "BARE",
        "type": "INTERNAL-ENCLOSURE",
        "word": "KITCHEN",
        "roles": {
          "MOD": "#V86043",
          "LEX": "KITCHEN",
          "WNSENSE": "kitchen%1:06:00::"
        },
        "start": 9,
        "end": 25
      },
      "V86043": {
        "id": "V86043",
        "indicator": "F",
        "type": "ACQUIRE",
        "word": "GRAB",
        "roles": {
          "AFFECTED": "#V86038",
          "VFORM": "PASSIVE",
          "LEX": "GRABBED",
          "WNSENSE": "grab%2:40:00::"
        },
        "start": 17,
        "end": 25
      },
      "V86086": {
        "id": "V86086",
        "indicator": "A",
        "type": "CUTLERY",
        "word": "KNIFE",
        "roles": {
          "LEX": "KNIFE",
          "WNSENSE": "cutlery%1:06:00"
        },
        "start": 25,
        "end": 33
      },
      "V86102": {
        "id": "V86102",
        "indicator": "F",
        "type": "THREATEN",
        "word": "THREATEN",
        "roles": {
          "AGENT": "#V85989",
          "AFFECTED": "#V86184",
          "RESULT": "#V86111",
          "TENSE": "PAST",
          "LEX": "THREATENED",
          "WNSENSE": "threaten%2:32:00::"
        },
        "start": 37,
        "end": 65
      },
      "V86111": {
        "id": "V86111",
        "indicator": "F",
        "type": "RESULTING-STATE",
        "word": "TO",
        "roles": {
          "GROUND": "#V86137",
          "FIGURE": "#V86184",
          "LEX": "TO"
        },
        "start": 48,
        "end": 55
      },
      "V86137": {
        "id": "V86137",
        "indicator": "BARE",
        "type": "STOP",
        "word": "CUT",
        "roles": {
          "LEX": "CUT",
          "WNSENSE": "cut%2:38:00::"
        },
        "start": 51,
        "end": 55
      },
      "V86184": {
        "id": "V86184",
        "indicator": "THE",
        "type": "EXTERNAL-BODY-PART",
        "word": "PENIS",
        "roles": {
          "ASSOC-POSS": "#V86179",
          "LEX": "PENIS",
          "WNSENSE": "external_body_part%1:08:00"
        },
        "start": 55,
        "end": 65
      },
      "V86179": {
        "id": "V86179",
        "indicator": "PRO",
        "type": "MALE-PERSON",
        "word": "HIS",
        "roles": {
          "LEX": "HIS",
          "PROFORM": "HIS",
          "WNSENSE": "man%1:18:00"
        },
        "start": 55,
        "end": 65
      },
      "root": "#V95352"
    },
    {
      "V86342": {
        "id": "V86342",
        "indicator": "SPEECHACT",
        "type": "SA_PRED-FRAGMENT",
        "word": null,
        "roles": {
          "PUNCTYPE": "DECL",
          "CONTENT": "#V86188",
          "LEX": "OFF"
        },
        "start": 65,
        "end": 70
      },
      "V86188": {
        "id": "V86188",
        "indicator": "F",
        "type": "DIRECTION",
        "word": "OFF",
        "roles": {
          "FIGURE": "#V86343",
          "LEX": "OFF",
          "WNSENSE": "direction%1:15:00"
        },
        "start": 65,
        "end": 69
      },
      "V86343": {
        "id": "V86343",
        "indicator": "IMPRO",
        "type": "ANY-SEM",
        "word": null,
        "roles": {},
        "start": 65,
        "end": 69
      },
      "root": "#V86342"
    },
    {
      "V94791": {
        "id": "V94791",
        "indicator": "SPEECHACT",
        "type": "SA_TELL",
        "word": null,
        "roles": {
          "CONTENT": "#V86091",
          "LEX": "AND"
        },
        "start": 0,
        "end": 65
      },
      "V86091": {
        "id": "V86091",
        "indicator": "F",
        "type": "EVENT-OF-ACTION",
        "word": null,
        "roles": {
          "OPERATOR": "AND",
          "SEQUENCE": "#V86006",
          "SEQUENCE1": "#V86102",
          "TENSE": "PAST",
          "LEX": "AND"
        },
        "start": 0,
        "end": 65
      },
      "V86006": {
        "id": "V86006",
        "indicator": "F",
        "type": "GOVERNING",
        "word": "RUN",
        "roles": {
          "AGENT": "#V85989",
          "AFFECTED": "#V86086",
          "RESULT": "#V86017",
          "TENSE": "PAST",
          "LEX": "RAN"
        },
        "start": 0,
        "end": 33
      },
      "V85989": {
        "id": "V85989",
        "indicator": "PRO",
        "type": "PERSON",
        "word": "I",
        "roles": {
          "PROFORM": "I",
          "LEX": "I",
          "WNSENSE": "person%1:03:00"
        },
        "start": 0,
        "end": 2
      },
      "V86017": {
        "id": "V86017",
        "indicator": "F",
        "type": "RESULTING-OBJECT",
        "word": "TO",
        "roles": {
          "GROUND": "#V86038",
          "FIGURE": "#V86086",
          "LEX": "TO"
        },
        "start": 6,
        "end": 25
      },
      "V86038": {
        "id": "V86038",
        "indicator": "BARE",
        "type": "INTERNAL-ENCLOSURE",
        "word": "KITCHEN",
        "roles": {
          "MOD": "#V86043",
          "LEX": "KITCHEN",
          "WNSENSE": "kitchen%1:06:00::"
        },
        "start": 9,
        "end": 25
      },
      "V86043": {
        "id": "V86043",
        "indicator": "F",
        "type": "ACQUIRE",
        "word": "GRAB",
        "roles": {
          "AFFECTED": "#V86038",
          "VFORM": "PASSIVE",
          "LEX": "GRABBED",
          "WNSENSE": "grab%2:40:00::"
        },
        "start": 17,
        "end": 25
      },
      "V86086": {
        "id": "V86086",
        "indicator": "A",
        "type": "CUTLERY",
        "word": "KNIFE",
        "roles": {
          "LEX": "KNIFE",
          "WNSENSE": "cutlery%1:06:00"
        },
        "start": 25,
        "end": 33
      },
      "V86102": {
        "id": "V86102",
        "indicator": "F",
        "type": "THREATEN",
        "word": "THREATEN",
        "roles": {
          "AGENT": "#V85989",
          "AFFECTED": "#V86184",
          "RESULT": "#V86111",
          "TENSE": "PAST",
          "LEX": "THREATENED",
          "WNSENSE": "threaten%2:32:00::"
        },
        "start": 37,
        "end": 65
      },
      "V86111": {
        "id": "V86111",
        "indicator": "F",
        "type": "RESULTING-STATE",
        "word": "TO",
        "roles": {
          "GROUND": "#V86147",
          "FIGURE": "#V86184",
          "LEX": "TO"
        },
        "start": 48,
        "end": 55
      },
      "V86147": {
        "id": "V86147",
        "indicator": "BARE",
        "type": "DECREASE",
        "word": "CUT",
        "roles": {
          "LEX": "CUT",
          "WNSENSE": "cut%1:04:00::"
        },
        "start": 51,
        "end": 55
      },
      "V86184": {
        "id": "V86184",
        "indicator": "THE",
        "type": "EXTERNAL-BODY-PART",
        "word": "PENIS",
        "roles": {
          "ASSOC-POSS": "#V86179",
          "LEX": "PENIS",
          "WNSENSE": "external_body_part%1:08:00"
        },
        "start": 55,
        "end": 65
      },
      "V86179": {
        "id": "V86179",
        "indicator": "PRO",
        "type": "MALE-PERSON",
        "word": "HIS",
        "roles": {
          "LEX": "HIS",
          "PROFORM": "HIS",
          "WNSENSE": "man%1:18:00"
        },
        "start": 55,
        "end": 65
      },
      "root": "#V94791"
    },
    {
      "V86342": {
        "id": "V86342",
        "indicator": "SPEECHACT",
        "type": "SA_PRED-FRAGMENT",
        "word": null,
        "roles": {
          "PUNCTYPE": "DECL",
          "CONTENT": "#V86188",
          "LEX": "OFF"
        },
        "start": 65,
        "end": 70
      },
      "V86188": {
        "id": "V86188",
        "indicator": "F",
        "type": "DIRECTION",
        "word": "OFF",
        "roles": {
          "FIGURE": "#V86343",
          "LEX": "OFF",
          "WNSENSE": "direction%1:15:00"
        },
        "start": 65,
        "end": 69
      },
      "V86343": {
        "id": "V86343",
        "indicator": "IMPRO",
        "type": "ANY-SEM",
        "word": null,
        "roles": {},
        "start": 65,
        "end": 69
      },
      "root": "#V86342"
    },
    {
      "V94788": {
        "id": "V94788",
        "indicator": "SPEECHACT",
        "type": "SA_TELL",
        "word": null,
        "roles": {
          "CONTENT": "#V86091",
          "LEX": "AND"
        },
        "start": 0,
        "end": 65
      },
      "V86091": {
        "id": "V86091",
        "indicator": "F",
        "type": "EVENT-OF-ACTION",
        "word": null,
        "roles": {
          "OPERATOR": "AND",
          "SEQUENCE": "#V86006",
          "SEQUENCE1": "#V86102",
          "TENSE": "PAST",
          "LEX": "AND"
        },
        "start": 0,
        "end": 65
      },
      "V86006": {
        "id": "V86006",
        "indicator": "F",
        "type": "GOVERNING",
        "word": "RUN",
        "roles": {
          "AGENT": "#V85989",
          "AFFECTED": "#V86086",
          "RESULT": "#V86017",
          "TENSE": "PAST",
          "LEX": "RAN"
        },
        "start": 0,
        "end": 33
      },
      "V85989": {
        "id": "V85989",
        "indicator": "PRO",
        "type": "PERSON",
        "word": "I",
        "roles": {
          "PROFORM": "I",
          "LEX": "I",
          "WNSENSE": "person%1:03:00"
        },
        "start": 0,
        "end": 2
      },
      "V86017": {
        "id": "V86017",
        "indicator": "F",
        "type": "RESULTING-OBJECT",
        "word": "TO",
        "roles": {
          "GROUND": "#V86038",
          "FIGURE": "#V86086",
          "LEX": "TO"
        },
        "start": 6,
        "end": 25
      },
      "V86038": {
        "id": "V86038",
        "indicator": "BARE",
        "type": "INTERNAL-ENCLOSURE",
        "word": "KITCHEN",
        "roles": {
          "MOD": "#V86043",
          "LEX": "KITCHEN",
          "WNSENSE": "kitchen%1:06:00::"
        },
        "start": 9,
        "end": 25
      },
      "V86043": {
        "id": "V86043",
        "indicator": "F",
        "type": "ACQUIRE",
        "word": "GRAB",
        "roles": {
          "AFFECTED": "#V86038",
          "VFORM": "PASSIVE",
          "LEX": "GRABBED",
          "WNSENSE": "grab%2:40:00::"
        },
        "start": 17,
        "end": 25
      },
      "V86086": {
        "id": "V86086",
        "indicator": "A",
        "type": "CUTLERY",
        "word": "KNIFE",
        "roles": {
          "LEX": "KNIFE",
          "WNSENSE": "cutlery%1:06:00"
        },
        "start": 25,
        "end": 33
      },
      "V86102": {
        "id": "V86102",
        "indicator": "F",
        "type": "THREATEN",
        "word": "THREATEN",
        "roles": {
          "AGENT": "#V85989",
          "AFFECTED": "#V86184",
          "RESULT": "#V86111",
          "TENSE": "PAST",
          "LEX": "THREATENED",
          "WNSENSE": "threaten%2:32:00::"
        },
        "start": 37,
        "end": 65
      },
      "V86111": {
        "id": "V86111",
        "indicator": "F",
        "type": "RESULTING-STATE",
        "word": "TO",
        "roles": {
          "GROUND": "#V86146",
          "FIGURE": "#V86184",
          "LEX": "TO"
        },
        "start": 48,
        "end": 55
      },
      "V86146": {
        "id": "V86146",
        "indicator": "BARE",
        "type": "CARVE-CUT",
        "word": "CUT",
        "roles": {
          "LEX": "CUT",
          "WNSENSE": "cut%2:35:10::"
        },
        "start": 51,
        "end": 55
      },
      "V86184": {
        "id": "V86184",
        "indicator": "THE",
        "type": "EXTERNAL-BODY-PART",
        "word": "PENIS",
        "roles": {
          "ASSOC-POSS": "#V86179",
          "LEX": "PENIS",
          "WNSENSE": "external_body_part%1:08:00"
        },
        "start": 55,
        "end": 65
      },
      "V86179": {
        "id": "V86179",
        "indicator": "PRO",
        "type": "MALE-PERSON",
        "word": "HIS",
        "roles": {
          "LEX": "HIS",
          "PROFORM": "HIS",
          "WNSENSE": "man%1:18:00"
        },
        "start": 55,
        "end": 65
      },
      "root": "#V94788"
    },
    {
      "V86342": {
        "id": "V86342",
        "indicator": "SPEECHACT",
        "type": "SA_PRED-FRAGMENT",
        "word": null,
        "roles": {
          "PUNCTYPE": "DECL",
          "CONTENT": "#V86188",
          "LEX": "OFF"
        },
        "start": 65,
        "end": 70
      },
      "V86188": {
        "id": "V86188",
        "indicator": "F",
        "type": "DIRECTION",
        "word": "OFF",
        "roles": {
          "FIGURE": "#V86343",
          "LEX": "OFF",
          "WNSENSE": "direction%1:15:00"
        },
        "start": 65,
        "end": 69
      },
      "V86343": {
        "id": "V86343",
        "indicator": "IMPRO",
        "type": "ANY-SEM",
        "word": null,
        "roles": {},
        "start": 65,
        "end": 69
      },
      "root": "#V86342"
    },
    {
      "V94785": {
        "id": "V94785",
        "indicator": "SPEECHACT",
        "type": "SA_TELL",
        "word": null,
        "roles": {
          "CONTENT": "#V86091",
          "LEX": "AND"
        },
        "start": 0,
        "end": 65
      },
      "V86091": {
        "id": "V86091",
        "indicator": "F",
        "type": "EVENT-OF-ACTION",
        "word": null,
        "roles": {
          "OPERATOR": "AND",
          "SEQUENCE": "#V86006",
          "SEQUENCE1": "#V86102",
          "TENSE": "PAST",
          "LEX": "AND"
        },
        "start": 0,
        "end": 65
      },
      "V86006": {
        "id": "V86006",
        "indicator": "F",
        "type": "GOVERNING",
        "word": "RUN",
        "roles": {
          "AGENT": "#V85989",
          "AFFECTED": "#V86086",
          "RESULT": "#V86017",
          "TENSE": "PAST",
          "LEX": "RAN"
        },
        "start": 0,
        "end": 33
      },
      "V85989": {
        "id": "V85989",
        "indicator": "PRO",
        "type": "PERSON",
        "word": "I",
        "roles": {
          "PROFORM": "I",
          "LEX": "I",
          "WNSENSE": "person%1:03:00"
        },
        "start": 0,
        "end": 2
      },
      "V86017": {
        "id": "V86017",
        "indicator": "F",
        "type": "RESULTING-OBJECT",
        "word": "TO",
        "roles": {
          "GROUND": "#V86038",
          "FIGURE": "#V86086",
          "LEX": "TO"
        },
        "start": 6,
        "end": 25
      },
      "V86038": {
        "id": "V86038",
        "indicator": "BARE",
        "type": "INTERNAL-ENCLOSURE",
        "word": "KITCHEN",
        "roles": {
          "MOD": "#V86043",
          "LEX": "KITCHEN",
          "WNSENSE": "kitchen%1:06:00::"
        },
        "start": 9,
        "end": 25
      },
      "V86043": {
        "id": "V86043",
        "indicator": "F",
        "type": "ACQUIRE",
        "word": "GRAB",
        "roles": {
          "AFFECTED": "#V86038",
          "VFORM": "PASSIVE",
          "LEX": "GRABBED",
          "WNSENSE": "grab%2:40:00::"
        },
        "start": 17,
        "end": 25
      },
      "V86086": {
        "id": "V86086",
        "indicator": "A",
        "type": "CUTLERY",
        "word": "KNIFE",
        "roles": {
          "LEX": "KNIFE",
          "WNSENSE": "cutlery%1:06:00"
        },
        "start": 25,
        "end": 33
      },
      "V86102": {
        "id": "V86102",
        "indicator": "F",
        "type": "THREATEN",
        "word": "THREATEN",
        "roles": {
          "AGENT": "#V85989",
          "AFFECTED": "#V86184",
          "RESULT": "#V86111",
          "TENSE": "PAST",
          "LEX": "THREATENED",
          "WNSENSE": "threaten%2:32:00::"
        },
        "start": 37,
        "end": 65
      },
      "V86111": {
        "id": "V86111",
        "indicator": "F",
        "type": "RESULTING-STATE",
        "word": "TO",
        "roles": {
          "GROUND": "#V86145",
          "FIGURE": "#V86184",
          "LEX": "TO"
        },
        "start": 48,
        "end": 55
      },
      "V86145": {
        "id": "V86145",
        "indicator": "BARE",
        "type": "SHAPE-CHANGE",
        "word": "CUT",
        "roles": {
          "LEX": "CUT",
          "WNSENSE": "cut%1:04:09::"
        },
        "start": 51,
        "end": 55
      },
      "V86184": {
        "id": "V86184",
        "indicator": "THE",
        "type": "EXTERNAL-BODY-PART",
        "word": "PENIS",
        "roles": {
          "ASSOC-POSS": "#V86179",
          "LEX": "PENIS",
          "WNSENSE": "external_body_part%1:08:00"
        },
        "start": 55,
        "end": 65
      },
      "V86179": {
        "id": "V86179",
        "indicator": "PRO",
        "type": "MALE-PERSON",
        "word": "HIS",
        "roles": {
          "LEX": "HIS",
          "PROFORM": "HIS",
          "WNSENSE": "man%1:18:00"
        },
        "start": 55,
        "end": 65
      },
      "root": "#V94785"
    },
    {
      "V86342": {
        "id": "V86342",
        "indicator": "SPEECHACT",
        "type": "SA_PRED-FRAGMENT",
        "word": null,
        "roles": {
          "PUNCTYPE": "DECL",
          "CONTENT": "#V86188",
          "LEX": "OFF"
        },
        "start": 65,
        "end": 70
      },
      "V86188": {
        "id": "V86188",
        "indicator": "F",
        "type": "DIRECTION",
        "word": "OFF",
        "roles": {
          "FIGURE": "#V86343",
          "LEX": "OFF",
          "WNSENSE": "direction%1:15:00"
        },
        "start": 65,
        "end": 69
      },
      "V86343": {
        "id": "V86343",
        "indicator": "IMPRO",
        "type": "ANY-SEM",
        "word": null,
        "roles": {},
        "start": 65,
        "end": 69
      },
      "root": "#V86342"
    },
    {
      "V94782": {
        "id": "V94782",
        "indicator": "SPEECHACT",
        "type": "SA_TELL",
        "word": null,
        "roles": {
          "CONTENT": "#V86091",
          "LEX": "AND"
        },
        "start": 0,
        "end": 65
      },
      "V86091": {
        "id": "V86091",
        "indicator": "F",
        "type": "EVENT-OF-ACTION",
        "word": null,
        "roles": {
          "OPERATOR": "AND",
          "SEQUENCE": "#V86006",
          "SEQUENCE1": "#V86102",
          "TENSE": "PAST",
          "LEX": "AND"
        },
        "start": 0,
        "end": 65
      },
      "V86006": {
        "id": "V86006",
        "indicator": "F",
        "type": "GOVERNING",
        "word": "RUN",
        "roles": {
          "AGENT": "#V85989",
          "AFFECTED": "#V86086",
          "RESULT": "#V86017",
          "TENSE": "PAST",
          "LEX": "RAN"
        },
        "start": 0,
        "end": 33
      },
      "V85989": {
        "id": "V85989",
        "indicator": "PRO",
        "type": "PERSON",
        "word": "I",
        "roles": {
          "PROFORM": "I",
          "LEX": "I",
          "WNSENSE": "person%1:03:00"
        },
        "start": 0,
        "end": 2
      },
      "V86017": {
        "id": "V86017",
        "indicator": "F",
        "type": "RESULTING-OBJECT",
        "word": "TO",
        "roles": {
          "GROUND": "#V86038",
          "FIGURE": "#V86086",
          "LEX": "TO"
        },
        "start": 6,
        "end": 25
      },
      "V86038": {
        "id": "V86038",
        "indicator": "BARE",
        "type": "INTERNAL-ENCLOSURE",
        "word": "KITCHEN",
        "roles": {
          "MOD": "#V86043",
          "LEX": "KITCHEN",
          "WNSENSE": "kitchen%1:06:00::"
        },
        "start": 9,
        "end": 25
      },
      "V86043": {
        "id": "V86043",
        "indicator": "F",
        "type": "ACQUIRE",
        "word": "GRAB",
        "roles": {
          "AFFECTED": "#V86038",
          "VFORM": "PASSIVE",
          "LEX": "GRABBED",
          "WNSENSE": "grab%2:40:00::"
        },
        "start": 17,
        "end": 25
      },
      "V86086": {
        "id": "V86086",
        "indicator": "A",
        "type": "CUTLERY",
        "word": "KNIFE",
        "roles": {
          "LEX": "KNIFE",
          "WNSENSE": "cutlery%1:06:00"
        },
        "start": 25,
        "end": 33
      },
      "V86102": {
        "id": "V86102",
        "indicator": "F",
        "type": "THREATEN",
        "word": "THREATEN",
        "roles": {
          "AGENT": "#V85989",
          "AFFECTED": "#V86184",
          "RESULT": "#V86111",
          "TENSE": "PAST",
          "LEX": "THREATENED",
          "WNSENSE": "threaten%2:32:00::"
        },
        "start": 37,
        "end": 65
      },
      "V86111": {
        "id": "V86111",
        "indicator": "F",
        "type": "RESULTING-STATE",
        "word": "TO",
        "roles": {
          "GROUND": "#V86144",
          "FIGURE": "#V86184",
          "LEX": "TO"
        },
        "start": 48,
        "end": 55
      },
      "V86144": {
        "id": "V86144",
        "indicator": "BARE",
        "type": "EVOKE-HURT",
        "word": "CUT",
        "roles": {
          "LEX": "CUT",
          "WNSENSE": "hurt%2:29:01"
        },
        "start": 51,
        "end": 55
      },
      "V86184": {
        "id": "V86184",
        "indicator": "THE",
        "type": "EXTERNAL-BODY-PART",
        "word": "PENIS",
        "roles": {
          "ASSOC-POSS": "#V86179",
          "LEX": "PENIS",
          "WNSENSE": "external_body_part%1:08:00"
        },
        "start": 55,
        "end": 65
      },
      "V86179": {
        "id": "V86179",
        "indicator": "PRO",
        "type": "MALE-PERSON",
        "word": "HIS",
        "roles": {
          "LEX": "HIS",
          "PROFORM": "HIS",
          "WNSENSE": "man%1:18:00"
        },
        "start": 55,
        "end": 65
      },
      "root": "#V94782"
    },
    {
      "V86342": {
        "id": "V86342",
        "indicator": "SPEECHACT",
        "type": "SA_PRED-FRAGMENT",
        "word": null,
        "roles": {
          "PUNCTYPE": "DECL",
          "CONTENT": "#V86188",
          "LEX": "OFF"
        },
        "start": 65,
        "end": 70
      },
      "V86188": {
        "id": "V86188",
        "indicator": "F",
        "type": "DIRECTION",
        "word": "OFF",
        "roles": {
          "FIGURE": "#V86343",
          "LEX": "OFF",
          "WNSENSE": "direction%1:15:00"
        },
        "start": 65,
        "end": 69
      },
      "V86343": {
        "id": "V86343",
        "indicator": "IMPRO",
        "type": "ANY-SEM",
        "word": null,
        "roles": {},
        "start": 65,
        "end": 69
      },
      "root": "#V86342"
    },
    {
      "V94779": {
        "id": "V94779",
        "indicator": "SPEECHACT",
        "type": "SA_TELL",
        "word": null,
        "roles": {
          "CONTENT": "#V86091",
          "LEX": "AND"
        },
        "start": 0,
        "end": 65
      },
      "V86091": {
        "id": "V86091",
        "indicator": "F",
        "type": "EVENT-OF-ACTION",
        "word": null,
        "roles": {
          "OPERATOR": "AND",
          "SEQUENCE": "#V86006",
          "SEQUENCE1": "#V86102",
          "TENSE": "PAST",
          "LEX": "AND"
        },
        "start": 0,
        "end": 65
      },
      "V86006": {
        "id": "V86006",
        "indicator": "F",
        "type": "GOVERNING",
        "word": "RUN",
        "roles": {
          "AGENT": "#V85989",
          "AFFECTED": "#V86086",
          "RESULT": "#V86017",
          "TENSE": "PAST",
          "LEX": "RAN"
        },
        "start": 0,
        "end": 33
      },
      "V85989": {
        "id": "V85989",
        "indicator": "PRO",
        "type": "PERSON",
        "word": "I",
        "roles": {
          "PROFORM": "I",
          "LEX": "I",
          "WNSENSE": "person%1:03:00"
        },
        "start": 0,
        "end": 2
      },
      "V86017": {
        "id": "V86017",
        "indicator": "F",
        "type": "RESULTING-OBJECT",
        "word": "TO",
        "roles": {
          "GROUND": "#V86038",
          "FIGURE": "#V86086",
          "LEX": "TO"
        },
        "start": 6,
        "end": 25
      },
      "V86038": {
        "id": "V86038",
        "indicator": "BARE",
        "type": "INTERNAL-ENCLOSURE",
        "word": "KITCHEN",
        "roles": {
          "MOD": "#V86043",
          "LEX": "KITCHEN",
          "WNSENSE": "kitchen%1:06:00::"
        },
        "start": 9,
        "end": 25
      },
      "V86043": {
        "id": "V86043",
        "indicator": "F",
        "type": "ACQUIRE",
        "word": "GRAB",
        "roles": {
          "AFFECTED": "#V86038",
          "VFORM": "PASSIVE",
          "LEX": "GRABBED",
          "WNSENSE": "grab%2:40:00::"
        },
        "start": 17,
        "end": 25
      },
      "V86086": {
        "id": "V86086",
        "indicator": "A",
        "type": "CUTLERY",
        "word": "KNIFE",
        "roles": {
          "LEX": "KNIFE",
          "WNSENSE": "cutlery%1:06:00"
        },
        "start": 25,
        "end": 33
      },
      "V86102": {
        "id": "V86102",
        "indicator": "F",
        "type": "THREATEN",
        "word": "THREATEN",
        "roles": {
          "AGENT": "#V85989",
          "AFFECTED": "#V86184",
          "RESULT": "#V86111",
          "TENSE": "PAST",
          "LEX": "THREATENED",
          "WNSENSE": "threaten%2:32:00::"
        },
        "start": 37,
        "end": 65
      },
      "V86111": {
        "id": "V86111",
        "indicator": "F",
        "type": "RESULTING-STATE",
        "word": "TO",
        "roles": {
          "GROUND": "#V86137",
          "FIGURE": "#V86184",
          "LEX": "TO"
        },
        "start": 48,
        "end": 55
      },
      "V86137": {
        "id": "V86137",
        "indicator": "BARE",
        "type": "STOP",
        "word": "CUT",
        "roles": {
          "LEX": "CUT",
          "WNSENSE": "cut%2:38:00::"
        },
        "start": 51,
        "end": 55
      },
      "V86184": {
        "id": "V86184",
        "indicator": "THE",
        "type": "EXTERNAL-BODY-PART",
        "word": "PENIS",
        "roles": {
          "ASSOC-POSS": "#V86179",
          "LEX": "PENIS",
          "WNSENSE": "external_body_part%1:08:00"
        },
        "start": 55,
        "end": 65
      },
      "V86179": {
        "id": "V86179",
        "indicator": "PRO",
        "type": "MALE-PERSON",
        "word": "HIS",
        "roles": {
          "LEX": "HIS",
          "PROFORM": "HIS",
          "WNSENSE": "man%1:18:00"
        },
        "start": 55,
        "end": 65
      },
      "root": "#V94779"
    },
    {
      "V86342": {
        "id": "V86342",
        "indicator": "SPEECHACT",
        "type": "SA_PRED-FRAGMENT",
        "word": null,
        "roles": {
          "PUNCTYPE": "DECL",
          "CONTENT": "#V86188",
          "LEX": "OFF"
        },
        "start": 65,
        "end": 70
      },
      "V86188": {
        "id": "V86188",
        "indicator": "F",
        "type": "DIRECTION",
        "word": "OFF",
        "roles": {
          "FIGURE": "#V86343",
          "LEX": "OFF",
          "WNSENSE": "direction%1:15:00"
        },
        "start": 65,
        "end": 69
      },
      "V86343": {
        "id": "V86343",
        "indicator": "IMPRO",
        "type": "ANY-SEM",
        "word": null,
        "roles": {},
        "start": 65,
        "end": 69
      },
      "root": "#V86342"
    },
    {
      "V88937": {
        "id": "V88937",
        "indicator": "SPEECHACT",
        "type": "SA_TELL",
        "word": null,
        "roles": {
          "CONTENT": "#V88794",
          "LEX": "AND"
        },
        "start": 0,
        "end": 65
      },
      "V88794": {
        "id": "V88794",
        "indicator": "F",
        "type": "EVENT-OF-ACTION",
        "word": null,
        "roles": {
          "OPERATOR": "AND",
          "SEQUENCE": "#V86006",
          "SEQUENCE1": "#V86102",
          "TENSE": "PAST",
          "LEX": "AND"
        },
        "start": 0,
        "end": 65
      },
      "V86102": {
        "id": "V86102",
        "indicator": "F",
        "type": "THREATEN",
        "word": "THREATEN",
        "roles": {
          "AGENT": "#V85989",
          "AFFECTED": "#V86184",
          "RESULT": "#V86111",
          "LEX": "THREATENED",
          "WNSENSE": "threaten%2:32:00::"
        },
        "start": 0,
        "end": 65
      },
      "V86006": {
        "id": "V86006",
        "indicator": "F",
        "type": "GOVERNING",
        "word": "RUN",
        "roles": {
          "AGENT": "#V85989",
          "AFFECTED": "#V86086",
          "RESULT": "#V86016",
          "LEX": "RAN"
        },
        "start": 0,
        "end": 65
      },
      "V85989": {
        "id": "V85989",
        "indicator": "PRO",
        "type": "PERSON",
        "word": "I",
        "roles": {
          "PROFORM": "I",
          "LEX": "I",
          "WNSENSE": "person%1:03:00"
        },
        "start": 0,
        "end": 2
      },
      "V86016": {
        "id": "V86016",
        "indicator": "F",
        "type": "TO-LOC",
        "word": "TO",
        "roles": {
          "GROUND": "#V86038",
          "FIGURE": "#V86086",
          "LEX": "TO"
        },
        "start": 6,
        "end": 25
      },
      "V86038": {
        "id": "V86038",
        "indicator": "BARE",
        "type": "INTERNAL-ENCLOSURE",
        "word": "KITCHEN",
        "roles": {
          "MOD": "#V86043",
          "LEX": "KITCHEN",
          "WNSENSE": "kitchen%1:06:00::"
        },
        "start": 9,
        "end": 25
      },
      "V86043": {
        "id": "V86043",
        "indicator": "F",
        "type": "ACQUIRE",
        "word": "GRAB",
        "roles": {
          "AFFECTED": "#V86038",
          "VFORM": "PASSIVE",
          "LEX": "GRABBED",
          "WNSENSE": "grab%2:40:00::"
        },
        "start": 17,
        "end": 25
      },
      "V86086": {
        "id": "V86086",
        "indicator": "A",
        "type": "CUTLERY",
        "word": "KNIFE",
        "roles": {
          "LEX": "KNIFE",
          "WNSENSE": "cutlery%1:06:00"
        },
        "start": 25,
        "end": 33
      },
      "V86111": {
        "id": "V86111",
        "indicator": "F",
        "type": "RESULTING-STATE",
        "word": "TO",
        "roles": {
          "GROUND": "#V86147",
          "FIGURE": "#V86184",
          "LEX": "TO"
        },
        "start": 48,
        "end": 55
      },
      "V86147": {
        "id": "V86147",
        "indicator": "BARE",
        "type": "DECREASE",
        "word": "CUT",
        "roles": {
          "LEX": "CUT",
          "WNSENSE": "cut%1:04:00::"
        },
        "start": 51,
        "end": 55
      },
      "V86184": {
        "id": "V86184",
        "indicator": "THE",
        "type": "EXTERNAL-BODY-PART",
        "word": "PENIS",
        "roles": {
          "ASSOC-POSS": "#V86179",
          "LEX": "PENIS",
          "WNSENSE": "external_body_part%1:08:00"
        },
        "start": 55,
        "end": 65
      },
      "V86179": {
        "id": "V86179",
        "indicator": "PRO",
        "type": "MALE-PERSON",
        "word": "HIS",
        "roles": {
          "LEX": "HIS",
          "PROFORM": "HIS",
          "WNSENSE": "man%1:18:00"
        },
        "start": 55,
        "end": 65
      },
      "root": "#V88937"
    },
    {
      "V86342": {
        "id": "V86342",
        "indicator": "SPEECHACT",
        "type": "SA_PRED-FRAGMENT",
        "word": null,
        "roles": {
          "PUNCTYPE": "DECL",
          "CONTENT": "#V86188",
          "LEX": "OFF"
        },
        "start": 65,
        "end": 70
      },
      "V86188": {
        "id": "V86188",
        "indicator": "F",
        "type": "DIRECTION",
        "word": "OFF",
        "roles": {
          "FIGURE": "#V86343",
          "LEX": "OFF",
          "WNSENSE": "direction%1:15:00"
        },
        "start": 65,
        "end": 69
      },
      "V86343": {
        "id": "V86343",
        "indicator": "IMPRO",
        "type": "ANY-SEM",
        "word": null,
        "roles": {},
        "start": 65,
        "end": 69
      },
      "root": "#V86342"
    },
    {
      "V88934": {
        "id": "V88934",
        "indicator": "SPEECHACT",
        "type": "SA_TELL",
        "word": null,
        "roles": {
          "CONTENT": "#V88794",
          "LEX": "AND"
        },
        "start": 0,
        "end": 65
      },
      "V88794": {
        "id": "V88794",
        "indicator": "F",
        "type": "EVENT-OF-ACTION",
        "word": null,
        "roles": {
          "OPERATOR": "AND",
          "SEQUENCE": "#V86006",
          "SEQUENCE1": "#V86102",
          "TENSE": "PAST",
          "LEX": "AND"
        },
        "start": 0,
        "end": 65
      },
      "V86102": {
        "id": "V86102",
        "indicator": "F",
        "type": "THREATEN",
        "word": "THREATEN",
        "roles": {
          "AGENT": "#V85989",
          "AFFECTED": "#V86184",
          "RESULT": "#V86111",
          "LEX": "THREATENED",
          "WNSENSE": "threaten%2:32:00::"
        },
        "start": 0,
        "end": 65
      },
      "V86006": {
        "id": "V86006",
        "indicator": "F",
        "type": "GOVERNING",
        "word": "RUN",
        "roles": {
          "AGENT": "#V85989",
          "AFFECTED": "#V86086",
          "RESULT": "#V86016",
          "LEX": "RAN"
        },
        "start": 0,
        "end": 65
      },
      "V85989": {
        "id": "V85989",
        "indicator": "PRO",
        "type": "PERSON",
        "word": "I",
        "roles": {
          "PROFORM": "I",
          "LEX": "I",
          "WNSENSE": "person%1:03:00"
        },
        "start": 0,
        "end": 2
      },
      "V86016": {
        "id": "V86016",
        "indicator": "F",
        "type": "TO-LOC",
        "word": "TO",
        "roles": {
          "GROUND": "#V86038",
          "FIGURE": "#V86086",
          "LEX": "TO"
        },
        "start": 6,
        "end": 25
      },
      "V86038": {
        "id": "V86038",
        "indicator": "BARE",
        "type": "INTERNAL-ENCLOSURE",
        "word": "KITCHEN",
        "roles": {
          "MOD": "#V86043",
          "LEX": "KITCHEN",
          "WNSENSE": "kitchen%1:06:00::"
        },
        "start": 9,
        "end": 25
      },
      "V86043": {
        "id": "V86043",
        "indicator": "F",
        "type": "ACQUIRE",
        "word": "GRAB",
        "roles": {
          "AFFECTED": "#V86038",
          "VFORM": "PASSIVE",
          "LEX": "GRABBED",
          "WNSENSE": "grab%2:40:00::"
        },
        "start": 17,
        "end": 25
      },
      "V86086": {
        "id": "V86086",
        "indicator": "A",
        "type": "CUTLERY",
        "word": "KNIFE",
        "roles": {
          "LEX": "KNIFE",
          "WNSENSE": "cutlery%1:06:00"
        },
        "start": 25,
        "end": 33
      },
      "V86111": {
        "id": "V86111",
        "indicator": "F",
        "type": "RESULTING-STATE",
        "word": "TO",
        "roles": {
          "GROUND": "#V86146",
          "FIGURE": "#V86184",
          "LEX": "TO"
        },
        "start": 48,
        "end": 55
      },
      "V86146": {
        "id": "V86146",
        "indicator": "BARE",
        "type": "CARVE-CUT",
        "word": "CUT",
        "roles": {
          "LEX": "CUT",
          "WNSENSE": "cut%2:35:10::"
        },
        "start": 51,
        "end": 55
      },
      "V86184": {
        "id": "V86184",
        "indicator": "THE",
        "type": "EXTERNAL-BODY-PART",
        "word": "PENIS",
        "roles": {
          "ASSOC-POSS": "#V86179",
          "LEX": "PENIS",
          "WNSENSE": "external_body_part%1:08:00"
        },
        "start": 55,
        "end": 65
      },
      "V86179": {
        "id": "V86179",
        "indicator": "PRO",
        "type": "MALE-PERSON",
        "word": "HIS",
        "roles": {
          "LEX": "HIS",
          "PROFORM": "HIS",
          "WNSENSE": "man%1:18:00"
        },
        "start": 55,
        "end": 65
      },
      "root": "#V88934"
    },
    {
      "V86342": {
        "id": "V86342",
        "indicator": "SPEECHACT",
        "type": "SA_PRED-FRAGMENT",
        "word": null,
        "roles": {
          "PUNCTYPE": "DECL",
          "CONTENT": "#V86188",
          "LEX": "OFF"
        },
        "start": 65,
        "end": 70
      },
      "V86188": {
        "id": "V86188",
        "indicator": "F",
        "type": "DIRECTION",
        "word": "OFF",
        "roles": {
          "FIGURE": "#V86343",
          "LEX": "OFF",
          "WNSENSE": "direction%1:15:00"
        },
        "start": 65,
        "end": 69
      },
      "V86343": {
        "id": "V86343",
        "indicator": "IMPRO",
        "type": "ANY-SEM",
        "word": null,
        "roles": {},
        "start": 65,
        "end": 69
      },
      "root": "#V86342"
    },
    {
      "V88931": {
        "id": "V88931",
        "indicator": "SPEECHACT",
        "type": "SA_TELL",
        "word": null,
        "roles": {
          "CONTENT": "#V88794",
          "LEX": "AND"
        },
        "start": 0,
        "end": 65
      },
      "V88794": {
        "id": "V88794",
        "indicator": "F",
        "type": "EVENT-OF-ACTION",
        "word": null,
        "roles": {
          "OPERATOR": "AND",
          "SEQUENCE": "#V86006",
          "SEQUENCE1": "#V86102",
          "TENSE": "PAST",
          "LEX": "AND"
        },
        "start": 0,
        "end": 65
      },
      "V86102": {
        "id": "V86102",
        "indicator": "F",
        "type": "THREATEN",
        "word": "THREATEN",
        "roles": {
          "AGENT": "#V85989",
          "AFFECTED": "#V86184",
          "RESULT": "#V86111",
          "LEX": "THREATENED",
          "WNSENSE": "threaten%2:32:00::"
        },
        "start": 0,
        "end": 65
      },
      "V86006": {
        "id": "V86006",
        "indicator": "F",
        "type": "GOVERNING",
        "word": "RUN",
        "roles": {
          "AGENT": "#V85989",
          "AFFECTED": "#V86086",
          "RESULT": "#V86016",
          "LEX": "RAN"
        },
        "start": 0,
        "end": 65
      },
      "V85989": {
        "id": "V85989",
        "indicator": "PRO",
        "type": "PERSON",
        "word": "I",
        "roles": {
          "PROFORM": "I",
          "LEX": "I",
          "WNSENSE": "person%1:03:00"
        },
        "start": 0,
        "end": 2
      },
      "V86016": {
        "id": "V86016",
        "indicator": "F",
        "type": "TO-LOC",
        "word": "TO",
        "roles": {
          "GROUND": "#V86038",
          "FIGURE": "#V86086",
          "LEX": "TO"
        },
        "start": 6,
        "end": 25
      },
      "V86038": {
        "id": "V86038",
        "indicator": "BARE",
        "type": "INTERNAL-ENCLOSURE",
        "word": "KITCHEN",
        "roles": {
          "MOD": "#V86043",
          "LEX": "KITCHEN",
          "WNSENSE": "kitchen%1:06:00::"
        },
        "start": 9,
        "end": 25
      },
      "V86043": {
        "id": "V86043",
        "indicator": "F",
        "type": "ACQUIRE",
        "word": "GRAB",
        "roles": {
          "AFFECTED": "#V86038",
          "VFORM": "PASSIVE",
          "LEX": "GRABBED",
          "WNSENSE": "grab%2:40:00::"
        },
        "start": 17,
        "end": 25
      },
      "V86086": {
        "id": "V86086",
        "indicator": "A",
        "type": "CUTLERY",
        "word": "KNIFE",
        "roles": {
          "LEX": "KNIFE",
          "WNSENSE": "cutlery%1:06:00"
        },
        "start": 25,
        "end": 33
      },
      "V86111": {
        "id": "V86111",
        "indicator": "F",
        "type": "RESULTING-STATE",
        "word": "TO",
        "roles": {
          "GROUND": "#V86145",
          "FIGURE": "#V86184",
          "LEX": "TO"
        },
        "start": 48,
        "end": 55
      },
      "V86145": {
        "id": "V86145",
        "indicator": "BARE",
        "type": "SHAPE-CHANGE",
        "word": "CUT",
        "roles": {
          "LEX": "CUT",
          "WNSENSE": "cut%1:04:09::"
        },
        "start": 51,
        "end": 55
      },
      "V86184": {
        "id": "V86184",
        "indicator": "THE",
        "type": "EXTERNAL-BODY-PART",
        "word": "PENIS",
        "roles": {
          "ASSOC-POSS": "#V86179",
          "LEX": "PENIS",
          "WNSENSE": "external_body_part%1:08:00"
        },
        "start": 55,
        "end": 65
      },
      "V86179": {
        "id": "V86179",
        "indicator": "PRO",
        "type": "MALE-PERSON",
        "word": "HIS",
        "roles": {
          "LEX": "HIS",
          "PROFORM": "HIS",
          "WNSENSE": "man%1:18:00"
        },
        "start": 55,
        "end": 65
      },
      "root": "#V88931"
    },
    {
      "V86342": {
        "id": "V86342",
        "indicator": "SPEECHACT",
        "type": "SA_PRED-FRAGMENT",
        "word": null,
        "roles": {
          "PUNCTYPE": "DECL",
          "CONTENT": "#V86188",
          "LEX": "OFF"
        },
        "start": 65,
        "end": 70
      },
      "V86188": {
        "id": "V86188",
        "indicator": "F",
        "type": "DIRECTION",
        "word": "OFF",
        "roles": {
          "FIGURE": "#V86343",
          "LEX": "OFF",
          "WNSENSE": "direction%1:15:00"
        },
        "start": 65,
        "end": 69
      },
      "V86343": {
        "id": "V86343",
        "indicator": "IMPRO",
        "type": "ANY-SEM",
        "word": null,
        "roles": {},
        "start": 65,
        "end": 69
      },
      "root": "#V86342"
    },
    {
      "V88928": {
        "id": "V88928",
        "indicator": "SPEECHACT",
        "type": "SA_TELL",
        "word": null,
        "roles": {
          "CONTENT": "#V88794",
          "LEX": "AND"
        },
        "start": 0,
        "end": 65
      },
      "V88794": {
        "id": "V88794",
        "indicator": "F",
        "type": "EVENT-OF-ACTION",
        "word": null,
        "roles": {
          "OPERATOR": "AND",
          "SEQUENCE": "#V86006",
          "SEQUENCE1": "#V86102",
          "TENSE": "PAST",
          "LEX": "AND"
        },
        "start": 0,
        "end": 65
      },
      "V86102": {
        "id": "V86102",
        "indicator": "F",
        "type": "THREATEN",
        "word": "THREATEN",
        "roles": {
          "AGENT": "#V85989",
          "AFFECTED": "#V86184",
          "RESULT": "#V86111",
          "LEX": "THREATENED",
          "WNSENSE": "threaten%2:32:00::"
        },
        "start": 0,
        "end": 65
      },
      "V86006": {
        "id": "V86006",
        "indicator": "F",
        "type": "GOVERNING",
        "word": "RUN",
        "roles": {
          "AGENT": "#V85989",
          "AFFECTED": "#V86086",
          "RESULT": "#V86016",
          "LEX": "RAN"
        },
        "start": 0,
        "end": 65
      },
      "V85989": {
        "id": "V85989",
        "indicator": "PRO",
        "type": "PERSON",
        "word": "I",
        "roles": {
          "PROFORM": "I",
          "LEX": "I",
          "WNSENSE": "person%1:03:00"
        },
        "start": 0,
        "end": 2
      },
      "V86016": {
        "id": "V86016",
        "indicator": "F",
        "type": "TO-LOC",
        "word": "TO",
        "roles": {
          "GROUND": "#V86038",
          "FIGURE": "#V86086",
          "LEX": "TO"
        },
        "start": 6,
        "end": 25
      },
      "V86038": {
        "id": "V86038",
        "indicator": "BARE",
        "type": "INTERNAL-ENCLOSURE",
        "word": "KITCHEN",
        "roles": {
          "MOD": "#V86043",
          "LEX": "KITCHEN",
          "WNSENSE": "kitchen%1:06:00::"
        },
        "start": 9,
        "end": 25
      },
      "V86043": {
        "id": "V86043",
        "indicator": "F",
        "type": "ACQUIRE",
        "word": "GRAB",
        "roles": {
          "AFFECTED": "#V86038",
          "VFORM": "PASSIVE",
          "LEX": "GRABBED",
          "WNSENSE": "grab%2:40:00::"
        },
        "start": 17,
        "end": 25
      },
      "V86086": {
        "id": "V86086",
        "indicator": "A",
        "type": "CUTLERY",
        "word": "KNIFE",
        "roles": {
          "LEX": "KNIFE",
          "WNSENSE": "cutlery%1:06:00"
        },
        "start": 25,
        "end": 33
      },
      "V86111": {
        "id": "V86111",
        "indicator": "F",
        "type": "RESULTING-STATE",
        "word": "TO",
        "roles": {
          "GROUND": "#V86144",
          "FIGURE": "#V86184",
          "LEX": "TO"
        },
        "start": 48,
        "end": 55
      },
      "V86144": {
        "id": "V86144",
        "indicator": "BARE",
        "type": "EVOKE-HURT",
        "word": "CUT",
        "roles": {
          "LEX": "CUT",
          "WNSENSE": "hurt%2:29:01"
        },
        "start": 51,
        "end": 55
      },
      "V86184": {
        "id": "V86184",
        "indicator": "THE",
        "type": "EXTERNAL-BODY-PART",
        "word": "PENIS",
        "roles": {
          "ASSOC-POSS": "#V86179",
          "LEX": "PENIS",
          "WNSENSE": "external_body_part%1:08:00"
        },
        "start": 55,
        "end": 65
      },
      "V86179": {
        "id": "V86179",
        "indicator": "PRO",
        "type": "MALE-PERSON",
        "word": "HIS",
        "roles": {
          "LEX": "HIS",
          "PROFORM": "HIS",
          "WNSENSE": "man%1:18:00"
        },
        "start": 55,
        "end": 65
      },
      "root": "#V88928"
    },
    {
      "V86342": {
        "id": "V86342",
        "indicator": "SPEECHACT",
        "type": "SA_PRED-FRAGMENT",
        "word": null,
        "roles": {
          "PUNCTYPE": "DECL",
          "CONTENT": "#V86188",
          "LEX": "OFF"
        },
        "start": 65,
        "end": 70
      },
      "V86188": {
        "id": "V86188",
        "indicator": "F",
        "type": "DIRECTION",
        "word": "OFF",
        "roles": {
          "FIGURE": "#V86343",
          "LEX": "OFF",
          "WNSENSE": "direction%1:15:00"
        },
        "start": 65,
        "end": 69
      },
      "V86343": {
        "id": "V86343",
        "indicator": "IMPRO",
        "type": "ANY-SEM",
        "word": null,
        "roles": {},
        "start": 65,
        "end": 69
      },
      "root": "#V86342"
    },
    {
      "V88925": {
        "id": "V88925",
        "indicator": "SPEECHACT",
        "type": "SA_TELL",
        "word": null,
        "roles": {
          "CONTENT": "#V88794",
          "LEX": "AND"
        },
        "start": 0,
        "end": 65
      },
      "V88794": {
        "id": "V88794",
        "indicator": "F",
        "type": "EVENT-OF-ACTION",
        "word": null,
        "roles": {
          "OPERATOR": "AND",
          "SEQUENCE": "#V86006",
          "SEQUENCE1": "#V86102",
          "TENSE": "PAST",
          "LEX": "AND"
        },
        "start": 0,
        "end": 65
      },
      "V86102": {
        "id": "V86102",
        "indicator": "F",
        "type": "THREATEN",
        "word": "THREATEN",
        "roles": {
          "AGENT": "#V85989",
          "AFFECTED": "#V86184",
          "RESULT": "#V86111",
          "LEX": "THREATENED",
          "WNSENSE": "threaten%2:32:00::"
        },
        "start": 0,
        "end": 65
      },
      "V86006": {
        "id": "V86006",
        "indicator": "F",
        "type": "GOVERNING",
        "word": "RUN",
        "roles": {
          "AGENT": "#V85989",
          "AFFECTED": "#V86086",
          "RESULT": "#V86016",
          "LEX": "RAN"
        },
        "start": 0,
        "end": 65
      },
      "V85989": {
        "id": "V85989",
        "indicator": "PRO",
        "type": "PERSON",
        "word": "I",
        "roles": {
          "PROFORM": "I",
          "LEX": "I",
          "WNSENSE": "person%1:03:00"
        },
        "start": 0,
        "end": 2
      },
      "V86016": {
        "id": "V86016",
        "indicator": "F",
        "type": "TO-LOC",
        "word": "TO",
        "roles": {
          "GROUND": "#V86038",
          "FIGURE": "#V86086",
          "LEX": "TO"
        },
        "start": 6,
        "end": 25
      },
      "V86038": {
        "id": "V86038",
        "indicator": "BARE",
        "type": "INTERNAL-ENCLOSURE",
        "word": "KITCHEN",
        "roles": {
          "MOD": "#V86043",
          "LEX": "KITCHEN",
          "WNSENSE": "kitchen%1:06:00::"
        },
        "start": 9,
        "end": 25
      },
      "V86043": {
        "id": "V86043",
        "indicator": "F",
        "type": "ACQUIRE",
        "word": "GRAB",
        "roles": {
          "AFFECTED": "#V86038",
          "VFORM": "PASSIVE",
          "LEX": "GRABBED",
          "WNSENSE": "grab%2:40:00::"
        },
        "start": 17,
        "end": 25
      },
      "V86086": {
        "id": "V86086",
        "indicator": "A",
        "type": "CUTLERY",
        "word": "KNIFE",
        "roles": {
          "LEX": "KNIFE",
          "WNSENSE": "cutlery%1:06:00"
        },
        "start": 25,
        "end": 33
      },
      "V86111": {
        "id": "V86111",
        "indicator": "F",
        "type": "RESULTING-STATE",
        "word": "TO",
        "roles": {
          "GROUND": "#V86137",
          "FIGURE": "#V86184",
          "LEX": "TO"
        },
        "start": 48,
        "end": 55
      },
      "V86137": {
        "id": "V86137",
        "indicator": "BARE",
        "type": "STOP",
        "word": "CUT",
        "roles": {
          "LEX": "CUT",
          "WNSENSE": "cut%2:38:00::"
        },
        "start": 51,
        "end": 55
      },
      "V86184": {
        "id": "V86184",
        "indicator": "THE",
        "type": "EXTERNAL-BODY-PART",
        "word": "PENIS",
        "roles": {
          "ASSOC-POSS": "#V86179",
          "LEX": "PENIS",
          "WNSENSE": "external_body_part%1:08:00"
        },
        "start": 55,
        "end": 65
      },
      "V86179": {
        "id": "V86179",
        "indicator": "PRO",
        "type": "MALE-PERSON",
        "word": "HIS",
        "roles": {
          "LEX": "HIS",
          "PROFORM": "HIS",
          "WNSENSE": "man%1:18:00"
        },
        "start": 55,
        "end": 65
      },
      "root": "#V88925"
    },
    {
      "V86342": {
        "id": "V86342",
        "indicator": "SPEECHACT",
        "type": "SA_PRED-FRAGMENT",
        "word": null,
        "roles": {
          "PUNCTYPE": "DECL",
          "CONTENT": "#V86188",
          "LEX": "OFF"
        },
        "start": 65,
        "end": 70
      },
      "V86188": {
        "id": "V86188",
        "indicator": "F",
        "type": "DIRECTION",
        "word": "OFF",
        "roles": {
          "FIGURE": "#V86343",
          "LEX": "OFF",
          "WNSENSE": "direction%1:15:00"
        },
        "start": 65,
        "end": 69
      },
      "V86343": {
        "id": "V86343",
        "indicator": "IMPRO",
        "type": "ANY-SEM",
        "word": null,
        "roles": {},
        "start": 65,
        "end": 69
      },
      "root": "#V86342"
    },
    {
      "V88644": {
        "id": "V88644",
        "indicator": "SPEECHACT",
        "type": "SA_TELL",
        "word": null,
        "roles": {
          "CONTENT": "#V88501",
          "LEX": "AND"
        },
        "start": 0,
        "end": 65
      },
      "V88501": {
        "id": "V88501",
        "indicator": "F",
        "type": "EVENT-OF-ACTION",
        "word": null,
        "roles": {
          "OPERATOR": "AND",
          "SEQUENCE": "#V86006",
          "SEQUENCE1": "#V86102",
          "TENSE": "PAST",
          "LEX": "AND"
        },
        "start": 0,
        "end": 65
      },
      "V86102": {
        "id": "V86102",
        "indicator": "F",
        "type": "THREATEN",
        "word": "THREATEN",
        "roles": {
          "AGENT": "#V85989",
          "AFFECTED": "#V86184",
          "RESULT": "#V86111",
          "LEX": "THREATENED",
          "WNSENSE": "threaten%2:32:00::"
        },
        "start": 0,
        "end": 65
      },
      "V86006": {
        "id": "V86006",
        "indicator": "F",
        "type": "GOVERNING",
        "word": "RUN",
        "roles": {
          "AGENT": "#V85989",
          "AFFECTED": "#V86086",
          "RESULT": "#V86017",
          "LEX": "RAN"
        },
        "start": 0,
        "end": 65
      },
      "V85989": {
        "id": "V85989",
        "indicator": "PRO",
        "type": "PERSON",
        "word": "I",
        "roles": {
          "PROFORM": "I",
          "LEX": "I",
          "WNSENSE": "person%1:03:00"
        },
        "start": 0,
        "end": 2
      },
      "V86017": {
        "id": "V86017",
        "indicator": "F",
        "type": "RESULTING-OBJECT",
        "word": "TO",
        "roles": {
          "GROUND": "#V86038",
          "FIGURE": "#V86086",
          "LEX": "TO"
        },
        "start": 6,
        "end": 25
      },
      "V86038": {
        "id": "V86038",
        "indicator": "BARE",
        "type": "INTERNAL-ENCLOSURE",
        "word": "KITCHEN",
        "roles": {
          "MOD": "#V86043",
          "LEX": "KITCHEN",
          "WNSENSE": "kitchen%1:06:00::"
        },
        "start": 9,
        "end": 25
      },
      "V86043": {
        "id": "V86043",
        "indicator": "F",
        "type": "ACQUIRE",
        "word": "GRAB",
        "roles": {
          "AFFECTED": "#V86038",
          "VFORM": "PASSIVE",
          "LEX": "GRABBED",
          "WNSENSE": "grab%2:40:00::"
        },
        "start": 17,
        "end": 25
      },
      "V86086": {
        "id": "V86086",
        "indicator": "A",
        "type": "CUTLERY",
        "word": "KNIFE",
        "roles": {
          "LEX": "KNIFE",
          "WNSENSE": "cutlery%1:06:00"
        },
        "start": 25,
        "end": 33
      },
      "V86111": {
        "id": "V86111",
        "indicator": "F",
        "type": "RESULTING-STATE",
        "word": "TO",
        "roles": {
          "GROUND": "#V86147",
          "FIGURE": "#V86184",
          "LEX": "TO"
        },
        "start": 48,
        "end": 55
      },
      "V86147": {
        "id": "V86147",
        "indicator": "BARE",
        "type": "DECREASE",
        "word": "CUT",
        "roles": {
          "LEX": "CUT",
          "WNSENSE": "cut%1:04:00::"
        },
        "start": 51,
        "end": 55
      },
      "V86184": {
        "id": "V86184",
        "indicator": "THE",
        "type": "EXTERNAL-BODY-PART",
        "word": "PENIS",
        "roles": {
          "ASSOC-POSS": "#V86179",
          "LEX": "PENIS",
          "WNSENSE": "external_body_part%1:08:00"
        },
        "start": 55,
        "end": 65
      },
      "V86179": {
        "id": "V86179",
        "indicator": "PRO",
        "type": "MALE-PERSON",
        "word": "HIS",
        "roles": {
          "LEX": "HIS",
          "PROFORM": "HIS",
          "WNSENSE": "man%1:18:00"
        },
        "start": 55,
        "end": 65
      },
      "root": "#V88644"
    },
    {
      "V86342": {
        "id": "V86342",
        "indicator": "SPEECHACT",
        "type": "SA_PRED-FRAGMENT",
        "word": null,
        "roles": {
          "PUNCTYPE": "DECL",
          "CONTENT": "#V86188",
          "LEX": "OFF"
        },
        "start": 65,
        "end": 70
      },
      "V86188": {
        "id": "V86188",
        "indicator": "F",
        "type": "DIRECTION",
        "word": "OFF",
        "roles": {
          "FIGURE": "#V86343",
          "LEX": "OFF",
          "WNSENSE": "direction%1:15:00"
        },
        "start": 65,
        "end": 69
      },
      "V86343": {
        "id": "V86343",
        "indicator": "IMPRO",
        "type": "ANY-SEM",
        "word": null,
        "roles": {},
        "start": 65,
        "end": 69
      },
      "root": "#V86342"
    },
    {
      "V88641": {
        "id": "V88641",
        "indicator": "SPEECHACT",
        "type": "SA_TELL",
        "word": null,
        "roles": {
          "CONTENT": "#V88501",
          "LEX": "AND"
        },
        "start": 0,
        "end": 65
      },
      "V88501": {
        "id": "V88501",
        "indicator": "F",
        "type": "EVENT-OF-ACTION",
        "word": null,
        "roles": {
          "OPERATOR": "AND",
          "SEQUENCE": "#V86006",
          "SEQUENCE1": "#V86102",
          "TENSE": "PAST",
          "LEX": "AND"
        },
        "start": 0,
        "end": 65
      },
      "V86102": {
        "id": "V86102",
        "indicator": "F",
        "type": "THREATEN",
        "word": "THREATEN",
        "roles": {
          "AGENT": "#V85989",
          "AFFECTED": "#V86184",
          "RESULT": "#V86111",
          "LEX": "THREATENED",
          "WNSENSE": "threaten%2:32:00::"
        },
        "start": 0,
        "end": 65
      },
      "V86006": {
        "id": "V86006",
        "indicator": "F",
        "type": "GOVERNING",
        "word": "RUN",
        "roles": {
          "AGENT": "#V85989",
          "AFFECTED": "#V86086",
          "RESULT": "#V86017",
          "LEX": "RAN"
        },
        "start": 0,
        "end": 65
      },
      "V85989": {
        "id": "V85989",
        "indicator": "PRO",
        "type": "PERSON",
        "word": "I",
        "roles": {
          "PROFORM": "I",
          "LEX": "I",
          "WNSENSE": "person%1:03:00"
        },
        "start": 0,
        "end": 2
      },
      "V86017": {
        "id": "V86017",
        "indicator": "F",
        "type": "RESULTING-OBJECT",
        "word": "TO",
        "roles": {
          "GROUND": "#V86038",
          "FIGURE": "#V86086",
          "LEX": "TO"
        },
        "start": 6,
        "end": 25
      },
      "V86038": {
        "id": "V86038",
        "indicator": "BARE",
        "type": "INTERNAL-ENCLOSURE",
        "word": "KITCHEN",
        "roles": {
          "MOD": "#V86043",
          "LEX": "KITCHEN",
          "WNSENSE": "kitchen%1:06:00::"
        },
        "start": 9,
        "end": 25
      },
      "V86043": {
        "id": "V86043",
        "indicator": "F",
        "type": "ACQUIRE",
        "word": "GRAB",
        "roles": {
          "AFFECTED": "#V86038",
          "VFORM": "PASSIVE",
          "LEX": "GRABBED",
          "WNSENSE": "grab%2:40:00::"
        },
        "start": 17,
        "end": 25
      },
      "V86086": {
        "id": "V86086",
        "indicator": "A",
        "type": "CUTLERY",
        "word": "KNIFE",
        "roles": {
          "LEX": "KNIFE",
          "WNSENSE": "cutlery%1:06:00"
        },
        "start": 25,
        "end": 33
      },
      "V86111": {
        "id": "V86111",
        "indicator": "F",
        "type": "RESULTING-STATE",
        "word": "TO",
        "roles": {
          "GROUND": "#V86146",
          "FIGURE": "#V86184",
          "LEX": "TO"
        },
        "start": 48,
        "end": 55
      },
      "V86146": {
        "id": "V86146",
        "indicator": "BARE",
        "type": "CARVE-CUT",
        "word": "CUT",
        "roles": {
          "LEX": "CUT",
          "WNSENSE": "cut%2:35:10::"
        },
        "start": 51,
        "end": 55
      },
      "V86184": {
        "id": "V86184",
        "indicator": "THE",
        "type": "EXTERNAL-BODY-PART",
        "word": "PENIS",
        "roles": {
          "ASSOC-POSS": "#V86179",
          "LEX": "PENIS",
          "WNSENSE": "external_body_part%1:08:00"
        },
        "start": 55,
        "end": 65
      },
      "V86179": {
        "id": "V86179",
        "indicator": "PRO",
        "type": "MALE-PERSON",
        "word": "HIS",
        "roles": {
          "LEX": "HIS",
          "PROFORM": "HIS",
          "WNSENSE": "man%1:18:00"
        },
        "start": 55,
        "end": 65
      },
      "root": "#V88641"
    },
    {
      "V86342": {
        "id": "V86342",
        "indicator": "SPEECHACT",
        "type": "SA_PRED-FRAGMENT",
        "word": null,
        "roles": {
          "PUNCTYPE": "DECL",
          "CONTENT": "#V86188",
          "LEX": "OFF"
        },
        "start": 65,
        "end": 70
      },
      "V86188": {
        "id": "V86188",
        "indicator": "F",
        "type": "DIRECTION",
        "word": "OFF",
        "roles": {
          "FIGURE": "#V86343",
          "LEX": "OFF",
          "WNSENSE": "direction%1:15:00"
        },
        "start": 65,
        "end": 69
      },
      "V86343": {
        "id": "V86343",
        "indicator": "IMPRO",
        "type": "ANY-SEM",
        "word": null,
        "roles": {},
        "start": 65,
        "end": 69
      },
      "root": "#V86342"
    },
    {
      "V88638": {
        "id": "V88638",
        "indicator": "SPEECHACT",
        "type": "SA_TELL",
        "word": null,
        "roles": {
          "CONTENT": "#V88501",
          "LEX": "AND"
        },
        "start": 0,
        "end": 65
      },
      "V88501": {
        "id": "V88501",
        "indicator": "F",
        "type": "EVENT-OF-ACTION",
        "word": null,
        "roles": {
          "OPERATOR": "AND",
          "SEQUENCE": "#V86006",
          "SEQUENCE1": "#V86102",
          "TENSE": "PAST",
          "LEX": "AND"
        },
        "start": 0,
        "end": 65
      },
      "V86102": {
        "id": "V86102",
        "indicator": "F",
        "type": "THREATEN",
        "word": "THREATEN",
        "roles": {
          "AGENT": "#V85989",
          "AFFECTED": "#V86184",
          "RESULT": "#V86111",
          "LEX": "THREATENED",
          "WNSENSE": "threaten%2:32:00::"
        },
        "start": 0,
        "end": 65
      },
      "V86006": {
        "id": "V86006",
        "indicator": "F",
        "type": "GOVERNING",
        "word": "RUN",
        "roles": {
          "AGENT": "#V85989",
          "AFFECTED": "#V86086",
          "RESULT": "#V86017",
          "LEX": "RAN"
        },
        "start": 0,
        "end": 65
      },
      "V85989": {
        "id": "V85989",
        "indicator": "PRO",
        "type": "PERSON",
        "word": "I",
        "roles": {
          "PROFORM": "I",
          "LEX": "I",
          "WNSENSE": "person%1:03:00"
        },
        "start": 0,
        "end": 2
      },
      "V86017": {
        "id": "V86017",
        "indicator": "F",
        "type": "RESULTING-OBJECT",
        "word": "TO",
        "roles": {
          "GROUND": "#V86038",
          "FIGURE": "#V86086",
          "LEX": "TO"
        },
        "start": 6,
        "end": 25
      },
      "V86038": {
        "id": "V86038",
        "indicator": "BARE",
        "type": "INTERNAL-ENCLOSURE",
        "word": "KITCHEN",
        "roles": {
          "MOD": "#V86043",
          "LEX": "KITCHEN",
          "WNSENSE": "kitchen%1:06:00::"
        },
        "start": 9,
        "end": 25
      },
      "V86043": {
        "id": "V86043",
        "indicator": "F",
        "type": "ACQUIRE",
        "word": "GRAB",
        "roles": {
          "AFFECTED": "#V86038",
          "VFORM": "PASSIVE",
          "LEX": "GRABBED",
          "WNSENSE": "grab%2:40:00::"
        },
        "start": 17,
        "end": 25
      },
      "V86086": {
        "id": "V86086",
        "indicator": "A",
        "type": "CUTLERY",
        "word": "KNIFE",
        "roles": {
          "LEX": "KNIFE",
          "WNSENSE": "cutlery%1:06:00"
        },
        "start": 25,
        "end": 33
      },
      "V86111": {
        "id": "V86111",
        "indicator": "F",
        "type": "RESULTING-STATE",
        "word": "TO",
        "roles": {
          "GROUND": "#V86145",
          "FIGURE": "#V86184",
          "LEX": "TO"
        },
        "start": 48,
        "end": 55
      },
      "V86145": {
        "id": "V86145",
        "indicator": "BARE",
        "type": "SHAPE-CHANGE",
        "word": "CUT",
        "roles": {
          "LEX": "CUT",
          "WNSENSE": "cut%1:04:09::"
        },
        "start": 51,
        "end": 55
      },
      "V86184": {
        "id": "V86184",
        "indicator": "THE",
        "type": "EXTERNAL-BODY-PART",
        "word": "PENIS",
        "roles": {
          "ASSOC-POSS": "#V86179",
          "LEX": "PENIS",
          "WNSENSE": "external_body_part%1:08:00"
        },
        "start": 55,
        "end": 65
      },
      "V86179": {
        "id": "V86179",
        "indicator": "PRO",
        "type": "MALE-PERSON",
        "word": "HIS",
        "roles": {
          "LEX": "HIS",
          "PROFORM": "HIS",
          "WNSENSE": "man%1:18:00"
        },
        "start": 55,
        "end": 65
      },
      "root": "#V88638"
    },
    {
      "V86342": {
        "id": "V86342",
        "indicator": "SPEECHACT",
        "type": "SA_PRED-FRAGMENT",
        "word": null,
        "roles": {
          "PUNCTYPE": "DECL",
          "CONTENT": "#V86188",
          "LEX": "OFF"
        },
        "start": 65,
        "end": 70
      },
      "V86188": {
        "id": "V86188",
        "indicator": "F",
        "type": "DIRECTION",
        "word": "OFF",
        "roles": {
          "FIGURE": "#V86343",
          "LEX": "OFF",
          "WNSENSE": "direction%1:15:00"
        },
        "start": 65,
        "end": 69
      },
      "V86343": {
        "id": "V86343",
        "indicator": "IMPRO",
        "type": "ANY-SEM",
        "word": null,
        "roles": {},
        "start": 65,
        "end": 69
      },
      "root": "#V86342"
    },
    {
      "V88635": {
        "id": "V88635",
        "indicator": "SPEECHACT",
        "type": "SA_TELL",
        "word": null,
        "roles": {
          "CONTENT": "#V88501",
          "LEX": "AND"
        },
        "start": 0,
        "end": 65
      },
      "V88501": {
        "id": "V88501",
        "indicator": "F",
        "type": "EVENT-OF-ACTION",
        "word": null,
        "roles": {
          "OPERATOR": "AND",
          "SEQUENCE": "#V86006",
          "SEQUENCE1": "#V86102",
          "TENSE": "PAST",
          "LEX": "AND"
        },
        "start": 0,
        "end": 65
      },
      "V86102": {
        "id": "V86102",
        "indicator": "F",
        "type": "THREATEN",
        "word": "THREATEN",
        "roles": {
          "AGENT": "#V85989",
          "AFFECTED": "#V86184",
          "RESULT": "#V86111",
          "LEX": "THREATENED",
          "WNSENSE": "threaten%2:32:00::"
        },
        "start": 0,
        "end": 65
      },
      "V86006": {
        "id": "V86006",
        "indicator": "F",
        "type": "GOVERNING",
        "word": "RUN",
        "roles": {
          "AGENT": "#V85989",
          "AFFECTED": "#V86086",
          "RESULT": "#V86017",
          "LEX": "RAN"
        },
        "start": 0,
        "end": 65
      },
      "V85989": {
        "id": "V85989",
        "indicator": "PRO",
        "type": "PERSON",
        "word": "I",
        "roles": {
          "PROFORM": "I",
          "LEX": "I",
          "WNSENSE": "person%1:03:00"
        },
        "start": 0,
        "end": 2
      },
      "V86017": {
        "id": "V86017",
        "indicator": "F",
        "type": "RESULTING-OBJECT",
        "word": "TO",
        "roles": {
          "GROUND": "#V86038",
          "FIGURE": "#V86086",
          "LEX": "TO"
        },
        "start": 6,
        "end": 25
      },
      "V86038": {
        "id": "V86038",
        "indicator": "BARE",
        "type": "INTERNAL-ENCLOSURE",
        "word": "KITCHEN",
        "roles": {
          "MOD": "#V86043",
          "LEX": "KITCHEN",
          "WNSENSE": "kitchen%1:06:00::"
        },
        "start": 9,
        "end": 25
      },
      "V86043": {
        "id": "V86043",
        "indicator": "F",
        "type": "ACQUIRE",
        "word": "GRAB",
        "roles": {
          "AFFECTED": "#V86038",
          "VFORM": "PASSIVE",
          "LEX": "GRABBED",
          "WNSENSE": "grab%2:40:00::"
        },
        "start": 17,
        "end": 25
      },
      "V86086": {
        "id": "V86086",
        "indicator": "A",
        "type": "CUTLERY",
        "word": "KNIFE",
        "roles": {
          "LEX": "KNIFE",
          "WNSENSE": "cutlery%1:06:00"
        },
        "start": 25,
        "end": 33
      },
      "V86111": {
        "id": "V86111",
        "indicator": "F",
        "type": "RESULTING-STATE",
        "word": "TO",
        "roles": {
          "GROUND": "#V86144",
          "FIGURE": "#V86184",
          "LEX": "TO"
        },
        "start": 48,
        "end": 55
      },
      "V86144": {
        "id": "V86144",
        "indicator": "BARE",
        "type": "EVOKE-HURT",
        "word": "CUT",
        "roles": {
          "LEX": "CUT",
          "WNSENSE": "hurt%2:29:01"
        },
        "start": 51,
        "end": 55
      },
      "V86184": {
        "id": "V86184",
        "indicator": "THE",
        "type": "EXTERNAL-BODY-PART",
        "word": "PENIS",
        "roles": {
          "ASSOC-POSS": "#V86179",
          "LEX": "PENIS",
          "WNSENSE": "external_body_part%1:08:00"
        },
        "start": 55,
        "end": 65
      },
      "V86179": {
        "id": "V86179",
        "indicator": "PRO",
        "type": "MALE-PERSON",
        "word": "HIS",
        "roles": {
          "LEX": "HIS",
          "PROFORM": "HIS",
          "WNSENSE": "man%1:18:00"
        },
        "start": 55,
        "end": 65
      },
      "root": "#V88635"
    },
    {
      "V86342": {
        "id": "V86342",
        "indicator": "SPEECHACT",
        "type": "SA_PRED-FRAGMENT",
        "word": null,
        "roles": {
          "PUNCTYPE": "DECL",
          "CONTENT": "#V86188",
          "LEX": "OFF"
        },
        "start": 65,
        "end": 70
      },
      "V86188": {
        "id": "V86188",
        "indicator": "F",
        "type": "DIRECTION",
        "word": "OFF",
        "roles": {
          "FIGURE": "#V86343",
          "LEX": "OFF",
          "WNSENSE": "direction%1:15:00"
        },
        "start": 65,
        "end": 69
      },
      "V86343": {
        "id": "V86343",
        "indicator": "IMPRO",
        "type": "ANY-SEM",
        "word": null,
        "roles": {},
        "start": 65,
        "end": 69
      },
      "root": "#V86342"
    },
    {
      "V88632": {
        "id": "V88632",
        "indicator": "SPEECHACT",
        "type": "SA_TELL",
        "word": null,
        "roles": {
          "CONTENT": "#V88501",
          "LEX": "AND"
        },
        "start": 0,
        "end": 65
      },
      "V88501": {
        "id": "V88501",
        "indicator": "F",
        "type": "EVENT-OF-ACTION",
        "word": null,
        "roles": {
          "OPERATOR": "AND",
          "SEQUENCE": "#V86006",
          "SEQUENCE1": "#V86102",
          "TENSE": "PAST",
          "LEX": "AND"
        },
        "start": 0,
        "end": 65
      },
      "V86102": {
        "id": "V86102",
        "indicator": "F",
        "type": "THREATEN",
        "word": "THREATEN",
        "roles": {
          "AGENT": "#V85989",
          "AFFECTED": "#V86184",
          "RESULT": "#V86111",
          "LEX": "THREATENED",
          "WNSENSE": "threaten%2:32:00::"
        },
        "start": 0,
        "end": 65
      },
      "V86006": {
        "id": "V86006",
        "indicator": "F",
        "type": "GOVERNING",
        "word": "RUN",
        "roles": {
          "AGENT": "#V85989",
          "AFFECTED": "#V86086",
          "RESULT": "#V86017",
          "LEX": "RAN"
        },
        "start": 0,
        "end": 65
      },
      "V85989": {
        "id": "V85989",
        "indicator": "PRO",
        "type": "PERSON",
        "word": "I",
        "roles": {
          "PROFORM": "I",
          "LEX": "I",
          "WNSENSE": "person%1:03:00"
        },
        "start": 0,
        "end": 2
      },
      "V86017": {
        "id": "V86017",
        "indicator": "F",
        "type": "RESULTING-OBJECT",
        "word": "TO",
        "roles": {
          "GROUND": "#V86038",
          "FIGURE": "#V86086",
          "LEX": "TO"
        },
        "start": 6,
        "end": 25
      },
      "V86038": {
        "id": "V86038",
        "indicator": "BARE",
        "type": "INTERNAL-ENCLOSURE",
        "word": "KITCHEN",
        "roles": {
          "MOD": "#V86043",
          "LEX": "KITCHEN",
          "WNSENSE": "kitchen%1:06:00::"
        },
        "start": 9,
        "end": 25
      },
      "V86043": {
        "id": "V86043",
        "indicator": "F",
        "type": "ACQUIRE",
        "word": "GRAB",
        "roles": {
          "AFFECTED": "#V86038",
          "VFORM": "PASSIVE",
          "LEX": "GRABBED",
          "WNSENSE": "grab%2:40:00::"
        },
        "start": 17,
        "end": 25
      },
      "V86086": {
        "id": "V86086",
        "indicator": "A",
        "type": "CUTLERY",
        "word": "KNIFE",
        "roles": {
          "LEX": "KNIFE",
          "WNSENSE": "cutlery%1:06:00"
        },
        "start": 25,
        "end": 33
      },
      "V86111": {
        "id": "V86111",
        "indicator": "F",
        "type": "RESULTING-STATE",
        "word": "TO",
        "roles": {
          "GROUND": "#V86137",
          "FIGURE": "#V86184",
          "LEX": "TO"
        },
        "start": 48,
        "end": 55
      },
      "V86137": {
        "id": "V86137",
        "indicator": "BARE",
        "type": "STOP",
        "word": "CUT",
        "roles": {
          "LEX": "CUT",
          "WNSENSE": "cut%2:38:00::"
        },
        "start": 51,
        "end": 55
      },
      "V86184": {
        "id": "V86184",
        "indicator": "THE",
        "type": "EXTERNAL-BODY-PART",
        "word": "PENIS",
        "roles": {
          "ASSOC-POSS": "#V86179",
          "LEX": "PENIS",
          "WNSENSE": "external_body_part%1:08:00"
        },
        "start": 55,
        "end": 65
      },
      "V86179": {
        "id": "V86179",
        "indicator": "PRO",
        "type": "MALE-PERSON",
        "word": "HIS",
        "roles": {
          "LEX": "HIS",
          "PROFORM": "HIS",
          "WNSENSE": "man%1:18:00"
        },
        "start": 55,
        "end": 65
      },
      "root": "#V88632"
    },
    {
      "V86342": {
        "id": "V86342",
        "indicator": "SPEECHACT",
        "type": "SA_PRED-FRAGMENT",
        "word": null,
        "roles": {
          "PUNCTYPE": "DECL",
          "CONTENT": "#V86188",
          "LEX": "OFF"
        },
        "start": 65,
        "end": 70
      },
      "V86188": {
        "id": "V86188",
        "indicator": "F",
        "type": "DIRECTION",
        "word": "OFF",
        "roles": {
          "FIGURE": "#V86343",
          "LEX": "OFF",
          "WNSENSE": "direction%1:15:00"
        },
        "start": 65,
        "end": 69
      },
      "V86343": {
        "id": "V86343",
        "indicator": "IMPRO",
        "type": "ANY-SEM",
        "word": null,
        "roles": {},
        "start": 65,
        "end": 69
      },
      "root": "#V86342"
    }
  ],
  "inputtags": [],
  "debug": [
    "*last-utt-id*=NIL  utt-id+12",
    "*last-utt-id*=12  utt-id+12",
    "*last-utt-id*=12  utt-id+NIL"
  ]
}
