{
  "parse": [
    {
      "V364034": {
        "id": "V364034",
        "indicator": "SPEECHACT",
        "type": "SA_YN-QUESTION",
        "word": null,
        "roles": {
          "CONTENT": "#V364032",
          "PUNCTYPE": "YNQ",
          "LEX": "-"
        },
        "start": 0,
        "end": 35
      },
      "V364032": {
        "id": "V364032",
        "indicator": "THE",
        "type": "QUANTITY-ABSTR",
        "word": null,
        "roles": {
          "FIGURE": "#V363623"
        },
        "start": 0,
        "end": 35
      },
      "V363623": {
        "id": "V363623",
        "indicator": "INDEF-SET",
        "type": "MALE-PERSON",
        "word": "MAN",
        "roles": {
          "MOD": "#V363645",
          "LEX": "MEN",
          "WNSENSE": "man%1:18:00::"
        },
        "start": 0,
        "end": 35
      },
      "V363645": {
        "id": "V363645",
        "indicator": "F",
        "type": "WANT",
        "word": "WANT",
        "roles": {
          "EXPERIENCER": "#V363635",
          "FORMAL": "#V363679",
          "TENSE": "PRES",
          "LEX": "WANT",
          "WNSENSE": "want%2:37:00::"
        },
        "start": 4,
        "end": 35
      },
      "V363635": {
        "id": "V363635",
        "indicator": "PRO",
        "type": "PERSON",
        "word": "YOU",
        "roles": {
          "PROFORM": "YOU",
          "LEX": "YOU",
          "WNSENSE": "person%1:03:00",
          "COREF": "SYS"
        },
        "start": 4,
        "end": 8
      },
      "V363679": {
        "id": "V363679",
        "indicator": "F",
        "type": "CONTROL-MANAGE",
        "word": "TREAT",
        "roles": {
          "AGENT": "#V363635",
          "AFFECTED": "#V363682",
          "VFORM": "BASE",
          "LEX": "TREAT",
          "WNSENSE": "control%2:41:00"
        },
        "start": 13,
        "end": 35
      },
      "V363682": {
        "id": "V363682",
        "indicator": "INDEF-SET",
        "type": "FEMALE-PERSON",
        "word": "WOMAN",
        "roles": {
          "MOD": "#V363685",
          "LEX": "WOMEN",
          "WNSENSE": "woman%1:18:00::"
        },
        "start": 22,
        "end": 35
      },
      "V363685": {
        "id": "V363685",
        "indicator": "F",
        "type": "MORE-VAL",
        "word": "GOOD",
        "roles": {
          "ORIENTATION": "MORE",
          "INTENSITY": "MED",
          "FIGURE": "#V363682",
          "SCALE": "ACCEPTABILITY-VAL",
          "LEX": "BETTER",
          "WNSENSE": "better%3:00:00::"
        },
        "start": 28,
        "end": 35
      },
      "root": "#V364034"
    }
  ],
  "inputtags": [],
  "debug": [
    "constit-match failed on (% W::VP- (W::ADVBL-NEEDED -) (W::VFORM W::BASE)",
    "                           (W::SUBJ ?#:LSUBJ92028:((% W::NP (W::GAP -)",
    "                                                      (W::LF ?#:LSUBJLF92020)",
    "                                                      (W::SORT ?#:LSUBJSORT92021)",
    "                                                      (W::SUBJVAR ?#:LSUBJSUBJVAR92022)",
    "                                                      (W::LEX ?#:DOBJLEX91674)",
    "                                                      (W::VAR V363623)",
    "                                                      (W::AGR ?282)",
    "                                                      (W::CASE ?#:LSUBJCASE92026)",
    "                                                      (W::SEM ?127:(F::PHYS-OBJ (F::TANGIBLE +))))))",
    "                           (W::TMA -)",
    "                           (W::CONSTRAINT (% & (W::MODS V364143)",
    "                                             (W::LSUBJ V363623)",
    "                                             (W::LOBJ V363682) (W::LCOMP ?288)",
    "                                             (ONT::AGENT V363623)",
    "                                             (ONT::AFFECTED V363682)",
    "                                             (ONT::FORMAL ?288)))",
    "                           (W::CLASS (:* ONT::CONTROL-MANAGE W::TREAT))",
    "                           (W::VAR V363679) (W::NEG -)",
    "                           (W::SEM ?203:(F::SITUATION (F::TYPE ONT::CONTROL-MANAGE)",
    "                                         (F::KR-TYPE ((WN \"control%2:41:00\")))",
    "                                         (F::TRAJECTORY -) (F::INTENTIONAL -)",
    "                                         (F::INFORMATION F::MENTAL-CONSTRUCT)",
    "                                         (F::CONTAINER -)",
    "                                         (F::ORIGIN F::ANY-ORIGIN)",
    "                                         (F::TANGIBLE +) (F::ASPECT F::DYNAMIC)",
    "                                         (F::TIME-SPAN F::ANY-TIME-SPAN)",
    "                                         (F::CAUSE F::FORCE) (F::LOCATIVE -)",
    "                                         (F::IOBJ -)))",
    "                           (W::IOBJ (% - (W::VAR -)))",
    "                           (W::DOBJ ?#:LOBJ92037:((% W::NP (W::GAP -)",
    "                                                     (W::LF (% W::DESCRIPTION (W::STATUS ONT::INDEFINITE-PLURAL)",
    "                                                               (W::CONSTRAINT (% & (- -)))",
    "                                                               (W::SEM ?219:(F::PHYS-OBJ (F::TYPE ONT::FEMALE-PERSON)",
    "                                                                             (F::KR-TYPE ((WN \"woman%1:18:00::\")))",
    "                                                                             (F::TRAJECTORY -)",
    "                                                                             (F::OBJECT-FUNCTION F::OCCUPATION)",
    "                                                                             (F::INTENTIONAL +)",
    "                                                                             (F::INFORMATION -)",
    "                                                                             (F::CONTAINER -)",
    "                                                                             (F::ORIGIN F::HUMAN)",
    "                                                                             (F::TANGIBLE +)",
    "                                                                             (F::SCALE ?767)",
    "                                                                             (F::FORM F::SOLID-OBJECT)",
    "                                                                             (F::MOBILITY F::SELF-MOVING)",
    "                                                                             (F::GROUP -)",
    "                                                                             (F::SPATIAL-ABSTRACTION F::SPATIAL-POINT)))",
    "                                                               (W::VAR V363682)",
    "                                                               (W::CLASS (:* ONT::FEMALE-PERSON W::WOMAN))))",
    "                                                     (W::SUBJVAR -)",
    "                                                     (W::LEX W::WOMEN)",
    "                                                     (W::VAR V363682)",
    "                                                     (W::AGR W::|3P|)",
    "                                                     (W::CASE ?1807:(W::OBJ))",
    "                                                     (W::SORT W::PRED)",
    "                                                     (W::SEM ?129:(F::PHYS-OBJ (F::TANGIBLE +))))))",
    "                           (W::COMP3 ?#:LCOMP92047:((% W::PP (W::OPTIONAL",
    "                                                              +) (W::GAP -)",
    "                                                       (W::LF ?#:LCOMPLF92038)",
    "                                                       (W::SORT ?#:LCOMPSORT92039)",
    "                                                       (W::SUBJVAR ?#:LCOMPSUBJVAR92040)",
    "                                                       (W::LEX ?#:LCOMPLEX92041)",
    "                                                       (W::VAR ?288)",
    "                                                       (W::AGR ?#:LCOMPAGR92043)",
    "                                                       (W::CASE ?287:(W::OBJ",
    "                                                                      -))",
    "                                                       (W::PTYPE ?#:XXX92045:(W::FOR))",
    "                                                       (W::SEM ?131:(?#:X1658492046:(F::SITUATION",
    "                                                                                     F::PHYS-OBJ",
    "                                                                                     F::ABSTR-OBJ) NIL)))))",
    "                           (W::PART (% - (W::VAR -))) (W::CONT -) (W::AUX -)",
    "                           (W::TENSE-PRO -) (W::GAP -) (W::SUBJVAR V363623)",
    "                           (W::MODAL -) (W::AUXNAME -) (W::LEX W::TREAT)",
    "                           (W::ORIG-LEX -) (W::HEADCAT W::V) (W::TRANSFORM -)",
    "                           (W::SUBJ-MAP ONT::AGENT)",
    "                           (W::TEMPLATE LXM::AGENT-AFFECTED-FORMAL-XP-OPTIONAL-A-TEMPL)",
    "                           (W::COMPLEX -) (W::PASSIVE -)) and (% W::VP- (1 VP-363743)",
    "                                                                 (W::ADVBL-NEEDED -)",
    "                                                                 (W::VFORM ?#:X36367792018:(W::BASE",
    "                                                                                            W::PRES))",
    "                                                                 (W::SEM ?203:(F::SITUATION (F::TYPE ONT::CONTROL-MANAGE)",
    "                                                                               (F::KR-TYPE ((WN \"control%2:41:00\")))",
    "                                                                               (F::TRAJECTORY -)",
    "                                                                               (F::INTENTIONAL -)",
    "                                                                               (F::INFORMATION F::MENTAL-CONSTRUCT)",
    "                                                                               (F::CONTAINER -)",
    "                                                                               (F::ORIGIN F::ANY-ORIGIN)",
    "                                                                               (F::TANGIBLE +)",
    "                                                                               (F::ASPECT F::DYNAMIC)",
    "                                                                               (F::TIME-SPAN F::ANY-TIME-SPAN)",
    "                                                                               (F::CAUSE F::FORCE)",
    "                                                                               (F::LOCATIVE -)",
    "                                                                               (F::IOBJ -)))",
    "                                                                 (W::CLASS (:* ONT::CONTROL-MANAGE W::TREAT))",
    "                                                                 (W::VAR V363679)",
    "                                                                 (W::GAP ?!4657)",
    "                                                                 (W::TMA -)",
    "                                                                 (W::CONSTRAINT (% & (W::MODS V364143)",
    "                                                                                   (W::LSUBJ ?4645)",
    "                                                                                   (W::LOBJ V363682)",
    "                                                                                   (W::LCOMP ?288)",
    "                                                                                   (ONT::AGENT ?4645)",
    "                                                                                   (ONT::AFFECTED V363682)",
    "                                                                                   (ONT::FORMAL ?288)))",
    "                                                                 (W::AGR ?#:Y36367892019:(W::|1S|",
    "                                                                                          W::|2S|",
    "                                                                                          W::|1P|",
    "                                                                                          W::|2P|",
    "                                                                                          W::|3P|))",
    "                                                                 (W::NEG -)",
    "                                                                 (W::SUBJ ?#:LSUBJ92028:((% W::NP (W::GAP -)",
    "                                                                                            (W::LF ?#:LSUBJLF92020)",
    "                                                                                            (W::SORT ?#:LSUBJSORT92021)",
    "                                                                                            (W::SUBJVAR ?#:LSUBJSUBJVAR92022)",
    "                                                                                            (W::LEX ?281)",
    "                                                                                            (W::VAR ?4645)",
    "                                                                                            (W::AGR ?282)",
    "                                                                                            (W::CASE ?#:LSUBJCASE92026)",
    "                                                                                            (W::SEM ?127:(?#:AG165833627492027:(F::SITUATION",
    "                                                                                                                                F::ABSTR-OBJ",
    "                                                                                                                                F::PHYS-OBJ) (F::TANGIBLE +))))))",
    "                                                                 (W::IOBJ (% - (W::VAR -)))",
    "                                                                 (W::DOBJ ?#:LOBJ92037:((% W::NP (W::GAP -)",
    "                                                                                           (W::LF (% W::DESCRIPTION (W::STATUS ONT::INDEFINITE-PLURAL)",
    "                                                                                                     (W::CONSTRAINT (% & (- -)))",
    "                                                                                                     (W::SEM ?219:(F::PHYS-OBJ (F::TYPE ONT::FEMALE-PERSON)",
    "                                                                                                                   (F::KR-TYPE ((WN \"woman%1:18:00::\")))",
    "                                                                                                                   (F::TRAJECTORY -)",
    "                                                                                                                   (F::OBJECT-FUNCTION F::OCCUPATION)",
    "                                                                                                                   (F::INTENTIONAL +)",
    "                                                                                                                   (F::INFORMATION -)",
    "                                                                                                                   (F::CONTAINER -)",
    "                                                                                                                   (F::ORIGIN F::HUMAN)",
    "                                                                                                                   (F::TANGIBLE +)",
    "                                                                                                                   (F::SCALE ?767)",
    "                                                                                                                   (F::FORM F::SOLID-OBJECT)",
    "                                                                                                                   (F::MOBILITY F::SELF-MOVING)",
    "                                                                                                                   (F::GROUP -)",
    "                                                                                                                   (F::SPATIAL-ABSTRACTION F::SPATIAL-POINT)))",
    "                                                                                                     (W::VAR V363682)",
    "                                                                                                     (W::CLASS (:* ONT::FEMALE-PERSON W::WOMAN))))",
    "                                                                                           (W::SUBJVAR -)",
    "                                                                                           (W::LEX W::WOMEN)",
    "                                                                                           (W::VAR V363682)",
    "                                                                                           (W::AGR W::|3P|)",
    "                                                                                           (W::CASE ?1807:(W::OBJ))",
    "                                                                                           (W::SORT W::PRED)",
    "                                                                                           (W::SEM ?129:(F::PHYS-OBJ (F::TANGIBLE +))))))",
    "                                                                 (W::COMP3 ?#:LCOMP92047:((% W::PP (W::OPTIONAL",
    "                                                                                                    +) (W::GAP -)",
    "                                                                                             (W::LF ?#:LCOMPLF92038)",
    "                                                                                             (W::SORT ?#:LCOMPSORT92039)",
    "                                                                                             (W::SUBJVAR ?#:LCOMPSUBJVAR92040)",
    "                                                                                             (W::LEX ?#:LCOMPLEX92041)",
    "                                                                                             (W::VAR ?288)",
    "                                                                                             (W::AGR ?#:LCOMPAGR92043)",
    "                                                                                             (W::CASE ?287:(W::OBJ",
    "                                                                                                            -))",
    "                                                                                             (W::PTYPE ?#:XXX92045:(W::FOR))",
    "                                                                                             (W::SEM ?131:(?#:X1658492046:(F::SITUATION",
    "                                                                                                                           F::PHYS-OBJ",
    "                                                                                                                           F::ABSTR-OBJ) NIL)))))",
    "                                                                 (W::PART (% - (W::VAR -)))",
    "                                                                 (W::CONT -)",
    "                                                                 (W::SUBJVAR ?4645)",
    "                                                                 (W::LEX W::TREAT)",
    "                                                                 (W::ORIG-LEX -)",
    "                                                                 (W::HEADCAT W::V)",
    "                                                                 (W::TRANSFORM -)",
    "                                                                 (W::SUBJ-MAP ONT::AGENT)",
    "                                                                 (W::AUX -)",
    "                                                                 (W::PASSIVE -)",
    "                                                                 (W::PASSIVE-MAP -)",
    "                                                                 (W::TEMPLATE LXM::AGENT-AFFECTED-FORMAL-XP-OPTIONAL-A-TEMPL)",
    "                                                                 (W::RESULT ?125:(F::ABSTR-OBJ NIL))",
    "                                                                 (2 ADVBL364145))",
    "constit-match failed on (% W::VP- (W::ADVBL-NEEDED -) (W::VFORM W::BASE)",
    "                           (W::SUBJ ?#:LSUBJ92028:((% W::NP (W::GAP -)",
    "                                                      (W::LF ?#:LSUBJLF92020)",
    "                                                      (W::SORT ?#:LSUBJSORT92021)",
    "                                                      (W::SUBJVAR ?#:LSUBJSUBJVAR92022)",
    "                                                      (W::LEX ?#:DOBJLEX91674)",
    "                                                      (W::VAR V363623)",
    "                                                      (W::AGR ?282)",
    "                                                      (W::CASE ?#:LSUBJCASE92026)",
    "                                                      (W::SEM ?127:(F::PHYS-OBJ (F::TANGIBLE +))))))",
    "                           (W::TMA -)",
    "                           (W::CONSTRAINT (% & (W::MODS V364143)",
    "                                             (W::LSUBJ V363623)",
    "                                             (W::LOBJ V363682) (W::LCOMP ?288)",
    "                                             (ONT::AGENT V363623)",
    "                                             (ONT::AFFECTED V363682)",
    "                                             (ONT::FORMAL ?288)))",
    "                           (W::CLASS (:* ONT::CONTROL-MANAGE W::TREAT))",
    "                           (W::VAR V363679) (W::NEG -)",
    "                           (W::SEM ?203:(F::SITUATION (F::TYPE ONT::CONTROL-MANAGE)",
    "                                         (F::KR-TYPE ((WN \"control%2:41:00\")))",
    "                                         (F::TRAJECTORY -) (F::INTENTIONAL -)",
    "                                         (F::INFORMATION F::MENTAL-CONSTRUCT)",
    "                                         (F::CONTAINER -)",
    "                                         (F::ORIGIN F::ANY-ORIGIN)",
    "                                         (F::TANGIBLE +) (F::ASPECT F::DYNAMIC)",
    "                                         (F::TIME-SPAN F::ANY-TIME-SPAN)",
    "                                         (F::CAUSE F::FORCE) (F::LOCATIVE -)",
    "                                         (F::IOBJ -)))",
    "                           (W::IOBJ (% - (W::VAR -)))",
    "                           (W::DOBJ ?#:LOBJ92037:((% W::NP (W::GAP -)",
    "                                                     (W::LF (% W::DESCRIPTION (W::STATUS ONT::INDEFINITE-PLURAL)",
    "                                                               (W::CONSTRAINT (% & (- -)))",
    "                                                               (W::SEM ?219:(F::PHYS-OBJ (F::TYPE ONT::FEMALE-PERSON)",
    "                                                                             (F::KR-TYPE ((WN \"woman%1:18:00::\")))",
    "                                                                             (F::TRAJECTORY -)",
    "                                                                             (F::OBJECT-FUNCTION F::OCCUPATION)",
    "                                                                             (F::INTENTIONAL +)",
    "                                                                             (F::INFORMATION -)",
    "                                                                             (F::CONTAINER -)",
    "                                                                             (F::ORIGIN F::HUMAN)",
    "                                                                             (F::TANGIBLE +)",
    "                                                                             (F::SCALE ?767)",
    "                                                                             (F::FORM F::SOLID-OBJECT)",
    "                                                                             (F::MOBILITY F::SELF-MOVING)",
    "                                                                             (F::GROUP -)",
    "                                                                             (F::SPATIAL-ABSTRACTION F::SPATIAL-POINT)))",
    "                                                               (W::VAR V363682)",
    "                                                               (W::CLASS (:* ONT::FEMALE-PERSON W::WOMAN))))",
    "                                                     (W::SUBJVAR -)",
    "                                                     (W::LEX W::WOMEN)",
    "                                                     (W::VAR V363682)",
    "                                                     (W::AGR W::|3P|)",
    "                                                     (W::CASE ?1807:(W::OBJ))",
    "                                                     (W::SORT W::PRED)",
    "                                                     (W::SEM ?129:(F::PHYS-OBJ (F::TANGIBLE +))))))",
    "                           (W::COMP3 ?#:LCOMP92047:((% W::PP (W::OPTIONAL",
    "                                                              +) (W::GAP -)",
    "                                                       (W::LF ?#:LCOMPLF92038)",
    "                                                       (W::SORT ?#:LCOMPSORT92039)",
    "                                                       (W::SUBJVAR ?#:LCOMPSUBJVAR92040)",
    "                                                       (W::LEX ?#:LCOMPLEX92041)",
    "                                                       (W::VAR ?288)",
    "                                                       (W::AGR ?#:LCOMPAGR92043)",
    "                                                       (W::CASE ?287:(W::OBJ",
    "                                                                      -))",
    "                                                       (W::PTYPE ?#:XXX92045:(W::FOR))",
    "                                                       (W::SEM ?131:(?#:X1658492046:(F::SITUATION",
    "                                                                                     F::PHYS-OBJ",
    "                                                                                     F::ABSTR-OBJ) NIL)))))",
    "                           (W::PART (% - (W::VAR -))) (W::CONT -) (W::AUX -)",
    "                           (W::TENSE-PRO -) (W::GAP -) (W::SUBJVAR V363623)",
    "                           (W::MODAL -) (W::AUXNAME -) (W::LEX W::TREAT)",
    "                           (W::ORIG-LEX -) (W::HEADCAT W::V) (W::TRANSFORM -)",
    "                           (W::SUBJ-MAP ONT::AGENT)",
    "                           (W::TEMPLATE LXM::AGENT-AFFECTED-FORMAL-XP-OPTIONAL-A-TEMPL)",
    "                           (W::COMPLEX -) (W::PASSIVE -)) and (% W::VP- (1 VP-363743)",
    "                                                                 (W::ADVBL-NEEDED -)",
    "                                                                 (W::VFORM ?#:X36367792018:(W::BASE",
    "                                                                                            W::PRES))",
    "                                                                 (W::SEM ?203:(F::SITUATION (F::TYPE ONT::CONTROL-MANAGE)",
    "                                                                               (F::KR-TYPE ((WN \"control%2:41:00\")))",
    "                                                                               (F::TRAJECTORY -)",
    "                                                                               (F::INTENTIONAL -)",
    "                                                                               (F::INFORMATION F::MENTAL-CONSTRUCT)",
    "                                                                               (F::CONTAINER -)",
    "                                                                               (F::ORIGIN F::ANY-ORIGIN)",
    "                                                                               (F::TANGIBLE +)",
    "                                                                               (F::ASPECT F::DYNAMIC)",
    "                                                                               (F::TIME-SPAN F::ANY-TIME-SPAN)",
    "                                                                               (F::CAUSE F::FORCE)",
    "                                                                               (F::LOCATIVE -)",
    "                                                                               (F::IOBJ -)))",
    "                                                                 (W::CLASS (:* ONT::CONTROL-MANAGE W::TREAT))",
    "                                                                 (W::VAR V363679)",
    "                                                                 (W::GAP ?!4657)",
    "                                                                 (W::TMA -)",
    "                                                                 (W::CONSTRAINT (% & (W::MODS V364143)",
    "                                                                                   (W::LSUBJ ?4645)",
    "                                                                                   (W::LOBJ V363682)",
    "                                                                                   (W::LCOMP ?288)",
    "                                                                                   (ONT::AGENT ?4645)",
    "                                                                                   (ONT::AFFECTED V363682)",
    "                                                                                   (ONT::FORMAL ?288)))",
    "                                                                 (W::AGR ?#:Y36367892019:(W::|1S|",
    "                                                                                          W::|2S|",
    "                                                                                          W::|1P|",
    "                                                                                          W::|2P|",
    "                                                                                          W::|3P|))",
    "                                                                 (W::NEG -)",
    "                                                                 (W::SUBJ ?#:LSUBJ92028:((% W::NP (W::GAP -)",
    "                                                                                            (W::LF ?#:LSUBJLF92020)",
    "                                                                                            (W::SORT ?#:LSUBJSORT92021)",
    "                                                                                            (W::SUBJVAR ?#:LSUBJSUBJVAR92022)",
    "                                                                                            (W::LEX ?281)",
    "                                                                                            (W::VAR ?4645)",
    "                                                                                            (W::AGR ?282)",
    "                                                                                            (W::CASE ?#:LSUBJCASE92026)",
    "                                                                                            (W::SEM ?127:(?#:AG165833627492027:(F::SITUATION",
    "                                                                                                                                F::ABSTR-OBJ",
    "                                                                                                                                F::PHYS-OBJ) (F::TANGIBLE +))))))",
    "                                                                 (W::IOBJ (% - (W::VAR -)))",
    "                                                                 (W::DOBJ ?#:LOBJ92037:((% W::NP (W::GAP -)",
    "                                                                                           (W::LF (% W::DESCRIPTION (W::STATUS ONT::INDEFINITE-PLURAL)",
    "                                                                                                     (W::CONSTRAINT (% & (- -)))",
    "                                                                                                     (W::SEM ?219:(F::PHYS-OBJ (F::TYPE ONT::FEMALE-PERSON)",
    "                                                                                                                   (F::KR-TYPE ((WN \"woman%1:18:00::\")))",
    "                                                                                                                   (F::TRAJECTORY -)",
    "                                                                                                                   (F::OBJECT-FUNCTION F::OCCUPATION)",
    "                                                                                                                   (F::INTENTIONAL +)",
    "                                                                                                                   (F::INFORMATION -)",
    "                                                                                                                   (F::CONTAINER -)",
    "                                                                                                                   (F::ORIGIN F::HUMAN)",
    "                                                                                                                   (F::TANGIBLE +)",
    "                                                                                                                   (F::SCALE ?767)",
    "                                                                                                                   (F::FORM F::SOLID-OBJECT)",
    "                                                                                                                   (F::MOBILITY F::SELF-MOVING)",
    "                                                                                                                   (F::GROUP -)",
    "                                                                                                                   (F::SPATIAL-ABSTRACTION F::SPATIAL-POINT)))",
    "                                                                                                     (W::VAR V363682)",
    "                                                                                                     (W::CLASS (:* ONT::FEMALE-PERSON W::WOMAN))))",
    "                                                                                           (W::SUBJVAR -)",
    "                                                                                           (W::LEX W::WOMEN)",
    "                                                                                           (W::VAR V363682)",
    "                                                                                           (W::AGR W::|3P|)",
    "                                                                                           (W::CASE ?1807:(W::OBJ))",
    "                                                                                           (W::SORT W::PRED)",
    "                                                                                           (W::SEM ?129:(F::PHYS-OBJ (F::TANGIBLE +))))))",
    "                                                                 (W::COMP3 ?#:LCOMP92047:((% W::PP (W::OPTIONAL",
    "                                                                                                    +) (W::GAP -)",
    "                                                                                             (W::LF ?#:LCOMPLF92038)",
    "                                                                                             (W::SORT ?#:LCOMPSORT92039)",
    "                                                                                             (W::SUBJVAR ?#:LCOMPSUBJVAR92040)",
    "                                                                                             (W::LEX ?#:LCOMPLEX92041)",
    "                                                                                             (W::VAR ?288)",
    "                                                                                             (W::AGR ?#:LCOMPAGR92043)",
    "                                                                                             (W::CASE ?287:(W::OBJ",
    "                                                                                                            -))",
    "                                                                                             (W::PTYPE ?#:XXX92045:(W::FOR))",
    "                                                                                             (W::SEM ?131:(?#:X1658492046:(F::SITUATION",
    "                                                                                                                           F::PHYS-OBJ",
    "                                                                                                                           F::ABSTR-OBJ) NIL)))))",
    "                                                                 (W::PART (% - (W::VAR -)))",
    "                                                                 (W::CONT -)",
    "                                                                 (W::SUBJVAR ?4645)",
    "                                                                 (W::LEX W::TREAT)",
    "                                                                 (W::ORIG-LEX -)",
    "                                                                 (W::HEADCAT W::V)",
    "                                                                 (W::TRANSFORM -)",
    "                                                                 (W::SUBJ-MAP ONT::AGENT)",
    "                                                                 (W::AUX -)",
    "                                                                 (W::PASSIVE -)",
    "                                                                 (W::PASSIVE-MAP -)",
    "                                                                 (W::TEMPLATE LXM::AGENT-AFFECTED-FORMAL-XP-OPTIONAL-A-TEMPL)",
    "                                                                 (W::RESULT ?125:(F::ABSTR-OBJ NIL))",
    "                                                                 (2 ADVBL364145))",
    "constit-match failed on (% W::VP- (W::ADVBL-NEEDED -) (W::VFORM W::BASE)",
    "                           (W::SUBJ ?#:LSUBJ92028:((% W::NP (W::GAP -)",
    "                                                      (W::LF ?#:LSUBJLF92020)",
    "                                                      (W::SORT ?#:LSUBJSORT92021)",
    "                                                      (W::SUBJVAR ?#:LSUBJSUBJVAR92022)",
    "                                                      (W::LEX ?#:DOBJLEX91674)",
    "                                                      (W::VAR V363623)",
    "                                                      (W::AGR ?282)",
    "                                                      (W::CASE ?#:LSUBJCASE92026)",
    "                                                      (W::SEM ?127:(F::PHYS-OBJ (F::TANGIBLE +))))))",
    "                           (W::TMA -)",
    "                           (W::CONSTRAINT (% & (W::MODS V364143)",
    "                                             (W::LSUBJ V363623)",
    "                                             (W::LOBJ V363682) (W::LCOMP ?288)",
    "                                             (ONT::AGENT V363623)",
    "                                             (ONT::AFFECTED V363682)",
    "                                             (ONT::FORMAL ?288)))",
    "                           (W::CLASS (:* ONT::CONTROL-MANAGE W::TREAT))",
    "                           (W::VAR V363679) (W::NEG -)",
    "                           (W::SEM ?203:(F::SITUATION (F::TYPE ONT::CONTROL-MANAGE)",
    "                                         (F::KR-TYPE ((WN \"control%2:41:00\")))",
    "                                         (F::TRAJECTORY -) (F::INTENTIONAL -)",
    "                                         (F::INFORMATION F::MENTAL-CONSTRUCT)",
    "                                         (F::CONTAINER -)",
    "                                         (F::ORIGIN F::ANY-ORIGIN)",
    "                                         (F::TANGIBLE +) (F::ASPECT F::DYNAMIC)",
    "                                         (F::TIME-SPAN F::ANY-TIME-SPAN)",
    "                                         (F::CAUSE F::FORCE) (F::LOCATIVE -)",
    "                                         (F::IOBJ -)))",
    "                           (W::IOBJ (% - (W::VAR -)))",
    "                           (W::DOBJ ?#:LOBJ92037:((% W::NP (W::GAP -)",
    "                                                     (W::LF (% W::DESCRIPTION (W::STATUS ONT::INDEFINITE-PLURAL)",
    "                                                               (W::CONSTRAINT (% & (- -)))",
    "                                                               (W::SEM ?219:(F::PHYS-OBJ (F::TYPE ONT::FEMALE-PERSON)",
    "                                                                             (F::KR-TYPE ((WN \"woman%1:18:00::\")))",
    "                                                                             (F::TRAJECTORY -)",
    "                                                                             (F::OBJECT-FUNCTION F::OCCUPATION)",
    "                                                                             (F::INTENTIONAL +)",
    "                                                                             (F::INFORMATION -)",
    "                                                                             (F::CONTAINER -)",
    "                                                                             (F::ORIGIN F::HUMAN)",
    "                                                                             (F::TANGIBLE +)",
    "                                                                             (F::SCALE ?767)",
    "                                                                             (F::FORM F::SOLID-OBJECT)",
    "                                                                             (F::MOBILITY F::SELF-MOVING)",
    "                                                                             (F::GROUP -)",
    "                                                                             (F::SPATIAL-ABSTRACTION F::SPATIAL-POINT)))",
    "                                                               (W::VAR V363682)",
    "                                                               (W::CLASS (:* ONT::FEMALE-PERSON W::WOMAN))))",
    "                                                     (W::SUBJVAR -)",
    "                                                     (W::LEX W::WOMEN)",
    "                                                     (W::VAR V363682)",
    "                                                     (W::AGR W::|3P|)",
    "                                                     (W::CASE ?1807:(W::OBJ))",
    "                                                     (W::SORT W::PRED)",
    "                                                     (W::SEM ?129:(F::PHYS-OBJ (F::TANGIBLE +))))))",
    "                           (W::COMP3 ?#:LCOMP92047:((% W::PP (W::OPTIONAL",
    "                                                              +) (W::GAP -)",
    "                                                       (W::LF ?#:LCOMPLF92038)",
    "                                                       (W::SORT ?#:LCOMPSORT92039)",
    "                                                       (W::SUBJVAR ?#:LCOMPSUBJVAR92040)",
    "                                                       (W::LEX ?#:LCOMPLEX92041)",
    "                                                       (W::VAR ?288)",
    "                                                       (W::AGR ?#:LCOMPAGR92043)",
    "                                                       (W::CASE ?287:(W::OBJ",
    "                                                                      -))",
    "                                                       (W::PTYPE ?#:XXX92045:(W::FOR))",
    "                                                       (W::SEM ?131:(?#:X1658492046:(F::SITUATION",
    "                                                                                     F::PHYS-OBJ",
    "                                                                                     F::ABSTR-OBJ) NIL)))))",
    "                           (W::PART (% - (W::VAR -))) (W::CONT -) (W::AUX -)",
    "                           (W::TENSE-PRO -) (W::GAP -) (W::SUBJVAR V363623)",
    "                           (W::MODAL -) (W::AUXNAME -) (W::LEX W::TREAT)",
    "                           (W::ORIG-LEX -) (W::HEADCAT W::V) (W::TRANSFORM -)",
    "                           (W::SUBJ-MAP ONT::AGENT)",
    "                           (W::TEMPLATE LXM::AGENT-AFFECTED-FORMAL-XP-OPTIONAL-A-TEMPL)",
    "                           (W::COMPLEX -) (W::PASSIVE -)) and (% W::VP- (1 VP-363743)",
    "                                                                 (W::ADVBL-NEEDED -)",
    "                                                                 (W::VFORM ?#:X36367792018:(W::BASE",
    "                                                                                            W::PRES))",
    "                                                                 (W::SEM ?203:(F::SITUATION (F::TYPE ONT::CONTROL-MANAGE)",
    "                                                                               (F::KR-TYPE ((WN \"control%2:41:00\")))",
    "                                                                               (F::TRAJECTORY -)",
    "                                                                               (F::INTENTIONAL -)",
    "                                                                               (F::INFORMATION F::MENTAL-CONSTRUCT)",
    "                                                                               (F::CONTAINER -)",
    "                                                                               (F::ORIGIN F::ANY-ORIGIN)",
    "                                                                               (F::TANGIBLE +)",
    "                                                                               (F::ASPECT F::DYNAMIC)",
    "                                                                               (F::TIME-SPAN F::ANY-TIME-SPAN)",
    "                                                                               (F::CAUSE F::FORCE)",
    "                                                                               (F::LOCATIVE -)",
    "                                                                               (F::IOBJ -)))",
    "                                                                 (W::CLASS (:* ONT::CONTROL-MANAGE W::TREAT))",
    "                                                                 (W::VAR V363679)",
    "                                                                 (W::GAP ?!4657)",
    "                                                                 (W::TMA -)",
    "                                                                 (W::CONSTRAINT (% & (W::MODS V364143)",
    "                                                                                   (W::LSUBJ ?4645)",
    "                                                                                   (W::LOBJ V363682)",
    "                                                                                   (W::LCOMP ?288)",
    "                                                                                   (ONT::AGENT ?4645)",
    "                                                                                   (ONT::AFFECTED V363682)",
    "                                                                                   (ONT::FORMAL ?288)))",
    "                                                                 (W::AGR ?#:Y36367892019:(W::|1S|",
    "                                                                                          W::|2S|",
    "                                                                                          W::|1P|",
    "                                                                                          W::|2P|",
    "                                                                                          W::|3P|))",
    "                                                                 (W::NEG -)",
    "                                                                 (W::SUBJ ?#:LSUBJ92028:((% W::NP (W::GAP -)",
    "                                                                                            (W::LF ?#:LSUBJLF92020)",
    "                                                                                            (W::SORT ?#:LSUBJSORT92021)",
    "                                                                                            (W::SUBJVAR ?#:LSUBJSUBJVAR92022)",
    "                                                                                            (W::LEX ?281)",
    "                                                                                            (W::VAR ?4645)",
    "                                                                                            (W::AGR ?282)",
    "                                                                                            (W::CASE ?#:LSUBJCASE92026)",
    "                                                                                            (W::SEM ?127:(?#:AG165833627492027:(F::SITUATION",
    "                                                                                                                                F::ABSTR-OBJ",
    "                                                                                                                                F::PHYS-OBJ) (F::TANGIBLE +))))))",
    "                                                                 (W::IOBJ (% - (W::VAR -)))",
    "                                                                 (W::DOBJ ?#:LOBJ92037:((% W::NP (W::GAP -)",
    "                                                                                           (W::LF (% W::DESCRIPTION (W::STATUS ONT::INDEFINITE-PLURAL)",
    "                                                                                                     (W::CONSTRAINT (% & (- -)))",
    "                                                                                                     (W::SEM ?219:(F::PHYS-OBJ (F::TYPE ONT::FEMALE-PERSON)",
    "                                                                                                                   (F::KR-TYPE ((WN \"woman%1:18:00::\")))",
    "                                                                                                                   (F::TRAJECTORY -)",
    "                                                                                                                   (F::OBJECT-FUNCTION F::OCCUPATION)",
    "                                                                                                                   (F::INTENTIONAL +)",
    "                                                                                                                   (F::INFORMATION -)",
    "                                                                                                                   (F::CONTAINER -)",
    "                                                                                                                   (F::ORIGIN F::HUMAN)",
    "                                                                                                                   (F::TANGIBLE +)",
    "                                                                                                                   (F::SCALE ?767)",
    "                                                                                                                   (F::FORM F::SOLID-OBJECT)",
    "                                                                                                                   (F::MOBILITY F::SELF-MOVING)",
    "                                                                                                                   (F::GROUP -)",
    "                                                                                                                   (F::SPATIAL-ABSTRACTION F::SPATIAL-POINT)))",
    "                                                                                                     (W::VAR V363682)",
    "                                                                                                     (W::CLASS (:* ONT::FEMALE-PERSON W::WOMAN))))",
    "                                                                                           (W::SUBJVAR -)",
    "                                                                                           (W::LEX W::WOMEN)",
    "                                                                                           (W::VAR V363682)",
    "                                                                                           (W::AGR W::|3P|)",
    "                                                                                           (W::CASE ?1807:(W::OBJ))",
    "                                                                                           (W::SORT W::PRED)",
    "                                                                                           (W::SEM ?129:(F::PHYS-OBJ (F::TANGIBLE +))))))",
    "                                                                 (W::COMP3 ?#:LCOMP92047:((% W::PP (W::OPTIONAL",
    "                                                                                                    +) (W::GAP -)",
    "                                                                                             (W::LF ?#:LCOMPLF92038)",
    "                                                                                             (W::SORT ?#:LCOMPSORT92039)",
    "                                                                                             (W::SUBJVAR ?#:LCOMPSUBJVAR92040)",
    "                                                                                             (W::LEX ?#:LCOMPLEX92041)",
    "                                                                                             (W::VAR ?288)",
    "                                                                                             (W::AGR ?#:LCOMPAGR92043)",
    "                                                                                             (W::CASE ?287:(W::OBJ",
    "                                                                                                            -))",
    "                                                                                             (W::PTYPE ?#:XXX92045:(W::FOR))",
    "                                                                                             (W::SEM ?131:(?#:X1658492046:(F::SITUATION",
    "                                                                                                                           F::PHYS-OBJ",
    "                                                                                                                           F::ABSTR-OBJ) NIL)))))",
    "                                                                 (W::PART (% - (W::VAR -)))",
    "                                                                 (W::CONT -)",
    "                                                                 (W::SUBJVAR ?4645)",
    "                                                                 (W::LEX W::TREAT)",
    "                                                                 (W::ORIG-LEX -)",
    "                                                                 (W::HEADCAT W::V)",
    "                                                                 (W::TRANSFORM -)",
    "                                                                 (W::SUBJ-MAP ONT::AGENT)",
    "                                                                 (W::AUX -)",
    "                                                                 (W::PASSIVE -)",
    "                                                                 (W::PASSIVE-MAP -)",
    "                                                                 (W::TEMPLATE LXM::AGENT-AFFECTED-FORMAL-XP-OPTIONAL-A-TEMPL)",
    "                                                                 (W::RESULT ?125:(F::ABSTR-OBJ NIL))",
    "                                                                 (2 ADVBL364145))",
    "*last-utt-id*=NIL  utt-id+68",
    "*last-utt-id*=68  utt-id+NIL"
  ]
}
