{
  "parse": [
    {
      "V1486036": {
        "id": "V1486036",
        "indicator": "SPEECHACT",
        "type": "SA_IDENTIFY",
        "word": null,
        "roles": {
          "CONTENT": "#V1485982",
          "LEX": "-"
        },
        "start": 0,
        "end": 17
      },
      "V1485982": {
        "id": "V1485982",
        "indicator": "THE",
        "type": "QUANTITY-ABSTR",
        "word": null,
        "roles": {
          "FIGURE": "#V1485757"
        },
        "start": 0,
        "end": 17
      },
      "V1485757": {
        "id": "V1485757",
        "indicator": "THE",
        "type": "MORNING-AM",
        "word": "MORNING",
        "roles": {
          "SCALE": "TIME-LOC-SCALE",
          "MOD": "#V1485751",
          "LEX": "MORNING",
          "WNSENSE": "morning%1:28:00::"
        },
        "start": 0,
        "end": 17
      },
      "V1485751": {
        "id": "V1485751",
        "indicator": "F",
        "type": "SEQUENCE-VAL-NEXT",
        "word": "NEXT",
        "roles": {
          "FIGURE": "#V1485757",
          "SCALE": "RELATIONAL-PROPERTY-SCALE",
          "LEX": "NEXT",
          "WNSENSE": "next%5:00:00:succeeding:00"
        },
        "start": 4,
        "end": 9
      },
      "root": "#V1486036"
    },
    {
      "V1486559": {
        "id": "V1486559",
        "indicator": "SPEECHACT",
        "type": "SA_TELL",
        "word": null,
        "roles": {
          "PUNCTYPE": "DECL",
          "CONTENT": "#V1485774",
          "LEX": "WAS"
        },
        "start": 17,
        "end": 61
      },
      "V1485774": {
        "id": "V1485774",
        "indicator": "F",
        "type": "BE",
        "word": "BE",
        "roles": {
          "NEUTRAL": "#V1485892",
          "NEUTRAL1": "#V1486553",
          "TENSE": "PAST",
          "LEX": "WAS",
          "WNSENSE": "be%2:42:06::"
        },
        "start": 17,
        "end": 61
      },
      "V1485892": {
        "id": "V1485892",
        "indicator": "THE",
        "type": "QUANTITY-ABSTR",
        "word": null,
        "roles": {
          "FIGURE": "#V1485764",
          "COREF": "#V1485982"
        },
        "start": 17,
        "end": 23
      },
      "V1485764": {
        "id": "V1485764",
        "indicator": "PRO",
        "type": "EXPLETIVE",
        "word": null,
        "roles": {
          "PROFORM": "THERE",
          "LEX": "THERE"
        },
        "start": 17,
        "end": 23
      },
      "V1486553": {
        "id": "V1486553",
        "indicator": "THE",
        "type": "QUANTITY-ABSTR",
        "word": null,
        "roles": {
          "FIGURE": "#V1485789"
        },
        "start": 27,
        "end": 61
      },
      "V1485789": {
        "id": "V1485789",
        "indicator": "A",
        "type": "INFO-MEDIUM",
        "word": "ENVELOPE",
        "roles": {
          "LOCATION": "#V1485798",
          "LEX": "ENVELOPE",
          "WNSENSE": "speech%1:10:01"
        },
        "start": 27,
        "end": 61
      },
      "V1485798": {
        "id": "V1485798",
        "indicator": "F",
        "type": "ON",
        "word": "ON",
        "roles": {
          "GROUND": "#V1486442",
          "FIGURE": "#V1485789",
          "LEX": "ON"
        },
        "start": 39,
        "end": 61
      },
      "V1486442": {
        "id": "V1486442",
        "indicator": "THE",
        "type": "QUANTITY-ABSTR",
        "word": null,
        "roles": {
          "FIGURE": "#V1485824",
          "COREF": "#V1485982"
        },
        "start": 42,
        "end": 61
      },
      "V1485824": {
        "id": "V1485824",
        "indicator": "THE",
        "type": "TABLE",
        "word": "DESK",
        "roles": {
          "ASSOC-POSS": "#V1485819",
          "MOD": "#V1485828",
          "LEX": "DESK",
          "WNSENSE": "desk%1:06:00::"
        },
        "start": 42,
        "end": 61
      },
      "V1485819": {
        "id": "V1485819",
        "indicator": "PRO",
        "type": "PERSON",
        "word": "MY",
        "roles": {
          "LEX": "MY",
          "PROFORM": "MY",
          "WNSENSE": "person%1:03:00",
          "COREF": "USER"
        },
        "start": 42,
        "end": 61
      },
      "V1485828": {
        "id": "V1485828",
        "indicator": "F",
        "type": "ASSOC-WITH",
        "word": "WITH",
        "roles": {
          "GROUND": "#V1485843",
          "FIGURE": "#V1485824",
          "LEX": "WITH"
        },
        "start": 50,
        "end": 61
      },
      "V1485843": {
        "id": "V1485843",
        "indicator": "BARE",
        "type": "MONEY",
        "word": "CASH",
        "roles": {
          "LEX": "CASH",
          "WNSENSE": "change%1:21:03"
        },
        "start": 56,
        "end": 61
      },
      "root": "#V1486559"
    },
    {
      "V1486038": {
        "id": "V1486038",
        "indicator": "SPEECHACT",
        "type": "SA_IDENTIFY",
        "word": null,
        "roles": {
          "CONTENT": "#V1485757",
          "LEX": "MORNING"
        },
        "start": 0,
        "end": 17
      },
      "V1485757": {
        "id": "V1485757",
        "indicator": "THE",
        "type": "MORNING-AM",
        "word": "MORNING",
        "roles": {
          "SCALE": "TIME-LOC-SCALE",
          "MOD": "#V1485751",
          "LEX": "MORNING",
          "WNSENSE": "morning%1:28:00::"
        },
        "start": 0,
        "end": 17
      },
      "V1485751": {
        "id": "V1485751",
        "indicator": "F",
        "type": "SEQUENCE-VAL-NEXT",
        "word": "NEXT",
        "roles": {
          "FIGURE": "#V1485757",
          "SCALE": "RELATIONAL-PROPERTY-SCALE",
          "LEX": "NEXT",
          "WNSENSE": "next%5:00:00:succeeding:00"
        },
        "start": 4,
        "end": 9
      },
      "root": "#V1486038"
    },
    {
      "V1486559": {
        "id": "V1486559",
        "indicator": "SPEECHACT",
        "type": "SA_TELL",
        "word": null,
        "roles": {
          "PUNCTYPE": "DECL",
          "CONTENT": "#V1485774",
          "LEX": "WAS"
        },
        "start": 17,
        "end": 62
      },
      "V1485774": {
        "id": "V1485774",
        "indicator": "F",
        "type": "BE",
        "word": "BE",
        "roles": {
          "NEUTRAL": "#V1485892",
          "NEUTRAL1": "#V1486553",
          "TENSE": "PAST",
          "LEX": "WAS",
          "WNSENSE": "be%2:42:06::"
        },
        "start": 17,
        "end": 61
      },
      "V1485892": {
        "id": "V1485892",
        "indicator": "THE",
        "type": "QUANTITY-ABSTR",
        "word": null,
        "roles": {
          "FIGURE": "#V1485764"
        },
        "start": 17,
        "end": 23
      },
      "V1485764": {
        "id": "V1485764",
        "indicator": "PRO",
        "type": "EXPLETIVE",
        "word": null,
        "roles": {
          "PROFORM": "THERE",
          "LEX": "THERE"
        },
        "start": 17,
        "end": 23
      },
      "V1486553": {
        "id": "V1486553",
        "indicator": "THE",
        "type": "QUANTITY-ABSTR",
        "word": null,
        "roles": {
          "FIGURE": "#V1485789"
        },
        "start": 27,
        "end": 61
      },
      "V1485789": {
        "id": "V1485789",
        "indicator": "A",
        "type": "INFO-MEDIUM",
        "word": "ENVELOPE",
        "roles": {
          "LOCATION": "#V1485798",
          "LEX": "ENVELOPE",
          "WNSENSE": "speech%1:10:01"
        },
        "start": 27,
        "end": 61
      },
      "V1485798": {
        "id": "V1485798",
        "indicator": "F",
        "type": "ON",
        "word": "ON",
        "roles": {
          "GROUND": "#V1486442",
          "FIGURE": "#V1485789",
          "LEX": "ON"
        },
        "start": 39,
        "end": 61
      },
      "V1486442": {
        "id": "V1486442",
        "indicator": "THE",
        "type": "QUANTITY-ABSTR",
        "word": null,
        "roles": {
          "FIGURE": "#V1485824"
        },
        "start": 42,
        "end": 61
      },
      "V1485824": {
        "id": "V1485824",
        "indicator": "THE",
        "type": "TABLE",
        "word": "DESK",
        "roles": {
          "ASSOC-POSS": "#V1485819",
          "MOD": "#V1485828",
          "LEX": "DESK",
          "WNSENSE": "desk%1:06:00::"
        },
        "start": 42,
        "end": 61
      },
      "V1485819": {
        "id": "V1485819",
        "indicator": "PRO",
        "type": "PERSON",
        "word": "MY",
        "roles": {
          "LEX": "MY",
          "PROFORM": "MY",
          "WNSENSE": "person%1:03:00"
        },
        "start": 42,
        "end": 61
      },
      "V1485828": {
        "id": "V1485828",
        "indicator": "F",
        "type": "ASSOC-WITH",
        "word": "WITH",
        "roles": {
          "GROUND": "#V1485843",
          "FIGURE": "#V1485824",
          "LEX": "WITH"
        },
        "start": 50,
        "end": 61
      },
      "V1485843": {
        "id": "V1485843",
        "indicator": "BARE",
        "type": "MONEY",
        "word": "CASH",
        "roles": {
          "LEX": "CASH",
          "WNSENSE": "change%1:21:03"
        },
        "start": 56,
        "end": 61
      },
      "root": "#V1486559"
    },
    {
      "V1486036": {
        "id": "V1486036",
        "indicator": "SPEECHACT",
        "type": "SA_IDENTIFY",
        "word": null,
        "roles": {
          "CONTENT": "#V1485982",
          "LEX": "-"
        },
        "start": 0,
        "end": 17
      },
      "V1485982": {
        "id": "V1485982",
        "indicator": "THE",
        "type": "QUANTITY-ABSTR",
        "word": null,
        "roles": {
          "FIGURE": "#V1485757"
        },
        "start": 0,
        "end": 17
      },
      "V1485757": {
        "id": "V1485757",
        "indicator": "THE",
        "type": "MORNING-AM",
        "word": "MORNING",
        "roles": {
          "SCALE": "TIME-LOC-SCALE",
          "MOD": "#V1485751",
          "LEX": "MORNING",
          "WNSENSE": "morning%1:28:00::"
        },
        "start": 0,
        "end": 17
      },
      "V1485751": {
        "id": "V1485751",
        "indicator": "F",
        "type": "SEQUENCE-VAL-NEXT",
        "word": "NEXT",
        "roles": {
          "FIGURE": "#V1485757",
          "SCALE": "RELATIONAL-PROPERTY-SCALE",
          "LEX": "NEXT",
          "WNSENSE": "next%5:00:00:succeeding:00"
        },
        "start": 4,
        "end": 9
      },
      "root": "#V1486036"
    },
    {
      "V1487377": {
        "id": "V1487377",
        "indicator": "SPEECHACT",
        "type": "SA_TELL",
        "word": null,
        "roles": {
          "PUNCTYPE": "DECL",
          "CONTENT": "#V1485774",
          "LEX": "WAS"
        },
        "start": 17,
        "end": 62
      },
      "V1485774": {
        "id": "V1485774",
        "indicator": "F",
        "type": "BE",
        "word": "BE",
        "roles": {
          "NEUTRAL": "#V1485892",
          "NEUTRAL1": "#V1487371",
          "TENSE": "PAST",
          "LEX": "WAS",
          "WNSENSE": "be%2:42:06::"
        },
        "start": 17,
        "end": 61
      },
      "V1485892": {
        "id": "V1485892",
        "indicator": "THE",
        "type": "QUANTITY-ABSTR",
        "word": null,
        "roles": {
          "FIGURE": "#V1485764"
        },
        "start": 17,
        "end": 23
      },
      "V1485764": {
        "id": "V1485764",
        "indicator": "PRO",
        "type": "EXPLETIVE",
        "word": null,
        "roles": {
          "PROFORM": "THERE",
          "LEX": "THERE"
        },
        "start": 17,
        "end": 23
      },
      "V1487371": {
        "id": "V1487371",
        "indicator": "THE",
        "type": "QUANTITY-ABSTR",
        "word": null,
        "roles": {
          "FIGURE": "#V1485789"
        },
        "start": 27,
        "end": 61
      },
      "V1485789": {
        "id": "V1485789",
        "indicator": "A",
        "type": "INFO-MEDIUM",
        "word": "ENVELOPE",
        "roles": {
          "LOCATION": "#V1485798",
          "LEX": "ENVELOPE",
          "WNSENSE": "speech%1:10:01"
        },
        "start": 27,
        "end": 61
      },
      "V1485798": {
        "id": "V1485798",
        "indicator": "F",
        "type": "ON",
        "word": "ON",
        "roles": {
          "GROUND": "#V1487259",
          "FIGURE": "#V1485789",
          "LEX": "ON"
        },
        "start": 39,
        "end": 61
      },
      "V1487259": {
        "id": "V1487259",
        "indicator": "THE",
        "type": "QUANTITY-ABSTR",
        "word": null,
        "roles": {
          "FIGURE": "#V1485824"
        },
        "start": 42,
        "end": 61
      },
      "V1485824": {
        "id": "V1485824",
        "indicator": "THE",
        "type": "TABLE",
        "word": "DESK",
        "roles": {
          "ASSOC-POSS": "#V1485819",
          "MOD": "#V1485828",
          "LEX": "DESK",
          "WNSENSE": "desk%1:06:00::"
        },
        "start": 42,
        "end": 61
      },
      "V1485819": {
        "id": "V1485819",
        "indicator": "PRO",
        "type": "PERSON",
        "word": "MY",
        "roles": {
          "LEX": "MY",
          "PROFORM": "MY",
          "WNSENSE": "person%1:03:00"
        },
        "start": 42,
        "end": 61
      },
      "V1485828": {
        "id": "V1485828",
        "indicator": "F",
        "type": "ASSOC-WITH",
        "word": "WITH",
        "roles": {
          "GROUND": "#V1485920",
          "FIGURE": "#V1485824",
          "LEX": "WITH"
        },
        "start": 50,
        "end": 61
      },
      "V1485920": {
        "id": "V1485920",
        "indicator": "THE",
        "type": "QUANTITY-ABSTR",
        "word": null,
        "roles": {
          "FIGURE": "#V1485843"
        },
        "start": 56,
        "end": 61
      },
      "V1485843": {
        "id": "V1485843",
        "indicator": "BARE",
        "type": "MONEY",
        "word": "CASH",
        "roles": {
          "LEX": "CASH",
          "WNSENSE": "change%1:21:03"
        },
        "start": 56,
        "end": 61
      },
      "root": "#V1487377"
    },
    {
      "V1486038": {
        "id": "V1486038",
        "indicator": "SPEECHACT",
        "type": "SA_IDENTIFY",
        "word": null,
        "roles": {
          "CONTENT": "#V1485757",
          "LEX": "MORNING"
        },
        "start": 0,
        "end": 17
      },
      "V1485757": {
        "id": "V1485757",
        "indicator": "THE",
        "type": "MORNING-AM",
        "word": "MORNING",
        "roles": {
          "SCALE": "TIME-LOC-SCALE",
          "MOD": "#V1485751",
          "LEX": "MORNING",
          "WNSENSE": "morning%1:28:00::"
        },
        "start": 0,
        "end": 17
      },
      "V1485751": {
        "id": "V1485751",
        "indicator": "F",
        "type": "SEQUENCE-VAL-NEXT",
        "word": "NEXT",
        "roles": {
          "FIGURE": "#V1485757",
          "SCALE": "RELATIONAL-PROPERTY-SCALE",
          "LEX": "NEXT",
          "WNSENSE": "next%5:00:00:succeeding:00"
        },
        "start": 4,
        "end": 9
      },
      "root": "#V1486038"
    },
    {
      "V1487377": {
        "id": "V1487377",
        "indicator": "SPEECHACT",
        "type": "SA_TELL",
        "word": null,
        "roles": {
          "PUNCTYPE": "DECL",
          "CONTENT": "#V1485774",
          "LEX": "WAS"
        },
        "start": 17,
        "end": 62
      },
      "V1485774": {
        "id": "V1485774",
        "indicator": "F",
        "type": "BE",
        "word": "BE",
        "roles": {
          "NEUTRAL": "#V1485892",
          "NEUTRAL1": "#V1487371",
          "TENSE": "PAST",
          "LEX": "WAS",
          "WNSENSE": "be%2:42:06::"
        },
        "start": 17,
        "end": 61
      },
      "V1485892": {
        "id": "V1485892",
        "indicator": "THE",
        "type": "QUANTITY-ABSTR",
        "word": null,
        "roles": {
          "FIGURE": "#V1485764"
        },
        "start": 17,
        "end": 23
      },
      "V1485764": {
        "id": "V1485764",
        "indicator": "PRO",
        "type": "EXPLETIVE",
        "word": null,
        "roles": {
          "PROFORM": "THERE",
          "LEX": "THERE"
        },
        "start": 17,
        "end": 23
      },
      "V1487371": {
        "id": "V1487371",
        "indicator": "THE",
        "type": "QUANTITY-ABSTR",
        "word": null,
        "roles": {
          "FIGURE": "#V1485789"
        },
        "start": 27,
        "end": 61
      },
      "V1485789": {
        "id": "V1485789",
        "indicator": "A",
        "type": "INFO-MEDIUM",
        "word": "ENVELOPE",
        "roles": {
          "LOCATION": "#V1485798",
          "LEX": "ENVELOPE",
          "WNSENSE": "speech%1:10:01"
        },
        "start": 27,
        "end": 61
      },
      "V1485798": {
        "id": "V1485798",
        "indicator": "F",
        "type": "ON",
        "word": "ON",
        "roles": {
          "GROUND": "#V1487259",
          "FIGURE": "#V1485789",
          "LEX": "ON"
        },
        "start": 39,
        "end": 61
      },
      "V1487259": {
        "id": "V1487259",
        "indicator": "THE",
        "type": "QUANTITY-ABSTR",
        "word": null,
        "roles": {
          "FIGURE": "#V1485824"
        },
        "start": 42,
        "end": 61
      },
      "V1485824": {
        "id": "V1485824",
        "indicator": "THE",
        "type": "TABLE",
        "word": "DESK",
        "roles": {
          "ASSOC-POSS": "#V1485819",
          "MOD": "#V1485828",
          "LEX": "DESK",
          "WNSENSE": "desk%1:06:00::"
        },
        "start": 42,
        "end": 61
      },
      "V1485819": {
        "id": "V1485819",
        "indicator": "PRO",
        "type": "PERSON",
        "word": "MY",
        "roles": {
          "LEX": "MY",
          "PROFORM": "MY",
          "WNSENSE": "person%1:03:00"
        },
        "start": 42,
        "end": 61
      },
      "V1485828": {
        "id": "V1485828",
        "indicator": "F",
        "type": "ASSOC-WITH",
        "word": "WITH",
        "roles": {
          "GROUND": "#V1485920",
          "FIGURE": "#V1485824",
          "LEX": "WITH"
        },
        "start": 50,
        "end": 61
      },
      "V1485920": {
        "id": "V1485920",
        "indicator": "THE",
        "type": "QUANTITY-ABSTR",
        "word": null,
        "roles": {
          "FIGURE": "#V1485843"
        },
        "start": 56,
        "end": 61
      },
      "V1485843": {
        "id": "V1485843",
        "indicator": "BARE",
        "type": "MONEY",
        "word": "CASH",
        "roles": {
          "LEX": "CASH",
          "WNSENSE": "change%1:21:03"
        },
        "start": 56,
        "end": 61
      },
      "root": "#V1487377"
    },
    {
      "V1486036": {
        "id": "V1486036",
        "indicator": "SPEECHACT",
        "type": "SA_IDENTIFY",
        "word": null,
        "roles": {
          "CONTENT": "#V1485982",
          "LEX": "-"
        },
        "start": 0,
        "end": 17
      },
      "V1485982": {
        "id": "V1485982",
        "indicator": "THE",
        "type": "QUANTITY-ABSTR",
        "word": null,
        "roles": {
          "FIGURE": "#V1485757"
        },
        "start": 0,
        "end": 17
      },
      "V1485757": {
        "id": "V1485757",
        "indicator": "THE",
        "type": "MORNING-AM",
        "word": "MORNING",
        "roles": {
          "SCALE": "TIME-LOC-SCALE",
          "MOD": "#V1485751",
          "LEX": "MORNING",
          "WNSENSE": "morning%1:28:00::"
        },
        "start": 0,
        "end": 17
      },
      "V1485751": {
        "id": "V1485751",
        "indicator": "F",
        "type": "SEQUENCE-VAL-NEXT",
        "word": "NEXT",
        "roles": {
          "FIGURE": "#V1485757",
          "SCALE": "RELATIONAL-PROPERTY-SCALE",
          "LEX": "NEXT",
          "WNSENSE": "next%5:00:00:succeeding:00"
        },
        "start": 4,
        "end": 9
      },
      "root": "#V1486036"
    },
    {
      "V1486572": {
        "id": "V1486572",
        "indicator": "SPEECHACT",
        "type": "SA_TELL",
        "word": null,
        "roles": {
          "PUNCTYPE": "DECL",
          "CONTENT": "#V1485776",
          "LEX": "WAS"
        },
        "start": 17,
        "end": 62
      },
      "V1485776": {
        "id": "V1485776",
        "indicator": "F",
        "type": "EXISTS",
        "word": "BE",
        "roles": {
          "NOROLE": "#V1485764",
          "NEUTRAL": "#V1486553",
          "TENSE": "PAST",
          "LEX": "WAS",
          "WNSENSE": "be%2:42:00::"
        },
        "start": 17,
        "end": 61
      },
      "V1485764": {
        "id": "V1485764",
        "indicator": "PRO",
        "type": "EXPLETIVE",
        "word": null,
        "roles": {
          "PROFORM": "THERE",
          "LEX": "THERE"
        },
        "start": 17,
        "end": 23
      },
      "V1486553": {
        "id": "V1486553",
        "indicator": "THE",
        "type": "QUANTITY-ABSTR",
        "word": null,
        "roles": {
          "FIGURE": "#V1485789"
        },
        "start": 27,
        "end": 61
      },
      "V1485789": {
        "id": "V1485789",
        "indicator": "A",
        "type": "INFO-MEDIUM",
        "word": "ENVELOPE",
        "roles": {
          "LOCATION": "#V1485798",
          "LEX": "ENVELOPE",
          "WNSENSE": "speech%1:10:01"
        },
        "start": 27,
        "end": 61
      },
      "V1485798": {
        "id": "V1485798",
        "indicator": "F",
        "type": "ON",
        "word": "ON",
        "roles": {
          "GROUND": "#V1486442",
          "FIGURE": "#V1485789",
          "LEX": "ON"
        },
        "start": 39,
        "end": 61
      },
      "V1486442": {
        "id": "V1486442",
        "indicator": "THE",
        "type": "QUANTITY-ABSTR",
        "word": null,
        "roles": {
          "FIGURE": "#V1485824"
        },
        "start": 42,
        "end": 61
      },
      "V1485824": {
        "id": "V1485824",
        "indicator": "THE",
        "type": "TABLE",
        "word": "DESK",
        "roles": {
          "ASSOC-POSS": "#V1485819",
          "MOD": "#V1485828",
          "LEX": "DESK",
          "WNSENSE": "desk%1:06:00::"
        },
        "start": 42,
        "end": 61
      },
      "V1485819": {
        "id": "V1485819",
        "indicator": "PRO",
        "type": "PERSON",
        "word": "MY",
        "roles": {
          "LEX": "MY",
          "PROFORM": "MY",
          "WNSENSE": "person%1:03:00"
        },
        "start": 42,
        "end": 61
      },
      "V1485828": {
        "id": "V1485828",
        "indicator": "F",
        "type": "ASSOC-WITH",
        "word": "WITH",
        "roles": {
          "GROUND": "#V1485843",
          "FIGURE": "#V1485824",
          "LEX": "WITH"
        },
        "start": 50,
        "end": 61
      },
      "V1485843": {
        "id": "V1485843",
        "indicator": "BARE",
        "type": "MONEY",
        "word": "CASH",
        "roles": {
          "LEX": "CASH",
          "WNSENSE": "change%1:21:03"
        },
        "start": 56,
        "end": 61
      },
      "root": "#V1486572"
    },
    {
      "V1486038": {
        "id": "V1486038",
        "indicator": "SPEECHACT",
        "type": "SA_IDENTIFY",
        "word": null,
        "roles": {
          "CONTENT": "#V1485757",
          "LEX": "MORNING"
        },
        "start": 0,
        "end": 17
      },
      "V1485757": {
        "id": "V1485757",
        "indicator": "THE",
        "type": "MORNING-AM",
        "word": "MORNING",
        "roles": {
          "SCALE": "TIME-LOC-SCALE",
          "MOD": "#V1485751",
          "LEX": "MORNING",
          "WNSENSE": "morning%1:28:00::"
        },
        "start": 0,
        "end": 17
      },
      "V1485751": {
        "id": "V1485751",
        "indicator": "F",
        "type": "SEQUENCE-VAL-NEXT",
        "word": "NEXT",
        "roles": {
          "FIGURE": "#V1485757",
          "SCALE": "RELATIONAL-PROPERTY-SCALE",
          "LEX": "NEXT",
          "WNSENSE": "next%5:00:00:succeeding:00"
        },
        "start": 4,
        "end": 9
      },
      "root": "#V1486038"
    },
    {
      "V1486572": {
        "id": "V1486572",
        "indicator": "SPEECHACT",
        "type": "SA_TELL",
        "word": null,
        "roles": {
          "PUNCTYPE": "DECL",
          "CONTENT": "#V1485776",
          "LEX": "WAS"
        },
        "start": 17,
        "end": 62
      },
      "V1485776": {
        "id": "V1485776",
        "indicator": "F",
        "type": "EXISTS",
        "word": "BE",
        "roles": {
          "NOROLE": "#V1485764",
          "NEUTRAL": "#V1486553",
          "TENSE": "PAST",
          "LEX": "WAS",
          "WNSENSE": "be%2:42:00::"
        },
        "start": 17,
        "end": 61
      },
      "V1485764": {
        "id": "V1485764",
        "indicator": "PRO",
        "type": "EXPLETIVE",
        "word": null,
        "roles": {
          "PROFORM": "THERE",
          "LEX": "THERE"
        },
        "start": 17,
        "end": 23
      },
      "V1486553": {
        "id": "V1486553",
        "indicator": "THE",
        "type": "QUANTITY-ABSTR",
        "word": null,
        "roles": {
          "FIGURE": "#V1485789"
        },
        "start": 27,
        "end": 61
      },
      "V1485789": {
        "id": "V1485789",
        "indicator": "A",
        "type": "INFO-MEDIUM",
        "word": "ENVELOPE",
        "roles": {
          "LOCATION": "#V1485798",
          "LEX": "ENVELOPE",
          "WNSENSE": "speech%1:10:01"
        },
        "start": 27,
        "end": 61
      },
      "V1485798": {
        "id": "V1485798",
        "indicator": "F",
        "type": "ON",
        "word": "ON",
        "roles": {
          "GROUND": "#V1486442",
          "FIGURE": "#V1485789",
          "LEX": "ON"
        },
        "start": 39,
        "end": 61
      },
      "V1486442": {
        "id": "V1486442",
        "indicator": "THE",
        "type": "QUANTITY-ABSTR",
        "word": null,
        "roles": {
          "FIGURE": "#V1485824"
        },
        "start": 42,
        "end": 61
      },
      "V1485824": {
        "id": "V1485824",
        "indicator": "THE",
        "type": "TABLE",
        "word": "DESK",
        "roles": {
          "ASSOC-POSS": "#V1485819",
          "MOD": "#V1485828",
          "LEX": "DESK",
          "WNSENSE": "desk%1:06:00::"
        },
        "start": 42,
        "end": 61
      },
      "V1485819": {
        "id": "V1485819",
        "indicator": "PRO",
        "type": "PERSON",
        "word": "MY",
        "roles": {
          "LEX": "MY",
          "PROFORM": "MY",
          "WNSENSE": "person%1:03:00"
        },
        "start": 42,
        "end": 61
      },
      "V1485828": {
        "id": "V1485828",
        "indicator": "F",
        "type": "ASSOC-WITH",
        "word": "WITH",
        "roles": {
          "GROUND": "#V1485843",
          "FIGURE": "#V1485824",
          "LEX": "WITH"
        },
        "start": 50,
        "end": 61
      },
      "V1485843": {
        "id": "V1485843",
        "indicator": "BARE",
        "type": "MONEY",
        "word": "CASH",
        "roles": {
          "LEX": "CASH",
          "WNSENSE": "change%1:21:03"
        },
        "start": 56,
        "end": 61
      },
      "root": "#V1486572"
    },
    {
      "V1486036": {
        "id": "V1486036",
        "indicator": "SPEECHACT",
        "type": "SA_IDENTIFY",
        "word": null,
        "roles": {
          "CONTENT": "#V1485982",
          "LEX": "-"
        },
        "start": 0,
        "end": 17
      },
      "V1485982": {
        "id": "V1485982",
        "indicator": "THE",
        "type": "QUANTITY-ABSTR",
        "word": null,
        "roles": {
          "FIGURE": "#V1485757"
        },
        "start": 0,
        "end": 17
      },
      "V1485757": {
        "id": "V1485757",
        "indicator": "THE",
        "type": "MORNING-AM",
        "word": "MORNING",
        "roles": {
          "SCALE": "TIME-LOC-SCALE",
          "MOD": "#V1485751",
          "LEX": "MORNING",
          "WNSENSE": "morning%1:28:00::"
        },
        "start": 0,
        "end": 17
      },
      "V1485751": {
        "id": "V1485751",
        "indicator": "F",
        "type": "SEQUENCE-VAL-NEXT",
        "word": "NEXT",
        "roles": {
          "FIGURE": "#V1485757",
          "SCALE": "RELATIONAL-PROPERTY-SCALE",
          "LEX": "NEXT",
          "WNSENSE": "next%5:00:00:succeeding:00"
        },
        "start": 4,
        "end": 9
      },
      "root": "#V1486036"
    },
    {
      "V1487391": {
        "id": "V1487391",
        "indicator": "SPEECHACT",
        "type": "SA_TELL",
        "word": null,
        "roles": {
          "PUNCTYPE": "DECL",
          "CONTENT": "#V1485776",
          "LEX": "WAS"
        },
        "start": 17,
        "end": 62
      },
      "V1485776": {
        "id": "V1485776",
        "indicator": "F",
        "type": "EXISTS",
        "word": "BE",
        "roles": {
          "NOROLE": "#V1485764",
          "NEUTRAL": "#V1487371",
          "TENSE": "PAST",
          "LEX": "WAS",
          "WNSENSE": "be%2:42:00::"
        },
        "start": 17,
        "end": 61
      },
      "V1485764": {
        "id": "V1485764",
        "indicator": "PRO",
        "type": "EXPLETIVE",
        "word": null,
        "roles": {
          "PROFORM": "THERE",
          "LEX": "THERE"
        },
        "start": 17,
        "end": 23
      },
      "V1487371": {
        "id": "V1487371",
        "indicator": "THE",
        "type": "QUANTITY-ABSTR",
        "word": null,
        "roles": {
          "FIGURE": "#V1485789"
        },
        "start": 27,
        "end": 61
      },
      "V1485789": {
        "id": "V1485789",
        "indicator": "A",
        "type": "INFO-MEDIUM",
        "word": "ENVELOPE",
        "roles": {
          "LOCATION": "#V1485798",
          "LEX": "ENVELOPE",
          "WNSENSE": "speech%1:10:01"
        },
        "start": 27,
        "end": 61
      },
      "V1485798": {
        "id": "V1485798",
        "indicator": "F",
        "type": "ON",
        "word": "ON",
        "roles": {
          "GROUND": "#V1487259",
          "FIGURE": "#V1485789",
          "LEX": "ON"
        },
        "start": 39,
        "end": 61
      },
      "V1487259": {
        "id": "V1487259",
        "indicator": "THE",
        "type": "QUANTITY-ABSTR",
        "word": null,
        "roles": {
          "FIGURE": "#V1485824"
        },
        "start": 42,
        "end": 61
      },
      "V1485824": {
        "id": "V1485824",
        "indicator": "THE",
        "type": "TABLE",
        "word": "DESK",
        "roles": {
          "ASSOC-POSS": "#V1485819",
          "MOD": "#V1485828",
          "LEX": "DESK",
          "WNSENSE": "desk%1:06:00::"
        },
        "start": 42,
        "end": 61
      },
      "V1485819": {
        "id": "V1485819",
        "indicator": "PRO",
        "type": "PERSON",
        "word": "MY",
        "roles": {
          "LEX": "MY",
          "PROFORM": "MY",
          "WNSENSE": "person%1:03:00"
        },
        "start": 42,
        "end": 61
      },
      "V1485828": {
        "id": "V1485828",
        "indicator": "F",
        "type": "ASSOC-WITH",
        "word": "WITH",
        "roles": {
          "GROUND": "#V1485920",
          "FIGURE": "#V1485824",
          "LEX": "WITH"
        },
        "start": 50,
        "end": 61
      },
      "V1485920": {
        "id": "V1485920",
        "indicator": "THE",
        "type": "QUANTITY-ABSTR",
        "word": null,
        "roles": {
          "FIGURE": "#V1485843"
        },
        "start": 56,
        "end": 61
      },
      "V1485843": {
        "id": "V1485843",
        "indicator": "BARE",
        "type": "MONEY",
        "word": "CASH",
        "roles": {
          "LEX": "CASH",
          "WNSENSE": "change%1:21:03"
        },
        "start": 56,
        "end": 61
      },
      "root": "#V1487391"
    },
    {
      "V1486038": {
        "id": "V1486038",
        "indicator": "SPEECHACT",
        "type": "SA_IDENTIFY",
        "word": null,
        "roles": {
          "CONTENT": "#V1485757",
          "LEX": "MORNING"
        },
        "start": 0,
        "end": 17
      },
      "V1485757": {
        "id": "V1485757",
        "indicator": "THE",
        "type": "MORNING-AM",
        "word": "MORNING",
        "roles": {
          "SCALE": "TIME-LOC-SCALE",
          "MOD": "#V1485751",
          "LEX": "MORNING",
          "WNSENSE": "morning%1:28:00::"
        },
        "start": 0,
        "end": 17
      },
      "V1485751": {
        "id": "V1485751",
        "indicator": "F",
        "type": "SEQUENCE-VAL-NEXT",
        "word": "NEXT",
        "roles": {
          "FIGURE": "#V1485757",
          "SCALE": "RELATIONAL-PROPERTY-SCALE",
          "LEX": "NEXT",
          "WNSENSE": "next%5:00:00:succeeding:00"
        },
        "start": 4,
        "end": 9
      },
      "root": "#V1486038"
    },
    {
      "V1487391": {
        "id": "V1487391",
        "indicator": "SPEECHACT",
        "type": "SA_TELL",
        "word": null,
        "roles": {
          "PUNCTYPE": "DECL",
          "CONTENT": "#V1485776",
          "LEX": "WAS"
        },
        "start": 17,
        "end": 62
      },
      "V1485776": {
        "id": "V1485776",
        "indicator": "F",
        "type": "EXISTS",
        "word": "BE",
        "roles": {
          "NOROLE": "#V1485764",
          "NEUTRAL": "#V1487371",
          "TENSE": "PAST",
          "LEX": "WAS",
          "WNSENSE": "be%2:42:00::"
        },
        "start": 17,
        "end": 61
      },
      "V1485764": {
        "id": "V1485764",
        "indicator": "PRO",
        "type": "EXPLETIVE",
        "word": null,
        "roles": {
          "PROFORM": "THERE",
          "LEX": "THERE"
        },
        "start": 17,
        "end": 23
      },
      "V1487371": {
        "id": "V1487371",
        "indicator": "THE",
        "type": "QUANTITY-ABSTR",
        "word": null,
        "roles": {
          "FIGURE": "#V1485789"
        },
        "start": 27,
        "end": 61
      },
      "V1485789": {
        "id": "V1485789",
        "indicator": "A",
        "type": "INFO-MEDIUM",
        "word": "ENVELOPE",
        "roles": {
          "LOCATION": "#V1485798",
          "LEX": "ENVELOPE",
          "WNSENSE": "speech%1:10:01"
        },
        "start": 27,
        "end": 61
      },
      "V1485798": {
        "id": "V1485798",
        "indicator": "F",
        "type": "ON",
        "word": "ON",
        "roles": {
          "GROUND": "#V1487259",
          "FIGURE": "#V1485789",
          "LEX": "ON"
        },
        "start": 39,
        "end": 61
      },
      "V1487259": {
        "id": "V1487259",
        "indicator": "THE",
        "type": "QUANTITY-ABSTR",
        "word": null,
        "roles": {
          "FIGURE": "#V1485824"
        },
        "start": 42,
        "end": 61
      },
      "V1485824": {
        "id": "V1485824",
        "indicator": "THE",
        "type": "TABLE",
        "word": "DESK",
        "roles": {
          "ASSOC-POSS": "#V1485819",
          "MOD": "#V1485828",
          "LEX": "DESK",
          "WNSENSE": "desk%1:06:00::"
        },
        "start": 42,
        "end": 61
      },
      "V1485819": {
        "id": "V1485819",
        "indicator": "PRO",
        "type": "PERSON",
        "word": "MY",
        "roles": {
          "LEX": "MY",
          "PROFORM": "MY",
          "WNSENSE": "person%1:03:00"
        },
        "start": 42,
        "end": 61
      },
      "V1485828": {
        "id": "V1485828",
        "indicator": "F",
        "type": "ASSOC-WITH",
        "word": "WITH",
        "roles": {
          "GROUND": "#V1485920",
          "FIGURE": "#V1485824",
          "LEX": "WITH"
        },
        "start": 50,
        "end": 61
      },
      "V1485920": {
        "id": "V1485920",
        "indicator": "THE",
        "type": "QUANTITY-ABSTR",
        "word": null,
        "roles": {
          "FIGURE": "#V1485843"
        },
        "start": 56,
        "end": 61
      },
      "V1485843": {
        "id": "V1485843",
        "indicator": "BARE",
        "type": "MONEY",
        "word": "CASH",
        "roles": {
          "LEX": "CASH",
          "WNSENSE": "change%1:21:03"
        },
        "start": 56,
        "end": 61
      },
      "root": "#V1487391"
    },
    {
      "V1486036": {
        "id": "V1486036",
        "indicator": "SPEECHACT",
        "type": "SA_IDENTIFY",
        "word": null,
        "roles": {
          "CONTENT": "#V1485982",
          "LEX": "-"
        },
        "start": 0,
        "end": 17
      },
      "V1485982": {
        "id": "V1485982",
        "indicator": "THE",
        "type": "QUANTITY-ABSTR",
        "word": null,
        "roles": {
          "FIGURE": "#V1485757"
        },
        "start": 0,
        "end": 17
      },
      "V1485757": {
        "id": "V1485757",
        "indicator": "THE",
        "type": "MORNING-AM",
        "word": "MORNING",
        "roles": {
          "SCALE": "TIME-LOC-SCALE",
          "MOD": "#V1485751",
          "LEX": "MORNING",
          "WNSENSE": "morning%1:28:00::"
        },
        "start": 0,
        "end": 17
      },
      "V1485751": {
        "id": "V1485751",
        "indicator": "F",
        "type": "SEQUENCE-VAL-NEXT",
        "word": "NEXT",
        "roles": {
          "FIGURE": "#V1485757",
          "SCALE": "RELATIONAL-PROPERTY-SCALE",
          "LEX": "NEXT",
          "WNSENSE": "next%5:00:00:succeeding:00"
        },
        "start": 4,
        "end": 9
      },
      "root": "#V1486036"
    },
    {
      "V1486898": {
        "id": "V1486898",
        "indicator": "SPEECHACT",
        "type": "SA_TELL",
        "word": null,
        "roles": {
          "PUNCTYPE": "DECL",
          "CONTENT": "#V1485774",
          "LEX": "WAS"
        },
        "start": 17,
        "end": 62
      },
      "V1485774": {
        "id": "V1485774",
        "indicator": "F",
        "type": "BE",
        "word": "BE",
        "roles": {
          "NEUTRAL": "#V1485892",
          "NEUTRAL1": "#V1486892",
          "TENSE": "PAST",
          "LEX": "WAS",
          "WNSENSE": "be%2:42:06::"
        },
        "start": 17,
        "end": 61
      },
      "V1485892": {
        "id": "V1485892",
        "indicator": "THE",
        "type": "QUANTITY-ABSTR",
        "word": null,
        "roles": {
          "FIGURE": "#V1485764"
        },
        "start": 17,
        "end": 23
      },
      "V1485764": {
        "id": "V1485764",
        "indicator": "PRO",
        "type": "EXPLETIVE",
        "word": null,
        "roles": {
          "PROFORM": "THERE",
          "LEX": "THERE"
        },
        "start": 17,
        "end": 23
      },
      "V1486892": {
        "id": "V1486892",
        "indicator": "THE",
        "type": "QUANTITY-ABSTR",
        "word": null,
        "roles": {
          "FIGURE": "#V1485789"
        },
        "start": 27,
        "end": 61
      },
      "V1485789": {
        "id": "V1485789",
        "indicator": "A",
        "type": "INFO-MEDIUM",
        "word": "ENVELOPE",
        "roles": {
          "LOCATION": "#V1485798",
          "LEX": "ENVELOPE",
          "WNSENSE": "speech%1:10:01"
        },
        "start": 27,
        "end": 61
      },
      "V1485798": {
        "id": "V1485798",
        "indicator": "F",
        "type": "ON",
        "word": "ON",
        "roles": {
          "GROUND": "#V1485824",
          "FIGURE": "#V1485789",
          "LEX": "ON"
        },
        "start": 39,
        "end": 61
      },
      "V1485824": {
        "id": "V1485824",
        "indicator": "THE",
        "type": "TABLE",
        "word": "DESK",
        "roles": {
          "ASSOC-POSS": "#V1485819",
          "MOD": "#V1485828",
          "LEX": "DESK",
          "WNSENSE": "desk%1:06:00::"
        },
        "start": 42,
        "end": 61
      },
      "V1485819": {
        "id": "V1485819",
        "indicator": "PRO",
        "type": "PERSON",
        "word": "MY",
        "roles": {
          "LEX": "MY",
          "PROFORM": "MY",
          "WNSENSE": "person%1:03:00"
        },
        "start": 42,
        "end": 61
      },
      "V1485828": {
        "id": "V1485828",
        "indicator": "F",
        "type": "ASSOC-WITH",
        "word": "WITH",
        "roles": {
          "GROUND": "#V1485843",
          "FIGURE": "#V1485824",
          "LEX": "WITH"
        },
        "start": 50,
        "end": 61
      },
      "V1485843": {
        "id": "V1485843",
        "indicator": "BARE",
        "type": "MONEY",
        "word": "CASH",
        "roles": {
          "LEX": "CASH",
          "WNSENSE": "change%1:21:03"
        },
        "start": 56,
        "end": 61
      },
      "root": "#V1486898"
    },
    {
      "V1486038": {
        "id": "V1486038",
        "indicator": "SPEECHACT",
        "type": "SA_IDENTIFY",
        "word": null,
        "roles": {
          "CONTENT": "#V1485757",
          "LEX": "MORNING"
        },
        "start": 0,
        "end": 17
      },
      "V1485757": {
        "id": "V1485757",
        "indicator": "THE",
        "type": "MORNING-AM",
        "word": "MORNING",
        "roles": {
          "SCALE": "TIME-LOC-SCALE",
          "MOD": "#V1485751",
          "LEX": "MORNING",
          "WNSENSE": "morning%1:28:00::"
        },
        "start": 0,
        "end": 17
      },
      "V1485751": {
        "id": "V1485751",
        "indicator": "F",
        "type": "SEQUENCE-VAL-NEXT",
        "word": "NEXT",
        "roles": {
          "FIGURE": "#V1485757",
          "SCALE": "RELATIONAL-PROPERTY-SCALE",
          "LEX": "NEXT",
          "WNSENSE": "next%5:00:00:succeeding:00"
        },
        "start": 4,
        "end": 9
      },
      "root": "#V1486038"
    },
    {
      "V1486898": {
        "id": "V1486898",
        "indicator": "SPEECHACT",
        "type": "SA_TELL",
        "word": null,
        "roles": {
          "PUNCTYPE": "DECL",
          "CONTENT": "#V1485774",
          "LEX": "WAS"
        },
        "start": 17,
        "end": 62
      },
      "V1485774": {
        "id": "V1485774",
        "indicator": "F",
        "type": "BE",
        "word": "BE",
        "roles": {
          "NEUTRAL": "#V1485892",
          "NEUTRAL1": "#V1486892",
          "TENSE": "PAST",
          "LEX": "WAS",
          "WNSENSE": "be%2:42:06::"
        },
        "start": 17,
        "end": 61
      },
      "V1485892": {
        "id": "V1485892",
        "indicator": "THE",
        "type": "QUANTITY-ABSTR",
        "word": null,
        "roles": {
          "FIGURE": "#V1485764"
        },
        "start": 17,
        "end": 23
      },
      "V1485764": {
        "id": "V1485764",
        "indicator": "PRO",
        "type": "EXPLETIVE",
        "word": null,
        "roles": {
          "PROFORM": "THERE",
          "LEX": "THERE"
        },
        "start": 17,
        "end": 23
      },
      "V1486892": {
        "id": "V1486892",
        "indicator": "THE",
        "type": "QUANTITY-ABSTR",
        "word": null,
        "roles": {
          "FIGURE": "#V1485789"
        },
        "start": 27,
        "end": 61
      },
      "V1485789": {
        "id": "V1485789",
        "indicator": "A",
        "type": "INFO-MEDIUM",
        "word": "ENVELOPE",
        "roles": {
          "LOCATION": "#V1485798",
          "LEX": "ENVELOPE",
          "WNSENSE": "speech%1:10:01"
        },
        "start": 27,
        "end": 61
      },
      "V1485798": {
        "id": "V1485798",
        "indicator": "F",
        "type": "ON",
        "word": "ON",
        "roles": {
          "GROUND": "#V1485824",
          "FIGURE": "#V1485789",
          "LEX": "ON"
        },
        "start": 39,
        "end": 61
      },
      "V1485824": {
        "id": "V1485824",
        "indicator": "THE",
        "type": "TABLE",
        "word": "DESK",
        "roles": {
          "ASSOC-POSS": "#V1485819",
          "MOD": "#V1485828",
          "LEX": "DESK",
          "WNSENSE": "desk%1:06:00::"
        },
        "start": 42,
        "end": 61
      },
      "V1485819": {
        "id": "V1485819",
        "indicator": "PRO",
        "type": "PERSON",
        "word": "MY",
        "roles": {
          "LEX": "MY",
          "PROFORM": "MY",
          "WNSENSE": "person%1:03:00"
        },
        "start": 42,
        "end": 61
      },
      "V1485828": {
        "id": "V1485828",
        "indicator": "F",
        "type": "ASSOC-WITH",
        "word": "WITH",
        "roles": {
          "GROUND": "#V1485843",
          "FIGURE": "#V1485824",
          "LEX": "WITH"
        },
        "start": 50,
        "end": 61
      },
      "V1485843": {
        "id": "V1485843",
        "indicator": "BARE",
        "type": "MONEY",
        "word": "CASH",
        "roles": {
          "LEX": "CASH",
          "WNSENSE": "change%1:21:03"
        },
        "start": 56,
        "end": 61
      },
      "root": "#V1486898"
    },
    {
      "V1486036": {
        "id": "V1486036",
        "indicator": "SPEECHACT",
        "type": "SA_IDENTIFY",
        "word": null,
        "roles": {
          "CONTENT": "#V1485982",
          "LEX": "-"
        },
        "start": 0,
        "end": 17
      },
      "V1485982": {
        "id": "V1485982",
        "indicator": "THE",
        "type": "QUANTITY-ABSTR",
        "word": null,
        "roles": {
          "FIGURE": "#V1485757"
        },
        "start": 0,
        "end": 17
      },
      "V1485757": {
        "id": "V1485757",
        "indicator": "THE",
        "type": "MORNING-AM",
        "word": "MORNING",
        "roles": {
          "SCALE": "TIME-LOC-SCALE",
          "MOD": "#V1485751",
          "LEX": "MORNING",
          "WNSENSE": "morning%1:28:00::"
        },
        "start": 0,
        "end": 17
      },
      "V1485751": {
        "id": "V1485751",
        "indicator": "F",
        "type": "SEQUENCE-VAL-NEXT",
        "word": "NEXT",
        "roles": {
          "FIGURE": "#V1485757",
          "SCALE": "RELATIONAL-PROPERTY-SCALE",
          "LEX": "NEXT",
          "WNSENSE": "next%5:00:00:succeeding:00"
        },
        "start": 4,
        "end": 9
      },
      "root": "#V1486036"
    },
    {
      "V1487073": {
        "id": "V1487073",
        "indicator": "SPEECHACT",
        "type": "SA_TELL",
        "word": null,
        "roles": {
          "PUNCTYPE": "DECL",
          "CONTENT": "#V1485774",
          "LEX": "WAS"
        },
        "start": 17,
        "end": 62
      },
      "V1485774": {
        "id": "V1485774",
        "indicator": "F",
        "type": "BE",
        "word": "BE",
        "roles": {
          "NEUTRAL": "#V1485892",
          "NEUTRAL1": "#V1487067",
          "TENSE": "PAST",
          "LEX": "WAS",
          "WNSENSE": "be%2:42:06::"
        },
        "start": 17,
        "end": 61
      },
      "V1485892": {
        "id": "V1485892",
        "indicator": "THE",
        "type": "QUANTITY-ABSTR",
        "word": null,
        "roles": {
          "FIGURE": "#V1485764"
        },
        "start": 17,
        "end": 23
      },
      "V1485764": {
        "id": "V1485764",
        "indicator": "PRO",
        "type": "EXPLETIVE",
        "word": null,
        "roles": {
          "PROFORM": "THERE",
          "LEX": "THERE"
        },
        "start": 17,
        "end": 23
      },
      "V1487067": {
        "id": "V1487067",
        "indicator": "THE",
        "type": "QUANTITY-ABSTR",
        "word": null,
        "roles": {
          "FIGURE": "#V1485789"
        },
        "start": 27,
        "end": 61
      },
      "V1485789": {
        "id": "V1485789",
        "indicator": "A",
        "type": "INFO-MEDIUM",
        "word": "ENVELOPE",
        "roles": {
          "MOD": "#V1485800",
          "LEX": "ENVELOPE",
          "WNSENSE": "speech%1:10:01"
        },
        "start": 27,
        "end": 61
      },
      "V1485800": {
        "id": "V1485800",
        "indicator": "F",
        "type": "ASSOC-WITH",
        "word": "ON",
        "roles": {
          "GROUND": "#V1486442",
          "FIGURE": "#V1485789",
          "LEX": "ON",
          "WNSENSE": "on%4:02:00::"
        },
        "start": 39,
        "end": 61
      },
      "V1486442": {
        "id": "V1486442",
        "indicator": "THE",
        "type": "QUANTITY-ABSTR",
        "word": null,
        "roles": {
          "FIGURE": "#V1485824"
        },
        "start": 42,
        "end": 61
      },
      "V1485824": {
        "id": "V1485824",
        "indicator": "THE",
        "type": "TABLE",
        "word": "DESK",
        "roles": {
          "ASSOC-POSS": "#V1485819",
          "MOD": "#V1485828",
          "LEX": "DESK",
          "WNSENSE": "desk%1:06:00::"
        },
        "start": 42,
        "end": 61
      },
      "V1485819": {
        "id": "V1485819",
        "indicator": "PRO",
        "type": "PERSON",
        "word": "MY",
        "roles": {
          "LEX": "MY",
          "PROFORM": "MY",
          "WNSENSE": "person%1:03:00"
        },
        "start": 42,
        "end": 61
      },
      "V1485828": {
        "id": "V1485828",
        "indicator": "F",
        "type": "ASSOC-WITH",
        "word": "WITH",
        "roles": {
          "GROUND": "#V1485843",
          "FIGURE": "#V1485824",
          "LEX": "WITH"
        },
        "start": 50,
        "end": 61
      },
      "V1485843": {
        "id": "V1485843",
        "indicator": "BARE",
        "type": "MONEY",
        "word": "CASH",
        "roles": {
          "LEX": "CASH",
          "WNSENSE": "change%1:21:03"
        },
        "start": 56,
        "end": 61
      },
      "root": "#V1487073"
    },
    {
      "V1486036": {
        "id": "V1486036",
        "indicator": "SPEECHACT",
        "type": "SA_IDENTIFY",
        "word": null,
        "roles": {
          "CONTENT": "#V1485982",
          "LEX": "-"
        },
        "start": 0,
        "end": 17
      },
      "V1485982": {
        "id": "V1485982",
        "indicator": "THE",
        "type": "QUANTITY-ABSTR",
        "word": null,
        "roles": {
          "FIGURE": "#V1485757"
        },
        "start": 0,
        "end": 17
      },
      "V1485757": {
        "id": "V1485757",
        "indicator": "THE",
        "type": "MORNING-AM",
        "word": "MORNING",
        "roles": {
          "SCALE": "TIME-LOC-SCALE",
          "MOD": "#V1485751",
          "LEX": "MORNING",
          "WNSENSE": "morning%1:28:00::"
        },
        "start": 0,
        "end": 17
      },
      "V1485751": {
        "id": "V1485751",
        "indicator": "F",
        "type": "SEQUENCE-VAL-NEXT",
        "word": "NEXT",
        "roles": {
          "FIGURE": "#V1485757",
          "SCALE": "RELATIONAL-PROPERTY-SCALE",
          "LEX": "NEXT",
          "WNSENSE": "next%5:00:00:succeeding:00"
        },
        "start": 4,
        "end": 9
      },
      "root": "#V1486036"
    },
    {
      "V1487722": {
        "id": "V1487722",
        "indicator": "SPEECHACT",
        "type": "SA_TELL",
        "word": null,
        "roles": {
          "PUNCTYPE": "DECL",
          "CONTENT": "#V1485774",
          "LEX": "WAS"
        },
        "start": 17,
        "end": 62
      },
      "V1485774": {
        "id": "V1485774",
        "indicator": "F",
        "type": "BE",
        "word": "BE",
        "roles": {
          "NEUTRAL": "#V1485892",
          "NEUTRAL1": "#V1487716",
          "TENSE": "PAST",
          "LEX": "WAS",
          "WNSENSE": "be%2:42:06::"
        },
        "start": 17,
        "end": 61
      },
      "V1485892": {
        "id": "V1485892",
        "indicator": "THE",
        "type": "QUANTITY-ABSTR",
        "word": null,
        "roles": {
          "FIGURE": "#V1485764"
        },
        "start": 17,
        "end": 23
      },
      "V1485764": {
        "id": "V1485764",
        "indicator": "PRO",
        "type": "EXPLETIVE",
        "word": null,
        "roles": {
          "PROFORM": "THERE",
          "LEX": "THERE"
        },
        "start": 17,
        "end": 23
      },
      "V1487716": {
        "id": "V1487716",
        "indicator": "THE",
        "type": "QUANTITY-ABSTR",
        "word": null,
        "roles": {
          "FIGURE": "#V1485789"
        },
        "start": 27,
        "end": 61
      },
      "V1485789": {
        "id": "V1485789",
        "indicator": "A",
        "type": "INFO-MEDIUM",
        "word": "ENVELOPE",
        "roles": {
          "LOCATION": "#V1485798",
          "LEX": "ENVELOPE",
          "WNSENSE": "speech%1:10:01"
        },
        "start": 27,
        "end": 61
      },
      "V1485798": {
        "id": "V1485798",
        "indicator": "F",
        "type": "ON",
        "word": "ON",
        "roles": {
          "GROUND": "#V1485824",
          "FIGURE": "#V1485789",
          "LEX": "ON"
        },
        "start": 39,
        "end": 61
      },
      "V1485824": {
        "id": "V1485824",
        "indicator": "THE",
        "type": "TABLE",
        "word": "DESK",
        "roles": {
          "ASSOC-POSS": "#V1485819",
          "MOD": "#V1485828",
          "LEX": "DESK",
          "WNSENSE": "desk%1:06:00::"
        },
        "start": 42,
        "end": 61
      },
      "V1485819": {
        "id": "V1485819",
        "indicator": "PRO",
        "type": "PERSON",
        "word": "MY",
        "roles": {
          "LEX": "MY",
          "PROFORM": "MY",
          "WNSENSE": "person%1:03:00"
        },
        "start": 42,
        "end": 61
      },
      "V1485828": {
        "id": "V1485828",
        "indicator": "F",
        "type": "ASSOC-WITH",
        "word": "WITH",
        "roles": {
          "GROUND": "#V1485920",
          "FIGURE": "#V1485824",
          "LEX": "WITH"
        },
        "start": 50,
        "end": 61
      },
      "V1485920": {
        "id": "V1485920",
        "indicator": "THE",
        "type": "QUANTITY-ABSTR",
        "word": null,
        "roles": {
          "FIGURE": "#V1485843"
        },
        "start": 56,
        "end": 61
      },
      "V1485843": {
        "id": "V1485843",
        "indicator": "BARE",
        "type": "MONEY",
        "word": "CASH",
        "roles": {
          "LEX": "CASH",
          "WNSENSE": "change%1:21:03"
        },
        "start": 56,
        "end": 61
      },
      "root": "#V1487722"
    },
    {
      "V1486038": {
        "id": "V1486038",
        "indicator": "SPEECHACT",
        "type": "SA_IDENTIFY",
        "word": null,
        "roles": {
          "CONTENT": "#V1485757",
          "LEX": "MORNING"
        },
        "start": 0,
        "end": 17
      },
      "V1485757": {
        "id": "V1485757",
        "indicator": "THE",
        "type": "MORNING-AM",
        "word": "MORNING",
        "roles": {
          "SCALE": "TIME-LOC-SCALE",
          "MOD": "#V1485751",
          "LEX": "MORNING",
          "WNSENSE": "morning%1:28:00::"
        },
        "start": 0,
        "end": 17
      },
      "V1485751": {
        "id": "V1485751",
        "indicator": "F",
        "type": "SEQUENCE-VAL-NEXT",
        "word": "NEXT",
        "roles": {
          "FIGURE": "#V1485757",
          "SCALE": "RELATIONAL-PROPERTY-SCALE",
          "LEX": "NEXT",
          "WNSENSE": "next%5:00:00:succeeding:00"
        },
        "start": 4,
        "end": 9
      },
      "root": "#V1486038"
    },
    {
      "V1487073": {
        "id": "V1487073",
        "indicator": "SPEECHACT",
        "type": "SA_TELL",
        "word": null,
        "roles": {
          "PUNCTYPE": "DECL",
          "CONTENT": "#V1485774",
          "LEX": "WAS"
        },
        "start": 17,
        "end": 62
      },
      "V1485774": {
        "id": "V1485774",
        "indicator": "F",
        "type": "BE",
        "word": "BE",
        "roles": {
          "NEUTRAL": "#V1485892",
          "NEUTRAL1": "#V1487067",
          "TENSE": "PAST",
          "LEX": "WAS",
          "WNSENSE": "be%2:42:06::"
        },
        "start": 17,
        "end": 61
      },
      "V1485892": {
        "id": "V1485892",
        "indicator": "THE",
        "type": "QUANTITY-ABSTR",
        "word": null,
        "roles": {
          "FIGURE": "#V1485764"
        },
        "start": 17,
        "end": 23
      },
      "V1485764": {
        "id": "V1485764",
        "indicator": "PRO",
        "type": "EXPLETIVE",
        "word": null,
        "roles": {
          "PROFORM": "THERE",
          "LEX": "THERE"
        },
        "start": 17,
        "end": 23
      },
      "V1487067": {
        "id": "V1487067",
        "indicator": "THE",
        "type": "QUANTITY-ABSTR",
        "word": null,
        "roles": {
          "FIGURE": "#V1485789"
        },
        "start": 27,
        "end": 61
      },
      "V1485789": {
        "id": "V1485789",
        "indicator": "A",
        "type": "INFO-MEDIUM",
        "word": "ENVELOPE",
        "roles": {
          "MOD": "#V1485800",
          "LEX": "ENVELOPE",
          "WNSENSE": "speech%1:10:01"
        },
        "start": 27,
        "end": 61
      },
      "V1485800": {
        "id": "V1485800",
        "indicator": "F",
        "type": "ASSOC-WITH",
        "word": "ON",
        "roles": {
          "GROUND": "#V1486442",
          "FIGURE": "#V1485789",
          "LEX": "ON",
          "WNSENSE": "on%4:02:00::"
        },
        "start": 39,
        "end": 61
      },
      "V1486442": {
        "id": "V1486442",
        "indicator": "THE",
        "type": "QUANTITY-ABSTR",
        "word": null,
        "roles": {
          "FIGURE": "#V1485824"
        },
        "start": 42,
        "end": 61
      },
      "V1485824": {
        "id": "V1485824",
        "indicator": "THE",
        "type": "TABLE",
        "word": "DESK",
        "roles": {
          "ASSOC-POSS": "#V1485819",
          "MOD": "#V1485828",
          "LEX": "DESK",
          "WNSENSE": "desk%1:06:00::"
        },
        "start": 42,
        "end": 61
      },
      "V1485819": {
        "id": "V1485819",
        "indicator": "PRO",
        "type": "PERSON",
        "word": "MY",
        "roles": {
          "LEX": "MY",
          "PROFORM": "MY",
          "WNSENSE": "person%1:03:00"
        },
        "start": 42,
        "end": 61
      },
      "V1485828": {
        "id": "V1485828",
        "indicator": "F",
        "type": "ASSOC-WITH",
        "word": "WITH",
        "roles": {
          "GROUND": "#V1485843",
          "FIGURE": "#V1485824",
          "LEX": "WITH"
        },
        "start": 50,
        "end": 61
      },
      "V1485843": {
        "id": "V1485843",
        "indicator": "BARE",
        "type": "MONEY",
        "word": "CASH",
        "roles": {
          "LEX": "CASH",
          "WNSENSE": "change%1:21:03"
        },
        "start": 56,
        "end": 61
      },
      "root": "#V1487073"
    },
    {
      "V1486038": {
        "id": "V1486038",
        "indicator": "SPEECHACT",
        "type": "SA_IDENTIFY",
        "word": null,
        "roles": {
          "CONTENT": "#V1485757",
          "LEX": "MORNING"
        },
        "start": 0,
        "end": 17
      },
      "V1485757": {
        "id": "V1485757",
        "indicator": "THE",
        "type": "MORNING-AM",
        "word": "MORNING",
        "roles": {
          "SCALE": "TIME-LOC-SCALE",
          "MOD": "#V1485751",
          "LEX": "MORNING",
          "WNSENSE": "morning%1:28:00::"
        },
        "start": 0,
        "end": 17
      },
      "V1485751": {
        "id": "V1485751",
        "indicator": "F",
        "type": "SEQUENCE-VAL-NEXT",
        "word": "NEXT",
        "roles": {
          "FIGURE": "#V1485757",
          "SCALE": "RELATIONAL-PROPERTY-SCALE",
          "LEX": "NEXT",
          "WNSENSE": "next%5:00:00:succeeding:00"
        },
        "start": 4,
        "end": 9
      },
      "root": "#V1486038"
    },
    {
      "V1487722": {
        "id": "V1487722",
        "indicator": "SPEECHACT",
        "type": "SA_TELL",
        "word": null,
        "roles": {
          "PUNCTYPE": "DECL",
          "CONTENT": "#V1485774",
          "LEX": "WAS"
        },
        "start": 17,
        "end": 62
      },
      "V1485774": {
        "id": "V1485774",
        "indicator": "F",
        "type": "BE",
        "word": "BE",
        "roles": {
          "NEUTRAL": "#V1485892",
          "NEUTRAL1": "#V1487716",
          "TENSE": "PAST",
          "LEX": "WAS",
          "WNSENSE": "be%2:42:06::"
        },
        "start": 17,
        "end": 61
      },
      "V1485892": {
        "id": "V1485892",
        "indicator": "THE",
        "type": "QUANTITY-ABSTR",
        "word": null,
        "roles": {
          "FIGURE": "#V1485764"
        },
        "start": 17,
        "end": 23
      },
      "V1485764": {
        "id": "V1485764",
        "indicator": "PRO",
        "type": "EXPLETIVE",
        "word": null,
        "roles": {
          "PROFORM": "THERE",
          "LEX": "THERE"
        },
        "start": 17,
        "end": 23
      },
      "V1487716": {
        "id": "V1487716",
        "indicator": "THE",
        "type": "QUANTITY-ABSTR",
        "word": null,
        "roles": {
          "FIGURE": "#V1485789"
        },
        "start": 27,
        "end": 61
      },
      "V1485789": {
        "id": "V1485789",
        "indicator": "A",
        "type": "INFO-MEDIUM",
        "word": "ENVELOPE",
        "roles": {
          "LOCATION": "#V1485798",
          "LEX": "ENVELOPE",
          "WNSENSE": "speech%1:10:01"
        },
        "start": 27,
        "end": 61
      },
      "V1485798": {
        "id": "V1485798",
        "indicator": "F",
        "type": "ON",
        "word": "ON",
        "roles": {
          "GROUND": "#V1485824",
          "FIGURE": "#V1485789",
          "LEX": "ON"
        },
        "start": 39,
        "end": 61
      },
      "V1485824": {
        "id": "V1485824",
        "indicator": "THE",
        "type": "TABLE",
        "word": "DESK",
        "roles": {
          "ASSOC-POSS": "#V1485819",
          "MOD": "#V1485828",
          "LEX": "DESK",
          "WNSENSE": "desk%1:06:00::"
        },
        "start": 42,
        "end": 61
      },
      "V1485819": {
        "id": "V1485819",
        "indicator": "PRO",
        "type": "PERSON",
        "word": "MY",
        "roles": {
          "LEX": "MY",
          "PROFORM": "MY",
          "WNSENSE": "person%1:03:00"
        },
        "start": 42,
        "end": 61
      },
      "V1485828": {
        "id": "V1485828",
        "indicator": "F",
        "type": "ASSOC-WITH",
        "word": "WITH",
        "roles": {
          "GROUND": "#V1485920",
          "FIGURE": "#V1485824",
          "LEX": "WITH"
        },
        "start": 50,
        "end": 61
      },
      "V1485920": {
        "id": "V1485920",
        "indicator": "THE",
        "type": "QUANTITY-ABSTR",
        "word": null,
        "roles": {
          "FIGURE": "#V1485843"
        },
        "start": 56,
        "end": 61
      },
      "V1485843": {
        "id": "V1485843",
        "indicator": "BARE",
        "type": "MONEY",
        "word": "CASH",
        "roles": {
          "LEX": "CASH",
          "WNSENSE": "change%1:21:03"
        },
        "start": 56,
        "end": 61
      },
      "root": "#V1487722"
    },
    {
      "V1486036": {
        "id": "V1486036",
        "indicator": "SPEECHACT",
        "type": "SA_IDENTIFY",
        "word": null,
        "roles": {
          "CONTENT": "#V1485982",
          "LEX": "-"
        },
        "start": 0,
        "end": 17
      },
      "V1485982": {
        "id": "V1485982",
        "indicator": "THE",
        "type": "QUANTITY-ABSTR",
        "word": null,
        "roles": {
          "FIGURE": "#V1485757"
        },
        "start": 0,
        "end": 17
      },
      "V1485757": {
        "id": "V1485757",
        "indicator": "THE",
        "type": "MORNING-AM",
        "word": "MORNING",
        "roles": {
          "SCALE": "TIME-LOC-SCALE",
          "MOD": "#V1485751",
          "LEX": "MORNING",
          "WNSENSE": "morning%1:28:00::"
        },
        "start": 0,
        "end": 17
      },
      "V1485751": {
        "id": "V1485751",
        "indicator": "F",
        "type": "SEQUENCE-VAL-NEXT",
        "word": "NEXT",
        "roles": {
          "FIGURE": "#V1485757",
          "SCALE": "RELATIONAL-PROPERTY-SCALE",
          "LEX": "NEXT",
          "WNSENSE": "next%5:00:00:succeeding:00"
        },
        "start": 4,
        "end": 9
      },
      "root": "#V1486036"
    },
    {
      "V1487895": {
        "id": "V1487895",
        "indicator": "SPEECHACT",
        "type": "SA_TELL",
        "word": null,
        "roles": {
          "PUNCTYPE": "DECL",
          "CONTENT": "#V1485774",
          "LEX": "WAS"
        },
        "start": 17,
        "end": 62
      },
      "V1485774": {
        "id": "V1485774",
        "indicator": "F",
        "type": "BE",
        "word": "BE",
        "roles": {
          "NEUTRAL": "#V1485892",
          "NEUTRAL1": "#V1487889",
          "TENSE": "PAST",
          "LEX": "WAS",
          "WNSENSE": "be%2:42:06::"
        },
        "start": 17,
        "end": 61
      },
      "V1485892": {
        "id": "V1485892",
        "indicator": "THE",
        "type": "QUANTITY-ABSTR",
        "word": null,
        "roles": {
          "FIGURE": "#V1485764"
        },
        "start": 17,
        "end": 23
      },
      "V1485764": {
        "id": "V1485764",
        "indicator": "PRO",
        "type": "EXPLETIVE",
        "word": null,
        "roles": {
          "PROFORM": "THERE",
          "LEX": "THERE"
        },
        "start": 17,
        "end": 23
      },
      "V1487889": {
        "id": "V1487889",
        "indicator": "THE",
        "type": "QUANTITY-ABSTR",
        "word": null,
        "roles": {
          "FIGURE": "#V1485789"
        },
        "start": 27,
        "end": 61
      },
      "V1485789": {
        "id": "V1485789",
        "indicator": "A",
        "type": "INFO-MEDIUM",
        "word": "ENVELOPE",
        "roles": {
          "MOD": "#V1485800",
          "LEX": "ENVELOPE",
          "WNSENSE": "speech%1:10:01"
        },
        "start": 27,
        "end": 61
      },
      "V1485800": {
        "id": "V1485800",
        "indicator": "F",
        "type": "ASSOC-WITH",
        "word": "ON",
        "roles": {
          "GROUND": "#V1487259",
          "FIGURE": "#V1485789",
          "LEX": "ON",
          "WNSENSE": "on%4:02:00::"
        },
        "start": 39,
        "end": 61
      },
      "V1487259": {
        "id": "V1487259",
        "indicator": "THE",
        "type": "QUANTITY-ABSTR",
        "word": null,
        "roles": {
          "FIGURE": "#V1485824"
        },
        "start": 42,
        "end": 61
      },
      "V1485824": {
        "id": "V1485824",
        "indicator": "THE",
        "type": "TABLE",
        "word": "DESK",
        "roles": {
          "ASSOC-POSS": "#V1485819",
          "MOD": "#V1485828",
          "LEX": "DESK",
          "WNSENSE": "desk%1:06:00::"
        },
        "start": 42,
        "end": 61
      },
      "V1485819": {
        "id": "V1485819",
        "indicator": "PRO",
        "type": "PERSON",
        "word": "MY",
        "roles": {
          "LEX": "MY",
          "PROFORM": "MY",
          "WNSENSE": "person%1:03:00"
        },
        "start": 42,
        "end": 61
      },
      "V1485828": {
        "id": "V1485828",
        "indicator": "F",
        "type": "ASSOC-WITH",
        "word": "WITH",
        "roles": {
          "GROUND": "#V1485920",
          "FIGURE": "#V1485824",
          "LEX": "WITH"
        },
        "start": 50,
        "end": 61
      },
      "V1485920": {
        "id": "V1485920",
        "indicator": "THE",
        "type": "QUANTITY-ABSTR",
        "word": null,
        "roles": {
          "FIGURE": "#V1485843"
        },
        "start": 56,
        "end": 61
      },
      "V1485843": {
        "id": "V1485843",
        "indicator": "BARE",
        "type": "MONEY",
        "word": "CASH",
        "roles": {
          "LEX": "CASH",
          "WNSENSE": "change%1:21:03"
        },
        "start": 56,
        "end": 61
      },
      "root": "#V1487895"
    },
    {
      "V1486038": {
        "id": "V1486038",
        "indicator": "SPEECHACT",
        "type": "SA_IDENTIFY",
        "word": null,
        "roles": {
          "CONTENT": "#V1485757",
          "LEX": "MORNING"
        },
        "start": 0,
        "end": 17
      },
      "V1485757": {
        "id": "V1485757",
        "indicator": "THE",
        "type": "MORNING-AM",
        "word": "MORNING",
        "roles": {
          "SCALE": "TIME-LOC-SCALE",
          "MOD": "#V1485751",
          "LEX": "MORNING",
          "WNSENSE": "morning%1:28:00::"
        },
        "start": 0,
        "end": 17
      },
      "V1485751": {
        "id": "V1485751",
        "indicator": "F",
        "type": "SEQUENCE-VAL-NEXT",
        "word": "NEXT",
        "roles": {
          "FIGURE": "#V1485757",
          "SCALE": "RELATIONAL-PROPERTY-SCALE",
          "LEX": "NEXT",
          "WNSENSE": "next%5:00:00:succeeding:00"
        },
        "start": 4,
        "end": 9
      },
      "root": "#V1486038"
    },
    {
      "V1487895": {
        "id": "V1487895",
        "indicator": "SPEECHACT",
        "type": "SA_TELL",
        "word": null,
        "roles": {
          "PUNCTYPE": "DECL",
          "CONTENT": "#V1485774",
          "LEX": "WAS"
        },
        "start": 17,
        "end": 62
      },
      "V1485774": {
        "id": "V1485774",
        "indicator": "F",
        "type": "BE",
        "word": "BE",
        "roles": {
          "NEUTRAL": "#V1485892",
          "NEUTRAL1": "#V1487889",
          "TENSE": "PAST",
          "LEX": "WAS",
          "WNSENSE": "be%2:42:06::"
        },
        "start": 17,
        "end": 61
      },
      "V1485892": {
        "id": "V1485892",
        "indicator": "THE",
        "type": "QUANTITY-ABSTR",
        "word": null,
        "roles": {
          "FIGURE": "#V1485764"
        },
        "start": 17,
        "end": 23
      },
      "V1485764": {
        "id": "V1485764",
        "indicator": "PRO",
        "type": "EXPLETIVE",
        "word": null,
        "roles": {
          "PROFORM": "THERE",
          "LEX": "THERE"
        },
        "start": 17,
        "end": 23
      },
      "V1487889": {
        "id": "V1487889",
        "indicator": "THE",
        "type": "QUANTITY-ABSTR",
        "word": null,
        "roles": {
          "FIGURE": "#V1485789"
        },
        "start": 27,
        "end": 61
      },
      "V1485789": {
        "id": "V1485789",
        "indicator": "A",
        "type": "INFO-MEDIUM",
        "word": "ENVELOPE",
        "roles": {
          "MOD": "#V1485800",
          "LEX": "ENVELOPE",
          "WNSENSE": "speech%1:10:01"
        },
        "start": 27,
        "end": 61
      },
      "V1485800": {
        "id": "V1485800",
        "indicator": "F",
        "type": "ASSOC-WITH",
        "word": "ON",
        "roles": {
          "GROUND": "#V1487259",
          "FIGURE": "#V1485789",
          "LEX": "ON",
          "WNSENSE": "on%4:02:00::"
        },
        "start": 39,
        "end": 61
      },
      "V1487259": {
        "id": "V1487259",
        "indicator": "THE",
        "type": "QUANTITY-ABSTR",
        "word": null,
        "roles": {
          "FIGURE": "#V1485824"
        },
        "start": 42,
        "end": 61
      },
      "V1485824": {
        "id": "V1485824",
        "indicator": "THE",
        "type": "TABLE",
        "word": "DESK",
        "roles": {
          "ASSOC-POSS": "#V1485819",
          "MOD": "#V1485828",
          "LEX": "DESK",
          "WNSENSE": "desk%1:06:00::"
        },
        "start": 42,
        "end": 61
      },
      "V1485819": {
        "id": "V1485819",
        "indicator": "PRO",
        "type": "PERSON",
        "word": "MY",
        "roles": {
          "LEX": "MY",
          "PROFORM": "MY",
          "WNSENSE": "person%1:03:00"
        },
        "start": 42,
        "end": 61
      },
      "V1485828": {
        "id": "V1485828",
        "indicator": "F",
        "type": "ASSOC-WITH",
        "word": "WITH",
        "roles": {
          "GROUND": "#V1485920",
          "FIGURE": "#V1485824",
          "LEX": "WITH"
        },
        "start": 50,
        "end": 61
      },
      "V1485920": {
        "id": "V1485920",
        "indicator": "THE",
        "type": "QUANTITY-ABSTR",
        "word": null,
        "roles": {
          "FIGURE": "#V1485843"
        },
        "start": 56,
        "end": 61
      },
      "V1485843": {
        "id": "V1485843",
        "indicator": "BARE",
        "type": "MONEY",
        "word": "CASH",
        "roles": {
          "LEX": "CASH",
          "WNSENSE": "change%1:21:03"
        },
        "start": 56,
        "end": 61
      },
      "root": "#V1487895"
    },
    {
      "V1486036": {
        "id": "V1486036",
        "indicator": "SPEECHACT",
        "type": "SA_IDENTIFY",
        "word": null,
        "roles": {
          "CONTENT": "#V1485982",
          "LEX": "-"
        },
        "start": 0,
        "end": 17
      },
      "V1485982": {
        "id": "V1485982",
        "indicator": "THE",
        "type": "QUANTITY-ABSTR",
        "word": null,
        "roles": {
          "FIGURE": "#V1485757"
        },
        "start": 0,
        "end": 17
      },
      "V1485757": {
        "id": "V1485757",
        "indicator": "THE",
        "type": "MORNING-AM",
        "word": "MORNING",
        "roles": {
          "SCALE": "TIME-LOC-SCALE",
          "MOD": "#V1485751",
          "LEX": "MORNING",
          "WNSENSE": "morning%1:28:00::"
        },
        "start": 0,
        "end": 17
      },
      "V1485751": {
        "id": "V1485751",
        "indicator": "F",
        "type": "SEQUENCE-VAL-NEXT",
        "word": "NEXT",
        "roles": {
          "FIGURE": "#V1485757",
          "SCALE": "RELATIONAL-PROPERTY-SCALE",
          "LEX": "NEXT",
          "WNSENSE": "next%5:00:00:succeeding:00"
        },
        "start": 4,
        "end": 9
      },
      "root": "#V1486036"
    },
    {
      "V1486912": {
        "id": "V1486912",
        "indicator": "SPEECHACT",
        "type": "SA_TELL",
        "word": null,
        "roles": {
          "PUNCTYPE": "DECL",
          "CONTENT": "#V1485776",
          "LEX": "WAS"
        },
        "start": 17,
        "end": 62
      },
      "V1485776": {
        "id": "V1485776",
        "indicator": "F",
        "type": "EXISTS",
        "word": "BE",
        "roles": {
          "NOROLE": "#V1485764",
          "NEUTRAL": "#V1486892",
          "TENSE": "PAST",
          "LEX": "WAS",
          "WNSENSE": "be%2:42:00::"
        },
        "start": 17,
        "end": 61
      },
      "V1485764": {
        "id": "V1485764",
        "indicator": "PRO",
        "type": "EXPLETIVE",
        "word": null,
        "roles": {
          "PROFORM": "THERE",
          "LEX": "THERE"
        },
        "start": 17,
        "end": 23
      },
      "V1486892": {
        "id": "V1486892",
        "indicator": "THE",
        "type": "QUANTITY-ABSTR",
        "word": null,
        "roles": {
          "FIGURE": "#V1485789"
        },
        "start": 27,
        "end": 61
      },
      "V1485789": {
        "id": "V1485789",
        "indicator": "A",
        "type": "INFO-MEDIUM",
        "word": "ENVELOPE",
        "roles": {
          "LOCATION": "#V1485798",
          "LEX": "ENVELOPE",
          "WNSENSE": "speech%1:10:01"
        },
        "start": 27,
        "end": 61
      },
      "V1485798": {
        "id": "V1485798",
        "indicator": "F",
        "type": "ON",
        "word": "ON",
        "roles": {
          "GROUND": "#V1485824",
          "FIGURE": "#V1485789",
          "LEX": "ON"
        },
        "start": 39,
        "end": 61
      },
      "V1485824": {
        "id": "V1485824",
        "indicator": "THE",
        "type": "TABLE",
        "word": "DESK",
        "roles": {
          "ASSOC-POSS": "#V1485819",
          "MOD": "#V1485828",
          "LEX": "DESK",
          "WNSENSE": "desk%1:06:00::"
        },
        "start": 42,
        "end": 61
      },
      "V1485819": {
        "id": "V1485819",
        "indicator": "PRO",
        "type": "PERSON",
        "word": "MY",
        "roles": {
          "LEX": "MY",
          "PROFORM": "MY",
          "WNSENSE": "person%1:03:00"
        },
        "start": 42,
        "end": 61
      },
      "V1485828": {
        "id": "V1485828",
        "indicator": "F",
        "type": "ASSOC-WITH",
        "word": "WITH",
        "roles": {
          "GROUND": "#V1485843",
          "FIGURE": "#V1485824",
          "LEX": "WITH"
        },
        "start": 50,
        "end": 61
      },
      "V1485843": {
        "id": "V1485843",
        "indicator": "BARE",
        "type": "MONEY",
        "word": "CASH",
        "roles": {
          "LEX": "CASH",
          "WNSENSE": "change%1:21:03"
        },
        "start": 56,
        "end": 61
      },
      "root": "#V1486912"
    },
    {
      "V1486038": {
        "id": "V1486038",
        "indicator": "SPEECHACT",
        "type": "SA_IDENTIFY",
        "word": null,
        "roles": {
          "CONTENT": "#V1485757",
          "LEX": "MORNING"
        },
        "start": 0,
        "end": 17
      },
      "V1485757": {
        "id": "V1485757",
        "indicator": "THE",
        "type": "MORNING-AM",
        "word": "MORNING",
        "roles": {
          "SCALE": "TIME-LOC-SCALE",
          "MOD": "#V1485751",
          "LEX": "MORNING",
          "WNSENSE": "morning%1:28:00::"
        },
        "start": 0,
        "end": 17
      },
      "V1485751": {
        "id": "V1485751",
        "indicator": "F",
        "type": "SEQUENCE-VAL-NEXT",
        "word": "NEXT",
        "roles": {
          "FIGURE": "#V1485757",
          "SCALE": "RELATIONAL-PROPERTY-SCALE",
          "LEX": "NEXT",
          "WNSENSE": "next%5:00:00:succeeding:00"
        },
        "start": 4,
        "end": 9
      },
      "root": "#V1486038"
    },
    {
      "V1486912": {
        "id": "V1486912",
        "indicator": "SPEECHACT",
        "type": "SA_TELL",
        "word": null,
        "roles": {
          "PUNCTYPE": "DECL",
          "CONTENT": "#V1485776",
          "LEX": "WAS"
        },
        "start": 17,
        "end": 62
      },
      "V1485776": {
        "id": "V1485776",
        "indicator": "F",
        "type": "EXISTS",
        "word": "BE",
        "roles": {
          "NOROLE": "#V1485764",
          "NEUTRAL": "#V1486892",
          "TENSE": "PAST",
          "LEX": "WAS",
          "WNSENSE": "be%2:42:00::"
        },
        "start": 17,
        "end": 61
      },
      "V1485764": {
        "id": "V1485764",
        "indicator": "PRO",
        "type": "EXPLETIVE",
        "word": null,
        "roles": {
          "PROFORM": "THERE",
          "LEX": "THERE"
        },
        "start": 17,
        "end": 23
      },
      "V1486892": {
        "id": "V1486892",
        "indicator": "THE",
        "type": "QUANTITY-ABSTR",
        "word": null,
        "roles": {
          "FIGURE": "#V1485789"
        },
        "start": 27,
        "end": 61
      },
      "V1485789": {
        "id": "V1485789",
        "indicator": "A",
        "type": "INFO-MEDIUM",
        "word": "ENVELOPE",
        "roles": {
          "LOCATION": "#V1485798",
          "LEX": "ENVELOPE",
          "WNSENSE": "speech%1:10:01"
        },
        "start": 27,
        "end": 61
      },
      "V1485798": {
        "id": "V1485798",
        "indicator": "F",
        "type": "ON",
        "word": "ON",
        "roles": {
          "GROUND": "#V1485824",
          "FIGURE": "#V1485789",
          "LEX": "ON"
        },
        "start": 39,
        "end": 61
      },
      "V1485824": {
        "id": "V1485824",
        "indicator": "THE",
        "type": "TABLE",
        "word": "DESK",
        "roles": {
          "ASSOC-POSS": "#V1485819",
          "MOD": "#V1485828",
          "LEX": "DESK",
          "WNSENSE": "desk%1:06:00::"
        },
        "start": 42,
        "end": 61
      },
      "V1485819": {
        "id": "V1485819",
        "indicator": "PRO",
        "type": "PERSON",
        "word": "MY",
        "roles": {
          "LEX": "MY",
          "PROFORM": "MY",
          "WNSENSE": "person%1:03:00"
        },
        "start": 42,
        "end": 61
      },
      "V1485828": {
        "id": "V1485828",
        "indicator": "F",
        "type": "ASSOC-WITH",
        "word": "WITH",
        "roles": {
          "GROUND": "#V1485843",
          "FIGURE": "#V1485824",
          "LEX": "WITH"
        },
        "start": 50,
        "end": 61
      },
      "V1485843": {
        "id": "V1485843",
        "indicator": "BARE",
        "type": "MONEY",
        "word": "CASH",
        "roles": {
          "LEX": "CASH",
          "WNSENSE": "change%1:21:03"
        },
        "start": 56,
        "end": 61
      },
      "root": "#V1486912"
    },
    {
      "V1486036": {
        "id": "V1486036",
        "indicator": "SPEECHACT",
        "type": "SA_IDENTIFY",
        "word": null,
        "roles": {
          "CONTENT": "#V1485982",
          "LEX": "-"
        },
        "start": 0,
        "end": 17
      },
      "V1485982": {
        "id": "V1485982",
        "indicator": "THE",
        "type": "QUANTITY-ABSTR",
        "word": null,
        "roles": {
          "FIGURE": "#V1485757"
        },
        "start": 0,
        "end": 17
      },
      "V1485757": {
        "id": "V1485757",
        "indicator": "THE",
        "type": "MORNING-AM",
        "word": "MORNING",
        "roles": {
          "SCALE": "TIME-LOC-SCALE",
          "MOD": "#V1485751",
          "LEX": "MORNING",
          "WNSENSE": "morning%1:28:00::"
        },
        "start": 0,
        "end": 17
      },
      "V1485751": {
        "id": "V1485751",
        "indicator": "F",
        "type": "SEQUENCE-VAL-NEXT",
        "word": "NEXT",
        "roles": {
          "FIGURE": "#V1485757",
          "SCALE": "RELATIONAL-PROPERTY-SCALE",
          "LEX": "NEXT",
          "WNSENSE": "next%5:00:00:succeeding:00"
        },
        "start": 4,
        "end": 9
      },
      "root": "#V1486036"
    },
    {
      "V1487087": {
        "id": "V1487087",
        "indicator": "SPEECHACT",
        "type": "SA_TELL",
        "word": null,
        "roles": {
          "PUNCTYPE": "DECL",
          "CONTENT": "#V1485776",
          "LEX": "WAS"
        },
        "start": 17,
        "end": 62
      },
      "V1485776": {
        "id": "V1485776",
        "indicator": "F",
        "type": "EXISTS",
        "word": "BE",
        "roles": {
          "NOROLE": "#V1485764",
          "NEUTRAL": "#V1487067",
          "TENSE": "PAST",
          "LEX": "WAS",
          "WNSENSE": "be%2:42:00::"
        },
        "start": 17,
        "end": 61
      },
      "V1485764": {
        "id": "V1485764",
        "indicator": "PRO",
        "type": "EXPLETIVE",
        "word": null,
        "roles": {
          "PROFORM": "THERE",
          "LEX": "THERE"
        },
        "start": 17,
        "end": 23
      },
      "V1487067": {
        "id": "V1487067",
        "indicator": "THE",
        "type": "QUANTITY-ABSTR",
        "word": null,
        "roles": {
          "FIGURE": "#V1485789"
        },
        "start": 27,
        "end": 61
      },
      "V1485789": {
        "id": "V1485789",
        "indicator": "A",
        "type": "INFO-MEDIUM",
        "word": "ENVELOPE",
        "roles": {
          "MOD": "#V1485800",
          "LEX": "ENVELOPE",
          "WNSENSE": "speech%1:10:01"
        },
        "start": 27,
        "end": 61
      },
      "V1485800": {
        "id": "V1485800",
        "indicator": "F",
        "type": "ASSOC-WITH",
        "word": "ON",
        "roles": {
          "GROUND": "#V1486442",
          "FIGURE": "#V1485789",
          "LEX": "ON",
          "WNSENSE": "on%4:02:00::"
        },
        "start": 39,
        "end": 61
      },
      "V1486442": {
        "id": "V1486442",
        "indicator": "THE",
        "type": "QUANTITY-ABSTR",
        "word": null,
        "roles": {
          "FIGURE": "#V1485824"
        },
        "start": 42,
        "end": 61
      },
      "V1485824": {
        "id": "V1485824",
        "indicator": "THE",
        "type": "TABLE",
        "word": "DESK",
        "roles": {
          "ASSOC-POSS": "#V1485819",
          "MOD": "#V1485828",
          "LEX": "DESK",
          "WNSENSE": "desk%1:06:00::"
        },
        "start": 42,
        "end": 61
      },
      "V1485819": {
        "id": "V1485819",
        "indicator": "PRO",
        "type": "PERSON",
        "word": "MY",
        "roles": {
          "LEX": "MY",
          "PROFORM": "MY",
          "WNSENSE": "person%1:03:00"
        },
        "start": 42,
        "end": 61
      },
      "V1485828": {
        "id": "V1485828",
        "indicator": "F",
        "type": "ASSOC-WITH",
        "word": "WITH",
        "roles": {
          "GROUND": "#V1485843",
          "FIGURE": "#V1485824",
          "LEX": "WITH"
        },
        "start": 50,
        "end": 61
      },
      "V1485843": {
        "id": "V1485843",
        "indicator": "BARE",
        "type": "MONEY",
        "word": "CASH",
        "roles": {
          "LEX": "CASH",
          "WNSENSE": "change%1:21:03"
        },
        "start": 56,
        "end": 61
      },
      "root": "#V1487087"
    },
    {
      "V1486036": {
        "id": "V1486036",
        "indicator": "SPEECHACT",
        "type": "SA_IDENTIFY",
        "word": null,
        "roles": {
          "CONTENT": "#V1485982",
          "LEX": "-"
        },
        "start": 0,
        "end": 17
      },
      "V1485982": {
        "id": "V1485982",
        "indicator": "THE",
        "type": "QUANTITY-ABSTR",
        "word": null,
        "roles": {
          "FIGURE": "#V1485757"
        },
        "start": 0,
        "end": 17
      },
      "V1485757": {
        "id": "V1485757",
        "indicator": "THE",
        "type": "MORNING-AM",
        "word": "MORNING",
        "roles": {
          "SCALE": "TIME-LOC-SCALE",
          "MOD": "#V1485751",
          "LEX": "MORNING",
          "WNSENSE": "morning%1:28:00::"
        },
        "start": 0,
        "end": 17
      },
      "V1485751": {
        "id": "V1485751",
        "indicator": "F",
        "type": "SEQUENCE-VAL-NEXT",
        "word": "NEXT",
        "roles": {
          "FIGURE": "#V1485757",
          "SCALE": "RELATIONAL-PROPERTY-SCALE",
          "LEX": "NEXT",
          "WNSENSE": "next%5:00:00:succeeding:00"
        },
        "start": 4,
        "end": 9
      },
      "root": "#V1486036"
    },
    {
      "V1487736": {
        "id": "V1487736",
        "indicator": "SPEECHACT",
        "type": "SA_TELL",
        "word": null,
        "roles": {
          "PUNCTYPE": "DECL",
          "CONTENT": "#V1485776",
          "LEX": "WAS"
        },
        "start": 17,
        "end": 62
      },
      "V1485776": {
        "id": "V1485776",
        "indicator": "F",
        "type": "EXISTS",
        "word": "BE",
        "roles": {
          "NOROLE": "#V1485764",
          "NEUTRAL": "#V1487716",
          "TENSE": "PAST",
          "LEX": "WAS",
          "WNSENSE": "be%2:42:00::"
        },
        "start": 17,
        "end": 61
      },
      "V1485764": {
        "id": "V1485764",
        "indicator": "PRO",
        "type": "EXPLETIVE",
        "word": null,
        "roles": {
          "PROFORM": "THERE",
          "LEX": "THERE"
        },
        "start": 17,
        "end": 23
      },
      "V1487716": {
        "id": "V1487716",
        "indicator": "THE",
        "type": "QUANTITY-ABSTR",
        "word": null,
        "roles": {
          "FIGURE": "#V1485789"
        },
        "start": 27,
        "end": 61
      },
      "V1485789": {
        "id": "V1485789",
        "indicator": "A",
        "type": "INFO-MEDIUM",
        "word": "ENVELOPE",
        "roles": {
          "LOCATION": "#V1485798",
          "LEX": "ENVELOPE",
          "WNSENSE": "speech%1:10:01"
        },
        "start": 27,
        "end": 61
      },
      "V1485798": {
        "id": "V1485798",
        "indicator": "F",
        "type": "ON",
        "word": "ON",
        "roles": {
          "GROUND": "#V1485824",
          "FIGURE": "#V1485789",
          "LEX": "ON"
        },
        "start": 39,
        "end": 61
      },
      "V1485824": {
        "id": "V1485824",
        "indicator": "THE",
        "type": "TABLE",
        "word": "DESK",
        "roles": {
          "ASSOC-POSS": "#V1485819",
          "MOD": "#V1485828",
          "LEX": "DESK",
          "WNSENSE": "desk%1:06:00::"
        },
        "start": 42,
        "end": 61
      },
      "V1485819": {
        "id": "V1485819",
        "indicator": "PRO",
        "type": "PERSON",
        "word": "MY",
        "roles": {
          "LEX": "MY",
          "PROFORM": "MY",
          "WNSENSE": "person%1:03:00"
        },
        "start": 42,
        "end": 61
      },
      "V1485828": {
        "id": "V1485828",
        "indicator": "F",
        "type": "ASSOC-WITH",
        "word": "WITH",
        "roles": {
          "GROUND": "#V1485920",
          "FIGURE": "#V1485824",
          "LEX": "WITH"
        },
        "start": 50,
        "end": 61
      },
      "V1485920": {
        "id": "V1485920",
        "indicator": "THE",
        "type": "QUANTITY-ABSTR",
        "word": null,
        "roles": {
          "FIGURE": "#V1485843"
        },
        "start": 56,
        "end": 61
      },
      "V1485843": {
        "id": "V1485843",
        "indicator": "BARE",
        "type": "MONEY",
        "word": "CASH",
        "roles": {
          "LEX": "CASH",
          "WNSENSE": "change%1:21:03"
        },
        "start": 56,
        "end": 61
      },
      "root": "#V1487736"
    }
  ],
  "inputtags": [],
  "debug": [
    "*last-utt-id*=NIL  utt-id+284",
    "*last-utt-id*=284  utt-id+284",
    "*last-utt-id*=284  utt-id+NIL"
  ]
}
