{
  "parse": [
    {
      "V1056356": {
        "id": "V1056356",
        "indicator": "SPEECHACT",
        "type": "SA_TELL",
        "word": null,
        "roles": {
          "CONTENT": "#V1056080",
          "LEX": "GOT"
        },
        "start": 0,
        "end": 16
      },
      "V1056080": {
        "id": "V1056080",
        "indicator": "F",
        "type": "HAVE-EXPERIENCE",
        "word": "GET",
        "roles": {
          "EXPERIENCER": "#V1056357",
          "NEUTRAL": "#V1056117",
          "TENSE": "PAST",
          "LEX": "GOT",
          "WNSENSE": "get%2:39:00::"
        },
        "start": 0,
        "end": 16
      },
      "V1056357": {
        "id": "V1056357",
        "indicator": "IMPRO",
        "type": "REFERENTIAL-SEM",
        "word": null,
        "roles": {
          "PROFORM": "SUBJ"
        },
        "start": 0,
        "end": 16
      },
      "V1056117": {
        "id": "V1056117",
        "indicator": "BARE",
        "type": "REFERENTIAL-SEM",
        "word": "|...|",
        "roles": {
          "MOD": "#V1056111",
          "LEX": "|...|",
          "WNSENSE": "entity%1:03:00"
        },
        "start": 4,
        "end": 16
      },
      "V1056111": {
        "id": "V1056111",
        "indicator": "F",
        "type": "SITUATION-ROOT",
        "word": "MANSPLAINED",
        "roles": {
          "LEX": "MANSPLAINED"
        },
        "start": 4,
        "end": 16
      },
      "root": "#V1056356"
    }
  ],
  "inputtags": [],
  "debug": [
    "*last-utt-id*=NIL  utt-id+181",
    "*last-utt-id*=181  utt-id+NIL"
  ]
}
