{
  "parse": [
    {
      "V276989": {
        "id": "V276989",
        "indicator": "SPEECHACT",
        "type": "SA_IDENTIFY",
        "word": null,
        "roles": {
          "CONTENT": "#V276911",
          "LEX": "THE"
        },
        "start": 0,
        "end": 11
      },
      "V276911": {
        "id": "V276911",
        "indicator": "THE",
        "type": "REFERENTIAL-SEM",
        "word": null,
        "roles": {
          "MOD": "#V276848",
          "LEX": "THE"
        },
        "start": 0,
        "end": 11
      },
      "V276848": {
        "id": "V276848",
        "indicator": "F",
        "type": "MAX-VAL",
        "word": "LATE",
        "roles": {
          "FIGURE": "#V276911",
          "SCALE": "DOMAIN",
          "LEX": "LATEST",
          "WNSENSE": "best%3:00:00::"
        },
        "start": 4,
        "end": 11
      },
      "root": "#V276989"
    },
    {
      "V277053": {
        "id": "V277053",
        "indicator": "SPEECHACT",
        "type": "SA_IDENTIFY",
        "word": null,
        "roles": {
          "PUNCTYPE": "DECL",
          "CONTENT": "#V277020",
          "LEX": "-"
        },
        "start": 11,
        "end": 43
      },
      "V277020": {
        "id": "V277020",
        "indicator": "THE",
        "type": "QUANTITY-ABSTR",
        "word": null,
        "roles": {
          "FIGURE": "#V276865"
        },
        "start": 11,
        "end": 43
      },
      "V276865": {
        "id": "V276865",
        "indicator": "THE",
        "type": "AREA-DEF-BY-USE",
        "word": "SECTION",
        "roles": {
          "ASSOC-WITH": "#V276862",
          "MOD": "#V276858",
          "LEX": "SECTION",
          "WNSENSE": "section%1:15:01::"
        },
        "start": 11,
        "end": 43
      },
      "V276862": {
        "id": "V276862",
        "indicator": "KIND",
        "type": "EVOKE-AMUSEMENT",
        "word": "ENTERTAINMENT",
        "roles": {
          "LEX": "ENTERTAINMENT",
          "WNSENSE": "entertain%2:41:00"
        },
        "start": 11,
        "end": 43
      },
      "V276858": {
        "id": "V276858",
        "indicator": "F",
        "type": "SPECIFIED-PERIOD-VAL",
        "word": "DAILY",
        "roles": {
          "FIGURE": "#V276865",
          "SCALE": "TEMPORAL-OCCURRENCE-SCALE",
          "LEX": "DAILY",
          "WNSENSE": "daily%5:00:00:periodic:00"
        },
        "start": 15,
        "end": 21
      },
      "root": "#V277053"
    },
    {
      "V276989": {
        "id": "V276989",
        "indicator": "SPEECHACT",
        "type": "SA_IDENTIFY",
        "word": null,
        "roles": {
          "CONTENT": "#V276911",
          "LEX": "THE"
        },
        "start": 0,
        "end": 11
      },
      "V276911": {
        "id": "V276911",
        "indicator": "THE",
        "type": "REFERENTIAL-SEM",
        "word": null,
        "roles": {
          "MOD": "#V276848",
          "LEX": "THE"
        },
        "start": 0,
        "end": 11
      },
      "V276848": {
        "id": "V276848",
        "indicator": "F",
        "type": "MAX-VAL",
        "word": "LATE",
        "roles": {
          "FIGURE": "#V276911",
          "SCALE": "DOMAIN",
          "LEX": "LATEST",
          "WNSENSE": "best%3:00:00::"
        },
        "start": 4,
        "end": 11
      },
      "root": "#V276989"
    },
    {
      "V277051": {
        "id": "V277051",
        "indicator": "SPEECHACT",
        "type": "SA_IDENTIFY",
        "word": null,
        "roles": {
          "PUNCTYPE": "DECL",
          "CONTENT": "#V277015",
          "LEX": "-"
        },
        "start": 11,
        "end": 44
      },
      "V277015": {
        "id": "V277015",
        "indicator": "THE",
        "type": "QUANTITY-ABSTR",
        "word": null,
        "roles": {
          "FIGURE": "#V276866"
        },
        "start": 11,
        "end": 43
      },
      "V276866": {
        "id": "V276866",
        "indicator": "THE",
        "type": "PART",
        "word": "SECTION",
        "roles": {
          "ASSOC-WITH": "#V276862",
          "MOD": "#V276858",
          "LEX": "SECTION",
          "WNSENSE": "section%1:17:00::"
        },
        "start": 11,
        "end": 43
      },
      "V276862": {
        "id": "V276862",
        "indicator": "KIND",
        "type": "EVOKE-AMUSEMENT",
        "word": "ENTERTAINMENT",
        "roles": {
          "LEX": "ENTERTAINMENT",
          "WNSENSE": "entertain%2:41:00"
        },
        "start": 11,
        "end": 43
      },
      "V276858": {
        "id": "V276858",
        "indicator": "F",
        "type": "SPECIFIED-PERIOD-VAL",
        "word": "DAILY",
        "roles": {
          "FIGURE": "#V276866",
          "SCALE": "TEMPORAL-OCCURRENCE-SCALE",
          "LEX": "DAILY",
          "WNSENSE": "daily%5:00:00:periodic:00"
        },
        "start": 15,
        "end": 21
      },
      "root": "#V277051"
    },
    {
      "V276989": {
        "id": "V276989",
        "indicator": "SPEECHACT",
        "type": "SA_IDENTIFY",
        "word": null,
        "roles": {
          "CONTENT": "#V276911",
          "LEX": "THE"
        },
        "start": 0,
        "end": 11
      },
      "V276911": {
        "id": "V276911",
        "indicator": "THE",
        "type": "REFERENTIAL-SEM",
        "word": null,
        "roles": {
          "MOD": "#V276848",
          "LEX": "THE"
        },
        "start": 0,
        "end": 11
      },
      "V276848": {
        "id": "V276848",
        "indicator": "F",
        "type": "MAX-VAL",
        "word": "LATE",
        "roles": {
          "FIGURE": "#V276911",
          "SCALE": "DOMAIN",
          "LEX": "LATEST",
          "WNSENSE": "best%3:00:00::"
        },
        "start": 4,
        "end": 11
      },
      "root": "#V276989"
    },
    {
      "V277049": {
        "id": "V277049",
        "indicator": "SPEECHACT",
        "type": "SA_IDENTIFY",
        "word": null,
        "roles": {
          "PUNCTYPE": "DECL",
          "CONTENT": "#V277010",
          "LEX": "-"
        },
        "start": 11,
        "end": 44
      },
      "V277010": {
        "id": "V277010",
        "indicator": "THE",
        "type": "QUANTITY-ABSTR",
        "word": null,
        "roles": {
          "FIGURE": "#V276865"
        },
        "start": 11,
        "end": 43
      },
      "V276865": {
        "id": "V276865",
        "indicator": "THE",
        "type": "AREA-DEF-BY-USE",
        "word": "SECTION",
        "roles": {
          "ASSOC-WITH": "#V276862",
          "LEX": "SECTION",
          "WNSENSE": "section%1:15:01::"
        },
        "start": 11,
        "end": 43
      },
      "V276862": {
        "id": "V276862",
        "indicator": "KIND",
        "type": "EVOKE-AMUSEMENT",
        "word": "ENTERTAINMENT",
        "roles": {
          "FREQUENCY": "#V276858",
          "LEX": "ENTERTAINMENT",
          "WNSENSE": "entertain%2:41:00"
        },
        "start": 11,
        "end": 43
      },
      "V276858": {
        "id": "V276858",
        "indicator": "F",
        "type": "SPECIFIED-PERIOD-VAL",
        "word": "DAILY",
        "roles": {
          "FIGURE": "#V276862",
          "SCALE": "TEMPORAL-OCCURRENCE-SCALE",
          "LEX": "DAILY",
          "WNSENSE": "daily%5:00:00:periodic:00"
        },
        "start": 15,
        "end": 21
      },
      "root": "#V277049"
    },
    {
      "V276989": {
        "id": "V276989",
        "indicator": "SPEECHACT",
        "type": "SA_IDENTIFY",
        "word": null,
        "roles": {
          "CONTENT": "#V276911",
          "LEX": "THE"
        },
        "start": 0,
        "end": 11
      },
      "V276911": {
        "id": "V276911",
        "indicator": "THE",
        "type": "REFERENTIAL-SEM",
        "word": null,
        "roles": {
          "MOD": "#V276848",
          "LEX": "THE"
        },
        "start": 0,
        "end": 11
      },
      "V276848": {
        "id": "V276848",
        "indicator": "F",
        "type": "MAX-VAL",
        "word": "LATE",
        "roles": {
          "FIGURE": "#V276911",
          "SCALE": "DOMAIN",
          "LEX": "LATEST",
          "WNSENSE": "best%3:00:00::"
        },
        "start": 4,
        "end": 11
      },
      "root": "#V276989"
    },
    {
      "V277047": {
        "id": "V277047",
        "indicator": "SPEECHACT",
        "type": "SA_IDENTIFY",
        "word": null,
        "roles": {
          "PUNCTYPE": "DECL",
          "CONTENT": "#V277005",
          "LEX": "-"
        },
        "start": 11,
        "end": 44
      },
      "V277005": {
        "id": "V277005",
        "indicator": "THE",
        "type": "QUANTITY-ABSTR",
        "word": null,
        "roles": {
          "FIGURE": "#V276866"
        },
        "start": 11,
        "end": 43
      },
      "V276866": {
        "id": "V276866",
        "indicator": "THE",
        "type": "PART",
        "word": "SECTION",
        "roles": {
          "ASSOC-WITH": "#V276862",
          "LEX": "SECTION",
          "WNSENSE": "section%1:17:00::"
        },
        "start": 11,
        "end": 43
      },
      "V276862": {
        "id": "V276862",
        "indicator": "KIND",
        "type": "EVOKE-AMUSEMENT",
        "word": "ENTERTAINMENT",
        "roles": {
          "FREQUENCY": "#V276858",
          "LEX": "ENTERTAINMENT",
          "WNSENSE": "entertain%2:41:00"
        },
        "start": 11,
        "end": 43
      },
      "V276858": {
        "id": "V276858",
        "indicator": "F",
        "type": "SPECIFIED-PERIOD-VAL",
        "word": "DAILY",
        "roles": {
          "FIGURE": "#V276862",
          "SCALE": "TEMPORAL-OCCURRENCE-SCALE",
          "LEX": "DAILY",
          "WNSENSE": "daily%5:00:00:periodic:00"
        },
        "start": 15,
        "end": 21
      },
      "root": "#V277047"
    },
    {
      "V276994": {
        "id": "V276994",
        "indicator": "SPEECHACT",
        "type": "SA_IDENTIFY",
        "word": null,
        "roles": {
          "CONTENT": "#V276943",
          "LEX": "-"
        },
        "start": 0,
        "end": 11
      },
      "V276943": {
        "id": "V276943",
        "indicator": "THE",
        "type": "QUANTITY-ABSTR",
        "word": null,
        "roles": {
          "FIGURE": "#V276911"
        },
        "start": 0,
        "end": 11
      },
      "V276911": {
        "id": "V276911",
        "indicator": "THE",
        "type": "REFERENTIAL-SEM",
        "word": null,
        "roles": {
          "MOD": "#V276848",
          "LEX": "THE"
        },
        "start": 0,
        "end": 11
      },
      "V276848": {
        "id": "V276848",
        "indicator": "F",
        "type": "MAX-VAL",
        "word": "LATE",
        "roles": {
          "FIGURE": "#V276911",
          "SCALE": "DOMAIN",
          "LEX": "LATEST",
          "WNSENSE": "best%3:00:00::"
        },
        "start": 4,
        "end": 11
      },
      "root": "#V276994"
    },
    {
      "V277053": {
        "id": "V277053",
        "indicator": "SPEECHACT",
        "type": "SA_IDENTIFY",
        "word": null,
        "roles": {
          "PUNCTYPE": "DECL",
          "CONTENT": "#V277020",
          "LEX": "-"
        },
        "start": 11,
        "end": 44
      },
      "V277020": {
        "id": "V277020",
        "indicator": "THE",
        "type": "QUANTITY-ABSTR",
        "word": null,
        "roles": {
          "FIGURE": "#V276865"
        },
        "start": 11,
        "end": 43
      },
      "V276865": {
        "id": "V276865",
        "indicator": "THE",
        "type": "AREA-DEF-BY-USE",
        "word": "SECTION",
        "roles": {
          "ASSOC-WITH": "#V276862",
          "MOD": "#V276858",
          "LEX": "SECTION",
          "WNSENSE": "section%1:15:01::"
        },
        "start": 11,
        "end": 43
      },
      "V276862": {
        "id": "V276862",
        "indicator": "KIND",
        "type": "EVOKE-AMUSEMENT",
        "word": "ENTERTAINMENT",
        "roles": {
          "LEX": "ENTERTAINMENT",
          "WNSENSE": "entertain%2:41:00"
        },
        "start": 11,
        "end": 43
      },
      "V276858": {
        "id": "V276858",
        "indicator": "F",
        "type": "SPECIFIED-PERIOD-VAL",
        "word": "DAILY",
        "roles": {
          "FIGURE": "#V276865",
          "SCALE": "TEMPORAL-OCCURRENCE-SCALE",
          "LEX": "DAILY",
          "WNSENSE": "daily%5:00:00:periodic:00"
        },
        "start": 15,
        "end": 21
      },
      "root": "#V277053"
    },
    {
      "V276994": {
        "id": "V276994",
        "indicator": "SPEECHACT",
        "type": "SA_IDENTIFY",
        "word": null,
        "roles": {
          "CONTENT": "#V276943",
          "LEX": "-"
        },
        "start": 0,
        "end": 11
      },
      "V276943": {
        "id": "V276943",
        "indicator": "THE",
        "type": "QUANTITY-ABSTR",
        "word": null,
        "roles": {
          "FIGURE": "#V276911"
        },
        "start": 0,
        "end": 11
      },
      "V276911": {
        "id": "V276911",
        "indicator": "THE",
        "type": "REFERENTIAL-SEM",
        "word": null,
        "roles": {
          "MOD": "#V276848",
          "LEX": "THE"
        },
        "start": 0,
        "end": 11
      },
      "V276848": {
        "id": "V276848",
        "indicator": "F",
        "type": "MAX-VAL",
        "word": "LATE",
        "roles": {
          "FIGURE": "#V276911",
          "SCALE": "DOMAIN",
          "LEX": "LATEST",
          "WNSENSE": "best%3:00:00::"
        },
        "start": 4,
        "end": 11
      },
      "root": "#V276994"
    },
    {
      "V277051": {
        "id": "V277051",
        "indicator": "SPEECHACT",
        "type": "SA_IDENTIFY",
        "word": null,
        "roles": {
          "PUNCTYPE": "DECL",
          "CONTENT": "#V277015",
          "LEX": "-"
        },
        "start": 11,
        "end": 44
      },
      "V277015": {
        "id": "V277015",
        "indicator": "THE",
        "type": "QUANTITY-ABSTR",
        "word": null,
        "roles": {
          "FIGURE": "#V276866"
        },
        "start": 11,
        "end": 43
      },
      "V276866": {
        "id": "V276866",
        "indicator": "THE",
        "type": "PART",
        "word": "SECTION",
        "roles": {
          "ASSOC-WITH": "#V276862",
          "MOD": "#V276858",
          "LEX": "SECTION",
          "WNSENSE": "section%1:17:00::"
        },
        "start": 11,
        "end": 43
      },
      "V276862": {
        "id": "V276862",
        "indicator": "KIND",
        "type": "EVOKE-AMUSEMENT",
        "word": "ENTERTAINMENT",
        "roles": {
          "LEX": "ENTERTAINMENT",
          "WNSENSE": "entertain%2:41:00"
        },
        "start": 11,
        "end": 43
      },
      "V276858": {
        "id": "V276858",
        "indicator": "F",
        "type": "SPECIFIED-PERIOD-VAL",
        "word": "DAILY",
        "roles": {
          "FIGURE": "#V276866",
          "SCALE": "TEMPORAL-OCCURRENCE-SCALE",
          "LEX": "DAILY",
          "WNSENSE": "daily%5:00:00:periodic:00"
        },
        "start": 15,
        "end": 21
      },
      "root": "#V277051"
    },
    {
      "V276994": {
        "id": "V276994",
        "indicator": "SPEECHACT",
        "type": "SA_IDENTIFY",
        "word": null,
        "roles": {
          "CONTENT": "#V276943",
          "LEX": "-"
        },
        "start": 0,
        "end": 11
      },
      "V276943": {
        "id": "V276943",
        "indicator": "THE",
        "type": "QUANTITY-ABSTR",
        "word": null,
        "roles": {
          "FIGURE": "#V276911"
        },
        "start": 0,
        "end": 11
      },
      "V276911": {
        "id": "V276911",
        "indicator": "THE",
        "type": "REFERENTIAL-SEM",
        "word": null,
        "roles": {
          "MOD": "#V276848",
          "LEX": "THE"
        },
        "start": 0,
        "end": 11
      },
      "V276848": {
        "id": "V276848",
        "indicator": "F",
        "type": "MAX-VAL",
        "word": "LATE",
        "roles": {
          "FIGURE": "#V276911",
          "SCALE": "DOMAIN",
          "LEX": "LATEST",
          "WNSENSE": "best%3:00:00::"
        },
        "start": 4,
        "end": 11
      },
      "root": "#V276994"
    },
    {
      "V277049": {
        "id": "V277049",
        "indicator": "SPEECHACT",
        "type": "SA_IDENTIFY",
        "word": null,
        "roles": {
          "PUNCTYPE": "DECL",
          "CONTENT": "#V277010",
          "LEX": "-"
        },
        "start": 11,
        "end": 44
      },
      "V277010": {
        "id": "V277010",
        "indicator": "THE",
        "type": "QUANTITY-ABSTR",
        "word": null,
        "roles": {
          "FIGURE": "#V276865"
        },
        "start": 11,
        "end": 43
      },
      "V276865": {
        "id": "V276865",
        "indicator": "THE",
        "type": "AREA-DEF-BY-USE",
        "word": "SECTION",
        "roles": {
          "ASSOC-WITH": "#V276862",
          "LEX": "SECTION",
          "WNSENSE": "section%1:15:01::"
        },
        "start": 11,
        "end": 43
      },
      "V276862": {
        "id": "V276862",
        "indicator": "KIND",
        "type": "EVOKE-AMUSEMENT",
        "word": "ENTERTAINMENT",
        "roles": {
          "FREQUENCY": "#V276858",
          "LEX": "ENTERTAINMENT",
          "WNSENSE": "entertain%2:41:00"
        },
        "start": 11,
        "end": 43
      },
      "V276858": {
        "id": "V276858",
        "indicator": "F",
        "type": "SPECIFIED-PERIOD-VAL",
        "word": "DAILY",
        "roles": {
          "FIGURE": "#V276862",
          "SCALE": "TEMPORAL-OCCURRENCE-SCALE",
          "LEX": "DAILY",
          "WNSENSE": "daily%5:00:00:periodic:00"
        },
        "start": 15,
        "end": 21
      },
      "root": "#V277049"
    },
    {
      "V276994": {
        "id": "V276994",
        "indicator": "SPEECHACT",
        "type": "SA_IDENTIFY",
        "word": null,
        "roles": {
          "CONTENT": "#V276943",
          "LEX": "-"
        },
        "start": 0,
        "end": 11
      },
      "V276943": {
        "id": "V276943",
        "indicator": "THE",
        "type": "QUANTITY-ABSTR",
        "word": null,
        "roles": {
          "FIGURE": "#V276911"
        },
        "start": 0,
        "end": 11
      },
      "V276911": {
        "id": "V276911",
        "indicator": "THE",
        "type": "REFERENTIAL-SEM",
        "word": null,
        "roles": {
          "MOD": "#V276848",
          "LEX": "THE"
        },
        "start": 0,
        "end": 11
      },
      "V276848": {
        "id": "V276848",
        "indicator": "F",
        "type": "MAX-VAL",
        "word": "LATE",
        "roles": {
          "FIGURE": "#V276911",
          "SCALE": "DOMAIN",
          "LEX": "LATEST",
          "WNSENSE": "best%3:00:00::"
        },
        "start": 4,
        "end": 11
      },
      "root": "#V276994"
    },
    {
      "V277047": {
        "id": "V277047",
        "indicator": "SPEECHACT",
        "type": "SA_IDENTIFY",
        "word": null,
        "roles": {
          "PUNCTYPE": "DECL",
          "CONTENT": "#V277005",
          "LEX": "-"
        },
        "start": 11,
        "end": 44
      },
      "V277005": {
        "id": "V277005",
        "indicator": "THE",
        "type": "QUANTITY-ABSTR",
        "word": null,
        "roles": {
          "FIGURE": "#V276866"
        },
        "start": 11,
        "end": 43
      },
      "V276866": {
        "id": "V276866",
        "indicator": "THE",
        "type": "PART",
        "word": "SECTION",
        "roles": {
          "ASSOC-WITH": "#V276862",
          "LEX": "SECTION",
          "WNSENSE": "section%1:17:00::"
        },
        "start": 11,
        "end": 43
      },
      "V276862": {
        "id": "V276862",
        "indicator": "KIND",
        "type": "EVOKE-AMUSEMENT",
        "word": "ENTERTAINMENT",
        "roles": {
          "FREQUENCY": "#V276858",
          "LEX": "ENTERTAINMENT",
          "WNSENSE": "entertain%2:41:00"
        },
        "start": 11,
        "end": 43
      },
      "V276858": {
        "id": "V276858",
        "indicator": "F",
        "type": "SPECIFIED-PERIOD-VAL",
        "word": "DAILY",
        "roles": {
          "FIGURE": "#V276862",
          "SCALE": "TEMPORAL-OCCURRENCE-SCALE",
          "LEX": "DAILY",
          "WNSENSE": "daily%5:00:00:periodic:00"
        },
        "start": 15,
        "end": 21
      },
      "root": "#V277047"
    },
    {
      "V276989": {
        "id": "V276989",
        "indicator": "SPEECHACT",
        "type": "SA_IDENTIFY",
        "word": null,
        "roles": {
          "CONTENT": "#V276911",
          "LEX": "THE"
        },
        "start": 0,
        "end": 11
      },
      "V276911": {
        "id": "V276911",
        "indicator": "THE",
        "type": "REFERENTIAL-SEM",
        "word": null,
        "roles": {
          "MOD": "#V276848",
          "LEX": "THE"
        },
        "start": 0,
        "end": 11
      },
      "V276848": {
        "id": "V276848",
        "indicator": "F",
        "type": "MAX-VAL",
        "word": "LATE",
        "roles": {
          "FIGURE": "#V276911",
          "SCALE": "DOMAIN",
          "LEX": "LATEST",
          "WNSENSE": "best%3:00:00::"
        },
        "start": 4,
        "end": 11
      },
      "root": "#V276989"
    },
    {
      "V277072": {
        "id": "V277072",
        "indicator": "SPEECHACT",
        "type": "SA_IDENTIFY",
        "word": null,
        "roles": {
          "PUNCTYPE": "DECL",
          "CONTENT": "#V276865",
          "LEX": "SECTION"
        },
        "start": 11,
        "end": 44
      },
      "V276865": {
        "id": "V276865",
        "indicator": "THE",
        "type": "AREA-DEF-BY-USE",
        "word": "SECTION",
        "roles": {
          "ASSOC-WITH": "#V276862",
          "LEX": "SECTION",
          "WNSENSE": "section%1:15:01::"
        },
        "start": 11,
        "end": 43
      },
      "V276862": {
        "id": "V276862",
        "indicator": "KIND",
        "type": "EVOKE-AMUSEMENT",
        "word": "ENTERTAINMENT",
        "roles": {
          "FREQUENCY": "#V276858",
          "LEX": "ENTERTAINMENT",
          "WNSENSE": "entertain%2:41:00"
        },
        "start": 11,
        "end": 43
      },
      "V276858": {
        "id": "V276858",
        "indicator": "F",
        "type": "SPECIFIED-PERIOD-VAL",
        "word": "DAILY",
        "roles": {
          "FIGURE": "#V276862",
          "SCALE": "TEMPORAL-OCCURRENCE-SCALE",
          "LEX": "DAILY",
          "WNSENSE": "daily%5:00:00:periodic:00"
        },
        "start": 15,
        "end": 21
      },
      "root": "#V277072"
    },
    {
      "V276989": {
        "id": "V276989",
        "indicator": "SPEECHACT",
        "type": "SA_IDENTIFY",
        "word": null,
        "roles": {
          "CONTENT": "#V276911",
          "LEX": "THE"
        },
        "start": 0,
        "end": 11
      },
      "V276911": {
        "id": "V276911",
        "indicator": "THE",
        "type": "REFERENTIAL-SEM",
        "word": null,
        "roles": {
          "MOD": "#V276848",
          "LEX": "THE"
        },
        "start": 0,
        "end": 11
      },
      "V276848": {
        "id": "V276848",
        "indicator": "F",
        "type": "MAX-VAL",
        "word": "LATE",
        "roles": {
          "FIGURE": "#V276911",
          "SCALE": "DOMAIN",
          "LEX": "LATEST",
          "WNSENSE": "best%3:00:00::"
        },
        "start": 4,
        "end": 11
      },
      "root": "#V276989"
    },
    {
      "V277070": {
        "id": "V277070",
        "indicator": "SPEECHACT",
        "type": "SA_IDENTIFY",
        "word": null,
        "roles": {
          "PUNCTYPE": "DECL",
          "CONTENT": "#V276866",
          "LEX": "SECTION"
        },
        "start": 11,
        "end": 44
      },
      "V276866": {
        "id": "V276866",
        "indicator": "THE",
        "type": "PART",
        "word": "SECTION",
        "roles": {
          "ASSOC-WITH": "#V276862",
          "LEX": "SECTION",
          "WNSENSE": "section%1:17:00::"
        },
        "start": 11,
        "end": 43
      },
      "V276862": {
        "id": "V276862",
        "indicator": "KIND",
        "type": "EVOKE-AMUSEMENT",
        "word": "ENTERTAINMENT",
        "roles": {
          "FREQUENCY": "#V276858",
          "LEX": "ENTERTAINMENT",
          "WNSENSE": "entertain%2:41:00"
        },
        "start": 11,
        "end": 43
      },
      "V276858": {
        "id": "V276858",
        "indicator": "F",
        "type": "SPECIFIED-PERIOD-VAL",
        "word": "DAILY",
        "roles": {
          "FIGURE": "#V276862",
          "SCALE": "TEMPORAL-OCCURRENCE-SCALE",
          "LEX": "DAILY",
          "WNSENSE": "daily%5:00:00:periodic:00"
        },
        "start": 15,
        "end": 21
      },
      "root": "#V277070"
    },
    {
      "V276989": {
        "id": "V276989",
        "indicator": "SPEECHACT",
        "type": "SA_IDENTIFY",
        "word": null,
        "roles": {
          "CONTENT": "#V276911",
          "LEX": "THE"
        },
        "start": 0,
        "end": 11
      },
      "V276911": {
        "id": "V276911",
        "indicator": "THE",
        "type": "REFERENTIAL-SEM",
        "word": null,
        "roles": {
          "MOD": "#V276848",
          "LEX": "THE"
        },
        "start": 0,
        "end": 11
      },
      "V276848": {
        "id": "V276848",
        "indicator": "F",
        "type": "MAX-VAL",
        "word": "LATE",
        "roles": {
          "FIGURE": "#V276911",
          "SCALE": "DOMAIN",
          "LEX": "LATEST",
          "WNSENSE": "best%3:00:00::"
        },
        "start": 4,
        "end": 11
      },
      "root": "#V276989"
    },
    {
      "V277076": {
        "id": "V277076",
        "indicator": "SPEECHACT",
        "type": "SA_IDENTIFY",
        "word": null,
        "roles": {
          "PUNCTYPE": "DECL",
          "CONTENT": "#V276865",
          "LEX": "SECTION"
        },
        "start": 11,
        "end": 44
      },
      "V276865": {
        "id": "V276865",
        "indicator": "THE",
        "type": "AREA-DEF-BY-USE",
        "word": "SECTION",
        "roles": {
          "ASSOC-WITH": "#V276862",
          "MOD": "#V276858",
          "LEX": "SECTION",
          "WNSENSE": "section%1:15:01::"
        },
        "start": 11,
        "end": 43
      },
      "V276862": {
        "id": "V276862",
        "indicator": "KIND",
        "type": "EVOKE-AMUSEMENT",
        "word": "ENTERTAINMENT",
        "roles": {
          "LEX": "ENTERTAINMENT",
          "WNSENSE": "entertain%2:41:00"
        },
        "start": 11,
        "end": 43
      },
      "V276858": {
        "id": "V276858",
        "indicator": "F",
        "type": "SPECIFIED-PERIOD-VAL",
        "word": "DAILY",
        "roles": {
          "FIGURE": "#V276865",
          "SCALE": "TEMPORAL-OCCURRENCE-SCALE",
          "LEX": "DAILY",
          "WNSENSE": "daily%5:00:00:periodic:00"
        },
        "start": 15,
        "end": 21
      },
      "root": "#V277076"
    },
    {
      "V276989": {
        "id": "V276989",
        "indicator": "SPEECHACT",
        "type": "SA_IDENTIFY",
        "word": null,
        "roles": {
          "CONTENT": "#V276911",
          "LEX": "THE"
        },
        "start": 0,
        "end": 11
      },
      "V276911": {
        "id": "V276911",
        "indicator": "THE",
        "type": "REFERENTIAL-SEM",
        "word": null,
        "roles": {
          "MOD": "#V276848",
          "LEX": "THE"
        },
        "start": 0,
        "end": 11
      },
      "V276848": {
        "id": "V276848",
        "indicator": "F",
        "type": "MAX-VAL",
        "word": "LATE",
        "roles": {
          "FIGURE": "#V276911",
          "SCALE": "DOMAIN",
          "LEX": "LATEST",
          "WNSENSE": "best%3:00:00::"
        },
        "start": 4,
        "end": 11
      },
      "root": "#V276989"
    },
    {
      "V277074": {
        "id": "V277074",
        "indicator": "SPEECHACT",
        "type": "SA_IDENTIFY",
        "word": null,
        "roles": {
          "PUNCTYPE": "DECL",
          "CONTENT": "#V276866",
          "LEX": "SECTION"
        },
        "start": 11,
        "end": 44
      },
      "V276866": {
        "id": "V276866",
        "indicator": "THE",
        "type": "PART",
        "word": "SECTION",
        "roles": {
          "ASSOC-WITH": "#V276862",
          "MOD": "#V276858",
          "LEX": "SECTION",
          "WNSENSE": "section%1:17:00::"
        },
        "start": 11,
        "end": 43
      },
      "V276862": {
        "id": "V276862",
        "indicator": "KIND",
        "type": "EVOKE-AMUSEMENT",
        "word": "ENTERTAINMENT",
        "roles": {
          "LEX": "ENTERTAINMENT",
          "WNSENSE": "entertain%2:41:00"
        },
        "start": 11,
        "end": 43
      },
      "V276858": {
        "id": "V276858",
        "indicator": "F",
        "type": "SPECIFIED-PERIOD-VAL",
        "word": "DAILY",
        "roles": {
          "FIGURE": "#V276866",
          "SCALE": "TEMPORAL-OCCURRENCE-SCALE",
          "LEX": "DAILY",
          "WNSENSE": "daily%5:00:00:periodic:00"
        },
        "start": 15,
        "end": 21
      },
      "root": "#V277074"
    },
    {
      "V276994": {
        "id": "V276994",
        "indicator": "SPEECHACT",
        "type": "SA_IDENTIFY",
        "word": null,
        "roles": {
          "CONTENT": "#V276943",
          "LEX": "-"
        },
        "start": 0,
        "end": 11
      },
      "V276943": {
        "id": "V276943",
        "indicator": "THE",
        "type": "QUANTITY-ABSTR",
        "word": null,
        "roles": {
          "FIGURE": "#V276911"
        },
        "start": 0,
        "end": 11
      },
      "V276911": {
        "id": "V276911",
        "indicator": "THE",
        "type": "REFERENTIAL-SEM",
        "word": null,
        "roles": {
          "MOD": "#V276848",
          "LEX": "THE"
        },
        "start": 0,
        "end": 11
      },
      "V276848": {
        "id": "V276848",
        "indicator": "F",
        "type": "MAX-VAL",
        "word": "LATE",
        "roles": {
          "FIGURE": "#V276911",
          "SCALE": "DOMAIN",
          "LEX": "LATEST",
          "WNSENSE": "best%3:00:00::"
        },
        "start": 4,
        "end": 11
      },
      "root": "#V276994"
    },
    {
      "V277072": {
        "id": "V277072",
        "indicator": "SPEECHACT",
        "type": "SA_IDENTIFY",
        "word": null,
        "roles": {
          "PUNCTYPE": "DECL",
          "CONTENT": "#V276865",
          "LEX": "SECTION"
        },
        "start": 11,
        "end": 44
      },
      "V276865": {
        "id": "V276865",
        "indicator": "THE",
        "type": "AREA-DEF-BY-USE",
        "word": "SECTION",
        "roles": {
          "ASSOC-WITH": "#V276862",
          "LEX": "SECTION",
          "WNSENSE": "section%1:15:01::"
        },
        "start": 11,
        "end": 43
      },
      "V276862": {
        "id": "V276862",
        "indicator": "KIND",
        "type": "EVOKE-AMUSEMENT",
        "word": "ENTERTAINMENT",
        "roles": {
          "FREQUENCY": "#V276858",
          "LEX": "ENTERTAINMENT",
          "WNSENSE": "entertain%2:41:00"
        },
        "start": 11,
        "end": 43
      },
      "V276858": {
        "id": "V276858",
        "indicator": "F",
        "type": "SPECIFIED-PERIOD-VAL",
        "word": "DAILY",
        "roles": {
          "FIGURE": "#V276862",
          "SCALE": "TEMPORAL-OCCURRENCE-SCALE",
          "LEX": "DAILY",
          "WNSENSE": "daily%5:00:00:periodic:00"
        },
        "start": 15,
        "end": 21
      },
      "root": "#V277072"
    },
    {
      "V276994": {
        "id": "V276994",
        "indicator": "SPEECHACT",
        "type": "SA_IDENTIFY",
        "word": null,
        "roles": {
          "CONTENT": "#V276943",
          "LEX": "-"
        },
        "start": 0,
        "end": 11
      },
      "V276943": {
        "id": "V276943",
        "indicator": "THE",
        "type": "QUANTITY-ABSTR",
        "word": null,
        "roles": {
          "FIGURE": "#V276911"
        },
        "start": 0,
        "end": 11
      },
      "V276911": {
        "id": "V276911",
        "indicator": "THE",
        "type": "REFERENTIAL-SEM",
        "word": null,
        "roles": {
          "MOD": "#V276848",
          "LEX": "THE"
        },
        "start": 0,
        "end": 11
      },
      "V276848": {
        "id": "V276848",
        "indicator": "F",
        "type": "MAX-VAL",
        "word": "LATE",
        "roles": {
          "FIGURE": "#V276911",
          "SCALE": "DOMAIN",
          "LEX": "LATEST",
          "WNSENSE": "best%3:00:00::"
        },
        "start": 4,
        "end": 11
      },
      "root": "#V276994"
    },
    {
      "V277070": {
        "id": "V277070",
        "indicator": "SPEECHACT",
        "type": "SA_IDENTIFY",
        "word": null,
        "roles": {
          "PUNCTYPE": "DECL",
          "CONTENT": "#V276866",
          "LEX": "SECTION"
        },
        "start": 11,
        "end": 44
      },
      "V276866": {
        "id": "V276866",
        "indicator": "THE",
        "type": "PART",
        "word": "SECTION",
        "roles": {
          "ASSOC-WITH": "#V276862",
          "LEX": "SECTION",
          "WNSENSE": "section%1:17:00::"
        },
        "start": 11,
        "end": 43
      },
      "V276862": {
        "id": "V276862",
        "indicator": "KIND",
        "type": "EVOKE-AMUSEMENT",
        "word": "ENTERTAINMENT",
        "roles": {
          "FREQUENCY": "#V276858",
          "LEX": "ENTERTAINMENT",
          "WNSENSE": "entertain%2:41:00"
        },
        "start": 11,
        "end": 43
      },
      "V276858": {
        "id": "V276858",
        "indicator": "F",
        "type": "SPECIFIED-PERIOD-VAL",
        "word": "DAILY",
        "roles": {
          "FIGURE": "#V276862",
          "SCALE": "TEMPORAL-OCCURRENCE-SCALE",
          "LEX": "DAILY",
          "WNSENSE": "daily%5:00:00:periodic:00"
        },
        "start": 15,
        "end": 21
      },
      "root": "#V277070"
    },
    {
      "V276994": {
        "id": "V276994",
        "indicator": "SPEECHACT",
        "type": "SA_IDENTIFY",
        "word": null,
        "roles": {
          "CONTENT": "#V276943",
          "LEX": "-"
        },
        "start": 0,
        "end": 11
      },
      "V276943": {
        "id": "V276943",
        "indicator": "THE",
        "type": "QUANTITY-ABSTR",
        "word": null,
        "roles": {
          "FIGURE": "#V276911"
        },
        "start": 0,
        "end": 11
      },
      "V276911": {
        "id": "V276911",
        "indicator": "THE",
        "type": "REFERENTIAL-SEM",
        "word": null,
        "roles": {
          "MOD": "#V276848",
          "LEX": "THE"
        },
        "start": 0,
        "end": 11
      },
      "V276848": {
        "id": "V276848",
        "indicator": "F",
        "type": "MAX-VAL",
        "word": "LATE",
        "roles": {
          "FIGURE": "#V276911",
          "SCALE": "DOMAIN",
          "LEX": "LATEST",
          "WNSENSE": "best%3:00:00::"
        },
        "start": 4,
        "end": 11
      },
      "root": "#V276994"
    },
    {
      "V277076": {
        "id": "V277076",
        "indicator": "SPEECHACT",
        "type": "SA_IDENTIFY",
        "word": null,
        "roles": {
          "PUNCTYPE": "DECL",
          "CONTENT": "#V276865",
          "LEX": "SECTION"
        },
        "start": 11,
        "end": 44
      },
      "V276865": {
        "id": "V276865",
        "indicator": "THE",
        "type": "AREA-DEF-BY-USE",
        "word": "SECTION",
        "roles": {
          "ASSOC-WITH": "#V276862",
          "MOD": "#V276858",
          "LEX": "SECTION",
          "WNSENSE": "section%1:15:01::"
        },
        "start": 11,
        "end": 43
      },
      "V276862": {
        "id": "V276862",
        "indicator": "KIND",
        "type": "EVOKE-AMUSEMENT",
        "word": "ENTERTAINMENT",
        "roles": {
          "LEX": "ENTERTAINMENT",
          "WNSENSE": "entertain%2:41:00"
        },
        "start": 11,
        "end": 43
      },
      "V276858": {
        "id": "V276858",
        "indicator": "F",
        "type": "SPECIFIED-PERIOD-VAL",
        "word": "DAILY",
        "roles": {
          "FIGURE": "#V276865",
          "SCALE": "TEMPORAL-OCCURRENCE-SCALE",
          "LEX": "DAILY",
          "WNSENSE": "daily%5:00:00:periodic:00"
        },
        "start": 15,
        "end": 21
      },
      "root": "#V277076"
    },
    {
      "V276994": {
        "id": "V276994",
        "indicator": "SPEECHACT",
        "type": "SA_IDENTIFY",
        "word": null,
        "roles": {
          "CONTENT": "#V276943",
          "LEX": "-"
        },
        "start": 0,
        "end": 11
      },
      "V276943": {
        "id": "V276943",
        "indicator": "THE",
        "type": "QUANTITY-ABSTR",
        "word": null,
        "roles": {
          "FIGURE": "#V276911"
        },
        "start": 0,
        "end": 11
      },
      "V276911": {
        "id": "V276911",
        "indicator": "THE",
        "type": "REFERENTIAL-SEM",
        "word": null,
        "roles": {
          "MOD": "#V276848",
          "LEX": "THE"
        },
        "start": 0,
        "end": 11
      },
      "V276848": {
        "id": "V276848",
        "indicator": "F",
        "type": "MAX-VAL",
        "word": "LATE",
        "roles": {
          "FIGURE": "#V276911",
          "SCALE": "DOMAIN",
          "LEX": "LATEST",
          "WNSENSE": "best%3:00:00::"
        },
        "start": 4,
        "end": 11
      },
      "root": "#V276994"
    },
    {
      "V277074": {
        "id": "V277074",
        "indicator": "SPEECHACT",
        "type": "SA_IDENTIFY",
        "word": null,
        "roles": {
          "PUNCTYPE": "DECL",
          "CONTENT": "#V276866",
          "LEX": "SECTION"
        },
        "start": 11,
        "end": 44
      },
      "V276866": {
        "id": "V276866",
        "indicator": "THE",
        "type": "PART",
        "word": "SECTION",
        "roles": {
          "ASSOC-WITH": "#V276862",
          "MOD": "#V276858",
          "LEX": "SECTION",
          "WNSENSE": "section%1:17:00::"
        },
        "start": 11,
        "end": 43
      },
      "V276862": {
        "id": "V276862",
        "indicator": "KIND",
        "type": "EVOKE-AMUSEMENT",
        "word": "ENTERTAINMENT",
        "roles": {
          "LEX": "ENTERTAINMENT",
          "WNSENSE": "entertain%2:41:00"
        },
        "start": 11,
        "end": 43
      },
      "V276858": {
        "id": "V276858",
        "indicator": "F",
        "type": "SPECIFIED-PERIOD-VAL",
        "word": "DAILY",
        "roles": {
          "FIGURE": "#V276866",
          "SCALE": "TEMPORAL-OCCURRENCE-SCALE",
          "LEX": "DAILY",
          "WNSENSE": "daily%5:00:00:periodic:00"
        },
        "start": 15,
        "end": 21
      },
      "root": "#V277074"
    },
    {
      "V277029": {
        "id": "V277029",
        "indicator": "SPEECHACT",
        "type": "SA_IDENTIFY",
        "word": null,
        "roles": {
          "CONTENT": "#V276974",
          "LEX": "-"
        },
        "start": 0,
        "end": 11
      },
      "V276974": {
        "id": "V276974",
        "indicator": "THE",
        "type": "QUANTITY-ABSTR",
        "word": null,
        "roles": {
          "FIGURE": "#V276911"
        },
        "start": 0,
        "end": 11
      },
      "V276911": {
        "id": "V276911",
        "indicator": "THE",
        "type": "REFERENTIAL-SEM",
        "word": null,
        "roles": {
          "MOD": "#V276848",
          "LEX": "THE"
        },
        "start": 0,
        "end": 11
      },
      "V276848": {
        "id": "V276848",
        "indicator": "F",
        "type": "MAX-VAL",
        "word": "LATE",
        "roles": {
          "FIGURE": "#V276911",
          "SCALE": "DOMAIN",
          "LEX": "LATEST",
          "WNSENSE": "best%3:00:00::"
        },
        "start": 4,
        "end": 11
      },
      "root": "#V277029"
    },
    {
      "V277053": {
        "id": "V277053",
        "indicator": "SPEECHACT",
        "type": "SA_IDENTIFY",
        "word": null,
        "roles": {
          "PUNCTYPE": "DECL",
          "CONTENT": "#V277020",
          "LEX": "-"
        },
        "start": 11,
        "end": 44
      },
      "V277020": {
        "id": "V277020",
        "indicator": "THE",
        "type": "QUANTITY-ABSTR",
        "word": null,
        "roles": {
          "FIGURE": "#V276865"
        },
        "start": 11,
        "end": 43
      },
      "V276865": {
        "id": "V276865",
        "indicator": "THE",
        "type": "AREA-DEF-BY-USE",
        "word": "SECTION",
        "roles": {
          "ASSOC-WITH": "#V276862",
          "MOD": "#V276858",
          "LEX": "SECTION",
          "WNSENSE": "section%1:15:01::"
        },
        "start": 11,
        "end": 43
      },
      "V276862": {
        "id": "V276862",
        "indicator": "KIND",
        "type": "EVOKE-AMUSEMENT",
        "word": "ENTERTAINMENT",
        "roles": {
          "LEX": "ENTERTAINMENT",
          "WNSENSE": "entertain%2:41:00"
        },
        "start": 11,
        "end": 43
      },
      "V276858": {
        "id": "V276858",
        "indicator": "F",
        "type": "SPECIFIED-PERIOD-VAL",
        "word": "DAILY",
        "roles": {
          "FIGURE": "#V276865",
          "SCALE": "TEMPORAL-OCCURRENCE-SCALE",
          "LEX": "DAILY",
          "WNSENSE": "daily%5:00:00:periodic:00"
        },
        "start": 15,
        "end": 21
      },
      "root": "#V277053"
    },
    {
      "V277029": {
        "id": "V277029",
        "indicator": "SPEECHACT",
        "type": "SA_IDENTIFY",
        "word": null,
        "roles": {
          "CONTENT": "#V276974",
          "LEX": "-"
        },
        "start": 0,
        "end": 11
      },
      "V276974": {
        "id": "V276974",
        "indicator": "THE",
        "type": "QUANTITY-ABSTR",
        "word": null,
        "roles": {
          "FIGURE": "#V276911"
        },
        "start": 0,
        "end": 11
      },
      "V276911": {
        "id": "V276911",
        "indicator": "THE",
        "type": "REFERENTIAL-SEM",
        "word": null,
        "roles": {
          "MOD": "#V276848",
          "LEX": "THE"
        },
        "start": 0,
        "end": 11
      },
      "V276848": {
        "id": "V276848",
        "indicator": "F",
        "type": "MAX-VAL",
        "word": "LATE",
        "roles": {
          "FIGURE": "#V276911",
          "SCALE": "DOMAIN",
          "LEX": "LATEST",
          "WNSENSE": "best%3:00:00::"
        },
        "start": 4,
        "end": 11
      },
      "root": "#V277029"
    },
    {
      "V277051": {
        "id": "V277051",
        "indicator": "SPEECHACT",
        "type": "SA_IDENTIFY",
        "word": null,
        "roles": {
          "PUNCTYPE": "DECL",
          "CONTENT": "#V277015",
          "LEX": "-"
        },
        "start": 11,
        "end": 44
      },
      "V277015": {
        "id": "V277015",
        "indicator": "THE",
        "type": "QUANTITY-ABSTR",
        "word": null,
        "roles": {
          "FIGURE": "#V276866"
        },
        "start": 11,
        "end": 43
      },
      "V276866": {
        "id": "V276866",
        "indicator": "THE",
        "type": "PART",
        "word": "SECTION",
        "roles": {
          "ASSOC-WITH": "#V276862",
          "MOD": "#V276858",
          "LEX": "SECTION",
          "WNSENSE": "section%1:17:00::"
        },
        "start": 11,
        "end": 43
      },
      "V276862": {
        "id": "V276862",
        "indicator": "KIND",
        "type": "EVOKE-AMUSEMENT",
        "word": "ENTERTAINMENT",
        "roles": {
          "LEX": "ENTERTAINMENT",
          "WNSENSE": "entertain%2:41:00"
        },
        "start": 11,
        "end": 43
      },
      "V276858": {
        "id": "V276858",
        "indicator": "F",
        "type": "SPECIFIED-PERIOD-VAL",
        "word": "DAILY",
        "roles": {
          "FIGURE": "#V276866",
          "SCALE": "TEMPORAL-OCCURRENCE-SCALE",
          "LEX": "DAILY",
          "WNSENSE": "daily%5:00:00:periodic:00"
        },
        "start": 15,
        "end": 21
      },
      "root": "#V277051"
    },
    {
      "V277029": {
        "id": "V277029",
        "indicator": "SPEECHACT",
        "type": "SA_IDENTIFY",
        "word": null,
        "roles": {
          "CONTENT": "#V276974",
          "LEX": "-"
        },
        "start": 0,
        "end": 11
      },
      "V276974": {
        "id": "V276974",
        "indicator": "THE",
        "type": "QUANTITY-ABSTR",
        "word": null,
        "roles": {
          "FIGURE": "#V276911"
        },
        "start": 0,
        "end": 11
      },
      "V276911": {
        "id": "V276911",
        "indicator": "THE",
        "type": "REFERENTIAL-SEM",
        "word": null,
        "roles": {
          "MOD": "#V276848",
          "LEX": "THE"
        },
        "start": 0,
        "end": 11
      },
      "V276848": {
        "id": "V276848",
        "indicator": "F",
        "type": "MAX-VAL",
        "word": "LATE",
        "roles": {
          "FIGURE": "#V276911",
          "SCALE": "DOMAIN",
          "LEX": "LATEST",
          "WNSENSE": "best%3:00:00::"
        },
        "start": 4,
        "end": 11
      },
      "root": "#V277029"
    },
    {
      "V277049": {
        "id": "V277049",
        "indicator": "SPEECHACT",
        "type": "SA_IDENTIFY",
        "word": null,
        "roles": {
          "PUNCTYPE": "DECL",
          "CONTENT": "#V277010",
          "LEX": "-"
        },
        "start": 11,
        "end": 44
      },
      "V277010": {
        "id": "V277010",
        "indicator": "THE",
        "type": "QUANTITY-ABSTR",
        "word": null,
        "roles": {
          "FIGURE": "#V276865"
        },
        "start": 11,
        "end": 43
      },
      "V276865": {
        "id": "V276865",
        "indicator": "THE",
        "type": "AREA-DEF-BY-USE",
        "word": "SECTION",
        "roles": {
          "ASSOC-WITH": "#V276862",
          "LEX": "SECTION",
          "WNSENSE": "section%1:15:01::"
        },
        "start": 11,
        "end": 43
      },
      "V276862": {
        "id": "V276862",
        "indicator": "KIND",
        "type": "EVOKE-AMUSEMENT",
        "word": "ENTERTAINMENT",
        "roles": {
          "FREQUENCY": "#V276858",
          "LEX": "ENTERTAINMENT",
          "WNSENSE": "entertain%2:41:00"
        },
        "start": 11,
        "end": 43
      },
      "V276858": {
        "id": "V276858",
        "indicator": "F",
        "type": "SPECIFIED-PERIOD-VAL",
        "word": "DAILY",
        "roles": {
          "FIGURE": "#V276862",
          "SCALE": "TEMPORAL-OCCURRENCE-SCALE",
          "LEX": "DAILY",
          "WNSENSE": "daily%5:00:00:periodic:00"
        },
        "start": 15,
        "end": 21
      },
      "root": "#V277049"
    },
    {
      "V277029": {
        "id": "V277029",
        "indicator": "SPEECHACT",
        "type": "SA_IDENTIFY",
        "word": null,
        "roles": {
          "CONTENT": "#V276974",
          "LEX": "-"
        },
        "start": 0,
        "end": 11
      },
      "V276974": {
        "id": "V276974",
        "indicator": "THE",
        "type": "QUANTITY-ABSTR",
        "word": null,
        "roles": {
          "FIGURE": "#V276911"
        },
        "start": 0,
        "end": 11
      },
      "V276911": {
        "id": "V276911",
        "indicator": "THE",
        "type": "REFERENTIAL-SEM",
        "word": null,
        "roles": {
          "MOD": "#V276848",
          "LEX": "THE"
        },
        "start": 0,
        "end": 11
      },
      "V276848": {
        "id": "V276848",
        "indicator": "F",
        "type": "MAX-VAL",
        "word": "LATE",
        "roles": {
          "FIGURE": "#V276911",
          "SCALE": "DOMAIN",
          "LEX": "LATEST",
          "WNSENSE": "best%3:00:00::"
        },
        "start": 4,
        "end": 11
      },
      "root": "#V277029"
    },
    {
      "V277047": {
        "id": "V277047",
        "indicator": "SPEECHACT",
        "type": "SA_IDENTIFY",
        "word": null,
        "roles": {
          "PUNCTYPE": "DECL",
          "CONTENT": "#V277005",
          "LEX": "-"
        },
        "start": 11,
        "end": 44
      },
      "V277005": {
        "id": "V277005",
        "indicator": "THE",
        "type": "QUANTITY-ABSTR",
        "word": null,
        "roles": {
          "FIGURE": "#V276866"
        },
        "start": 11,
        "end": 43
      },
      "V276866": {
        "id": "V276866",
        "indicator": "THE",
        "type": "PART",
        "word": "SECTION",
        "roles": {
          "ASSOC-WITH": "#V276862",
          "LEX": "SECTION",
          "WNSENSE": "section%1:17:00::"
        },
        "start": 11,
        "end": 43
      },
      "V276862": {
        "id": "V276862",
        "indicator": "KIND",
        "type": "EVOKE-AMUSEMENT",
        "word": "ENTERTAINMENT",
        "roles": {
          "FREQUENCY": "#V276858",
          "LEX": "ENTERTAINMENT",
          "WNSENSE": "entertain%2:41:00"
        },
        "start": 11,
        "end": 43
      },
      "V276858": {
        "id": "V276858",
        "indicator": "F",
        "type": "SPECIFIED-PERIOD-VAL",
        "word": "DAILY",
        "roles": {
          "FIGURE": "#V276862",
          "SCALE": "TEMPORAL-OCCURRENCE-SCALE",
          "LEX": "DAILY",
          "WNSENSE": "daily%5:00:00:periodic:00"
        },
        "start": 15,
        "end": 21
      },
      "root": "#V277047"
    },
    {
      "V277471": {
        "id": "V277471",
        "indicator": "SPEECHACT",
        "type": "SA_IDENTIFY",
        "word": null,
        "roles": {
          "CONTENT": "#V277468",
          "LEX": "-"
        },
        "start": 45,
        "end": 45
      },
      "V277468": {
        "id": "V277468",
        "indicator": "THE",
        "type": "QUANTITY-ABSTR",
        "word": null,
        "roles": {
          "FIGURE": "#V277463",
          "COREF": "#V277020"
        },
        "start": 45,
        "end": 45
      },
      "V277463": {
        "id": "V277463",
        "indicator": "BARE",
        "type": "REFERENTIAL-SEM",
        "word": "|...|",
        "roles": {
          "LEX": "|...|",
          "WNSENSE": "entity%1:03:00"
        },
        "start": 45,
        "end": 45
      },
      "root": "#V277471"
    }
  ],
  "inputtags": [],
  "debug": [
    "*last-utt-id*=NIL  utt-id+41",
    "*last-utt-id*=41  utt-id+41",
    "*last-utt-id*=41  utt-id+NIL",
    "*last-utt-id*=NIL  utt-id+42",
    "*last-utt-id*=42  utt-id+NIL"
  ]
}
