{
  "parse": [
    {
      "V2190204": {
        "id": "V2190204",
        "indicator": "SPEECHACT",
        "type": "SA_TELL",
        "word": null,
        "roles": {
          "PUNCTYPE": "DECL",
          "CONTENT": "#V2188060",
          "LEX": "WERE"
        },
        "start": 0,
        "end": 76
      },
      "V2188060": {
        "id": "V2188060",
        "indicator": "F",
        "type": "BE",
        "word": "BE",
        "roles": {
          "NEUTRAL": "#V2188027",
          "NEUTRAL1": "#V2188073",
          "TENSE": "PAST",
          "LEX": "WERE",
          "WNSENSE": "be%2:42:06::"
        },
        "start": 0,
        "end": 76
      },
      "V2188027": {
        "id": "V2188027",
        "indicator": "INDEF-SET",
        "type": "PERSON",
        "word": null,
        "roles": {
          "OPERATOR": "(AND)",
          "SEQUENCE": "#V2188024",
          "SEQUENCE1": "#V2188043",
          "LEX": "PUNC-AND"
        },
        "start": 0,
        "end": 14
      },
      "V2188024": {
        "id": "V2188024",
        "indicator": "THE",
        "type": "FRIEND",
        "word": "FRIEND",
        "roles": {
          "ASSOC-POSS": "#V2188021",
          "LEX": "FRIEND",
          "WNSENSE": "friend%1:18:00::"
        },
        "start": 0,
        "end": 10
      },
      "V2188021": {
        "id": "V2188021",
        "indicator": "PRO",
        "type": "PERSON",
        "word": "MY",
        "roles": {
          "LEX": "MY",
          "PROFORM": "MY",
          "WNSENSE": "person%1:03:00",
          "COREF": "USER"
        },
        "start": 0,
        "end": 10
      },
      "V2188043": {
        "id": "V2188043",
        "indicator": "PRO",
        "type": "PERSON",
        "word": "I",
        "roles": {
          "PROFORM": "I",
          "LEX": "I",
          "WNSENSE": "person%1:03:00",
          "COREF": "USER"
        },
        "start": 12,
        "end": 14
      },
      "V2188073": {
        "id": "V2188073",
        "indicator": "BARE",
        "type": "WAIT-WATCH",
        "word": "WAIT",
        "roles": {
          "MOD": "#V2188159",
          "LOCATION": "#V2188086",
          "LEX": "WAITING",
          "WNSENSE": "wait%2:42:00::"
        },
        "start": 19,
        "end": 76
      },
      "V2188086": {
        "id": "V2188086",
        "indicator": "F",
        "type": "ON",
        "word": "ON",
        "roles": {
          "GROUND": "#V2188838",
          "FIGURE": "#V2188073",
          "LEX": "ON"
        },
        "start": 27,
        "end": 46
      },
      "V2188838": {
        "id": "V2188838",
        "indicator": "THE",
        "type": "QUANTITY-ABSTR",
        "word": null,
        "roles": {
          "FIGURE": "#V2188150"
        },
        "start": 30,
        "end": 46
      },
      "V2188150": {
        "id": "V2188150",
        "indicator": "THE-SET",
        "type": "PROCEDURE",
        "word": "STEP",
        "roles": {
          "LOCATION": "#V2188144",
          "LEX": "STEPS"
        },
        "start": 30,
        "end": 46
      },
      "V2188144": {
        "id": "V2188144",
        "indicator": "F",
        "type": "FRONT",
        "word": "FRONT",
        "roles": {
          "FIGURE": "#V2188150",
          "LEX": "FRONT",
          "WNSENSE": "front%3:00:00::"
        },
        "start": 34,
        "end": 40
      },
      "V2188159": {
        "id": "V2188159",
        "indicator": "F",
        "type": "ASSOC-WITH",
        "word": "OF",
        "roles": {
          "GROUND": "#V2189584",
          "FIGURE": "#V2188073",
          "LEX": "OF"
        },
        "start": 46,
        "end": 76
      },
      "V2189584": {
        "id": "V2189584",
        "indicator": "THE",
        "type": "QUANTITY-ABSTR",
        "word": null,
        "roles": {
          "FIGURE": "#V2188170"
        },
        "start": 49,
        "end": 76
      },
      "V2188170": {
        "id": "V2188170",
        "indicator": "THE",
        "type": "ACADEMIC-INSTITUTION",
        "word": "SCHOOL",
        "roles": {
          "ASSOC-POSS": "#V2188167",
          "MOD": "#V2188176",
          "LEX": "SCHOOL",
          "WNSENSE": "school%1:14:00::"
        },
        "start": 49,
        "end": 76
      },
      "V2188167": {
        "id": "V2188167",
        "indicator": "PRO",
        "type": "PERSON",
        "word": "OUR",
        "roles": {
          "LEX": "OUR",
          "PROFORM": "OUR",
          "WNSENSE": "person%1:03:00",
          "COREF": "US"
        },
        "start": 49,
        "end": 76
      },
      "V2188176": {
        "id": "V2188176",
        "indicator": "F",
        "type": "PURPOSE",
        "word": "FOR",
        "roles": {
          "GROUND": "#V2188250",
          "FIGURE": "#V2188170",
          "LEX": "FOR"
        },
        "start": 60,
        "end": 76
      },
      "V2188250": {
        "id": "V2188250",
        "indicator": "A",
        "type": "RELATIVE-LOCATION",
        "word": "HOME",
        "roles": {
          "ASSOC-WITH": "#V2188240",
          "LEX": "HOME",
          "WNSENSE": "home%1:15:02::"
        },
        "start": 64,
        "end": 76
      },
      "V2188240": {
        "id": "V2188240",
        "indicator": "KIND",
        "type": "RIDE",
        "word": "RIDE",
        "roles": {
          "LEX": "RIDE",
          "WNSENSE": "ride%2:38:01::"
        },
        "start": 64,
        "end": 76
      },
      "root": "#V2190204"
    }
  ],
  "inputtags": [],
  "debug": [
    "*last-utt-id*=NIL  utt-id+424",
    "*last-utt-id*=424  utt-id+NIL"
  ]
}
