{
  "parse": [
    {
      "V2238440": {
        "id": "V2238440",
        "indicator": "F",
        "type": "PURPOSE",
        "word": "FOR",
        "roles": {
          "GROUND": "#V2238592",
          "LEX": "FOR"
        },
        "start": 0,
        "end": 8
      },
      "V2238592": {
        "id": "V2238592",
        "indicator": "INDEF-SET",
        "type": "REFERENTIAL-SEM",
        "word": null,
        "roles": {
          "SIZE": "UNIVERSAL",
          "LEX": "ALL"
        },
        "start": 4,
        "end": 8
      },
      "root": "#V2238440"
    },
    {
      "V2238685": {
        "id": "V2238685",
        "indicator": "SPEECHACT",
        "type": "SA_IDENTIFY",
        "word": null,
        "roles": {
          "CONTENT": "#V2238481",
          "LEX": "THOSE"
        },
        "start": 8,
        "end": 14
      },
      "V2238481": {
        "id": "V2238481",
        "indicator": "PRO-SET",
        "type": "REFERENTIAL-SEM",
        "word": "THOSE",
        "roles": {
          "PROFORM": "THOSE",
          "LEX": "THOSE",
          "WNSENSE": "entity%1:03:00",
          "COREF": "#V2238592"
        },
        "start": 8,
        "end": 14
      },
      "root": "#V2238685"
    },
    {
      "V2239841": {
        "id": "V2239841",
        "indicator": "SPEECHACT",
        "type": "SA_WH-QUESTION",
        "word": null,
        "roles": {
          "PUNCTYPE": "DECL",
          "CONTENT": "#V2238513",
          "FOCUS": "#V2238485",
          "LEX": "SPEAK"
        },
        "start": 14,
        "end": 45
      },
      "V2238513": {
        "id": "V2238513",
        "indicator": "F",
        "type": "SAY",
        "word": "SPEAK",
        "roles": {
          "AGENT": "#V2239172",
          "FORMAL": "#V2238615",
          "REASON": "#V2238525",
          "TENSE": "PRES",
          "MODALITY": "(:* ABILITY CAN)",
          "LEX": "SPEAK",
          "WNSENSE": "speak%2:32:00::"
        },
        "start": 14,
        "end": 45
      },
      "V2238615": {
        "id": "V2238615",
        "indicator": "THE",
        "type": "QUANTITY-ABSTR",
        "word": null,
        "roles": {
          "FIGURE": "#V2238485"
        },
        "start": 14,
        "end": 18
      },
      "V2238485": {
        "id": "V2238485",
        "indicator": "WH-TERM-SET",
        "type": "PERSON",
        "word": "WHO",
        "roles": {
          "PROFORM": "WHO",
          "LEX": "WHO",
          "WNSENSE": "person%1:03:00"
        },
        "start": 14,
        "end": 18
      },
      "V2239172": {
        "id": "V2239172",
        "indicator": "THE",
        "type": "SEQUENCE",
        "word": null,
        "roles": {
          "NAME-OF": "(T)",
          "VAL": "(T)",
          "LEX": "T"
        },
        "start": 22,
        "end": 24
      },
      "V2238525": {
        "id": "V2238525",
        "indicator": "F",
        "type": "PURPOSE",
        "word": "FOR",
        "roles": {
          "GROUND": "#V2238575",
          "FIGURE": "#V2238513",
          "LEX": "FOR"
        },
        "start": 30,
        "end": 45
      },
      "V2238575": {
        "id": "V2238575",
        "indicator": "PRO-SET",
        "type": "REFERENTIAL-SEM",
        "word": "THEMSELVES",
        "roles": {
          "PROFORM": "THEMSELVES",
          "LEX": "THEMSELVES",
          "WNSENSE": "entity%1:03:00",
          "COREF": "#V2238615"
        },
        "start": 34,
        "end": 45
      },
      "root": "#V2239841"
    },
    {
      "V2238440": {
        "id": "V2238440",
        "indicator": "F",
        "type": "PURPOSE",
        "word": "FOR",
        "roles": {
          "GROUND": "#V2238592",
          "LEX": "FOR"
        },
        "start": 0,
        "end": 8
      },
      "V2238592": {
        "id": "V2238592",
        "indicator": "INDEF-SET",
        "type": "REFERENTIAL-SEM",
        "word": null,
        "roles": {
          "SIZE": "UNIVERSAL",
          "LEX": "ALL"
        },
        "start": 4,
        "end": 8
      },
      "root": "#V2238440"
    },
    {
      "V2238685": {
        "id": "V2238685",
        "indicator": "SPEECHACT",
        "type": "SA_IDENTIFY",
        "word": null,
        "roles": {
          "CONTENT": "#V2238481",
          "LEX": "THOSE"
        },
        "start": 8,
        "end": 14
      },
      "V2238481": {
        "id": "V2238481",
        "indicator": "PRO-SET",
        "type": "REFERENTIAL-SEM",
        "word": "THOSE",
        "roles": {
          "PROFORM": "THOSE",
          "LEX": "THOSE",
          "WNSENSE": "entity%1:03:00"
        },
        "start": 8,
        "end": 14
      },
      "root": "#V2238685"
    },
    {
      "V2239839": {
        "id": "V2239839",
        "indicator": "SPEECHACT",
        "type": "SA_WH-QUESTION",
        "word": null,
        "roles": {
          "PUNCTYPE": "DECL",
          "CONTENT": "#V2238513",
          "FOCUS": "#V2238485",
          "LEX": "SPEAK"
        },
        "start": 14,
        "end": 46
      },
      "V2238513": {
        "id": "V2238513",
        "indicator": "F",
        "type": "SAY",
        "word": "SPEAK",
        "roles": {
          "AGENT": "#V2239172",
          "FORMAL": "#V2238615",
          "BENEFICIARY": "#V2238528",
          "TENSE": "PRES",
          "MODALITY": "(:* ABILITY CAN)",
          "LEX": "SPEAK",
          "WNSENSE": "speak%2:32:00::"
        },
        "start": 14,
        "end": 45
      },
      "V2238615": {
        "id": "V2238615",
        "indicator": "THE",
        "type": "QUANTITY-ABSTR",
        "word": null,
        "roles": {
          "FIGURE": "#V2238485"
        },
        "start": 14,
        "end": 18
      },
      "V2238485": {
        "id": "V2238485",
        "indicator": "WH-TERM-SET",
        "type": "PERSON",
        "word": "WHO",
        "roles": {
          "PROFORM": "WHO",
          "LEX": "WHO",
          "WNSENSE": "person%1:03:00"
        },
        "start": 14,
        "end": 18
      },
      "V2239172": {
        "id": "V2239172",
        "indicator": "THE",
        "type": "SEQUENCE",
        "word": null,
        "roles": {
          "NAME-OF": "(T)",
          "VAL": "(T)",
          "LEX": "T"
        },
        "start": 22,
        "end": 24
      },
      "V2238528": {
        "id": "V2238528",
        "indicator": "F",
        "type": "BENEFICIARY",
        "word": "FOR",
        "roles": {
          "GROUND": "#V2238575",
          "FIGURE": "#V2238513",
          "LEX": "FOR"
        },
        "start": 30,
        "end": 45
      },
      "V2238575": {
        "id": "V2238575",
        "indicator": "PRO-SET",
        "type": "REFERENTIAL-SEM",
        "word": "THEMSELVES",
        "roles": {
          "PROFORM": "THEMSELVES",
          "LEX": "THEMSELVES",
          "WNSENSE": "entity%1:03:00"
        },
        "start": 34,
        "end": 45
      },
      "root": "#V2239839"
    },
    {
      "V2238440": {
        "id": "V2238440",
        "indicator": "F",
        "type": "PURPOSE",
        "word": "FOR",
        "roles": {
          "GROUND": "#V2238592",
          "LEX": "FOR"
        },
        "start": 0,
        "end": 8
      },
      "V2238592": {
        "id": "V2238592",
        "indicator": "INDEF-SET",
        "type": "REFERENTIAL-SEM",
        "word": null,
        "roles": {
          "SIZE": "UNIVERSAL",
          "LEX": "ALL"
        },
        "start": 4,
        "end": 8
      },
      "root": "#V2238440"
    },
    {
      "V2238685": {
        "id": "V2238685",
        "indicator": "SPEECHACT",
        "type": "SA_IDENTIFY",
        "word": null,
        "roles": {
          "CONTENT": "#V2238481",
          "LEX": "THOSE"
        },
        "start": 8,
        "end": 14
      },
      "V2238481": {
        "id": "V2238481",
        "indicator": "PRO-SET",
        "type": "REFERENTIAL-SEM",
        "word": "THOSE",
        "roles": {
          "PROFORM": "THOSE",
          "LEX": "THOSE",
          "WNSENSE": "entity%1:03:00"
        },
        "start": 8,
        "end": 14
      },
      "root": "#V2238685"
    },
    {
      "V2239837": {
        "id": "V2239837",
        "indicator": "SPEECHACT",
        "type": "SA_WH-QUESTION",
        "word": null,
        "roles": {
          "PUNCTYPE": "DECL",
          "CONTENT": "#V2238513",
          "FOCUS": "#V2238485",
          "LEX": "SPEAK"
        },
        "start": 14,
        "end": 46
      },
      "V2238513": {
        "id": "V2238513",
        "indicator": "F",
        "type": "SAY",
        "word": "SPEAK",
        "roles": {
          "AGENT": "#V2239172",
          "FORMAL": "#V2238615",
          "EXTENT": "#V2238529",
          "TENSE": "PRES",
          "MODALITY": "(:* ABILITY CAN)",
          "LEX": "SPEAK",
          "WNSENSE": "speak%2:32:00::"
        },
        "start": 14,
        "end": 45
      },
      "V2238615": {
        "id": "V2238615",
        "indicator": "THE",
        "type": "QUANTITY-ABSTR",
        "word": null,
        "roles": {
          "FIGURE": "#V2238485"
        },
        "start": 14,
        "end": 18
      },
      "V2238485": {
        "id": "V2238485",
        "indicator": "WH-TERM-SET",
        "type": "PERSON",
        "word": "WHO",
        "roles": {
          "PROFORM": "WHO",
          "LEX": "WHO",
          "WNSENSE": "person%1:03:00"
        },
        "start": 14,
        "end": 18
      },
      "V2239172": {
        "id": "V2239172",
        "indicator": "THE",
        "type": "SEQUENCE",
        "word": null,
        "roles": {
          "NAME-OF": "(T)",
          "VAL": "(T)",
          "LEX": "T"
        },
        "start": 22,
        "end": 24
      },
      "V2238529": {
        "id": "V2238529",
        "indicator": "F",
        "type": "TIME-DURATION-REL",
        "word": "FOR",
        "roles": {
          "GROUND": "#V2238575",
          "FIGURE": "#V2238513",
          "LEX": "FOR"
        },
        "start": 30,
        "end": 45
      },
      "V2238575": {
        "id": "V2238575",
        "indicator": "PRO-SET",
        "type": "REFERENTIAL-SEM",
        "word": "THEMSELVES",
        "roles": {
          "PROFORM": "THEMSELVES",
          "LEX": "THEMSELVES",
          "WNSENSE": "entity%1:03:00"
        },
        "start": 34,
        "end": 45
      },
      "root": "#V2239837"
    },
    {
      "V2238440": {
        "id": "V2238440",
        "indicator": "F",
        "type": "PURPOSE",
        "word": "FOR",
        "roles": {
          "GROUND": "#V2238592",
          "LEX": "FOR"
        },
        "start": 0,
        "end": 8
      },
      "V2238592": {
        "id": "V2238592",
        "indicator": "INDEF-SET",
        "type": "REFERENTIAL-SEM",
        "word": null,
        "roles": {
          "SIZE": "UNIVERSAL",
          "LEX": "ALL"
        },
        "start": 4,
        "end": 8
      },
      "root": "#V2238440"
    },
    {
      "V2238685": {
        "id": "V2238685",
        "indicator": "SPEECHACT",
        "type": "SA_IDENTIFY",
        "word": null,
        "roles": {
          "CONTENT": "#V2238481",
          "LEX": "THOSE"
        },
        "start": 8,
        "end": 14
      },
      "V2238481": {
        "id": "V2238481",
        "indicator": "PRO-SET",
        "type": "REFERENTIAL-SEM",
        "word": "THOSE",
        "roles": {
          "PROFORM": "THOSE",
          "LEX": "THOSE",
          "WNSENSE": "entity%1:03:00"
        },
        "start": 8,
        "end": 14
      },
      "root": "#V2238685"
    },
    {
      "V2239835": {
        "id": "V2239835",
        "indicator": "SPEECHACT",
        "type": "SA_WH-QUESTION",
        "word": null,
        "roles": {
          "PUNCTYPE": "DECL",
          "CONTENT": "#V2238513",
          "FOCUS": "#V2238485",
          "LEX": "SPEAK"
        },
        "start": 14,
        "end": 46
      },
      "V2238513": {
        "id": "V2238513",
        "indicator": "F",
        "type": "SAY",
        "word": "SPEAK",
        "roles": {
          "AGENT": "#V2239172",
          "FORMAL": "#V2238615",
          "MOD": "#V2238531",
          "TENSE": "PRES",
          "MODALITY": "(:* ABILITY CAN)",
          "LEX": "SPEAK",
          "WNSENSE": "speak%2:32:00::"
        },
        "start": 14,
        "end": 45
      },
      "V2238615": {
        "id": "V2238615",
        "indicator": "THE",
        "type": "QUANTITY-ABSTR",
        "word": null,
        "roles": {
          "FIGURE": "#V2238485"
        },
        "start": 14,
        "end": 18
      },
      "V2238485": {
        "id": "V2238485",
        "indicator": "WH-TERM-SET",
        "type": "PERSON",
        "word": "WHO",
        "roles": {
          "PROFORM": "WHO",
          "LEX": "WHO",
          "WNSENSE": "person%1:03:00"
        },
        "start": 14,
        "end": 18
      },
      "V2239172": {
        "id": "V2239172",
        "indicator": "THE",
        "type": "SEQUENCE",
        "word": null,
        "roles": {
          "NAME-OF": "(T)",
          "VAL": "(T)",
          "LEX": "T"
        },
        "start": 22,
        "end": 24
      },
      "V2238531": {
        "id": "V2238531",
        "indicator": "F",
        "type": "PURCHASE-COST",
        "word": "FOR",
        "roles": {
          "GROUND": "#V2238575",
          "FIGURE": "#V2238513",
          "LEX": "FOR"
        },
        "start": 30,
        "end": 45
      },
      "V2238575": {
        "id": "V2238575",
        "indicator": "PRO-SET",
        "type": "REFERENTIAL-SEM",
        "word": "THEMSELVES",
        "roles": {
          "PROFORM": "THEMSELVES",
          "LEX": "THEMSELVES",
          "WNSENSE": "entity%1:03:00"
        },
        "start": 34,
        "end": 45
      },
      "root": "#V2239835"
    },
    {
      "V2238443": {
        "id": "V2238443",
        "indicator": "F",
        "type": "BENEFICIARY",
        "word": "FOR",
        "roles": {
          "GROUND": "#V2238592",
          "LEX": "FOR"
        },
        "start": 0,
        "end": 8
      },
      "V2238592": {
        "id": "V2238592",
        "indicator": "INDEF-SET",
        "type": "REFERENTIAL-SEM",
        "word": null,
        "roles": {
          "SIZE": "UNIVERSAL",
          "LEX": "ALL"
        },
        "start": 4,
        "end": 8
      },
      "root": "#V2238443"
    },
    {
      "V2238685": {
        "id": "V2238685",
        "indicator": "SPEECHACT",
        "type": "SA_IDENTIFY",
        "word": null,
        "roles": {
          "CONTENT": "#V2238481",
          "LEX": "THOSE"
        },
        "start": 8,
        "end": 14
      },
      "V2238481": {
        "id": "V2238481",
        "indicator": "PRO-SET",
        "type": "REFERENTIAL-SEM",
        "word": "THOSE",
        "roles": {
          "PROFORM": "THOSE",
          "LEX": "THOSE",
          "WNSENSE": "entity%1:03:00"
        },
        "start": 8,
        "end": 14
      },
      "root": "#V2238685"
    },
    {
      "V2239841": {
        "id": "V2239841",
        "indicator": "SPEECHACT",
        "type": "SA_WH-QUESTION",
        "word": null,
        "roles": {
          "PUNCTYPE": "DECL",
          "CONTENT": "#V2238513",
          "FOCUS": "#V2238485",
          "LEX": "SPEAK"
        },
        "start": 14,
        "end": 46
      },
      "V2238513": {
        "id": "V2238513",
        "indicator": "F",
        "type": "SAY",
        "word": "SPEAK",
        "roles": {
          "AGENT": "#V2239172",
          "FORMAL": "#V2238615",
          "REASON": "#V2238525",
          "TENSE": "PRES",
          "MODALITY": "(:* ABILITY CAN)",
          "LEX": "SPEAK",
          "WNSENSE": "speak%2:32:00::"
        },
        "start": 14,
        "end": 45
      },
      "V2238615": {
        "id": "V2238615",
        "indicator": "THE",
        "type": "QUANTITY-ABSTR",
        "word": null,
        "roles": {
          "FIGURE": "#V2238485"
        },
        "start": 14,
        "end": 18
      },
      "V2238485": {
        "id": "V2238485",
        "indicator": "WH-TERM-SET",
        "type": "PERSON",
        "word": "WHO",
        "roles": {
          "PROFORM": "WHO",
          "LEX": "WHO",
          "WNSENSE": "person%1:03:00"
        },
        "start": 14,
        "end": 18
      },
      "V2239172": {
        "id": "V2239172",
        "indicator": "THE",
        "type": "SEQUENCE",
        "word": null,
        "roles": {
          "NAME-OF": "(T)",
          "VAL": "(T)",
          "LEX": "T"
        },
        "start": 22,
        "end": 24
      },
      "V2238525": {
        "id": "V2238525",
        "indicator": "F",
        "type": "PURPOSE",
        "word": "FOR",
        "roles": {
          "GROUND": "#V2238575",
          "FIGURE": "#V2238513",
          "LEX": "FOR"
        },
        "start": 30,
        "end": 45
      },
      "V2238575": {
        "id": "V2238575",
        "indicator": "PRO-SET",
        "type": "REFERENTIAL-SEM",
        "word": "THEMSELVES",
        "roles": {
          "PROFORM": "THEMSELVES",
          "LEX": "THEMSELVES",
          "WNSENSE": "entity%1:03:00"
        },
        "start": 34,
        "end": 45
      },
      "root": "#V2239841"
    },
    {
      "V2238443": {
        "id": "V2238443",
        "indicator": "F",
        "type": "BENEFICIARY",
        "word": "FOR",
        "roles": {
          "GROUND": "#V2238592",
          "LEX": "FOR"
        },
        "start": 0,
        "end": 8
      },
      "V2238592": {
        "id": "V2238592",
        "indicator": "INDEF-SET",
        "type": "REFERENTIAL-SEM",
        "word": null,
        "roles": {
          "SIZE": "UNIVERSAL",
          "LEX": "ALL"
        },
        "start": 4,
        "end": 8
      },
      "root": "#V2238443"
    },
    {
      "V2238685": {
        "id": "V2238685",
        "indicator": "SPEECHACT",
        "type": "SA_IDENTIFY",
        "word": null,
        "roles": {
          "CONTENT": "#V2238481",
          "LEX": "THOSE"
        },
        "start": 8,
        "end": 14
      },
      "V2238481": {
        "id": "V2238481",
        "indicator": "PRO-SET",
        "type": "REFERENTIAL-SEM",
        "word": "THOSE",
        "roles": {
          "PROFORM": "THOSE",
          "LEX": "THOSE",
          "WNSENSE": "entity%1:03:00"
        },
        "start": 8,
        "end": 14
      },
      "root": "#V2238685"
    },
    {
      "V2239839": {
        "id": "V2239839",
        "indicator": "SPEECHACT",
        "type": "SA_WH-QUESTION",
        "word": null,
        "roles": {
          "PUNCTYPE": "DECL",
          "CONTENT": "#V2238513",
          "FOCUS": "#V2238485",
          "LEX": "SPEAK"
        },
        "start": 14,
        "end": 46
      },
      "V2238513": {
        "id": "V2238513",
        "indicator": "F",
        "type": "SAY",
        "word": "SPEAK",
        "roles": {
          "AGENT": "#V2239172",
          "FORMAL": "#V2238615",
          "BENEFICIARY": "#V2238528",
          "TENSE": "PRES",
          "MODALITY": "(:* ABILITY CAN)",
          "LEX": "SPEAK",
          "WNSENSE": "speak%2:32:00::"
        },
        "start": 14,
        "end": 45
      },
      "V2238615": {
        "id": "V2238615",
        "indicator": "THE",
        "type": "QUANTITY-ABSTR",
        "word": null,
        "roles": {
          "FIGURE": "#V2238485"
        },
        "start": 14,
        "end": 18
      },
      "V2238485": {
        "id": "V2238485",
        "indicator": "WH-TERM-SET",
        "type": "PERSON",
        "word": "WHO",
        "roles": {
          "PROFORM": "WHO",
          "LEX": "WHO",
          "WNSENSE": "person%1:03:00"
        },
        "start": 14,
        "end": 18
      },
      "V2239172": {
        "id": "V2239172",
        "indicator": "THE",
        "type": "SEQUENCE",
        "word": null,
        "roles": {
          "NAME-OF": "(T)",
          "VAL": "(T)",
          "LEX": "T"
        },
        "start": 22,
        "end": 24
      },
      "V2238528": {
        "id": "V2238528",
        "indicator": "F",
        "type": "BENEFICIARY",
        "word": "FOR",
        "roles": {
          "GROUND": "#V2238575",
          "FIGURE": "#V2238513",
          "LEX": "FOR"
        },
        "start": 30,
        "end": 45
      },
      "V2238575": {
        "id": "V2238575",
        "indicator": "PRO-SET",
        "type": "REFERENTIAL-SEM",
        "word": "THEMSELVES",
        "roles": {
          "PROFORM": "THEMSELVES",
          "LEX": "THEMSELVES",
          "WNSENSE": "entity%1:03:00"
        },
        "start": 34,
        "end": 45
      },
      "root": "#V2239839"
    },
    {
      "V2238443": {
        "id": "V2238443",
        "indicator": "F",
        "type": "BENEFICIARY",
        "word": "FOR",
        "roles": {
          "GROUND": "#V2238592",
          "LEX": "FOR"
        },
        "start": 0,
        "end": 8
      },
      "V2238592": {
        "id": "V2238592",
        "indicator": "INDEF-SET",
        "type": "REFERENTIAL-SEM",
        "word": null,
        "roles": {
          "SIZE": "UNIVERSAL",
          "LEX": "ALL"
        },
        "start": 4,
        "end": 8
      },
      "root": "#V2238443"
    },
    {
      "V2238685": {
        "id": "V2238685",
        "indicator": "SPEECHACT",
        "type": "SA_IDENTIFY",
        "word": null,
        "roles": {
          "CONTENT": "#V2238481",
          "LEX": "THOSE"
        },
        "start": 8,
        "end": 14
      },
      "V2238481": {
        "id": "V2238481",
        "indicator": "PRO-SET",
        "type": "REFERENTIAL-SEM",
        "word": "THOSE",
        "roles": {
          "PROFORM": "THOSE",
          "LEX": "THOSE",
          "WNSENSE": "entity%1:03:00"
        },
        "start": 8,
        "end": 14
      },
      "root": "#V2238685"
    },
    {
      "V2239837": {
        "id": "V2239837",
        "indicator": "SPEECHACT",
        "type": "SA_WH-QUESTION",
        "word": null,
        "roles": {
          "PUNCTYPE": "DECL",
          "CONTENT": "#V2238513",
          "FOCUS": "#V2238485",
          "LEX": "SPEAK"
        },
        "start": 14,
        "end": 46
      },
      "V2238513": {
        "id": "V2238513",
        "indicator": "F",
        "type": "SAY",
        "word": "SPEAK",
        "roles": {
          "AGENT": "#V2239172",
          "FORMAL": "#V2238615",
          "EXTENT": "#V2238529",
          "TENSE": "PRES",
          "MODALITY": "(:* ABILITY CAN)",
          "LEX": "SPEAK",
          "WNSENSE": "speak%2:32:00::"
        },
        "start": 14,
        "end": 45
      },
      "V2238615": {
        "id": "V2238615",
        "indicator": "THE",
        "type": "QUANTITY-ABSTR",
        "word": null,
        "roles": {
          "FIGURE": "#V2238485"
        },
        "start": 14,
        "end": 18
      },
      "V2238485": {
        "id": "V2238485",
        "indicator": "WH-TERM-SET",
        "type": "PERSON",
        "word": "WHO",
        "roles": {
          "PROFORM": "WHO",
          "LEX": "WHO",
          "WNSENSE": "person%1:03:00"
        },
        "start": 14,
        "end": 18
      },
      "V2239172": {
        "id": "V2239172",
        "indicator": "THE",
        "type": "SEQUENCE",
        "word": null,
        "roles": {
          "NAME-OF": "(T)",
          "VAL": "(T)",
          "LEX": "T"
        },
        "start": 22,
        "end": 24
      },
      "V2238529": {
        "id": "V2238529",
        "indicator": "F",
        "type": "TIME-DURATION-REL",
        "word": "FOR",
        "roles": {
          "GROUND": "#V2238575",
          "FIGURE": "#V2238513",
          "LEX": "FOR"
        },
        "start": 30,
        "end": 45
      },
      "V2238575": {
        "id": "V2238575",
        "indicator": "PRO-SET",
        "type": "REFERENTIAL-SEM",
        "word": "THEMSELVES",
        "roles": {
          "PROFORM": "THEMSELVES",
          "LEX": "THEMSELVES",
          "WNSENSE": "entity%1:03:00"
        },
        "start": 34,
        "end": 45
      },
      "root": "#V2239837"
    },
    {
      "V2238443": {
        "id": "V2238443",
        "indicator": "F",
        "type": "BENEFICIARY",
        "word": "FOR",
        "roles": {
          "GROUND": "#V2238592",
          "LEX": "FOR"
        },
        "start": 0,
        "end": 8
      },
      "V2238592": {
        "id": "V2238592",
        "indicator": "INDEF-SET",
        "type": "REFERENTIAL-SEM",
        "word": null,
        "roles": {
          "SIZE": "UNIVERSAL",
          "LEX": "ALL"
        },
        "start": 4,
        "end": 8
      },
      "root": "#V2238443"
    },
    {
      "V2238685": {
        "id": "V2238685",
        "indicator": "SPEECHACT",
        "type": "SA_IDENTIFY",
        "word": null,
        "roles": {
          "CONTENT": "#V2238481",
          "LEX": "THOSE"
        },
        "start": 8,
        "end": 14
      },
      "V2238481": {
        "id": "V2238481",
        "indicator": "PRO-SET",
        "type": "REFERENTIAL-SEM",
        "word": "THOSE",
        "roles": {
          "PROFORM": "THOSE",
          "LEX": "THOSE",
          "WNSENSE": "entity%1:03:00"
        },
        "start": 8,
        "end": 14
      },
      "root": "#V2238685"
    },
    {
      "V2239835": {
        "id": "V2239835",
        "indicator": "SPEECHACT",
        "type": "SA_WH-QUESTION",
        "word": null,
        "roles": {
          "PUNCTYPE": "DECL",
          "CONTENT": "#V2238513",
          "FOCUS": "#V2238485",
          "LEX": "SPEAK"
        },
        "start": 14,
        "end": 46
      },
      "V2238513": {
        "id": "V2238513",
        "indicator": "F",
        "type": "SAY",
        "word": "SPEAK",
        "roles": {
          "AGENT": "#V2239172",
          "FORMAL": "#V2238615",
          "MOD": "#V2238531",
          "TENSE": "PRES",
          "MODALITY": "(:* ABILITY CAN)",
          "LEX": "SPEAK",
          "WNSENSE": "speak%2:32:00::"
        },
        "start": 14,
        "end": 45
      },
      "V2238615": {
        "id": "V2238615",
        "indicator": "THE",
        "type": "QUANTITY-ABSTR",
        "word": null,
        "roles": {
          "FIGURE": "#V2238485"
        },
        "start": 14,
        "end": 18
      },
      "V2238485": {
        "id": "V2238485",
        "indicator": "WH-TERM-SET",
        "type": "PERSON",
        "word": "WHO",
        "roles": {
          "PROFORM": "WHO",
          "LEX": "WHO",
          "WNSENSE": "person%1:03:00"
        },
        "start": 14,
        "end": 18
      },
      "V2239172": {
        "id": "V2239172",
        "indicator": "THE",
        "type": "SEQUENCE",
        "word": null,
        "roles": {
          "NAME-OF": "(T)",
          "VAL": "(T)",
          "LEX": "T"
        },
        "start": 22,
        "end": 24
      },
      "V2238531": {
        "id": "V2238531",
        "indicator": "F",
        "type": "PURCHASE-COST",
        "word": "FOR",
        "roles": {
          "GROUND": "#V2238575",
          "FIGURE": "#V2238513",
          "LEX": "FOR"
        },
        "start": 30,
        "end": 45
      },
      "V2238575": {
        "id": "V2238575",
        "indicator": "PRO-SET",
        "type": "REFERENTIAL-SEM",
        "word": "THEMSELVES",
        "roles": {
          "PROFORM": "THEMSELVES",
          "LEX": "THEMSELVES",
          "WNSENSE": "entity%1:03:00"
        },
        "start": 34,
        "end": 45
      },
      "root": "#V2239835"
    },
    {
      "V2238444": {
        "id": "V2238444",
        "indicator": "F",
        "type": "TIME-DURATION-REL",
        "word": "FOR",
        "roles": {
          "GROUND": "#V2238592",
          "LEX": "FOR"
        },
        "start": 0,
        "end": 8
      },
      "V2238592": {
        "id": "V2238592",
        "indicator": "INDEF-SET",
        "type": "REFERENTIAL-SEM",
        "word": null,
        "roles": {
          "SIZE": "UNIVERSAL",
          "LEX": "ALL"
        },
        "start": 4,
        "end": 8
      },
      "root": "#V2238444"
    },
    {
      "V2238685": {
        "id": "V2238685",
        "indicator": "SPEECHACT",
        "type": "SA_IDENTIFY",
        "word": null,
        "roles": {
          "CONTENT": "#V2238481",
          "LEX": "THOSE"
        },
        "start": 8,
        "end": 14
      },
      "V2238481": {
        "id": "V2238481",
        "indicator": "PRO-SET",
        "type": "REFERENTIAL-SEM",
        "word": "THOSE",
        "roles": {
          "PROFORM": "THOSE",
          "LEX": "THOSE",
          "WNSENSE": "entity%1:03:00"
        },
        "start": 8,
        "end": 14
      },
      "root": "#V2238685"
    },
    {
      "V2239841": {
        "id": "V2239841",
        "indicator": "SPEECHACT",
        "type": "SA_WH-QUESTION",
        "word": null,
        "roles": {
          "PUNCTYPE": "DECL",
          "CONTENT": "#V2238513",
          "FOCUS": "#V2238485",
          "LEX": "SPEAK"
        },
        "start": 14,
        "end": 46
      },
      "V2238513": {
        "id": "V2238513",
        "indicator": "F",
        "type": "SAY",
        "word": "SPEAK",
        "roles": {
          "AGENT": "#V2239172",
          "FORMAL": "#V2238615",
          "REASON": "#V2238525",
          "TENSE": "PRES",
          "MODALITY": "(:* ABILITY CAN)",
          "LEX": "SPEAK",
          "WNSENSE": "speak%2:32:00::"
        },
        "start": 14,
        "end": 45
      },
      "V2238615": {
        "id": "V2238615",
        "indicator": "THE",
        "type": "QUANTITY-ABSTR",
        "word": null,
        "roles": {
          "FIGURE": "#V2238485"
        },
        "start": 14,
        "end": 18
      },
      "V2238485": {
        "id": "V2238485",
        "indicator": "WH-TERM-SET",
        "type": "PERSON",
        "word": "WHO",
        "roles": {
          "PROFORM": "WHO",
          "LEX": "WHO",
          "WNSENSE": "person%1:03:00"
        },
        "start": 14,
        "end": 18
      },
      "V2239172": {
        "id": "V2239172",
        "indicator": "THE",
        "type": "SEQUENCE",
        "word": null,
        "roles": {
          "NAME-OF": "(T)",
          "VAL": "(T)",
          "LEX": "T"
        },
        "start": 22,
        "end": 24
      },
      "V2238525": {
        "id": "V2238525",
        "indicator": "F",
        "type": "PURPOSE",
        "word": "FOR",
        "roles": {
          "GROUND": "#V2238575",
          "FIGURE": "#V2238513",
          "LEX": "FOR"
        },
        "start": 30,
        "end": 45
      },
      "V2238575": {
        "id": "V2238575",
        "indicator": "PRO-SET",
        "type": "REFERENTIAL-SEM",
        "word": "THEMSELVES",
        "roles": {
          "PROFORM": "THEMSELVES",
          "LEX": "THEMSELVES",
          "WNSENSE": "entity%1:03:00"
        },
        "start": 34,
        "end": 45
      },
      "root": "#V2239841"
    },
    {
      "V2238444": {
        "id": "V2238444",
        "indicator": "F",
        "type": "TIME-DURATION-REL",
        "word": "FOR",
        "roles": {
          "GROUND": "#V2238592",
          "LEX": "FOR"
        },
        "start": 0,
        "end": 8
      },
      "V2238592": {
        "id": "V2238592",
        "indicator": "INDEF-SET",
        "type": "REFERENTIAL-SEM",
        "word": null,
        "roles": {
          "SIZE": "UNIVERSAL",
          "LEX": "ALL"
        },
        "start": 4,
        "end": 8
      },
      "root": "#V2238444"
    },
    {
      "V2238685": {
        "id": "V2238685",
        "indicator": "SPEECHACT",
        "type": "SA_IDENTIFY",
        "word": null,
        "roles": {
          "CONTENT": "#V2238481",
          "LEX": "THOSE"
        },
        "start": 8,
        "end": 14
      },
      "V2238481": {
        "id": "V2238481",
        "indicator": "PRO-SET",
        "type": "REFERENTIAL-SEM",
        "word": "THOSE",
        "roles": {
          "PROFORM": "THOSE",
          "LEX": "THOSE",
          "WNSENSE": "entity%1:03:00"
        },
        "start": 8,
        "end": 14
      },
      "root": "#V2238685"
    },
    {
      "V2239839": {
        "id": "V2239839",
        "indicator": "SPEECHACT",
        "type": "SA_WH-QUESTION",
        "word": null,
        "roles": {
          "PUNCTYPE": "DECL",
          "CONTENT": "#V2238513",
          "FOCUS": "#V2238485",
          "LEX": "SPEAK"
        },
        "start": 14,
        "end": 46
      },
      "V2238513": {
        "id": "V2238513",
        "indicator": "F",
        "type": "SAY",
        "word": "SPEAK",
        "roles": {
          "AGENT": "#V2239172",
          "FORMAL": "#V2238615",
          "BENEFICIARY": "#V2238528",
          "TENSE": "PRES",
          "MODALITY": "(:* ABILITY CAN)",
          "LEX": "SPEAK",
          "WNSENSE": "speak%2:32:00::"
        },
        "start": 14,
        "end": 45
      },
      "V2238615": {
        "id": "V2238615",
        "indicator": "THE",
        "type": "QUANTITY-ABSTR",
        "word": null,
        "roles": {
          "FIGURE": "#V2238485"
        },
        "start": 14,
        "end": 18
      },
      "V2238485": {
        "id": "V2238485",
        "indicator": "WH-TERM-SET",
        "type": "PERSON",
        "word": "WHO",
        "roles": {
          "PROFORM": "WHO",
          "LEX": "WHO",
          "WNSENSE": "person%1:03:00"
        },
        "start": 14,
        "end": 18
      },
      "V2239172": {
        "id": "V2239172",
        "indicator": "THE",
        "type": "SEQUENCE",
        "word": null,
        "roles": {
          "NAME-OF": "(T)",
          "VAL": "(T)",
          "LEX": "T"
        },
        "start": 22,
        "end": 24
      },
      "V2238528": {
        "id": "V2238528",
        "indicator": "F",
        "type": "BENEFICIARY",
        "word": "FOR",
        "roles": {
          "GROUND": "#V2238575",
          "FIGURE": "#V2238513",
          "LEX": "FOR"
        },
        "start": 30,
        "end": 45
      },
      "V2238575": {
        "id": "V2238575",
        "indicator": "PRO-SET",
        "type": "REFERENTIAL-SEM",
        "word": "THEMSELVES",
        "roles": {
          "PROFORM": "THEMSELVES",
          "LEX": "THEMSELVES",
          "WNSENSE": "entity%1:03:00"
        },
        "start": 34,
        "end": 45
      },
      "root": "#V2239839"
    },
    {
      "V2238444": {
        "id": "V2238444",
        "indicator": "F",
        "type": "TIME-DURATION-REL",
        "word": "FOR",
        "roles": {
          "GROUND": "#V2238592",
          "LEX": "FOR"
        },
        "start": 0,
        "end": 8
      },
      "V2238592": {
        "id": "V2238592",
        "indicator": "INDEF-SET",
        "type": "REFERENTIAL-SEM",
        "word": null,
        "roles": {
          "SIZE": "UNIVERSAL",
          "LEX": "ALL"
        },
        "start": 4,
        "end": 8
      },
      "root": "#V2238444"
    },
    {
      "V2238685": {
        "id": "V2238685",
        "indicator": "SPEECHACT",
        "type": "SA_IDENTIFY",
        "word": null,
        "roles": {
          "CONTENT": "#V2238481",
          "LEX": "THOSE"
        },
        "start": 8,
        "end": 14
      },
      "V2238481": {
        "id": "V2238481",
        "indicator": "PRO-SET",
        "type": "REFERENTIAL-SEM",
        "word": "THOSE",
        "roles": {
          "PROFORM": "THOSE",
          "LEX": "THOSE",
          "WNSENSE": "entity%1:03:00"
        },
        "start": 8,
        "end": 14
      },
      "root": "#V2238685"
    },
    {
      "V2239837": {
        "id": "V2239837",
        "indicator": "SPEECHACT",
        "type": "SA_WH-QUESTION",
        "word": null,
        "roles": {
          "PUNCTYPE": "DECL",
          "CONTENT": "#V2238513",
          "FOCUS": "#V2238485",
          "LEX": "SPEAK"
        },
        "start": 14,
        "end": 46
      },
      "V2238513": {
        "id": "V2238513",
        "indicator": "F",
        "type": "SAY",
        "word": "SPEAK",
        "roles": {
          "AGENT": "#V2239172",
          "FORMAL": "#V2238615",
          "EXTENT": "#V2238529",
          "TENSE": "PRES",
          "MODALITY": "(:* ABILITY CAN)",
          "LEX": "SPEAK",
          "WNSENSE": "speak%2:32:00::"
        },
        "start": 14,
        "end": 45
      },
      "V2238615": {
        "id": "V2238615",
        "indicator": "THE",
        "type": "QUANTITY-ABSTR",
        "word": null,
        "roles": {
          "FIGURE": "#V2238485"
        },
        "start": 14,
        "end": 18
      },
      "V2238485": {
        "id": "V2238485",
        "indicator": "WH-TERM-SET",
        "type": "PERSON",
        "word": "WHO",
        "roles": {
          "PROFORM": "WHO",
          "LEX": "WHO",
          "WNSENSE": "person%1:03:00"
        },
        "start": 14,
        "end": 18
      },
      "V2239172": {
        "id": "V2239172",
        "indicator": "THE",
        "type": "SEQUENCE",
        "word": null,
        "roles": {
          "NAME-OF": "(T)",
          "VAL": "(T)",
          "LEX": "T"
        },
        "start": 22,
        "end": 24
      },
      "V2238529": {
        "id": "V2238529",
        "indicator": "F",
        "type": "TIME-DURATION-REL",
        "word": "FOR",
        "roles": {
          "GROUND": "#V2238575",
          "FIGURE": "#V2238513",
          "LEX": "FOR"
        },
        "start": 30,
        "end": 45
      },
      "V2238575": {
        "id": "V2238575",
        "indicator": "PRO-SET",
        "type": "REFERENTIAL-SEM",
        "word": "THEMSELVES",
        "roles": {
          "PROFORM": "THEMSELVES",
          "LEX": "THEMSELVES",
          "WNSENSE": "entity%1:03:00"
        },
        "start": 34,
        "end": 45
      },
      "root": "#V2239837"
    },
    {
      "V2238444": {
        "id": "V2238444",
        "indicator": "F",
        "type": "TIME-DURATION-REL",
        "word": "FOR",
        "roles": {
          "GROUND": "#V2238592",
          "LEX": "FOR"
        },
        "start": 0,
        "end": 8
      },
      "V2238592": {
        "id": "V2238592",
        "indicator": "INDEF-SET",
        "type": "REFERENTIAL-SEM",
        "word": null,
        "roles": {
          "SIZE": "UNIVERSAL",
          "LEX": "ALL"
        },
        "start": 4,
        "end": 8
      },
      "root": "#V2238444"
    },
    {
      "V2238685": {
        "id": "V2238685",
        "indicator": "SPEECHACT",
        "type": "SA_IDENTIFY",
        "word": null,
        "roles": {
          "CONTENT": "#V2238481",
          "LEX": "THOSE"
        },
        "start": 8,
        "end": 14
      },
      "V2238481": {
        "id": "V2238481",
        "indicator": "PRO-SET",
        "type": "REFERENTIAL-SEM",
        "word": "THOSE",
        "roles": {
          "PROFORM": "THOSE",
          "LEX": "THOSE",
          "WNSENSE": "entity%1:03:00"
        },
        "start": 8,
        "end": 14
      },
      "root": "#V2238685"
    },
    {
      "V2239835": {
        "id": "V2239835",
        "indicator": "SPEECHACT",
        "type": "SA_WH-QUESTION",
        "word": null,
        "roles": {
          "PUNCTYPE": "DECL",
          "CONTENT": "#V2238513",
          "FOCUS": "#V2238485",
          "LEX": "SPEAK"
        },
        "start": 14,
        "end": 46
      },
      "V2238513": {
        "id": "V2238513",
        "indicator": "F",
        "type": "SAY",
        "word": "SPEAK",
        "roles": {
          "AGENT": "#V2239172",
          "FORMAL": "#V2238615",
          "MOD": "#V2238531",
          "TENSE": "PRES",
          "MODALITY": "(:* ABILITY CAN)",
          "LEX": "SPEAK",
          "WNSENSE": "speak%2:32:00::"
        },
        "start": 14,
        "end": 45
      },
      "V2238615": {
        "id": "V2238615",
        "indicator": "THE",
        "type": "QUANTITY-ABSTR",
        "word": null,
        "roles": {
          "FIGURE": "#V2238485"
        },
        "start": 14,
        "end": 18
      },
      "V2238485": {
        "id": "V2238485",
        "indicator": "WH-TERM-SET",
        "type": "PERSON",
        "word": "WHO",
        "roles": {
          "PROFORM": "WHO",
          "LEX": "WHO",
          "WNSENSE": "person%1:03:00"
        },
        "start": 14,
        "end": 18
      },
      "V2239172": {
        "id": "V2239172",
        "indicator": "THE",
        "type": "SEQUENCE",
        "word": null,
        "roles": {
          "NAME-OF": "(T)",
          "VAL": "(T)",
          "LEX": "T"
        },
        "start": 22,
        "end": 24
      },
      "V2238531": {
        "id": "V2238531",
        "indicator": "F",
        "type": "PURCHASE-COST",
        "word": "FOR",
        "roles": {
          "GROUND": "#V2238575",
          "FIGURE": "#V2238513",
          "LEX": "FOR"
        },
        "start": 30,
        "end": 45
      },
      "V2238575": {
        "id": "V2238575",
        "indicator": "PRO-SET",
        "type": "REFERENTIAL-SEM",
        "word": "THEMSELVES",
        "roles": {
          "PROFORM": "THEMSELVES",
          "LEX": "THEMSELVES",
          "WNSENSE": "entity%1:03:00"
        },
        "start": 34,
        "end": 45
      },
      "root": "#V2239835"
    },
    {
      "V2238445": {
        "id": "V2238445",
        "indicator": "F",
        "type": "SPATIAL-DISTANCE-REL",
        "word": "FOR",
        "roles": {
          "GROUND": "#V2238592",
          "LEX": "FOR"
        },
        "start": 0,
        "end": 8
      },
      "V2238592": {
        "id": "V2238592",
        "indicator": "INDEF-SET",
        "type": "REFERENTIAL-SEM",
        "word": null,
        "roles": {
          "SIZE": "UNIVERSAL",
          "LEX": "ALL"
        },
        "start": 4,
        "end": 8
      },
      "root": "#V2238445"
    },
    {
      "V2238685": {
        "id": "V2238685",
        "indicator": "SPEECHACT",
        "type": "SA_IDENTIFY",
        "word": null,
        "roles": {
          "CONTENT": "#V2238481",
          "LEX": "THOSE"
        },
        "start": 8,
        "end": 14
      },
      "V2238481": {
        "id": "V2238481",
        "indicator": "PRO-SET",
        "type": "REFERENTIAL-SEM",
        "word": "THOSE",
        "roles": {
          "PROFORM": "THOSE",
          "LEX": "THOSE",
          "WNSENSE": "entity%1:03:00"
        },
        "start": 8,
        "end": 14
      },
      "root": "#V2238685"
    },
    {
      "V2239841": {
        "id": "V2239841",
        "indicator": "SPEECHACT",
        "type": "SA_WH-QUESTION",
        "word": null,
        "roles": {
          "PUNCTYPE": "DECL",
          "CONTENT": "#V2238513",
          "FOCUS": "#V2238485",
          "LEX": "SPEAK"
        },
        "start": 14,
        "end": 46
      },
      "V2238513": {
        "id": "V2238513",
        "indicator": "F",
        "type": "SAY",
        "word": "SPEAK",
        "roles": {
          "AGENT": "#V2239172",
          "FORMAL": "#V2238615",
          "REASON": "#V2238525",
          "TENSE": "PRES",
          "MODALITY": "(:* ABILITY CAN)",
          "LEX": "SPEAK",
          "WNSENSE": "speak%2:32:00::"
        },
        "start": 14,
        "end": 45
      },
      "V2238615": {
        "id": "V2238615",
        "indicator": "THE",
        "type": "QUANTITY-ABSTR",
        "word": null,
        "roles": {
          "FIGURE": "#V2238485"
        },
        "start": 14,
        "end": 18
      },
      "V2238485": {
        "id": "V2238485",
        "indicator": "WH-TERM-SET",
        "type": "PERSON",
        "word": "WHO",
        "roles": {
          "PROFORM": "WHO",
          "LEX": "WHO",
          "WNSENSE": "person%1:03:00"
        },
        "start": 14,
        "end": 18
      },
      "V2239172": {
        "id": "V2239172",
        "indicator": "THE",
        "type": "SEQUENCE",
        "word": null,
        "roles": {
          "NAME-OF": "(T)",
          "VAL": "(T)",
          "LEX": "T"
        },
        "start": 22,
        "end": 24
      },
      "V2238525": {
        "id": "V2238525",
        "indicator": "F",
        "type": "PURPOSE",
        "word": "FOR",
        "roles": {
          "GROUND": "#V2238575",
          "FIGURE": "#V2238513",
          "LEX": "FOR"
        },
        "start": 30,
        "end": 45
      },
      "V2238575": {
        "id": "V2238575",
        "indicator": "PRO-SET",
        "type": "REFERENTIAL-SEM",
        "word": "THEMSELVES",
        "roles": {
          "PROFORM": "THEMSELVES",
          "LEX": "THEMSELVES",
          "WNSENSE": "entity%1:03:00"
        },
        "start": 34,
        "end": 45
      },
      "root": "#V2239841"
    },
    {
      "V2238445": {
        "id": "V2238445",
        "indicator": "F",
        "type": "SPATIAL-DISTANCE-REL",
        "word": "FOR",
        "roles": {
          "GROUND": "#V2238592",
          "LEX": "FOR"
        },
        "start": 0,
        "end": 8
      },
      "V2238592": {
        "id": "V2238592",
        "indicator": "INDEF-SET",
        "type": "REFERENTIAL-SEM",
        "word": null,
        "roles": {
          "SIZE": "UNIVERSAL",
          "LEX": "ALL"
        },
        "start": 4,
        "end": 8
      },
      "root": "#V2238445"
    },
    {
      "V2238685": {
        "id": "V2238685",
        "indicator": "SPEECHACT",
        "type": "SA_IDENTIFY",
        "word": null,
        "roles": {
          "CONTENT": "#V2238481",
          "LEX": "THOSE"
        },
        "start": 8,
        "end": 14
      },
      "V2238481": {
        "id": "V2238481",
        "indicator": "PRO-SET",
        "type": "REFERENTIAL-SEM",
        "word": "THOSE",
        "roles": {
          "PROFORM": "THOSE",
          "LEX": "THOSE",
          "WNSENSE": "entity%1:03:00"
        },
        "start": 8,
        "end": 14
      },
      "root": "#V2238685"
    },
    {
      "V2239839": {
        "id": "V2239839",
        "indicator": "SPEECHACT",
        "type": "SA_WH-QUESTION",
        "word": null,
        "roles": {
          "PUNCTYPE": "DECL",
          "CONTENT": "#V2238513",
          "FOCUS": "#V2238485",
          "LEX": "SPEAK"
        },
        "start": 14,
        "end": 46
      },
      "V2238513": {
        "id": "V2238513",
        "indicator": "F",
        "type": "SAY",
        "word": "SPEAK",
        "roles": {
          "AGENT": "#V2239172",
          "FORMAL": "#V2238615",
          "BENEFICIARY": "#V2238528",
          "TENSE": "PRES",
          "MODALITY": "(:* ABILITY CAN)",
          "LEX": "SPEAK",
          "WNSENSE": "speak%2:32:00::"
        },
        "start": 14,
        "end": 45
      },
      "V2238615": {
        "id": "V2238615",
        "indicator": "THE",
        "type": "QUANTITY-ABSTR",
        "word": null,
        "roles": {
          "FIGURE": "#V2238485"
        },
        "start": 14,
        "end": 18
      },
      "V2238485": {
        "id": "V2238485",
        "indicator": "WH-TERM-SET",
        "type": "PERSON",
        "word": "WHO",
        "roles": {
          "PROFORM": "WHO",
          "LEX": "WHO",
          "WNSENSE": "person%1:03:00"
        },
        "start": 14,
        "end": 18
      },
      "V2239172": {
        "id": "V2239172",
        "indicator": "THE",
        "type": "SEQUENCE",
        "word": null,
        "roles": {
          "NAME-OF": "(T)",
          "VAL": "(T)",
          "LEX": "T"
        },
        "start": 22,
        "end": 24
      },
      "V2238528": {
        "id": "V2238528",
        "indicator": "F",
        "type": "BENEFICIARY",
        "word": "FOR",
        "roles": {
          "GROUND": "#V2238575",
          "FIGURE": "#V2238513",
          "LEX": "FOR"
        },
        "start": 30,
        "end": 45
      },
      "V2238575": {
        "id": "V2238575",
        "indicator": "PRO-SET",
        "type": "REFERENTIAL-SEM",
        "word": "THEMSELVES",
        "roles": {
          "PROFORM": "THEMSELVES",
          "LEX": "THEMSELVES",
          "WNSENSE": "entity%1:03:00"
        },
        "start": 34,
        "end": 45
      },
      "root": "#V2239839"
    },
    {
      "V2238445": {
        "id": "V2238445",
        "indicator": "F",
        "type": "SPATIAL-DISTANCE-REL",
        "word": "FOR",
        "roles": {
          "GROUND": "#V2238592",
          "LEX": "FOR"
        },
        "start": 0,
        "end": 8
      },
      "V2238592": {
        "id": "V2238592",
        "indicator": "INDEF-SET",
        "type": "REFERENTIAL-SEM",
        "word": null,
        "roles": {
          "SIZE": "UNIVERSAL",
          "LEX": "ALL"
        },
        "start": 4,
        "end": 8
      },
      "root": "#V2238445"
    },
    {
      "V2238685": {
        "id": "V2238685",
        "indicator": "SPEECHACT",
        "type": "SA_IDENTIFY",
        "word": null,
        "roles": {
          "CONTENT": "#V2238481",
          "LEX": "THOSE"
        },
        "start": 8,
        "end": 14
      },
      "V2238481": {
        "id": "V2238481",
        "indicator": "PRO-SET",
        "type": "REFERENTIAL-SEM",
        "word": "THOSE",
        "roles": {
          "PROFORM": "THOSE",
          "LEX": "THOSE",
          "WNSENSE": "entity%1:03:00"
        },
        "start": 8,
        "end": 14
      },
      "root": "#V2238685"
    },
    {
      "V2239837": {
        "id": "V2239837",
        "indicator": "SPEECHACT",
        "type": "SA_WH-QUESTION",
        "word": null,
        "roles": {
          "PUNCTYPE": "DECL",
          "CONTENT": "#V2238513",
          "FOCUS": "#V2238485",
          "LEX": "SPEAK"
        },
        "start": 14,
        "end": 46
      },
      "V2238513": {
        "id": "V2238513",
        "indicator": "F",
        "type": "SAY",
        "word": "SPEAK",
        "roles": {
          "AGENT": "#V2239172",
          "FORMAL": "#V2238615",
          "EXTENT": "#V2238529",
          "TENSE": "PRES",
          "MODALITY": "(:* ABILITY CAN)",
          "LEX": "SPEAK",
          "WNSENSE": "speak%2:32:00::"
        },
        "start": 14,
        "end": 45
      },
      "V2238615": {
        "id": "V2238615",
        "indicator": "THE",
        "type": "QUANTITY-ABSTR",
        "word": null,
        "roles": {
          "FIGURE": "#V2238485"
        },
        "start": 14,
        "end": 18
      },
      "V2238485": {
        "id": "V2238485",
        "indicator": "WH-TERM-SET",
        "type": "PERSON",
        "word": "WHO",
        "roles": {
          "PROFORM": "WHO",
          "LEX": "WHO",
          "WNSENSE": "person%1:03:00"
        },
        "start": 14,
        "end": 18
      },
      "V2239172": {
        "id": "V2239172",
        "indicator": "THE",
        "type": "SEQUENCE",
        "word": null,
        "roles": {
          "NAME-OF": "(T)",
          "VAL": "(T)",
          "LEX": "T"
        },
        "start": 22,
        "end": 24
      },
      "V2238529": {
        "id": "V2238529",
        "indicator": "F",
        "type": "TIME-DURATION-REL",
        "word": "FOR",
        "roles": {
          "GROUND": "#V2238575",
          "FIGURE": "#V2238513",
          "LEX": "FOR"
        },
        "start": 30,
        "end": 45
      },
      "V2238575": {
        "id": "V2238575",
        "indicator": "PRO-SET",
        "type": "REFERENTIAL-SEM",
        "word": "THEMSELVES",
        "roles": {
          "PROFORM": "THEMSELVES",
          "LEX": "THEMSELVES",
          "WNSENSE": "entity%1:03:00"
        },
        "start": 34,
        "end": 45
      },
      "root": "#V2239837"
    },
    {
      "V2238445": {
        "id": "V2238445",
        "indicator": "F",
        "type": "SPATIAL-DISTANCE-REL",
        "word": "FOR",
        "roles": {
          "GROUND": "#V2238592",
          "LEX": "FOR"
        },
        "start": 0,
        "end": 8
      },
      "V2238592": {
        "id": "V2238592",
        "indicator": "INDEF-SET",
        "type": "REFERENTIAL-SEM",
        "word": null,
        "roles": {
          "SIZE": "UNIVERSAL",
          "LEX": "ALL"
        },
        "start": 4,
        "end": 8
      },
      "root": "#V2238445"
    },
    {
      "V2238685": {
        "id": "V2238685",
        "indicator": "SPEECHACT",
        "type": "SA_IDENTIFY",
        "word": null,
        "roles": {
          "CONTENT": "#V2238481",
          "LEX": "THOSE"
        },
        "start": 8,
        "end": 14
      },
      "V2238481": {
        "id": "V2238481",
        "indicator": "PRO-SET",
        "type": "REFERENTIAL-SEM",
        "word": "THOSE",
        "roles": {
          "PROFORM": "THOSE",
          "LEX": "THOSE",
          "WNSENSE": "entity%1:03:00"
        },
        "start": 8,
        "end": 14
      },
      "root": "#V2238685"
    },
    {
      "V2239835": {
        "id": "V2239835",
        "indicator": "SPEECHACT",
        "type": "SA_WH-QUESTION",
        "word": null,
        "roles": {
          "PUNCTYPE": "DECL",
          "CONTENT": "#V2238513",
          "FOCUS": "#V2238485",
          "LEX": "SPEAK"
        },
        "start": 14,
        "end": 46
      },
      "V2238513": {
        "id": "V2238513",
        "indicator": "F",
        "type": "SAY",
        "word": "SPEAK",
        "roles": {
          "AGENT": "#V2239172",
          "FORMAL": "#V2238615",
          "MOD": "#V2238531",
          "TENSE": "PRES",
          "MODALITY": "(:* ABILITY CAN)",
          "LEX": "SPEAK",
          "WNSENSE": "speak%2:32:00::"
        },
        "start": 14,
        "end": 45
      },
      "V2238615": {
        "id": "V2238615",
        "indicator": "THE",
        "type": "QUANTITY-ABSTR",
        "word": null,
        "roles": {
          "FIGURE": "#V2238485"
        },
        "start": 14,
        "end": 18
      },
      "V2238485": {
        "id": "V2238485",
        "indicator": "WH-TERM-SET",
        "type": "PERSON",
        "word": "WHO",
        "roles": {
          "PROFORM": "WHO",
          "LEX": "WHO",
          "WNSENSE": "person%1:03:00"
        },
        "start": 14,
        "end": 18
      },
      "V2239172": {
        "id": "V2239172",
        "indicator": "THE",
        "type": "SEQUENCE",
        "word": null,
        "roles": {
          "NAME-OF": "(T)",
          "VAL": "(T)",
          "LEX": "T"
        },
        "start": 22,
        "end": 24
      },
      "V2238531": {
        "id": "V2238531",
        "indicator": "F",
        "type": "PURCHASE-COST",
        "word": "FOR",
        "roles": {
          "GROUND": "#V2238575",
          "FIGURE": "#V2238513",
          "LEX": "FOR"
        },
        "start": 30,
        "end": 45
      },
      "V2238575": {
        "id": "V2238575",
        "indicator": "PRO-SET",
        "type": "REFERENTIAL-SEM",
        "word": "THEMSELVES",
        "roles": {
          "PROFORM": "THEMSELVES",
          "LEX": "THEMSELVES",
          "WNSENSE": "entity%1:03:00"
        },
        "start": 34,
        "end": 45
      },
      "root": "#V2239835"
    },
    {
      "V2238446": {
        "id": "V2238446",
        "indicator": "F",
        "type": "PURCHASE-COST",
        "word": "FOR",
        "roles": {
          "GROUND": "#V2238592",
          "LEX": "FOR"
        },
        "start": 0,
        "end": 8
      },
      "V2238592": {
        "id": "V2238592",
        "indicator": "INDEF-SET",
        "type": "REFERENTIAL-SEM",
        "word": null,
        "roles": {
          "SIZE": "UNIVERSAL",
          "LEX": "ALL"
        },
        "start": 4,
        "end": 8
      },
      "root": "#V2238446"
    },
    {
      "V2238685": {
        "id": "V2238685",
        "indicator": "SPEECHACT",
        "type": "SA_IDENTIFY",
        "word": null,
        "roles": {
          "CONTENT": "#V2238481",
          "LEX": "THOSE"
        },
        "start": 8,
        "end": 14
      },
      "V2238481": {
        "id": "V2238481",
        "indicator": "PRO-SET",
        "type": "REFERENTIAL-SEM",
        "word": "THOSE",
        "roles": {
          "PROFORM": "THOSE",
          "LEX": "THOSE",
          "WNSENSE": "entity%1:03:00"
        },
        "start": 8,
        "end": 14
      },
      "root": "#V2238685"
    },
    {
      "V2239841": {
        "id": "V2239841",
        "indicator": "SPEECHACT",
        "type": "SA_WH-QUESTION",
        "word": null,
        "roles": {
          "PUNCTYPE": "DECL",
          "CONTENT": "#V2238513",
          "FOCUS": "#V2238485",
          "LEX": "SPEAK"
        },
        "start": 14,
        "end": 46
      },
      "V2238513": {
        "id": "V2238513",
        "indicator": "F",
        "type": "SAY",
        "word": "SPEAK",
        "roles": {
          "AGENT": "#V2239172",
          "FORMAL": "#V2238615",
          "REASON": "#V2238525",
          "TENSE": "PRES",
          "MODALITY": "(:* ABILITY CAN)",
          "LEX": "SPEAK",
          "WNSENSE": "speak%2:32:00::"
        },
        "start": 14,
        "end": 45
      },
      "V2238615": {
        "id": "V2238615",
        "indicator": "THE",
        "type": "QUANTITY-ABSTR",
        "word": null,
        "roles": {
          "FIGURE": "#V2238485"
        },
        "start": 14,
        "end": 18
      },
      "V2238485": {
        "id": "V2238485",
        "indicator": "WH-TERM-SET",
        "type": "PERSON",
        "word": "WHO",
        "roles": {
          "PROFORM": "WHO",
          "LEX": "WHO",
          "WNSENSE": "person%1:03:00"
        },
        "start": 14,
        "end": 18
      },
      "V2239172": {
        "id": "V2239172",
        "indicator": "THE",
        "type": "SEQUENCE",
        "word": null,
        "roles": {
          "NAME-OF": "(T)",
          "VAL": "(T)",
          "LEX": "T"
        },
        "start": 22,
        "end": 24
      },
      "V2238525": {
        "id": "V2238525",
        "indicator": "F",
        "type": "PURPOSE",
        "word": "FOR",
        "roles": {
          "GROUND": "#V2238575",
          "FIGURE": "#V2238513",
          "LEX": "FOR"
        },
        "start": 30,
        "end": 45
      },
      "V2238575": {
        "id": "V2238575",
        "indicator": "PRO-SET",
        "type": "REFERENTIAL-SEM",
        "word": "THEMSELVES",
        "roles": {
          "PROFORM": "THEMSELVES",
          "LEX": "THEMSELVES",
          "WNSENSE": "entity%1:03:00"
        },
        "start": 34,
        "end": 45
      },
      "root": "#V2239841"
    },
    {
      "V2238446": {
        "id": "V2238446",
        "indicator": "F",
        "type": "PURCHASE-COST",
        "word": "FOR",
        "roles": {
          "GROUND": "#V2238592",
          "LEX": "FOR"
        },
        "start": 0,
        "end": 8
      },
      "V2238592": {
        "id": "V2238592",
        "indicator": "INDEF-SET",
        "type": "REFERENTIAL-SEM",
        "word": null,
        "roles": {
          "SIZE": "UNIVERSAL",
          "LEX": "ALL"
        },
        "start": 4,
        "end": 8
      },
      "root": "#V2238446"
    },
    {
      "V2238685": {
        "id": "V2238685",
        "indicator": "SPEECHACT",
        "type": "SA_IDENTIFY",
        "word": null,
        "roles": {
          "CONTENT": "#V2238481",
          "LEX": "THOSE"
        },
        "start": 8,
        "end": 14
      },
      "V2238481": {
        "id": "V2238481",
        "indicator": "PRO-SET",
        "type": "REFERENTIAL-SEM",
        "word": "THOSE",
        "roles": {
          "PROFORM": "THOSE",
          "LEX": "THOSE",
          "WNSENSE": "entity%1:03:00"
        },
        "start": 8,
        "end": 14
      },
      "root": "#V2238685"
    },
    {
      "V2239839": {
        "id": "V2239839",
        "indicator": "SPEECHACT",
        "type": "SA_WH-QUESTION",
        "word": null,
        "roles": {
          "PUNCTYPE": "DECL",
          "CONTENT": "#V2238513",
          "FOCUS": "#V2238485",
          "LEX": "SPEAK"
        },
        "start": 14,
        "end": 46
      },
      "V2238513": {
        "id": "V2238513",
        "indicator": "F",
        "type": "SAY",
        "word": "SPEAK",
        "roles": {
          "AGENT": "#V2239172",
          "FORMAL": "#V2238615",
          "BENEFICIARY": "#V2238528",
          "TENSE": "PRES",
          "MODALITY": "(:* ABILITY CAN)",
          "LEX": "SPEAK",
          "WNSENSE": "speak%2:32:00::"
        },
        "start": 14,
        "end": 45
      },
      "V2238615": {
        "id": "V2238615",
        "indicator": "THE",
        "type": "QUANTITY-ABSTR",
        "word": null,
        "roles": {
          "FIGURE": "#V2238485"
        },
        "start": 14,
        "end": 18
      },
      "V2238485": {
        "id": "V2238485",
        "indicator": "WH-TERM-SET",
        "type": "PERSON",
        "word": "WHO",
        "roles": {
          "PROFORM": "WHO",
          "LEX": "WHO",
          "WNSENSE": "person%1:03:00"
        },
        "start": 14,
        "end": 18
      },
      "V2239172": {
        "id": "V2239172",
        "indicator": "THE",
        "type": "SEQUENCE",
        "word": null,
        "roles": {
          "NAME-OF": "(T)",
          "VAL": "(T)",
          "LEX": "T"
        },
        "start": 22,
        "end": 24
      },
      "V2238528": {
        "id": "V2238528",
        "indicator": "F",
        "type": "BENEFICIARY",
        "word": "FOR",
        "roles": {
          "GROUND": "#V2238575",
          "FIGURE": "#V2238513",
          "LEX": "FOR"
        },
        "start": 30,
        "end": 45
      },
      "V2238575": {
        "id": "V2238575",
        "indicator": "PRO-SET",
        "type": "REFERENTIAL-SEM",
        "word": "THEMSELVES",
        "roles": {
          "PROFORM": "THEMSELVES",
          "LEX": "THEMSELVES",
          "WNSENSE": "entity%1:03:00"
        },
        "start": 34,
        "end": 45
      },
      "root": "#V2239839"
    },
    {
      "V2238446": {
        "id": "V2238446",
        "indicator": "F",
        "type": "PURCHASE-COST",
        "word": "FOR",
        "roles": {
          "GROUND": "#V2238592",
          "LEX": "FOR"
        },
        "start": 0,
        "end": 8
      },
      "V2238592": {
        "id": "V2238592",
        "indicator": "INDEF-SET",
        "type": "REFERENTIAL-SEM",
        "word": null,
        "roles": {
          "SIZE": "UNIVERSAL",
          "LEX": "ALL"
        },
        "start": 4,
        "end": 8
      },
      "root": "#V2238446"
    },
    {
      "V2238685": {
        "id": "V2238685",
        "indicator": "SPEECHACT",
        "type": "SA_IDENTIFY",
        "word": null,
        "roles": {
          "CONTENT": "#V2238481",
          "LEX": "THOSE"
        },
        "start": 8,
        "end": 14
      },
      "V2238481": {
        "id": "V2238481",
        "indicator": "PRO-SET",
        "type": "REFERENTIAL-SEM",
        "word": "THOSE",
        "roles": {
          "PROFORM": "THOSE",
          "LEX": "THOSE",
          "WNSENSE": "entity%1:03:00"
        },
        "start": 8,
        "end": 14
      },
      "root": "#V2238685"
    },
    {
      "V2239837": {
        "id": "V2239837",
        "indicator": "SPEECHACT",
        "type": "SA_WH-QUESTION",
        "word": null,
        "roles": {
          "PUNCTYPE": "DECL",
          "CONTENT": "#V2238513",
          "FOCUS": "#V2238485",
          "LEX": "SPEAK"
        },
        "start": 14,
        "end": 46
      },
      "V2238513": {
        "id": "V2238513",
        "indicator": "F",
        "type": "SAY",
        "word": "SPEAK",
        "roles": {
          "AGENT": "#V2239172",
          "FORMAL": "#V2238615",
          "EXTENT": "#V2238529",
          "TENSE": "PRES",
          "MODALITY": "(:* ABILITY CAN)",
          "LEX": "SPEAK",
          "WNSENSE": "speak%2:32:00::"
        },
        "start": 14,
        "end": 45
      },
      "V2238615": {
        "id": "V2238615",
        "indicator": "THE",
        "type": "QUANTITY-ABSTR",
        "word": null,
        "roles": {
          "FIGURE": "#V2238485"
        },
        "start": 14,
        "end": 18
      },
      "V2238485": {
        "id": "V2238485",
        "indicator": "WH-TERM-SET",
        "type": "PERSON",
        "word": "WHO",
        "roles": {
          "PROFORM": "WHO",
          "LEX": "WHO",
          "WNSENSE": "person%1:03:00"
        },
        "start": 14,
        "end": 18
      },
      "V2239172": {
        "id": "V2239172",
        "indicator": "THE",
        "type": "SEQUENCE",
        "word": null,
        "roles": {
          "NAME-OF": "(T)",
          "VAL": "(T)",
          "LEX": "T"
        },
        "start": 22,
        "end": 24
      },
      "V2238529": {
        "id": "V2238529",
        "indicator": "F",
        "type": "TIME-DURATION-REL",
        "word": "FOR",
        "roles": {
          "GROUND": "#V2238575",
          "FIGURE": "#V2238513",
          "LEX": "FOR"
        },
        "start": 30,
        "end": 45
      },
      "V2238575": {
        "id": "V2238575",
        "indicator": "PRO-SET",
        "type": "REFERENTIAL-SEM",
        "word": "THEMSELVES",
        "roles": {
          "PROFORM": "THEMSELVES",
          "LEX": "THEMSELVES",
          "WNSENSE": "entity%1:03:00"
        },
        "start": 34,
        "end": 45
      },
      "root": "#V2239837"
    },
    {
      "V2238446": {
        "id": "V2238446",
        "indicator": "F",
        "type": "PURCHASE-COST",
        "word": "FOR",
        "roles": {
          "GROUND": "#V2238592",
          "LEX": "FOR"
        },
        "start": 0,
        "end": 8
      },
      "V2238592": {
        "id": "V2238592",
        "indicator": "INDEF-SET",
        "type": "REFERENTIAL-SEM",
        "word": null,
        "roles": {
          "SIZE": "UNIVERSAL",
          "LEX": "ALL"
        },
        "start": 4,
        "end": 8
      },
      "root": "#V2238446"
    },
    {
      "V2238685": {
        "id": "V2238685",
        "indicator": "SPEECHACT",
        "type": "SA_IDENTIFY",
        "word": null,
        "roles": {
          "CONTENT": "#V2238481",
          "LEX": "THOSE"
        },
        "start": 8,
        "end": 14
      },
      "V2238481": {
        "id": "V2238481",
        "indicator": "PRO-SET",
        "type": "REFERENTIAL-SEM",
        "word": "THOSE",
        "roles": {
          "PROFORM": "THOSE",
          "LEX": "THOSE",
          "WNSENSE": "entity%1:03:00"
        },
        "start": 8,
        "end": 14
      },
      "root": "#V2238685"
    },
    {
      "V2239835": {
        "id": "V2239835",
        "indicator": "SPEECHACT",
        "type": "SA_WH-QUESTION",
        "word": null,
        "roles": {
          "PUNCTYPE": "DECL",
          "CONTENT": "#V2238513",
          "FOCUS": "#V2238485",
          "LEX": "SPEAK"
        },
        "start": 14,
        "end": 46
      },
      "V2238513": {
        "id": "V2238513",
        "indicator": "F",
        "type": "SAY",
        "word": "SPEAK",
        "roles": {
          "AGENT": "#V2239172",
          "FORMAL": "#V2238615",
          "MOD": "#V2238531",
          "TENSE": "PRES",
          "MODALITY": "(:* ABILITY CAN)",
          "LEX": "SPEAK",
          "WNSENSE": "speak%2:32:00::"
        },
        "start": 14,
        "end": 45
      },
      "V2238615": {
        "id": "V2238615",
        "indicator": "THE",
        "type": "QUANTITY-ABSTR",
        "word": null,
        "roles": {
          "FIGURE": "#V2238485"
        },
        "start": 14,
        "end": 18
      },
      "V2238485": {
        "id": "V2238485",
        "indicator": "WH-TERM-SET",
        "type": "PERSON",
        "word": "WHO",
        "roles": {
          "PROFORM": "WHO",
          "LEX": "WHO",
          "WNSENSE": "person%1:03:00"
        },
        "start": 14,
        "end": 18
      },
      "V2239172": {
        "id": "V2239172",
        "indicator": "THE",
        "type": "SEQUENCE",
        "word": null,
        "roles": {
          "NAME-OF": "(T)",
          "VAL": "(T)",
          "LEX": "T"
        },
        "start": 22,
        "end": 24
      },
      "V2238531": {
        "id": "V2238531",
        "indicator": "F",
        "type": "PURCHASE-COST",
        "word": "FOR",
        "roles": {
          "GROUND": "#V2238575",
          "FIGURE": "#V2238513",
          "LEX": "FOR"
        },
        "start": 30,
        "end": 45
      },
      "V2238575": {
        "id": "V2238575",
        "indicator": "PRO-SET",
        "type": "REFERENTIAL-SEM",
        "word": "THEMSELVES",
        "roles": {
          "PROFORM": "THEMSELVES",
          "LEX": "THEMSELVES",
          "WNSENSE": "entity%1:03:00"
        },
        "start": 34,
        "end": 45
      },
      "root": "#V2239835"
    }
  ],
  "inputtags": [],
  "debug": [
    "*last-utt-id*=NIL  utt-id+410",
    "*last-utt-id*=410  utt-id+410",
    "*last-utt-id*=410  utt-id+410",
    "*last-utt-id*=410  utt-id+NIL"
  ]
}
