{
  "parse": [
    {
      "V2604659": {
        "id": "V2604659",
        "indicator": "SPEECHACT",
        "type": "SA_RESPONSE",
        "word": null,
        "roles": {
          "CONTENT": "POS",
          "LEX": "YES"
        },
        "start": 0,
        "end": 4
      },
      "root": "#V2604659"
    },
    {
      "V2604816": {
        "id": "V2604816",
        "indicator": "SA-SEQ",
        "type": "SPEECH-ACT",
        "word": null,
        "roles": {
          "ACT": "#V2604676",
          "ACT1": "#V2604716",
          "LEX": "YOU"
        },
        "start": 4,
        "end": 13
      },
      "V2604676": {
        "id": "V2604676",
        "indicator": "SPEECHACT",
        "type": "SA_EVALUATE",
        "word": null,
        "roles": {
          "CONTENT": "#V2604541",
          "LEX": "OKAY"
        },
        "start": 4,
        "end": 9
      },
      "V2604541": {
        "id": "V2604541",
        "indicator": "F",
        "type": "GOOD",
        "word": "OKAY",
        "roles": {
          "ORIENTATION": "MORE",
          "INTENSITY": "LO",
          "FIGURE": "#V2604677",
          "SCALE": "GOODNESS-SCALE",
          "LEX": "OKAY",
          "WNSENSE": "okay%5:00:00:satisfactory:00"
        },
        "start": 4,
        "end": 9
      },
      "V2604677": {
        "id": "V2604677",
        "indicator": "IMPRO",
        "type": "ANY-SEM",
        "word": null,
        "roles": {},
        "start": 4,
        "end": 9
      },
      "V2604716": {
        "id": "V2604716",
        "indicator": "SPEECHACT",
        "type": "SA_IDENTIFY",
        "word": null,
        "roles": {
          "CONTENT": "#V2604556",
          "LEX": "YOU"
        },
        "start": 9,
        "end": 13
      },
      "V2604556": {
        "id": "V2604556",
        "indicator": "PRO",
        "type": "PERSON",
        "word": "YOU",
        "roles": {
          "PROFORM": "YOU",
          "LEX": "YOU",
          "WNSENSE": "person%1:03:00",
          "COREF": "SYS"
        },
        "start": 9,
        "end": 13
      },
      "root": "#V2604816"
    },
    {
      "V2604572": {
        "id": "V2604572",
        "indicator": "F",
        "type": "SITUATION-ROOT",
        "word": "VE",
        "roles": {
          "TENSE": "PRES",
          "MODALITY": "(:* POSSIBILITY MIGHT)",
          "LEX": "VE"
        },
        "start": 13,
        "end": 22
      },
      "root": "#V2604572"
    },
    {
      "V2605882": {
        "id": "V2605882",
        "indicator": "SPEECHACT",
        "type": "SA_TELL",
        "word": null,
        "roles": {
          "CONTENT": "#V2604577",
          "LEX": "TRADED"
        },
        "start": 22,
        "end": 51
      },
      "V2604577": {
        "id": "V2604577",
        "indicator": "F",
        "type": "EXCHANGE",
        "word": "TRADE",
        "roles": {
          "AGENT": "#V2605883",
          "AFFECTED": "#V2604586",
          "REASON": "#V2604593",
          "TENSE": "PAST",
          "LEX": "TRADED",
          "WNSENSE": "trade%2:40:00::"
        },
        "start": 22,
        "end": 51
      },
      "V2605883": {
        "id": "V2605883",
        "indicator": "IMPRO",
        "type": "REFERENTIAL-SEM",
        "word": null,
        "roles": {
          "PROFORM": "SUBJ",
          "COREF": "#V2604618"
        },
        "start": 22,
        "end": 51
      },
      "V2604586": {
        "id": "V2604586",
        "indicator": "THE",
        "type": "METHOD",
        "word": "DIGNITY",
        "roles": {
          "ASSOC-POSS": "#V2604580",
          "LEX": "DIGNITY",
          "WNSENSE": "dignity%1:07:01::"
        },
        "start": 29,
        "end": 42
      },
      "V2604580": {
        "id": "V2604580",
        "indicator": "PRO",
        "type": "PERSON",
        "word": "YOUR",
        "roles": {
          "LEX": "YOUR",
          "PROFORM": "YOUR",
          "WNSENSE": "person%1:03:00",
          "COREF": "SYS"
        },
        "start": 29,
        "end": 42
      },
      "V2604593": {
        "id": "V2604593",
        "indicator": "F",
        "type": "PURPOSE",
        "word": "FOR",
        "roles": {
          "GROUND": "#V2604618",
          "FIGURE": "#V2604577",
          "LEX": "FOR"
        },
        "start": 42,
        "end": 51
      },
      "V2604618": {
        "id": "V2604618",
        "indicator": "BARE",
        "type": "FAME-SCALE",
        "word": "FAME",
        "roles": {
          "LEX": "FAME",
          "WNSENSE": "fame%1:26:01::"
        },
        "start": 46,
        "end": 51
      },
      "root": "#V2605882"
    },
    {
      "V2604624": {
        "id": "V2604624",
        "indicator": "F",
        "type": "CONJUNCT",
        "word": "AND",
        "roles": {
          "LEX": "AND"
        },
        "start": 51,
        "end": 53
      },
      "root": "#V2604624"
    },
    {
      "V2604659": {
        "id": "V2604659",
        "indicator": "SPEECHACT",
        "type": "SA_RESPONSE",
        "word": null,
        "roles": {
          "CONTENT": "POS",
          "LEX": "YES"
        },
        "start": 0,
        "end": 4
      },
      "root": "#V2604659"
    },
    {
      "V2604816": {
        "id": "V2604816",
        "indicator": "SA-SEQ",
        "type": "SPEECH-ACT",
        "word": null,
        "roles": {
          "ACT": "#V2604676",
          "ACT1": "#V2604716",
          "LEX": "YOU"
        },
        "start": 4,
        "end": 13
      },
      "V2604676": {
        "id": "V2604676",
        "indicator": "SPEECHACT",
        "type": "SA_EVALUATE",
        "word": null,
        "roles": {
          "CONTENT": "#V2604541",
          "LEX": "OKAY"
        },
        "start": 4,
        "end": 9
      },
      "V2604541": {
        "id": "V2604541",
        "indicator": "F",
        "type": "GOOD",
        "word": "OKAY",
        "roles": {
          "ORIENTATION": "MORE",
          "INTENSITY": "LO",
          "FIGURE": "#V2604677",
          "SCALE": "GOODNESS-SCALE",
          "LEX": "OKAY",
          "WNSENSE": "okay%5:00:00:satisfactory:00"
        },
        "start": 4,
        "end": 9
      },
      "V2604677": {
        "id": "V2604677",
        "indicator": "IMPRO",
        "type": "ANY-SEM",
        "word": null,
        "roles": {},
        "start": 4,
        "end": 9
      },
      "V2604716": {
        "id": "V2604716",
        "indicator": "SPEECHACT",
        "type": "SA_IDENTIFY",
        "word": null,
        "roles": {
          "CONTENT": "#V2604556",
          "LEX": "YOU"
        },
        "start": 9,
        "end": 13
      },
      "V2604556": {
        "id": "V2604556",
        "indicator": "PRO",
        "type": "PERSON",
        "word": "YOU",
        "roles": {
          "PROFORM": "YOU",
          "LEX": "YOU",
          "WNSENSE": "person%1:03:00"
        },
        "start": 9,
        "end": 13
      },
      "root": "#V2604816"
    },
    {
      "V2604572": {
        "id": "V2604572",
        "indicator": "F",
        "type": "SITUATION-ROOT",
        "word": "VE",
        "roles": {
          "TENSE": "PAST",
          "MODALITY": "(:* POSSIBILITY MIGHT)",
          "LEX": "VE"
        },
        "start": 13,
        "end": 22
      },
      "root": "#V2604572"
    },
    {
      "V2605882": {
        "id": "V2605882",
        "indicator": "SPEECHACT",
        "type": "SA_TELL",
        "word": null,
        "roles": {
          "CONTENT": "#V2604577",
          "LEX": "TRADED"
        },
        "start": 22,
        "end": 51
      },
      "V2604577": {
        "id": "V2604577",
        "indicator": "F",
        "type": "EXCHANGE",
        "word": "TRADE",
        "roles": {
          "AGENT": "#V2605883",
          "AFFECTED": "#V2604586",
          "REASON": "#V2604593",
          "TENSE": "PAST",
          "LEX": "TRADED",
          "WNSENSE": "trade%2:40:00::"
        },
        "start": 22,
        "end": 51
      },
      "V2605883": {
        "id": "V2605883",
        "indicator": "IMPRO",
        "type": "REFERENTIAL-SEM",
        "word": null,
        "roles": {
          "PROFORM": "SUBJ"
        },
        "start": 22,
        "end": 51
      },
      "V2604586": {
        "id": "V2604586",
        "indicator": "THE",
        "type": "METHOD",
        "word": "DIGNITY",
        "roles": {
          "ASSOC-POSS": "#V2604580",
          "LEX": "DIGNITY",
          "WNSENSE": "dignity%1:07:01::"
        },
        "start": 29,
        "end": 42
      },
      "V2604580": {
        "id": "V2604580",
        "indicator": "PRO",
        "type": "PERSON",
        "word": "YOUR",
        "roles": {
          "LEX": "YOUR",
          "PROFORM": "YOUR",
          "WNSENSE": "person%1:03:00"
        },
        "start": 29,
        "end": 42
      },
      "V2604593": {
        "id": "V2604593",
        "indicator": "F",
        "type": "PURPOSE",
        "word": "FOR",
        "roles": {
          "GROUND": "#V2604618",
          "FIGURE": "#V2604577",
          "LEX": "FOR"
        },
        "start": 42,
        "end": 51
      },
      "V2604618": {
        "id": "V2604618",
        "indicator": "BARE",
        "type": "FAME-SCALE",
        "word": "FAME",
        "roles": {
          "LEX": "FAME",
          "WNSENSE": "fame%1:26:01::"
        },
        "start": 46,
        "end": 51
      },
      "root": "#V2605882"
    },
    {
      "V2604624": {
        "id": "V2604624",
        "indicator": "F",
        "type": "CONJUNCT",
        "word": "AND",
        "roles": {
          "LEX": "AND"
        },
        "start": 51,
        "end": 54
      },
      "root": "#V2604624"
    },
    {
      "V2604659": {
        "id": "V2604659",
        "indicator": "SPEECHACT",
        "type": "SA_RESPONSE",
        "word": null,
        "roles": {
          "CONTENT": "POS",
          "LEX": "YES"
        },
        "start": 0,
        "end": 4
      },
      "root": "#V2604659"
    },
    {
      "V2604815": {
        "id": "V2604815",
        "indicator": "SA-SEQ",
        "type": "SPEECH-ACT",
        "word": null,
        "roles": {
          "ACT": "#V2604670",
          "ACT1": "#V2604716",
          "LEX": "YOU"
        },
        "start": 4,
        "end": 13
      },
      "V2604670": {
        "id": "V2604670",
        "indicator": "SPEECHACT",
        "type": "SA_EVALUATE",
        "word": null,
        "roles": {
          "CONTENT": "#V2604540",
          "LEX": "OKAY"
        },
        "start": 4,
        "end": 9
      },
      "V2604540": {
        "id": "V2604540",
        "indicator": "F",
        "type": "GOOD",
        "word": "OKAY",
        "roles": {
          "ORIENTATION": "MORE",
          "INTENSITY": "LO",
          "FIGURE": "#V2604671",
          "SCALE": "GOODNESS-SCALE",
          "LEX": "OKAY",
          "WNSENSE": "okay%5:00:00:satisfactory:00"
        },
        "start": 4,
        "end": 9
      },
      "V2604671": {
        "id": "V2604671",
        "indicator": "IMPRO",
        "type": "ANY-SEM",
        "word": null,
        "roles": {},
        "start": 4,
        "end": 9
      },
      "V2604716": {
        "id": "V2604716",
        "indicator": "SPEECHACT",
        "type": "SA_IDENTIFY",
        "word": null,
        "roles": {
          "CONTENT": "#V2604556",
          "LEX": "YOU"
        },
        "start": 9,
        "end": 13
      },
      "V2604556": {
        "id": "V2604556",
        "indicator": "PRO",
        "type": "PERSON",
        "word": "YOU",
        "roles": {
          "PROFORM": "YOU",
          "LEX": "YOU",
          "WNSENSE": "person%1:03:00"
        },
        "start": 9,
        "end": 13
      },
      "root": "#V2604815"
    },
    {
      "V2604572": {
        "id": "V2604572",
        "indicator": "F",
        "type": "SITUATION-ROOT",
        "word": "VE",
        "roles": {
          "TENSE": "PRES",
          "MODALITY": "(:* POSSIBILITY MIGHT)",
          "LEX": "VE"
        },
        "start": 13,
        "end": 22
      },
      "root": "#V2604572"
    },
    {
      "V2605882": {
        "id": "V2605882",
        "indicator": "SPEECHACT",
        "type": "SA_TELL",
        "word": null,
        "roles": {
          "CONTENT": "#V2604577",
          "LEX": "TRADED"
        },
        "start": 22,
        "end": 51
      },
      "V2604577": {
        "id": "V2604577",
        "indicator": "F",
        "type": "EXCHANGE",
        "word": "TRADE",
        "roles": {
          "AGENT": "#V2605883",
          "AFFECTED": "#V2604586",
          "REASON": "#V2604593",
          "TENSE": "PAST",
          "LEX": "TRADED",
          "WNSENSE": "trade%2:40:00::"
        },
        "start": 22,
        "end": 51
      },
      "V2605883": {
        "id": "V2605883",
        "indicator": "IMPRO",
        "type": "REFERENTIAL-SEM",
        "word": null,
        "roles": {
          "PROFORM": "SUBJ"
        },
        "start": 22,
        "end": 51
      },
      "V2604586": {
        "id": "V2604586",
        "indicator": "THE",
        "type": "METHOD",
        "word": "DIGNITY",
        "roles": {
          "ASSOC-POSS": "#V2604580",
          "LEX": "DIGNITY",
          "WNSENSE": "dignity%1:07:01::"
        },
        "start": 29,
        "end": 42
      },
      "V2604580": {
        "id": "V2604580",
        "indicator": "PRO",
        "type": "PERSON",
        "word": "YOUR",
        "roles": {
          "LEX": "YOUR",
          "PROFORM": "YOUR",
          "WNSENSE": "person%1:03:00"
        },
        "start": 29,
        "end": 42
      },
      "V2604593": {
        "id": "V2604593",
        "indicator": "F",
        "type": "PURPOSE",
        "word": "FOR",
        "roles": {
          "GROUND": "#V2604618",
          "FIGURE": "#V2604577",
          "LEX": "FOR"
        },
        "start": 42,
        "end": 51
      },
      "V2604618": {
        "id": "V2604618",
        "indicator": "BARE",
        "type": "FAME-SCALE",
        "word": "FAME",
        "roles": {
          "LEX": "FAME",
          "WNSENSE": "fame%1:26:01::"
        },
        "start": 46,
        "end": 51
      },
      "root": "#V2605882"
    },
    {
      "V2604624": {
        "id": "V2604624",
        "indicator": "F",
        "type": "CONJUNCT",
        "word": "AND",
        "roles": {
          "LEX": "AND"
        },
        "start": 51,
        "end": 54
      },
      "root": "#V2604624"
    },
    {
      "V2604659": {
        "id": "V2604659",
        "indicator": "SPEECHACT",
        "type": "SA_RESPONSE",
        "word": null,
        "roles": {
          "CONTENT": "POS",
          "LEX": "YES"
        },
        "start": 0,
        "end": 4
      },
      "root": "#V2604659"
    },
    {
      "V2604815": {
        "id": "V2604815",
        "indicator": "SA-SEQ",
        "type": "SPEECH-ACT",
        "word": null,
        "roles": {
          "ACT": "#V2604670",
          "ACT1": "#V2604716",
          "LEX": "YOU"
        },
        "start": 4,
        "end": 13
      },
      "V2604670": {
        "id": "V2604670",
        "indicator": "SPEECHACT",
        "type": "SA_EVALUATE",
        "word": null,
        "roles": {
          "CONTENT": "#V2604540",
          "LEX": "OKAY"
        },
        "start": 4,
        "end": 9
      },
      "V2604540": {
        "id": "V2604540",
        "indicator": "F",
        "type": "GOOD",
        "word": "OKAY",
        "roles": {
          "ORIENTATION": "MORE",
          "INTENSITY": "LO",
          "FIGURE": "#V2604671",
          "SCALE": "GOODNESS-SCALE",
          "LEX": "OKAY",
          "WNSENSE": "okay%5:00:00:satisfactory:00"
        },
        "start": 4,
        "end": 9
      },
      "V2604671": {
        "id": "V2604671",
        "indicator": "IMPRO",
        "type": "ANY-SEM",
        "word": null,
        "roles": {},
        "start": 4,
        "end": 9
      },
      "V2604716": {
        "id": "V2604716",
        "indicator": "SPEECHACT",
        "type": "SA_IDENTIFY",
        "word": null,
        "roles": {
          "CONTENT": "#V2604556",
          "LEX": "YOU"
        },
        "start": 9,
        "end": 13
      },
      "V2604556": {
        "id": "V2604556",
        "indicator": "PRO",
        "type": "PERSON",
        "word": "YOU",
        "roles": {
          "PROFORM": "YOU",
          "LEX": "YOU",
          "WNSENSE": "person%1:03:00"
        },
        "start": 9,
        "end": 13
      },
      "root": "#V2604815"
    },
    {
      "V2604572": {
        "id": "V2604572",
        "indicator": "F",
        "type": "SITUATION-ROOT",
        "word": "VE",
        "roles": {
          "TENSE": "PAST",
          "MODALITY": "(:* POSSIBILITY MIGHT)",
          "LEX": "VE"
        },
        "start": 13,
        "end": 22
      },
      "root": "#V2604572"
    },
    {
      "V2605882": {
        "id": "V2605882",
        "indicator": "SPEECHACT",
        "type": "SA_TELL",
        "word": null,
        "roles": {
          "CONTENT": "#V2604577",
          "LEX": "TRADED"
        },
        "start": 22,
        "end": 51
      },
      "V2604577": {
        "id": "V2604577",
        "indicator": "F",
        "type": "EXCHANGE",
        "word": "TRADE",
        "roles": {
          "AGENT": "#V2605883",
          "AFFECTED": "#V2604586",
          "REASON": "#V2604593",
          "TENSE": "PAST",
          "LEX": "TRADED",
          "WNSENSE": "trade%2:40:00::"
        },
        "start": 22,
        "end": 51
      },
      "V2605883": {
        "id": "V2605883",
        "indicator": "IMPRO",
        "type": "REFERENTIAL-SEM",
        "word": null,
        "roles": {
          "PROFORM": "SUBJ"
        },
        "start": 22,
        "end": 51
      },
      "V2604586": {
        "id": "V2604586",
        "indicator": "THE",
        "type": "METHOD",
        "word": "DIGNITY",
        "roles": {
          "ASSOC-POSS": "#V2604580",
          "LEX": "DIGNITY",
          "WNSENSE": "dignity%1:07:01::"
        },
        "start": 29,
        "end": 42
      },
      "V2604580": {
        "id": "V2604580",
        "indicator": "PRO",
        "type": "PERSON",
        "word": "YOUR",
        "roles": {
          "LEX": "YOUR",
          "PROFORM": "YOUR",
          "WNSENSE": "person%1:03:00"
        },
        "start": 29,
        "end": 42
      },
      "V2604593": {
        "id": "V2604593",
        "indicator": "F",
        "type": "PURPOSE",
        "word": "FOR",
        "roles": {
          "GROUND": "#V2604618",
          "FIGURE": "#V2604577",
          "LEX": "FOR"
        },
        "start": 42,
        "end": 51
      },
      "V2604618": {
        "id": "V2604618",
        "indicator": "BARE",
        "type": "FAME-SCALE",
        "word": "FAME",
        "roles": {
          "LEX": "FAME",
          "WNSENSE": "fame%1:26:01::"
        },
        "start": 46,
        "end": 51
      },
      "root": "#V2605882"
    },
    {
      "V2604624": {
        "id": "V2604624",
        "indicator": "F",
        "type": "CONJUNCT",
        "word": "AND",
        "roles": {
          "LEX": "AND"
        },
        "start": 51,
        "end": 54
      },
      "root": "#V2604624"
    },
    {
      "V2604659": {
        "id": "V2604659",
        "indicator": "SPEECHACT",
        "type": "SA_RESPONSE",
        "word": null,
        "roles": {
          "CONTENT": "POS",
          "LEX": "YES"
        },
        "start": 0,
        "end": 4
      },
      "root": "#V2604659"
    },
    {
      "V2604814": {
        "id": "V2604814",
        "indicator": "SA-SEQ",
        "type": "SPEECH-ACT",
        "word": null,
        "roles": {
          "ACT": "#V2604664",
          "ACT1": "#V2604716",
          "LEX": "YOU"
        },
        "start": 4,
        "end": 13
      },
      "V2604664": {
        "id": "V2604664",
        "indicator": "SPEECHACT",
        "type": "SA_EVALUATE",
        "word": null,
        "roles": {
          "CONTENT": "#V2604539",
          "LEX": "OKAY"
        },
        "start": 4,
        "end": 9
      },
      "V2604539": {
        "id": "V2604539",
        "indicator": "F",
        "type": "GOOD",
        "word": "OKAY",
        "roles": {
          "ORIENTATION": "MORE",
          "INTENSITY": "LO",
          "FIGURE": "#V2604665",
          "SCALE": "GOODNESS-SCALE",
          "LEX": "OKAY",
          "WNSENSE": "okay%5:00:00:satisfactory:00"
        },
        "start": 4,
        "end": 9
      },
      "V2604665": {
        "id": "V2604665",
        "indicator": "IMPRO",
        "type": "ANY-SEM",
        "word": null,
        "roles": {},
        "start": 4,
        "end": 9
      },
      "V2604716": {
        "id": "V2604716",
        "indicator": "SPEECHACT",
        "type": "SA_IDENTIFY",
        "word": null,
        "roles": {
          "CONTENT": "#V2604556",
          "LEX": "YOU"
        },
        "start": 9,
        "end": 13
      },
      "V2604556": {
        "id": "V2604556",
        "indicator": "PRO",
        "type": "PERSON",
        "word": "YOU",
        "roles": {
          "PROFORM": "YOU",
          "LEX": "YOU",
          "WNSENSE": "person%1:03:00"
        },
        "start": 9,
        "end": 13
      },
      "root": "#V2604814"
    },
    {
      "V2604572": {
        "id": "V2604572",
        "indicator": "F",
        "type": "SITUATION-ROOT",
        "word": "VE",
        "roles": {
          "TENSE": "PRES",
          "MODALITY": "(:* POSSIBILITY MIGHT)",
          "LEX": "VE"
        },
        "start": 13,
        "end": 22
      },
      "root": "#V2604572"
    },
    {
      "V2605882": {
        "id": "V2605882",
        "indicator": "SPEECHACT",
        "type": "SA_TELL",
        "word": null,
        "roles": {
          "CONTENT": "#V2604577",
          "LEX": "TRADED"
        },
        "start": 22,
        "end": 51
      },
      "V2604577": {
        "id": "V2604577",
        "indicator": "F",
        "type": "EXCHANGE",
        "word": "TRADE",
        "roles": {
          "AGENT": "#V2605883",
          "AFFECTED": "#V2604586",
          "REASON": "#V2604593",
          "TENSE": "PAST",
          "LEX": "TRADED",
          "WNSENSE": "trade%2:40:00::"
        },
        "start": 22,
        "end": 51
      },
      "V2605883": {
        "id": "V2605883",
        "indicator": "IMPRO",
        "type": "REFERENTIAL-SEM",
        "word": null,
        "roles": {
          "PROFORM": "SUBJ"
        },
        "start": 22,
        "end": 51
      },
      "V2604586": {
        "id": "V2604586",
        "indicator": "THE",
        "type": "METHOD",
        "word": "DIGNITY",
        "roles": {
          "ASSOC-POSS": "#V2604580",
          "LEX": "DIGNITY",
          "WNSENSE": "dignity%1:07:01::"
        },
        "start": 29,
        "end": 42
      },
      "V2604580": {
        "id": "V2604580",
        "indicator": "PRO",
        "type": "PERSON",
        "word": "YOUR",
        "roles": {
          "LEX": "YOUR",
          "PROFORM": "YOUR",
          "WNSENSE": "person%1:03:00"
        },
        "start": 29,
        "end": 42
      },
      "V2604593": {
        "id": "V2604593",
        "indicator": "F",
        "type": "PURPOSE",
        "word": "FOR",
        "roles": {
          "GROUND": "#V2604618",
          "FIGURE": "#V2604577",
          "LEX": "FOR"
        },
        "start": 42,
        "end": 51
      },
      "V2604618": {
        "id": "V2604618",
        "indicator": "BARE",
        "type": "FAME-SCALE",
        "word": "FAME",
        "roles": {
          "LEX": "FAME",
          "WNSENSE": "fame%1:26:01::"
        },
        "start": 46,
        "end": 51
      },
      "root": "#V2605882"
    },
    {
      "V2604624": {
        "id": "V2604624",
        "indicator": "F",
        "type": "CONJUNCT",
        "word": "AND",
        "roles": {
          "LEX": "AND"
        },
        "start": 51,
        "end": 54
      },
      "root": "#V2604624"
    },
    {
      "V2604659": {
        "id": "V2604659",
        "indicator": "SPEECHACT",
        "type": "SA_RESPONSE",
        "word": null,
        "roles": {
          "CONTENT": "POS",
          "LEX": "YES"
        },
        "start": 0,
        "end": 4
      },
      "root": "#V2604659"
    },
    {
      "V2604814": {
        "id": "V2604814",
        "indicator": "SA-SEQ",
        "type": "SPEECH-ACT",
        "word": null,
        "roles": {
          "ACT": "#V2604664",
          "ACT1": "#V2604716",
          "LEX": "YOU"
        },
        "start": 4,
        "end": 13
      },
      "V2604664": {
        "id": "V2604664",
        "indicator": "SPEECHACT",
        "type": "SA_EVALUATE",
        "word": null,
        "roles": {
          "CONTENT": "#V2604539",
          "LEX": "OKAY"
        },
        "start": 4,
        "end": 9
      },
      "V2604539": {
        "id": "V2604539",
        "indicator": "F",
        "type": "GOOD",
        "word": "OKAY",
        "roles": {
          "ORIENTATION": "MORE",
          "INTENSITY": "LO",
          "FIGURE": "#V2604665",
          "SCALE": "GOODNESS-SCALE",
          "LEX": "OKAY",
          "WNSENSE": "okay%5:00:00:satisfactory:00"
        },
        "start": 4,
        "end": 9
      },
      "V2604665": {
        "id": "V2604665",
        "indicator": "IMPRO",
        "type": "ANY-SEM",
        "word": null,
        "roles": {},
        "start": 4,
        "end": 9
      },
      "V2604716": {
        "id": "V2604716",
        "indicator": "SPEECHACT",
        "type": "SA_IDENTIFY",
        "word": null,
        "roles": {
          "CONTENT": "#V2604556",
          "LEX": "YOU"
        },
        "start": 9,
        "end": 13
      },
      "V2604556": {
        "id": "V2604556",
        "indicator": "PRO",
        "type": "PERSON",
        "word": "YOU",
        "roles": {
          "PROFORM": "YOU",
          "LEX": "YOU",
          "WNSENSE": "person%1:03:00"
        },
        "start": 9,
        "end": 13
      },
      "root": "#V2604814"
    },
    {
      "V2604572": {
        "id": "V2604572",
        "indicator": "F",
        "type": "SITUATION-ROOT",
        "word": "VE",
        "roles": {
          "TENSE": "PAST",
          "MODALITY": "(:* POSSIBILITY MIGHT)",
          "LEX": "VE"
        },
        "start": 13,
        "end": 22
      },
      "root": "#V2604572"
    },
    {
      "V2605882": {
        "id": "V2605882",
        "indicator": "SPEECHACT",
        "type": "SA_TELL",
        "word": null,
        "roles": {
          "CONTENT": "#V2604577",
          "LEX": "TRADED"
        },
        "start": 22,
        "end": 51
      },
      "V2604577": {
        "id": "V2604577",
        "indicator": "F",
        "type": "EXCHANGE",
        "word": "TRADE",
        "roles": {
          "AGENT": "#V2605883",
          "AFFECTED": "#V2604586",
          "REASON": "#V2604593",
          "TENSE": "PAST",
          "LEX": "TRADED",
          "WNSENSE": "trade%2:40:00::"
        },
        "start": 22,
        "end": 51
      },
      "V2605883": {
        "id": "V2605883",
        "indicator": "IMPRO",
        "type": "REFERENTIAL-SEM",
        "word": null,
        "roles": {
          "PROFORM": "SUBJ"
        },
        "start": 22,
        "end": 51
      },
      "V2604586": {
        "id": "V2604586",
        "indicator": "THE",
        "type": "METHOD",
        "word": "DIGNITY",
        "roles": {
          "ASSOC-POSS": "#V2604580",
          "LEX": "DIGNITY",
          "WNSENSE": "dignity%1:07:01::"
        },
        "start": 29,
        "end": 42
      },
      "V2604580": {
        "id": "V2604580",
        "indicator": "PRO",
        "type": "PERSON",
        "word": "YOUR",
        "roles": {
          "LEX": "YOUR",
          "PROFORM": "YOUR",
          "WNSENSE": "person%1:03:00"
        },
        "start": 29,
        "end": 42
      },
      "V2604593": {
        "id": "V2604593",
        "indicator": "F",
        "type": "PURPOSE",
        "word": "FOR",
        "roles": {
          "GROUND": "#V2604618",
          "FIGURE": "#V2604577",
          "LEX": "FOR"
        },
        "start": 42,
        "end": 51
      },
      "V2604618": {
        "id": "V2604618",
        "indicator": "BARE",
        "type": "FAME-SCALE",
        "word": "FAME",
        "roles": {
          "LEX": "FAME",
          "WNSENSE": "fame%1:26:01::"
        },
        "start": 46,
        "end": 51
      },
      "root": "#V2605882"
    },
    {
      "V2604624": {
        "id": "V2604624",
        "indicator": "F",
        "type": "CONJUNCT",
        "word": "AND",
        "roles": {
          "LEX": "AND"
        },
        "start": 51,
        "end": 54
      },
      "root": "#V2604624"
    },
    {
      "V2604659": {
        "id": "V2604659",
        "indicator": "SPEECHACT",
        "type": "SA_RESPONSE",
        "word": null,
        "roles": {
          "CONTENT": "POS",
          "LEX": "YES"
        },
        "start": 0,
        "end": 4
      },
      "root": "#V2604659"
    },
    {
      "V2604816": {
        "id": "V2604816",
        "indicator": "SA-SEQ",
        "type": "SPEECH-ACT",
        "word": null,
        "roles": {
          "ACT": "#V2604676",
          "ACT1": "#V2604716",
          "LEX": "YOU"
        },
        "start": 4,
        "end": 13
      },
      "V2604676": {
        "id": "V2604676",
        "indicator": "SPEECHACT",
        "type": "SA_EVALUATE",
        "word": null,
        "roles": {
          "CONTENT": "#V2604541",
          "LEX": "OKAY"
        },
        "start": 4,
        "end": 9
      },
      "V2604541": {
        "id": "V2604541",
        "indicator": "F",
        "type": "GOOD",
        "word": "OKAY",
        "roles": {
          "ORIENTATION": "MORE",
          "INTENSITY": "LO",
          "FIGURE": "#V2604677",
          "SCALE": "GOODNESS-SCALE",
          "LEX": "OKAY",
          "WNSENSE": "okay%5:00:00:satisfactory:00"
        },
        "start": 4,
        "end": 9
      },
      "V2604677": {
        "id": "V2604677",
        "indicator": "IMPRO",
        "type": "ANY-SEM",
        "word": null,
        "roles": {},
        "start": 4,
        "end": 9
      },
      "V2604716": {
        "id": "V2604716",
        "indicator": "SPEECHACT",
        "type": "SA_IDENTIFY",
        "word": null,
        "roles": {
          "CONTENT": "#V2604556",
          "LEX": "YOU"
        },
        "start": 9,
        "end": 13
      },
      "V2604556": {
        "id": "V2604556",
        "indicator": "PRO",
        "type": "PERSON",
        "word": "YOU",
        "roles": {
          "PROFORM": "YOU",
          "LEX": "YOU",
          "WNSENSE": "person%1:03:00"
        },
        "start": 9,
        "end": 13
      },
      "root": "#V2604816"
    },
    {
      "V2604572": {
        "id": "V2604572",
        "indicator": "F",
        "type": "SITUATION-ROOT",
        "word": "VE",
        "roles": {
          "TENSE": "PRES",
          "MODALITY": "(:* POSSIBILITY MIGHT)",
          "LEX": "VE"
        },
        "start": 13,
        "end": 22
      },
      "root": "#V2604572"
    },
    {
      "V2605885": {
        "id": "V2605885",
        "indicator": "SPEECHACT",
        "type": "SA_TELL",
        "word": null,
        "roles": {
          "CONTENT": "#V2604577",
          "LEX": "TRADED"
        },
        "start": 22,
        "end": 51
      },
      "V2604577": {
        "id": "V2604577",
        "indicator": "F",
        "type": "EXCHANGE",
        "word": "TRADE",
        "roles": {
          "AGENT": "#V2605886",
          "AFFECTED": "#V2604586",
          "TENSE": "PAST",
          "LEX": "TRADED",
          "WNSENSE": "trade%2:40:00::"
        },
        "start": 22,
        "end": 51
      },
      "V2605886": {
        "id": "V2605886",
        "indicator": "IMPRO",
        "type": "REFERENTIAL-SEM",
        "word": null,
        "roles": {
          "PROFORM": "SUBJ"
        },
        "start": 22,
        "end": 51
      },
      "V2604586": {
        "id": "V2604586",
        "indicator": "THE",
        "type": "METHOD",
        "word": "DIGNITY",
        "roles": {
          "ASSOC-POSS": "#V2604580",
          "MOD": "#V2604595",
          "LEX": "DIGNITY",
          "WNSENSE": "dignity%1:07:01::"
        },
        "start": 29,
        "end": 51
      },
      "V2604580": {
        "id": "V2604580",
        "indicator": "PRO",
        "type": "PERSON",
        "word": "YOUR",
        "roles": {
          "LEX": "YOUR",
          "PROFORM": "YOUR",
          "WNSENSE": "person%1:03:00"
        },
        "start": 29,
        "end": 51
      },
      "V2604595": {
        "id": "V2604595",
        "indicator": "F",
        "type": "ASSOC-WITH",
        "word": "FOR",
        "roles": {
          "GROUND": "#V2604618",
          "FIGURE": "#V2604586",
          "LEX": "FOR"
        },
        "start": 42,
        "end": 51
      },
      "V2604618": {
        "id": "V2604618",
        "indicator": "BARE",
        "type": "FAME-SCALE",
        "word": "FAME",
        "roles": {
          "LEX": "FAME",
          "WNSENSE": "fame%1:26:01::"
        },
        "start": 46,
        "end": 51
      },
      "root": "#V2605885"
    },
    {
      "V2604624": {
        "id": "V2604624",
        "indicator": "F",
        "type": "CONJUNCT",
        "word": "AND",
        "roles": {
          "LEX": "AND"
        },
        "start": 51,
        "end": 54
      },
      "root": "#V2604624"
    },
    {
      "V2604659": {
        "id": "V2604659",
        "indicator": "SPEECHACT",
        "type": "SA_RESPONSE",
        "word": null,
        "roles": {
          "CONTENT": "POS",
          "LEX": "YES"
        },
        "start": 0,
        "end": 4
      },
      "root": "#V2604659"
    },
    {
      "V2604816": {
        "id": "V2604816",
        "indicator": "SA-SEQ",
        "type": "SPEECH-ACT",
        "word": null,
        "roles": {
          "ACT": "#V2604676",
          "ACT1": "#V2604716",
          "LEX": "YOU"
        },
        "start": 4,
        "end": 13
      },
      "V2604676": {
        "id": "V2604676",
        "indicator": "SPEECHACT",
        "type": "SA_EVALUATE",
        "word": null,
        "roles": {
          "CONTENT": "#V2604541",
          "LEX": "OKAY"
        },
        "start": 4,
        "end": 9
      },
      "V2604541": {
        "id": "V2604541",
        "indicator": "F",
        "type": "GOOD",
        "word": "OKAY",
        "roles": {
          "ORIENTATION": "MORE",
          "INTENSITY": "LO",
          "FIGURE": "#V2604677",
          "SCALE": "GOODNESS-SCALE",
          "LEX": "OKAY",
          "WNSENSE": "okay%5:00:00:satisfactory:00"
        },
        "start": 4,
        "end": 9
      },
      "V2604677": {
        "id": "V2604677",
        "indicator": "IMPRO",
        "type": "ANY-SEM",
        "word": null,
        "roles": {},
        "start": 4,
        "end": 9
      },
      "V2604716": {
        "id": "V2604716",
        "indicator": "SPEECHACT",
        "type": "SA_IDENTIFY",
        "word": null,
        "roles": {
          "CONTENT": "#V2604556",
          "LEX": "YOU"
        },
        "start": 9,
        "end": 13
      },
      "V2604556": {
        "id": "V2604556",
        "indicator": "PRO",
        "type": "PERSON",
        "word": "YOU",
        "roles": {
          "PROFORM": "YOU",
          "LEX": "YOU",
          "WNSENSE": "person%1:03:00"
        },
        "start": 9,
        "end": 13
      },
      "root": "#V2604816"
    },
    {
      "V2604572": {
        "id": "V2604572",
        "indicator": "F",
        "type": "SITUATION-ROOT",
        "word": "VE",
        "roles": {
          "TENSE": "PAST",
          "MODALITY": "(:* POSSIBILITY MIGHT)",
          "LEX": "VE"
        },
        "start": 13,
        "end": 22
      },
      "root": "#V2604572"
    },
    {
      "V2605885": {
        "id": "V2605885",
        "indicator": "SPEECHACT",
        "type": "SA_TELL",
        "word": null,
        "roles": {
          "CONTENT": "#V2604577",
          "LEX": "TRADED"
        },
        "start": 22,
        "end": 51
      },
      "V2604577": {
        "id": "V2604577",
        "indicator": "F",
        "type": "EXCHANGE",
        "word": "TRADE",
        "roles": {
          "AGENT": "#V2605886",
          "AFFECTED": "#V2604586",
          "TENSE": "PAST",
          "LEX": "TRADED",
          "WNSENSE": "trade%2:40:00::"
        },
        "start": 22,
        "end": 51
      },
      "V2605886": {
        "id": "V2605886",
        "indicator": "IMPRO",
        "type": "REFERENTIAL-SEM",
        "word": null,
        "roles": {
          "PROFORM": "SUBJ"
        },
        "start": 22,
        "end": 51
      },
      "V2604586": {
        "id": "V2604586",
        "indicator": "THE",
        "type": "METHOD",
        "word": "DIGNITY",
        "roles": {
          "ASSOC-POSS": "#V2604580",
          "MOD": "#V2604595",
          "LEX": "DIGNITY",
          "WNSENSE": "dignity%1:07:01::"
        },
        "start": 29,
        "end": 51
      },
      "V2604580": {
        "id": "V2604580",
        "indicator": "PRO",
        "type": "PERSON",
        "word": "YOUR",
        "roles": {
          "LEX": "YOUR",
          "PROFORM": "YOUR",
          "WNSENSE": "person%1:03:00"
        },
        "start": 29,
        "end": 51
      },
      "V2604595": {
        "id": "V2604595",
        "indicator": "F",
        "type": "ASSOC-WITH",
        "word": "FOR",
        "roles": {
          "GROUND": "#V2604618",
          "FIGURE": "#V2604586",
          "LEX": "FOR"
        },
        "start": 42,
        "end": 51
      },
      "V2604618": {
        "id": "V2604618",
        "indicator": "BARE",
        "type": "FAME-SCALE",
        "word": "FAME",
        "roles": {
          "LEX": "FAME",
          "WNSENSE": "fame%1:26:01::"
        },
        "start": 46,
        "end": 51
      },
      "root": "#V2605885"
    },
    {
      "V2604624": {
        "id": "V2604624",
        "indicator": "F",
        "type": "CONJUNCT",
        "word": "AND",
        "roles": {
          "LEX": "AND"
        },
        "start": 51,
        "end": 54
      },
      "root": "#V2604624"
    },
    {
      "V2604659": {
        "id": "V2604659",
        "indicator": "SPEECHACT",
        "type": "SA_RESPONSE",
        "word": null,
        "roles": {
          "CONTENT": "POS",
          "LEX": "YES"
        },
        "start": 0,
        "end": 4
      },
      "root": "#V2604659"
    },
    {
      "V2604815": {
        "id": "V2604815",
        "indicator": "SA-SEQ",
        "type": "SPEECH-ACT",
        "word": null,
        "roles": {
          "ACT": "#V2604670",
          "ACT1": "#V2604716",
          "LEX": "YOU"
        },
        "start": 4,
        "end": 13
      },
      "V2604670": {
        "id": "V2604670",
        "indicator": "SPEECHACT",
        "type": "SA_EVALUATE",
        "word": null,
        "roles": {
          "CONTENT": "#V2604540",
          "LEX": "OKAY"
        },
        "start": 4,
        "end": 9
      },
      "V2604540": {
        "id": "V2604540",
        "indicator": "F",
        "type": "GOOD",
        "word": "OKAY",
        "roles": {
          "ORIENTATION": "MORE",
          "INTENSITY": "LO",
          "FIGURE": "#V2604671",
          "SCALE": "GOODNESS-SCALE",
          "LEX": "OKAY",
          "WNSENSE": "okay%5:00:00:satisfactory:00"
        },
        "start": 4,
        "end": 9
      },
      "V2604671": {
        "id": "V2604671",
        "indicator": "IMPRO",
        "type": "ANY-SEM",
        "word": null,
        "roles": {},
        "start": 4,
        "end": 9
      },
      "V2604716": {
        "id": "V2604716",
        "indicator": "SPEECHACT",
        "type": "SA_IDENTIFY",
        "word": null,
        "roles": {
          "CONTENT": "#V2604556",
          "LEX": "YOU"
        },
        "start": 9,
        "end": 13
      },
      "V2604556": {
        "id": "V2604556",
        "indicator": "PRO",
        "type": "PERSON",
        "word": "YOU",
        "roles": {
          "PROFORM": "YOU",
          "LEX": "YOU",
          "WNSENSE": "person%1:03:00"
        },
        "start": 9,
        "end": 13
      },
      "root": "#V2604815"
    },
    {
      "V2604572": {
        "id": "V2604572",
        "indicator": "F",
        "type": "SITUATION-ROOT",
        "word": "VE",
        "roles": {
          "TENSE": "PRES",
          "MODALITY": "(:* POSSIBILITY MIGHT)",
          "LEX": "VE"
        },
        "start": 13,
        "end": 22
      },
      "root": "#V2604572"
    },
    {
      "V2605885": {
        "id": "V2605885",
        "indicator": "SPEECHACT",
        "type": "SA_TELL",
        "word": null,
        "roles": {
          "CONTENT": "#V2604577",
          "LEX": "TRADED"
        },
        "start": 22,
        "end": 51
      },
      "V2604577": {
        "id": "V2604577",
        "indicator": "F",
        "type": "EXCHANGE",
        "word": "TRADE",
        "roles": {
          "AGENT": "#V2605886",
          "AFFECTED": "#V2604586",
          "TENSE": "PAST",
          "LEX": "TRADED",
          "WNSENSE": "trade%2:40:00::"
        },
        "start": 22,
        "end": 51
      },
      "V2605886": {
        "id": "V2605886",
        "indicator": "IMPRO",
        "type": "REFERENTIAL-SEM",
        "word": null,
        "roles": {
          "PROFORM": "SUBJ"
        },
        "start": 22,
        "end": 51
      },
      "V2604586": {
        "id": "V2604586",
        "indicator": "THE",
        "type": "METHOD",
        "word": "DIGNITY",
        "roles": {
          "ASSOC-POSS": "#V2604580",
          "MOD": "#V2604595",
          "LEX": "DIGNITY",
          "WNSENSE": "dignity%1:07:01::"
        },
        "start": 29,
        "end": 51
      },
      "V2604580": {
        "id": "V2604580",
        "indicator": "PRO",
        "type": "PERSON",
        "word": "YOUR",
        "roles": {
          "LEX": "YOUR",
          "PROFORM": "YOUR",
          "WNSENSE": "person%1:03:00"
        },
        "start": 29,
        "end": 51
      },
      "V2604595": {
        "id": "V2604595",
        "indicator": "F",
        "type": "ASSOC-WITH",
        "word": "FOR",
        "roles": {
          "GROUND": "#V2604618",
          "FIGURE": "#V2604586",
          "LEX": "FOR"
        },
        "start": 42,
        "end": 51
      },
      "V2604618": {
        "id": "V2604618",
        "indicator": "BARE",
        "type": "FAME-SCALE",
        "word": "FAME",
        "roles": {
          "LEX": "FAME",
          "WNSENSE": "fame%1:26:01::"
        },
        "start": 46,
        "end": 51
      },
      "root": "#V2605885"
    },
    {
      "V2604624": {
        "id": "V2604624",
        "indicator": "F",
        "type": "CONJUNCT",
        "word": "AND",
        "roles": {
          "LEX": "AND"
        },
        "start": 51,
        "end": 54
      },
      "root": "#V2604624"
    },
    {
      "V2604659": {
        "id": "V2604659",
        "indicator": "SPEECHACT",
        "type": "SA_RESPONSE",
        "word": null,
        "roles": {
          "CONTENT": "POS",
          "LEX": "YES"
        },
        "start": 0,
        "end": 4
      },
      "root": "#V2604659"
    },
    {
      "V2604815": {
        "id": "V2604815",
        "indicator": "SA-SEQ",
        "type": "SPEECH-ACT",
        "word": null,
        "roles": {
          "ACT": "#V2604670",
          "ACT1": "#V2604716",
          "LEX": "YOU"
        },
        "start": 4,
        "end": 13
      },
      "V2604670": {
        "id": "V2604670",
        "indicator": "SPEECHACT",
        "type": "SA_EVALUATE",
        "word": null,
        "roles": {
          "CONTENT": "#V2604540",
          "LEX": "OKAY"
        },
        "start": 4,
        "end": 9
      },
      "V2604540": {
        "id": "V2604540",
        "indicator": "F",
        "type": "GOOD",
        "word": "OKAY",
        "roles": {
          "ORIENTATION": "MORE",
          "INTENSITY": "LO",
          "FIGURE": "#V2604671",
          "SCALE": "GOODNESS-SCALE",
          "LEX": "OKAY",
          "WNSENSE": "okay%5:00:00:satisfactory:00"
        },
        "start": 4,
        "end": 9
      },
      "V2604671": {
        "id": "V2604671",
        "indicator": "IMPRO",
        "type": "ANY-SEM",
        "word": null,
        "roles": {},
        "start": 4,
        "end": 9
      },
      "V2604716": {
        "id": "V2604716",
        "indicator": "SPEECHACT",
        "type": "SA_IDENTIFY",
        "word": null,
        "roles": {
          "CONTENT": "#V2604556",
          "LEX": "YOU"
        },
        "start": 9,
        "end": 13
      },
      "V2604556": {
        "id": "V2604556",
        "indicator": "PRO",
        "type": "PERSON",
        "word": "YOU",
        "roles": {
          "PROFORM": "YOU",
          "LEX": "YOU",
          "WNSENSE": "person%1:03:00"
        },
        "start": 9,
        "end": 13
      },
      "root": "#V2604815"
    },
    {
      "V2604572": {
        "id": "V2604572",
        "indicator": "F",
        "type": "SITUATION-ROOT",
        "word": "VE",
        "roles": {
          "TENSE": "PAST",
          "MODALITY": "(:* POSSIBILITY MIGHT)",
          "LEX": "VE"
        },
        "start": 13,
        "end": 22
      },
      "root": "#V2604572"
    },
    {
      "V2605885": {
        "id": "V2605885",
        "indicator": "SPEECHACT",
        "type": "SA_TELL",
        "word": null,
        "roles": {
          "CONTENT": "#V2604577",
          "LEX": "TRADED"
        },
        "start": 22,
        "end": 51
      },
      "V2604577": {
        "id": "V2604577",
        "indicator": "F",
        "type": "EXCHANGE",
        "word": "TRADE",
        "roles": {
          "AGENT": "#V2605886",
          "AFFECTED": "#V2604586",
          "TENSE": "PAST",
          "LEX": "TRADED",
          "WNSENSE": "trade%2:40:00::"
        },
        "start": 22,
        "end": 51
      },
      "V2605886": {
        "id": "V2605886",
        "indicator": "IMPRO",
        "type": "REFERENTIAL-SEM",
        "word": null,
        "roles": {
          "PROFORM": "SUBJ"
        },
        "start": 22,
        "end": 51
      },
      "V2604586": {
        "id": "V2604586",
        "indicator": "THE",
        "type": "METHOD",
        "word": "DIGNITY",
        "roles": {
          "ASSOC-POSS": "#V2604580",
          "MOD": "#V2604595",
          "LEX": "DIGNITY",
          "WNSENSE": "dignity%1:07:01::"
        },
        "start": 29,
        "end": 51
      },
      "V2604580": {
        "id": "V2604580",
        "indicator": "PRO",
        "type": "PERSON",
        "word": "YOUR",
        "roles": {
          "LEX": "YOUR",
          "PROFORM": "YOUR",
          "WNSENSE": "person%1:03:00"
        },
        "start": 29,
        "end": 51
      },
      "V2604595": {
        "id": "V2604595",
        "indicator": "F",
        "type": "ASSOC-WITH",
        "word": "FOR",
        "roles": {
          "GROUND": "#V2604618",
          "FIGURE": "#V2604586",
          "LEX": "FOR"
        },
        "start": 42,
        "end": 51
      },
      "V2604618": {
        "id": "V2604618",
        "indicator": "BARE",
        "type": "FAME-SCALE",
        "word": "FAME",
        "roles": {
          "LEX": "FAME",
          "WNSENSE": "fame%1:26:01::"
        },
        "start": 46,
        "end": 51
      },
      "root": "#V2605885"
    },
    {
      "V2604624": {
        "id": "V2604624",
        "indicator": "F",
        "type": "CONJUNCT",
        "word": "AND",
        "roles": {
          "LEX": "AND"
        },
        "start": 51,
        "end": 54
      },
      "root": "#V2604624"
    },
    {
      "V2604659": {
        "id": "V2604659",
        "indicator": "SPEECHACT",
        "type": "SA_RESPONSE",
        "word": null,
        "roles": {
          "CONTENT": "POS",
          "LEX": "YES"
        },
        "start": 0,
        "end": 4
      },
      "root": "#V2604659"
    },
    {
      "V2604814": {
        "id": "V2604814",
        "indicator": "SA-SEQ",
        "type": "SPEECH-ACT",
        "word": null,
        "roles": {
          "ACT": "#V2604664",
          "ACT1": "#V2604716",
          "LEX": "YOU"
        },
        "start": 4,
        "end": 13
      },
      "V2604664": {
        "id": "V2604664",
        "indicator": "SPEECHACT",
        "type": "SA_EVALUATE",
        "word": null,
        "roles": {
          "CONTENT": "#V2604539",
          "LEX": "OKAY"
        },
        "start": 4,
        "end": 9
      },
      "V2604539": {
        "id": "V2604539",
        "indicator": "F",
        "type": "GOOD",
        "word": "OKAY",
        "roles": {
          "ORIENTATION": "MORE",
          "INTENSITY": "LO",
          "FIGURE": "#V2604665",
          "SCALE": "GOODNESS-SCALE",
          "LEX": "OKAY",
          "WNSENSE": "okay%5:00:00:satisfactory:00"
        },
        "start": 4,
        "end": 9
      },
      "V2604665": {
        "id": "V2604665",
        "indicator": "IMPRO",
        "type": "ANY-SEM",
        "word": null,
        "roles": {},
        "start": 4,
        "end": 9
      },
      "V2604716": {
        "id": "V2604716",
        "indicator": "SPEECHACT",
        "type": "SA_IDENTIFY",
        "word": null,
        "roles": {
          "CONTENT": "#V2604556",
          "LEX": "YOU"
        },
        "start": 9,
        "end": 13
      },
      "V2604556": {
        "id": "V2604556",
        "indicator": "PRO",
        "type": "PERSON",
        "word": "YOU",
        "roles": {
          "PROFORM": "YOU",
          "LEX": "YOU",
          "WNSENSE": "person%1:03:00"
        },
        "start": 9,
        "end": 13
      },
      "root": "#V2604814"
    },
    {
      "V2604572": {
        "id": "V2604572",
        "indicator": "F",
        "type": "SITUATION-ROOT",
        "word": "VE",
        "roles": {
          "TENSE": "PRES",
          "MODALITY": "(:* POSSIBILITY MIGHT)",
          "LEX": "VE"
        },
        "start": 13,
        "end": 22
      },
      "root": "#V2604572"
    },
    {
      "V2605885": {
        "id": "V2605885",
        "indicator": "SPEECHACT",
        "type": "SA_TELL",
        "word": null,
        "roles": {
          "CONTENT": "#V2604577",
          "LEX": "TRADED"
        },
        "start": 22,
        "end": 51
      },
      "V2604577": {
        "id": "V2604577",
        "indicator": "F",
        "type": "EXCHANGE",
        "word": "TRADE",
        "roles": {
          "AGENT": "#V2605886",
          "AFFECTED": "#V2604586",
          "TENSE": "PAST",
          "LEX": "TRADED",
          "WNSENSE": "trade%2:40:00::"
        },
        "start": 22,
        "end": 51
      },
      "V2605886": {
        "id": "V2605886",
        "indicator": "IMPRO",
        "type": "REFERENTIAL-SEM",
        "word": null,
        "roles": {
          "PROFORM": "SUBJ"
        },
        "start": 22,
        "end": 51
      },
      "V2604586": {
        "id": "V2604586",
        "indicator": "THE",
        "type": "METHOD",
        "word": "DIGNITY",
        "roles": {
          "ASSOC-POSS": "#V2604580",
          "MOD": "#V2604595",
          "LEX": "DIGNITY",
          "WNSENSE": "dignity%1:07:01::"
        },
        "start": 29,
        "end": 51
      },
      "V2604580": {
        "id": "V2604580",
        "indicator": "PRO",
        "type": "PERSON",
        "word": "YOUR",
        "roles": {
          "LEX": "YOUR",
          "PROFORM": "YOUR",
          "WNSENSE": "person%1:03:00"
        },
        "start": 29,
        "end": 51
      },
      "V2604595": {
        "id": "V2604595",
        "indicator": "F",
        "type": "ASSOC-WITH",
        "word": "FOR",
        "roles": {
          "GROUND": "#V2604618",
          "FIGURE": "#V2604586",
          "LEX": "FOR"
        },
        "start": 42,
        "end": 51
      },
      "V2604618": {
        "id": "V2604618",
        "indicator": "BARE",
        "type": "FAME-SCALE",
        "word": "FAME",
        "roles": {
          "LEX": "FAME",
          "WNSENSE": "fame%1:26:01::"
        },
        "start": 46,
        "end": 51
      },
      "root": "#V2605885"
    },
    {
      "V2604624": {
        "id": "V2604624",
        "indicator": "F",
        "type": "CONJUNCT",
        "word": "AND",
        "roles": {
          "LEX": "AND"
        },
        "start": 51,
        "end": 54
      },
      "root": "#V2604624"
    },
    {
      "V2604659": {
        "id": "V2604659",
        "indicator": "SPEECHACT",
        "type": "SA_RESPONSE",
        "word": null,
        "roles": {
          "CONTENT": "POS",
          "LEX": "YES"
        },
        "start": 0,
        "end": 4
      },
      "root": "#V2604659"
    },
    {
      "V2604814": {
        "id": "V2604814",
        "indicator": "SA-SEQ",
        "type": "SPEECH-ACT",
        "word": null,
        "roles": {
          "ACT": "#V2604664",
          "ACT1": "#V2604716",
          "LEX": "YOU"
        },
        "start": 4,
        "end": 13
      },
      "V2604664": {
        "id": "V2604664",
        "indicator": "SPEECHACT",
        "type": "SA_EVALUATE",
        "word": null,
        "roles": {
          "CONTENT": "#V2604539",
          "LEX": "OKAY"
        },
        "start": 4,
        "end": 9
      },
      "V2604539": {
        "id": "V2604539",
        "indicator": "F",
        "type": "GOOD",
        "word": "OKAY",
        "roles": {
          "ORIENTATION": "MORE",
          "INTENSITY": "LO",
          "FIGURE": "#V2604665",
          "SCALE": "GOODNESS-SCALE",
          "LEX": "OKAY",
          "WNSENSE": "okay%5:00:00:satisfactory:00"
        },
        "start": 4,
        "end": 9
      },
      "V2604665": {
        "id": "V2604665",
        "indicator": "IMPRO",
        "type": "ANY-SEM",
        "word": null,
        "roles": {},
        "start": 4,
        "end": 9
      },
      "V2604716": {
        "id": "V2604716",
        "indicator": "SPEECHACT",
        "type": "SA_IDENTIFY",
        "word": null,
        "roles": {
          "CONTENT": "#V2604556",
          "LEX": "YOU"
        },
        "start": 9,
        "end": 13
      },
      "V2604556": {
        "id": "V2604556",
        "indicator": "PRO",
        "type": "PERSON",
        "word": "YOU",
        "roles": {
          "PROFORM": "YOU",
          "LEX": "YOU",
          "WNSENSE": "person%1:03:00"
        },
        "start": 9,
        "end": 13
      },
      "root": "#V2604814"
    },
    {
      "V2604572": {
        "id": "V2604572",
        "indicator": "F",
        "type": "SITUATION-ROOT",
        "word": "VE",
        "roles": {
          "TENSE": "PAST",
          "MODALITY": "(:* POSSIBILITY MIGHT)",
          "LEX": "VE"
        },
        "start": 13,
        "end": 22
      },
      "root": "#V2604572"
    },
    {
      "V2605885": {
        "id": "V2605885",
        "indicator": "SPEECHACT",
        "type": "SA_TELL",
        "word": null,
        "roles": {
          "CONTENT": "#V2604577",
          "LEX": "TRADED"
        },
        "start": 22,
        "end": 51
      },
      "V2604577": {
        "id": "V2604577",
        "indicator": "F",
        "type": "EXCHANGE",
        "word": "TRADE",
        "roles": {
          "AGENT": "#V2605886",
          "AFFECTED": "#V2604586",
          "TENSE": "PAST",
          "LEX": "TRADED",
          "WNSENSE": "trade%2:40:00::"
        },
        "start": 22,
        "end": 51
      },
      "V2605886": {
        "id": "V2605886",
        "indicator": "IMPRO",
        "type": "REFERENTIAL-SEM",
        "word": null,
        "roles": {
          "PROFORM": "SUBJ"
        },
        "start": 22,
        "end": 51
      },
      "V2604586": {
        "id": "V2604586",
        "indicator": "THE",
        "type": "METHOD",
        "word": "DIGNITY",
        "roles": {
          "ASSOC-POSS": "#V2604580",
          "MOD": "#V2604595",
          "LEX": "DIGNITY",
          "WNSENSE": "dignity%1:07:01::"
        },
        "start": 29,
        "end": 51
      },
      "V2604580": {
        "id": "V2604580",
        "indicator": "PRO",
        "type": "PERSON",
        "word": "YOUR",
        "roles": {
          "LEX": "YOUR",
          "PROFORM": "YOUR",
          "WNSENSE": "person%1:03:00"
        },
        "start": 29,
        "end": 51
      },
      "V2604595": {
        "id": "V2604595",
        "indicator": "F",
        "type": "ASSOC-WITH",
        "word": "FOR",
        "roles": {
          "GROUND": "#V2604618",
          "FIGURE": "#V2604586",
          "LEX": "FOR"
        },
        "start": 42,
        "end": 51
      },
      "V2604618": {
        "id": "V2604618",
        "indicator": "BARE",
        "type": "FAME-SCALE",
        "word": "FAME",
        "roles": {
          "LEX": "FAME",
          "WNSENSE": "fame%1:26:01::"
        },
        "start": 46,
        "end": 51
      },
      "root": "#V2605885"
    },
    {
      "V2604624": {
        "id": "V2604624",
        "indicator": "F",
        "type": "CONJUNCT",
        "word": "AND",
        "roles": {
          "LEX": "AND"
        },
        "start": 51,
        "end": 54
      },
      "root": "#V2604624"
    },
    {
      "V2604659": {
        "id": "V2604659",
        "indicator": "SPEECHACT",
        "type": "SA_RESPONSE",
        "word": null,
        "roles": {
          "CONTENT": "POS",
          "LEX": "YES"
        },
        "start": 0,
        "end": 4
      },
      "root": "#V2604659"
    },
    {
      "V2604816": {
        "id": "V2604816",
        "indicator": "SA-SEQ",
        "type": "SPEECH-ACT",
        "word": null,
        "roles": {
          "ACT": "#V2604676",
          "ACT1": "#V2604716",
          "LEX": "YOU"
        },
        "start": 4,
        "end": 13
      },
      "V2604676": {
        "id": "V2604676",
        "indicator": "SPEECHACT",
        "type": "SA_EVALUATE",
        "word": null,
        "roles": {
          "CONTENT": "#V2604541",
          "LEX": "OKAY"
        },
        "start": 4,
        "end": 9
      },
      "V2604541": {
        "id": "V2604541",
        "indicator": "F",
        "type": "GOOD",
        "word": "OKAY",
        "roles": {
          "ORIENTATION": "MORE",
          "INTENSITY": "LO",
          "FIGURE": "#V2604677",
          "SCALE": "GOODNESS-SCALE",
          "LEX": "OKAY",
          "WNSENSE": "okay%5:00:00:satisfactory:00"
        },
        "start": 4,
        "end": 9
      },
      "V2604677": {
        "id": "V2604677",
        "indicator": "IMPRO",
        "type": "ANY-SEM",
        "word": null,
        "roles": {},
        "start": 4,
        "end": 9
      },
      "V2604716": {
        "id": "V2604716",
        "indicator": "SPEECHACT",
        "type": "SA_IDENTIFY",
        "word": null,
        "roles": {
          "CONTENT": "#V2604556",
          "LEX": "YOU"
        },
        "start": 9,
        "end": 13
      },
      "V2604556": {
        "id": "V2604556",
        "indicator": "PRO",
        "type": "PERSON",
        "word": "YOU",
        "roles": {
          "PROFORM": "YOU",
          "LEX": "YOU",
          "WNSENSE": "person%1:03:00"
        },
        "start": 9,
        "end": 13
      },
      "root": "#V2604816"
    },
    {
      "V2604572": {
        "id": "V2604572",
        "indicator": "F",
        "type": "SITUATION-ROOT",
        "word": "VE",
        "roles": {
          "TENSE": "PRES",
          "MODALITY": "(:* POSSIBILITY MIGHT)",
          "LEX": "VE"
        },
        "start": 13,
        "end": 22
      },
      "root": "#V2604572"
    },
    {
      "V2605894": {
        "id": "V2605894",
        "indicator": "SPEECHACT",
        "type": "SA_TELL",
        "word": null,
        "roles": {
          "CONTENT": "#V2604577",
          "LEX": "TRADED"
        },
        "start": 22,
        "end": 51
      },
      "V2604577": {
        "id": "V2604577",
        "indicator": "F",
        "type": "EXCHANGE",
        "word": "TRADE",
        "roles": {
          "AGENT": "#V2605895",
          "AFFECTED": "#V2604586",
          "TENSE": "PAST",
          "LEX": "TRADED",
          "WNSENSE": "trade%2:40:00::"
        },
        "start": 22,
        "end": 51
      },
      "V2605895": {
        "id": "V2605895",
        "indicator": "IMPRO",
        "type": "REFERENTIAL-SEM",
        "word": null,
        "roles": {
          "PROFORM": "SUBJ"
        },
        "start": 22,
        "end": 51
      },
      "V2604586": {
        "id": "V2604586",
        "indicator": "THE",
        "type": "METHOD",
        "word": "DIGNITY",
        "roles": {
          "ASSOC-POSS": "#V2604580",
          "MOD": "#V2604595",
          "LEX": "DIGNITY",
          "WNSENSE": "dignity%1:07:01::"
        },
        "start": 29,
        "end": 51
      },
      "V2604580": {
        "id": "V2604580",
        "indicator": "PRO",
        "type": "PERSON",
        "word": "YOUR",
        "roles": {
          "LEX": "YOUR",
          "PROFORM": "YOUR",
          "WNSENSE": "person%1:03:00"
        },
        "start": 29,
        "end": 51
      },
      "V2604595": {
        "id": "V2604595",
        "indicator": "F",
        "type": "ASSOC-WITH",
        "word": "FOR",
        "roles": {
          "GROUND": "#V2604745",
          "FIGURE": "#V2604586",
          "LEX": "FOR"
        },
        "start": 42,
        "end": 51
      },
      "V2604745": {
        "id": "V2604745",
        "indicator": "THE",
        "type": "QUANTITY-ABSTR",
        "word": null,
        "roles": {
          "FIGURE": "#V2604618"
        },
        "start": 46,
        "end": 51
      },
      "V2604618": {
        "id": "V2604618",
        "indicator": "BARE",
        "type": "FAME-SCALE",
        "word": "FAME",
        "roles": {
          "LEX": "FAME",
          "WNSENSE": "fame%1:26:01::"
        },
        "start": 46,
        "end": 51
      },
      "root": "#V2605894"
    },
    {
      "V2604624": {
        "id": "V2604624",
        "indicator": "F",
        "type": "CONJUNCT",
        "word": "AND",
        "roles": {
          "LEX": "AND"
        },
        "start": 51,
        "end": 54
      },
      "root": "#V2604624"
    },
    {
      "V2604659": {
        "id": "V2604659",
        "indicator": "SPEECHACT",
        "type": "SA_RESPONSE",
        "word": null,
        "roles": {
          "CONTENT": "POS",
          "LEX": "YES"
        },
        "start": 0,
        "end": 4
      },
      "root": "#V2604659"
    },
    {
      "V2604816": {
        "id": "V2604816",
        "indicator": "SA-SEQ",
        "type": "SPEECH-ACT",
        "word": null,
        "roles": {
          "ACT": "#V2604676",
          "ACT1": "#V2604716",
          "LEX": "YOU"
        },
        "start": 4,
        "end": 13
      },
      "V2604676": {
        "id": "V2604676",
        "indicator": "SPEECHACT",
        "type": "SA_EVALUATE",
        "word": null,
        "roles": {
          "CONTENT": "#V2604541",
          "LEX": "OKAY"
        },
        "start": 4,
        "end": 9
      },
      "V2604541": {
        "id": "V2604541",
        "indicator": "F",
        "type": "GOOD",
        "word": "OKAY",
        "roles": {
          "ORIENTATION": "MORE",
          "INTENSITY": "LO",
          "FIGURE": "#V2604677",
          "SCALE": "GOODNESS-SCALE",
          "LEX": "OKAY",
          "WNSENSE": "okay%5:00:00:satisfactory:00"
        },
        "start": 4,
        "end": 9
      },
      "V2604677": {
        "id": "V2604677",
        "indicator": "IMPRO",
        "type": "ANY-SEM",
        "word": null,
        "roles": {},
        "start": 4,
        "end": 9
      },
      "V2604716": {
        "id": "V2604716",
        "indicator": "SPEECHACT",
        "type": "SA_IDENTIFY",
        "word": null,
        "roles": {
          "CONTENT": "#V2604556",
          "LEX": "YOU"
        },
        "start": 9,
        "end": 13
      },
      "V2604556": {
        "id": "V2604556",
        "indicator": "PRO",
        "type": "PERSON",
        "word": "YOU",
        "roles": {
          "PROFORM": "YOU",
          "LEX": "YOU",
          "WNSENSE": "person%1:03:00"
        },
        "start": 9,
        "end": 13
      },
      "root": "#V2604816"
    },
    {
      "V2604572": {
        "id": "V2604572",
        "indicator": "F",
        "type": "SITUATION-ROOT",
        "word": "VE",
        "roles": {
          "TENSE": "PAST",
          "MODALITY": "(:* POSSIBILITY MIGHT)",
          "LEX": "VE"
        },
        "start": 13,
        "end": 22
      },
      "root": "#V2604572"
    },
    {
      "V2605894": {
        "id": "V2605894",
        "indicator": "SPEECHACT",
        "type": "SA_TELL",
        "word": null,
        "roles": {
          "CONTENT": "#V2604577",
          "LEX": "TRADED"
        },
        "start": 22,
        "end": 51
      },
      "V2604577": {
        "id": "V2604577",
        "indicator": "F",
        "type": "EXCHANGE",
        "word": "TRADE",
        "roles": {
          "AGENT": "#V2605895",
          "AFFECTED": "#V2604586",
          "TENSE": "PAST",
          "LEX": "TRADED",
          "WNSENSE": "trade%2:40:00::"
        },
        "start": 22,
        "end": 51
      },
      "V2605895": {
        "id": "V2605895",
        "indicator": "IMPRO",
        "type": "REFERENTIAL-SEM",
        "word": null,
        "roles": {
          "PROFORM": "SUBJ"
        },
        "start": 22,
        "end": 51
      },
      "V2604586": {
        "id": "V2604586",
        "indicator": "THE",
        "type": "METHOD",
        "word": "DIGNITY",
        "roles": {
          "ASSOC-POSS": "#V2604580",
          "MOD": "#V2604595",
          "LEX": "DIGNITY",
          "WNSENSE": "dignity%1:07:01::"
        },
        "start": 29,
        "end": 51
      },
      "V2604580": {
        "id": "V2604580",
        "indicator": "PRO",
        "type": "PERSON",
        "word": "YOUR",
        "roles": {
          "LEX": "YOUR",
          "PROFORM": "YOUR",
          "WNSENSE": "person%1:03:00"
        },
        "start": 29,
        "end": 51
      },
      "V2604595": {
        "id": "V2604595",
        "indicator": "F",
        "type": "ASSOC-WITH",
        "word": "FOR",
        "roles": {
          "GROUND": "#V2604745",
          "FIGURE": "#V2604586",
          "LEX": "FOR"
        },
        "start": 42,
        "end": 51
      },
      "V2604745": {
        "id": "V2604745",
        "indicator": "THE",
        "type": "QUANTITY-ABSTR",
        "word": null,
        "roles": {
          "FIGURE": "#V2604618"
        },
        "start": 46,
        "end": 51
      },
      "V2604618": {
        "id": "V2604618",
        "indicator": "BARE",
        "type": "FAME-SCALE",
        "word": "FAME",
        "roles": {
          "LEX": "FAME",
          "WNSENSE": "fame%1:26:01::"
        },
        "start": 46,
        "end": 51
      },
      "root": "#V2605894"
    },
    {
      "V2604624": {
        "id": "V2604624",
        "indicator": "F",
        "type": "CONJUNCT",
        "word": "AND",
        "roles": {
          "LEX": "AND"
        },
        "start": 51,
        "end": 54
      },
      "root": "#V2604624"
    },
    {
      "V2604659": {
        "id": "V2604659",
        "indicator": "SPEECHACT",
        "type": "SA_RESPONSE",
        "word": null,
        "roles": {
          "CONTENT": "POS",
          "LEX": "YES"
        },
        "start": 0,
        "end": 4
      },
      "root": "#V2604659"
    },
    {
      "V2604815": {
        "id": "V2604815",
        "indicator": "SA-SEQ",
        "type": "SPEECH-ACT",
        "word": null,
        "roles": {
          "ACT": "#V2604670",
          "ACT1": "#V2604716",
          "LEX": "YOU"
        },
        "start": 4,
        "end": 13
      },
      "V2604670": {
        "id": "V2604670",
        "indicator": "SPEECHACT",
        "type": "SA_EVALUATE",
        "word": null,
        "roles": {
          "CONTENT": "#V2604540",
          "LEX": "OKAY"
        },
        "start": 4,
        "end": 9
      },
      "V2604540": {
        "id": "V2604540",
        "indicator": "F",
        "type": "GOOD",
        "word": "OKAY",
        "roles": {
          "ORIENTATION": "MORE",
          "INTENSITY": "LO",
          "FIGURE": "#V2604671",
          "SCALE": "GOODNESS-SCALE",
          "LEX": "OKAY",
          "WNSENSE": "okay%5:00:00:satisfactory:00"
        },
        "start": 4,
        "end": 9
      },
      "V2604671": {
        "id": "V2604671",
        "indicator": "IMPRO",
        "type": "ANY-SEM",
        "word": null,
        "roles": {},
        "start": 4,
        "end": 9
      },
      "V2604716": {
        "id": "V2604716",
        "indicator": "SPEECHACT",
        "type": "SA_IDENTIFY",
        "word": null,
        "roles": {
          "CONTENT": "#V2604556",
          "LEX": "YOU"
        },
        "start": 9,
        "end": 13
      },
      "V2604556": {
        "id": "V2604556",
        "indicator": "PRO",
        "type": "PERSON",
        "word": "YOU",
        "roles": {
          "PROFORM": "YOU",
          "LEX": "YOU",
          "WNSENSE": "person%1:03:00"
        },
        "start": 9,
        "end": 13
      },
      "root": "#V2604815"
    },
    {
      "V2604572": {
        "id": "V2604572",
        "indicator": "F",
        "type": "SITUATION-ROOT",
        "word": "VE",
        "roles": {
          "TENSE": "PRES",
          "MODALITY": "(:* POSSIBILITY MIGHT)",
          "LEX": "VE"
        },
        "start": 13,
        "end": 22
      },
      "root": "#V2604572"
    },
    {
      "V2605894": {
        "id": "V2605894",
        "indicator": "SPEECHACT",
        "type": "SA_TELL",
        "word": null,
        "roles": {
          "CONTENT": "#V2604577",
          "LEX": "TRADED"
        },
        "start": 22,
        "end": 51
      },
      "V2604577": {
        "id": "V2604577",
        "indicator": "F",
        "type": "EXCHANGE",
        "word": "TRADE",
        "roles": {
          "AGENT": "#V2605895",
          "AFFECTED": "#V2604586",
          "TENSE": "PAST",
          "LEX": "TRADED",
          "WNSENSE": "trade%2:40:00::"
        },
        "start": 22,
        "end": 51
      },
      "V2605895": {
        "id": "V2605895",
        "indicator": "IMPRO",
        "type": "REFERENTIAL-SEM",
        "word": null,
        "roles": {
          "PROFORM": "SUBJ"
        },
        "start": 22,
        "end": 51
      },
      "V2604586": {
        "id": "V2604586",
        "indicator": "THE",
        "type": "METHOD",
        "word": "DIGNITY",
        "roles": {
          "ASSOC-POSS": "#V2604580",
          "MOD": "#V2604595",
          "LEX": "DIGNITY",
          "WNSENSE": "dignity%1:07:01::"
        },
        "start": 29,
        "end": 51
      },
      "V2604580": {
        "id": "V2604580",
        "indicator": "PRO",
        "type": "PERSON",
        "word": "YOUR",
        "roles": {
          "LEX": "YOUR",
          "PROFORM": "YOUR",
          "WNSENSE": "person%1:03:00"
        },
        "start": 29,
        "end": 51
      },
      "V2604595": {
        "id": "V2604595",
        "indicator": "F",
        "type": "ASSOC-WITH",
        "word": "FOR",
        "roles": {
          "GROUND": "#V2604745",
          "FIGURE": "#V2604586",
          "LEX": "FOR"
        },
        "start": 42,
        "end": 51
      },
      "V2604745": {
        "id": "V2604745",
        "indicator": "THE",
        "type": "QUANTITY-ABSTR",
        "word": null,
        "roles": {
          "FIGURE": "#V2604618"
        },
        "start": 46,
        "end": 51
      },
      "V2604618": {
        "id": "V2604618",
        "indicator": "BARE",
        "type": "FAME-SCALE",
        "word": "FAME",
        "roles": {
          "LEX": "FAME",
          "WNSENSE": "fame%1:26:01::"
        },
        "start": 46,
        "end": 51
      },
      "root": "#V2605894"
    },
    {
      "V2604624": {
        "id": "V2604624",
        "indicator": "F",
        "type": "CONJUNCT",
        "word": "AND",
        "roles": {
          "LEX": "AND"
        },
        "start": 51,
        "end": 54
      },
      "root": "#V2604624"
    },
    {
      "V2604659": {
        "id": "V2604659",
        "indicator": "SPEECHACT",
        "type": "SA_RESPONSE",
        "word": null,
        "roles": {
          "CONTENT": "POS",
          "LEX": "YES"
        },
        "start": 0,
        "end": 4
      },
      "root": "#V2604659"
    },
    {
      "V2604815": {
        "id": "V2604815",
        "indicator": "SA-SEQ",
        "type": "SPEECH-ACT",
        "word": null,
        "roles": {
          "ACT": "#V2604670",
          "ACT1": "#V2604716",
          "LEX": "YOU"
        },
        "start": 4,
        "end": 13
      },
      "V2604670": {
        "id": "V2604670",
        "indicator": "SPEECHACT",
        "type": "SA_EVALUATE",
        "word": null,
        "roles": {
          "CONTENT": "#V2604540",
          "LEX": "OKAY"
        },
        "start": 4,
        "end": 9
      },
      "V2604540": {
        "id": "V2604540",
        "indicator": "F",
        "type": "GOOD",
        "word": "OKAY",
        "roles": {
          "ORIENTATION": "MORE",
          "INTENSITY": "LO",
          "FIGURE": "#V2604671",
          "SCALE": "GOODNESS-SCALE",
          "LEX": "OKAY",
          "WNSENSE": "okay%5:00:00:satisfactory:00"
        },
        "start": 4,
        "end": 9
      },
      "V2604671": {
        "id": "V2604671",
        "indicator": "IMPRO",
        "type": "ANY-SEM",
        "word": null,
        "roles": {},
        "start": 4,
        "end": 9
      },
      "V2604716": {
        "id": "V2604716",
        "indicator": "SPEECHACT",
        "type": "SA_IDENTIFY",
        "word": null,
        "roles": {
          "CONTENT": "#V2604556",
          "LEX": "YOU"
        },
        "start": 9,
        "end": 13
      },
      "V2604556": {
        "id": "V2604556",
        "indicator": "PRO",
        "type": "PERSON",
        "word": "YOU",
        "roles": {
          "PROFORM": "YOU",
          "LEX": "YOU",
          "WNSENSE": "person%1:03:00"
        },
        "start": 9,
        "end": 13
      },
      "root": "#V2604815"
    },
    {
      "V2604572": {
        "id": "V2604572",
        "indicator": "F",
        "type": "SITUATION-ROOT",
        "word": "VE",
        "roles": {
          "TENSE": "PAST",
          "MODALITY": "(:* POSSIBILITY MIGHT)",
          "LEX": "VE"
        },
        "start": 13,
        "end": 22
      },
      "root": "#V2604572"
    },
    {
      "V2605894": {
        "id": "V2605894",
        "indicator": "SPEECHACT",
        "type": "SA_TELL",
        "word": null,
        "roles": {
          "CONTENT": "#V2604577",
          "LEX": "TRADED"
        },
        "start": 22,
        "end": 51
      },
      "V2604577": {
        "id": "V2604577",
        "indicator": "F",
        "type": "EXCHANGE",
        "word": "TRADE",
        "roles": {
          "AGENT": "#V2605895",
          "AFFECTED": "#V2604586",
          "TENSE": "PAST",
          "LEX": "TRADED",
          "WNSENSE": "trade%2:40:00::"
        },
        "start": 22,
        "end": 51
      },
      "V2605895": {
        "id": "V2605895",
        "indicator": "IMPRO",
        "type": "REFERENTIAL-SEM",
        "word": null,
        "roles": {
          "PROFORM": "SUBJ"
        },
        "start": 22,
        "end": 51
      },
      "V2604586": {
        "id": "V2604586",
        "indicator": "THE",
        "type": "METHOD",
        "word": "DIGNITY",
        "roles": {
          "ASSOC-POSS": "#V2604580",
          "MOD": "#V2604595",
          "LEX": "DIGNITY",
          "WNSENSE": "dignity%1:07:01::"
        },
        "start": 29,
        "end": 51
      },
      "V2604580": {
        "id": "V2604580",
        "indicator": "PRO",
        "type": "PERSON",
        "word": "YOUR",
        "roles": {
          "LEX": "YOUR",
          "PROFORM": "YOUR",
          "WNSENSE": "person%1:03:00"
        },
        "start": 29,
        "end": 51
      },
      "V2604595": {
        "id": "V2604595",
        "indicator": "F",
        "type": "ASSOC-WITH",
        "word": "FOR",
        "roles": {
          "GROUND": "#V2604745",
          "FIGURE": "#V2604586",
          "LEX": "FOR"
        },
        "start": 42,
        "end": 51
      },
      "V2604745": {
        "id": "V2604745",
        "indicator": "THE",
        "type": "QUANTITY-ABSTR",
        "word": null,
        "roles": {
          "FIGURE": "#V2604618"
        },
        "start": 46,
        "end": 51
      },
      "V2604618": {
        "id": "V2604618",
        "indicator": "BARE",
        "type": "FAME-SCALE",
        "word": "FAME",
        "roles": {
          "LEX": "FAME",
          "WNSENSE": "fame%1:26:01::"
        },
        "start": 46,
        "end": 51
      },
      "root": "#V2605894"
    },
    {
      "V2604624": {
        "id": "V2604624",
        "indicator": "F",
        "type": "CONJUNCT",
        "word": "AND",
        "roles": {
          "LEX": "AND"
        },
        "start": 51,
        "end": 54
      },
      "root": "#V2604624"
    },
    {
      "V2604659": {
        "id": "V2604659",
        "indicator": "SPEECHACT",
        "type": "SA_RESPONSE",
        "word": null,
        "roles": {
          "CONTENT": "POS",
          "LEX": "YES"
        },
        "start": 0,
        "end": 4
      },
      "root": "#V2604659"
    },
    {
      "V2604814": {
        "id": "V2604814",
        "indicator": "SA-SEQ",
        "type": "SPEECH-ACT",
        "word": null,
        "roles": {
          "ACT": "#V2604664",
          "ACT1": "#V2604716",
          "LEX": "YOU"
        },
        "start": 4,
        "end": 13
      },
      "V2604664": {
        "id": "V2604664",
        "indicator": "SPEECHACT",
        "type": "SA_EVALUATE",
        "word": null,
        "roles": {
          "CONTENT": "#V2604539",
          "LEX": "OKAY"
        },
        "start": 4,
        "end": 9
      },
      "V2604539": {
        "id": "V2604539",
        "indicator": "F",
        "type": "GOOD",
        "word": "OKAY",
        "roles": {
          "ORIENTATION": "MORE",
          "INTENSITY": "LO",
          "FIGURE": "#V2604665",
          "SCALE": "GOODNESS-SCALE",
          "LEX": "OKAY",
          "WNSENSE": "okay%5:00:00:satisfactory:00"
        },
        "start": 4,
        "end": 9
      },
      "V2604665": {
        "id": "V2604665",
        "indicator": "IMPRO",
        "type": "ANY-SEM",
        "word": null,
        "roles": {},
        "start": 4,
        "end": 9
      },
      "V2604716": {
        "id": "V2604716",
        "indicator": "SPEECHACT",
        "type": "SA_IDENTIFY",
        "word": null,
        "roles": {
          "CONTENT": "#V2604556",
          "LEX": "YOU"
        },
        "start": 9,
        "end": 13
      },
      "V2604556": {
        "id": "V2604556",
        "indicator": "PRO",
        "type": "PERSON",
        "word": "YOU",
        "roles": {
          "PROFORM": "YOU",
          "LEX": "YOU",
          "WNSENSE": "person%1:03:00"
        },
        "start": 9,
        "end": 13
      },
      "root": "#V2604814"
    },
    {
      "V2604572": {
        "id": "V2604572",
        "indicator": "F",
        "type": "SITUATION-ROOT",
        "word": "VE",
        "roles": {
          "TENSE": "PRES",
          "MODALITY": "(:* POSSIBILITY MIGHT)",
          "LEX": "VE"
        },
        "start": 13,
        "end": 22
      },
      "root": "#V2604572"
    },
    {
      "V2605894": {
        "id": "V2605894",
        "indicator": "SPEECHACT",
        "type": "SA_TELL",
        "word": null,
        "roles": {
          "CONTENT": "#V2604577",
          "LEX": "TRADED"
        },
        "start": 22,
        "end": 51
      },
      "V2604577": {
        "id": "V2604577",
        "indicator": "F",
        "type": "EXCHANGE",
        "word": "TRADE",
        "roles": {
          "AGENT": "#V2605895",
          "AFFECTED": "#V2604586",
          "TENSE": "PAST",
          "LEX": "TRADED",
          "WNSENSE": "trade%2:40:00::"
        },
        "start": 22,
        "end": 51
      },
      "V2605895": {
        "id": "V2605895",
        "indicator": "IMPRO",
        "type": "REFERENTIAL-SEM",
        "word": null,
        "roles": {
          "PROFORM": "SUBJ"
        },
        "start": 22,
        "end": 51
      },
      "V2604586": {
        "id": "V2604586",
        "indicator": "THE",
        "type": "METHOD",
        "word": "DIGNITY",
        "roles": {
          "ASSOC-POSS": "#V2604580",
          "MOD": "#V2604595",
          "LEX": "DIGNITY",
          "WNSENSE": "dignity%1:07:01::"
        },
        "start": 29,
        "end": 51
      },
      "V2604580": {
        "id": "V2604580",
        "indicator": "PRO",
        "type": "PERSON",
        "word": "YOUR",
        "roles": {
          "LEX": "YOUR",
          "PROFORM": "YOUR",
          "WNSENSE": "person%1:03:00"
        },
        "start": 29,
        "end": 51
      },
      "V2604595": {
        "id": "V2604595",
        "indicator": "F",
        "type": "ASSOC-WITH",
        "word": "FOR",
        "roles": {
          "GROUND": "#V2604745",
          "FIGURE": "#V2604586",
          "LEX": "FOR"
        },
        "start": 42,
        "end": 51
      },
      "V2604745": {
        "id": "V2604745",
        "indicator": "THE",
        "type": "QUANTITY-ABSTR",
        "word": null,
        "roles": {
          "FIGURE": "#V2604618"
        },
        "start": 46,
        "end": 51
      },
      "V2604618": {
        "id": "V2604618",
        "indicator": "BARE",
        "type": "FAME-SCALE",
        "word": "FAME",
        "roles": {
          "LEX": "FAME",
          "WNSENSE": "fame%1:26:01::"
        },
        "start": 46,
        "end": 51
      },
      "root": "#V2605894"
    },
    {
      "V2604624": {
        "id": "V2604624",
        "indicator": "F",
        "type": "CONJUNCT",
        "word": "AND",
        "roles": {
          "LEX": "AND"
        },
        "start": 51,
        "end": 54
      },
      "root": "#V2604624"
    },
    {
      "V2604659": {
        "id": "V2604659",
        "indicator": "SPEECHACT",
        "type": "SA_RESPONSE",
        "word": null,
        "roles": {
          "CONTENT": "POS",
          "LEX": "YES"
        },
        "start": 0,
        "end": 4
      },
      "root": "#V2604659"
    },
    {
      "V2604814": {
        "id": "V2604814",
        "indicator": "SA-SEQ",
        "type": "SPEECH-ACT",
        "word": null,
        "roles": {
          "ACT": "#V2604664",
          "ACT1": "#V2604716",
          "LEX": "YOU"
        },
        "start": 4,
        "end": 13
      },
      "V2604664": {
        "id": "V2604664",
        "indicator": "SPEECHACT",
        "type": "SA_EVALUATE",
        "word": null,
        "roles": {
          "CONTENT": "#V2604539",
          "LEX": "OKAY"
        },
        "start": 4,
        "end": 9
      },
      "V2604539": {
        "id": "V2604539",
        "indicator": "F",
        "type": "GOOD",
        "word": "OKAY",
        "roles": {
          "ORIENTATION": "MORE",
          "INTENSITY": "LO",
          "FIGURE": "#V2604665",
          "SCALE": "GOODNESS-SCALE",
          "LEX": "OKAY",
          "WNSENSE": "okay%5:00:00:satisfactory:00"
        },
        "start": 4,
        "end": 9
      },
      "V2604665": {
        "id": "V2604665",
        "indicator": "IMPRO",
        "type": "ANY-SEM",
        "word": null,
        "roles": {},
        "start": 4,
        "end": 9
      },
      "V2604716": {
        "id": "V2604716",
        "indicator": "SPEECHACT",
        "type": "SA_IDENTIFY",
        "word": null,
        "roles": {
          "CONTENT": "#V2604556",
          "LEX": "YOU"
        },
        "start": 9,
        "end": 13
      },
      "V2604556": {
        "id": "V2604556",
        "indicator": "PRO",
        "type": "PERSON",
        "word": "YOU",
        "roles": {
          "PROFORM": "YOU",
          "LEX": "YOU",
          "WNSENSE": "person%1:03:00"
        },
        "start": 9,
        "end": 13
      },
      "root": "#V2604814"
    },
    {
      "V2604572": {
        "id": "V2604572",
        "indicator": "F",
        "type": "SITUATION-ROOT",
        "word": "VE",
        "roles": {
          "TENSE": "PAST",
          "MODALITY": "(:* POSSIBILITY MIGHT)",
          "LEX": "VE"
        },
        "start": 13,
        "end": 22
      },
      "root": "#V2604572"
    },
    {
      "V2605894": {
        "id": "V2605894",
        "indicator": "SPEECHACT",
        "type": "SA_TELL",
        "word": null,
        "roles": {
          "CONTENT": "#V2604577",
          "LEX": "TRADED"
        },
        "start": 22,
        "end": 51
      },
      "V2604577": {
        "id": "V2604577",
        "indicator": "F",
        "type": "EXCHANGE",
        "word": "TRADE",
        "roles": {
          "AGENT": "#V2605895",
          "AFFECTED": "#V2604586",
          "TENSE": "PAST",
          "LEX": "TRADED",
          "WNSENSE": "trade%2:40:00::"
        },
        "start": 22,
        "end": 51
      },
      "V2605895": {
        "id": "V2605895",
        "indicator": "IMPRO",
        "type": "REFERENTIAL-SEM",
        "word": null,
        "roles": {
          "PROFORM": "SUBJ"
        },
        "start": 22,
        "end": 51
      },
      "V2604586": {
        "id": "V2604586",
        "indicator": "THE",
        "type": "METHOD",
        "word": "DIGNITY",
        "roles": {
          "ASSOC-POSS": "#V2604580",
          "MOD": "#V2604595",
          "LEX": "DIGNITY",
          "WNSENSE": "dignity%1:07:01::"
        },
        "start": 29,
        "end": 51
      },
      "V2604580": {
        "id": "V2604580",
        "indicator": "PRO",
        "type": "PERSON",
        "word": "YOUR",
        "roles": {
          "LEX": "YOUR",
          "PROFORM": "YOUR",
          "WNSENSE": "person%1:03:00"
        },
        "start": 29,
        "end": 51
      },
      "V2604595": {
        "id": "V2604595",
        "indicator": "F",
        "type": "ASSOC-WITH",
        "word": "FOR",
        "roles": {
          "GROUND": "#V2604745",
          "FIGURE": "#V2604586",
          "LEX": "FOR"
        },
        "start": 42,
        "end": 51
      },
      "V2604745": {
        "id": "V2604745",
        "indicator": "THE",
        "type": "QUANTITY-ABSTR",
        "word": null,
        "roles": {
          "FIGURE": "#V2604618"
        },
        "start": 46,
        "end": 51
      },
      "V2604618": {
        "id": "V2604618",
        "indicator": "BARE",
        "type": "FAME-SCALE",
        "word": "FAME",
        "roles": {
          "LEX": "FAME",
          "WNSENSE": "fame%1:26:01::"
        },
        "start": 46,
        "end": 51
      },
      "root": "#V2605894"
    },
    {
      "V2604624": {
        "id": "V2604624",
        "indicator": "F",
        "type": "CONJUNCT",
        "word": "AND",
        "roles": {
          "LEX": "AND"
        },
        "start": 51,
        "end": 54
      },
      "root": "#V2604624"
    },
    {
      "V2604659": {
        "id": "V2604659",
        "indicator": "SPEECHACT",
        "type": "SA_RESPONSE",
        "word": null,
        "roles": {
          "CONTENT": "POS",
          "LEX": "YES"
        },
        "start": 0,
        "end": 4
      },
      "root": "#V2604659"
    },
    {
      "V2604816": {
        "id": "V2604816",
        "indicator": "SA-SEQ",
        "type": "SPEECH-ACT",
        "word": null,
        "roles": {
          "ACT": "#V2604676",
          "ACT1": "#V2604734",
          "LEX": "-"
        },
        "start": 4,
        "end": 13
      },
      "V2604676": {
        "id": "V2604676",
        "indicator": "SPEECHACT",
        "type": "SA_EVALUATE",
        "word": null,
        "roles": {
          "CONTENT": "#V2604541",
          "LEX": "OKAY"
        },
        "start": 4,
        "end": 9
      },
      "V2604541": {
        "id": "V2604541",
        "indicator": "F",
        "type": "GOOD",
        "word": "OKAY",
        "roles": {
          "ORIENTATION": "MORE",
          "INTENSITY": "LO",
          "FIGURE": "#V2604677",
          "SCALE": "GOODNESS-SCALE",
          "LEX": "OKAY",
          "WNSENSE": "okay%5:00:00:satisfactory:00"
        },
        "start": 4,
        "end": 9
      },
      "V2604677": {
        "id": "V2604677",
        "indicator": "IMPRO",
        "type": "ANY-SEM",
        "word": null,
        "roles": {},
        "start": 4,
        "end": 9
      },
      "V2604734": {
        "id": "V2604734",
        "indicator": "SPEECHACT",
        "type": "SA_IDENTIFY",
        "word": null,
        "roles": {
          "CONTENT": "#V2604697",
          "LEX": "-"
        },
        "start": 9,
        "end": 13
      },
      "V2604697": {
        "id": "V2604697",
        "indicator": "THE",
        "type": "QUANTITY-ABSTR",
        "word": null,
        "roles": {
          "FIGURE": "#V2604556"
        },
        "start": 9,
        "end": 13
      },
      "V2604556": {
        "id": "V2604556",
        "indicator": "PRO",
        "type": "PERSON",
        "word": "YOU",
        "roles": {
          "PROFORM": "YOU",
          "LEX": "YOU",
          "WNSENSE": "person%1:03:00"
        },
        "start": 9,
        "end": 13
      },
      "root": "#V2604816"
    },
    {
      "V2604572": {
        "id": "V2604572",
        "indicator": "F",
        "type": "SITUATION-ROOT",
        "word": "VE",
        "roles": {
          "TENSE": "PRES",
          "MODALITY": "(:* POSSIBILITY MIGHT)",
          "LEX": "VE"
        },
        "start": 13,
        "end": 22
      },
      "root": "#V2604572"
    },
    {
      "V2605882": {
        "id": "V2605882",
        "indicator": "SPEECHACT",
        "type": "SA_TELL",
        "word": null,
        "roles": {
          "CONTENT": "#V2604577",
          "LEX": "TRADED"
        },
        "start": 22,
        "end": 51
      },
      "V2604577": {
        "id": "V2604577",
        "indicator": "F",
        "type": "EXCHANGE",
        "word": "TRADE",
        "roles": {
          "AGENT": "#V2605883",
          "AFFECTED": "#V2604586",
          "REASON": "#V2604593",
          "TENSE": "PAST",
          "LEX": "TRADED",
          "WNSENSE": "trade%2:40:00::"
        },
        "start": 22,
        "end": 51
      },
      "V2605883": {
        "id": "V2605883",
        "indicator": "IMPRO",
        "type": "REFERENTIAL-SEM",
        "word": null,
        "roles": {
          "PROFORM": "SUBJ"
        },
        "start": 22,
        "end": 51
      },
      "V2604586": {
        "id": "V2604586",
        "indicator": "THE",
        "type": "METHOD",
        "word": "DIGNITY",
        "roles": {
          "ASSOC-POSS": "#V2604580",
          "LEX": "DIGNITY",
          "WNSENSE": "dignity%1:07:01::"
        },
        "start": 29,
        "end": 42
      },
      "V2604580": {
        "id": "V2604580",
        "indicator": "PRO",
        "type": "PERSON",
        "word": "YOUR",
        "roles": {
          "LEX": "YOUR",
          "PROFORM": "YOUR",
          "WNSENSE": "person%1:03:00"
        },
        "start": 29,
        "end": 42
      },
      "V2604593": {
        "id": "V2604593",
        "indicator": "F",
        "type": "PURPOSE",
        "word": "FOR",
        "roles": {
          "GROUND": "#V2604618",
          "FIGURE": "#V2604577",
          "LEX": "FOR"
        },
        "start": 42,
        "end": 51
      },
      "V2604618": {
        "id": "V2604618",
        "indicator": "BARE",
        "type": "FAME-SCALE",
        "word": "FAME",
        "roles": {
          "LEX": "FAME",
          "WNSENSE": "fame%1:26:01::"
        },
        "start": 46,
        "end": 51
      },
      "root": "#V2605882"
    },
    {
      "V2604624": {
        "id": "V2604624",
        "indicator": "F",
        "type": "CONJUNCT",
        "word": "AND",
        "roles": {
          "LEX": "AND"
        },
        "start": 51,
        "end": 54
      },
      "root": "#V2604624"
    },
    {
      "V2604659": {
        "id": "V2604659",
        "indicator": "SPEECHACT",
        "type": "SA_RESPONSE",
        "word": null,
        "roles": {
          "CONTENT": "POS",
          "LEX": "YES"
        },
        "start": 0,
        "end": 4
      },
      "root": "#V2604659"
    },
    {
      "V2604816": {
        "id": "V2604816",
        "indicator": "SA-SEQ",
        "type": "SPEECH-ACT",
        "word": null,
        "roles": {
          "ACT": "#V2604676",
          "ACT1": "#V2604734",
          "LEX": "-"
        },
        "start": 4,
        "end": 13
      },
      "V2604676": {
        "id": "V2604676",
        "indicator": "SPEECHACT",
        "type": "SA_EVALUATE",
        "word": null,
        "roles": {
          "CONTENT": "#V2604541",
          "LEX": "OKAY"
        },
        "start": 4,
        "end": 9
      },
      "V2604541": {
        "id": "V2604541",
        "indicator": "F",
        "type": "GOOD",
        "word": "OKAY",
        "roles": {
          "ORIENTATION": "MORE",
          "INTENSITY": "LO",
          "FIGURE": "#V2604677",
          "SCALE": "GOODNESS-SCALE",
          "LEX": "OKAY",
          "WNSENSE": "okay%5:00:00:satisfactory:00"
        },
        "start": 4,
        "end": 9
      },
      "V2604677": {
        "id": "V2604677",
        "indicator": "IMPRO",
        "type": "ANY-SEM",
        "word": null,
        "roles": {},
        "start": 4,
        "end": 9
      },
      "V2604734": {
        "id": "V2604734",
        "indicator": "SPEECHACT",
        "type": "SA_IDENTIFY",
        "word": null,
        "roles": {
          "CONTENT": "#V2604697",
          "LEX": "-"
        },
        "start": 9,
        "end": 13
      },
      "V2604697": {
        "id": "V2604697",
        "indicator": "THE",
        "type": "QUANTITY-ABSTR",
        "word": null,
        "roles": {
          "FIGURE": "#V2604556"
        },
        "start": 9,
        "end": 13
      },
      "V2604556": {
        "id": "V2604556",
        "indicator": "PRO",
        "type": "PERSON",
        "word": "YOU",
        "roles": {
          "PROFORM": "YOU",
          "LEX": "YOU",
          "WNSENSE": "person%1:03:00"
        },
        "start": 9,
        "end": 13
      },
      "root": "#V2604816"
    },
    {
      "V2604572": {
        "id": "V2604572",
        "indicator": "F",
        "type": "SITUATION-ROOT",
        "word": "VE",
        "roles": {
          "TENSE": "PAST",
          "MODALITY": "(:* POSSIBILITY MIGHT)",
          "LEX": "VE"
        },
        "start": 13,
        "end": 22
      },
      "root": "#V2604572"
    },
    {
      "V2605882": {
        "id": "V2605882",
        "indicator": "SPEECHACT",
        "type": "SA_TELL",
        "word": null,
        "roles": {
          "CONTENT": "#V2604577",
          "LEX": "TRADED"
        },
        "start": 22,
        "end": 51
      },
      "V2604577": {
        "id": "V2604577",
        "indicator": "F",
        "type": "EXCHANGE",
        "word": "TRADE",
        "roles": {
          "AGENT": "#V2605883",
          "AFFECTED": "#V2604586",
          "REASON": "#V2604593",
          "TENSE": "PAST",
          "LEX": "TRADED",
          "WNSENSE": "trade%2:40:00::"
        },
        "start": 22,
        "end": 51
      },
      "V2605883": {
        "id": "V2605883",
        "indicator": "IMPRO",
        "type": "REFERENTIAL-SEM",
        "word": null,
        "roles": {
          "PROFORM": "SUBJ"
        },
        "start": 22,
        "end": 51
      },
      "V2604586": {
        "id": "V2604586",
        "indicator": "THE",
        "type": "METHOD",
        "word": "DIGNITY",
        "roles": {
          "ASSOC-POSS": "#V2604580",
          "LEX": "DIGNITY",
          "WNSENSE": "dignity%1:07:01::"
        },
        "start": 29,
        "end": 42
      },
      "V2604580": {
        "id": "V2604580",
        "indicator": "PRO",
        "type": "PERSON",
        "word": "YOUR",
        "roles": {
          "LEX": "YOUR",
          "PROFORM": "YOUR",
          "WNSENSE": "person%1:03:00"
        },
        "start": 29,
        "end": 42
      },
      "V2604593": {
        "id": "V2604593",
        "indicator": "F",
        "type": "PURPOSE",
        "word": "FOR",
        "roles": {
          "GROUND": "#V2604618",
          "FIGURE": "#V2604577",
          "LEX": "FOR"
        },
        "start": 42,
        "end": 51
      },
      "V2604618": {
        "id": "V2604618",
        "indicator": "BARE",
        "type": "FAME-SCALE",
        "word": "FAME",
        "roles": {
          "LEX": "FAME",
          "WNSENSE": "fame%1:26:01::"
        },
        "start": 46,
        "end": 51
      },
      "root": "#V2605882"
    },
    {
      "V2604624": {
        "id": "V2604624",
        "indicator": "F",
        "type": "CONJUNCT",
        "word": "AND",
        "roles": {
          "LEX": "AND"
        },
        "start": 51,
        "end": 54
      },
      "root": "#V2604624"
    }
  ],
  "inputtags": [],
  "debug": [
    "*last-utt-id*=NIL  utt-id+441",
    "*last-utt-id*=441  utt-id+441",
    "*last-utt-id*=441  utt-id+441",
    "*last-utt-id*=441  utt-id+441",
    "*last-utt-id*=441  utt-id+441",
    "*last-utt-id*=441  utt-id+441",
    "*last-utt-id*=441  utt-id+NIL"
  ]
}
