{
  "parse": [
    {
      "V2390789": {
        "id": "V2390789",
        "indicator": "SPEECHACT",
        "type": "SA_IDENTIFY",
        "word": null,
        "roles": {
          "CONTENT": "#V2390614",
          "LEX": "-"
        },
        "start": 0,
        "end": 29
      },
      "V2390614": {
        "id": "V2390614",
        "indicator": "THE",
        "type": "QUANTITY-ABSTR",
        "word": null,
        "roles": {
          "FIGURE": "#V2389671"
        },
        "start": 0,
        "end": 29
      },
      "V2389671": {
        "id": "V2389671",
        "indicator": "THE",
        "type": "TIME-POINT",
        "word": null,
        "roles": {
          "SUCHTHAT": "#V2389523",
          "LEX": "WHEN"
        },
        "start": 0,
        "end": 29
      },
      "V2389523": {
        "id": "V2389523",
        "indicator": "F",
        "type": "TELL",
        "word": "TELL",
        "roles": {
          "TIME": "#V2389470",
          "AGENT": "#V2389519",
          "AGENT1": "#V2389543",
          "MOD": "#V2389551",
          "WNSENSE": "tell%2:32:04::"
        },
        "start": 0,
        "end": 29
      },
      "V2389470": {
        "id": "V2389470",
        "indicator": "F",
        "type": "EVENT-TIME-REL",
        "word": "WHEN",
        "roles": {
          "GROUND": "#V2389671",
          "FIGURE": "#V2389523",
          "LEX": "WHEN"
        },
        "start": 0,
        "end": 5
      },
      "V2389519": {
        "id": "V2389519",
        "indicator": "A",
        "type": "PERSON",
        "word": "GUY",
        "roles": {
          "LEX": "GUY",
          "WNSENSE": "person%1:03:00"
        },
        "start": 5,
        "end": 11
      },
      "V2389543": {
        "id": "V2389543",
        "indicator": "PRO",
        "type": "PERSON",
        "word": "YOU",
        "roles": {
          "PROFORM": "YOU",
          "LEX": "YOU",
          "WNSENSE": "person%1:03:00",
          "COREF": "SYS"
        },
        "start": 17,
        "end": 21
      },
      "V2389551": {
        "id": "V2389551",
        "indicator": "F",
        "type": "PRECISE",
        "word": "EXACTLY",
        "roles": {
          "FIGURE": "#V2389523",
          "SCALE": "PRECISION-SCALE",
          "ORIENTATION": "POS",
          "LEX": "EXACTLY",
          "WNSENSE": "exact%3:00:00::"
        },
        "start": 21,
        "end": 29
      },
      "root": "#V2390789"
    },
    {
      "V2390168": {
        "id": "V2390168",
        "indicator": "SPEECHACT",
        "type": "SA_IDENTIFY",
        "word": null,
        "roles": {
          "PUNCTYPE": "DECL",
          "CONTENT": "#V2390096",
          "LEX": "-"
        },
        "start": 29,
        "end": 56
      },
      "V2390096": {
        "id": "V2390096",
        "indicator": "THE",
        "type": "QUANTITY-ABSTR",
        "word": null,
        "roles": {
          "FIGURE": "#V2389558",
          "COREF": "#V2390614"
        },
        "start": 29,
        "end": 56
      },
      "V2389558": {
        "id": "V2389558",
        "indicator": "WH-TERM",
        "type": "REFERENTIAL-SEM",
        "word": "WHAT",
        "roles": {
          "SUCHTHAT": "#V2389570",
          "PROFORM": "WHAT",
          "LEX": "WHAT",
          "WNSENSE": "entity%1:03:00"
        },
        "start": 29,
        "end": 56
      },
      "V2389570": {
        "id": "V2389570",
        "indicator": "F",
        "type": "WANT",
        "word": "WANT",
        "roles": {
          "EXPERIENCER": "#V2389565",
          "FORMAL": "#V2389607",
          "TENSE": "PRES",
          "LEX": "WANTS",
          "WNSENSE": "want%2:37:00::"
        },
        "start": 34,
        "end": 56
      },
      "V2389565": {
        "id": "V2389565",
        "indicator": "PRO",
        "type": "MALE-PERSON",
        "word": "HE",
        "roles": {
          "PROFORM": "HE",
          "LEX": "HE",
          "WNSENSE": "man%1:18:00",
          "COREF": "#V2389519"
        },
        "start": 34,
        "end": 37
      },
      "V2389607": {
        "id": "V2389607",
        "indicator": "F",
        "type": "OBJECTIVE-INFLUENCE",
        "word": "DO",
        "roles": {
          "AGENT": "#V2389565",
          "RESULT": "#V2389558",
          "AFFECTED": "#V2389653",
          "VFORM": "BASE",
          "LEX": "DO-",
          "WNSENSE": "force%1:07:01"
        },
        "start": 43,
        "end": 56
      },
      "V2389653": {
        "id": "V2389653",
        "indicator": "PRO",
        "type": "PERSON",
        "word": "YOU",
        "roles": {
          "PROFORM": "YOU",
          "LEX": "YOU",
          "WNSENSE": "person%1:03:00",
          "COREF": "SYS"
        },
        "start": 49,
        "end": 56
      },
      "root": "#V2390168"
    },
    {
      "V2390789": {
        "id": "V2390789",
        "indicator": "SPEECHACT",
        "type": "SA_IDENTIFY",
        "word": null,
        "roles": {
          "CONTENT": "#V2390614",
          "LEX": "-"
        },
        "start": 0,
        "end": 29
      },
      "V2390614": {
        "id": "V2390614",
        "indicator": "THE",
        "type": "QUANTITY-ABSTR",
        "word": null,
        "roles": {
          "FIGURE": "#V2389671"
        },
        "start": 0,
        "end": 29
      },
      "V2389671": {
        "id": "V2389671",
        "indicator": "THE",
        "type": "TIME-POINT",
        "word": null,
        "roles": {
          "SUCHTHAT": "#V2389523",
          "LEX": "WHEN"
        },
        "start": 0,
        "end": 29
      },
      "V2389523": {
        "id": "V2389523",
        "indicator": "F",
        "type": "TELL",
        "word": "TELL",
        "roles": {
          "TIME": "#V2389470",
          "AGENT": "#V2389519",
          "AGENT1": "#V2389543",
          "MOD": "#V2389551",
          "WNSENSE": "tell%2:32:04::"
        },
        "start": 0,
        "end": 29
      },
      "V2389470": {
        "id": "V2389470",
        "indicator": "F",
        "type": "EVENT-TIME-REL",
        "word": "WHEN",
        "roles": {
          "GROUND": "#V2389671",
          "FIGURE": "#V2389523",
          "LEX": "WHEN"
        },
        "start": 0,
        "end": 5
      },
      "V2389519": {
        "id": "V2389519",
        "indicator": "A",
        "type": "PERSON",
        "word": "GUY",
        "roles": {
          "LEX": "GUY",
          "WNSENSE": "person%1:03:00"
        },
        "start": 5,
        "end": 11
      },
      "V2389543": {
        "id": "V2389543",
        "indicator": "PRO",
        "type": "PERSON",
        "word": "YOU",
        "roles": {
          "PROFORM": "YOU",
          "LEX": "YOU",
          "WNSENSE": "person%1:03:00"
        },
        "start": 17,
        "end": 21
      },
      "V2389551": {
        "id": "V2389551",
        "indicator": "F",
        "type": "PRECISE",
        "word": "EXACTLY",
        "roles": {
          "FIGURE": "#V2389523",
          "SCALE": "PRECISION-SCALE",
          "ORIENTATION": "POS",
          "LEX": "EXACTLY",
          "WNSENSE": "exact%3:00:00::"
        },
        "start": 21,
        "end": 29
      },
      "root": "#V2390789"
    },
    {
      "V2390166": {
        "id": "V2390166",
        "indicator": "SPEECHACT",
        "type": "SA_IDENTIFY",
        "word": null,
        "roles": {
          "PUNCTYPE": "DECL",
          "CONTENT": "#V2390094",
          "LEX": "-"
        },
        "start": 29,
        "end": 57
      },
      "V2390094": {
        "id": "V2390094",
        "indicator": "THE",
        "type": "QUANTITY-ABSTR",
        "word": null,
        "roles": {
          "FIGURE": "#V2389559"
        },
        "start": 29,
        "end": 56
      },
      "V2389559": {
        "id": "V2389559",
        "indicator": "WH-TERM-SET",
        "type": "REFERENTIAL-SEM",
        "word": "WHAT",
        "roles": {
          "SUCHTHAT": "#V2389570",
          "PROFORM": "WHAT",
          "LEX": "WHAT",
          "WNSENSE": "entity%1:03:00"
        },
        "start": 29,
        "end": 56
      },
      "V2389570": {
        "id": "V2389570",
        "indicator": "F",
        "type": "WANT",
        "word": "WANT",
        "roles": {
          "EXPERIENCER": "#V2389565",
          "FORMAL": "#V2389607",
          "TENSE": "PRES",
          "LEX": "WANTS",
          "WNSENSE": "want%2:37:00::"
        },
        "start": 34,
        "end": 56
      },
      "V2389565": {
        "id": "V2389565",
        "indicator": "PRO",
        "type": "MALE-PERSON",
        "word": "HE",
        "roles": {
          "PROFORM": "HE",
          "LEX": "HE",
          "WNSENSE": "man%1:18:00"
        },
        "start": 34,
        "end": 37
      },
      "V2389607": {
        "id": "V2389607",
        "indicator": "F",
        "type": "OBJECTIVE-INFLUENCE",
        "word": "DO",
        "roles": {
          "AGENT": "#V2389565",
          "RESULT": "#V2389559",
          "AFFECTED": "#V2389653",
          "VFORM": "BASE",
          "LEX": "DO-",
          "WNSENSE": "force%1:07:01"
        },
        "start": 43,
        "end": 56
      },
      "V2389653": {
        "id": "V2389653",
        "indicator": "PRO",
        "type": "PERSON",
        "word": "YOU",
        "roles": {
          "PROFORM": "YOU",
          "LEX": "YOU",
          "WNSENSE": "person%1:03:00"
        },
        "start": 49,
        "end": 56
      },
      "root": "#V2390166"
    },
    {
      "V2390787": {
        "id": "V2390787",
        "indicator": "SPEECHACT",
        "type": "SA_IDENTIFY",
        "word": null,
        "roles": {
          "CONTENT": "#V2390611",
          "LEX": "-"
        },
        "start": 0,
        "end": 29
      },
      "V2390611": {
        "id": "V2390611",
        "indicator": "THE",
        "type": "QUANTITY-ABSTR",
        "word": null,
        "roles": {
          "FIGURE": "#V2389671"
        },
        "start": 0,
        "end": 29
      },
      "V2389671": {
        "id": "V2389671",
        "indicator": "THE",
        "type": "TIME-POINT",
        "word": null,
        "roles": {
          "SUCHTHAT": "#V2389524",
          "LEX": "WHEN"
        },
        "start": 0,
        "end": 29
      },
      "V2389524": {
        "id": "V2389524",
        "indicator": "F",
        "type": "TELL",
        "word": "TELL",
        "roles": {
          "TIME": "#V2389470",
          "AGENT": "#V2389519",
          "NEUTRAL": "#V2389543",
          "MOD": "#V2389551",
          "WNSENSE": "tell%2:32:04::"
        },
        "start": 0,
        "end": 29
      },
      "V2389470": {
        "id": "V2389470",
        "indicator": "F",
        "type": "EVENT-TIME-REL",
        "word": "WHEN",
        "roles": {
          "GROUND": "#V2389671",
          "FIGURE": "#V2389524",
          "LEX": "WHEN"
        },
        "start": 0,
        "end": 5
      },
      "V2389519": {
        "id": "V2389519",
        "indicator": "A",
        "type": "PERSON",
        "word": "GUY",
        "roles": {
          "LEX": "GUY",
          "WNSENSE": "person%1:03:00"
        },
        "start": 5,
        "end": 11
      },
      "V2389543": {
        "id": "V2389543",
        "indicator": "PRO",
        "type": "PERSON",
        "word": "YOU",
        "roles": {
          "PROFORM": "YOU",
          "LEX": "YOU",
          "WNSENSE": "person%1:03:00"
        },
        "start": 17,
        "end": 21
      },
      "V2389551": {
        "id": "V2389551",
        "indicator": "F",
        "type": "PRECISE",
        "word": "EXACTLY",
        "roles": {
          "FIGURE": "#V2389524",
          "SCALE": "PRECISION-SCALE",
          "ORIENTATION": "POS",
          "LEX": "EXACTLY",
          "WNSENSE": "exact%3:00:00::"
        },
        "start": 21,
        "end": 29
      },
      "root": "#V2390787"
    },
    {
      "V2390168": {
        "id": "V2390168",
        "indicator": "SPEECHACT",
        "type": "SA_IDENTIFY",
        "word": null,
        "roles": {
          "PUNCTYPE": "DECL",
          "CONTENT": "#V2390096",
          "LEX": "-"
        },
        "start": 29,
        "end": 57
      },
      "V2390096": {
        "id": "V2390096",
        "indicator": "THE",
        "type": "QUANTITY-ABSTR",
        "word": null,
        "roles": {
          "FIGURE": "#V2389558"
        },
        "start": 29,
        "end": 56
      },
      "V2389558": {
        "id": "V2389558",
        "indicator": "WH-TERM",
        "type": "REFERENTIAL-SEM",
        "word": "WHAT",
        "roles": {
          "SUCHTHAT": "#V2389570",
          "PROFORM": "WHAT",
          "LEX": "WHAT",
          "WNSENSE": "entity%1:03:00"
        },
        "start": 29,
        "end": 56
      },
      "V2389570": {
        "id": "V2389570",
        "indicator": "F",
        "type": "WANT",
        "word": "WANT",
        "roles": {
          "EXPERIENCER": "#V2389565",
          "FORMAL": "#V2389607",
          "TENSE": "PRES",
          "LEX": "WANTS",
          "WNSENSE": "want%2:37:00::"
        },
        "start": 34,
        "end": 56
      },
      "V2389565": {
        "id": "V2389565",
        "indicator": "PRO",
        "type": "MALE-PERSON",
        "word": "HE",
        "roles": {
          "PROFORM": "HE",
          "LEX": "HE",
          "WNSENSE": "man%1:18:00"
        },
        "start": 34,
        "end": 37
      },
      "V2389607": {
        "id": "V2389607",
        "indicator": "F",
        "type": "OBJECTIVE-INFLUENCE",
        "word": "DO",
        "roles": {
          "AGENT": "#V2389565",
          "RESULT": "#V2389558",
          "AFFECTED": "#V2389653",
          "VFORM": "BASE",
          "LEX": "DO-",
          "WNSENSE": "force%1:07:01"
        },
        "start": 43,
        "end": 56
      },
      "V2389653": {
        "id": "V2389653",
        "indicator": "PRO",
        "type": "PERSON",
        "word": "YOU",
        "roles": {
          "PROFORM": "YOU",
          "LEX": "YOU",
          "WNSENSE": "person%1:03:00"
        },
        "start": 49,
        "end": 56
      },
      "root": "#V2390168"
    },
    {
      "V2390787": {
        "id": "V2390787",
        "indicator": "SPEECHACT",
        "type": "SA_IDENTIFY",
        "word": null,
        "roles": {
          "CONTENT": "#V2390611",
          "LEX": "-"
        },
        "start": 0,
        "end": 29
      },
      "V2390611": {
        "id": "V2390611",
        "indicator": "THE",
        "type": "QUANTITY-ABSTR",
        "word": null,
        "roles": {
          "FIGURE": "#V2389671"
        },
        "start": 0,
        "end": 29
      },
      "V2389671": {
        "id": "V2389671",
        "indicator": "THE",
        "type": "TIME-POINT",
        "word": null,
        "roles": {
          "SUCHTHAT": "#V2389524",
          "LEX": "WHEN"
        },
        "start": 0,
        "end": 29
      },
      "V2389524": {
        "id": "V2389524",
        "indicator": "F",
        "type": "TELL",
        "word": "TELL",
        "roles": {
          "TIME": "#V2389470",
          "AGENT": "#V2389519",
          "NEUTRAL": "#V2389543",
          "MOD": "#V2389551",
          "WNSENSE": "tell%2:32:04::"
        },
        "start": 0,
        "end": 29
      },
      "V2389470": {
        "id": "V2389470",
        "indicator": "F",
        "type": "EVENT-TIME-REL",
        "word": "WHEN",
        "roles": {
          "GROUND": "#V2389671",
          "FIGURE": "#V2389524",
          "LEX": "WHEN"
        },
        "start": 0,
        "end": 5
      },
      "V2389519": {
        "id": "V2389519",
        "indicator": "A",
        "type": "PERSON",
        "word": "GUY",
        "roles": {
          "LEX": "GUY",
          "WNSENSE": "person%1:03:00"
        },
        "start": 5,
        "end": 11
      },
      "V2389543": {
        "id": "V2389543",
        "indicator": "PRO",
        "type": "PERSON",
        "word": "YOU",
        "roles": {
          "PROFORM": "YOU",
          "LEX": "YOU",
          "WNSENSE": "person%1:03:00"
        },
        "start": 17,
        "end": 21
      },
      "V2389551": {
        "id": "V2389551",
        "indicator": "F",
        "type": "PRECISE",
        "word": "EXACTLY",
        "roles": {
          "FIGURE": "#V2389524",
          "SCALE": "PRECISION-SCALE",
          "ORIENTATION": "POS",
          "LEX": "EXACTLY",
          "WNSENSE": "exact%3:00:00::"
        },
        "start": 21,
        "end": 29
      },
      "root": "#V2390787"
    },
    {
      "V2390166": {
        "id": "V2390166",
        "indicator": "SPEECHACT",
        "type": "SA_IDENTIFY",
        "word": null,
        "roles": {
          "PUNCTYPE": "DECL",
          "CONTENT": "#V2390094",
          "LEX": "-"
        },
        "start": 29,
        "end": 57
      },
      "V2390094": {
        "id": "V2390094",
        "indicator": "THE",
        "type": "QUANTITY-ABSTR",
        "word": null,
        "roles": {
          "FIGURE": "#V2389559"
        },
        "start": 29,
        "end": 56
      },
      "V2389559": {
        "id": "V2389559",
        "indicator": "WH-TERM-SET",
        "type": "REFERENTIAL-SEM",
        "word": "WHAT",
        "roles": {
          "SUCHTHAT": "#V2389570",
          "PROFORM": "WHAT",
          "LEX": "WHAT",
          "WNSENSE": "entity%1:03:00"
        },
        "start": 29,
        "end": 56
      },
      "V2389570": {
        "id": "V2389570",
        "indicator": "F",
        "type": "WANT",
        "word": "WANT",
        "roles": {
          "EXPERIENCER": "#V2389565",
          "FORMAL": "#V2389607",
          "TENSE": "PRES",
          "LEX": "WANTS",
          "WNSENSE": "want%2:37:00::"
        },
        "start": 34,
        "end": 56
      },
      "V2389565": {
        "id": "V2389565",
        "indicator": "PRO",
        "type": "MALE-PERSON",
        "word": "HE",
        "roles": {
          "PROFORM": "HE",
          "LEX": "HE",
          "WNSENSE": "man%1:18:00"
        },
        "start": 34,
        "end": 37
      },
      "V2389607": {
        "id": "V2389607",
        "indicator": "F",
        "type": "OBJECTIVE-INFLUENCE",
        "word": "DO",
        "roles": {
          "AGENT": "#V2389565",
          "RESULT": "#V2389559",
          "AFFECTED": "#V2389653",
          "VFORM": "BASE",
          "LEX": "DO-",
          "WNSENSE": "force%1:07:01"
        },
        "start": 43,
        "end": 56
      },
      "V2389653": {
        "id": "V2389653",
        "indicator": "PRO",
        "type": "PERSON",
        "word": "YOU",
        "roles": {
          "PROFORM": "YOU",
          "LEX": "YOU",
          "WNSENSE": "person%1:03:00"
        },
        "start": 49,
        "end": 56
      },
      "root": "#V2390166"
    },
    {
      "V2390789": {
        "id": "V2390789",
        "indicator": "SPEECHACT",
        "type": "SA_IDENTIFY",
        "word": null,
        "roles": {
          "CONTENT": "#V2390614",
          "LEX": "-"
        },
        "start": 0,
        "end": 29
      },
      "V2390614": {
        "id": "V2390614",
        "indicator": "THE",
        "type": "QUANTITY-ABSTR",
        "word": null,
        "roles": {
          "FIGURE": "#V2389671"
        },
        "start": 0,
        "end": 29
      },
      "V2389671": {
        "id": "V2389671",
        "indicator": "THE",
        "type": "TIME-POINT",
        "word": null,
        "roles": {
          "SUCHTHAT": "#V2389523",
          "LEX": "WHEN"
        },
        "start": 0,
        "end": 29
      },
      "V2389523": {
        "id": "V2389523",
        "indicator": "F",
        "type": "TELL",
        "word": "TELL",
        "roles": {
          "TIME": "#V2389470",
          "AGENT": "#V2389519",
          "AGENT1": "#V2389543",
          "MOD": "#V2389551",
          "WNSENSE": "tell%2:32:04::"
        },
        "start": 0,
        "end": 29
      },
      "V2389470": {
        "id": "V2389470",
        "indicator": "F",
        "type": "EVENT-TIME-REL",
        "word": "WHEN",
        "roles": {
          "GROUND": "#V2389671",
          "FIGURE": "#V2389523",
          "LEX": "WHEN"
        },
        "start": 0,
        "end": 5
      },
      "V2389519": {
        "id": "V2389519",
        "indicator": "A",
        "type": "PERSON",
        "word": "GUY",
        "roles": {
          "LEX": "GUY",
          "WNSENSE": "person%1:03:00"
        },
        "start": 5,
        "end": 11
      },
      "V2389543": {
        "id": "V2389543",
        "indicator": "PRO",
        "type": "PERSON",
        "word": "YOU",
        "roles": {
          "PROFORM": "YOU",
          "LEX": "YOU",
          "WNSENSE": "person%1:03:00"
        },
        "start": 17,
        "end": 21
      },
      "V2389551": {
        "id": "V2389551",
        "indicator": "F",
        "type": "PRECISE",
        "word": "EXACTLY",
        "roles": {
          "FIGURE": "#V2389523",
          "SCALE": "PRECISION-SCALE",
          "ORIENTATION": "POS",
          "LEX": "EXACTLY",
          "WNSENSE": "exact%3:00:00::"
        },
        "start": 21,
        "end": 29
      },
      "root": "#V2390789"
    },
    {
      "V2390216": {
        "id": "V2390216",
        "indicator": "SPEECHACT",
        "type": "SA_IDENTIFY",
        "word": null,
        "roles": {
          "PUNCTYPE": "DECL",
          "CONTENT": "#V2390206",
          "LEX": "-"
        },
        "start": 29,
        "end": 57
      },
      "V2390206": {
        "id": "V2390206",
        "indicator": "THE",
        "type": "QUANTITY-ABSTR",
        "word": null,
        "roles": {
          "FIGURE": "#V2389558"
        },
        "start": 29,
        "end": 56
      },
      "V2389558": {
        "id": "V2389558",
        "indicator": "WH-TERM",
        "type": "REFERENTIAL-SEM",
        "word": "WHAT",
        "roles": {
          "SUCHTHAT": "#V2389570",
          "PROFORM": "WHAT",
          "LEX": "WHAT",
          "WNSENSE": "entity%1:03:00"
        },
        "start": 29,
        "end": 56
      },
      "V2389570": {
        "id": "V2389570",
        "indicator": "F",
        "type": "WANT",
        "word": "WANT",
        "roles": {
          "EXPERIENCER": "#V2389565",
          "FORMAL": "#V2389607",
          "TENSE": "PRES",
          "LEX": "WANTS",
          "WNSENSE": "want%2:37:00::"
        },
        "start": 34,
        "end": 56
      },
      "V2389565": {
        "id": "V2389565",
        "indicator": "PRO",
        "type": "MALE-PERSON",
        "word": "HE",
        "roles": {
          "PROFORM": "HE",
          "LEX": "HE",
          "WNSENSE": "man%1:18:00"
        },
        "start": 34,
        "end": 37
      },
      "V2389607": {
        "id": "V2389607",
        "indicator": "F",
        "type": "OBJECTIVE-INFLUENCE",
        "word": "DO",
        "roles": {
          "AGENT": "#V2389565",
          "RESULT": "#V2389558",
          "AFFECTED": "#V2389654",
          "VFORM": "BASE",
          "LEX": "DO-",
          "WNSENSE": "force%1:07:01"
        },
        "start": 43,
        "end": 56
      },
      "V2389654": {
        "id": "V2389654",
        "indicator": "PRO-SET",
        "type": "PERSON",
        "word": "YOU",
        "roles": {
          "PROFORM": "YOU",
          "LEX": "YOU",
          "WNSENSE": "person%1:03:00"
        },
        "start": 49,
        "end": 56
      },
      "root": "#V2390216"
    },
    {
      "V2390789": {
        "id": "V2390789",
        "indicator": "SPEECHACT",
        "type": "SA_IDENTIFY",
        "word": null,
        "roles": {
          "CONTENT": "#V2390614",
          "LEX": "-"
        },
        "start": 0,
        "end": 29
      },
      "V2390614": {
        "id": "V2390614",
        "indicator": "THE",
        "type": "QUANTITY-ABSTR",
        "word": null,
        "roles": {
          "FIGURE": "#V2389671"
        },
        "start": 0,
        "end": 29
      },
      "V2389671": {
        "id": "V2389671",
        "indicator": "THE",
        "type": "TIME-POINT",
        "word": null,
        "roles": {
          "SUCHTHAT": "#V2389523",
          "LEX": "WHEN"
        },
        "start": 0,
        "end": 29
      },
      "V2389523": {
        "id": "V2389523",
        "indicator": "F",
        "type": "TELL",
        "word": "TELL",
        "roles": {
          "TIME": "#V2389470",
          "AGENT": "#V2389519",
          "AGENT1": "#V2389543",
          "MOD": "#V2389551",
          "WNSENSE": "tell%2:32:04::"
        },
        "start": 0,
        "end": 29
      },
      "V2389470": {
        "id": "V2389470",
        "indicator": "F",
        "type": "EVENT-TIME-REL",
        "word": "WHEN",
        "roles": {
          "GROUND": "#V2389671",
          "FIGURE": "#V2389523",
          "LEX": "WHEN"
        },
        "start": 0,
        "end": 5
      },
      "V2389519": {
        "id": "V2389519",
        "indicator": "A",
        "type": "PERSON",
        "word": "GUY",
        "roles": {
          "LEX": "GUY",
          "WNSENSE": "person%1:03:00"
        },
        "start": 5,
        "end": 11
      },
      "V2389543": {
        "id": "V2389543",
        "indicator": "PRO",
        "type": "PERSON",
        "word": "YOU",
        "roles": {
          "PROFORM": "YOU",
          "LEX": "YOU",
          "WNSENSE": "person%1:03:00"
        },
        "start": 17,
        "end": 21
      },
      "V2389551": {
        "id": "V2389551",
        "indicator": "F",
        "type": "PRECISE",
        "word": "EXACTLY",
        "roles": {
          "FIGURE": "#V2389523",
          "SCALE": "PRECISION-SCALE",
          "ORIENTATION": "POS",
          "LEX": "EXACTLY",
          "WNSENSE": "exact%3:00:00::"
        },
        "start": 21,
        "end": 29
      },
      "root": "#V2390789"
    },
    {
      "V2390214": {
        "id": "V2390214",
        "indicator": "SPEECHACT",
        "type": "SA_IDENTIFY",
        "word": null,
        "roles": {
          "PUNCTYPE": "DECL",
          "CONTENT": "#V2390204",
          "LEX": "-"
        },
        "start": 29,
        "end": 57
      },
      "V2390204": {
        "id": "V2390204",
        "indicator": "THE",
        "type": "QUANTITY-ABSTR",
        "word": null,
        "roles": {
          "FIGURE": "#V2389559"
        },
        "start": 29,
        "end": 56
      },
      "V2389559": {
        "id": "V2389559",
        "indicator": "WH-TERM-SET",
        "type": "REFERENTIAL-SEM",
        "word": "WHAT",
        "roles": {
          "SUCHTHAT": "#V2389570",
          "PROFORM": "WHAT",
          "LEX": "WHAT",
          "WNSENSE": "entity%1:03:00"
        },
        "start": 29,
        "end": 56
      },
      "V2389570": {
        "id": "V2389570",
        "indicator": "F",
        "type": "WANT",
        "word": "WANT",
        "roles": {
          "EXPERIENCER": "#V2389565",
          "FORMAL": "#V2389607",
          "TENSE": "PRES",
          "LEX": "WANTS",
          "WNSENSE": "want%2:37:00::"
        },
        "start": 34,
        "end": 56
      },
      "V2389565": {
        "id": "V2389565",
        "indicator": "PRO",
        "type": "MALE-PERSON",
        "word": "HE",
        "roles": {
          "PROFORM": "HE",
          "LEX": "HE",
          "WNSENSE": "man%1:18:00"
        },
        "start": 34,
        "end": 37
      },
      "V2389607": {
        "id": "V2389607",
        "indicator": "F",
        "type": "OBJECTIVE-INFLUENCE",
        "word": "DO",
        "roles": {
          "AGENT": "#V2389565",
          "RESULT": "#V2389559",
          "AFFECTED": "#V2389654",
          "VFORM": "BASE",
          "LEX": "DO-",
          "WNSENSE": "force%1:07:01"
        },
        "start": 43,
        "end": 56
      },
      "V2389654": {
        "id": "V2389654",
        "indicator": "PRO-SET",
        "type": "PERSON",
        "word": "YOU",
        "roles": {
          "PROFORM": "YOU",
          "LEX": "YOU",
          "WNSENSE": "person%1:03:00"
        },
        "start": 49,
        "end": 56
      },
      "root": "#V2390214"
    },
    {
      "V2390787": {
        "id": "V2390787",
        "indicator": "SPEECHACT",
        "type": "SA_IDENTIFY",
        "word": null,
        "roles": {
          "CONTENT": "#V2390611",
          "LEX": "-"
        },
        "start": 0,
        "end": 29
      },
      "V2390611": {
        "id": "V2390611",
        "indicator": "THE",
        "type": "QUANTITY-ABSTR",
        "word": null,
        "roles": {
          "FIGURE": "#V2389671"
        },
        "start": 0,
        "end": 29
      },
      "V2389671": {
        "id": "V2389671",
        "indicator": "THE",
        "type": "TIME-POINT",
        "word": null,
        "roles": {
          "SUCHTHAT": "#V2389524",
          "LEX": "WHEN"
        },
        "start": 0,
        "end": 29
      },
      "V2389524": {
        "id": "V2389524",
        "indicator": "F",
        "type": "TELL",
        "word": "TELL",
        "roles": {
          "TIME": "#V2389470",
          "AGENT": "#V2389519",
          "NEUTRAL": "#V2389543",
          "MOD": "#V2389551",
          "WNSENSE": "tell%2:32:04::"
        },
        "start": 0,
        "end": 29
      },
      "V2389470": {
        "id": "V2389470",
        "indicator": "F",
        "type": "EVENT-TIME-REL",
        "word": "WHEN",
        "roles": {
          "GROUND": "#V2389671",
          "FIGURE": "#V2389524",
          "LEX": "WHEN"
        },
        "start": 0,
        "end": 5
      },
      "V2389519": {
        "id": "V2389519",
        "indicator": "A",
        "type": "PERSON",
        "word": "GUY",
        "roles": {
          "LEX": "GUY",
          "WNSENSE": "person%1:03:00"
        },
        "start": 5,
        "end": 11
      },
      "V2389543": {
        "id": "V2389543",
        "indicator": "PRO",
        "type": "PERSON",
        "word": "YOU",
        "roles": {
          "PROFORM": "YOU",
          "LEX": "YOU",
          "WNSENSE": "person%1:03:00"
        },
        "start": 17,
        "end": 21
      },
      "V2389551": {
        "id": "V2389551",
        "indicator": "F",
        "type": "PRECISE",
        "word": "EXACTLY",
        "roles": {
          "FIGURE": "#V2389524",
          "SCALE": "PRECISION-SCALE",
          "ORIENTATION": "POS",
          "LEX": "EXACTLY",
          "WNSENSE": "exact%3:00:00::"
        },
        "start": 21,
        "end": 29
      },
      "root": "#V2390787"
    },
    {
      "V2390216": {
        "id": "V2390216",
        "indicator": "SPEECHACT",
        "type": "SA_IDENTIFY",
        "word": null,
        "roles": {
          "PUNCTYPE": "DECL",
          "CONTENT": "#V2390206",
          "LEX": "-"
        },
        "start": 29,
        "end": 57
      },
      "V2390206": {
        "id": "V2390206",
        "indicator": "THE",
        "type": "QUANTITY-ABSTR",
        "word": null,
        "roles": {
          "FIGURE": "#V2389558"
        },
        "start": 29,
        "end": 56
      },
      "V2389558": {
        "id": "V2389558",
        "indicator": "WH-TERM",
        "type": "REFERENTIAL-SEM",
        "word": "WHAT",
        "roles": {
          "SUCHTHAT": "#V2389570",
          "PROFORM": "WHAT",
          "LEX": "WHAT",
          "WNSENSE": "entity%1:03:00"
        },
        "start": 29,
        "end": 56
      },
      "V2389570": {
        "id": "V2389570",
        "indicator": "F",
        "type": "WANT",
        "word": "WANT",
        "roles": {
          "EXPERIENCER": "#V2389565",
          "FORMAL": "#V2389607",
          "TENSE": "PRES",
          "LEX": "WANTS",
          "WNSENSE": "want%2:37:00::"
        },
        "start": 34,
        "end": 56
      },
      "V2389565": {
        "id": "V2389565",
        "indicator": "PRO",
        "type": "MALE-PERSON",
        "word": "HE",
        "roles": {
          "PROFORM": "HE",
          "LEX": "HE",
          "WNSENSE": "man%1:18:00"
        },
        "start": 34,
        "end": 37
      },
      "V2389607": {
        "id": "V2389607",
        "indicator": "F",
        "type": "OBJECTIVE-INFLUENCE",
        "word": "DO",
        "roles": {
          "AGENT": "#V2389565",
          "RESULT": "#V2389558",
          "AFFECTED": "#V2389654",
          "VFORM": "BASE",
          "LEX": "DO-",
          "WNSENSE": "force%1:07:01"
        },
        "start": 43,
        "end": 56
      },
      "V2389654": {
        "id": "V2389654",
        "indicator": "PRO-SET",
        "type": "PERSON",
        "word": "YOU",
        "roles": {
          "PROFORM": "YOU",
          "LEX": "YOU",
          "WNSENSE": "person%1:03:00"
        },
        "start": 49,
        "end": 56
      },
      "root": "#V2390216"
    },
    {
      "V2390787": {
        "id": "V2390787",
        "indicator": "SPEECHACT",
        "type": "SA_IDENTIFY",
        "word": null,
        "roles": {
          "CONTENT": "#V2390611",
          "LEX": "-"
        },
        "start": 0,
        "end": 29
      },
      "V2390611": {
        "id": "V2390611",
        "indicator": "THE",
        "type": "QUANTITY-ABSTR",
        "word": null,
        "roles": {
          "FIGURE": "#V2389671"
        },
        "start": 0,
        "end": 29
      },
      "V2389671": {
        "id": "V2389671",
        "indicator": "THE",
        "type": "TIME-POINT",
        "word": null,
        "roles": {
          "SUCHTHAT": "#V2389524",
          "LEX": "WHEN"
        },
        "start": 0,
        "end": 29
      },
      "V2389524": {
        "id": "V2389524",
        "indicator": "F",
        "type": "TELL",
        "word": "TELL",
        "roles": {
          "TIME": "#V2389470",
          "AGENT": "#V2389519",
          "NEUTRAL": "#V2389543",
          "MOD": "#V2389551",
          "WNSENSE": "tell%2:32:04::"
        },
        "start": 0,
        "end": 29
      },
      "V2389470": {
        "id": "V2389470",
        "indicator": "F",
        "type": "EVENT-TIME-REL",
        "word": "WHEN",
        "roles": {
          "GROUND": "#V2389671",
          "FIGURE": "#V2389524",
          "LEX": "WHEN"
        },
        "start": 0,
        "end": 5
      },
      "V2389519": {
        "id": "V2389519",
        "indicator": "A",
        "type": "PERSON",
        "word": "GUY",
        "roles": {
          "LEX": "GUY",
          "WNSENSE": "person%1:03:00"
        },
        "start": 5,
        "end": 11
      },
      "V2389543": {
        "id": "V2389543",
        "indicator": "PRO",
        "type": "PERSON",
        "word": "YOU",
        "roles": {
          "PROFORM": "YOU",
          "LEX": "YOU",
          "WNSENSE": "person%1:03:00"
        },
        "start": 17,
        "end": 21
      },
      "V2389551": {
        "id": "V2389551",
        "indicator": "F",
        "type": "PRECISE",
        "word": "EXACTLY",
        "roles": {
          "FIGURE": "#V2389524",
          "SCALE": "PRECISION-SCALE",
          "ORIENTATION": "POS",
          "LEX": "EXACTLY",
          "WNSENSE": "exact%3:00:00::"
        },
        "start": 21,
        "end": 29
      },
      "root": "#V2390787"
    },
    {
      "V2390214": {
        "id": "V2390214",
        "indicator": "SPEECHACT",
        "type": "SA_IDENTIFY",
        "word": null,
        "roles": {
          "PUNCTYPE": "DECL",
          "CONTENT": "#V2390204",
          "LEX": "-"
        },
        "start": 29,
        "end": 57
      },
      "V2390204": {
        "id": "V2390204",
        "indicator": "THE",
        "type": "QUANTITY-ABSTR",
        "word": null,
        "roles": {
          "FIGURE": "#V2389559"
        },
        "start": 29,
        "end": 56
      },
      "V2389559": {
        "id": "V2389559",
        "indicator": "WH-TERM-SET",
        "type": "REFERENTIAL-SEM",
        "word": "WHAT",
        "roles": {
          "SUCHTHAT": "#V2389570",
          "PROFORM": "WHAT",
          "LEX": "WHAT",
          "WNSENSE": "entity%1:03:00"
        },
        "start": 29,
        "end": 56
      },
      "V2389570": {
        "id": "V2389570",
        "indicator": "F",
        "type": "WANT",
        "word": "WANT",
        "roles": {
          "EXPERIENCER": "#V2389565",
          "FORMAL": "#V2389607",
          "TENSE": "PRES",
          "LEX": "WANTS",
          "WNSENSE": "want%2:37:00::"
        },
        "start": 34,
        "end": 56
      },
      "V2389565": {
        "id": "V2389565",
        "indicator": "PRO",
        "type": "MALE-PERSON",
        "word": "HE",
        "roles": {
          "PROFORM": "HE",
          "LEX": "HE",
          "WNSENSE": "man%1:18:00"
        },
        "start": 34,
        "end": 37
      },
      "V2389607": {
        "id": "V2389607",
        "indicator": "F",
        "type": "OBJECTIVE-INFLUENCE",
        "word": "DO",
        "roles": {
          "AGENT": "#V2389565",
          "RESULT": "#V2389559",
          "AFFECTED": "#V2389654",
          "VFORM": "BASE",
          "LEX": "DO-",
          "WNSENSE": "force%1:07:01"
        },
        "start": 43,
        "end": 56
      },
      "V2389654": {
        "id": "V2389654",
        "indicator": "PRO-SET",
        "type": "PERSON",
        "word": "YOU",
        "roles": {
          "PROFORM": "YOU",
          "LEX": "YOU",
          "WNSENSE": "person%1:03:00"
        },
        "start": 49,
        "end": 56
      },
      "root": "#V2390214"
    },
    {
      "V2390808": {
        "id": "V2390808",
        "indicator": "SPEECHACT",
        "type": "SA_IDENTIFY",
        "word": null,
        "roles": {
          "CONTENT": "#V2390654",
          "LEX": "-"
        },
        "start": 0,
        "end": 29
      },
      "V2390654": {
        "id": "V2390654",
        "indicator": "THE",
        "type": "QUANTITY-ABSTR",
        "word": null,
        "roles": {
          "FIGURE": "#V2389671"
        },
        "start": 0,
        "end": 29
      },
      "V2389671": {
        "id": "V2389671",
        "indicator": "THE",
        "type": "TIME-POINT",
        "word": null,
        "roles": {
          "SUCHTHAT": "#V2389524",
          "LEX": "WHEN"
        },
        "start": 0,
        "end": 29
      },
      "V2389524": {
        "id": "V2389524",
        "indicator": "F",
        "type": "TELL",
        "word": "TELL",
        "roles": {
          "TIME": "#V2389470",
          "AGENT": "#V2389519",
          "NEUTRAL": "#V2389706",
          "MOD": "#V2389551",
          "WNSENSE": "tell%2:32:04::"
        },
        "start": 0,
        "end": 29
      },
      "V2389470": {
        "id": "V2389470",
        "indicator": "F",
        "type": "EVENT-TIME-REL",
        "word": "WHEN",
        "roles": {
          "GROUND": "#V2389671",
          "FIGURE": "#V2389524",
          "LEX": "WHEN"
        },
        "start": 0,
        "end": 5
      },
      "V2389519": {
        "id": "V2389519",
        "indicator": "A",
        "type": "PERSON",
        "word": "GUY",
        "roles": {
          "LEX": "GUY",
          "WNSENSE": "person%1:03:00"
        },
        "start": 5,
        "end": 11
      },
      "V2389706": {
        "id": "V2389706",
        "indicator": "THE",
        "type": "QUANTITY-ABSTR",
        "word": null,
        "roles": {
          "FIGURE": "#V2389543"
        },
        "start": 17,
        "end": 21
      },
      "V2389543": {
        "id": "V2389543",
        "indicator": "PRO",
        "type": "PERSON",
        "word": "YOU",
        "roles": {
          "PROFORM": "YOU",
          "LEX": "YOU",
          "WNSENSE": "person%1:03:00"
        },
        "start": 17,
        "end": 21
      },
      "V2389551": {
        "id": "V2389551",
        "indicator": "F",
        "type": "PRECISE",
        "word": "EXACTLY",
        "roles": {
          "FIGURE": "#V2389524",
          "SCALE": "PRECISION-SCALE",
          "ORIENTATION": "POS",
          "LEX": "EXACTLY",
          "WNSENSE": "exact%3:00:00::"
        },
        "start": 21,
        "end": 29
      },
      "root": "#V2390808"
    },
    {
      "V2390168": {
        "id": "V2390168",
        "indicator": "SPEECHACT",
        "type": "SA_IDENTIFY",
        "word": null,
        "roles": {
          "PUNCTYPE": "DECL",
          "CONTENT": "#V2390096",
          "LEX": "-"
        },
        "start": 29,
        "end": 57
      },
      "V2390096": {
        "id": "V2390096",
        "indicator": "THE",
        "type": "QUANTITY-ABSTR",
        "word": null,
        "roles": {
          "FIGURE": "#V2389558"
        },
        "start": 29,
        "end": 56
      },
      "V2389558": {
        "id": "V2389558",
        "indicator": "WH-TERM",
        "type": "REFERENTIAL-SEM",
        "word": "WHAT",
        "roles": {
          "SUCHTHAT": "#V2389570",
          "PROFORM": "WHAT",
          "LEX": "WHAT",
          "WNSENSE": "entity%1:03:00"
        },
        "start": 29,
        "end": 56
      },
      "V2389570": {
        "id": "V2389570",
        "indicator": "F",
        "type": "WANT",
        "word": "WANT",
        "roles": {
          "EXPERIENCER": "#V2389565",
          "FORMAL": "#V2389607",
          "TENSE": "PRES",
          "LEX": "WANTS",
          "WNSENSE": "want%2:37:00::"
        },
        "start": 34,
        "end": 56
      },
      "V2389565": {
        "id": "V2389565",
        "indicator": "PRO",
        "type": "MALE-PERSON",
        "word": "HE",
        "roles": {
          "PROFORM": "HE",
          "LEX": "HE",
          "WNSENSE": "man%1:18:00"
        },
        "start": 34,
        "end": 37
      },
      "V2389607": {
        "id": "V2389607",
        "indicator": "F",
        "type": "OBJECTIVE-INFLUENCE",
        "word": "DO",
        "roles": {
          "AGENT": "#V2389565",
          "RESULT": "#V2389558",
          "AFFECTED": "#V2389653",
          "VFORM": "BASE",
          "LEX": "DO-",
          "WNSENSE": "force%1:07:01"
        },
        "start": 43,
        "end": 56
      },
      "V2389653": {
        "id": "V2389653",
        "indicator": "PRO",
        "type": "PERSON",
        "word": "YOU",
        "roles": {
          "PROFORM": "YOU",
          "LEX": "YOU",
          "WNSENSE": "person%1:03:00"
        },
        "start": 49,
        "end": 56
      },
      "root": "#V2390168"
    },
    {
      "V2390808": {
        "id": "V2390808",
        "indicator": "SPEECHACT",
        "type": "SA_IDENTIFY",
        "word": null,
        "roles": {
          "CONTENT": "#V2390654",
          "LEX": "-"
        },
        "start": 0,
        "end": 29
      },
      "V2390654": {
        "id": "V2390654",
        "indicator": "THE",
        "type": "QUANTITY-ABSTR",
        "word": null,
        "roles": {
          "FIGURE": "#V2389671"
        },
        "start": 0,
        "end": 29
      },
      "V2389671": {
        "id": "V2389671",
        "indicator": "THE",
        "type": "TIME-POINT",
        "word": null,
        "roles": {
          "SUCHTHAT": "#V2389524",
          "LEX": "WHEN"
        },
        "start": 0,
        "end": 29
      },
      "V2389524": {
        "id": "V2389524",
        "indicator": "F",
        "type": "TELL",
        "word": "TELL",
        "roles": {
          "TIME": "#V2389470",
          "AGENT": "#V2389519",
          "NEUTRAL": "#V2389706",
          "MOD": "#V2389551",
          "WNSENSE": "tell%2:32:04::"
        },
        "start": 0,
        "end": 29
      },
      "V2389470": {
        "id": "V2389470",
        "indicator": "F",
        "type": "EVENT-TIME-REL",
        "word": "WHEN",
        "roles": {
          "GROUND": "#V2389671",
          "FIGURE": "#V2389524",
          "LEX": "WHEN"
        },
        "start": 0,
        "end": 5
      },
      "V2389519": {
        "id": "V2389519",
        "indicator": "A",
        "type": "PERSON",
        "word": "GUY",
        "roles": {
          "LEX": "GUY",
          "WNSENSE": "person%1:03:00"
        },
        "start": 5,
        "end": 11
      },
      "V2389706": {
        "id": "V2389706",
        "indicator": "THE",
        "type": "QUANTITY-ABSTR",
        "word": null,
        "roles": {
          "FIGURE": "#V2389543"
        },
        "start": 17,
        "end": 21
      },
      "V2389543": {
        "id": "V2389543",
        "indicator": "PRO",
        "type": "PERSON",
        "word": "YOU",
        "roles": {
          "PROFORM": "YOU",
          "LEX": "YOU",
          "WNSENSE": "person%1:03:00"
        },
        "start": 17,
        "end": 21
      },
      "V2389551": {
        "id": "V2389551",
        "indicator": "F",
        "type": "PRECISE",
        "word": "EXACTLY",
        "roles": {
          "FIGURE": "#V2389524",
          "SCALE": "PRECISION-SCALE",
          "ORIENTATION": "POS",
          "LEX": "EXACTLY",
          "WNSENSE": "exact%3:00:00::"
        },
        "start": 21,
        "end": 29
      },
      "root": "#V2390808"
    },
    {
      "V2390166": {
        "id": "V2390166",
        "indicator": "SPEECHACT",
        "type": "SA_IDENTIFY",
        "word": null,
        "roles": {
          "PUNCTYPE": "DECL",
          "CONTENT": "#V2390094",
          "LEX": "-"
        },
        "start": 29,
        "end": 57
      },
      "V2390094": {
        "id": "V2390094",
        "indicator": "THE",
        "type": "QUANTITY-ABSTR",
        "word": null,
        "roles": {
          "FIGURE": "#V2389559"
        },
        "start": 29,
        "end": 56
      },
      "V2389559": {
        "id": "V2389559",
        "indicator": "WH-TERM-SET",
        "type": "REFERENTIAL-SEM",
        "word": "WHAT",
        "roles": {
          "SUCHTHAT": "#V2389570",
          "PROFORM": "WHAT",
          "LEX": "WHAT",
          "WNSENSE": "entity%1:03:00"
        },
        "start": 29,
        "end": 56
      },
      "V2389570": {
        "id": "V2389570",
        "indicator": "F",
        "type": "WANT",
        "word": "WANT",
        "roles": {
          "EXPERIENCER": "#V2389565",
          "FORMAL": "#V2389607",
          "TENSE": "PRES",
          "LEX": "WANTS",
          "WNSENSE": "want%2:37:00::"
        },
        "start": 34,
        "end": 56
      },
      "V2389565": {
        "id": "V2389565",
        "indicator": "PRO",
        "type": "MALE-PERSON",
        "word": "HE",
        "roles": {
          "PROFORM": "HE",
          "LEX": "HE",
          "WNSENSE": "man%1:18:00"
        },
        "start": 34,
        "end": 37
      },
      "V2389607": {
        "id": "V2389607",
        "indicator": "F",
        "type": "OBJECTIVE-INFLUENCE",
        "word": "DO",
        "roles": {
          "AGENT": "#V2389565",
          "RESULT": "#V2389559",
          "AFFECTED": "#V2389653",
          "VFORM": "BASE",
          "LEX": "DO-",
          "WNSENSE": "force%1:07:01"
        },
        "start": 43,
        "end": 56
      },
      "V2389653": {
        "id": "V2389653",
        "indicator": "PRO",
        "type": "PERSON",
        "word": "YOU",
        "roles": {
          "PROFORM": "YOU",
          "LEX": "YOU",
          "WNSENSE": "person%1:03:00"
        },
        "start": 49,
        "end": 56
      },
      "root": "#V2390166"
    },
    {
      "V2390808": {
        "id": "V2390808",
        "indicator": "SPEECHACT",
        "type": "SA_IDENTIFY",
        "word": null,
        "roles": {
          "CONTENT": "#V2390654",
          "LEX": "-"
        },
        "start": 0,
        "end": 29
      },
      "V2390654": {
        "id": "V2390654",
        "indicator": "THE",
        "type": "QUANTITY-ABSTR",
        "word": null,
        "roles": {
          "FIGURE": "#V2389671"
        },
        "start": 0,
        "end": 29
      },
      "V2389671": {
        "id": "V2389671",
        "indicator": "THE",
        "type": "TIME-POINT",
        "word": null,
        "roles": {
          "SUCHTHAT": "#V2389524",
          "LEX": "WHEN"
        },
        "start": 0,
        "end": 29
      },
      "V2389524": {
        "id": "V2389524",
        "indicator": "F",
        "type": "TELL",
        "word": "TELL",
        "roles": {
          "TIME": "#V2389470",
          "AGENT": "#V2389519",
          "NEUTRAL": "#V2389706",
          "MOD": "#V2389551",
          "WNSENSE": "tell%2:32:04::"
        },
        "start": 0,
        "end": 29
      },
      "V2389470": {
        "id": "V2389470",
        "indicator": "F",
        "type": "EVENT-TIME-REL",
        "word": "WHEN",
        "roles": {
          "GROUND": "#V2389671",
          "FIGURE": "#V2389524",
          "LEX": "WHEN"
        },
        "start": 0,
        "end": 5
      },
      "V2389519": {
        "id": "V2389519",
        "indicator": "A",
        "type": "PERSON",
        "word": "GUY",
        "roles": {
          "LEX": "GUY",
          "WNSENSE": "person%1:03:00"
        },
        "start": 5,
        "end": 11
      },
      "V2389706": {
        "id": "V2389706",
        "indicator": "THE",
        "type": "QUANTITY-ABSTR",
        "word": null,
        "roles": {
          "FIGURE": "#V2389543"
        },
        "start": 17,
        "end": 21
      },
      "V2389543": {
        "id": "V2389543",
        "indicator": "PRO",
        "type": "PERSON",
        "word": "YOU",
        "roles": {
          "PROFORM": "YOU",
          "LEX": "YOU",
          "WNSENSE": "person%1:03:00"
        },
        "start": 17,
        "end": 21
      },
      "V2389551": {
        "id": "V2389551",
        "indicator": "F",
        "type": "PRECISE",
        "word": "EXACTLY",
        "roles": {
          "FIGURE": "#V2389524",
          "SCALE": "PRECISION-SCALE",
          "ORIENTATION": "POS",
          "LEX": "EXACTLY",
          "WNSENSE": "exact%3:00:00::"
        },
        "start": 21,
        "end": 29
      },
      "root": "#V2390808"
    },
    {
      "V2390216": {
        "id": "V2390216",
        "indicator": "SPEECHACT",
        "type": "SA_IDENTIFY",
        "word": null,
        "roles": {
          "PUNCTYPE": "DECL",
          "CONTENT": "#V2390206",
          "LEX": "-"
        },
        "start": 29,
        "end": 57
      },
      "V2390206": {
        "id": "V2390206",
        "indicator": "THE",
        "type": "QUANTITY-ABSTR",
        "word": null,
        "roles": {
          "FIGURE": "#V2389558"
        },
        "start": 29,
        "end": 56
      },
      "V2389558": {
        "id": "V2389558",
        "indicator": "WH-TERM",
        "type": "REFERENTIAL-SEM",
        "word": "WHAT",
        "roles": {
          "SUCHTHAT": "#V2389570",
          "PROFORM": "WHAT",
          "LEX": "WHAT",
          "WNSENSE": "entity%1:03:00"
        },
        "start": 29,
        "end": 56
      },
      "V2389570": {
        "id": "V2389570",
        "indicator": "F",
        "type": "WANT",
        "word": "WANT",
        "roles": {
          "EXPERIENCER": "#V2389565",
          "FORMAL": "#V2389607",
          "TENSE": "PRES",
          "LEX": "WANTS",
          "WNSENSE": "want%2:37:00::"
        },
        "start": 34,
        "end": 56
      },
      "V2389565": {
        "id": "V2389565",
        "indicator": "PRO",
        "type": "MALE-PERSON",
        "word": "HE",
        "roles": {
          "PROFORM": "HE",
          "LEX": "HE",
          "WNSENSE": "man%1:18:00"
        },
        "start": 34,
        "end": 37
      },
      "V2389607": {
        "id": "V2389607",
        "indicator": "F",
        "type": "OBJECTIVE-INFLUENCE",
        "word": "DO",
        "roles": {
          "AGENT": "#V2389565",
          "RESULT": "#V2389558",
          "AFFECTED": "#V2389654",
          "VFORM": "BASE",
          "LEX": "DO-",
          "WNSENSE": "force%1:07:01"
        },
        "start": 43,
        "end": 56
      },
      "V2389654": {
        "id": "V2389654",
        "indicator": "PRO-SET",
        "type": "PERSON",
        "word": "YOU",
        "roles": {
          "PROFORM": "YOU",
          "LEX": "YOU",
          "WNSENSE": "person%1:03:00"
        },
        "start": 49,
        "end": 56
      },
      "root": "#V2390216"
    },
    {
      "V2390808": {
        "id": "V2390808",
        "indicator": "SPEECHACT",
        "type": "SA_IDENTIFY",
        "word": null,
        "roles": {
          "CONTENT": "#V2390654",
          "LEX": "-"
        },
        "start": 0,
        "end": 29
      },
      "V2390654": {
        "id": "V2390654",
        "indicator": "THE",
        "type": "QUANTITY-ABSTR",
        "word": null,
        "roles": {
          "FIGURE": "#V2389671"
        },
        "start": 0,
        "end": 29
      },
      "V2389671": {
        "id": "V2389671",
        "indicator": "THE",
        "type": "TIME-POINT",
        "word": null,
        "roles": {
          "SUCHTHAT": "#V2389524",
          "LEX": "WHEN"
        },
        "start": 0,
        "end": 29
      },
      "V2389524": {
        "id": "V2389524",
        "indicator": "F",
        "type": "TELL",
        "word": "TELL",
        "roles": {
          "TIME": "#V2389470",
          "AGENT": "#V2389519",
          "NEUTRAL": "#V2389706",
          "MOD": "#V2389551",
          "WNSENSE": "tell%2:32:04::"
        },
        "start": 0,
        "end": 29
      },
      "V2389470": {
        "id": "V2389470",
        "indicator": "F",
        "type": "EVENT-TIME-REL",
        "word": "WHEN",
        "roles": {
          "GROUND": "#V2389671",
          "FIGURE": "#V2389524",
          "LEX": "WHEN"
        },
        "start": 0,
        "end": 5
      },
      "V2389519": {
        "id": "V2389519",
        "indicator": "A",
        "type": "PERSON",
        "word": "GUY",
        "roles": {
          "LEX": "GUY",
          "WNSENSE": "person%1:03:00"
        },
        "start": 5,
        "end": 11
      },
      "V2389706": {
        "id": "V2389706",
        "indicator": "THE",
        "type": "QUANTITY-ABSTR",
        "word": null,
        "roles": {
          "FIGURE": "#V2389543"
        },
        "start": 17,
        "end": 21
      },
      "V2389543": {
        "id": "V2389543",
        "indicator": "PRO",
        "type": "PERSON",
        "word": "YOU",
        "roles": {
          "PROFORM": "YOU",
          "LEX": "YOU",
          "WNSENSE": "person%1:03:00"
        },
        "start": 17,
        "end": 21
      },
      "V2389551": {
        "id": "V2389551",
        "indicator": "F",
        "type": "PRECISE",
        "word": "EXACTLY",
        "roles": {
          "FIGURE": "#V2389524",
          "SCALE": "PRECISION-SCALE",
          "ORIENTATION": "POS",
          "LEX": "EXACTLY",
          "WNSENSE": "exact%3:00:00::"
        },
        "start": 21,
        "end": 29
      },
      "root": "#V2390808"
    },
    {
      "V2390214": {
        "id": "V2390214",
        "indicator": "SPEECHACT",
        "type": "SA_IDENTIFY",
        "word": null,
        "roles": {
          "PUNCTYPE": "DECL",
          "CONTENT": "#V2390204",
          "LEX": "-"
        },
        "start": 29,
        "end": 57
      },
      "V2390204": {
        "id": "V2390204",
        "indicator": "THE",
        "type": "QUANTITY-ABSTR",
        "word": null,
        "roles": {
          "FIGURE": "#V2389559"
        },
        "start": 29,
        "end": 56
      },
      "V2389559": {
        "id": "V2389559",
        "indicator": "WH-TERM-SET",
        "type": "REFERENTIAL-SEM",
        "word": "WHAT",
        "roles": {
          "SUCHTHAT": "#V2389570",
          "PROFORM": "WHAT",
          "LEX": "WHAT",
          "WNSENSE": "entity%1:03:00"
        },
        "start": 29,
        "end": 56
      },
      "V2389570": {
        "id": "V2389570",
        "indicator": "F",
        "type": "WANT",
        "word": "WANT",
        "roles": {
          "EXPERIENCER": "#V2389565",
          "FORMAL": "#V2389607",
          "TENSE": "PRES",
          "LEX": "WANTS",
          "WNSENSE": "want%2:37:00::"
        },
        "start": 34,
        "end": 56
      },
      "V2389565": {
        "id": "V2389565",
        "indicator": "PRO",
        "type": "MALE-PERSON",
        "word": "HE",
        "roles": {
          "PROFORM": "HE",
          "LEX": "HE",
          "WNSENSE": "man%1:18:00"
        },
        "start": 34,
        "end": 37
      },
      "V2389607": {
        "id": "V2389607",
        "indicator": "F",
        "type": "OBJECTIVE-INFLUENCE",
        "word": "DO",
        "roles": {
          "AGENT": "#V2389565",
          "RESULT": "#V2389559",
          "AFFECTED": "#V2389654",
          "VFORM": "BASE",
          "LEX": "DO-",
          "WNSENSE": "force%1:07:01"
        },
        "start": 43,
        "end": 56
      },
      "V2389654": {
        "id": "V2389654",
        "indicator": "PRO-SET",
        "type": "PERSON",
        "word": "YOU",
        "roles": {
          "PROFORM": "YOU",
          "LEX": "YOU",
          "WNSENSE": "person%1:03:00"
        },
        "start": 49,
        "end": 56
      },
      "root": "#V2390214"
    },
    {
      "V2390837": {
        "id": "V2390837",
        "indicator": "SPEECHACT",
        "type": "SA_IDENTIFY",
        "word": null,
        "roles": {
          "CONTENT": "#V2390696",
          "LEX": "-"
        },
        "start": 0,
        "end": 29
      },
      "V2390696": {
        "id": "V2390696",
        "indicator": "THE",
        "type": "QUANTITY-ABSTR",
        "word": null,
        "roles": {
          "FIGURE": "#V2389671"
        },
        "start": 0,
        "end": 29
      },
      "V2389671": {
        "id": "V2389671",
        "indicator": "THE",
        "type": "TIME-POINT",
        "word": null,
        "roles": {
          "SUCHTHAT": "#V2389523",
          "LEX": "WHEN"
        },
        "start": 0,
        "end": 29
      },
      "V2389523": {
        "id": "V2389523",
        "indicator": "F",
        "type": "TELL",
        "word": "TELL",
        "roles": {
          "TIME": "#V2389470",
          "AGENT": "#V2389519",
          "AGENT1": "#V2389544",
          "MOD": "#V2389551",
          "WNSENSE": "tell%2:32:04::"
        },
        "start": 0,
        "end": 29
      },
      "V2389470": {
        "id": "V2389470",
        "indicator": "F",
        "type": "EVENT-TIME-REL",
        "word": "WHEN",
        "roles": {
          "GROUND": "#V2389671",
          "FIGURE": "#V2389523",
          "LEX": "WHEN"
        },
        "start": 0,
        "end": 5
      },
      "V2389519": {
        "id": "V2389519",
        "indicator": "A",
        "type": "PERSON",
        "word": "GUY",
        "roles": {
          "LEX": "GUY",
          "WNSENSE": "person%1:03:00"
        },
        "start": 5,
        "end": 11
      },
      "V2389544": {
        "id": "V2389544",
        "indicator": "PRO-SET",
        "type": "PERSON",
        "word": "YOU",
        "roles": {
          "PROFORM": "YOU",
          "LEX": "YOU",
          "WNSENSE": "person%1:03:00"
        },
        "start": 17,
        "end": 21
      },
      "V2389551": {
        "id": "V2389551",
        "indicator": "F",
        "type": "PRECISE",
        "word": "EXACTLY",
        "roles": {
          "FIGURE": "#V2389523",
          "SCALE": "PRECISION-SCALE",
          "ORIENTATION": "POS",
          "LEX": "EXACTLY",
          "WNSENSE": "exact%3:00:00::"
        },
        "start": 21,
        "end": 29
      },
      "root": "#V2390837"
    },
    {
      "V2390168": {
        "id": "V2390168",
        "indicator": "SPEECHACT",
        "type": "SA_IDENTIFY",
        "word": null,
        "roles": {
          "PUNCTYPE": "DECL",
          "CONTENT": "#V2390096",
          "LEX": "-"
        },
        "start": 29,
        "end": 57
      },
      "V2390096": {
        "id": "V2390096",
        "indicator": "THE",
        "type": "QUANTITY-ABSTR",
        "word": null,
        "roles": {
          "FIGURE": "#V2389558"
        },
        "start": 29,
        "end": 56
      },
      "V2389558": {
        "id": "V2389558",
        "indicator": "WH-TERM",
        "type": "REFERENTIAL-SEM",
        "word": "WHAT",
        "roles": {
          "SUCHTHAT": "#V2389570",
          "PROFORM": "WHAT",
          "LEX": "WHAT",
          "WNSENSE": "entity%1:03:00"
        },
        "start": 29,
        "end": 56
      },
      "V2389570": {
        "id": "V2389570",
        "indicator": "F",
        "type": "WANT",
        "word": "WANT",
        "roles": {
          "EXPERIENCER": "#V2389565",
          "FORMAL": "#V2389607",
          "TENSE": "PRES",
          "LEX": "WANTS",
          "WNSENSE": "want%2:37:00::"
        },
        "start": 34,
        "end": 56
      },
      "V2389565": {
        "id": "V2389565",
        "indicator": "PRO",
        "type": "MALE-PERSON",
        "word": "HE",
        "roles": {
          "PROFORM": "HE",
          "LEX": "HE",
          "WNSENSE": "man%1:18:00"
        },
        "start": 34,
        "end": 37
      },
      "V2389607": {
        "id": "V2389607",
        "indicator": "F",
        "type": "OBJECTIVE-INFLUENCE",
        "word": "DO",
        "roles": {
          "AGENT": "#V2389565",
          "RESULT": "#V2389558",
          "AFFECTED": "#V2389653",
          "VFORM": "BASE",
          "LEX": "DO-",
          "WNSENSE": "force%1:07:01"
        },
        "start": 43,
        "end": 56
      },
      "V2389653": {
        "id": "V2389653",
        "indicator": "PRO",
        "type": "PERSON",
        "word": "YOU",
        "roles": {
          "PROFORM": "YOU",
          "LEX": "YOU",
          "WNSENSE": "person%1:03:00"
        },
        "start": 49,
        "end": 56
      },
      "root": "#V2390168"
    },
    {
      "V2390837": {
        "id": "V2390837",
        "indicator": "SPEECHACT",
        "type": "SA_IDENTIFY",
        "word": null,
        "roles": {
          "CONTENT": "#V2390696",
          "LEX": "-"
        },
        "start": 0,
        "end": 29
      },
      "V2390696": {
        "id": "V2390696",
        "indicator": "THE",
        "type": "QUANTITY-ABSTR",
        "word": null,
        "roles": {
          "FIGURE": "#V2389671"
        },
        "start": 0,
        "end": 29
      },
      "V2389671": {
        "id": "V2389671",
        "indicator": "THE",
        "type": "TIME-POINT",
        "word": null,
        "roles": {
          "SUCHTHAT": "#V2389523",
          "LEX": "WHEN"
        },
        "start": 0,
        "end": 29
      },
      "V2389523": {
        "id": "V2389523",
        "indicator": "F",
        "type": "TELL",
        "word": "TELL",
        "roles": {
          "TIME": "#V2389470",
          "AGENT": "#V2389519",
          "AGENT1": "#V2389544",
          "MOD": "#V2389551",
          "WNSENSE": "tell%2:32:04::"
        },
        "start": 0,
        "end": 29
      },
      "V2389470": {
        "id": "V2389470",
        "indicator": "F",
        "type": "EVENT-TIME-REL",
        "word": "WHEN",
        "roles": {
          "GROUND": "#V2389671",
          "FIGURE": "#V2389523",
          "LEX": "WHEN"
        },
        "start": 0,
        "end": 5
      },
      "V2389519": {
        "id": "V2389519",
        "indicator": "A",
        "type": "PERSON",
        "word": "GUY",
        "roles": {
          "LEX": "GUY",
          "WNSENSE": "person%1:03:00"
        },
        "start": 5,
        "end": 11
      },
      "V2389544": {
        "id": "V2389544",
        "indicator": "PRO-SET",
        "type": "PERSON",
        "word": "YOU",
        "roles": {
          "PROFORM": "YOU",
          "LEX": "YOU",
          "WNSENSE": "person%1:03:00"
        },
        "start": 17,
        "end": 21
      },
      "V2389551": {
        "id": "V2389551",
        "indicator": "F",
        "type": "PRECISE",
        "word": "EXACTLY",
        "roles": {
          "FIGURE": "#V2389523",
          "SCALE": "PRECISION-SCALE",
          "ORIENTATION": "POS",
          "LEX": "EXACTLY",
          "WNSENSE": "exact%3:00:00::"
        },
        "start": 21,
        "end": 29
      },
      "root": "#V2390837"
    },
    {
      "V2390166": {
        "id": "V2390166",
        "indicator": "SPEECHACT",
        "type": "SA_IDENTIFY",
        "word": null,
        "roles": {
          "PUNCTYPE": "DECL",
          "CONTENT": "#V2390094",
          "LEX": "-"
        },
        "start": 29,
        "end": 57
      },
      "V2390094": {
        "id": "V2390094",
        "indicator": "THE",
        "type": "QUANTITY-ABSTR",
        "word": null,
        "roles": {
          "FIGURE": "#V2389559"
        },
        "start": 29,
        "end": 56
      },
      "V2389559": {
        "id": "V2389559",
        "indicator": "WH-TERM-SET",
        "type": "REFERENTIAL-SEM",
        "word": "WHAT",
        "roles": {
          "SUCHTHAT": "#V2389570",
          "PROFORM": "WHAT",
          "LEX": "WHAT",
          "WNSENSE": "entity%1:03:00"
        },
        "start": 29,
        "end": 56
      },
      "V2389570": {
        "id": "V2389570",
        "indicator": "F",
        "type": "WANT",
        "word": "WANT",
        "roles": {
          "EXPERIENCER": "#V2389565",
          "FORMAL": "#V2389607",
          "TENSE": "PRES",
          "LEX": "WANTS",
          "WNSENSE": "want%2:37:00::"
        },
        "start": 34,
        "end": 56
      },
      "V2389565": {
        "id": "V2389565",
        "indicator": "PRO",
        "type": "MALE-PERSON",
        "word": "HE",
        "roles": {
          "PROFORM": "HE",
          "LEX": "HE",
          "WNSENSE": "man%1:18:00"
        },
        "start": 34,
        "end": 37
      },
      "V2389607": {
        "id": "V2389607",
        "indicator": "F",
        "type": "OBJECTIVE-INFLUENCE",
        "word": "DO",
        "roles": {
          "AGENT": "#V2389565",
          "RESULT": "#V2389559",
          "AFFECTED": "#V2389653",
          "VFORM": "BASE",
          "LEX": "DO-",
          "WNSENSE": "force%1:07:01"
        },
        "start": 43,
        "end": 56
      },
      "V2389653": {
        "id": "V2389653",
        "indicator": "PRO",
        "type": "PERSON",
        "word": "YOU",
        "roles": {
          "PROFORM": "YOU",
          "LEX": "YOU",
          "WNSENSE": "person%1:03:00"
        },
        "start": 49,
        "end": 56
      },
      "root": "#V2390166"
    },
    {
      "V2390835": {
        "id": "V2390835",
        "indicator": "SPEECHACT",
        "type": "SA_IDENTIFY",
        "word": null,
        "roles": {
          "CONTENT": "#V2390693",
          "LEX": "-"
        },
        "start": 0,
        "end": 29
      },
      "V2390693": {
        "id": "V2390693",
        "indicator": "THE",
        "type": "QUANTITY-ABSTR",
        "word": null,
        "roles": {
          "FIGURE": "#V2389671"
        },
        "start": 0,
        "end": 29
      },
      "V2389671": {
        "id": "V2389671",
        "indicator": "THE",
        "type": "TIME-POINT",
        "word": null,
        "roles": {
          "SUCHTHAT": "#V2389524",
          "LEX": "WHEN"
        },
        "start": 0,
        "end": 29
      },
      "V2389524": {
        "id": "V2389524",
        "indicator": "F",
        "type": "TELL",
        "word": "TELL",
        "roles": {
          "TIME": "#V2389470",
          "AGENT": "#V2389519",
          "NEUTRAL": "#V2389544",
          "MOD": "#V2389551",
          "WNSENSE": "tell%2:32:04::"
        },
        "start": 0,
        "end": 29
      },
      "V2389470": {
        "id": "V2389470",
        "indicator": "F",
        "type": "EVENT-TIME-REL",
        "word": "WHEN",
        "roles": {
          "GROUND": "#V2389671",
          "FIGURE": "#V2389524",
          "LEX": "WHEN"
        },
        "start": 0,
        "end": 5
      },
      "V2389519": {
        "id": "V2389519",
        "indicator": "A",
        "type": "PERSON",
        "word": "GUY",
        "roles": {
          "LEX": "GUY",
          "WNSENSE": "person%1:03:00"
        },
        "start": 5,
        "end": 11
      },
      "V2389544": {
        "id": "V2389544",
        "indicator": "PRO-SET",
        "type": "PERSON",
        "word": "YOU",
        "roles": {
          "PROFORM": "YOU",
          "LEX": "YOU",
          "WNSENSE": "person%1:03:00"
        },
        "start": 17,
        "end": 21
      },
      "V2389551": {
        "id": "V2389551",
        "indicator": "F",
        "type": "PRECISE",
        "word": "EXACTLY",
        "roles": {
          "FIGURE": "#V2389524",
          "SCALE": "PRECISION-SCALE",
          "ORIENTATION": "POS",
          "LEX": "EXACTLY",
          "WNSENSE": "exact%3:00:00::"
        },
        "start": 21,
        "end": 29
      },
      "root": "#V2390835"
    },
    {
      "V2390168": {
        "id": "V2390168",
        "indicator": "SPEECHACT",
        "type": "SA_IDENTIFY",
        "word": null,
        "roles": {
          "PUNCTYPE": "DECL",
          "CONTENT": "#V2390096",
          "LEX": "-"
        },
        "start": 29,
        "end": 57
      },
      "V2390096": {
        "id": "V2390096",
        "indicator": "THE",
        "type": "QUANTITY-ABSTR",
        "word": null,
        "roles": {
          "FIGURE": "#V2389558"
        },
        "start": 29,
        "end": 56
      },
      "V2389558": {
        "id": "V2389558",
        "indicator": "WH-TERM",
        "type": "REFERENTIAL-SEM",
        "word": "WHAT",
        "roles": {
          "SUCHTHAT": "#V2389570",
          "PROFORM": "WHAT",
          "LEX": "WHAT",
          "WNSENSE": "entity%1:03:00"
        },
        "start": 29,
        "end": 56
      },
      "V2389570": {
        "id": "V2389570",
        "indicator": "F",
        "type": "WANT",
        "word": "WANT",
        "roles": {
          "EXPERIENCER": "#V2389565",
          "FORMAL": "#V2389607",
          "TENSE": "PRES",
          "LEX": "WANTS",
          "WNSENSE": "want%2:37:00::"
        },
        "start": 34,
        "end": 56
      },
      "V2389565": {
        "id": "V2389565",
        "indicator": "PRO",
        "type": "MALE-PERSON",
        "word": "HE",
        "roles": {
          "PROFORM": "HE",
          "LEX": "HE",
          "WNSENSE": "man%1:18:00"
        },
        "start": 34,
        "end": 37
      },
      "V2389607": {
        "id": "V2389607",
        "indicator": "F",
        "type": "OBJECTIVE-INFLUENCE",
        "word": "DO",
        "roles": {
          "AGENT": "#V2389565",
          "RESULT": "#V2389558",
          "AFFECTED": "#V2389653",
          "VFORM": "BASE",
          "LEX": "DO-",
          "WNSENSE": "force%1:07:01"
        },
        "start": 43,
        "end": 56
      },
      "V2389653": {
        "id": "V2389653",
        "indicator": "PRO",
        "type": "PERSON",
        "word": "YOU",
        "roles": {
          "PROFORM": "YOU",
          "LEX": "YOU",
          "WNSENSE": "person%1:03:00"
        },
        "start": 49,
        "end": 56
      },
      "root": "#V2390168"
    },
    {
      "V2390835": {
        "id": "V2390835",
        "indicator": "SPEECHACT",
        "type": "SA_IDENTIFY",
        "word": null,
        "roles": {
          "CONTENT": "#V2390693",
          "LEX": "-"
        },
        "start": 0,
        "end": 29
      },
      "V2390693": {
        "id": "V2390693",
        "indicator": "THE",
        "type": "QUANTITY-ABSTR",
        "word": null,
        "roles": {
          "FIGURE": "#V2389671"
        },
        "start": 0,
        "end": 29
      },
      "V2389671": {
        "id": "V2389671",
        "indicator": "THE",
        "type": "TIME-POINT",
        "word": null,
        "roles": {
          "SUCHTHAT": "#V2389524",
          "LEX": "WHEN"
        },
        "start": 0,
        "end": 29
      },
      "V2389524": {
        "id": "V2389524",
        "indicator": "F",
        "type": "TELL",
        "word": "TELL",
        "roles": {
          "TIME": "#V2389470",
          "AGENT": "#V2389519",
          "NEUTRAL": "#V2389544",
          "MOD": "#V2389551",
          "WNSENSE": "tell%2:32:04::"
        },
        "start": 0,
        "end": 29
      },
      "V2389470": {
        "id": "V2389470",
        "indicator": "F",
        "type": "EVENT-TIME-REL",
        "word": "WHEN",
        "roles": {
          "GROUND": "#V2389671",
          "FIGURE": "#V2389524",
          "LEX": "WHEN"
        },
        "start": 0,
        "end": 5
      },
      "V2389519": {
        "id": "V2389519",
        "indicator": "A",
        "type": "PERSON",
        "word": "GUY",
        "roles": {
          "LEX": "GUY",
          "WNSENSE": "person%1:03:00"
        },
        "start": 5,
        "end": 11
      },
      "V2389544": {
        "id": "V2389544",
        "indicator": "PRO-SET",
        "type": "PERSON",
        "word": "YOU",
        "roles": {
          "PROFORM": "YOU",
          "LEX": "YOU",
          "WNSENSE": "person%1:03:00"
        },
        "start": 17,
        "end": 21
      },
      "V2389551": {
        "id": "V2389551",
        "indicator": "F",
        "type": "PRECISE",
        "word": "EXACTLY",
        "roles": {
          "FIGURE": "#V2389524",
          "SCALE": "PRECISION-SCALE",
          "ORIENTATION": "POS",
          "LEX": "EXACTLY",
          "WNSENSE": "exact%3:00:00::"
        },
        "start": 21,
        "end": 29
      },
      "root": "#V2390835"
    },
    {
      "V2390166": {
        "id": "V2390166",
        "indicator": "SPEECHACT",
        "type": "SA_IDENTIFY",
        "word": null,
        "roles": {
          "PUNCTYPE": "DECL",
          "CONTENT": "#V2390094",
          "LEX": "-"
        },
        "start": 29,
        "end": 57
      },
      "V2390094": {
        "id": "V2390094",
        "indicator": "THE",
        "type": "QUANTITY-ABSTR",
        "word": null,
        "roles": {
          "FIGURE": "#V2389559"
        },
        "start": 29,
        "end": 56
      },
      "V2389559": {
        "id": "V2389559",
        "indicator": "WH-TERM-SET",
        "type": "REFERENTIAL-SEM",
        "word": "WHAT",
        "roles": {
          "SUCHTHAT": "#V2389570",
          "PROFORM": "WHAT",
          "LEX": "WHAT",
          "WNSENSE": "entity%1:03:00"
        },
        "start": 29,
        "end": 56
      },
      "V2389570": {
        "id": "V2389570",
        "indicator": "F",
        "type": "WANT",
        "word": "WANT",
        "roles": {
          "EXPERIENCER": "#V2389565",
          "FORMAL": "#V2389607",
          "TENSE": "PRES",
          "LEX": "WANTS",
          "WNSENSE": "want%2:37:00::"
        },
        "start": 34,
        "end": 56
      },
      "V2389565": {
        "id": "V2389565",
        "indicator": "PRO",
        "type": "MALE-PERSON",
        "word": "HE",
        "roles": {
          "PROFORM": "HE",
          "LEX": "HE",
          "WNSENSE": "man%1:18:00"
        },
        "start": 34,
        "end": 37
      },
      "V2389607": {
        "id": "V2389607",
        "indicator": "F",
        "type": "OBJECTIVE-INFLUENCE",
        "word": "DO",
        "roles": {
          "AGENT": "#V2389565",
          "RESULT": "#V2389559",
          "AFFECTED": "#V2389653",
          "VFORM": "BASE",
          "LEX": "DO-",
          "WNSENSE": "force%1:07:01"
        },
        "start": 43,
        "end": 56
      },
      "V2389653": {
        "id": "V2389653",
        "indicator": "PRO",
        "type": "PERSON",
        "word": "YOU",
        "roles": {
          "PROFORM": "YOU",
          "LEX": "YOU",
          "WNSENSE": "person%1:03:00"
        },
        "start": 49,
        "end": 56
      },
      "root": "#V2390166"
    },
    {
      "V2390837": {
        "id": "V2390837",
        "indicator": "SPEECHACT",
        "type": "SA_IDENTIFY",
        "word": null,
        "roles": {
          "CONTENT": "#V2390696",
          "LEX": "-"
        },
        "start": 0,
        "end": 29
      },
      "V2390696": {
        "id": "V2390696",
        "indicator": "THE",
        "type": "QUANTITY-ABSTR",
        "word": null,
        "roles": {
          "FIGURE": "#V2389671"
        },
        "start": 0,
        "end": 29
      },
      "V2389671": {
        "id": "V2389671",
        "indicator": "THE",
        "type": "TIME-POINT",
        "word": null,
        "roles": {
          "SUCHTHAT": "#V2389523",
          "LEX": "WHEN"
        },
        "start": 0,
        "end": 29
      },
      "V2389523": {
        "id": "V2389523",
        "indicator": "F",
        "type": "TELL",
        "word": "TELL",
        "roles": {
          "TIME": "#V2389470",
          "AGENT": "#V2389519",
          "AGENT1": "#V2389544",
          "MOD": "#V2389551",
          "WNSENSE": "tell%2:32:04::"
        },
        "start": 0,
        "end": 29
      },
      "V2389470": {
        "id": "V2389470",
        "indicator": "F",
        "type": "EVENT-TIME-REL",
        "word": "WHEN",
        "roles": {
          "GROUND": "#V2389671",
          "FIGURE": "#V2389523",
          "LEX": "WHEN"
        },
        "start": 0,
        "end": 5
      },
      "V2389519": {
        "id": "V2389519",
        "indicator": "A",
        "type": "PERSON",
        "word": "GUY",
        "roles": {
          "LEX": "GUY",
          "WNSENSE": "person%1:03:00"
        },
        "start": 5,
        "end": 11
      },
      "V2389544": {
        "id": "V2389544",
        "indicator": "PRO-SET",
        "type": "PERSON",
        "word": "YOU",
        "roles": {
          "PROFORM": "YOU",
          "LEX": "YOU",
          "WNSENSE": "person%1:03:00"
        },
        "start": 17,
        "end": 21
      },
      "V2389551": {
        "id": "V2389551",
        "indicator": "F",
        "type": "PRECISE",
        "word": "EXACTLY",
        "roles": {
          "FIGURE": "#V2389523",
          "SCALE": "PRECISION-SCALE",
          "ORIENTATION": "POS",
          "LEX": "EXACTLY",
          "WNSENSE": "exact%3:00:00::"
        },
        "start": 21,
        "end": 29
      },
      "root": "#V2390837"
    },
    {
      "V2390216": {
        "id": "V2390216",
        "indicator": "SPEECHACT",
        "type": "SA_IDENTIFY",
        "word": null,
        "roles": {
          "PUNCTYPE": "DECL",
          "CONTENT": "#V2390206",
          "LEX": "-"
        },
        "start": 29,
        "end": 57
      },
      "V2390206": {
        "id": "V2390206",
        "indicator": "THE",
        "type": "QUANTITY-ABSTR",
        "word": null,
        "roles": {
          "FIGURE": "#V2389558"
        },
        "start": 29,
        "end": 56
      },
      "V2389558": {
        "id": "V2389558",
        "indicator": "WH-TERM",
        "type": "REFERENTIAL-SEM",
        "word": "WHAT",
        "roles": {
          "SUCHTHAT": "#V2389570",
          "PROFORM": "WHAT",
          "LEX": "WHAT",
          "WNSENSE": "entity%1:03:00"
        },
        "start": 29,
        "end": 56
      },
      "V2389570": {
        "id": "V2389570",
        "indicator": "F",
        "type": "WANT",
        "word": "WANT",
        "roles": {
          "EXPERIENCER": "#V2389565",
          "FORMAL": "#V2389607",
          "TENSE": "PRES",
          "LEX": "WANTS",
          "WNSENSE": "want%2:37:00::"
        },
        "start": 34,
        "end": 56
      },
      "V2389565": {
        "id": "V2389565",
        "indicator": "PRO",
        "type": "MALE-PERSON",
        "word": "HE",
        "roles": {
          "PROFORM": "HE",
          "LEX": "HE",
          "WNSENSE": "man%1:18:00"
        },
        "start": 34,
        "end": 37
      },
      "V2389607": {
        "id": "V2389607",
        "indicator": "F",
        "type": "OBJECTIVE-INFLUENCE",
        "word": "DO",
        "roles": {
          "AGENT": "#V2389565",
          "RESULT": "#V2389558",
          "AFFECTED": "#V2389654",
          "VFORM": "BASE",
          "LEX": "DO-",
          "WNSENSE": "force%1:07:01"
        },
        "start": 43,
        "end": 56
      },
      "V2389654": {
        "id": "V2389654",
        "indicator": "PRO-SET",
        "type": "PERSON",
        "word": "YOU",
        "roles": {
          "PROFORM": "YOU",
          "LEX": "YOU",
          "WNSENSE": "person%1:03:00"
        },
        "start": 49,
        "end": 56
      },
      "root": "#V2390216"
    },
    {
      "V2390837": {
        "id": "V2390837",
        "indicator": "SPEECHACT",
        "type": "SA_IDENTIFY",
        "word": null,
        "roles": {
          "CONTENT": "#V2390696",
          "LEX": "-"
        },
        "start": 0,
        "end": 29
      },
      "V2390696": {
        "id": "V2390696",
        "indicator": "THE",
        "type": "QUANTITY-ABSTR",
        "word": null,
        "roles": {
          "FIGURE": "#V2389671"
        },
        "start": 0,
        "end": 29
      },
      "V2389671": {
        "id": "V2389671",
        "indicator": "THE",
        "type": "TIME-POINT",
        "word": null,
        "roles": {
          "SUCHTHAT": "#V2389523",
          "LEX": "WHEN"
        },
        "start": 0,
        "end": 29
      },
      "V2389523": {
        "id": "V2389523",
        "indicator": "F",
        "type": "TELL",
        "word": "TELL",
        "roles": {
          "TIME": "#V2389470",
          "AGENT": "#V2389519",
          "AGENT1": "#V2389544",
          "MOD": "#V2389551",
          "WNSENSE": "tell%2:32:04::"
        },
        "start": 0,
        "end": 29
      },
      "V2389470": {
        "id": "V2389470",
        "indicator": "F",
        "type": "EVENT-TIME-REL",
        "word": "WHEN",
        "roles": {
          "GROUND": "#V2389671",
          "FIGURE": "#V2389523",
          "LEX": "WHEN"
        },
        "start": 0,
        "end": 5
      },
      "V2389519": {
        "id": "V2389519",
        "indicator": "A",
        "type": "PERSON",
        "word": "GUY",
        "roles": {
          "LEX": "GUY",
          "WNSENSE": "person%1:03:00"
        },
        "start": 5,
        "end": 11
      },
      "V2389544": {
        "id": "V2389544",
        "indicator": "PRO-SET",
        "type": "PERSON",
        "word": "YOU",
        "roles": {
          "PROFORM": "YOU",
          "LEX": "YOU",
          "WNSENSE": "person%1:03:00"
        },
        "start": 17,
        "end": 21
      },
      "V2389551": {
        "id": "V2389551",
        "indicator": "F",
        "type": "PRECISE",
        "word": "EXACTLY",
        "roles": {
          "FIGURE": "#V2389523",
          "SCALE": "PRECISION-SCALE",
          "ORIENTATION": "POS",
          "LEX": "EXACTLY",
          "WNSENSE": "exact%3:00:00::"
        },
        "start": 21,
        "end": 29
      },
      "root": "#V2390837"
    },
    {
      "V2390214": {
        "id": "V2390214",
        "indicator": "SPEECHACT",
        "type": "SA_IDENTIFY",
        "word": null,
        "roles": {
          "PUNCTYPE": "DECL",
          "CONTENT": "#V2390204",
          "LEX": "-"
        },
        "start": 29,
        "end": 57
      },
      "V2390204": {
        "id": "V2390204",
        "indicator": "THE",
        "type": "QUANTITY-ABSTR",
        "word": null,
        "roles": {
          "FIGURE": "#V2389559"
        },
        "start": 29,
        "end": 56
      },
      "V2389559": {
        "id": "V2389559",
        "indicator": "WH-TERM-SET",
        "type": "REFERENTIAL-SEM",
        "word": "WHAT",
        "roles": {
          "SUCHTHAT": "#V2389570",
          "PROFORM": "WHAT",
          "LEX": "WHAT",
          "WNSENSE": "entity%1:03:00"
        },
        "start": 29,
        "end": 56
      },
      "V2389570": {
        "id": "V2389570",
        "indicator": "F",
        "type": "WANT",
        "word": "WANT",
        "roles": {
          "EXPERIENCER": "#V2389565",
          "FORMAL": "#V2389607",
          "TENSE": "PRES",
          "LEX": "WANTS",
          "WNSENSE": "want%2:37:00::"
        },
        "start": 34,
        "end": 56
      },
      "V2389565": {
        "id": "V2389565",
        "indicator": "PRO",
        "type": "MALE-PERSON",
        "word": "HE",
        "roles": {
          "PROFORM": "HE",
          "LEX": "HE",
          "WNSENSE": "man%1:18:00"
        },
        "start": 34,
        "end": 37
      },
      "V2389607": {
        "id": "V2389607",
        "indicator": "F",
        "type": "OBJECTIVE-INFLUENCE",
        "word": "DO",
        "roles": {
          "AGENT": "#V2389565",
          "RESULT": "#V2389559",
          "AFFECTED": "#V2389654",
          "VFORM": "BASE",
          "LEX": "DO-",
          "WNSENSE": "force%1:07:01"
        },
        "start": 43,
        "end": 56
      },
      "V2389654": {
        "id": "V2389654",
        "indicator": "PRO-SET",
        "type": "PERSON",
        "word": "YOU",
        "roles": {
          "PROFORM": "YOU",
          "LEX": "YOU",
          "WNSENSE": "person%1:03:00"
        },
        "start": 49,
        "end": 56
      },
      "root": "#V2390214"
    },
    {
      "V2390835": {
        "id": "V2390835",
        "indicator": "SPEECHACT",
        "type": "SA_IDENTIFY",
        "word": null,
        "roles": {
          "CONTENT": "#V2390693",
          "LEX": "-"
        },
        "start": 0,
        "end": 29
      },
      "V2390693": {
        "id": "V2390693",
        "indicator": "THE",
        "type": "QUANTITY-ABSTR",
        "word": null,
        "roles": {
          "FIGURE": "#V2389671"
        },
        "start": 0,
        "end": 29
      },
      "V2389671": {
        "id": "V2389671",
        "indicator": "THE",
        "type": "TIME-POINT",
        "word": null,
        "roles": {
          "SUCHTHAT": "#V2389524",
          "LEX": "WHEN"
        },
        "start": 0,
        "end": 29
      },
      "V2389524": {
        "id": "V2389524",
        "indicator": "F",
        "type": "TELL",
        "word": "TELL",
        "roles": {
          "TIME": "#V2389470",
          "AGENT": "#V2389519",
          "NEUTRAL": "#V2389544",
          "MOD": "#V2389551",
          "WNSENSE": "tell%2:32:04::"
        },
        "start": 0,
        "end": 29
      },
      "V2389470": {
        "id": "V2389470",
        "indicator": "F",
        "type": "EVENT-TIME-REL",
        "word": "WHEN",
        "roles": {
          "GROUND": "#V2389671",
          "FIGURE": "#V2389524",
          "LEX": "WHEN"
        },
        "start": 0,
        "end": 5
      },
      "V2389519": {
        "id": "V2389519",
        "indicator": "A",
        "type": "PERSON",
        "word": "GUY",
        "roles": {
          "LEX": "GUY",
          "WNSENSE": "person%1:03:00"
        },
        "start": 5,
        "end": 11
      },
      "V2389544": {
        "id": "V2389544",
        "indicator": "PRO-SET",
        "type": "PERSON",
        "word": "YOU",
        "roles": {
          "PROFORM": "YOU",
          "LEX": "YOU",
          "WNSENSE": "person%1:03:00"
        },
        "start": 17,
        "end": 21
      },
      "V2389551": {
        "id": "V2389551",
        "indicator": "F",
        "type": "PRECISE",
        "word": "EXACTLY",
        "roles": {
          "FIGURE": "#V2389524",
          "SCALE": "PRECISION-SCALE",
          "ORIENTATION": "POS",
          "LEX": "EXACTLY",
          "WNSENSE": "exact%3:00:00::"
        },
        "start": 21,
        "end": 29
      },
      "root": "#V2390835"
    },
    {
      "V2390216": {
        "id": "V2390216",
        "indicator": "SPEECHACT",
        "type": "SA_IDENTIFY",
        "word": null,
        "roles": {
          "PUNCTYPE": "DECL",
          "CONTENT": "#V2390206",
          "LEX": "-"
        },
        "start": 29,
        "end": 57
      },
      "V2390206": {
        "id": "V2390206",
        "indicator": "THE",
        "type": "QUANTITY-ABSTR",
        "word": null,
        "roles": {
          "FIGURE": "#V2389558"
        },
        "start": 29,
        "end": 56
      },
      "V2389558": {
        "id": "V2389558",
        "indicator": "WH-TERM",
        "type": "REFERENTIAL-SEM",
        "word": "WHAT",
        "roles": {
          "SUCHTHAT": "#V2389570",
          "PROFORM": "WHAT",
          "LEX": "WHAT",
          "WNSENSE": "entity%1:03:00"
        },
        "start": 29,
        "end": 56
      },
      "V2389570": {
        "id": "V2389570",
        "indicator": "F",
        "type": "WANT",
        "word": "WANT",
        "roles": {
          "EXPERIENCER": "#V2389565",
          "FORMAL": "#V2389607",
          "TENSE": "PRES",
          "LEX": "WANTS",
          "WNSENSE": "want%2:37:00::"
        },
        "start": 34,
        "end": 56
      },
      "V2389565": {
        "id": "V2389565",
        "indicator": "PRO",
        "type": "MALE-PERSON",
        "word": "HE",
        "roles": {
          "PROFORM": "HE",
          "LEX": "HE",
          "WNSENSE": "man%1:18:00"
        },
        "start": 34,
        "end": 37
      },
      "V2389607": {
        "id": "V2389607",
        "indicator": "F",
        "type": "OBJECTIVE-INFLUENCE",
        "word": "DO",
        "roles": {
          "AGENT": "#V2389565",
          "RESULT": "#V2389558",
          "AFFECTED": "#V2389654",
          "VFORM": "BASE",
          "LEX": "DO-",
          "WNSENSE": "force%1:07:01"
        },
        "start": 43,
        "end": 56
      },
      "V2389654": {
        "id": "V2389654",
        "indicator": "PRO-SET",
        "type": "PERSON",
        "word": "YOU",
        "roles": {
          "PROFORM": "YOU",
          "LEX": "YOU",
          "WNSENSE": "person%1:03:00"
        },
        "start": 49,
        "end": 56
      },
      "root": "#V2390216"
    },
    {
      "V2390835": {
        "id": "V2390835",
        "indicator": "SPEECHACT",
        "type": "SA_IDENTIFY",
        "word": null,
        "roles": {
          "CONTENT": "#V2390693",
          "LEX": "-"
        },
        "start": 0,
        "end": 29
      },
      "V2390693": {
        "id": "V2390693",
        "indicator": "THE",
        "type": "QUANTITY-ABSTR",
        "word": null,
        "roles": {
          "FIGURE": "#V2389671"
        },
        "start": 0,
        "end": 29
      },
      "V2389671": {
        "id": "V2389671",
        "indicator": "THE",
        "type": "TIME-POINT",
        "word": null,
        "roles": {
          "SUCHTHAT": "#V2389524",
          "LEX": "WHEN"
        },
        "start": 0,
        "end": 29
      },
      "V2389524": {
        "id": "V2389524",
        "indicator": "F",
        "type": "TELL",
        "word": "TELL",
        "roles": {
          "TIME": "#V2389470",
          "AGENT": "#V2389519",
          "NEUTRAL": "#V2389544",
          "MOD": "#V2389551",
          "WNSENSE": "tell%2:32:04::"
        },
        "start": 0,
        "end": 29
      },
      "V2389470": {
        "id": "V2389470",
        "indicator": "F",
        "type": "EVENT-TIME-REL",
        "word": "WHEN",
        "roles": {
          "GROUND": "#V2389671",
          "FIGURE": "#V2389524",
          "LEX": "WHEN"
        },
        "start": 0,
        "end": 5
      },
      "V2389519": {
        "id": "V2389519",
        "indicator": "A",
        "type": "PERSON",
        "word": "GUY",
        "roles": {
          "LEX": "GUY",
          "WNSENSE": "person%1:03:00"
        },
        "start": 5,
        "end": 11
      },
      "V2389544": {
        "id": "V2389544",
        "indicator": "PRO-SET",
        "type": "PERSON",
        "word": "YOU",
        "roles": {
          "PROFORM": "YOU",
          "LEX": "YOU",
          "WNSENSE": "person%1:03:00"
        },
        "start": 17,
        "end": 21
      },
      "V2389551": {
        "id": "V2389551",
        "indicator": "F",
        "type": "PRECISE",
        "word": "EXACTLY",
        "roles": {
          "FIGURE": "#V2389524",
          "SCALE": "PRECISION-SCALE",
          "ORIENTATION": "POS",
          "LEX": "EXACTLY",
          "WNSENSE": "exact%3:00:00::"
        },
        "start": 21,
        "end": 29
      },
      "root": "#V2390835"
    },
    {
      "V2390214": {
        "id": "V2390214",
        "indicator": "SPEECHACT",
        "type": "SA_IDENTIFY",
        "word": null,
        "roles": {
          "PUNCTYPE": "DECL",
          "CONTENT": "#V2390204",
          "LEX": "-"
        },
        "start": 29,
        "end": 57
      },
      "V2390204": {
        "id": "V2390204",
        "indicator": "THE",
        "type": "QUANTITY-ABSTR",
        "word": null,
        "roles": {
          "FIGURE": "#V2389559"
        },
        "start": 29,
        "end": 56
      },
      "V2389559": {
        "id": "V2389559",
        "indicator": "WH-TERM-SET",
        "type": "REFERENTIAL-SEM",
        "word": "WHAT",
        "roles": {
          "SUCHTHAT": "#V2389570",
          "PROFORM": "WHAT",
          "LEX": "WHAT",
          "WNSENSE": "entity%1:03:00"
        },
        "start": 29,
        "end": 56
      },
      "V2389570": {
        "id": "V2389570",
        "indicator": "F",
        "type": "WANT",
        "word": "WANT",
        "roles": {
          "EXPERIENCER": "#V2389565",
          "FORMAL": "#V2389607",
          "TENSE": "PRES",
          "LEX": "WANTS",
          "WNSENSE": "want%2:37:00::"
        },
        "start": 34,
        "end": 56
      },
      "V2389565": {
        "id": "V2389565",
        "indicator": "PRO",
        "type": "MALE-PERSON",
        "word": "HE",
        "roles": {
          "PROFORM": "HE",
          "LEX": "HE",
          "WNSENSE": "man%1:18:00"
        },
        "start": 34,
        "end": 37
      },
      "V2389607": {
        "id": "V2389607",
        "indicator": "F",
        "type": "OBJECTIVE-INFLUENCE",
        "word": "DO",
        "roles": {
          "AGENT": "#V2389565",
          "RESULT": "#V2389559",
          "AFFECTED": "#V2389654",
          "VFORM": "BASE",
          "LEX": "DO-",
          "WNSENSE": "force%1:07:01"
        },
        "start": 43,
        "end": 56
      },
      "V2389654": {
        "id": "V2389654",
        "indicator": "PRO-SET",
        "type": "PERSON",
        "word": "YOU",
        "roles": {
          "PROFORM": "YOU",
          "LEX": "YOU",
          "WNSENSE": "person%1:03:00"
        },
        "start": 49,
        "end": 56
      },
      "root": "#V2390214"
    }
  ],
  "inputtags": [],
  "debug": [
    "*last-utt-id*=NIL  utt-id+413",
    "*last-utt-id*=413  utt-id+413",
    "*last-utt-id*=413  utt-id+NIL"
  ]
}
