{
  "parse": [
    {
      "V549252": {
        "id": "V549252",
        "indicator": "SPEECHACT",
        "type": "SA_TELL",
        "word": null,
        "roles": {
          "PUNCTYPE": "DECL",
          "CONTENT": "#V549127",
          "LEX": "CAME"
        },
        "start": 0,
        "end": 22
      },
      "V549127": {
        "id": "V549127",
        "indicator": "F",
        "type": "COME",
        "word": "COME",
        "roles": {
          "RESULT": "#V549138",
          "AFFECTED": "#V549114",
          "TENSE": "PAST",
          "LEX": "CAME",
          "WNSENSE": "come%2:42:15::"
        },
        "start": 0,
        "end": 22
      },
      "V549114": {
        "id": "V549114",
        "indicator": "PRO",
        "type": "MALE-PERSON",
        "word": "HE",
        "roles": {
          "PROFORM": "HE",
          "LEX": "HE",
          "WNSENSE": "man%1:18:00"
        },
        "start": 0,
        "end": 3
      },
      "V549138": {
        "id": "V549138",
        "indicator": "F",
        "type": "GOAL-AS-CONTAINMENT",
        "word": "INTO",
        "roles": {
          "GROUND": "#V549150",
          "FIGURE": "#V549114",
          "LEX": "INTO"
        },
        "start": 8,
        "end": 22
      },
      "V549150": {
        "id": "V549150",
        "indicator": "THE",
        "type": "INTERNAL-ENCLOSURE",
        "word": "ROOM",
        "roles": {
          "LEX": "ROOM",
          "WNSENSE": "room%1:06:00::"
        },
        "start": 13,
        "end": 22
      },
      "root": "#V549252"
    }
  ],
  "inputtags": [],
  "debug": [
    "*last-utt-id*=NIL  utt-id+92",
    "*last-utt-id*=92  utt-id+NIL"
  ]
}
