{
  "parse": [
    {
      "V981686": {
        "id": "V981686",
        "indicator": "SPEECHACT",
        "type": "SA_TELL",
        "word": null,
        "roles": {
          "CONTENT": "#V981576",
          "LEX": "OWN"
        },
        "start": 0,
        "end": 18
      },
      "V981576": {
        "id": "V981576",
        "indicator": "F",
        "type": "POSSESS",
        "word": "OWN",
        "roles": {
          "NEUTRAL": "#V981570",
          "NEUTRAL1": "#V981580",
          "TENSE": "PRES",
          "LEX": "OWN",
          "WNSENSE": "own%2:40:00::"
        },
        "start": 0,
        "end": 18
      },
      "V981570": {
        "id": "V981570",
        "indicator": "THE-SET",
        "type": "FAMILY-RELATION",
        "word": "DADS",
        "roles": {
          "ASSOC-POSS": "#V981566",
          "LEX": "DADS",
          "WNSENSE": "relative%1:18:00"
        },
        "start": 0,
        "end": 8
      },
      "V981566": {
        "id": "V981566",
        "indicator": "PRO",
        "type": "PERSON",
        "word": "MY",
        "roles": {
          "LEX": "MY",
          "PROFORM": "MY",
          "WNSENSE": "person%1:03:00",
          "COREF": "USER"
        },
        "start": 0,
        "end": 8
      },
      "V981580": {
        "id": "V981580",
        "indicator": "INDEF-SET",
        "type": "LINGUISTIC-OBJECT",
        "word": "WORD",
        "roles": {
          "LEX": "WORDS",
          "WNSENSE": "word%1:10:00::"
        },
        "start": 12,
        "end": 18
      },
      "root": "#V981686"
    },
    {
      "V981712": {
        "id": "V981712",
        "indicator": "SPEECHACT",
        "type": "SA_PRED-FRAGMENT",
        "word": null,
        "roles": {
          "PUNCTYPE": "DECL",
          "CONTENT": "#V981585",
          "LEX": "ACCUSATORY"
        },
        "start": 18,
        "end": 29
      },
      "V981585": {
        "id": "V981585",
        "indicator": "F",
        "type": "PROPERTY-VAL",
        "word": "ACCUSATORY",
        "roles": {
          "FIGURE": "#V981713",
          "SCALE": "DOMAIN",
          "LEX": "ACCUSATORY",
          "WNSENSE": "accusatory%5:00:00:inculpatory:00"
        },
        "start": 18,
        "end": 29
      },
      "V981713": {
        "id": "V981713",
        "indicator": "IMPRO",
        "type": "ANY-SEM",
        "word": null,
        "roles": {
          "CONTEXT-REL": "UTT-FRAG"
        },
        "start": 18,
        "end": 29
      },
      "root": "#V981712"
    },
    {
      "V981797": {
        "id": "V981797",
        "indicator": "SPEECHACT",
        "type": "SA_TELL",
        "word": null,
        "roles": {
          "CONTENT": "#V981576",
          "LEX": "OWN"
        },
        "start": 0,
        "end": 18
      },
      "V981576": {
        "id": "V981576",
        "indicator": "F",
        "type": "POSSESS",
        "word": "OWN",
        "roles": {
          "NEUTRAL": "#V981570",
          "NEUTRAL1": "#V981614",
          "TENSE": "PRES",
          "LEX": "OWN",
          "WNSENSE": "own%2:40:00::"
        },
        "start": 0,
        "end": 18
      },
      "V981570": {
        "id": "V981570",
        "indicator": "THE-SET",
        "type": "FAMILY-RELATION",
        "word": "DADS",
        "roles": {
          "ASSOC-POSS": "#V981566",
          "LEX": "DADS",
          "WNSENSE": "relative%1:18:00"
        },
        "start": 0,
        "end": 8
      },
      "V981566": {
        "id": "V981566",
        "indicator": "PRO",
        "type": "PERSON",
        "word": "MY",
        "roles": {
          "LEX": "MY",
          "PROFORM": "MY",
          "WNSENSE": "person%1:03:00"
        },
        "start": 0,
        "end": 8
      },
      "V981614": {
        "id": "V981614",
        "indicator": "THE",
        "type": "QUANTITY-ABSTR",
        "word": null,
        "roles": {
          "FIGURE": "#V981580"
        },
        "start": 12,
        "end": 18
      },
      "V981580": {
        "id": "V981580",
        "indicator": "INDEF-SET",
        "type": "LINGUISTIC-OBJECT",
        "word": "WORD",
        "roles": {
          "LEX": "WORDS",
          "WNSENSE": "word%1:10:00::"
        },
        "start": 12,
        "end": 18
      },
      "root": "#V981797"
    },
    {
      "V981712": {
        "id": "V981712",
        "indicator": "SPEECHACT",
        "type": "SA_PRED-FRAGMENT",
        "word": null,
        "roles": {
          "PUNCTYPE": "DECL",
          "CONTENT": "#V981585",
          "LEX": "ACCUSATORY"
        },
        "start": 18,
        "end": 30
      },
      "V981585": {
        "id": "V981585",
        "indicator": "F",
        "type": "PROPERTY-VAL",
        "word": "ACCUSATORY",
        "roles": {
          "FIGURE": "#V981713",
          "SCALE": "DOMAIN",
          "LEX": "ACCUSATORY",
          "WNSENSE": "accusatory%5:00:00:inculpatory:00"
        },
        "start": 18,
        "end": 29
      },
      "V981713": {
        "id": "V981713",
        "indicator": "IMPRO",
        "type": "ANY-SEM",
        "word": null,
        "roles": {
          "CONTEXT-REL": "UTT-FRAG"
        },
        "start": 18,
        "end": 29
      },
      "root": "#V981712"
    },
    {
      "V981686": {
        "id": "V981686",
        "indicator": "SPEECHACT",
        "type": "SA_TELL",
        "word": null,
        "roles": {
          "CONTENT": "#V981576",
          "LEX": "OWN"
        },
        "start": 0,
        "end": 18
      },
      "V981576": {
        "id": "V981576",
        "indicator": "F",
        "type": "POSSESS",
        "word": "OWN",
        "roles": {
          "NEUTRAL": "#V981570",
          "NEUTRAL1": "#V981580",
          "TENSE": "PRES",
          "LEX": "OWN",
          "WNSENSE": "own%2:40:00::"
        },
        "start": 0,
        "end": 18
      },
      "V981570": {
        "id": "V981570",
        "indicator": "THE-SET",
        "type": "FAMILY-RELATION",
        "word": "DADS",
        "roles": {
          "ASSOC-POSS": "#V981566",
          "LEX": "DADS",
          "WNSENSE": "relative%1:18:00"
        },
        "start": 0,
        "end": 8
      },
      "V981566": {
        "id": "V981566",
        "indicator": "PRO",
        "type": "PERSON",
        "word": "MY",
        "roles": {
          "LEX": "MY",
          "PROFORM": "MY",
          "WNSENSE": "person%1:03:00"
        },
        "start": 0,
        "end": 8
      },
      "V981580": {
        "id": "V981580",
        "indicator": "INDEF-SET",
        "type": "LINGUISTIC-OBJECT",
        "word": "WORD",
        "roles": {
          "LEX": "WORDS",
          "WNSENSE": "word%1:10:00::"
        },
        "start": 12,
        "end": 18
      },
      "root": "#V981686"
    },
    {
      "V981585": {
        "id": "V981585",
        "indicator": "F",
        "type": "PROPERTY-VAL",
        "word": "ACCUSATORY",
        "roles": {
          "SCALE": "DOMAIN",
          "LEX": "ACCUSATORY",
          "WNSENSE": "accusatory%5:00:00:inculpatory:00"
        },
        "start": 18,
        "end": 29
      },
      "root": "#V981585"
    },
    {
      "V981686": {
        "id": "V981686",
        "indicator": "SPEECHACT",
        "type": "SA_TELL",
        "word": null,
        "roles": {
          "CONTENT": "#V981576",
          "LEX": "OWN"
        },
        "start": 0,
        "end": 18
      },
      "V981576": {
        "id": "V981576",
        "indicator": "F",
        "type": "POSSESS",
        "word": "OWN",
        "roles": {
          "NEUTRAL": "#V981570",
          "NEUTRAL1": "#V981580",
          "TENSE": "PRES",
          "LEX": "OWN",
          "WNSENSE": "own%2:40:00::"
        },
        "start": 0,
        "end": 18
      },
      "V981570": {
        "id": "V981570",
        "indicator": "THE-SET",
        "type": "FAMILY-RELATION",
        "word": "DADS",
        "roles": {
          "ASSOC-POSS": "#V981566",
          "LEX": "DADS",
          "WNSENSE": "relative%1:18:00"
        },
        "start": 0,
        "end": 8
      },
      "V981566": {
        "id": "V981566",
        "indicator": "PRO",
        "type": "PERSON",
        "word": "MY",
        "roles": {
          "LEX": "MY",
          "PROFORM": "MY",
          "WNSENSE": "person%1:03:00"
        },
        "start": 0,
        "end": 8
      },
      "V981580": {
        "id": "V981580",
        "indicator": "INDEF-SET",
        "type": "LINGUISTIC-OBJECT",
        "word": "WORD",
        "roles": {
          "LEX": "WORDS",
          "WNSENSE": "word%1:10:00::"
        },
        "start": 12,
        "end": 18
      },
      "root": "#V981686"
    },
    {
      "V981712": {
        "id": "V981712",
        "indicator": "SPEECHACT",
        "type": "SA_PRED-FRAGMENT",
        "word": null,
        "roles": {
          "CONTENT": "#V981585",
          "LEX": "ACCUSATORY"
        },
        "start": 18,
        "end": 29
      },
      "V981585": {
        "id": "V981585",
        "indicator": "F",
        "type": "PROPERTY-VAL",
        "word": "ACCUSATORY",
        "roles": {
          "FIGURE": "#V981713",
          "SCALE": "DOMAIN",
          "LEX": "ACCUSATORY",
          "WNSENSE": "accusatory%5:00:00:inculpatory:00"
        },
        "start": 18,
        "end": 29
      },
      "V981713": {
        "id": "V981713",
        "indicator": "IMPRO",
        "type": "ANY-SEM",
        "word": null,
        "roles": {
          "CONTEXT-REL": "UTT-FRAG"
        },
        "start": 18,
        "end": 29
      },
      "root": "#V981712"
    },
    {
      "V981797": {
        "id": "V981797",
        "indicator": "SPEECHACT",
        "type": "SA_TELL",
        "word": null,
        "roles": {
          "CONTENT": "#V981576",
          "LEX": "OWN"
        },
        "start": 0,
        "end": 18
      },
      "V981576": {
        "id": "V981576",
        "indicator": "F",
        "type": "POSSESS",
        "word": "OWN",
        "roles": {
          "NEUTRAL": "#V981570",
          "NEUTRAL1": "#V981614",
          "TENSE": "PRES",
          "LEX": "OWN",
          "WNSENSE": "own%2:40:00::"
        },
        "start": 0,
        "end": 18
      },
      "V981570": {
        "id": "V981570",
        "indicator": "THE-SET",
        "type": "FAMILY-RELATION",
        "word": "DADS",
        "roles": {
          "ASSOC-POSS": "#V981566",
          "LEX": "DADS",
          "WNSENSE": "relative%1:18:00"
        },
        "start": 0,
        "end": 8
      },
      "V981566": {
        "id": "V981566",
        "indicator": "PRO",
        "type": "PERSON",
        "word": "MY",
        "roles": {
          "LEX": "MY",
          "PROFORM": "MY",
          "WNSENSE": "person%1:03:00"
        },
        "start": 0,
        "end": 8
      },
      "V981614": {
        "id": "V981614",
        "indicator": "THE",
        "type": "QUANTITY-ABSTR",
        "word": null,
        "roles": {
          "FIGURE": "#V981580"
        },
        "start": 12,
        "end": 18
      },
      "V981580": {
        "id": "V981580",
        "indicator": "INDEF-SET",
        "type": "LINGUISTIC-OBJECT",
        "word": "WORD",
        "roles": {
          "LEX": "WORDS",
          "WNSENSE": "word%1:10:00::"
        },
        "start": 12,
        "end": 18
      },
      "root": "#V981797"
    },
    {
      "V981585": {
        "id": "V981585",
        "indicator": "F",
        "type": "PROPERTY-VAL",
        "word": "ACCUSATORY",
        "roles": {
          "SCALE": "DOMAIN",
          "LEX": "ACCUSATORY",
          "WNSENSE": "accusatory%5:00:00:inculpatory:00"
        },
        "start": 18,
        "end": 29
      },
      "root": "#V981585"
    },
    {
      "V981797": {
        "id": "V981797",
        "indicator": "SPEECHACT",
        "type": "SA_TELL",
        "word": null,
        "roles": {
          "CONTENT": "#V981576",
          "LEX": "OWN"
        },
        "start": 0,
        "end": 18
      },
      "V981576": {
        "id": "V981576",
        "indicator": "F",
        "type": "POSSESS",
        "word": "OWN",
        "roles": {
          "NEUTRAL": "#V981570",
          "NEUTRAL1": "#V981614",
          "TENSE": "PRES",
          "LEX": "OWN",
          "WNSENSE": "own%2:40:00::"
        },
        "start": 0,
        "end": 18
      },
      "V981570": {
        "id": "V981570",
        "indicator": "THE-SET",
        "type": "FAMILY-RELATION",
        "word": "DADS",
        "roles": {
          "ASSOC-POSS": "#V981566",
          "LEX": "DADS",
          "WNSENSE": "relative%1:18:00"
        },
        "start": 0,
        "end": 8
      },
      "V981566": {
        "id": "V981566",
        "indicator": "PRO",
        "type": "PERSON",
        "word": "MY",
        "roles": {
          "LEX": "MY",
          "PROFORM": "MY",
          "WNSENSE": "person%1:03:00"
        },
        "start": 0,
        "end": 8
      },
      "V981614": {
        "id": "V981614",
        "indicator": "THE",
        "type": "QUANTITY-ABSTR",
        "word": null,
        "roles": {
          "FIGURE": "#V981580"
        },
        "start": 12,
        "end": 18
      },
      "V981580": {
        "id": "V981580",
        "indicator": "INDEF-SET",
        "type": "LINGUISTIC-OBJECT",
        "word": "WORD",
        "roles": {
          "LEX": "WORDS",
          "WNSENSE": "word%1:10:00::"
        },
        "start": 12,
        "end": 18
      },
      "root": "#V981797"
    },
    {
      "V981712": {
        "id": "V981712",
        "indicator": "SPEECHACT",
        "type": "SA_PRED-FRAGMENT",
        "word": null,
        "roles": {
          "CONTENT": "#V981585",
          "LEX": "ACCUSATORY"
        },
        "start": 18,
        "end": 29
      },
      "V981585": {
        "id": "V981585",
        "indicator": "F",
        "type": "PROPERTY-VAL",
        "word": "ACCUSATORY",
        "roles": {
          "FIGURE": "#V981713",
          "SCALE": "DOMAIN",
          "LEX": "ACCUSATORY",
          "WNSENSE": "accusatory%5:00:00:inculpatory:00"
        },
        "start": 18,
        "end": 29
      },
      "V981713": {
        "id": "V981713",
        "indicator": "IMPRO",
        "type": "ANY-SEM",
        "word": null,
        "roles": {
          "CONTEXT-REL": "UTT-FRAG"
        },
        "start": 18,
        "end": 29
      },
      "root": "#V981712"
    },
    {
      "V981939": {
        "id": "V981939",
        "indicator": "SPEECHACT",
        "type": "SA_TELL",
        "word": null,
        "roles": {
          "CONTENT": "#V981576",
          "LEX": "OWN"
        },
        "start": 0,
        "end": 18
      },
      "V981576": {
        "id": "V981576",
        "indicator": "F",
        "type": "POSSESS",
        "word": "OWN",
        "roles": {
          "NEUTRAL": "#V981633",
          "NEUTRAL1": "#V981580",
          "TENSE": "PRES",
          "LEX": "OWN",
          "WNSENSE": "own%2:40:00::"
        },
        "start": 0,
        "end": 18
      },
      "V981633": {
        "id": "V981633",
        "indicator": "THE",
        "type": "QUANTITY-ABSTR",
        "word": null,
        "roles": {
          "FIGURE": "#V981570"
        },
        "start": 0,
        "end": 8
      },
      "V981570": {
        "id": "V981570",
        "indicator": "THE-SET",
        "type": "FAMILY-RELATION",
        "word": "DADS",
        "roles": {
          "ASSOC-POSS": "#V981566",
          "LEX": "DADS",
          "WNSENSE": "relative%1:18:00"
        },
        "start": 0,
        "end": 8
      },
      "V981566": {
        "id": "V981566",
        "indicator": "PRO",
        "type": "PERSON",
        "word": "MY",
        "roles": {
          "LEX": "MY",
          "PROFORM": "MY",
          "WNSENSE": "person%1:03:00"
        },
        "start": 0,
        "end": 8
      },
      "V981580": {
        "id": "V981580",
        "indicator": "INDEF-SET",
        "type": "LINGUISTIC-OBJECT",
        "word": "WORD",
        "roles": {
          "LEX": "WORDS",
          "WNSENSE": "word%1:10:00::"
        },
        "start": 12,
        "end": 18
      },
      "root": "#V981939"
    },
    {
      "V981712": {
        "id": "V981712",
        "indicator": "SPEECHACT",
        "type": "SA_PRED-FRAGMENT",
        "word": null,
        "roles": {
          "PUNCTYPE": "DECL",
          "CONTENT": "#V981585",
          "LEX": "ACCUSATORY"
        },
        "start": 18,
        "end": 30
      },
      "V981585": {
        "id": "V981585",
        "indicator": "F",
        "type": "PROPERTY-VAL",
        "word": "ACCUSATORY",
        "roles": {
          "FIGURE": "#V981713",
          "SCALE": "DOMAIN",
          "LEX": "ACCUSATORY",
          "WNSENSE": "accusatory%5:00:00:inculpatory:00"
        },
        "start": 18,
        "end": 29
      },
      "V981713": {
        "id": "V981713",
        "indicator": "IMPRO",
        "type": "ANY-SEM",
        "word": null,
        "roles": {
          "CONTEXT-REL": "UTT-FRAG"
        },
        "start": 18,
        "end": 29
      },
      "root": "#V981712"
    },
    {
      "V981967": {
        "id": "V981967",
        "indicator": "SPEECHACT",
        "type": "SA_TELL",
        "word": null,
        "roles": {
          "CONTENT": "#V981576",
          "LEX": "OWN"
        },
        "start": 0,
        "end": 18
      },
      "V981576": {
        "id": "V981576",
        "indicator": "F",
        "type": "POSSESS",
        "word": "OWN",
        "roles": {
          "NEUTRAL": "#V981570",
          "NEUTRAL1": "#V981580",
          "TENSE": "PRES",
          "LEX": "OWN"
        },
        "start": 0,
        "end": 18
      },
      "V981570": {
        "id": "V981570",
        "indicator": "THE-SET",
        "type": "FAMILY-RELATION",
        "word": "DADS",
        "roles": {
          "ASSOC-POSS": "#V981566",
          "LEX": "DADS",
          "WNSENSE": "relative%1:18:00"
        },
        "start": 0,
        "end": 8
      },
      "V981566": {
        "id": "V981566",
        "indicator": "PRO",
        "type": "PERSON",
        "word": "MY",
        "roles": {
          "LEX": "MY",
          "PROFORM": "MY",
          "WNSENSE": "person%1:03:00"
        },
        "start": 0,
        "end": 8
      },
      "V981580": {
        "id": "V981580",
        "indicator": "INDEF-SET",
        "type": "LINGUISTIC-OBJECT",
        "word": "WORD",
        "roles": {
          "LEX": "WORDS",
          "WNSENSE": "word%1:10:00::"
        },
        "start": 12,
        "end": 18
      },
      "root": "#V981967"
    },
    {
      "V981712": {
        "id": "V981712",
        "indicator": "SPEECHACT",
        "type": "SA_PRED-FRAGMENT",
        "word": null,
        "roles": {
          "PUNCTYPE": "DECL",
          "CONTENT": "#V981585",
          "LEX": "ACCUSATORY"
        },
        "start": 18,
        "end": 30
      },
      "V981585": {
        "id": "V981585",
        "indicator": "F",
        "type": "PROPERTY-VAL",
        "word": "ACCUSATORY",
        "roles": {
          "FIGURE": "#V981713",
          "SCALE": "DOMAIN",
          "LEX": "ACCUSATORY",
          "WNSENSE": "accusatory%5:00:00:inculpatory:00"
        },
        "start": 18,
        "end": 29
      },
      "V981713": {
        "id": "V981713",
        "indicator": "IMPRO",
        "type": "ANY-SEM",
        "word": null,
        "roles": {
          "CONTEXT-REL": "UTT-FRAG"
        },
        "start": 18,
        "end": 29
      },
      "root": "#V981712"
    },
    {
      "V981970": {
        "id": "V981970",
        "indicator": "SPEECHACT",
        "type": "SA_TELL",
        "word": null,
        "roles": {
          "CONTENT": "#V981576",
          "LEX": "OWN"
        },
        "start": 0,
        "end": 18
      },
      "V981576": {
        "id": "V981576",
        "indicator": "F",
        "type": "POSSESS",
        "word": "OWN",
        "roles": {
          "NEUTRAL": "#V981633",
          "NEUTRAL1": "#V981614",
          "TENSE": "PRES",
          "LEX": "OWN",
          "WNSENSE": "own%2:40:00::"
        },
        "start": 0,
        "end": 18
      },
      "V981633": {
        "id": "V981633",
        "indicator": "THE",
        "type": "QUANTITY-ABSTR",
        "word": null,
        "roles": {
          "FIGURE": "#V981570"
        },
        "start": 0,
        "end": 8
      },
      "V981570": {
        "id": "V981570",
        "indicator": "THE-SET",
        "type": "FAMILY-RELATION",
        "word": "DADS",
        "roles": {
          "ASSOC-POSS": "#V981566",
          "LEX": "DADS",
          "WNSENSE": "relative%1:18:00"
        },
        "start": 0,
        "end": 8
      },
      "V981566": {
        "id": "V981566",
        "indicator": "PRO",
        "type": "PERSON",
        "word": "MY",
        "roles": {
          "LEX": "MY",
          "PROFORM": "MY",
          "WNSENSE": "person%1:03:00"
        },
        "start": 0,
        "end": 8
      },
      "V981614": {
        "id": "V981614",
        "indicator": "THE",
        "type": "QUANTITY-ABSTR",
        "word": null,
        "roles": {
          "FIGURE": "#V981580"
        },
        "start": 12,
        "end": 18
      },
      "V981580": {
        "id": "V981580",
        "indicator": "INDEF-SET",
        "type": "LINGUISTIC-OBJECT",
        "word": "WORD",
        "roles": {
          "LEX": "WORDS",
          "WNSENSE": "word%1:10:00::"
        },
        "start": 12,
        "end": 18
      },
      "root": "#V981970"
    },
    {
      "V981712": {
        "id": "V981712",
        "indicator": "SPEECHACT",
        "type": "SA_PRED-FRAGMENT",
        "word": null,
        "roles": {
          "PUNCTYPE": "DECL",
          "CONTENT": "#V981585",
          "LEX": "ACCUSATORY"
        },
        "start": 18,
        "end": 30
      },
      "V981585": {
        "id": "V981585",
        "indicator": "F",
        "type": "PROPERTY-VAL",
        "word": "ACCUSATORY",
        "roles": {
          "FIGURE": "#V981713",
          "SCALE": "DOMAIN",
          "LEX": "ACCUSATORY",
          "WNSENSE": "accusatory%5:00:00:inculpatory:00"
        },
        "start": 18,
        "end": 29
      },
      "V981713": {
        "id": "V981713",
        "indicator": "IMPRO",
        "type": "ANY-SEM",
        "word": null,
        "roles": {
          "CONTEXT-REL": "UTT-FRAG"
        },
        "start": 18,
        "end": 29
      },
      "root": "#V981712"
    },
    {
      "V981939": {
        "id": "V981939",
        "indicator": "SPEECHACT",
        "type": "SA_TELL",
        "word": null,
        "roles": {
          "CONTENT": "#V981576",
          "LEX": "OWN"
        },
        "start": 0,
        "end": 18
      },
      "V981576": {
        "id": "V981576",
        "indicator": "F",
        "type": "POSSESS",
        "word": "OWN",
        "roles": {
          "NEUTRAL": "#V981633",
          "NEUTRAL1": "#V981580",
          "TENSE": "PRES",
          "LEX": "OWN",
          "WNSENSE": "own%2:40:00::"
        },
        "start": 0,
        "end": 18
      },
      "V981633": {
        "id": "V981633",
        "indicator": "THE",
        "type": "QUANTITY-ABSTR",
        "word": null,
        "roles": {
          "FIGURE": "#V981570"
        },
        "start": 0,
        "end": 8
      },
      "V981570": {
        "id": "V981570",
        "indicator": "THE-SET",
        "type": "FAMILY-RELATION",
        "word": "DADS",
        "roles": {
          "ASSOC-POSS": "#V981566",
          "LEX": "DADS",
          "WNSENSE": "relative%1:18:00"
        },
        "start": 0,
        "end": 8
      },
      "V981566": {
        "id": "V981566",
        "indicator": "PRO",
        "type": "PERSON",
        "word": "MY",
        "roles": {
          "LEX": "MY",
          "PROFORM": "MY",
          "WNSENSE": "person%1:03:00"
        },
        "start": 0,
        "end": 8
      },
      "V981580": {
        "id": "V981580",
        "indicator": "INDEF-SET",
        "type": "LINGUISTIC-OBJECT",
        "word": "WORD",
        "roles": {
          "LEX": "WORDS",
          "WNSENSE": "word%1:10:00::"
        },
        "start": 12,
        "end": 18
      },
      "root": "#V981939"
    },
    {
      "V981585": {
        "id": "V981585",
        "indicator": "F",
        "type": "PROPERTY-VAL",
        "word": "ACCUSATORY",
        "roles": {
          "SCALE": "DOMAIN",
          "LEX": "ACCUSATORY",
          "WNSENSE": "accusatory%5:00:00:inculpatory:00"
        },
        "start": 18,
        "end": 29
      },
      "root": "#V981585"
    },
    {
      "V982002": {
        "id": "V982002",
        "indicator": "SPEECHACT",
        "type": "SA_TELL",
        "word": null,
        "roles": {
          "CONTENT": "#V981576",
          "LEX": "OWN"
        },
        "start": 0,
        "end": 18
      },
      "V981576": {
        "id": "V981576",
        "indicator": "F",
        "type": "POSSESS",
        "word": "OWN",
        "roles": {
          "NEUTRAL": "#V981570",
          "NEUTRAL1": "#V981614",
          "TENSE": "PRES",
          "LEX": "OWN"
        },
        "start": 0,
        "end": 18
      },
      "V981570": {
        "id": "V981570",
        "indicator": "THE-SET",
        "type": "FAMILY-RELATION",
        "word": "DADS",
        "roles": {
          "ASSOC-POSS": "#V981566",
          "LEX": "DADS",
          "WNSENSE": "relative%1:18:00"
        },
        "start": 0,
        "end": 8
      },
      "V981566": {
        "id": "V981566",
        "indicator": "PRO",
        "type": "PERSON",
        "word": "MY",
        "roles": {
          "LEX": "MY",
          "PROFORM": "MY",
          "WNSENSE": "person%1:03:00"
        },
        "start": 0,
        "end": 8
      },
      "V981614": {
        "id": "V981614",
        "indicator": "THE",
        "type": "QUANTITY-ABSTR",
        "word": null,
        "roles": {
          "FIGURE": "#V981580"
        },
        "start": 12,
        "end": 18
      },
      "V981580": {
        "id": "V981580",
        "indicator": "INDEF-SET",
        "type": "LINGUISTIC-OBJECT",
        "word": "WORD",
        "roles": {
          "LEX": "WORDS",
          "WNSENSE": "word%1:10:00::"
        },
        "start": 12,
        "end": 18
      },
      "root": "#V982002"
    },
    {
      "V981712": {
        "id": "V981712",
        "indicator": "SPEECHACT",
        "type": "SA_PRED-FRAGMENT",
        "word": null,
        "roles": {
          "PUNCTYPE": "DECL",
          "CONTENT": "#V981585",
          "LEX": "ACCUSATORY"
        },
        "start": 18,
        "end": 30
      },
      "V981585": {
        "id": "V981585",
        "indicator": "F",
        "type": "PROPERTY-VAL",
        "word": "ACCUSATORY",
        "roles": {
          "FIGURE": "#V981713",
          "SCALE": "DOMAIN",
          "LEX": "ACCUSATORY",
          "WNSENSE": "accusatory%5:00:00:inculpatory:00"
        },
        "start": 18,
        "end": 29
      },
      "V981713": {
        "id": "V981713",
        "indicator": "IMPRO",
        "type": "ANY-SEM",
        "word": null,
        "roles": {
          "CONTEXT-REL": "UTT-FRAG"
        },
        "start": 18,
        "end": 29
      },
      "root": "#V981712"
    },
    {
      "V981939": {
        "id": "V981939",
        "indicator": "SPEECHACT",
        "type": "SA_TELL",
        "word": null,
        "roles": {
          "CONTENT": "#V981576",
          "LEX": "OWN"
        },
        "start": 0,
        "end": 18
      },
      "V981576": {
        "id": "V981576",
        "indicator": "F",
        "type": "POSSESS",
        "word": "OWN",
        "roles": {
          "NEUTRAL": "#V981633",
          "NEUTRAL1": "#V981580",
          "TENSE": "PRES",
          "LEX": "OWN",
          "WNSENSE": "own%2:40:00::"
        },
        "start": 0,
        "end": 18
      },
      "V981633": {
        "id": "V981633",
        "indicator": "THE",
        "type": "QUANTITY-ABSTR",
        "word": null,
        "roles": {
          "FIGURE": "#V981570"
        },
        "start": 0,
        "end": 8
      },
      "V981570": {
        "id": "V981570",
        "indicator": "THE-SET",
        "type": "FAMILY-RELATION",
        "word": "DADS",
        "roles": {
          "ASSOC-POSS": "#V981566",
          "LEX": "DADS",
          "WNSENSE": "relative%1:18:00"
        },
        "start": 0,
        "end": 8
      },
      "V981566": {
        "id": "V981566",
        "indicator": "PRO",
        "type": "PERSON",
        "word": "MY",
        "roles": {
          "LEX": "MY",
          "PROFORM": "MY",
          "WNSENSE": "person%1:03:00"
        },
        "start": 0,
        "end": 8
      },
      "V981580": {
        "id": "V981580",
        "indicator": "INDEF-SET",
        "type": "LINGUISTIC-OBJECT",
        "word": "WORD",
        "roles": {
          "LEX": "WORDS",
          "WNSENSE": "word%1:10:00::"
        },
        "start": 12,
        "end": 18
      },
      "root": "#V981939"
    },
    {
      "V981712": {
        "id": "V981712",
        "indicator": "SPEECHACT",
        "type": "SA_PRED-FRAGMENT",
        "word": null,
        "roles": {
          "CONTENT": "#V981585",
          "LEX": "ACCUSATORY"
        },
        "start": 18,
        "end": 29
      },
      "V981585": {
        "id": "V981585",
        "indicator": "F",
        "type": "PROPERTY-VAL",
        "word": "ACCUSATORY",
        "roles": {
          "FIGURE": "#V981713",
          "SCALE": "DOMAIN",
          "LEX": "ACCUSATORY",
          "WNSENSE": "accusatory%5:00:00:inculpatory:00"
        },
        "start": 18,
        "end": 29
      },
      "V981713": {
        "id": "V981713",
        "indicator": "IMPRO",
        "type": "ANY-SEM",
        "word": null,
        "roles": {
          "CONTEXT-REL": "UTT-FRAG"
        },
        "start": 18,
        "end": 29
      },
      "root": "#V981712"
    },
    {
      "V981759": {
        "id": "V981759",
        "indicator": "SPEECHACT",
        "type": "SA_IDENTIFY",
        "word": null,
        "roles": {
          "CONTENT": "#V981570",
          "LEX": "DADS"
        },
        "start": 0,
        "end": 18
      },
      "V981570": {
        "id": "V981570",
        "indicator": "THE-SET",
        "type": "FAMILY-RELATION",
        "word": "DADS",
        "roles": {
          "ASSOC-POSS": "#V981566",
          "MOD": "#V981573",
          "LEX": "DADS",
          "WNSENSE": "relative%1:18:00"
        },
        "start": 0,
        "end": 18
      },
      "V981566": {
        "id": "V981566",
        "indicator": "PRO",
        "type": "PERSON",
        "word": "MY",
        "roles": {
          "LEX": "MY",
          "PROFORM": "MY",
          "WNSENSE": "person%1:03:00"
        },
        "start": 0,
        "end": 18
      },
      "V981573": {
        "id": "V981573",
        "indicator": "F",
        "type": "OWN",
        "word": "OWN",
        "roles": {
          "GROUND": "#V981580",
          "FIGURE": "#V981570",
          "LEX": "OWN"
        },
        "start": 8,
        "end": 18
      },
      "V981580": {
        "id": "V981580",
        "indicator": "INDEF-SET",
        "type": "LINGUISTIC-OBJECT",
        "word": "WORD",
        "roles": {
          "LEX": "WORDS",
          "WNSENSE": "word%1:10:00::"
        },
        "start": 12,
        "end": 18
      },
      "root": "#V981759"
    },
    {
      "V981712": {
        "id": "V981712",
        "indicator": "SPEECHACT",
        "type": "SA_PRED-FRAGMENT",
        "word": null,
        "roles": {
          "PUNCTYPE": "DECL",
          "CONTENT": "#V981585",
          "LEX": "ACCUSATORY"
        },
        "start": 18,
        "end": 30
      },
      "V981585": {
        "id": "V981585",
        "indicator": "F",
        "type": "PROPERTY-VAL",
        "word": "ACCUSATORY",
        "roles": {
          "FIGURE": "#V981713",
          "SCALE": "DOMAIN",
          "LEX": "ACCUSATORY",
          "WNSENSE": "accusatory%5:00:00:inculpatory:00"
        },
        "start": 18,
        "end": 29
      },
      "V981713": {
        "id": "V981713",
        "indicator": "IMPRO",
        "type": "ANY-SEM",
        "word": null,
        "roles": {
          "CONTEXT-REL": "UTT-FRAG"
        },
        "start": 18,
        "end": 29
      },
      "root": "#V981712"
    },
    {
      "V981767": {
        "id": "V981767",
        "indicator": "SPEECHACT",
        "type": "SA_IDENTIFY",
        "word": null,
        "roles": {
          "CONTENT": "#V981570",
          "LEX": "DADS"
        },
        "start": 0,
        "end": 18
      },
      "V981570": {
        "id": "V981570",
        "indicator": "THE-SET",
        "type": "FAMILY-RELATION",
        "word": "DADS",
        "roles": {
          "ASSOC-POSS": "#V981566",
          "MOD": "#V981573",
          "LEX": "DADS",
          "WNSENSE": "relative%1:18:00"
        },
        "start": 0,
        "end": 18
      },
      "V981566": {
        "id": "V981566",
        "indicator": "PRO",
        "type": "PERSON",
        "word": "MY",
        "roles": {
          "LEX": "MY",
          "PROFORM": "MY",
          "WNSENSE": "person%1:03:00"
        },
        "start": 0,
        "end": 18
      },
      "V981573": {
        "id": "V981573",
        "indicator": "F",
        "type": "OWN",
        "word": "OWN",
        "roles": {
          "GROUND": "#V981614",
          "FIGURE": "#V981570",
          "LEX": "OWN"
        },
        "start": 8,
        "end": 18
      },
      "V981614": {
        "id": "V981614",
        "indicator": "THE",
        "type": "QUANTITY-ABSTR",
        "word": null,
        "roles": {
          "FIGURE": "#V981580"
        },
        "start": 12,
        "end": 18
      },
      "V981580": {
        "id": "V981580",
        "indicator": "INDEF-SET",
        "type": "LINGUISTIC-OBJECT",
        "word": "WORD",
        "roles": {
          "LEX": "WORDS",
          "WNSENSE": "word%1:10:00::"
        },
        "start": 12,
        "end": 18
      },
      "root": "#V981767"
    },
    {
      "V981712": {
        "id": "V981712",
        "indicator": "SPEECHACT",
        "type": "SA_PRED-FRAGMENT",
        "word": null,
        "roles": {
          "PUNCTYPE": "DECL",
          "CONTENT": "#V981585",
          "LEX": "ACCUSATORY"
        },
        "start": 18,
        "end": 30
      },
      "V981585": {
        "id": "V981585",
        "indicator": "F",
        "type": "PROPERTY-VAL",
        "word": "ACCUSATORY",
        "roles": {
          "FIGURE": "#V981713",
          "SCALE": "DOMAIN",
          "LEX": "ACCUSATORY",
          "WNSENSE": "accusatory%5:00:00:inculpatory:00"
        },
        "start": 18,
        "end": 29
      },
      "V981713": {
        "id": "V981713",
        "indicator": "IMPRO",
        "type": "ANY-SEM",
        "word": null,
        "roles": {
          "CONTEXT-REL": "UTT-FRAG"
        },
        "start": 18,
        "end": 29
      },
      "root": "#V981712"
    },
    {
      "V981771": {
        "id": "V981771",
        "indicator": "SPEECHACT",
        "type": "SA_IDENTIFY",
        "word": null,
        "roles": {
          "CONTENT": "#V981729",
          "LEX": "-"
        },
        "start": 0,
        "end": 18
      },
      "V981729": {
        "id": "V981729",
        "indicator": "THE",
        "type": "QUANTITY-ABSTR",
        "word": null,
        "roles": {
          "FIGURE": "#V981570"
        },
        "start": 0,
        "end": 18
      },
      "V981570": {
        "id": "V981570",
        "indicator": "THE-SET",
        "type": "FAMILY-RELATION",
        "word": "DADS",
        "roles": {
          "ASSOC-POSS": "#V981566",
          "MOD": "#V981573",
          "LEX": "DADS",
          "WNSENSE": "relative%1:18:00"
        },
        "start": 0,
        "end": 18
      },
      "V981566": {
        "id": "V981566",
        "indicator": "PRO",
        "type": "PERSON",
        "word": "MY",
        "roles": {
          "LEX": "MY",
          "PROFORM": "MY",
          "WNSENSE": "person%1:03:00"
        },
        "start": 0,
        "end": 18
      },
      "V981573": {
        "id": "V981573",
        "indicator": "F",
        "type": "OWN",
        "word": "OWN",
        "roles": {
          "GROUND": "#V981580",
          "FIGURE": "#V981570",
          "LEX": "OWN"
        },
        "start": 8,
        "end": 18
      },
      "V981580": {
        "id": "V981580",
        "indicator": "INDEF-SET",
        "type": "LINGUISTIC-OBJECT",
        "word": "WORD",
        "roles": {
          "LEX": "WORDS",
          "WNSENSE": "word%1:10:00::"
        },
        "start": 12,
        "end": 18
      },
      "root": "#V981771"
    },
    {
      "V981712": {
        "id": "V981712",
        "indicator": "SPEECHACT",
        "type": "SA_PRED-FRAGMENT",
        "word": null,
        "roles": {
          "PUNCTYPE": "DECL",
          "CONTENT": "#V981585",
          "LEX": "ACCUSATORY"
        },
        "start": 18,
        "end": 30
      },
      "V981585": {
        "id": "V981585",
        "indicator": "F",
        "type": "PROPERTY-VAL",
        "word": "ACCUSATORY",
        "roles": {
          "FIGURE": "#V981713",
          "SCALE": "DOMAIN",
          "LEX": "ACCUSATORY",
          "WNSENSE": "accusatory%5:00:00:inculpatory:00"
        },
        "start": 18,
        "end": 29
      },
      "V981713": {
        "id": "V981713",
        "indicator": "IMPRO",
        "type": "ANY-SEM",
        "word": null,
        "roles": {
          "CONTEXT-REL": "UTT-FRAG"
        },
        "start": 18,
        "end": 29
      },
      "root": "#V981712"
    },
    {
      "V981779": {
        "id": "V981779",
        "indicator": "SPEECHACT",
        "type": "SA_IDENTIFY",
        "word": null,
        "roles": {
          "CONTENT": "#V981733",
          "LEX": "-"
        },
        "start": 0,
        "end": 18
      },
      "V981733": {
        "id": "V981733",
        "indicator": "THE",
        "type": "QUANTITY-ABSTR",
        "word": null,
        "roles": {
          "FIGURE": "#V981570"
        },
        "start": 0,
        "end": 18
      },
      "V981570": {
        "id": "V981570",
        "indicator": "THE-SET",
        "type": "FAMILY-RELATION",
        "word": "DADS",
        "roles": {
          "ASSOC-POSS": "#V981566",
          "MOD": "#V981573",
          "LEX": "DADS",
          "WNSENSE": "relative%1:18:00"
        },
        "start": 0,
        "end": 18
      },
      "V981566": {
        "id": "V981566",
        "indicator": "PRO",
        "type": "PERSON",
        "word": "MY",
        "roles": {
          "LEX": "MY",
          "PROFORM": "MY",
          "WNSENSE": "person%1:03:00"
        },
        "start": 0,
        "end": 18
      },
      "V981573": {
        "id": "V981573",
        "indicator": "F",
        "type": "OWN",
        "word": "OWN",
        "roles": {
          "GROUND": "#V981614",
          "FIGURE": "#V981570",
          "LEX": "OWN"
        },
        "start": 8,
        "end": 18
      },
      "V981614": {
        "id": "V981614",
        "indicator": "THE",
        "type": "QUANTITY-ABSTR",
        "word": null,
        "roles": {
          "FIGURE": "#V981580"
        },
        "start": 12,
        "end": 18
      },
      "V981580": {
        "id": "V981580",
        "indicator": "INDEF-SET",
        "type": "LINGUISTIC-OBJECT",
        "word": "WORD",
        "roles": {
          "LEX": "WORDS",
          "WNSENSE": "word%1:10:00::"
        },
        "start": 12,
        "end": 18
      },
      "root": "#V981779"
    },
    {
      "V981712": {
        "id": "V981712",
        "indicator": "SPEECHACT",
        "type": "SA_PRED-FRAGMENT",
        "word": null,
        "roles": {
          "PUNCTYPE": "DECL",
          "CONTENT": "#V981585",
          "LEX": "ACCUSATORY"
        },
        "start": 18,
        "end": 30
      },
      "V981585": {
        "id": "V981585",
        "indicator": "F",
        "type": "PROPERTY-VAL",
        "word": "ACCUSATORY",
        "roles": {
          "FIGURE": "#V981713",
          "SCALE": "DOMAIN",
          "LEX": "ACCUSATORY",
          "WNSENSE": "accusatory%5:00:00:inculpatory:00"
        },
        "start": 18,
        "end": 29
      },
      "V981713": {
        "id": "V981713",
        "indicator": "IMPRO",
        "type": "ANY-SEM",
        "word": null,
        "roles": {
          "CONTEXT-REL": "UTT-FRAG"
        },
        "start": 18,
        "end": 29
      },
      "root": "#V981712"
    },
    {
      "V981967": {
        "id": "V981967",
        "indicator": "SPEECHACT",
        "type": "SA_TELL",
        "word": null,
        "roles": {
          "CONTENT": "#V981576",
          "LEX": "OWN"
        },
        "start": 0,
        "end": 18
      },
      "V981576": {
        "id": "V981576",
        "indicator": "F",
        "type": "POSSESS",
        "word": "OWN",
        "roles": {
          "NEUTRAL": "#V981570",
          "NEUTRAL1": "#V981580",
          "TENSE": "PRES",
          "LEX": "OWN"
        },
        "start": 0,
        "end": 18
      },
      "V981570": {
        "id": "V981570",
        "indicator": "THE-SET",
        "type": "FAMILY-RELATION",
        "word": "DADS",
        "roles": {
          "ASSOC-POSS": "#V981566",
          "LEX": "DADS",
          "WNSENSE": "relative%1:18:00"
        },
        "start": 0,
        "end": 8
      },
      "V981566": {
        "id": "V981566",
        "indicator": "PRO",
        "type": "PERSON",
        "word": "MY",
        "roles": {
          "LEX": "MY",
          "PROFORM": "MY",
          "WNSENSE": "person%1:03:00"
        },
        "start": 0,
        "end": 8
      },
      "V981580": {
        "id": "V981580",
        "indicator": "INDEF-SET",
        "type": "LINGUISTIC-OBJECT",
        "word": "WORD",
        "roles": {
          "LEX": "WORDS",
          "WNSENSE": "word%1:10:00::"
        },
        "start": 12,
        "end": 18
      },
      "root": "#V981967"
    },
    {
      "V981585": {
        "id": "V981585",
        "indicator": "F",
        "type": "PROPERTY-VAL",
        "word": "ACCUSATORY",
        "roles": {
          "SCALE": "DOMAIN",
          "LEX": "ACCUSATORY",
          "WNSENSE": "accusatory%5:00:00:inculpatory:00"
        },
        "start": 18,
        "end": 29
      },
      "root": "#V981585"
    },
    {
      "V981970": {
        "id": "V981970",
        "indicator": "SPEECHACT",
        "type": "SA_TELL",
        "word": null,
        "roles": {
          "CONTENT": "#V981576",
          "LEX": "OWN"
        },
        "start": 0,
        "end": 18
      },
      "V981576": {
        "id": "V981576",
        "indicator": "F",
        "type": "POSSESS",
        "word": "OWN",
        "roles": {
          "NEUTRAL": "#V981633",
          "NEUTRAL1": "#V981614",
          "TENSE": "PRES",
          "LEX": "OWN",
          "WNSENSE": "own%2:40:00::"
        },
        "start": 0,
        "end": 18
      },
      "V981633": {
        "id": "V981633",
        "indicator": "THE",
        "type": "QUANTITY-ABSTR",
        "word": null,
        "roles": {
          "FIGURE": "#V981570"
        },
        "start": 0,
        "end": 8
      },
      "V981570": {
        "id": "V981570",
        "indicator": "THE-SET",
        "type": "FAMILY-RELATION",
        "word": "DADS",
        "roles": {
          "ASSOC-POSS": "#V981566",
          "LEX": "DADS",
          "WNSENSE": "relative%1:18:00"
        },
        "start": 0,
        "end": 8
      },
      "V981566": {
        "id": "V981566",
        "indicator": "PRO",
        "type": "PERSON",
        "word": "MY",
        "roles": {
          "LEX": "MY",
          "PROFORM": "MY",
          "WNSENSE": "person%1:03:00"
        },
        "start": 0,
        "end": 8
      },
      "V981614": {
        "id": "V981614",
        "indicator": "THE",
        "type": "QUANTITY-ABSTR",
        "word": null,
        "roles": {
          "FIGURE": "#V981580"
        },
        "start": 12,
        "end": 18
      },
      "V981580": {
        "id": "V981580",
        "indicator": "INDEF-SET",
        "type": "LINGUISTIC-OBJECT",
        "word": "WORD",
        "roles": {
          "LEX": "WORDS",
          "WNSENSE": "word%1:10:00::"
        },
        "start": 12,
        "end": 18
      },
      "root": "#V981970"
    },
    {
      "V981585": {
        "id": "V981585",
        "indicator": "F",
        "type": "PROPERTY-VAL",
        "word": "ACCUSATORY",
        "roles": {
          "SCALE": "DOMAIN",
          "LEX": "ACCUSATORY",
          "WNSENSE": "accusatory%5:00:00:inculpatory:00"
        },
        "start": 18,
        "end": 29
      },
      "root": "#V981585"
    },
    {
      "V981576": {
        "id": "V981576",
        "indicator": "F",
        "type": "POSSESS",
        "word": "OWN",
        "roles": {
          "NEUTRAL": "#V981570",
          "NEUTRAL1": "#V981580",
          "PROP": "+",
          "TENSE": "PRES",
          "LEX": "OWN",
          "WNSENSE": "own%2:40:00::"
        },
        "start": 0,
        "end": 18
      },
      "V981570": {
        "id": "V981570",
        "indicator": "THE-SET",
        "type": "FAMILY-RELATION",
        "word": "DADS",
        "roles": {
          "ASSOC-POSS": "#V981566",
          "LEX": "DADS",
          "WNSENSE": "relative%1:18:00"
        },
        "start": 0,
        "end": 8
      },
      "V981566": {
        "id": "V981566",
        "indicator": "PRO",
        "type": "PERSON",
        "word": "MY",
        "roles": {
          "LEX": "MY",
          "PROFORM": "MY",
          "WNSENSE": "person%1:03:00"
        },
        "start": 0,
        "end": 8
      },
      "V981580": {
        "id": "V981580",
        "indicator": "INDEF-SET",
        "type": "LINGUISTIC-OBJECT",
        "word": "WORD",
        "roles": {
          "LEX": "WORDS",
          "WNSENSE": "word%1:10:00::"
        },
        "start": 12,
        "end": 18
      },
      "root": "#V981576"
    },
    {
      "V981712": {
        "id": "V981712",
        "indicator": "SPEECHACT",
        "type": "SA_PRED-FRAGMENT",
        "word": null,
        "roles": {
          "PUNCTYPE": "DECL",
          "CONTENT": "#V981585",
          "LEX": "ACCUSATORY"
        },
        "start": 18,
        "end": 30
      },
      "V981585": {
        "id": "V981585",
        "indicator": "F",
        "type": "PROPERTY-VAL",
        "word": "ACCUSATORY",
        "roles": {
          "FIGURE": "#V981713",
          "SCALE": "DOMAIN",
          "LEX": "ACCUSATORY",
          "WNSENSE": "accusatory%5:00:00:inculpatory:00"
        },
        "start": 18,
        "end": 29
      },
      "V981713": {
        "id": "V981713",
        "indicator": "IMPRO",
        "type": "ANY-SEM",
        "word": null,
        "roles": {
          "CONTEXT-REL": "UTT-FRAG"
        },
        "start": 18,
        "end": 29
      },
      "root": "#V981712"
    },
    {
      "V981570": {
        "id": "V981570",
        "indicator": "THE-SET",
        "type": "FAMILY-RELATION",
        "word": "DADS",
        "roles": {
          "ASSOC-POSS": "#V981566",
          "MOD": "#V981573",
          "LEX": "DADS",
          "WNSENSE": "relative%1:18:00"
        },
        "start": 0,
        "end": 18
      },
      "V981566": {
        "id": "V981566",
        "indicator": "PRO",
        "type": "PERSON",
        "word": "MY",
        "roles": {
          "LEX": "MY",
          "PROFORM": "MY",
          "WNSENSE": "person%1:03:00"
        },
        "start": 0,
        "end": 18
      },
      "V981573": {
        "id": "V981573",
        "indicator": "F",
        "type": "OWN",
        "word": "OWN",
        "roles": {
          "GROUND": "#V981580",
          "FIGURE": "#V981570",
          "LEX": "OWN"
        },
        "start": 8,
        "end": 18
      },
      "V981580": {
        "id": "V981580",
        "indicator": "INDEF-SET",
        "type": "LINGUISTIC-OBJECT",
        "word": "WORD",
        "roles": {
          "LEX": "WORDS",
          "WNSENSE": "word%1:10:00::"
        },
        "start": 12,
        "end": 18
      },
      "root": "#V981570"
    },
    {
      "V981712": {
        "id": "V981712",
        "indicator": "SPEECHACT",
        "type": "SA_PRED-FRAGMENT",
        "word": null,
        "roles": {
          "PUNCTYPE": "DECL",
          "CONTENT": "#V981585",
          "LEX": "ACCUSATORY"
        },
        "start": 18,
        "end": 30
      },
      "V981585": {
        "id": "V981585",
        "indicator": "F",
        "type": "PROPERTY-VAL",
        "word": "ACCUSATORY",
        "roles": {
          "FIGURE": "#V981713",
          "SCALE": "DOMAIN",
          "LEX": "ACCUSATORY",
          "WNSENSE": "accusatory%5:00:00:inculpatory:00"
        },
        "start": 18,
        "end": 29
      },
      "V981713": {
        "id": "V981713",
        "indicator": "IMPRO",
        "type": "ANY-SEM",
        "word": null,
        "roles": {
          "CONTEXT-REL": "UTT-FRAG"
        },
        "start": 18,
        "end": 29
      },
      "root": "#V981712"
    }
  ],
  "inputtags": [],
  "debug": [
    "*last-utt-id*=NIL  utt-id+178",
    "*last-utt-id*=178  utt-id+178",
    "*last-utt-id*=178  utt-id+NIL"
  ]
}
