{
  "parse": [
    {
      "V85693": {
        "id": "V85693",
        "indicator": "SPEECHACT",
        "type": "SA_TELL",
        "word": null,
        "roles": {
          "CONTENT": "#V74104",
          "LEX": "ASKED"
        },
        "start": 0,
        "end": 47
      },
      "V74104": {
        "id": "V74104",
        "indicator": "F",
        "type": "ASK-QUESTION",
        "word": "ASK",
        "roles": {
          "AGENT": "#V74087",
          "FORMAL": "#V74261",
          "TENSE": "PAST",
          "LEX": "ASKED",
          "WNSENSE": "ask%2:32:02::"
        },
        "start": 0,
        "end": 47
      },
      "V74087": {
        "id": "V74087",
        "indicator": "PRO",
        "type": "PERSON",
        "word": "I",
        "roles": {
          "PROFORM": "I",
          "LEX": "I",
          "WNSENSE": "person%1:03:00",
          "COREF": "USER"
        },
        "start": 0,
        "end": 2
      },
      "V74261": {
        "id": "V74261",
        "indicator": "F",
        "type": "CLAUSE-CONDITION",
        "word": "IF",
        "roles": {
          "CONTENT": "#V74159",
          "LEX": "KISS",
          "WNSENSE": "kiss%2:35:00::"
        },
        "start": 8,
        "end": 47
      },
      "V74159": {
        "id": "V74159",
        "indicator": "F",
        "type": "KISSING",
        "word": "KISS",
        "roles": {
          "AGENT": "#V74136",
          "AFFECTED": "#V74176",
          "TENSE": "PRES",
          "MODALITY": "(:* CONDITIONAL COULD)",
          "LEX": "KISS",
          "WNSENSE": "kiss%2:35:00::"
        },
        "start": 11,
        "end": 47
      },
      "V74136": {
        "id": "V74136",
        "indicator": "PRO",
        "type": "PERSON",
        "word": "I",
        "roles": {
          "PROFORM": "I",
          "LEX": "I",
          "WNSENSE": "person%1:03:00",
          "COREF": "USER"
        },
        "start": 11,
        "end": 13
      },
      "V74176": {
        "id": "V74176",
        "indicator": "THE",
        "type": "REFERENTIAL-SEM",
        "word": "ONE",
        "roles": {
          "ASSOC-POSS": "#V74167",
          "MOD": "#V74186",
          "LEX": "ONE",
          "WNSENSE": "entity%1:03:00"
        },
        "start": 24,
        "end": 47
      },
      "V74167": {
        "id": "V74167",
        "indicator": "PRO",
        "type": "FEMALE-PERSON",
        "word": "HER",
        "roles": {
          "LEX": "HER",
          "PROFORM": "HER",
          "WNSENSE": "woman%1:18:00"
        },
        "start": 24,
        "end": 47
      },
      "V74186": {
        "id": "V74186",
        "indicator": "F",
        "type": "ANSWER",
        "word": "RESPOND",
        "roles": {
          "AGENT": "#V74182",
          "AGENT1": "#V74176",
          "TENSE": "PRES",
          "LEX": "RESPONDS",
          "WNSENSE": "respond%2:32:00::"
        },
        "start": 33,
        "end": 47
      },
      "V74182": {
        "id": "V74182",
        "indicator": "BARE",
        "type": "MALE-PERSON",
        "word": "MAN",
        "roles": {
          "LEX": "MAN",
          "WNSENSE": "man%1:18:00::"
        },
        "start": 33,
        "end": 37
      },
      "root": "#V85693"
    }
  ],
  "inputtags": [],
  "debug": [
    "*last-utt-id*=NIL  utt-id+10",
    "*last-utt-id*=10  utt-id+NIL"
  ]
}
