{
  "parse": [
    {
      "V1274659": {
        "id": "V1274659",
        "indicator": "SPEECHACT",
        "type": "SA_TELL",
        "word": null,
        "roles": {
          "PUNCTYPE": "DECL",
          "CONTENT": "#V1273093",
          "MOD": "#V1273006",
          "LEX": "NEED"
        },
        "start": 0,
        "end": 51
      },
      "V1273006": {
        "id": "V1273006",
        "indicator": "F",
        "type": "CONJUNCT",
        "word": "SO",
        "roles": {
          "FIGURE": "#V1274659",
          "LEX": "SO",
          "WNSENSE": "so%4:02:02::"
        },
        "start": 0,
        "end": 3
      },
      "V1273093": {
        "id": "V1273093",
        "indicator": "F",
        "type": "NECESSITY",
        "word": "NEED",
        "roles": {
          "NEUTRAL": "#V1274655",
          "FORMAL": "#V1273153",
          "TENSE": "PRES",
          "LEX": "NEED",
          "WNSENSE": "need%2:42:00::"
        },
        "start": 3,
        "end": 51
      },
      "V1274655": {
        "id": "V1274655",
        "indicator": "THE",
        "type": "QUANTITY-ABSTR",
        "word": null,
        "roles": {
          "FIGURE": "#V1273245"
        },
        "start": 3,
        "end": 30
      },
      "V1273245": {
        "id": "V1273245",
        "indicator": "INDEF-SET",
        "type": "MALE-PERSON",
        "word": "MAN",
        "roles": {
          "REFSET": "#V1273081",
          "SIZE": "UNIVERSAL",
          "LEX": "MEN",
          "WNSENSE": "man%1:18:00::"
        },
        "start": 3,
        "end": 30
      },
      "V1273081": {
        "id": "V1273081",
        "indicator": "THE-SET",
        "type": "MALE-PERSON",
        "word": "MAN",
        "roles": {
          "PROFORM": "THESE",
          "MOD": "#V1273195",
          "LEX": "MEN",
          "WNSENSE": "man%1:18:00::"
        },
        "start": 7,
        "end": 30
      },
      "V1273195": {
        "id": "V1273195",
        "indicator": "F",
        "type": "STATE-RESULTING-FROM",
        "word": null,
        "roles": {
          "FIGURE": "#V1273081",
          "GROUND": "#V1273072",
          "DEGREE": "#V1273052",
          "LEX": "CALLED"
        },
        "start": 16,
        "end": 26
      },
      "V1273072": {
        "id": "V1273072",
        "indicator": "F",
        "type": "ESTABLISH-COMMUNICATION",
        "word": "CALL",
        "roles": {
          "AGENT1": "#V1273081",
          "WNSENSE": "call%2:32:01::"
        },
        "start": 16,
        "end": 26
      },
      "V1273052": {
        "id": "V1273052",
        "indicator": "F",
        "type": "DEGREE-MODIFIER-HIGH",
        "word": "SO",
        "roles": {
          "FIGURE": "#V1273195",
          "LEX": "SO",
          "WNSENSE": "so%4:02:02::"
        },
        "start": 16,
        "end": 19
      },
      "V1273153": {
        "id": "V1273153",
        "indicator": "F",
        "type": "LANGUAGE-ADJUST",
        "word": "CASTRATED",
        "roles": {
          "FORMAL": "#V1274655",
          "VFORM": "BASE",
          "PASSIVE": "+",
          "LEX": "CASTRATED",
          "WNSENSE": "abbreviate%2:30:01"
        },
        "start": 35,
        "end": 51
      },
      "root": "#V1274659"
    }
  ],
  "inputtags": [],
  "debug": [
    "*last-utt-id*=NIL  utt-id+246",
    "*last-utt-id*=246  utt-id+NIL"
  ]
}
