{
  "parse": [
    {
      "V857997": {
        "id": "V857997",
        "indicator": "SPEECHACT",
        "type": "SA_TELL",
        "word": null,
        "roles": {
          "PUNCTYPE": "DECL",
          "CONTENT": "#V857801",
          "LEX": "REMEMBER"
        },
        "start": 0,
        "end": 25
      },
      "V857801": {
        "id": "V857801",
        "indicator": "F",
        "type": "REMEMBER",
        "word": "REMEMBER",
        "roles": {
          "AGENT": "#V857786",
          "FORMAL": "#V857810",
          "MOD": "#V857817",
          "TENSE": "PRES",
          "LEX": "REMEMBER",
          "WNSENSE": "remember%2:31:00::"
        },
        "start": 0,
        "end": 25
      },
      "V857786": {
        "id": "V857786",
        "indicator": "PRO",
        "type": "PERSON",
        "word": "I",
        "roles": {
          "PROFORM": "I",
          "LEX": "I",
          "WNSENSE": "person%1:03:00",
          "COREF": "USER"
        },
        "start": 0,
        "end": 2
      },
      "V857810": {
        "id": "V857810",
        "indicator": "PRO",
        "type": "REFERENTIAL-SEM",
        "word": "IT",
        "roles": {
          "PROFORM": "IT",
          "LEX": "IT",
          "WNSENSE": "entity%1:03:00"
        },
        "start": 11,
        "end": 14
      },
      "V857817": {
        "id": "V857817",
        "indicator": "F",
        "type": "PREDICATE",
        "word": "DISTINCTLY",
        "roles": {
          "FIGURE": "#V857801",
          "LEX": "DISTINCTLY",
          "WNSENSE": "distinctly%4:02:00::"
        },
        "start": 14,
        "end": 25
      },
      "root": "#V857997"
    }
  ],
  "inputtags": [],
  "debug": [
    "*last-utt-id*=NIL  utt-id+148",
    "*last-utt-id*=148  utt-id+NIL"
  ]
}
