{
  "parse": [
    {
      "V332741": {
        "id": "V332741",
        "indicator": "SPEECHACT",
        "type": "SA_IDENTIFY",
        "word": null,
        "roles": {
          "PUNCTYPE": "DECL",
          "CONTENT": "#V332072",
          "LEX": "TIMES"
        },
        "start": 0,
        "end": 23
      },
      "V332072": {
        "id": "V332072",
        "indicator": "INDEF-SET",
        "type": "TIME-OBJECT",
        "word": "TIME",
        "roles": {
          "SIZE": "#V332060",
          "SCALE": "TIME-LOC-SCALE",
          "MOD": "#V332114",
          "LEX": "TIMES"
        },
        "start": 0,
        "end": 23
      },
      "V332060": {
        "id": "V332060",
        "indicator": "A",
        "type": "NUMBER",
        "word": null,
        "roles": {
          "VALUE": "BOTH"
        },
        "start": 0,
        "end": 5
      },
      "V332114": {
        "id": "V332114",
        "indicator": "F",
        "type": "HAVE-PROPERTY",
        "word": "BE",
        "roles": {
          "NEUTRAL": "#V332098",
          "FORMAL": "#V332127",
          "TENSE": "PAST",
          "LEX": "WAS",
          "WNSENSE": "be%2:42:03::"
        },
        "start": 11,
        "end": 23
      },
      "V332098": {
        "id": "V332098",
        "indicator": "PRO",
        "type": "PERSON",
        "word": "I",
        "roles": {
          "PROFORM": "I",
          "LEX": "I",
          "WNSENSE": "person%1:03:00",
          "COREF": "USER"
        },
        "start": 11,
        "end": 13
      },
      "V332127": {
        "id": "V332127",
        "indicator": "F",
        "type": "LUCKY",
        "word": "LUCKY",
        "roles": {
          "ORIENTATION": "POS",
          "FIGURE": "#V332098",
          "SCALE": "LUCKINESS-SCALE",
          "LEX": "LUCKY",
          "WNSENSE": "lucky%5:00:00:fortunate:00"
        },
        "start": 17,
        "end": 23
      },
      "root": "#V332741"
    }
  ],
  "inputtags": [],
  "debug": [
    "*last-utt-id*=NIL  utt-id+52",
    "*last-utt-id*=52  utt-id+NIL"
  ]
}
