{
  "parse": [
    {
      "V1942281": {
        "id": "V1942281",
        "indicator": "SPEECHACT",
        "type": "SA_TELL",
        "word": null,
        "roles": {
          "PUNCTYPE": "DECL",
          "CONTENT": "#V1941741",
          "LEX": "FORCED"
        },
        "start": 0,
        "end": 46
      },
      "V1941741": {
        "id": "V1941741",
        "indicator": "F",
        "type": "PROVOKE",
        "word": "FORCE",
        "roles": {
          "AGENT": "#V1942247",
          "AFFECTED": "#V1941746",
          "LOCATION": "#V1941755",
          "TENSE": "PAST",
          "LEX": "FORCED",
          "WNSENSE": "force%2:41:00::"
        },
        "start": 0,
        "end": 46
      },
      "V1942247": {
        "id": "V1942247",
        "indicator": "THE",
        "type": "QUANTITY-ABSTR",
        "word": null,
        "roles": {
          "FIGURE": "#V1941694"
        },
        "start": 0,
        "end": 25
      },
      "V1941694": {
        "id": "V1941694",
        "indicator": "THE",
        "type": "FRIEND",
        "word": "BOYFRIEND",
        "roles": {
          "ASSOC-POSS": "#V1941691",
          "TIME": "#V1941701",
          "LEX": "BOYFRIEND",
          "WNSENSE": "friend%1:18:00"
        },
        "start": 0,
        "end": 25
      },
      "V1941691": {
        "id": "V1941691",
        "indicator": "PRO",
        "type": "PERSON",
        "word": "MY",
        "roles": {
          "LEX": "MY",
          "PROFORM": "MY",
          "WNSENSE": "person%1:03:00",
          "COREF": "USER"
        },
        "start": 0,
        "end": 25
      },
      "V1941701": {
        "id": "V1941701",
        "indicator": "F",
        "type": "TIME-CLOCK-REL",
        "word": "AT",
        "roles": {
          "GROUND": "#V1941726",
          "FIGURE": "#V1941694",
          "LEX": "AT"
        },
        "start": 13,
        "end": 25
      },
      "V1941726": {
        "id": "V1941726",
        "indicator": "THE",
        "type": "TIME-OBJECT",
        "word": "TIME",
        "roles": {
          "SCALE": "TIME-LOC-SCALE",
          "LEX": "TIME"
        },
        "start": 16,
        "end": 25
      },
      "V1941746": {
        "id": "V1941746",
        "indicator": "PRO",
        "type": "PERSON",
        "word": "HIMSELF",
        "roles": {
          "PROFORM": "HIMSELF",
          "LEX": "HIMSELF",
          "WNSENSE": "person%1:03:00",
          "COREF": "#V1942247"
        },
        "start": 32,
        "end": 40
      },
      "V1941755": {
        "id": "V1941755",
        "indicator": "F",
        "type": "ON",
        "word": "ON",
        "roles": {
          "GROUND": "#V1941776",
          "FIGURE": "#V1941741",
          "LEX": "ON"
        },
        "start": 40,
        "end": 46
      },
      "V1941776": {
        "id": "V1941776",
        "indicator": "PRO",
        "type": "PERSON",
        "word": "ME",
        "roles": {
          "PROFORM": "ME",
          "LEX": "ME",
          "WNSENSE": "person%1:03:00",
          "COREF": "USER"
        },
        "start": 43,
        "end": 46
      },
      "root": "#V1942281"
    }
  ],
  "inputtags": [],
  "debug": [
    "*last-utt-id*=NIL  utt-id+331",
    "*last-utt-id*=331  utt-id+NIL"
  ]
}
