{
  "parse": [
    {
      "V2859634": {
        "id": "V2859634",
        "indicator": "F",
        "type": "FOLLOW-SOMETHING",
        "word": "FOLLOW",
        "roles": {
          "RESULT": [
            "#V2859675",
            "#V2859650"
          ],
          "AGENT": "#V2859625",
          "NEUTRAL": "#V2859641",
          "TENSE": "PAST",
          "LEX": "FOLLOWED",
          "WNSENSE": "follow%2:38:00::"
        },
        "start": 0,
        "end": 39
      },
      "V2859625": {
        "id": "V2859625",
        "indicator": "A",
        "type": "MALE-PERSON",
        "word": "MAN",
        "roles": {
          "LEX": "MAN",
          "WNSENSE": "man%1:18:00::"
        },
        "start": 0,
        "end": 6
      },
      "V2859641": {
        "id": "V2859641",
        "indicator": "PRO",
        "type": "PERSON",
        "word": "ME",
        "roles": {
          "PROFORM": "ME",
          "LEX": "ME",
          "WNSENSE": "person%1:03:00",
          "COREF": "USER"
        },
        "start": 15,
        "end": 18
      },
      "V2859650": {
        "id": "V2859650",
        "indicator": "F",
        "type": "ON",
        "word": "ON",
        "roles": {
          "FIGURE": "#V2859634",
          "LEX": "ON"
        },
        "start": 18,
        "end": 21
      },
      "V2859675": {
        "id": "V2859675",
        "indicator": "F",
        "type": "TO-LOC",
        "word": "TO",
        "roles": {
          "GROUND": "#V2859756",
          "FIGURE": "#V2859641",
          "LEX": "TO"
        },
        "start": 21,
        "end": 39
      },
      "V2859756": {
        "id": "V2859756",
        "indicator": "A",
        "type": "LAND-VEHICLE",
        "word": "SUBWAY-TRAIN",
        "roles": {
          "LEX": "SUBWAY-TRAIN",
          "WNSENSE": "subway_train%1:06:00"
        },
        "start": 24,
        "end": 39
      },
      "root": "#V2859634"
    }
  ],
  "inputtags": [],
  "debug": [
    "*last-utt-id*=NIL  utt-id+489",
    "*last-utt-id*=489  utt-id+NIL"
  ]
}
