{
  "parse": [
    {
      "V963028": {
        "id": "V963028",
        "indicator": "SPEECHACT",
        "type": "SA_PRED-FRAGMENT",
        "word": null,
        "roles": {
          "PUNCTYPE": "DECL",
          "CONTENT": "#V961387",
          "LEX": "WHILE"
        },
        "start": 0,
        "end": 50
      },
      "V961387": {
        "id": "V961387",
        "indicator": "F",
        "type": "WHEN-WHILE",
        "word": "WHILE",
        "roles": {
          "GROUND": "#V961448",
          "FIGURE": "#V963029",
          "LEX": "WHILE"
        },
        "start": 0,
        "end": 50
      },
      "V963029": {
        "id": "V963029",
        "indicator": "IMPRO",
        "type": "ANY-SEM",
        "word": null,
        "roles": {
          "COREF": "#V961497"
        },
        "start": 0,
        "end": 50
      },
      "V961448": {
        "id": "V961448",
        "indicator": "F",
        "type": "REQUEST",
        "word": "PRAYED",
        "roles": {
          "AGENT": "#V961409",
          "FORMAL": "#V961471",
          "TENSE": "PRES",
          "LEX": "PRAYED",
          "WNSENSE": "call%2:41:04"
        },
        "start": 6,
        "end": 50
      },
      "V961409": {
        "id": "V961409",
        "indicator": "PRO",
        "type": "PERSON",
        "word": "I",
        "roles": {
          "PROFORM": "I",
          "LEX": "I",
          "WNSENSE": "person%1:03:00",
          "COREF": "USER"
        },
        "start": 6,
        "end": 8
      },
      "V961471": {
        "id": "V961471",
        "indicator": "F",
        "type": "TOUCH",
        "word": "FONDLED",
        "roles": {
          "AGENT": "#V961466",
          "AFFECTED": "#V961477",
          "LOCATION": "#V961481",
          "PROP": "+",
          "TENSE": "PAST",
          "LEX": "FONDLED",
          "WNSENSE": "touch%2:35:00"
        },
        "start": 15,
        "end": 50
      },
      "V961466": {
        "id": "V961466",
        "indicator": "PRO",
        "type": "MALE-PERSON",
        "word": "HE",
        "roles": {
          "PROFORM": "HE",
          "LEX": "HE",
          "WNSENSE": "man%1:18:00"
        },
        "start": 15,
        "end": 18
      },
      "V961477": {
        "id": "V961477",
        "indicator": "PRO",
        "type": "PERSON",
        "word": "HIMSELF",
        "roles": {
          "PROFORM": "HIMSELF",
          "LEX": "HIMSELF",
          "WNSENSE": "person%1:03:00",
          "COREF": "#V961466"
        },
        "start": 26,
        "end": 34
      },
      "V961481": {
        "id": "V961481",
        "indicator": "F",
        "type": "BELOW",
        "word": "UNDER",
        "roles": {
          "GROUND": "#V961497",
          "FIGURE": "#V961471",
          "LEX": "UNDER",
          "WNSENSE": "below%4:02:01"
        },
        "start": 34,
        "end": 50
      },
      "V961497": {
        "id": "V961497",
        "indicator": "THE",
        "type": "INFO-MEDIUM",
        "word": "SHEET",
        "roles": {
          "LEX": "SHEET",
          "WNSENSE": "sheet%1:06:04::"
        },
        "start": 40,
        "end": 50
      },
      "root": "#V963028"
    }
  ],
  "inputtags": [],
  "debug": [
    "*last-utt-id*=NIL  utt-id+151",
    "*last-utt-id*=151  utt-id+NIL"
  ]
}
