{
  "parse": [
    {
      "V660362": {
        "id": "V660362",
        "indicator": "SPEECHACT",
        "type": "SA_TELL",
        "word": null,
        "roles": {
          "PUNCTYPE": "DECL",
          "CONTENT": "#V657436",
          "LEX": "REMEMBER"
        },
        "start": 0,
        "end": 86
      },
      "V657436": {
        "id": "V657436",
        "indicator": "F",
        "type": "REMEMBER",
        "word": "REMEMBER",
        "roles": {
          "AGENT": "#V657421",
          "FORMAL": "#V658270",
          "TENSE": "PRES",
          "LEX": "REMEMBER",
          "WNSENSE": "remember%2:31:00::"
        },
        "start": 0,
        "end": 86
      },
      "V657421": {
        "id": "V657421",
        "indicator": "PRO",
        "type": "PERSON",
        "word": "I",
        "roles": {
          "PROFORM": "I",
          "LEX": "I",
          "WNSENSE": "person%1:03:00",
          "COREF": "USER"
        },
        "start": 0,
        "end": 2
      },
      "V658270": {
        "id": "V658270",
        "indicator": "BARE",
        "type": "EVENT-OF-ACTION",
        "word": null,
        "roles": {
          "OPERATOR": "AND",
          "SEQUENCE": "#V657450",
          "SEQUENCE1": "#V657487",
          "LEX": "AND"
        },
        "start": 11,
        "end": 86
      },
      "V657487": {
        "id": "V657487",
        "indicator": "F",
        "type": "MAKE-IT-SO",
        "word": "GET",
        "roles": {
          "AFFECTED": "#V657513",
          "FORMAL": "#V657524",
          "MANNER": "#V657471",
          "LEX": "GETTING",
          "WNSENSE": "get%2:30:02::"
        },
        "start": 11,
        "end": 86
      },
      "V657450": {
        "id": "V657450",
        "indicator": "F",
        "type": "ROTATE",
        "word": "TURN",
        "roles": {
          "EXTENT": "#V657710",
          "LEX": "TURNING",
          "WNSENSE": "turn%2:38:00::"
        },
        "start": 11,
        "end": 86
      },
      "V657710": {
        "id": "V657710",
        "indicator": "F",
        "type": "EXTENT-PREDICATE",
        "word": null,
        "roles": {
          "FIGURE": "#V657450",
          "GROUND": "#V657708",
          "LEX": "FOURTEEN"
        },
        "start": 20,
        "end": 23
      },
      "V657708": {
        "id": "V657708",
        "indicator": "A",
        "type": "QUANTITY-ABSTR",
        "word": null,
        "roles": {
          "AMOUNT": "#V657458",
          "LEX": "FOURTEEN"
        },
        "start": 20,
        "end": 23
      },
      "V657458": {
        "id": "V657458",
        "indicator": "A",
        "type": "NUMBER",
        "word": null,
        "roles": {
          "VALUE": "14"
        },
        "start": 20,
        "end": 23
      },
      "V657471": {
        "id": "V657471",
        "indicator": "F",
        "type": "INSTANTANEOUS-VAL",
        "word": "SUDDENLY",
        "roles": {
          "FIGURE": "#V657487",
          "SCALE": "SPEED-SCALE",
          "LEX": "SUDDENLY",
          "WNSENSE": "instantaneous%5:00:00:fast:01"
        },
        "start": 27,
        "end": 36
      },
      "V657513": {
        "id": "V657513",
        "indicator": "BARE",
        "type": "NONHUMAN-ANIMAL",
        "word": "CAT",
        "roles": {
          "LEX": "CAT",
          "WNSENSE": "cat%1:05:00::"
        },
        "start": 44,
        "end": 48
      },
      "V657524": {
        "id": "V657524",
        "indicator": "F",
        "type": "NAMING",
        "word": "CALL",
        "roles": {
          "NEUTRAL": "#V657513",
          "AGENT": "#V657567",
          "FORMAL": "#V657571",
          "VFORM": "PASSIVE",
          "LEX": "CALLED",
          "WNSENSE": "call%2:32:02::"
        },
        "start": 48,
        "end": 86
      },
      "V657567": {
        "id": "V657567",
        "indicator": "INDEF-SET",
        "type": "MALE-PERSON",
        "word": "MAN",
        "roles": {
          "MOD": "#V657560",
          "LEX": "MEN",
          "WNSENSE": "man%1:18:00::"
        },
        "start": 55,
        "end": 68
      },
      "V657560": {
        "id": "V657560",
        "indicator": "F",
        "type": "MATURE-VAL",
        "word": "ADULT",
        "roles": {
          "FIGURE": "#V657567",
          "SCALE": "DOMAIN",
          "LEX": "ADULT",
          "WNSENSE": "adult%5:00:00:mature:01"
        },
        "start": 58,
        "end": 64
      },
      "V657571": {
        "id": "V657571",
        "indicator": "BARE",
        "type": "SELF-LOCOMOTE",
        "word": "WALK",
        "roles": {
          "RESULT": "#V657582",
          "LEX": "WALKING",
          "WNSENSE": "walk%2:38:00::"
        },
        "start": 68,
        "end": 86
      },
      "V657582": {
        "id": "V657582",
        "indicator": "F",
        "type": "TO-LOC",
        "word": "TO",
        "roles": {
          "GROUND": "#V657604",
          "LEX": "TO"
        },
        "start": 76,
        "end": 86
      },
      "V657604": {
        "id": "V657604",
        "indicator": "BARE",
        "type": "ACADEMIC-INSTITUTION",
        "word": "SCHOOL",
        "roles": {
          "LEX": "SCHOOL",
          "WNSENSE": "school%1:14:00::"
        },
        "start": 79,
        "end": 86
      },
      "root": "#V660362"
    }
  ],
  "inputtags": [],
  "debug": [
    "*last-utt-id*=NIL  utt-id+116",
    "*last-utt-id*=116  utt-id+NIL"
  ]
}
