{
  "parse": [
    {
      "V2181971": {
        "id": "V2181971",
        "indicator": "SA-SEQ",
        "type": "SPEECH-ACT",
        "word": null,
        "roles": {
          "PUNCTYPE": "DECL",
          "ACT": "#V2181944",
          "ACT1": "#V2181877",
          "LEX": "NO"
        },
        "start": 0,
        "end": 12
      },
      "V2181944": {
        "id": "V2181944",
        "indicator": "SPEECHACT",
        "type": "SA_PRED-FRAGMENT",
        "word": null,
        "roles": {
          "CONTENT": "#V2181807",
          "LEX": "SCREAMED"
        },
        "start": 0,
        "end": 9
      },
      "V2181807": {
        "id": "V2181807",
        "indicator": "F",
        "type": "STATE-RESULTING-FROM",
        "word": null,
        "roles": {
          "FIGURE": "#V2181945",
          "GROUND": "#V2181745",
          "LEX": "SCREAMED"
        },
        "start": 0,
        "end": 9
      },
      "V2181745": {
        "id": "V2181745",
        "indicator": "F",
        "type": "MANNER-SAY",
        "word": "SCREAM",
        "roles": {
          "FORMAL": "#V2181945",
          "WNSENSE": "scream%2:32:01::"
        },
        "start": 0,
        "end": 9
      },
      "V2181945": {
        "id": "V2181945",
        "indicator": "IMPRO",
        "type": "ANY-SEM",
        "word": null,
        "roles": {
          "CONTEXT-REL": "UTT-FRAG"
        },
        "start": 0,
        "end": 9
      },
      "V2181877": {
        "id": "V2181877",
        "indicator": "SPEECHACT",
        "type": "SA_RESPONSE",
        "word": null,
        "roles": {
          "CONTENT": "NEG",
          "LEX": "NO"
        },
        "start": 9,
        "end": 12
      },
      "root": "#V2181971"
    }
  ],
  "inputtags": [],
  "debug": [
    "*last-utt-id*=NIL  utt-id+381",
    "*last-utt-id*=381  utt-id+381",
    "*last-utt-id*=381  utt-id+NIL"
  ]
}
