{
  "parse": [
    {
      "V510597": {
        "id": "V510597",
        "indicator": "SPEECHACT",
        "type": "SA_WH-QUESTION",
        "word": null,
        "roles": {
          "CONTENT": "#V510532",
          "FOCUS": "#V510593",
          "LEX": "WHERE"
        },
        "start": 1,
        "end": 7
      },
      "V510532": {
        "id": "V510532",
        "indicator": "F",
        "type": "AT-LOC",
        "word": "WHERE",
        "roles": {
          "GROUND": "#V510593",
          "FIGURE": "#V510598",
          "LEX": "WHERE"
        },
        "start": 1,
        "end": 7
      },
      "V510598": {
        "id": "V510598",
        "indicator": "IMPRO",
        "type": "ANY-SEM",
        "word": null,
        "roles": {},
        "start": 1,
        "end": 7
      },
      "V510593": {
        "id": "V510593",
        "indicator": "WH-TERM",
        "type": "LOCATION",
        "word": null,
        "roles": {
          "PROFORM": "WHERE",
          "SUCHTHAT": "#V510532"
        },
        "start": 1,
        "end": 7
      },
      "root": "#V510597"
    },
    {
      "V510550": {
        "id": "V510550",
        "indicator": "F",
        "type": "EXISTS",
        "word": "BE",
        "roles": {
          "TENSE": "PRES",
          "LEX": "IS",
          "WNSENSE": "be%2:42:00::"
        },
        "start": 7,
        "end": 10
      },
      "root": "#V510550"
    },
    {
      "V510597": {
        "id": "V510597",
        "indicator": "SPEECHACT",
        "type": "SA_WH-QUESTION",
        "word": null,
        "roles": {
          "CONTENT": "#V510532",
          "FOCUS": "#V510593",
          "LEX": "WHERE"
        },
        "start": 1,
        "end": 7
      },
      "V510532": {
        "id": "V510532",
        "indicator": "F",
        "type": "AT-LOC",
        "word": "WHERE",
        "roles": {
          "GROUND": "#V510593",
          "FIGURE": "#V510598",
          "LEX": "WHERE"
        },
        "start": 1,
        "end": 7
      },
      "V510598": {
        "id": "V510598",
        "indicator": "IMPRO",
        "type": "ANY-SEM",
        "word": null,
        "roles": {},
        "start": 1,
        "end": 7
      },
      "V510593": {
        "id": "V510593",
        "indicator": "WH-TERM",
        "type": "LOCATION",
        "word": null,
        "roles": {
          "PROFORM": "WHERE",
          "SUCHTHAT": "#V510532"
        },
        "start": 1,
        "end": 7
      },
      "root": "#V510597"
    },
    {
      "V510549": {
        "id": "V510549",
        "indicator": "F",
        "type": "PROPOSITION-EQUAL",
        "word": "BE",
        "roles": {
          "TENSE": "PRES",
          "LEX": "IS",
          "WNSENSE": "be%2:42:06::"
        },
        "start": 7,
        "end": 10
      },
      "root": "#V510549"
    },
    {
      "V510597": {
        "id": "V510597",
        "indicator": "SPEECHACT",
        "type": "SA_WH-QUESTION",
        "word": null,
        "roles": {
          "CONTENT": "#V510532",
          "FOCUS": "#V510593",
          "LEX": "WHERE"
        },
        "start": 1,
        "end": 7
      },
      "V510532": {
        "id": "V510532",
        "indicator": "F",
        "type": "AT-LOC",
        "word": "WHERE",
        "roles": {
          "GROUND": "#V510593",
          "FIGURE": "#V510598",
          "LEX": "WHERE"
        },
        "start": 1,
        "end": 7
      },
      "V510598": {
        "id": "V510598",
        "indicator": "IMPRO",
        "type": "ANY-SEM",
        "word": null,
        "roles": {},
        "start": 1,
        "end": 7
      },
      "V510593": {
        "id": "V510593",
        "indicator": "WH-TERM",
        "type": "LOCATION",
        "word": null,
        "roles": {
          "PROFORM": "WHERE",
          "SUCHTHAT": "#V510532"
        },
        "start": 1,
        "end": 7
      },
      "root": "#V510597"
    },
    {
      "V510548": {
        "id": "V510548",
        "indicator": "F",
        "type": "BE",
        "word": "BE",
        "roles": {
          "TENSE": "PRES",
          "LEX": "IS",
          "WNSENSE": "be%2:42:06::"
        },
        "start": 7,
        "end": 10
      },
      "root": "#V510548"
    },
    {
      "V510597": {
        "id": "V510597",
        "indicator": "SPEECHACT",
        "type": "SA_WH-QUESTION",
        "word": null,
        "roles": {
          "CONTENT": "#V510532",
          "FOCUS": "#V510593",
          "LEX": "WHERE"
        },
        "start": 1,
        "end": 7
      },
      "V510532": {
        "id": "V510532",
        "indicator": "F",
        "type": "AT-LOC",
        "word": "WHERE",
        "roles": {
          "GROUND": "#V510593",
          "FIGURE": "#V510598",
          "LEX": "WHERE"
        },
        "start": 1,
        "end": 7
      },
      "V510598": {
        "id": "V510598",
        "indicator": "IMPRO",
        "type": "ANY-SEM",
        "word": null,
        "roles": {},
        "start": 1,
        "end": 7
      },
      "V510593": {
        "id": "V510593",
        "indicator": "WH-TERM",
        "type": "LOCATION",
        "word": null,
        "roles": {
          "PROFORM": "WHERE",
          "SUCHTHAT": "#V510532"
        },
        "start": 1,
        "end": 7
      },
      "root": "#V510597"
    },
    {
      "V510547": {
        "id": "V510547",
        "indicator": "F",
        "type": "HAVE-PROPERTY",
        "word": "BE",
        "roles": {
          "TENSE": "PRES",
          "LEX": "IS",
          "WNSENSE": "be%2:42:03::"
        },
        "start": 7,
        "end": 10
      },
      "root": "#V510547"
    },
    {
      "V510597": {
        "id": "V510597",
        "indicator": "SPEECHACT",
        "type": "SA_WH-QUESTION",
        "word": null,
        "roles": {
          "CONTENT": "#V510532",
          "FOCUS": "#V510593",
          "LEX": "WHERE"
        },
        "start": 1,
        "end": 7
      },
      "V510532": {
        "id": "V510532",
        "indicator": "F",
        "type": "AT-LOC",
        "word": "WHERE",
        "roles": {
          "GROUND": "#V510593",
          "FIGURE": "#V510598",
          "LEX": "WHERE"
        },
        "start": 1,
        "end": 7
      },
      "V510598": {
        "id": "V510598",
        "indicator": "IMPRO",
        "type": "ANY-SEM",
        "word": null,
        "roles": {},
        "start": 1,
        "end": 7
      },
      "V510593": {
        "id": "V510593",
        "indicator": "WH-TERM",
        "type": "LOCATION",
        "word": null,
        "roles": {
          "PROFORM": "WHERE",
          "SUCHTHAT": "#V510532"
        },
        "start": 1,
        "end": 7
      },
      "root": "#V510597"
    },
    {
      "V510545": {
        "id": "V510545",
        "indicator": "F",
        "type": "EXPECTATION",
        "word": "BE",
        "roles": {
          "TENSE": "PRES",
          "LEX": "IS",
          "WNSENSE": "expect%2:31:00"
        },
        "start": 7,
        "end": 10
      },
      "root": "#V510545"
    },
    {
      "V510597": {
        "id": "V510597",
        "indicator": "SPEECHACT",
        "type": "SA_WH-QUESTION",
        "word": null,
        "roles": {
          "CONTENT": "#V510532",
          "FOCUS": "#V510593",
          "LEX": "WHERE"
        },
        "start": 1,
        "end": 7
      },
      "V510532": {
        "id": "V510532",
        "indicator": "F",
        "type": "AT-LOC",
        "word": "WHERE",
        "roles": {
          "GROUND": "#V510593",
          "FIGURE": "#V510598",
          "LEX": "WHERE"
        },
        "start": 1,
        "end": 7
      },
      "V510598": {
        "id": "V510598",
        "indicator": "IMPRO",
        "type": "ANY-SEM",
        "word": null,
        "roles": {},
        "start": 1,
        "end": 7
      },
      "V510593": {
        "id": "V510593",
        "indicator": "WH-TERM",
        "type": "LOCATION",
        "word": null,
        "roles": {
          "PROFORM": "WHERE",
          "SUCHTHAT": "#V510532"
        },
        "start": 1,
        "end": 7
      },
      "root": "#V510597"
    },
    {
      "V510544": {
        "id": "V510544",
        "indicator": "F",
        "type": "ELLIPSIS",
        "word": null,
        "roles": {
          "TENSE": "PRES",
          "PROGR": "+",
          "LEX": "IS"
        },
        "start": 7,
        "end": 10
      },
      "root": "#V510544"
    },
    {
      "V510597": {
        "id": "V510597",
        "indicator": "SPEECHACT",
        "type": "SA_WH-QUESTION",
        "word": null,
        "roles": {
          "CONTENT": "#V510532",
          "FOCUS": "#V510593",
          "LEX": "WHERE"
        },
        "start": 1,
        "end": 7
      },
      "V510532": {
        "id": "V510532",
        "indicator": "F",
        "type": "AT-LOC",
        "word": "WHERE",
        "roles": {
          "GROUND": "#V510593",
          "FIGURE": "#V510598",
          "LEX": "WHERE"
        },
        "start": 1,
        "end": 7
      },
      "V510598": {
        "id": "V510598",
        "indicator": "IMPRO",
        "type": "ANY-SEM",
        "word": null,
        "roles": {},
        "start": 1,
        "end": 7
      },
      "V510593": {
        "id": "V510593",
        "indicator": "WH-TERM",
        "type": "LOCATION",
        "word": null,
        "roles": {
          "PROFORM": "WHERE",
          "SUCHTHAT": "#V510532"
        },
        "start": 1,
        "end": 7
      },
      "root": "#V510597"
    },
    {
      "V510542": {
        "id": "V510542",
        "indicator": "F",
        "type": "EXISTS",
        "word": "BE",
        "roles": {
          "TENSE": "PRES",
          "LEX": "IS",
          "WNSENSE": "be%2:42:00::"
        },
        "start": 7,
        "end": 10
      },
      "root": "#V510542"
    },
    {
      "V510628": {
        "id": "V510628",
        "indicator": "SPEECHACT",
        "type": "SA_WH-QUESTION",
        "word": null,
        "roles": {
          "CONTENT": "#V510531",
          "FOCUS": "#V510531",
          "LEX": "WHERE"
        },
        "start": 1,
        "end": 7
      },
      "V510531": {
        "id": "V510531",
        "indicator": "WH-TERM",
        "type": "LOCATION",
        "word": "WHERE",
        "roles": {
          "PROFORM": "WHERE",
          "LEX": "WHERE"
        },
        "start": 1,
        "end": 7
      },
      "root": "#V510628"
    },
    {
      "V510550": {
        "id": "V510550",
        "indicator": "F",
        "type": "EXISTS",
        "word": "BE",
        "roles": {
          "TENSE": "PRES",
          "LEX": "IS",
          "WNSENSE": "be%2:42:00::"
        },
        "start": 7,
        "end": 10
      },
      "root": "#V510550"
    },
    {
      "V510628": {
        "id": "V510628",
        "indicator": "SPEECHACT",
        "type": "SA_WH-QUESTION",
        "word": null,
        "roles": {
          "CONTENT": "#V510531",
          "FOCUS": "#V510531",
          "LEX": "WHERE"
        },
        "start": 1,
        "end": 7
      },
      "V510531": {
        "id": "V510531",
        "indicator": "WH-TERM",
        "type": "LOCATION",
        "word": "WHERE",
        "roles": {
          "PROFORM": "WHERE",
          "LEX": "WHERE"
        },
        "start": 1,
        "end": 7
      },
      "root": "#V510628"
    },
    {
      "V510549": {
        "id": "V510549",
        "indicator": "F",
        "type": "PROPOSITION-EQUAL",
        "word": "BE",
        "roles": {
          "TENSE": "PRES",
          "LEX": "IS",
          "WNSENSE": "be%2:42:06::"
        },
        "start": 7,
        "end": 10
      },
      "root": "#V510549"
    },
    {
      "V510628": {
        "id": "V510628",
        "indicator": "SPEECHACT",
        "type": "SA_WH-QUESTION",
        "word": null,
        "roles": {
          "CONTENT": "#V510531",
          "FOCUS": "#V510531",
          "LEX": "WHERE"
        },
        "start": 1,
        "end": 7
      },
      "V510531": {
        "id": "V510531",
        "indicator": "WH-TERM",
        "type": "LOCATION",
        "word": "WHERE",
        "roles": {
          "PROFORM": "WHERE",
          "LEX": "WHERE"
        },
        "start": 1,
        "end": 7
      },
      "root": "#V510628"
    },
    {
      "V510548": {
        "id": "V510548",
        "indicator": "F",
        "type": "BE",
        "word": "BE",
        "roles": {
          "TENSE": "PRES",
          "LEX": "IS",
          "WNSENSE": "be%2:42:06::"
        },
        "start": 7,
        "end": 10
      },
      "root": "#V510548"
    },
    {
      "V510628": {
        "id": "V510628",
        "indicator": "SPEECHACT",
        "type": "SA_WH-QUESTION",
        "word": null,
        "roles": {
          "CONTENT": "#V510531",
          "FOCUS": "#V510531",
          "LEX": "WHERE"
        },
        "start": 1,
        "end": 7
      },
      "V510531": {
        "id": "V510531",
        "indicator": "WH-TERM",
        "type": "LOCATION",
        "word": "WHERE",
        "roles": {
          "PROFORM": "WHERE",
          "LEX": "WHERE"
        },
        "start": 1,
        "end": 7
      },
      "root": "#V510628"
    },
    {
      "V510547": {
        "id": "V510547",
        "indicator": "F",
        "type": "HAVE-PROPERTY",
        "word": "BE",
        "roles": {
          "TENSE": "PRES",
          "LEX": "IS",
          "WNSENSE": "be%2:42:03::"
        },
        "start": 7,
        "end": 10
      },
      "root": "#V510547"
    },
    {
      "V510630": {
        "id": "V510630",
        "indicator": "SPEECHACT",
        "type": "SA_WH-QUESTION",
        "word": null,
        "roles": {
          "CONTENT": "#V510625",
          "FOCUS": "#V510531",
          "LEX": "-"
        },
        "start": 1,
        "end": 7
      },
      "V510625": {
        "id": "V510625",
        "indicator": "THE",
        "type": "QUANTITY-ABSTR",
        "word": null,
        "roles": {
          "FIGURE": "#V510531"
        },
        "start": 1,
        "end": 7
      },
      "V510531": {
        "id": "V510531",
        "indicator": "WH-TERM",
        "type": "LOCATION",
        "word": "WHERE",
        "roles": {
          "PROFORM": "WHERE",
          "LEX": "WHERE"
        },
        "start": 1,
        "end": 7
      },
      "root": "#V510630"
    },
    {
      "V510550": {
        "id": "V510550",
        "indicator": "F",
        "type": "EXISTS",
        "word": "BE",
        "roles": {
          "TENSE": "PRES",
          "LEX": "IS",
          "WNSENSE": "be%2:42:00::"
        },
        "start": 7,
        "end": 10
      },
      "root": "#V510550"
    },
    {
      "V510630": {
        "id": "V510630",
        "indicator": "SPEECHACT",
        "type": "SA_WH-QUESTION",
        "word": null,
        "roles": {
          "CONTENT": "#V510625",
          "FOCUS": "#V510531",
          "LEX": "-"
        },
        "start": 1,
        "end": 7
      },
      "V510625": {
        "id": "V510625",
        "indicator": "THE",
        "type": "QUANTITY-ABSTR",
        "word": null,
        "roles": {
          "FIGURE": "#V510531"
        },
        "start": 1,
        "end": 7
      },
      "V510531": {
        "id": "V510531",
        "indicator": "WH-TERM",
        "type": "LOCATION",
        "word": "WHERE",
        "roles": {
          "PROFORM": "WHERE",
          "LEX": "WHERE"
        },
        "start": 1,
        "end": 7
      },
      "root": "#V510630"
    },
    {
      "V510549": {
        "id": "V510549",
        "indicator": "F",
        "type": "PROPOSITION-EQUAL",
        "word": "BE",
        "roles": {
          "TENSE": "PRES",
          "LEX": "IS",
          "WNSENSE": "be%2:42:06::"
        },
        "start": 7,
        "end": 10
      },
      "root": "#V510549"
    },
    {
      "V510630": {
        "id": "V510630",
        "indicator": "SPEECHACT",
        "type": "SA_WH-QUESTION",
        "word": null,
        "roles": {
          "CONTENT": "#V510625",
          "FOCUS": "#V510531",
          "LEX": "-"
        },
        "start": 1,
        "end": 7
      },
      "V510625": {
        "id": "V510625",
        "indicator": "THE",
        "type": "QUANTITY-ABSTR",
        "word": null,
        "roles": {
          "FIGURE": "#V510531"
        },
        "start": 1,
        "end": 7
      },
      "V510531": {
        "id": "V510531",
        "indicator": "WH-TERM",
        "type": "LOCATION",
        "word": "WHERE",
        "roles": {
          "PROFORM": "WHERE",
          "LEX": "WHERE"
        },
        "start": 1,
        "end": 7
      },
      "root": "#V510630"
    },
    {
      "V510548": {
        "id": "V510548",
        "indicator": "F",
        "type": "BE",
        "word": "BE",
        "roles": {
          "TENSE": "PRES",
          "LEX": "IS",
          "WNSENSE": "be%2:42:06::"
        },
        "start": 7,
        "end": 10
      },
      "root": "#V510548"
    },
    {
      "V510630": {
        "id": "V510630",
        "indicator": "SPEECHACT",
        "type": "SA_WH-QUESTION",
        "word": null,
        "roles": {
          "CONTENT": "#V510625",
          "FOCUS": "#V510531",
          "LEX": "-"
        },
        "start": 1,
        "end": 7
      },
      "V510625": {
        "id": "V510625",
        "indicator": "THE",
        "type": "QUANTITY-ABSTR",
        "word": null,
        "roles": {
          "FIGURE": "#V510531"
        },
        "start": 1,
        "end": 7
      },
      "V510531": {
        "id": "V510531",
        "indicator": "WH-TERM",
        "type": "LOCATION",
        "word": "WHERE",
        "roles": {
          "PROFORM": "WHERE",
          "LEX": "WHERE"
        },
        "start": 1,
        "end": 7
      },
      "root": "#V510630"
    },
    {
      "V510547": {
        "id": "V510547",
        "indicator": "F",
        "type": "HAVE-PROPERTY",
        "word": "BE",
        "roles": {
          "TENSE": "PRES",
          "LEX": "IS",
          "WNSENSE": "be%2:42:03::"
        },
        "start": 7,
        "end": 10
      },
      "root": "#V510547"
    },
    {
      "V510628": {
        "id": "V510628",
        "indicator": "SPEECHACT",
        "type": "SA_WH-QUESTION",
        "word": null,
        "roles": {
          "CONTENT": "#V510531",
          "FOCUS": "#V510531",
          "LEX": "WHERE"
        },
        "start": 1,
        "end": 7
      },
      "V510531": {
        "id": "V510531",
        "indicator": "WH-TERM",
        "type": "LOCATION",
        "word": "WHERE",
        "roles": {
          "PROFORM": "WHERE",
          "LEX": "WHERE"
        },
        "start": 1,
        "end": 7
      },
      "root": "#V510628"
    },
    {
      "V510545": {
        "id": "V510545",
        "indicator": "F",
        "type": "EXPECTATION",
        "word": "BE",
        "roles": {
          "TENSE": "PRES",
          "LEX": "IS",
          "WNSENSE": "expect%2:31:00"
        },
        "start": 7,
        "end": 10
      },
      "root": "#V510545"
    },
    {
      "V510628": {
        "id": "V510628",
        "indicator": "SPEECHACT",
        "type": "SA_WH-QUESTION",
        "word": null,
        "roles": {
          "CONTENT": "#V510531",
          "FOCUS": "#V510531",
          "LEX": "WHERE"
        },
        "start": 1,
        "end": 7
      },
      "V510531": {
        "id": "V510531",
        "indicator": "WH-TERM",
        "type": "LOCATION",
        "word": "WHERE",
        "roles": {
          "PROFORM": "WHERE",
          "LEX": "WHERE"
        },
        "start": 1,
        "end": 7
      },
      "root": "#V510628"
    },
    {
      "V510544": {
        "id": "V510544",
        "indicator": "F",
        "type": "ELLIPSIS",
        "word": null,
        "roles": {
          "TENSE": "PRES",
          "PROGR": "+",
          "LEX": "IS"
        },
        "start": 7,
        "end": 10
      },
      "root": "#V510544"
    },
    {
      "V510630": {
        "id": "V510630",
        "indicator": "SPEECHACT",
        "type": "SA_WH-QUESTION",
        "word": null,
        "roles": {
          "CONTENT": "#V510625",
          "FOCUS": "#V510531",
          "LEX": "-"
        },
        "start": 1,
        "end": 7
      },
      "V510625": {
        "id": "V510625",
        "indicator": "THE",
        "type": "QUANTITY-ABSTR",
        "word": null,
        "roles": {
          "FIGURE": "#V510531"
        },
        "start": 1,
        "end": 7
      },
      "V510531": {
        "id": "V510531",
        "indicator": "WH-TERM",
        "type": "LOCATION",
        "word": "WHERE",
        "roles": {
          "PROFORM": "WHERE",
          "LEX": "WHERE"
        },
        "start": 1,
        "end": 7
      },
      "root": "#V510630"
    },
    {
      "V510545": {
        "id": "V510545",
        "indicator": "F",
        "type": "EXPECTATION",
        "word": "BE",
        "roles": {
          "TENSE": "PRES",
          "LEX": "IS",
          "WNSENSE": "expect%2:31:00"
        },
        "start": 7,
        "end": 10
      },
      "root": "#V510545"
    },
    {
      "V510630": {
        "id": "V510630",
        "indicator": "SPEECHACT",
        "type": "SA_WH-QUESTION",
        "word": null,
        "roles": {
          "CONTENT": "#V510625",
          "FOCUS": "#V510531",
          "LEX": "-"
        },
        "start": 1,
        "end": 7
      },
      "V510625": {
        "id": "V510625",
        "indicator": "THE",
        "type": "QUANTITY-ABSTR",
        "word": null,
        "roles": {
          "FIGURE": "#V510531"
        },
        "start": 1,
        "end": 7
      },
      "V510531": {
        "id": "V510531",
        "indicator": "WH-TERM",
        "type": "LOCATION",
        "word": "WHERE",
        "roles": {
          "PROFORM": "WHERE",
          "LEX": "WHERE"
        },
        "start": 1,
        "end": 7
      },
      "root": "#V510630"
    },
    {
      "V510544": {
        "id": "V510544",
        "indicator": "F",
        "type": "ELLIPSIS",
        "word": null,
        "roles": {
          "TENSE": "PRES",
          "PROGR": "+",
          "LEX": "IS"
        },
        "start": 7,
        "end": 10
      },
      "root": "#V510544"
    },
    {
      "V510628": {
        "id": "V510628",
        "indicator": "SPEECHACT",
        "type": "SA_WH-QUESTION",
        "word": null,
        "roles": {
          "CONTENT": "#V510531",
          "FOCUS": "#V510531",
          "LEX": "WHERE"
        },
        "start": 1,
        "end": 7
      },
      "V510531": {
        "id": "V510531",
        "indicator": "WH-TERM",
        "type": "LOCATION",
        "word": "WHERE",
        "roles": {
          "PROFORM": "WHERE",
          "LEX": "WHERE"
        },
        "start": 1,
        "end": 7
      },
      "root": "#V510628"
    },
    {
      "V510542": {
        "id": "V510542",
        "indicator": "F",
        "type": "EXISTS",
        "word": "BE",
        "roles": {
          "TENSE": "PRES",
          "LEX": "IS",
          "WNSENSE": "be%2:42:00::"
        },
        "start": 7,
        "end": 10
      },
      "root": "#V510542"
    }
  ],
  "inputtags": [],
  "debug": [
    "*last-utt-id*=NIL  utt-id+81",
    "*last-utt-id*=81  utt-id+81",
    "*last-utt-id*=81  utt-id+NIL"
  ]
}
