{
  "parse": [
    {
      "V2113215": {
        "id": "V2113215",
        "indicator": "F",
        "type": "SAY",
        "word": "SAY",
        "roles": {
          "AGENT": "#V2113198",
          "TENSE": "PRES",
          "LEX": "SAY",
          "WNSENSE": "say%2:32:01::"
        },
        "start": 0,
        "end": 6
      },
      "V2113198": {
        "id": "V2113198",
        "indicator": "PRO",
        "type": "PERSON",
        "word": "I",
        "roles": {
          "PROFORM": "I",
          "LEX": "I",
          "WNSENSE": "person%1:03:00",
          "COREF": "USER"
        },
        "start": 0,
        "end": 2
      },
      "root": "#V2113215"
    },
    {
      "V2113250": {
        "id": "V2113250",
        "indicator": "SPEECHACT",
        "type": "SA_RESPONSE",
        "word": null,
        "roles": {
          "PUNCTYPE": "DECL",
          "CONTENT": "POS",
          "LEX": "YES"
        },
        "start": 6,
        "end": 10
      },
      "root": "#V2113250"
    },
    {
      "V2113220": {
        "id": "V2113220",
        "indicator": "F",
        "type": "LOCUTION",
        "word": "SAY",
        "roles": {
          "AGENT": "#V2113198",
          "TENSE": "PRES",
          "LEX": "SAY",
          "WNSENSE": "say%2:32:02::"
        },
        "start": 0,
        "end": 6
      },
      "V2113198": {
        "id": "V2113198",
        "indicator": "PRO",
        "type": "PERSON",
        "word": "I",
        "roles": {
          "PROFORM": "I",
          "LEX": "I",
          "WNSENSE": "person%1:03:00"
        },
        "start": 0,
        "end": 2
      },
      "root": "#V2113220"
    },
    {
      "V2113250": {
        "id": "V2113250",
        "indicator": "SPEECHACT",
        "type": "SA_RESPONSE",
        "word": null,
        "roles": {
          "PUNCTYPE": "DECL",
          "CONTENT": "POS",
          "LEX": "YES"
        },
        "start": 6,
        "end": 11
      },
      "root": "#V2113250"
    },
    {
      "V2113215": {
        "id": "V2113215",
        "indicator": "F",
        "type": "SAY",
        "word": "SAY",
        "roles": {
          "AGENT": "#V2113349",
          "TENSE": "PRES",
          "LEX": "SAY",
          "WNSENSE": "say%2:32:01::"
        },
        "start": 0,
        "end": 6
      },
      "V2113349": {
        "id": "V2113349",
        "indicator": "THE",
        "type": "SEQUENCE",
        "word": null,
        "roles": {
          "NAME-OF": "(I)",
          "VAL": "(I)",
          "LEX": "I"
        },
        "start": 0,
        "end": 2
      },
      "root": "#V2113215"
    },
    {
      "V2113250": {
        "id": "V2113250",
        "indicator": "SPEECHACT",
        "type": "SA_RESPONSE",
        "word": null,
        "roles": {
          "PUNCTYPE": "DECL",
          "CONTENT": "POS",
          "LEX": "YES"
        },
        "start": 6,
        "end": 11
      },
      "root": "#V2113250"
    },
    {
      "V2113218": {
        "id": "V2113218",
        "indicator": "F",
        "type": "ENCODES-MESSAGE",
        "word": "SAY",
        "roles": {
          "NEUTRAL": "#V2113349",
          "TENSE": "PRES",
          "LEX": "SAY",
          "WNSENSE": "say%2:42:00::"
        },
        "start": 0,
        "end": 6
      },
      "V2113349": {
        "id": "V2113349",
        "indicator": "THE",
        "type": "SEQUENCE",
        "word": null,
        "roles": {
          "NAME-OF": "(I)",
          "VAL": "(I)",
          "LEX": "I"
        },
        "start": 0,
        "end": 2
      },
      "root": "#V2113218"
    },
    {
      "V2113250": {
        "id": "V2113250",
        "indicator": "SPEECHACT",
        "type": "SA_RESPONSE",
        "word": null,
        "roles": {
          "PUNCTYPE": "DECL",
          "CONTENT": "POS",
          "LEX": "YES"
        },
        "start": 6,
        "end": 11
      },
      "root": "#V2113250"
    },
    {
      "V2113220": {
        "id": "V2113220",
        "indicator": "F",
        "type": "LOCUTION",
        "word": "SAY",
        "roles": {
          "AGENT": "#V2113349",
          "TENSE": "PRES",
          "LEX": "SAY",
          "WNSENSE": "say%2:32:02::"
        },
        "start": 0,
        "end": 6
      },
      "V2113349": {
        "id": "V2113349",
        "indicator": "THE",
        "type": "SEQUENCE",
        "word": null,
        "roles": {
          "NAME-OF": "(I)",
          "VAL": "(I)",
          "LEX": "I"
        },
        "start": 0,
        "end": 2
      },
      "root": "#V2113220"
    },
    {
      "V2113250": {
        "id": "V2113250",
        "indicator": "SPEECHACT",
        "type": "SA_RESPONSE",
        "word": null,
        "roles": {
          "PUNCTYPE": "DECL",
          "CONTENT": "POS",
          "LEX": "YES"
        },
        "start": 6,
        "end": 11
      },
      "root": "#V2113250"
    },
    {
      "V2113218": {
        "id": "V2113218",
        "indicator": "F",
        "type": "ENCODES-MESSAGE",
        "word": "SAY",
        "roles": {
          "NEUTRAL": "#V2113198",
          "TENSE": "PRES",
          "LEX": "SAY",
          "WNSENSE": "say%2:42:00::"
        },
        "start": 0,
        "end": 6
      },
      "V2113198": {
        "id": "V2113198",
        "indicator": "PRO",
        "type": "PERSON",
        "word": "I",
        "roles": {
          "PROFORM": "I",
          "LEX": "I",
          "WNSENSE": "person%1:03:00"
        },
        "start": 0,
        "end": 2
      },
      "root": "#V2113218"
    },
    {
      "V2113250": {
        "id": "V2113250",
        "indicator": "SPEECHACT",
        "type": "SA_RESPONSE",
        "word": null,
        "roles": {
          "PUNCTYPE": "DECL",
          "CONTENT": "POS",
          "LEX": "YES"
        },
        "start": 6,
        "end": 11
      },
      "root": "#V2113250"
    },
    {
      "V2113218": {
        "id": "V2113218",
        "indicator": "F",
        "type": "ENCODES-MESSAGE",
        "word": "SAY",
        "roles": {
          "NEUTRAL": "#V2113260",
          "TENSE": "PRES",
          "LEX": "SAY",
          "WNSENSE": "say%2:42:00::"
        },
        "start": 0,
        "end": 6
      },
      "V2113260": {
        "id": "V2113260",
        "indicator": "THE",
        "type": "QUANTITY-ABSTR",
        "word": null,
        "roles": {
          "FIGURE": "#V2113198"
        },
        "start": 0,
        "end": 2
      },
      "V2113198": {
        "id": "V2113198",
        "indicator": "PRO",
        "type": "PERSON",
        "word": "I",
        "roles": {
          "PROFORM": "I",
          "LEX": "I",
          "WNSENSE": "person%1:03:00"
        },
        "start": 0,
        "end": 2
      },
      "root": "#V2113218"
    },
    {
      "V2113250": {
        "id": "V2113250",
        "indicator": "SPEECHACT",
        "type": "SA_RESPONSE",
        "word": null,
        "roles": {
          "PUNCTYPE": "DECL",
          "CONTENT": "POS",
          "LEX": "YES"
        },
        "start": 6,
        "end": 11
      },
      "root": "#V2113250"
    },
    {
      "V2113218": {
        "id": "V2113218",
        "indicator": "F",
        "type": "ENCODES-MESSAGE",
        "word": "SAY",
        "roles": {
          "NEUTRAL": "#V2113382",
          "TENSE": "PRES",
          "LEX": "SAY",
          "WNSENSE": "say%2:42:00::"
        },
        "start": 0,
        "end": 6
      },
      "V2113382": {
        "id": "V2113382",
        "indicator": "THE",
        "type": "QUANTITY-ABSTR",
        "word": null,
        "roles": {
          "FIGURE": "#V2113349"
        },
        "start": 0,
        "end": 2
      },
      "V2113349": {
        "id": "V2113349",
        "indicator": "THE",
        "type": "SEQUENCE",
        "word": null,
        "roles": {
          "NAME-OF": "(I)",
          "VAL": "(I)",
          "LEX": "I"
        },
        "start": 0,
        "end": 2
      },
      "root": "#V2113218"
    },
    {
      "V2113250": {
        "id": "V2113250",
        "indicator": "SPEECHACT",
        "type": "SA_RESPONSE",
        "word": null,
        "roles": {
          "PUNCTYPE": "DECL",
          "CONTENT": "POS",
          "LEX": "YES"
        },
        "start": 6,
        "end": 11
      },
      "root": "#V2113250"
    },
    {
      "V2113215": {
        "id": "V2113215",
        "indicator": "F",
        "type": "SAY",
        "word": "SAY",
        "roles": {
          "AGENT": "#V2113198",
          "TENSE": "PRES",
          "LEX": "SAY",
          "WNSENSE": "say%2:32:01::"
        },
        "start": 0,
        "end": 6
      },
      "V2113198": {
        "id": "V2113198",
        "indicator": "PRO",
        "type": "PERSON",
        "word": "I",
        "roles": {
          "PROFORM": "I",
          "LEX": "I",
          "WNSENSE": "person%1:03:00"
        },
        "start": 0,
        "end": 2
      },
      "root": "#V2113215"
    },
    {
      "V2113250": {
        "id": "V2113250",
        "indicator": "SPEECHACT",
        "type": "SA_RESPONSE",
        "word": null,
        "roles": {
          "CONTENT": "POS",
          "LEX": "YES"
        },
        "start": 6,
        "end": 10
      },
      "root": "#V2113250"
    },
    {
      "V2113220": {
        "id": "V2113220",
        "indicator": "F",
        "type": "LOCUTION",
        "word": "SAY",
        "roles": {
          "AGENT": "#V2113198",
          "TENSE": "PRES",
          "LEX": "SAY",
          "WNSENSE": "say%2:32:02::"
        },
        "start": 0,
        "end": 6
      },
      "V2113198": {
        "id": "V2113198",
        "indicator": "PRO",
        "type": "PERSON",
        "word": "I",
        "roles": {
          "PROFORM": "I",
          "LEX": "I",
          "WNSENSE": "person%1:03:00"
        },
        "start": 0,
        "end": 2
      },
      "root": "#V2113220"
    },
    {
      "V2113250": {
        "id": "V2113250",
        "indicator": "SPEECHACT",
        "type": "SA_RESPONSE",
        "word": null,
        "roles": {
          "CONTENT": "POS",
          "LEX": "YES"
        },
        "start": 6,
        "end": 10
      },
      "root": "#V2113250"
    },
    {
      "V2113215": {
        "id": "V2113215",
        "indicator": "F",
        "type": "SAY",
        "word": "SAY",
        "roles": {
          "AGENT": "#V2113260",
          "TENSE": "PRES",
          "LEX": "SAY",
          "WNSENSE": "say%2:32:01::"
        },
        "start": 0,
        "end": 6
      },
      "V2113260": {
        "id": "V2113260",
        "indicator": "THE",
        "type": "QUANTITY-ABSTR",
        "word": null,
        "roles": {
          "FIGURE": "#V2113198"
        },
        "start": 0,
        "end": 2
      },
      "V2113198": {
        "id": "V2113198",
        "indicator": "PRO",
        "type": "PERSON",
        "word": "I",
        "roles": {
          "PROFORM": "I",
          "LEX": "I",
          "WNSENSE": "person%1:03:00"
        },
        "start": 0,
        "end": 2
      },
      "root": "#V2113215"
    },
    {
      "V2113250": {
        "id": "V2113250",
        "indicator": "SPEECHACT",
        "type": "SA_RESPONSE",
        "word": null,
        "roles": {
          "PUNCTYPE": "DECL",
          "CONTENT": "POS",
          "LEX": "YES"
        },
        "start": 6,
        "end": 11
      },
      "root": "#V2113250"
    },
    {
      "V2113220": {
        "id": "V2113220",
        "indicator": "F",
        "type": "LOCUTION",
        "word": "SAY",
        "roles": {
          "AGENT": "#V2113260",
          "TENSE": "PRES",
          "LEX": "SAY",
          "WNSENSE": "say%2:32:02::"
        },
        "start": 0,
        "end": 6
      },
      "V2113260": {
        "id": "V2113260",
        "indicator": "THE",
        "type": "QUANTITY-ABSTR",
        "word": null,
        "roles": {
          "FIGURE": "#V2113198"
        },
        "start": 0,
        "end": 2
      },
      "V2113198": {
        "id": "V2113198",
        "indicator": "PRO",
        "type": "PERSON",
        "word": "I",
        "roles": {
          "PROFORM": "I",
          "LEX": "I",
          "WNSENSE": "person%1:03:00"
        },
        "start": 0,
        "end": 2
      },
      "root": "#V2113220"
    },
    {
      "V2113250": {
        "id": "V2113250",
        "indicator": "SPEECHACT",
        "type": "SA_RESPONSE",
        "word": null,
        "roles": {
          "PUNCTYPE": "DECL",
          "CONTENT": "POS",
          "LEX": "YES"
        },
        "start": 6,
        "end": 11
      },
      "root": "#V2113250"
    },
    {
      "V2113215": {
        "id": "V2113215",
        "indicator": "F",
        "type": "SAY",
        "word": "SAY",
        "roles": {
          "AGENT": "#V2113349",
          "TENSE": "PRES",
          "LEX": "SAY",
          "WNSENSE": "say%2:32:01::"
        },
        "start": 0,
        "end": 6
      },
      "V2113349": {
        "id": "V2113349",
        "indicator": "THE",
        "type": "SEQUENCE",
        "word": null,
        "roles": {
          "NAME-OF": "(I)",
          "VAL": "(I)",
          "LEX": "I"
        },
        "start": 0,
        "end": 2
      },
      "root": "#V2113215"
    },
    {
      "V2113250": {
        "id": "V2113250",
        "indicator": "SPEECHACT",
        "type": "SA_RESPONSE",
        "word": null,
        "roles": {
          "CONTENT": "POS",
          "LEX": "YES"
        },
        "start": 6,
        "end": 10
      },
      "root": "#V2113250"
    },
    {
      "V2113218": {
        "id": "V2113218",
        "indicator": "F",
        "type": "ENCODES-MESSAGE",
        "word": "SAY",
        "roles": {
          "NEUTRAL": "#V2113349",
          "TENSE": "PRES",
          "LEX": "SAY",
          "WNSENSE": "say%2:42:00::"
        },
        "start": 0,
        "end": 6
      },
      "V2113349": {
        "id": "V2113349",
        "indicator": "THE",
        "type": "SEQUENCE",
        "word": null,
        "roles": {
          "NAME-OF": "(I)",
          "VAL": "(I)",
          "LEX": "I"
        },
        "start": 0,
        "end": 2
      },
      "root": "#V2113218"
    },
    {
      "V2113250": {
        "id": "V2113250",
        "indicator": "SPEECHACT",
        "type": "SA_RESPONSE",
        "word": null,
        "roles": {
          "CONTENT": "POS",
          "LEX": "YES"
        },
        "start": 6,
        "end": 10
      },
      "root": "#V2113250"
    },
    {
      "V2113220": {
        "id": "V2113220",
        "indicator": "F",
        "type": "LOCUTION",
        "word": "SAY",
        "roles": {
          "AGENT": "#V2113349",
          "TENSE": "PRES",
          "LEX": "SAY",
          "WNSENSE": "say%2:32:02::"
        },
        "start": 0,
        "end": 6
      },
      "V2113349": {
        "id": "V2113349",
        "indicator": "THE",
        "type": "SEQUENCE",
        "word": null,
        "roles": {
          "NAME-OF": "(I)",
          "VAL": "(I)",
          "LEX": "I"
        },
        "start": 0,
        "end": 2
      },
      "root": "#V2113220"
    },
    {
      "V2113250": {
        "id": "V2113250",
        "indicator": "SPEECHACT",
        "type": "SA_RESPONSE",
        "word": null,
        "roles": {
          "CONTENT": "POS",
          "LEX": "YES"
        },
        "start": 6,
        "end": 10
      },
      "root": "#V2113250"
    },
    {
      "V2113218": {
        "id": "V2113218",
        "indicator": "F",
        "type": "ENCODES-MESSAGE",
        "word": "SAY",
        "roles": {
          "NEUTRAL": "#V2113198",
          "TENSE": "PRES",
          "LEX": "SAY",
          "WNSENSE": "say%2:42:00::"
        },
        "start": 0,
        "end": 6
      },
      "V2113198": {
        "id": "V2113198",
        "indicator": "PRO",
        "type": "PERSON",
        "word": "I",
        "roles": {
          "PROFORM": "I",
          "LEX": "I",
          "WNSENSE": "person%1:03:00"
        },
        "start": 0,
        "end": 2
      },
      "root": "#V2113218"
    },
    {
      "V2113250": {
        "id": "V2113250",
        "indicator": "SPEECHACT",
        "type": "SA_RESPONSE",
        "word": null,
        "roles": {
          "CONTENT": "POS",
          "LEX": "YES"
        },
        "start": 6,
        "end": 10
      },
      "root": "#V2113250"
    },
    {
      "V2113218": {
        "id": "V2113218",
        "indicator": "F",
        "type": "ENCODES-MESSAGE",
        "word": "SAY",
        "roles": {
          "NEUTRAL": "#V2113260",
          "TENSE": "PRES",
          "LEX": "SAY",
          "WNSENSE": "say%2:42:00::"
        },
        "start": 0,
        "end": 6
      },
      "V2113260": {
        "id": "V2113260",
        "indicator": "THE",
        "type": "QUANTITY-ABSTR",
        "word": null,
        "roles": {
          "FIGURE": "#V2113198"
        },
        "start": 0,
        "end": 2
      },
      "V2113198": {
        "id": "V2113198",
        "indicator": "PRO",
        "type": "PERSON",
        "word": "I",
        "roles": {
          "PROFORM": "I",
          "LEX": "I",
          "WNSENSE": "person%1:03:00"
        },
        "start": 0,
        "end": 2
      },
      "root": "#V2113218"
    },
    {
      "V2113250": {
        "id": "V2113250",
        "indicator": "SPEECHACT",
        "type": "SA_RESPONSE",
        "word": null,
        "roles": {
          "CONTENT": "POS",
          "LEX": "YES"
        },
        "start": 6,
        "end": 10
      },
      "root": "#V2113250"
    },
    {
      "V2113215": {
        "id": "V2113215",
        "indicator": "F",
        "type": "SAY",
        "word": "SAY",
        "roles": {
          "AGENT": "#V2113382",
          "TENSE": "PRES",
          "LEX": "SAY",
          "WNSENSE": "say%2:32:01::"
        },
        "start": 0,
        "end": 6
      },
      "V2113382": {
        "id": "V2113382",
        "indicator": "THE",
        "type": "QUANTITY-ABSTR",
        "word": null,
        "roles": {
          "FIGURE": "#V2113349"
        },
        "start": 0,
        "end": 2
      },
      "V2113349": {
        "id": "V2113349",
        "indicator": "THE",
        "type": "SEQUENCE",
        "word": null,
        "roles": {
          "NAME-OF": "(I)",
          "VAL": "(I)",
          "LEX": "I"
        },
        "start": 0,
        "end": 2
      },
      "root": "#V2113215"
    },
    {
      "V2113250": {
        "id": "V2113250",
        "indicator": "SPEECHACT",
        "type": "SA_RESPONSE",
        "word": null,
        "roles": {
          "PUNCTYPE": "DECL",
          "CONTENT": "POS",
          "LEX": "YES"
        },
        "start": 6,
        "end": 11
      },
      "root": "#V2113250"
    },
    {
      "V2113220": {
        "id": "V2113220",
        "indicator": "F",
        "type": "LOCUTION",
        "word": "SAY",
        "roles": {
          "AGENT": "#V2113382",
          "TENSE": "PRES",
          "LEX": "SAY",
          "WNSENSE": "say%2:32:02::"
        },
        "start": 0,
        "end": 6
      },
      "V2113382": {
        "id": "V2113382",
        "indicator": "THE",
        "type": "QUANTITY-ABSTR",
        "word": null,
        "roles": {
          "FIGURE": "#V2113349"
        },
        "start": 0,
        "end": 2
      },
      "V2113349": {
        "id": "V2113349",
        "indicator": "THE",
        "type": "SEQUENCE",
        "word": null,
        "roles": {
          "NAME-OF": "(I)",
          "VAL": "(I)",
          "LEX": "I"
        },
        "start": 0,
        "end": 2
      },
      "root": "#V2113220"
    },
    {
      "V2113250": {
        "id": "V2113250",
        "indicator": "SPEECHACT",
        "type": "SA_RESPONSE",
        "word": null,
        "roles": {
          "PUNCTYPE": "DECL",
          "CONTENT": "POS",
          "LEX": "YES"
        },
        "start": 6,
        "end": 11
      },
      "root": "#V2113250"
    },
    {
      "V2113218": {
        "id": "V2113218",
        "indicator": "F",
        "type": "ENCODES-MESSAGE",
        "word": "SAY",
        "roles": {
          "NEUTRAL": "#V2113382",
          "TENSE": "PRES",
          "LEX": "SAY",
          "WNSENSE": "say%2:42:00::"
        },
        "start": 0,
        "end": 6
      },
      "V2113382": {
        "id": "V2113382",
        "indicator": "THE",
        "type": "QUANTITY-ABSTR",
        "word": null,
        "roles": {
          "FIGURE": "#V2113349"
        },
        "start": 0,
        "end": 2
      },
      "V2113349": {
        "id": "V2113349",
        "indicator": "THE",
        "type": "SEQUENCE",
        "word": null,
        "roles": {
          "NAME-OF": "(I)",
          "VAL": "(I)",
          "LEX": "I"
        },
        "start": 0,
        "end": 2
      },
      "root": "#V2113218"
    },
    {
      "V2113250": {
        "id": "V2113250",
        "indicator": "SPEECHACT",
        "type": "SA_RESPONSE",
        "word": null,
        "roles": {
          "CONTENT": "POS",
          "LEX": "YES"
        },
        "start": 6,
        "end": 10
      },
      "root": "#V2113250"
    }
  ],
  "inputtags": [],
  "debug": [
    "*last-utt-id*=NIL  utt-id+351",
    "*last-utt-id*=351  utt-id+351",
    "*last-utt-id*=351  utt-id+NIL"
  ]
}
