{
  "parse": [
    {
      "V2499629": {
        "id": "V2499629",
        "indicator": "SPEECHACT",
        "type": "SA_IDENTIFY",
        "word": null,
        "roles": {
          "CONTENT": "#V2499416",
          "LEX": "IT"
        },
        "start": 0,
        "end": 3
      },
      "V2499416": {
        "id": "V2499416",
        "indicator": "PRO",
        "type": "REFERENTIAL-SEM",
        "word": "IT",
        "roles": {
          "PROFORM": "IT",
          "LEX": "IT",
          "WNSENSE": "entity%1:03:00"
        },
        "start": 0,
        "end": 3
      },
      "root": "#V2499629"
    },
    {
      "V2499981": {
        "id": "V2499981",
        "indicator": "SPEECHACT",
        "type": "SA_TELL",
        "word": null,
        "roles": {
          "PUNCTYPE": "DECL",
          "CONTENT": "#V2499458",
          "LEX": "GOT"
        },
        "start": 3,
        "end": 17
      },
      "V2499458": {
        "id": "V2499458",
        "indicator": "F",
        "type": "CAUSE-EFFECT",
        "word": "GET",
        "roles": {
          "AGENT": "#V2499819",
          "FORMAL": "#V2499518",
          "TENSE": "PAST",
          "LEX": "GOT",
          "WNSENSE": "get%2:36:00::"
        },
        "start": 3,
        "end": 17
      },
      "V2499819": {
        "id": "V2499819",
        "indicator": "THE",
        "type": "QUANTITY-ABSTR",
        "word": null,
        "roles": {
          "FIGURE": "#V2499422"
        },
        "start": 3,
        "end": 5
      },
      "V2499422": {
        "id": "V2499422",
        "indicator": "A",
        "type": "QUANTITY-ABSTR",
        "word": null,
        "roles": {
          "SCALE": "DURATION-SCALE",
          "UNIT": "(:* TIME-UNIT SECOND)",
          "AMOUNT": "PLURAL",
          "LEX": "S",
          "WNSENSE": "time_unit%1:28:00"
        },
        "start": 3,
        "end": 5
      },
      "V2499518": {
        "id": "V2499518",
        "indicator": "F",
        "type": "STOP",
        "word": "STOP",
        "roles": {
          "AFFECTED": "#V2499819",
          "VFORM": "BASE",
          "LEX": "STOP",
          "WNSENSE": "stop%2:38:00::"
        },
        "start": 9,
        "end": 17
      },
      "root": "#V2499981"
    },
    {
      "V2499629": {
        "id": "V2499629",
        "indicator": "SPEECHACT",
        "type": "SA_IDENTIFY",
        "word": null,
        "roles": {
          "CONTENT": "#V2499416",
          "LEX": "IT"
        },
        "start": 0,
        "end": 3
      },
      "V2499416": {
        "id": "V2499416",
        "indicator": "PRO",
        "type": "REFERENTIAL-SEM",
        "word": "IT",
        "roles": {
          "PROFORM": "IT",
          "LEX": "IT",
          "WNSENSE": "entity%1:03:00"
        },
        "start": 0,
        "end": 3
      },
      "root": "#V2499629"
    },
    {
      "V2499977": {
        "id": "V2499977",
        "indicator": "SPEECHACT",
        "type": "SA_TELL",
        "word": null,
        "roles": {
          "PUNCTYPE": "DECL",
          "CONTENT": "#V2499458",
          "LEX": "GOT"
        },
        "start": 3,
        "end": 18
      },
      "V2499458": {
        "id": "V2499458",
        "indicator": "F",
        "type": "CAUSE-EFFECT",
        "word": "GET",
        "roles": {
          "AGENT": "#V2499811",
          "FORMAL": "#V2499518",
          "TENSE": "PAST",
          "LEX": "GOT",
          "WNSENSE": "get%2:36:00::"
        },
        "start": 3,
        "end": 17
      },
      "V2499811": {
        "id": "V2499811",
        "indicator": "THE",
        "type": "QUANTITY-ABSTR",
        "word": null,
        "roles": {
          "FIGURE": "#V2499422"
        },
        "start": 3,
        "end": 5
      },
      "V2499422": {
        "id": "V2499422",
        "indicator": "A",
        "type": "QUANTITY-ABSTR",
        "word": null,
        "roles": {
          "SCALE": "DURATION-SCALE",
          "UNIT": "(:* TIME-UNIT SECOND)",
          "AMOUNT": "PLURAL",
          "LEX": "S",
          "WNSENSE": "time_unit%1:28:00"
        },
        "start": 3,
        "end": 5
      },
      "V2499518": {
        "id": "V2499518",
        "indicator": "F",
        "type": "STOP",
        "word": "STOP",
        "roles": {
          "AFFECTED": "#V2499811",
          "VFORM": "BASE",
          "LEX": "STOP",
          "WNSENSE": "stop%2:38:00::"
        },
        "start": 9,
        "end": 17
      },
      "root": "#V2499977"
    },
    {
      "V2499629": {
        "id": "V2499629",
        "indicator": "SPEECHACT",
        "type": "SA_IDENTIFY",
        "word": null,
        "roles": {
          "CONTENT": "#V2499416",
          "LEX": "IT"
        },
        "start": 0,
        "end": 3
      },
      "V2499416": {
        "id": "V2499416",
        "indicator": "PRO",
        "type": "REFERENTIAL-SEM",
        "word": "IT",
        "roles": {
          "PROFORM": "IT",
          "LEX": "IT",
          "WNSENSE": "entity%1:03:00"
        },
        "start": 0,
        "end": 3
      },
      "root": "#V2499629"
    },
    {
      "V2500077": {
        "id": "V2500077",
        "indicator": "SPEECHACT",
        "type": "SA_TELL",
        "word": null,
        "roles": {
          "PUNCTYPE": "DECL",
          "CONTENT": "#V2499458",
          "LEX": "GOT"
        },
        "start": 3,
        "end": 18
      },
      "V2499458": {
        "id": "V2499458",
        "indicator": "F",
        "type": "CAUSE-EFFECT",
        "word": "GET",
        "roles": {
          "AGENT": "#V2499421",
          "FORMAL": "#V2499518",
          "TENSE": "PAST",
          "LEX": "GOT",
          "WNSENSE": "get%2:36:00::"
        },
        "start": 3,
        "end": 17
      },
      "V2499421": {
        "id": "V2499421",
        "indicator": "THE",
        "type": "LETTER-SYMBOL",
        "word": null,
        "roles": {
          "NAME-OF": "S",
          "LEX": "S",
          "WNSENSE": "s%1:10:00::"
        },
        "start": 3,
        "end": 5
      },
      "V2499518": {
        "id": "V2499518",
        "indicator": "F",
        "type": "STOP",
        "word": "STOP",
        "roles": {
          "AFFECTED": "#V2499421",
          "VFORM": "BASE",
          "LEX": "STOP",
          "WNSENSE": "stop%2:38:00::"
        },
        "start": 9,
        "end": 17
      },
      "root": "#V2500077"
    },
    {
      "V2499675": {
        "id": "V2499675",
        "indicator": "SPEECHACT",
        "type": "SA_IDENTIFY",
        "word": null,
        "roles": {
          "CONTENT": "#V2499579",
          "LEX": "-"
        },
        "start": 0,
        "end": 3
      },
      "V2499579": {
        "id": "V2499579",
        "indicator": "THE",
        "type": "QUANTITY-ABSTR",
        "word": null,
        "roles": {
          "FIGURE": "#V2499416"
        },
        "start": 0,
        "end": 3
      },
      "V2499416": {
        "id": "V2499416",
        "indicator": "PRO",
        "type": "REFERENTIAL-SEM",
        "word": "IT",
        "roles": {
          "PROFORM": "IT",
          "LEX": "IT",
          "WNSENSE": "entity%1:03:00"
        },
        "start": 0,
        "end": 3
      },
      "root": "#V2499675"
    },
    {
      "V2499981": {
        "id": "V2499981",
        "indicator": "SPEECHACT",
        "type": "SA_TELL",
        "word": null,
        "roles": {
          "PUNCTYPE": "DECL",
          "CONTENT": "#V2499458",
          "LEX": "GOT"
        },
        "start": 3,
        "end": 18
      },
      "V2499458": {
        "id": "V2499458",
        "indicator": "F",
        "type": "CAUSE-EFFECT",
        "word": "GET",
        "roles": {
          "AGENT": "#V2499819",
          "FORMAL": "#V2499518",
          "TENSE": "PAST",
          "LEX": "GOT",
          "WNSENSE": "get%2:36:00::"
        },
        "start": 3,
        "end": 17
      },
      "V2499819": {
        "id": "V2499819",
        "indicator": "THE",
        "type": "QUANTITY-ABSTR",
        "word": null,
        "roles": {
          "FIGURE": "#V2499422"
        },
        "start": 3,
        "end": 5
      },
      "V2499422": {
        "id": "V2499422",
        "indicator": "A",
        "type": "QUANTITY-ABSTR",
        "word": null,
        "roles": {
          "SCALE": "DURATION-SCALE",
          "UNIT": "(:* TIME-UNIT SECOND)",
          "AMOUNT": "PLURAL",
          "LEX": "S",
          "WNSENSE": "time_unit%1:28:00"
        },
        "start": 3,
        "end": 5
      },
      "V2499518": {
        "id": "V2499518",
        "indicator": "F",
        "type": "STOP",
        "word": "STOP",
        "roles": {
          "AFFECTED": "#V2499819",
          "VFORM": "BASE",
          "LEX": "STOP",
          "WNSENSE": "stop%2:38:00::"
        },
        "start": 9,
        "end": 17
      },
      "root": "#V2499981"
    },
    {
      "V2499675": {
        "id": "V2499675",
        "indicator": "SPEECHACT",
        "type": "SA_IDENTIFY",
        "word": null,
        "roles": {
          "CONTENT": "#V2499579",
          "LEX": "-"
        },
        "start": 0,
        "end": 3
      },
      "V2499579": {
        "id": "V2499579",
        "indicator": "THE",
        "type": "QUANTITY-ABSTR",
        "word": null,
        "roles": {
          "FIGURE": "#V2499416"
        },
        "start": 0,
        "end": 3
      },
      "V2499416": {
        "id": "V2499416",
        "indicator": "PRO",
        "type": "REFERENTIAL-SEM",
        "word": "IT",
        "roles": {
          "PROFORM": "IT",
          "LEX": "IT",
          "WNSENSE": "entity%1:03:00"
        },
        "start": 0,
        "end": 3
      },
      "root": "#V2499675"
    },
    {
      "V2499977": {
        "id": "V2499977",
        "indicator": "SPEECHACT",
        "type": "SA_TELL",
        "word": null,
        "roles": {
          "PUNCTYPE": "DECL",
          "CONTENT": "#V2499458",
          "LEX": "GOT"
        },
        "start": 3,
        "end": 18
      },
      "V2499458": {
        "id": "V2499458",
        "indicator": "F",
        "type": "CAUSE-EFFECT",
        "word": "GET",
        "roles": {
          "AGENT": "#V2499811",
          "FORMAL": "#V2499518",
          "TENSE": "PAST",
          "LEX": "GOT",
          "WNSENSE": "get%2:36:00::"
        },
        "start": 3,
        "end": 17
      },
      "V2499811": {
        "id": "V2499811",
        "indicator": "THE",
        "type": "QUANTITY-ABSTR",
        "word": null,
        "roles": {
          "FIGURE": "#V2499422"
        },
        "start": 3,
        "end": 5
      },
      "V2499422": {
        "id": "V2499422",
        "indicator": "A",
        "type": "QUANTITY-ABSTR",
        "word": null,
        "roles": {
          "SCALE": "DURATION-SCALE",
          "UNIT": "(:* TIME-UNIT SECOND)",
          "AMOUNT": "PLURAL",
          "LEX": "S",
          "WNSENSE": "time_unit%1:28:00"
        },
        "start": 3,
        "end": 5
      },
      "V2499518": {
        "id": "V2499518",
        "indicator": "F",
        "type": "STOP",
        "word": "STOP",
        "roles": {
          "AFFECTED": "#V2499811",
          "VFORM": "BASE",
          "LEX": "STOP",
          "WNSENSE": "stop%2:38:00::"
        },
        "start": 9,
        "end": 17
      },
      "root": "#V2499977"
    },
    {
      "V2499629": {
        "id": "V2499629",
        "indicator": "SPEECHACT",
        "type": "SA_IDENTIFY",
        "word": null,
        "roles": {
          "CONTENT": "#V2499416",
          "LEX": "IT"
        },
        "start": 0,
        "end": 3
      },
      "V2499416": {
        "id": "V2499416",
        "indicator": "PRO",
        "type": "REFERENTIAL-SEM",
        "word": "IT",
        "roles": {
          "PROFORM": "IT",
          "LEX": "IT",
          "WNSENSE": "entity%1:03:00"
        },
        "start": 0,
        "end": 3
      },
      "root": "#V2499629"
    },
    {
      "V2500339": {
        "id": "V2500339",
        "indicator": "SPEECHACT",
        "type": "SA_TELL",
        "word": null,
        "roles": {
          "PUNCTYPE": "DECL",
          "CONTENT": "#V2499458",
          "LEX": "GOT"
        },
        "start": 3,
        "end": 18
      },
      "V2499458": {
        "id": "V2499458",
        "indicator": "F",
        "type": "CAUSE-EFFECT",
        "word": "GET",
        "roles": {
          "AGENT": "#V2500057",
          "FORMAL": "#V2499518",
          "TENSE": "PAST",
          "LEX": "GOT",
          "WNSENSE": "get%2:36:00::"
        },
        "start": 3,
        "end": 17
      },
      "V2500057": {
        "id": "V2500057",
        "indicator": "THE",
        "type": "QUANTITY-ABSTR",
        "word": null,
        "roles": {
          "FIGURE": "#V2499421"
        },
        "start": 3,
        "end": 5
      },
      "V2499421": {
        "id": "V2499421",
        "indicator": "THE",
        "type": "LETTER-SYMBOL",
        "word": null,
        "roles": {
          "NAME-OF": "S",
          "LEX": "S",
          "WNSENSE": "s%1:10:00::"
        },
        "start": 3,
        "end": 5
      },
      "V2499518": {
        "id": "V2499518",
        "indicator": "F",
        "type": "STOP",
        "word": "STOP",
        "roles": {
          "AFFECTED": "#V2500057",
          "VFORM": "BASE",
          "LEX": "STOP",
          "WNSENSE": "stop%2:38:00::"
        },
        "start": 9,
        "end": 17
      },
      "root": "#V2500339"
    },
    {
      "V2499675": {
        "id": "V2499675",
        "indicator": "SPEECHACT",
        "type": "SA_IDENTIFY",
        "word": null,
        "roles": {
          "CONTENT": "#V2499579",
          "LEX": "-"
        },
        "start": 0,
        "end": 3
      },
      "V2499579": {
        "id": "V2499579",
        "indicator": "THE",
        "type": "QUANTITY-ABSTR",
        "word": null,
        "roles": {
          "FIGURE": "#V2499416"
        },
        "start": 0,
        "end": 3
      },
      "V2499416": {
        "id": "V2499416",
        "indicator": "PRO",
        "type": "REFERENTIAL-SEM",
        "word": "IT",
        "roles": {
          "PROFORM": "IT",
          "LEX": "IT",
          "WNSENSE": "entity%1:03:00"
        },
        "start": 0,
        "end": 3
      },
      "root": "#V2499675"
    },
    {
      "V2500077": {
        "id": "V2500077",
        "indicator": "SPEECHACT",
        "type": "SA_TELL",
        "word": null,
        "roles": {
          "PUNCTYPE": "DECL",
          "CONTENT": "#V2499458",
          "LEX": "GOT"
        },
        "start": 3,
        "end": 18
      },
      "V2499458": {
        "id": "V2499458",
        "indicator": "F",
        "type": "CAUSE-EFFECT",
        "word": "GET",
        "roles": {
          "AGENT": "#V2499421",
          "FORMAL": "#V2499518",
          "TENSE": "PAST",
          "LEX": "GOT",
          "WNSENSE": "get%2:36:00::"
        },
        "start": 3,
        "end": 17
      },
      "V2499421": {
        "id": "V2499421",
        "indicator": "THE",
        "type": "LETTER-SYMBOL",
        "word": null,
        "roles": {
          "NAME-OF": "S",
          "LEX": "S",
          "WNSENSE": "s%1:10:00::"
        },
        "start": 3,
        "end": 5
      },
      "V2499518": {
        "id": "V2499518",
        "indicator": "F",
        "type": "STOP",
        "word": "STOP",
        "roles": {
          "AFFECTED": "#V2499421",
          "VFORM": "BASE",
          "LEX": "STOP",
          "WNSENSE": "stop%2:38:00::"
        },
        "start": 9,
        "end": 17
      },
      "root": "#V2500077"
    },
    {
      "V2499629": {
        "id": "V2499629",
        "indicator": "SPEECHACT",
        "type": "SA_IDENTIFY",
        "word": null,
        "roles": {
          "CONTENT": "#V2499416",
          "LEX": "IT"
        },
        "start": 0,
        "end": 3
      },
      "V2499416": {
        "id": "V2499416",
        "indicator": "PRO",
        "type": "REFERENTIAL-SEM",
        "word": "IT",
        "roles": {
          "PROFORM": "IT",
          "LEX": "IT",
          "WNSENSE": "entity%1:03:00"
        },
        "start": 0,
        "end": 3
      },
      "root": "#V2499629"
    },
    {
      "V2500467": {
        "id": "V2500467",
        "indicator": "SPEECHACT",
        "type": "SA_TELL",
        "word": null,
        "roles": {
          "PUNCTYPE": "DECL",
          "CONTENT": "#V2499458",
          "LEX": "GOT"
        },
        "start": 3,
        "end": 18
      },
      "V2499458": {
        "id": "V2499458",
        "indicator": "F",
        "type": "CAUSE-EFFECT",
        "word": "GET",
        "roles": {
          "AGENT": "#V2499823",
          "FORMAL": "#V2499518",
          "TENSE": "PAST",
          "LEX": "GOT",
          "WNSENSE": "get%2:36:00::"
        },
        "start": 3,
        "end": 17
      },
      "V2499823": {
        "id": "V2499823",
        "indicator": "A",
        "type": "REFERENTIAL-SEM",
        "word": null,
        "roles": {
          "SIZE": "#V2499422",
          "LEX": "S"
        },
        "start": 3,
        "end": 5
      },
      "V2499422": {
        "id": "V2499422",
        "indicator": "A",
        "type": "QUANTITY-ABSTR",
        "word": null,
        "roles": {
          "SCALE": "DURATION-SCALE",
          "UNIT": "(:* TIME-UNIT SECOND)",
          "AMOUNT": "PLURAL",
          "LEX": "S",
          "WNSENSE": "time_unit%1:28:00"
        },
        "start": 3,
        "end": 5
      },
      "V2499518": {
        "id": "V2499518",
        "indicator": "F",
        "type": "STOP",
        "word": "STOP",
        "roles": {
          "AFFECTED": "#V2499823",
          "VFORM": "BASE",
          "LEX": "STOP",
          "WNSENSE": "stop%2:38:00::"
        },
        "start": 9,
        "end": 17
      },
      "root": "#V2500467"
    },
    {
      "V2499629": {
        "id": "V2499629",
        "indicator": "SPEECHACT",
        "type": "SA_IDENTIFY",
        "word": null,
        "roles": {
          "CONTENT": "#V2499416",
          "LEX": "IT"
        },
        "start": 0,
        "end": 3
      },
      "V2499416": {
        "id": "V2499416",
        "indicator": "PRO",
        "type": "REFERENTIAL-SEM",
        "word": "IT",
        "roles": {
          "PROFORM": "IT",
          "LEX": "IT",
          "WNSENSE": "entity%1:03:00"
        },
        "start": 0,
        "end": 3
      },
      "root": "#V2499629"
    },
    {
      "V2500453": {
        "id": "V2500453",
        "indicator": "SPEECHACT",
        "type": "SA_TELL",
        "word": null,
        "roles": {
          "PUNCTYPE": "DECL",
          "CONTENT": "#V2499458",
          "LEX": "GOT"
        },
        "start": 3,
        "end": 18
      },
      "V2499458": {
        "id": "V2499458",
        "indicator": "F",
        "type": "CAUSE-EFFECT",
        "word": "GET",
        "roles": {
          "AGENT": "#V2499815",
          "FORMAL": "#V2499518",
          "TENSE": "PAST",
          "LEX": "GOT",
          "WNSENSE": "get%2:36:00::"
        },
        "start": 3,
        "end": 17
      },
      "V2499815": {
        "id": "V2499815",
        "indicator": "A",
        "type": "REFERENTIAL-SEM",
        "word": null,
        "roles": {
          "SIZE": "#V2499422",
          "LEX": "S"
        },
        "start": 3,
        "end": 5
      },
      "V2499422": {
        "id": "V2499422",
        "indicator": "A",
        "type": "QUANTITY-ABSTR",
        "word": null,
        "roles": {
          "SCALE": "DURATION-SCALE",
          "UNIT": "(:* TIME-UNIT SECOND)",
          "AMOUNT": "PLURAL",
          "LEX": "S",
          "WNSENSE": "time_unit%1:28:00"
        },
        "start": 3,
        "end": 5
      },
      "V2499518": {
        "id": "V2499518",
        "indicator": "F",
        "type": "STOP",
        "word": "STOP",
        "roles": {
          "AFFECTED": "#V2499815",
          "VFORM": "BASE",
          "LEX": "STOP",
          "WNSENSE": "stop%2:38:00::"
        },
        "start": 9,
        "end": 17
      },
      "root": "#V2500453"
    },
    {
      "V2499629": {
        "id": "V2499629",
        "indicator": "SPEECHACT",
        "type": "SA_IDENTIFY",
        "word": null,
        "roles": {
          "CONTENT": "#V2499416",
          "LEX": "IT"
        },
        "start": 0,
        "end": 3
      },
      "V2499416": {
        "id": "V2499416",
        "indicator": "PRO",
        "type": "REFERENTIAL-SEM",
        "word": "IT",
        "roles": {
          "PROFORM": "IT",
          "LEX": "IT",
          "WNSENSE": "entity%1:03:00"
        },
        "start": 0,
        "end": 3
      },
      "root": "#V2499629"
    },
    {
      "V2500515": {
        "id": "V2500515",
        "indicator": "SPEECHACT",
        "type": "SA_TELL",
        "word": null,
        "roles": {
          "PUNCTYPE": "DECL",
          "CONTENT": "#V2499458",
          "LEX": "GOT"
        },
        "start": 3,
        "end": 18
      },
      "V2499458": {
        "id": "V2499458",
        "indicator": "F",
        "type": "CAUSE-EFFECT",
        "word": "GET",
        "roles": {
          "AGENT": "#V2499850",
          "FORMAL": "#V2499518",
          "TENSE": "PAST",
          "LEX": "GOT",
          "WNSENSE": "get%2:36:00::"
        },
        "start": 3,
        "end": 17
      },
      "V2499850": {
        "id": "V2499850",
        "indicator": "THE",
        "type": "SEQUENCE",
        "word": null,
        "roles": {
          "NAME-OF": "(S)",
          "VAL": "(S)",
          "LEX": "S"
        },
        "start": 3,
        "end": 5
      },
      "V2499518": {
        "id": "V2499518",
        "indicator": "F",
        "type": "STOP",
        "word": "STOP",
        "roles": {
          "AFFECTED": "#V2499850",
          "VFORM": "BASE",
          "LEX": "STOP",
          "WNSENSE": "stop%2:38:00::"
        },
        "start": 9,
        "end": 17
      },
      "root": "#V2500515"
    },
    {
      "V2499689": {
        "id": "V2499689",
        "indicator": "SPEECHACT",
        "type": "SA_IDENTIFY",
        "word": null,
        "roles": {
          "CONTENT": "#V2499619",
          "LEX": "-"
        },
        "start": 0,
        "end": 3
      },
      "V2499619": {
        "id": "V2499619",
        "indicator": "THE",
        "type": "QUANTITY-ABSTR",
        "word": null,
        "roles": {
          "FIGURE": "#V2499417"
        },
        "start": 0,
        "end": 3
      },
      "V2499417": {
        "id": "V2499417",
        "indicator": "PRO",
        "type": "EXPLETIVE",
        "word": null,
        "roles": {
          "PROFORM": "IT",
          "LEX": "IT"
        },
        "start": 0,
        "end": 3
      },
      "root": "#V2499689"
    },
    {
      "V2499981": {
        "id": "V2499981",
        "indicator": "SPEECHACT",
        "type": "SA_TELL",
        "word": null,
        "roles": {
          "PUNCTYPE": "DECL",
          "CONTENT": "#V2499458",
          "LEX": "GOT"
        },
        "start": 3,
        "end": 18
      },
      "V2499458": {
        "id": "V2499458",
        "indicator": "F",
        "type": "CAUSE-EFFECT",
        "word": "GET",
        "roles": {
          "AGENT": "#V2499819",
          "FORMAL": "#V2499518",
          "TENSE": "PAST",
          "LEX": "GOT",
          "WNSENSE": "get%2:36:00::"
        },
        "start": 3,
        "end": 17
      },
      "V2499819": {
        "id": "V2499819",
        "indicator": "THE",
        "type": "QUANTITY-ABSTR",
        "word": null,
        "roles": {
          "FIGURE": "#V2499422"
        },
        "start": 3,
        "end": 5
      },
      "V2499422": {
        "id": "V2499422",
        "indicator": "A",
        "type": "QUANTITY-ABSTR",
        "word": null,
        "roles": {
          "SCALE": "DURATION-SCALE",
          "UNIT": "(:* TIME-UNIT SECOND)",
          "AMOUNT": "PLURAL",
          "LEX": "S",
          "WNSENSE": "time_unit%1:28:00"
        },
        "start": 3,
        "end": 5
      },
      "V2499518": {
        "id": "V2499518",
        "indicator": "F",
        "type": "STOP",
        "word": "STOP",
        "roles": {
          "AFFECTED": "#V2499819",
          "VFORM": "BASE",
          "LEX": "STOP",
          "WNSENSE": "stop%2:38:00::"
        },
        "start": 9,
        "end": 17
      },
      "root": "#V2499981"
    },
    {
      "V2499689": {
        "id": "V2499689",
        "indicator": "SPEECHACT",
        "type": "SA_IDENTIFY",
        "word": null,
        "roles": {
          "CONTENT": "#V2499619",
          "LEX": "-"
        },
        "start": 0,
        "end": 3
      },
      "V2499619": {
        "id": "V2499619",
        "indicator": "THE",
        "type": "QUANTITY-ABSTR",
        "word": null,
        "roles": {
          "FIGURE": "#V2499417"
        },
        "start": 0,
        "end": 3
      },
      "V2499417": {
        "id": "V2499417",
        "indicator": "PRO",
        "type": "EXPLETIVE",
        "word": null,
        "roles": {
          "PROFORM": "IT",
          "LEX": "IT"
        },
        "start": 0,
        "end": 3
      },
      "root": "#V2499689"
    },
    {
      "V2499977": {
        "id": "V2499977",
        "indicator": "SPEECHACT",
        "type": "SA_TELL",
        "word": null,
        "roles": {
          "PUNCTYPE": "DECL",
          "CONTENT": "#V2499458",
          "LEX": "GOT"
        },
        "start": 3,
        "end": 18
      },
      "V2499458": {
        "id": "V2499458",
        "indicator": "F",
        "type": "CAUSE-EFFECT",
        "word": "GET",
        "roles": {
          "AGENT": "#V2499811",
          "FORMAL": "#V2499518",
          "TENSE": "PAST",
          "LEX": "GOT",
          "WNSENSE": "get%2:36:00::"
        },
        "start": 3,
        "end": 17
      },
      "V2499811": {
        "id": "V2499811",
        "indicator": "THE",
        "type": "QUANTITY-ABSTR",
        "word": null,
        "roles": {
          "FIGURE": "#V2499422"
        },
        "start": 3,
        "end": 5
      },
      "V2499422": {
        "id": "V2499422",
        "indicator": "A",
        "type": "QUANTITY-ABSTR",
        "word": null,
        "roles": {
          "SCALE": "DURATION-SCALE",
          "UNIT": "(:* TIME-UNIT SECOND)",
          "AMOUNT": "PLURAL",
          "LEX": "S",
          "WNSENSE": "time_unit%1:28:00"
        },
        "start": 3,
        "end": 5
      },
      "V2499518": {
        "id": "V2499518",
        "indicator": "F",
        "type": "STOP",
        "word": "STOP",
        "roles": {
          "AFFECTED": "#V2499811",
          "VFORM": "BASE",
          "LEX": "STOP",
          "WNSENSE": "stop%2:38:00::"
        },
        "start": 9,
        "end": 17
      },
      "root": "#V2499977"
    },
    {
      "V2499675": {
        "id": "V2499675",
        "indicator": "SPEECHACT",
        "type": "SA_IDENTIFY",
        "word": null,
        "roles": {
          "CONTENT": "#V2499579",
          "LEX": "-"
        },
        "start": 0,
        "end": 3
      },
      "V2499579": {
        "id": "V2499579",
        "indicator": "THE",
        "type": "QUANTITY-ABSTR",
        "word": null,
        "roles": {
          "FIGURE": "#V2499416"
        },
        "start": 0,
        "end": 3
      },
      "V2499416": {
        "id": "V2499416",
        "indicator": "PRO",
        "type": "REFERENTIAL-SEM",
        "word": "IT",
        "roles": {
          "PROFORM": "IT",
          "LEX": "IT",
          "WNSENSE": "entity%1:03:00"
        },
        "start": 0,
        "end": 3
      },
      "root": "#V2499675"
    },
    {
      "V2500339": {
        "id": "V2500339",
        "indicator": "SPEECHACT",
        "type": "SA_TELL",
        "word": null,
        "roles": {
          "PUNCTYPE": "DECL",
          "CONTENT": "#V2499458",
          "LEX": "GOT"
        },
        "start": 3,
        "end": 18
      },
      "V2499458": {
        "id": "V2499458",
        "indicator": "F",
        "type": "CAUSE-EFFECT",
        "word": "GET",
        "roles": {
          "AGENT": "#V2500057",
          "FORMAL": "#V2499518",
          "TENSE": "PAST",
          "LEX": "GOT",
          "WNSENSE": "get%2:36:00::"
        },
        "start": 3,
        "end": 17
      },
      "V2500057": {
        "id": "V2500057",
        "indicator": "THE",
        "type": "QUANTITY-ABSTR",
        "word": null,
        "roles": {
          "FIGURE": "#V2499421"
        },
        "start": 3,
        "end": 5
      },
      "V2499421": {
        "id": "V2499421",
        "indicator": "THE",
        "type": "LETTER-SYMBOL",
        "word": null,
        "roles": {
          "NAME-OF": "S",
          "LEX": "S",
          "WNSENSE": "s%1:10:00::"
        },
        "start": 3,
        "end": 5
      },
      "V2499518": {
        "id": "V2499518",
        "indicator": "F",
        "type": "STOP",
        "word": "STOP",
        "roles": {
          "AFFECTED": "#V2500057",
          "VFORM": "BASE",
          "LEX": "STOP",
          "WNSENSE": "stop%2:38:00::"
        },
        "start": 9,
        "end": 17
      },
      "root": "#V2500339"
    },
    {
      "V2499689": {
        "id": "V2499689",
        "indicator": "SPEECHACT",
        "type": "SA_IDENTIFY",
        "word": null,
        "roles": {
          "CONTENT": "#V2499619",
          "LEX": "-"
        },
        "start": 0,
        "end": 3
      },
      "V2499619": {
        "id": "V2499619",
        "indicator": "THE",
        "type": "QUANTITY-ABSTR",
        "word": null,
        "roles": {
          "FIGURE": "#V2499417"
        },
        "start": 0,
        "end": 3
      },
      "V2499417": {
        "id": "V2499417",
        "indicator": "PRO",
        "type": "EXPLETIVE",
        "word": null,
        "roles": {
          "PROFORM": "IT",
          "LEX": "IT"
        },
        "start": 0,
        "end": 3
      },
      "root": "#V2499689"
    },
    {
      "V2500077": {
        "id": "V2500077",
        "indicator": "SPEECHACT",
        "type": "SA_TELL",
        "word": null,
        "roles": {
          "PUNCTYPE": "DECL",
          "CONTENT": "#V2499458",
          "LEX": "GOT"
        },
        "start": 3,
        "end": 18
      },
      "V2499458": {
        "id": "V2499458",
        "indicator": "F",
        "type": "CAUSE-EFFECT",
        "word": "GET",
        "roles": {
          "AGENT": "#V2499421",
          "FORMAL": "#V2499518",
          "TENSE": "PAST",
          "LEX": "GOT",
          "WNSENSE": "get%2:36:00::"
        },
        "start": 3,
        "end": 17
      },
      "V2499421": {
        "id": "V2499421",
        "indicator": "THE",
        "type": "LETTER-SYMBOL",
        "word": null,
        "roles": {
          "NAME-OF": "S",
          "LEX": "S",
          "WNSENSE": "s%1:10:00::"
        },
        "start": 3,
        "end": 5
      },
      "V2499518": {
        "id": "V2499518",
        "indicator": "F",
        "type": "STOP",
        "word": "STOP",
        "roles": {
          "AFFECTED": "#V2499421",
          "VFORM": "BASE",
          "LEX": "STOP",
          "WNSENSE": "stop%2:38:00::"
        },
        "start": 9,
        "end": 17
      },
      "root": "#V2500077"
    },
    {
      "V2499629": {
        "id": "V2499629",
        "indicator": "SPEECHACT",
        "type": "SA_IDENTIFY",
        "word": null,
        "roles": {
          "CONTENT": "#V2499416",
          "LEX": "IT"
        },
        "start": 0,
        "end": 3
      },
      "V2499416": {
        "id": "V2499416",
        "indicator": "PRO",
        "type": "REFERENTIAL-SEM",
        "word": "IT",
        "roles": {
          "PROFORM": "IT",
          "LEX": "IT",
          "WNSENSE": "entity%1:03:00"
        },
        "start": 0,
        "end": 3
      },
      "root": "#V2499629"
    },
    {
      "V2500744": {
        "id": "V2500744",
        "indicator": "SPEECHACT",
        "type": "SA_TELL",
        "word": null,
        "roles": {
          "PUNCTYPE": "DECL",
          "CONTENT": "#V2499458",
          "LEX": "GOT"
        },
        "start": 3,
        "end": 18
      },
      "V2499458": {
        "id": "V2499458",
        "indicator": "F",
        "type": "CAUSE-EFFECT",
        "word": "GET",
        "roles": {
          "AGENT": "#V2500463",
          "FORMAL": "#V2499518",
          "TENSE": "PAST",
          "LEX": "GOT",
          "WNSENSE": "get%2:36:00::"
        },
        "start": 3,
        "end": 17
      },
      "V2500463": {
        "id": "V2500463",
        "indicator": "THE",
        "type": "QUANTITY-ABSTR",
        "word": null,
        "roles": {
          "FIGURE": "#V2499823"
        },
        "start": 3,
        "end": 5
      },
      "V2499823": {
        "id": "V2499823",
        "indicator": "A",
        "type": "REFERENTIAL-SEM",
        "word": null,
        "roles": {
          "SIZE": "#V2499422",
          "LEX": "S"
        },
        "start": 3,
        "end": 5
      },
      "V2499422": {
        "id": "V2499422",
        "indicator": "A",
        "type": "QUANTITY-ABSTR",
        "word": null,
        "roles": {
          "SCALE": "DURATION-SCALE",
          "UNIT": "(:* TIME-UNIT SECOND)",
          "AMOUNT": "PLURAL",
          "LEX": "S",
          "WNSENSE": "time_unit%1:28:00"
        },
        "start": 3,
        "end": 5
      },
      "V2499518": {
        "id": "V2499518",
        "indicator": "F",
        "type": "STOP",
        "word": "STOP",
        "roles": {
          "AFFECTED": "#V2500463",
          "VFORM": "BASE",
          "LEX": "STOP",
          "WNSENSE": "stop%2:38:00::"
        },
        "start": 9,
        "end": 17
      },
      "root": "#V2500744"
    },
    {
      "V2499629": {
        "id": "V2499629",
        "indicator": "SPEECHACT",
        "type": "SA_IDENTIFY",
        "word": null,
        "roles": {
          "CONTENT": "#V2499416",
          "LEX": "IT"
        },
        "start": 0,
        "end": 3
      },
      "V2499416": {
        "id": "V2499416",
        "indicator": "PRO",
        "type": "REFERENTIAL-SEM",
        "word": "IT",
        "roles": {
          "PROFORM": "IT",
          "LEX": "IT",
          "WNSENSE": "entity%1:03:00"
        },
        "start": 0,
        "end": 3
      },
      "root": "#V2499629"
    },
    {
      "V2500735": {
        "id": "V2500735",
        "indicator": "SPEECHACT",
        "type": "SA_TELL",
        "word": null,
        "roles": {
          "PUNCTYPE": "DECL",
          "CONTENT": "#V2499458",
          "LEX": "GOT"
        },
        "start": 3,
        "end": 18
      },
      "V2499458": {
        "id": "V2499458",
        "indicator": "F",
        "type": "CAUSE-EFFECT",
        "word": "GET",
        "roles": {
          "AGENT": "#V2500449",
          "FORMAL": "#V2499518",
          "TENSE": "PAST",
          "LEX": "GOT",
          "WNSENSE": "get%2:36:00::"
        },
        "start": 3,
        "end": 17
      },
      "V2500449": {
        "id": "V2500449",
        "indicator": "THE",
        "type": "QUANTITY-ABSTR",
        "word": null,
        "roles": {
          "FIGURE": "#V2499815"
        },
        "start": 3,
        "end": 5
      },
      "V2499815": {
        "id": "V2499815",
        "indicator": "A",
        "type": "REFERENTIAL-SEM",
        "word": null,
        "roles": {
          "SIZE": "#V2499422",
          "LEX": "S"
        },
        "start": 3,
        "end": 5
      },
      "V2499422": {
        "id": "V2499422",
        "indicator": "A",
        "type": "QUANTITY-ABSTR",
        "word": null,
        "roles": {
          "SCALE": "DURATION-SCALE",
          "UNIT": "(:* TIME-UNIT SECOND)",
          "AMOUNT": "PLURAL",
          "LEX": "S",
          "WNSENSE": "time_unit%1:28:00"
        },
        "start": 3,
        "end": 5
      },
      "V2499518": {
        "id": "V2499518",
        "indicator": "F",
        "type": "STOP",
        "word": "STOP",
        "roles": {
          "AFFECTED": "#V2500449",
          "VFORM": "BASE",
          "LEX": "STOP",
          "WNSENSE": "stop%2:38:00::"
        },
        "start": 9,
        "end": 17
      },
      "root": "#V2500735"
    },
    {
      "V2499675": {
        "id": "V2499675",
        "indicator": "SPEECHACT",
        "type": "SA_IDENTIFY",
        "word": null,
        "roles": {
          "CONTENT": "#V2499579",
          "LEX": "-"
        },
        "start": 0,
        "end": 3
      },
      "V2499579": {
        "id": "V2499579",
        "indicator": "THE",
        "type": "QUANTITY-ABSTR",
        "word": null,
        "roles": {
          "FIGURE": "#V2499416"
        },
        "start": 0,
        "end": 3
      },
      "V2499416": {
        "id": "V2499416",
        "indicator": "PRO",
        "type": "REFERENTIAL-SEM",
        "word": "IT",
        "roles": {
          "PROFORM": "IT",
          "LEX": "IT",
          "WNSENSE": "entity%1:03:00"
        },
        "start": 0,
        "end": 3
      },
      "root": "#V2499675"
    },
    {
      "V2500467": {
        "id": "V2500467",
        "indicator": "SPEECHACT",
        "type": "SA_TELL",
        "word": null,
        "roles": {
          "PUNCTYPE": "DECL",
          "CONTENT": "#V2499458",
          "LEX": "GOT"
        },
        "start": 3,
        "end": 18
      },
      "V2499458": {
        "id": "V2499458",
        "indicator": "F",
        "type": "CAUSE-EFFECT",
        "word": "GET",
        "roles": {
          "AGENT": "#V2499823",
          "FORMAL": "#V2499518",
          "TENSE": "PAST",
          "LEX": "GOT",
          "WNSENSE": "get%2:36:00::"
        },
        "start": 3,
        "end": 17
      },
      "V2499823": {
        "id": "V2499823",
        "indicator": "A",
        "type": "REFERENTIAL-SEM",
        "word": null,
        "roles": {
          "SIZE": "#V2499422",
          "LEX": "S"
        },
        "start": 3,
        "end": 5
      },
      "V2499422": {
        "id": "V2499422",
        "indicator": "A",
        "type": "QUANTITY-ABSTR",
        "word": null,
        "roles": {
          "SCALE": "DURATION-SCALE",
          "UNIT": "(:* TIME-UNIT SECOND)",
          "AMOUNT": "PLURAL",
          "LEX": "S",
          "WNSENSE": "time_unit%1:28:00"
        },
        "start": 3,
        "end": 5
      },
      "V2499518": {
        "id": "V2499518",
        "indicator": "F",
        "type": "STOP",
        "word": "STOP",
        "roles": {
          "AFFECTED": "#V2499823",
          "VFORM": "BASE",
          "LEX": "STOP",
          "WNSENSE": "stop%2:38:00::"
        },
        "start": 9,
        "end": 17
      },
      "root": "#V2500467"
    },
    {
      "V2499675": {
        "id": "V2499675",
        "indicator": "SPEECHACT",
        "type": "SA_IDENTIFY",
        "word": null,
        "roles": {
          "CONTENT": "#V2499579",
          "LEX": "-"
        },
        "start": 0,
        "end": 3
      },
      "V2499579": {
        "id": "V2499579",
        "indicator": "THE",
        "type": "QUANTITY-ABSTR",
        "word": null,
        "roles": {
          "FIGURE": "#V2499416"
        },
        "start": 0,
        "end": 3
      },
      "V2499416": {
        "id": "V2499416",
        "indicator": "PRO",
        "type": "REFERENTIAL-SEM",
        "word": "IT",
        "roles": {
          "PROFORM": "IT",
          "LEX": "IT",
          "WNSENSE": "entity%1:03:00"
        },
        "start": 0,
        "end": 3
      },
      "root": "#V2499675"
    },
    {
      "V2500453": {
        "id": "V2500453",
        "indicator": "SPEECHACT",
        "type": "SA_TELL",
        "word": null,
        "roles": {
          "PUNCTYPE": "DECL",
          "CONTENT": "#V2499458",
          "LEX": "GOT"
        },
        "start": 3,
        "end": 18
      },
      "V2499458": {
        "id": "V2499458",
        "indicator": "F",
        "type": "CAUSE-EFFECT",
        "word": "GET",
        "roles": {
          "AGENT": "#V2499815",
          "FORMAL": "#V2499518",
          "TENSE": "PAST",
          "LEX": "GOT",
          "WNSENSE": "get%2:36:00::"
        },
        "start": 3,
        "end": 17
      },
      "V2499815": {
        "id": "V2499815",
        "indicator": "A",
        "type": "REFERENTIAL-SEM",
        "word": null,
        "roles": {
          "SIZE": "#V2499422",
          "LEX": "S"
        },
        "start": 3,
        "end": 5
      },
      "V2499422": {
        "id": "V2499422",
        "indicator": "A",
        "type": "QUANTITY-ABSTR",
        "word": null,
        "roles": {
          "SCALE": "DURATION-SCALE",
          "UNIT": "(:* TIME-UNIT SECOND)",
          "AMOUNT": "PLURAL",
          "LEX": "S",
          "WNSENSE": "time_unit%1:28:00"
        },
        "start": 3,
        "end": 5
      },
      "V2499518": {
        "id": "V2499518",
        "indicator": "F",
        "type": "STOP",
        "word": "STOP",
        "roles": {
          "AFFECTED": "#V2499815",
          "VFORM": "BASE",
          "LEX": "STOP",
          "WNSENSE": "stop%2:38:00::"
        },
        "start": 9,
        "end": 17
      },
      "root": "#V2500453"
    },
    {
      "V2499629": {
        "id": "V2499629",
        "indicator": "SPEECHACT",
        "type": "SA_IDENTIFY",
        "word": null,
        "roles": {
          "CONTENT": "#V2499416",
          "LEX": "IT"
        },
        "start": 0,
        "end": 3
      },
      "V2499416": {
        "id": "V2499416",
        "indicator": "PRO",
        "type": "REFERENTIAL-SEM",
        "word": "IT",
        "roles": {
          "PROFORM": "IT",
          "LEX": "IT",
          "WNSENSE": "entity%1:03:00"
        },
        "start": 0,
        "end": 3
      },
      "root": "#V2499629"
    },
    {
      "V2500769": {
        "id": "V2500769",
        "indicator": "SPEECHACT",
        "type": "SA_TELL",
        "word": null,
        "roles": {
          "PUNCTYPE": "DECL",
          "CONTENT": "#V2499458",
          "LEX": "GOT"
        },
        "start": 3,
        "end": 18
      },
      "V2499458": {
        "id": "V2499458",
        "indicator": "F",
        "type": "CAUSE-EFFECT",
        "word": "GET",
        "roles": {
          "AGENT": "#V2500512",
          "FORMAL": "#V2499518",
          "TENSE": "PAST",
          "LEX": "GOT",
          "WNSENSE": "get%2:36:00::"
        },
        "start": 3,
        "end": 17
      },
      "V2500512": {
        "id": "V2500512",
        "indicator": "THE",
        "type": "QUANTITY-ABSTR",
        "word": null,
        "roles": {
          "FIGURE": "#V2499850"
        },
        "start": 3,
        "end": 5
      },
      "V2499850": {
        "id": "V2499850",
        "indicator": "THE",
        "type": "SEQUENCE",
        "word": null,
        "roles": {
          "NAME-OF": "(S)",
          "VAL": "(S)",
          "LEX": "S"
        },
        "start": 3,
        "end": 5
      },
      "V2499518": {
        "id": "V2499518",
        "indicator": "F",
        "type": "STOP",
        "word": "STOP",
        "roles": {
          "AFFECTED": "#V2500512",
          "VFORM": "BASE",
          "LEX": "STOP",
          "WNSENSE": "stop%2:38:00::"
        },
        "start": 9,
        "end": 17
      },
      "root": "#V2500769"
    },
    {
      "V2499675": {
        "id": "V2499675",
        "indicator": "SPEECHACT",
        "type": "SA_IDENTIFY",
        "word": null,
        "roles": {
          "CONTENT": "#V2499579",
          "LEX": "-"
        },
        "start": 0,
        "end": 3
      },
      "V2499579": {
        "id": "V2499579",
        "indicator": "THE",
        "type": "QUANTITY-ABSTR",
        "word": null,
        "roles": {
          "FIGURE": "#V2499416"
        },
        "start": 0,
        "end": 3
      },
      "V2499416": {
        "id": "V2499416",
        "indicator": "PRO",
        "type": "REFERENTIAL-SEM",
        "word": "IT",
        "roles": {
          "PROFORM": "IT",
          "LEX": "IT",
          "WNSENSE": "entity%1:03:00"
        },
        "start": 0,
        "end": 3
      },
      "root": "#V2499675"
    },
    {
      "V2500515": {
        "id": "V2500515",
        "indicator": "SPEECHACT",
        "type": "SA_TELL",
        "word": null,
        "roles": {
          "PUNCTYPE": "DECL",
          "CONTENT": "#V2499458",
          "LEX": "GOT"
        },
        "start": 3,
        "end": 18
      },
      "V2499458": {
        "id": "V2499458",
        "indicator": "F",
        "type": "CAUSE-EFFECT",
        "word": "GET",
        "roles": {
          "AGENT": "#V2499850",
          "FORMAL": "#V2499518",
          "TENSE": "PAST",
          "LEX": "GOT",
          "WNSENSE": "get%2:36:00::"
        },
        "start": 3,
        "end": 17
      },
      "V2499850": {
        "id": "V2499850",
        "indicator": "THE",
        "type": "SEQUENCE",
        "word": null,
        "roles": {
          "NAME-OF": "(S)",
          "VAL": "(S)",
          "LEX": "S"
        },
        "start": 3,
        "end": 5
      },
      "V2499518": {
        "id": "V2499518",
        "indicator": "F",
        "type": "STOP",
        "word": "STOP",
        "roles": {
          "AFFECTED": "#V2499850",
          "VFORM": "BASE",
          "LEX": "STOP",
          "WNSENSE": "stop%2:38:00::"
        },
        "start": 9,
        "end": 17
      },
      "root": "#V2500515"
    }
  ],
  "inputtags": [],
  "debug": [
    "*last-utt-id*=NIL  utt-id+483",
    "*last-utt-id*=483  utt-id+483",
    "*last-utt-id*=483  utt-id+NIL"
  ]
}
