{
  "parse": [
    {
      "V1436223": {
        "id": "V1436223",
        "indicator": "SA-SEQ",
        "type": "SPEECH-ACT",
        "word": null,
        "roles": {
          "ACT": "#V1436114",
          "ACT1": "#V1436293",
          "LEX": "SERIOUSLY"
        },
        "start": 1,
        "end": 20
      },
      "V1436114": {
        "id": "V1436114",
        "indicator": "SPEECHACT",
        "type": "SA_ACK",
        "word": null,
        "roles": {
          "CONTENT": "(OH)",
          "LEX": "OH"
        },
        "start": 1,
        "end": 4
      },
      "V1436293": {
        "id": "V1436293",
        "indicator": "SPEECHACT",
        "type": "SA_PRED-FRAGMENT",
        "word": null,
        "roles": {
          "CONTENT": "#V1436079",
          "LEX": "SERIOUSLY"
        },
        "start": 4,
        "end": 20
      },
      "V1436079": {
        "id": "V1436079",
        "indicator": "F",
        "type": "DEGREE-MODIFIER-HIGH",
        "word": "SERIOUSLY",
        "roles": {
          "FIGURE": "#V1436294",
          "DEGREE": "#V1436065",
          "LEX": "SERIOUSLY",
          "WNSENSE": "seriously%4:02:01::"
        },
        "start": 4,
        "end": 20
      },
      "V1436294": {
        "id": "V1436294",
        "indicator": "IMPRO",
        "type": "ANY-SEM",
        "word": null,
        "roles": {},
        "start": 4,
        "end": 20
      },
      "V1436065": {
        "id": "V1436065",
        "indicator": "F",
        "type": "DEGREE-MODIFIER-MED",
        "word": "RIGHT",
        "roles": {
          "FIGURE": "#V1436079",
          "LEX": "RIGHT",
          "WNSENSE": "right%4:02:04::"
        },
        "start": 4,
        "end": 10
      },
      "root": "#V1436223"
    },
    {
      "V1436184": {
        "id": "V1436184",
        "indicator": "SPEECHACT",
        "type": "SA_WH-QUESTION",
        "word": null,
        "roles": {
          "CONTENT": "#V1436088",
          "FOCUS": "#V1436088",
          "LEX": "WHAT"
        },
        "start": 20,
        "end": 26
      },
      "V1436088": {
        "id": "V1436088",
        "indicator": "WH-TERM-SET",
        "type": "REFERENTIAL-SEM",
        "word": "WHAT",
        "roles": {
          "PROFORM": "WHAT",
          "LEX": "WHAT",
          "WNSENSE": "entity%1:03:00"
        },
        "start": 20,
        "end": 26
      },
      "root": "#V1436184"
    },
    {
      "V1436269": {
        "id": "V1436269",
        "indicator": "SPEECHACT",
        "type": "SA_YN-QUESTION",
        "word": null,
        "roles": {
          "CONTENT": "#V1436101",
          "PUNCTYPE": "YNQ",
          "LEX": "FUCK"
        },
        "start": 26,
        "end": 36
      },
      "V1436101": {
        "id": "V1436101",
        "indicator": "THE",
        "type": "BODILY-PROCESS",
        "word": "FUCK",
        "roles": {
          "LEX": "FUCK",
          "WNSENSE": "fuck%1:04:00::"
        },
        "start": 26,
        "end": 36
      },
      "root": "#V1436269"
    },
    {
      "V1436223": {
        "id": "V1436223",
        "indicator": "SA-SEQ",
        "type": "SPEECH-ACT",
        "word": null,
        "roles": {
          "ACT": "#V1436114",
          "ACT1": "#V1436293",
          "LEX": "SERIOUSLY"
        },
        "start": 1,
        "end": 20
      },
      "V1436114": {
        "id": "V1436114",
        "indicator": "SPEECHACT",
        "type": "SA_ACK",
        "word": null,
        "roles": {
          "CONTENT": "(OH)",
          "LEX": "OH"
        },
        "start": 1,
        "end": 4
      },
      "V1436293": {
        "id": "V1436293",
        "indicator": "SPEECHACT",
        "type": "SA_PRED-FRAGMENT",
        "word": null,
        "roles": {
          "CONTENT": "#V1436079",
          "LEX": "SERIOUSLY"
        },
        "start": 4,
        "end": 20
      },
      "V1436079": {
        "id": "V1436079",
        "indicator": "F",
        "type": "DEGREE-MODIFIER-HIGH",
        "word": "SERIOUSLY",
        "roles": {
          "FIGURE": "#V1436294",
          "DEGREE": "#V1436065",
          "LEX": "SERIOUSLY",
          "WNSENSE": "seriously%4:02:01::"
        },
        "start": 4,
        "end": 20
      },
      "V1436294": {
        "id": "V1436294",
        "indicator": "IMPRO",
        "type": "ANY-SEM",
        "word": null,
        "roles": {},
        "start": 4,
        "end": 20
      },
      "V1436065": {
        "id": "V1436065",
        "indicator": "F",
        "type": "DEGREE-MODIFIER-MED",
        "word": "RIGHT",
        "roles": {
          "FIGURE": "#V1436079",
          "LEX": "RIGHT",
          "WNSENSE": "right%4:02:04::"
        },
        "start": 4,
        "end": 10
      },
      "root": "#V1436223"
    },
    {
      "V1436182": {
        "id": "V1436182",
        "indicator": "SPEECHACT",
        "type": "SA_WH-QUESTION",
        "word": null,
        "roles": {
          "CONTENT": "#V1436087",
          "FOCUS": "#V1436087",
          "LEX": "WHAT"
        },
        "start": 20,
        "end": 26
      },
      "V1436087": {
        "id": "V1436087",
        "indicator": "WH-TERM",
        "type": "REFERENTIAL-SEM",
        "word": "WHAT",
        "roles": {
          "PROFORM": "WHAT",
          "LEX": "WHAT",
          "WNSENSE": "entity%1:03:00"
        },
        "start": 20,
        "end": 26
      },
      "root": "#V1436182"
    },
    {
      "V1436269": {
        "id": "V1436269",
        "indicator": "SPEECHACT",
        "type": "SA_YN-QUESTION",
        "word": null,
        "roles": {
          "CONTENT": "#V1436101",
          "PUNCTYPE": "YNQ",
          "LEX": "FUCK"
        },
        "start": 26,
        "end": 37
      },
      "V1436101": {
        "id": "V1436101",
        "indicator": "THE",
        "type": "BODILY-PROCESS",
        "word": "FUCK",
        "roles": {
          "LEX": "FUCK",
          "WNSENSE": "fuck%1:04:00::"
        },
        "start": 26,
        "end": 36
      },
      "root": "#V1436269"
    },
    {
      "V1436223": {
        "id": "V1436223",
        "indicator": "SA-SEQ",
        "type": "SPEECH-ACT",
        "word": null,
        "roles": {
          "ACT": "#V1436114",
          "ACT1": "#V1436289",
          "LEX": "SERIOUSLY"
        },
        "start": 1,
        "end": 20
      },
      "V1436114": {
        "id": "V1436114",
        "indicator": "SPEECHACT",
        "type": "SA_ACK",
        "word": null,
        "roles": {
          "CONTENT": "(OH)",
          "LEX": "OH"
        },
        "start": 1,
        "end": 4
      },
      "V1436289": {
        "id": "V1436289",
        "indicator": "SPEECHACT",
        "type": "SA_PRED-FRAGMENT",
        "word": null,
        "roles": {
          "CONTENT": "#V1436080",
          "LEX": "SERIOUSLY"
        },
        "start": 4,
        "end": 20
      },
      "V1436080": {
        "id": "V1436080",
        "indicator": "F",
        "type": "URGENT-VAL",
        "word": "SERIOUSLY",
        "roles": {
          "FIGURE": "#V1436290",
          "SCALE": "IMPORTANT-SCALE",
          "DEGREE": "#V1436065",
          "LEX": "SERIOUSLY",
          "WNSENSE": "seriously%4:02:00::"
        },
        "start": 4,
        "end": 20
      },
      "V1436290": {
        "id": "V1436290",
        "indicator": "IMPRO",
        "type": "ANY-SEM",
        "word": null,
        "roles": {},
        "start": 4,
        "end": 20
      },
      "V1436065": {
        "id": "V1436065",
        "indicator": "F",
        "type": "DEGREE-MODIFIER-MED",
        "word": "RIGHT",
        "roles": {
          "FIGURE": "#V1436080",
          "LEX": "RIGHT",
          "WNSENSE": "right%4:02:04::"
        },
        "start": 4,
        "end": 10
      },
      "root": "#V1436223"
    },
    {
      "V1436184": {
        "id": "V1436184",
        "indicator": "SPEECHACT",
        "type": "SA_WH-QUESTION",
        "word": null,
        "roles": {
          "CONTENT": "#V1436088",
          "FOCUS": "#V1436088",
          "LEX": "WHAT"
        },
        "start": 20,
        "end": 26
      },
      "V1436088": {
        "id": "V1436088",
        "indicator": "WH-TERM-SET",
        "type": "REFERENTIAL-SEM",
        "word": "WHAT",
        "roles": {
          "PROFORM": "WHAT",
          "LEX": "WHAT",
          "WNSENSE": "entity%1:03:00"
        },
        "start": 20,
        "end": 26
      },
      "root": "#V1436184"
    },
    {
      "V1436269": {
        "id": "V1436269",
        "indicator": "SPEECHACT",
        "type": "SA_YN-QUESTION",
        "word": null,
        "roles": {
          "CONTENT": "#V1436101",
          "PUNCTYPE": "YNQ",
          "LEX": "FUCK"
        },
        "start": 26,
        "end": 37
      },
      "V1436101": {
        "id": "V1436101",
        "indicator": "THE",
        "type": "BODILY-PROCESS",
        "word": "FUCK",
        "roles": {
          "LEX": "FUCK",
          "WNSENSE": "fuck%1:04:00::"
        },
        "start": 26,
        "end": 36
      },
      "root": "#V1436269"
    },
    {
      "V1436223": {
        "id": "V1436223",
        "indicator": "SA-SEQ",
        "type": "SPEECH-ACT",
        "word": null,
        "roles": {
          "ACT": "#V1436114",
          "ACT1": "#V1436289",
          "LEX": "SERIOUSLY"
        },
        "start": 1,
        "end": 20
      },
      "V1436114": {
        "id": "V1436114",
        "indicator": "SPEECHACT",
        "type": "SA_ACK",
        "word": null,
        "roles": {
          "CONTENT": "(OH)",
          "LEX": "OH"
        },
        "start": 1,
        "end": 4
      },
      "V1436289": {
        "id": "V1436289",
        "indicator": "SPEECHACT",
        "type": "SA_PRED-FRAGMENT",
        "word": null,
        "roles": {
          "CONTENT": "#V1436080",
          "LEX": "SERIOUSLY"
        },
        "start": 4,
        "end": 20
      },
      "V1436080": {
        "id": "V1436080",
        "indicator": "F",
        "type": "URGENT-VAL",
        "word": "SERIOUSLY",
        "roles": {
          "FIGURE": "#V1436290",
          "SCALE": "IMPORTANT-SCALE",
          "DEGREE": "#V1436065",
          "LEX": "SERIOUSLY",
          "WNSENSE": "seriously%4:02:00::"
        },
        "start": 4,
        "end": 20
      },
      "V1436290": {
        "id": "V1436290",
        "indicator": "IMPRO",
        "type": "ANY-SEM",
        "word": null,
        "roles": {},
        "start": 4,
        "end": 20
      },
      "V1436065": {
        "id": "V1436065",
        "indicator": "F",
        "type": "DEGREE-MODIFIER-MED",
        "word": "RIGHT",
        "roles": {
          "FIGURE": "#V1436080",
          "LEX": "RIGHT",
          "WNSENSE": "right%4:02:04::"
        },
        "start": 4,
        "end": 10
      },
      "root": "#V1436223"
    },
    {
      "V1436182": {
        "id": "V1436182",
        "indicator": "SPEECHACT",
        "type": "SA_WH-QUESTION",
        "word": null,
        "roles": {
          "CONTENT": "#V1436087",
          "FOCUS": "#V1436087",
          "LEX": "WHAT"
        },
        "start": 20,
        "end": 26
      },
      "V1436087": {
        "id": "V1436087",
        "indicator": "WH-TERM",
        "type": "REFERENTIAL-SEM",
        "word": "WHAT",
        "roles": {
          "PROFORM": "WHAT",
          "LEX": "WHAT",
          "WNSENSE": "entity%1:03:00"
        },
        "start": 20,
        "end": 26
      },
      "root": "#V1436182"
    },
    {
      "V1436269": {
        "id": "V1436269",
        "indicator": "SPEECHACT",
        "type": "SA_YN-QUESTION",
        "word": null,
        "roles": {
          "CONTENT": "#V1436101",
          "PUNCTYPE": "YNQ",
          "LEX": "FUCK"
        },
        "start": 26,
        "end": 37
      },
      "V1436101": {
        "id": "V1436101",
        "indicator": "THE",
        "type": "BODILY-PROCESS",
        "word": "FUCK",
        "roles": {
          "LEX": "FUCK",
          "WNSENSE": "fuck%1:04:00::"
        },
        "start": 26,
        "end": 36
      },
      "root": "#V1436269"
    },
    {
      "V1436223": {
        "id": "V1436223",
        "indicator": "SA-SEQ",
        "type": "SPEECH-ACT",
        "word": null,
        "roles": {
          "ACT": "#V1436114",
          "ACT1": "#V1436293",
          "LEX": "SERIOUSLY"
        },
        "start": 1,
        "end": 20
      },
      "V1436114": {
        "id": "V1436114",
        "indicator": "SPEECHACT",
        "type": "SA_ACK",
        "word": null,
        "roles": {
          "CONTENT": "(OH)",
          "LEX": "OH"
        },
        "start": 1,
        "end": 4
      },
      "V1436293": {
        "id": "V1436293",
        "indicator": "SPEECHACT",
        "type": "SA_PRED-FRAGMENT",
        "word": null,
        "roles": {
          "CONTENT": "#V1436079",
          "LEX": "SERIOUSLY"
        },
        "start": 4,
        "end": 20
      },
      "V1436079": {
        "id": "V1436079",
        "indicator": "F",
        "type": "DEGREE-MODIFIER-HIGH",
        "word": "SERIOUSLY",
        "roles": {
          "FIGURE": "#V1436294",
          "DEGREE": "#V1436065",
          "LEX": "SERIOUSLY",
          "WNSENSE": "seriously%4:02:01::"
        },
        "start": 4,
        "end": 20
      },
      "V1436294": {
        "id": "V1436294",
        "indicator": "IMPRO",
        "type": "ANY-SEM",
        "word": null,
        "roles": {},
        "start": 4,
        "end": 20
      },
      "V1436065": {
        "id": "V1436065",
        "indicator": "F",
        "type": "DEGREE-MODIFIER-MED",
        "word": "RIGHT",
        "roles": {
          "FIGURE": "#V1436079",
          "LEX": "RIGHT",
          "WNSENSE": "right%4:02:04::"
        },
        "start": 4,
        "end": 10
      },
      "root": "#V1436223"
    },
    {
      "V1436189": {
        "id": "V1436189",
        "indicator": "SPEECHACT",
        "type": "SA_WH-QUESTION",
        "word": null,
        "roles": {
          "CONTENT": "#V1436149",
          "FOCUS": "#V1436088",
          "LEX": "-"
        },
        "start": 20,
        "end": 26
      },
      "V1436149": {
        "id": "V1436149",
        "indicator": "THE",
        "type": "QUANTITY-ABSTR",
        "word": null,
        "roles": {
          "FIGURE": "#V1436088"
        },
        "start": 20,
        "end": 26
      },
      "V1436088": {
        "id": "V1436088",
        "indicator": "WH-TERM-SET",
        "type": "REFERENTIAL-SEM",
        "word": "WHAT",
        "roles": {
          "PROFORM": "WHAT",
          "LEX": "WHAT",
          "WNSENSE": "entity%1:03:00"
        },
        "start": 20,
        "end": 26
      },
      "root": "#V1436189"
    },
    {
      "V1436269": {
        "id": "V1436269",
        "indicator": "SPEECHACT",
        "type": "SA_YN-QUESTION",
        "word": null,
        "roles": {
          "CONTENT": "#V1436101",
          "PUNCTYPE": "YNQ",
          "LEX": "FUCK"
        },
        "start": 26,
        "end": 37
      },
      "V1436101": {
        "id": "V1436101",
        "indicator": "THE",
        "type": "BODILY-PROCESS",
        "word": "FUCK",
        "roles": {
          "LEX": "FUCK",
          "WNSENSE": "fuck%1:04:00::"
        },
        "start": 26,
        "end": 36
      },
      "root": "#V1436269"
    },
    {
      "V1436223": {
        "id": "V1436223",
        "indicator": "SA-SEQ",
        "type": "SPEECH-ACT",
        "word": null,
        "roles": {
          "ACT": "#V1436114",
          "ACT1": "#V1436293",
          "LEX": "SERIOUSLY"
        },
        "start": 1,
        "end": 20
      },
      "V1436114": {
        "id": "V1436114",
        "indicator": "SPEECHACT",
        "type": "SA_ACK",
        "word": null,
        "roles": {
          "CONTENT": "(OH)",
          "LEX": "OH"
        },
        "start": 1,
        "end": 4
      },
      "V1436293": {
        "id": "V1436293",
        "indicator": "SPEECHACT",
        "type": "SA_PRED-FRAGMENT",
        "word": null,
        "roles": {
          "CONTENT": "#V1436079",
          "LEX": "SERIOUSLY"
        },
        "start": 4,
        "end": 20
      },
      "V1436079": {
        "id": "V1436079",
        "indicator": "F",
        "type": "DEGREE-MODIFIER-HIGH",
        "word": "SERIOUSLY",
        "roles": {
          "FIGURE": "#V1436294",
          "DEGREE": "#V1436065",
          "LEX": "SERIOUSLY",
          "WNSENSE": "seriously%4:02:01::"
        },
        "start": 4,
        "end": 20
      },
      "V1436294": {
        "id": "V1436294",
        "indicator": "IMPRO",
        "type": "ANY-SEM",
        "word": null,
        "roles": {},
        "start": 4,
        "end": 20
      },
      "V1436065": {
        "id": "V1436065",
        "indicator": "F",
        "type": "DEGREE-MODIFIER-MED",
        "word": "RIGHT",
        "roles": {
          "FIGURE": "#V1436079",
          "LEX": "RIGHT",
          "WNSENSE": "right%4:02:04::"
        },
        "start": 4,
        "end": 10
      },
      "root": "#V1436223"
    },
    {
      "V1436187": {
        "id": "V1436187",
        "indicator": "SPEECHACT",
        "type": "SA_WH-QUESTION",
        "word": null,
        "roles": {
          "CONTENT": "#V1436147",
          "FOCUS": "#V1436087",
          "LEX": "-"
        },
        "start": 20,
        "end": 26
      },
      "V1436147": {
        "id": "V1436147",
        "indicator": "THE",
        "type": "QUANTITY-ABSTR",
        "word": null,
        "roles": {
          "FIGURE": "#V1436087"
        },
        "start": 20,
        "end": 26
      },
      "V1436087": {
        "id": "V1436087",
        "indicator": "WH-TERM",
        "type": "REFERENTIAL-SEM",
        "word": "WHAT",
        "roles": {
          "PROFORM": "WHAT",
          "LEX": "WHAT",
          "WNSENSE": "entity%1:03:00"
        },
        "start": 20,
        "end": 26
      },
      "root": "#V1436187"
    },
    {
      "V1436269": {
        "id": "V1436269",
        "indicator": "SPEECHACT",
        "type": "SA_YN-QUESTION",
        "word": null,
        "roles": {
          "CONTENT": "#V1436101",
          "PUNCTYPE": "YNQ",
          "LEX": "FUCK"
        },
        "start": 26,
        "end": 37
      },
      "V1436101": {
        "id": "V1436101",
        "indicator": "THE",
        "type": "BODILY-PROCESS",
        "word": "FUCK",
        "roles": {
          "LEX": "FUCK",
          "WNSENSE": "fuck%1:04:00::"
        },
        "start": 26,
        "end": 36
      },
      "root": "#V1436269"
    },
    {
      "V1436223": {
        "id": "V1436223",
        "indicator": "SA-SEQ",
        "type": "SPEECH-ACT",
        "word": null,
        "roles": {
          "ACT": "#V1436114",
          "ACT1": "#V1436289",
          "LEX": "SERIOUSLY"
        },
        "start": 1,
        "end": 20
      },
      "V1436114": {
        "id": "V1436114",
        "indicator": "SPEECHACT",
        "type": "SA_ACK",
        "word": null,
        "roles": {
          "CONTENT": "(OH)",
          "LEX": "OH"
        },
        "start": 1,
        "end": 4
      },
      "V1436289": {
        "id": "V1436289",
        "indicator": "SPEECHACT",
        "type": "SA_PRED-FRAGMENT",
        "word": null,
        "roles": {
          "CONTENT": "#V1436080",
          "LEX": "SERIOUSLY"
        },
        "start": 4,
        "end": 20
      },
      "V1436080": {
        "id": "V1436080",
        "indicator": "F",
        "type": "URGENT-VAL",
        "word": "SERIOUSLY",
        "roles": {
          "FIGURE": "#V1436290",
          "SCALE": "IMPORTANT-SCALE",
          "DEGREE": "#V1436065",
          "LEX": "SERIOUSLY",
          "WNSENSE": "seriously%4:02:00::"
        },
        "start": 4,
        "end": 20
      },
      "V1436290": {
        "id": "V1436290",
        "indicator": "IMPRO",
        "type": "ANY-SEM",
        "word": null,
        "roles": {},
        "start": 4,
        "end": 20
      },
      "V1436065": {
        "id": "V1436065",
        "indicator": "F",
        "type": "DEGREE-MODIFIER-MED",
        "word": "RIGHT",
        "roles": {
          "FIGURE": "#V1436080",
          "LEX": "RIGHT",
          "WNSENSE": "right%4:02:04::"
        },
        "start": 4,
        "end": 10
      },
      "root": "#V1436223"
    },
    {
      "V1436189": {
        "id": "V1436189",
        "indicator": "SPEECHACT",
        "type": "SA_WH-QUESTION",
        "word": null,
        "roles": {
          "CONTENT": "#V1436149",
          "FOCUS": "#V1436088",
          "LEX": "-"
        },
        "start": 20,
        "end": 26
      },
      "V1436149": {
        "id": "V1436149",
        "indicator": "THE",
        "type": "QUANTITY-ABSTR",
        "word": null,
        "roles": {
          "FIGURE": "#V1436088"
        },
        "start": 20,
        "end": 26
      },
      "V1436088": {
        "id": "V1436088",
        "indicator": "WH-TERM-SET",
        "type": "REFERENTIAL-SEM",
        "word": "WHAT",
        "roles": {
          "PROFORM": "WHAT",
          "LEX": "WHAT",
          "WNSENSE": "entity%1:03:00"
        },
        "start": 20,
        "end": 26
      },
      "root": "#V1436189"
    },
    {
      "V1436269": {
        "id": "V1436269",
        "indicator": "SPEECHACT",
        "type": "SA_YN-QUESTION",
        "word": null,
        "roles": {
          "CONTENT": "#V1436101",
          "PUNCTYPE": "YNQ",
          "LEX": "FUCK"
        },
        "start": 26,
        "end": 37
      },
      "V1436101": {
        "id": "V1436101",
        "indicator": "THE",
        "type": "BODILY-PROCESS",
        "word": "FUCK",
        "roles": {
          "LEX": "FUCK",
          "WNSENSE": "fuck%1:04:00::"
        },
        "start": 26,
        "end": 36
      },
      "root": "#V1436269"
    },
    {
      "V1436223": {
        "id": "V1436223",
        "indicator": "SA-SEQ",
        "type": "SPEECH-ACT",
        "word": null,
        "roles": {
          "ACT": "#V1436114",
          "ACT1": "#V1436289",
          "LEX": "SERIOUSLY"
        },
        "start": 1,
        "end": 20
      },
      "V1436114": {
        "id": "V1436114",
        "indicator": "SPEECHACT",
        "type": "SA_ACK",
        "word": null,
        "roles": {
          "CONTENT": "(OH)",
          "LEX": "OH"
        },
        "start": 1,
        "end": 4
      },
      "V1436289": {
        "id": "V1436289",
        "indicator": "SPEECHACT",
        "type": "SA_PRED-FRAGMENT",
        "word": null,
        "roles": {
          "CONTENT": "#V1436080",
          "LEX": "SERIOUSLY"
        },
        "start": 4,
        "end": 20
      },
      "V1436080": {
        "id": "V1436080",
        "indicator": "F",
        "type": "URGENT-VAL",
        "word": "SERIOUSLY",
        "roles": {
          "FIGURE": "#V1436290",
          "SCALE": "IMPORTANT-SCALE",
          "DEGREE": "#V1436065",
          "LEX": "SERIOUSLY",
          "WNSENSE": "seriously%4:02:00::"
        },
        "start": 4,
        "end": 20
      },
      "V1436290": {
        "id": "V1436290",
        "indicator": "IMPRO",
        "type": "ANY-SEM",
        "word": null,
        "roles": {},
        "start": 4,
        "end": 20
      },
      "V1436065": {
        "id": "V1436065",
        "indicator": "F",
        "type": "DEGREE-MODIFIER-MED",
        "word": "RIGHT",
        "roles": {
          "FIGURE": "#V1436080",
          "LEX": "RIGHT",
          "WNSENSE": "right%4:02:04::"
        },
        "start": 4,
        "end": 10
      },
      "root": "#V1436223"
    },
    {
      "V1436187": {
        "id": "V1436187",
        "indicator": "SPEECHACT",
        "type": "SA_WH-QUESTION",
        "word": null,
        "roles": {
          "CONTENT": "#V1436147",
          "FOCUS": "#V1436087",
          "LEX": "-"
        },
        "start": 20,
        "end": 26
      },
      "V1436147": {
        "id": "V1436147",
        "indicator": "THE",
        "type": "QUANTITY-ABSTR",
        "word": null,
        "roles": {
          "FIGURE": "#V1436087"
        },
        "start": 20,
        "end": 26
      },
      "V1436087": {
        "id": "V1436087",
        "indicator": "WH-TERM",
        "type": "REFERENTIAL-SEM",
        "word": "WHAT",
        "roles": {
          "PROFORM": "WHAT",
          "LEX": "WHAT",
          "WNSENSE": "entity%1:03:00"
        },
        "start": 20,
        "end": 26
      },
      "root": "#V1436187"
    },
    {
      "V1436269": {
        "id": "V1436269",
        "indicator": "SPEECHACT",
        "type": "SA_YN-QUESTION",
        "word": null,
        "roles": {
          "CONTENT": "#V1436101",
          "PUNCTYPE": "YNQ",
          "LEX": "FUCK"
        },
        "start": 26,
        "end": 37
      },
      "V1436101": {
        "id": "V1436101",
        "indicator": "THE",
        "type": "BODILY-PROCESS",
        "word": "FUCK",
        "roles": {
          "LEX": "FUCK",
          "WNSENSE": "fuck%1:04:00::"
        },
        "start": 26,
        "end": 36
      },
      "root": "#V1436269"
    },
    {
      "V1436223": {
        "id": "V1436223",
        "indicator": "SA-SEQ",
        "type": "SPEECH-ACT",
        "word": null,
        "roles": {
          "ACT": "#V1436114",
          "ACT1": "#V1436293",
          "LEX": "SERIOUSLY"
        },
        "start": 1,
        "end": 20
      },
      "V1436114": {
        "id": "V1436114",
        "indicator": "SPEECHACT",
        "type": "SA_ACK",
        "word": null,
        "roles": {
          "CONTENT": "(OH)",
          "LEX": "OH"
        },
        "start": 1,
        "end": 4
      },
      "V1436293": {
        "id": "V1436293",
        "indicator": "SPEECHACT",
        "type": "SA_PRED-FRAGMENT",
        "word": null,
        "roles": {
          "CONTENT": "#V1436079",
          "LEX": "SERIOUSLY"
        },
        "start": 4,
        "end": 20
      },
      "V1436079": {
        "id": "V1436079",
        "indicator": "F",
        "type": "DEGREE-MODIFIER-HIGH",
        "word": "SERIOUSLY",
        "roles": {
          "FIGURE": "#V1436294",
          "DEGREE": "#V1436065",
          "LEX": "SERIOUSLY",
          "WNSENSE": "seriously%4:02:01::"
        },
        "start": 4,
        "end": 20
      },
      "V1436294": {
        "id": "V1436294",
        "indicator": "IMPRO",
        "type": "ANY-SEM",
        "word": null,
        "roles": {},
        "start": 4,
        "end": 20
      },
      "V1436065": {
        "id": "V1436065",
        "indicator": "F",
        "type": "DEGREE-MODIFIER-MED",
        "word": "RIGHT",
        "roles": {
          "FIGURE": "#V1436079",
          "LEX": "RIGHT",
          "WNSENSE": "right%4:02:04::"
        },
        "start": 4,
        "end": 10
      },
      "root": "#V1436223"
    },
    {
      "V1436184": {
        "id": "V1436184",
        "indicator": "SPEECHACT",
        "type": "SA_WH-QUESTION",
        "word": null,
        "roles": {
          "CONTENT": "#V1436088",
          "FOCUS": "#V1436088",
          "LEX": "WHAT"
        },
        "start": 20,
        "end": 26
      },
      "V1436088": {
        "id": "V1436088",
        "indicator": "WH-TERM-SET",
        "type": "REFERENTIAL-SEM",
        "word": "WHAT",
        "roles": {
          "PROFORM": "WHAT",
          "LEX": "WHAT",
          "WNSENSE": "entity%1:03:00"
        },
        "start": 20,
        "end": 26
      },
      "root": "#V1436184"
    },
    {
      "V1436301": {
        "id": "V1436301",
        "indicator": "SPEECHACT",
        "type": "SA_YN-QUESTION",
        "word": null,
        "roles": {
          "CONTENT": "#V1436267",
          "PUNCTYPE": "YNQ",
          "LEX": "-"
        },
        "start": 26,
        "end": 37
      },
      "V1436267": {
        "id": "V1436267",
        "indicator": "THE",
        "type": "QUANTITY-ABSTR",
        "word": null,
        "roles": {
          "FIGURE": "#V1436101"
        },
        "start": 26,
        "end": 36
      },
      "V1436101": {
        "id": "V1436101",
        "indicator": "THE",
        "type": "BODILY-PROCESS",
        "word": "FUCK",
        "roles": {
          "LEX": "FUCK",
          "WNSENSE": "fuck%1:04:00::"
        },
        "start": 26,
        "end": 36
      },
      "root": "#V1436301"
    },
    {
      "V1436223": {
        "id": "V1436223",
        "indicator": "SA-SEQ",
        "type": "SPEECH-ACT",
        "word": null,
        "roles": {
          "ACT": "#V1436114",
          "ACT1": "#V1436293",
          "LEX": "SERIOUSLY"
        },
        "start": 1,
        "end": 20
      },
      "V1436114": {
        "id": "V1436114",
        "indicator": "SPEECHACT",
        "type": "SA_ACK",
        "word": null,
        "roles": {
          "CONTENT": "(OH)",
          "LEX": "OH"
        },
        "start": 1,
        "end": 4
      },
      "V1436293": {
        "id": "V1436293",
        "indicator": "SPEECHACT",
        "type": "SA_PRED-FRAGMENT",
        "word": null,
        "roles": {
          "CONTENT": "#V1436079",
          "LEX": "SERIOUSLY"
        },
        "start": 4,
        "end": 20
      },
      "V1436079": {
        "id": "V1436079",
        "indicator": "F",
        "type": "DEGREE-MODIFIER-HIGH",
        "word": "SERIOUSLY",
        "roles": {
          "FIGURE": "#V1436294",
          "DEGREE": "#V1436065",
          "LEX": "SERIOUSLY",
          "WNSENSE": "seriously%4:02:01::"
        },
        "start": 4,
        "end": 20
      },
      "V1436294": {
        "id": "V1436294",
        "indicator": "IMPRO",
        "type": "ANY-SEM",
        "word": null,
        "roles": {},
        "start": 4,
        "end": 20
      },
      "V1436065": {
        "id": "V1436065",
        "indicator": "F",
        "type": "DEGREE-MODIFIER-MED",
        "word": "RIGHT",
        "roles": {
          "FIGURE": "#V1436079",
          "LEX": "RIGHT",
          "WNSENSE": "right%4:02:04::"
        },
        "start": 4,
        "end": 10
      },
      "root": "#V1436223"
    },
    {
      "V1436182": {
        "id": "V1436182",
        "indicator": "SPEECHACT",
        "type": "SA_WH-QUESTION",
        "word": null,
        "roles": {
          "CONTENT": "#V1436087",
          "FOCUS": "#V1436087",
          "LEX": "WHAT"
        },
        "start": 20,
        "end": 26
      },
      "V1436087": {
        "id": "V1436087",
        "indicator": "WH-TERM",
        "type": "REFERENTIAL-SEM",
        "word": "WHAT",
        "roles": {
          "PROFORM": "WHAT",
          "LEX": "WHAT",
          "WNSENSE": "entity%1:03:00"
        },
        "start": 20,
        "end": 26
      },
      "root": "#V1436182"
    },
    {
      "V1436301": {
        "id": "V1436301",
        "indicator": "SPEECHACT",
        "type": "SA_YN-QUESTION",
        "word": null,
        "roles": {
          "CONTENT": "#V1436267",
          "PUNCTYPE": "YNQ",
          "LEX": "-"
        },
        "start": 26,
        "end": 37
      },
      "V1436267": {
        "id": "V1436267",
        "indicator": "THE",
        "type": "QUANTITY-ABSTR",
        "word": null,
        "roles": {
          "FIGURE": "#V1436101"
        },
        "start": 26,
        "end": 36
      },
      "V1436101": {
        "id": "V1436101",
        "indicator": "THE",
        "type": "BODILY-PROCESS",
        "word": "FUCK",
        "roles": {
          "LEX": "FUCK",
          "WNSENSE": "fuck%1:04:00::"
        },
        "start": 26,
        "end": 36
      },
      "root": "#V1436301"
    },
    {
      "V1436223": {
        "id": "V1436223",
        "indicator": "SA-SEQ",
        "type": "SPEECH-ACT",
        "word": null,
        "roles": {
          "ACT": "#V1436114",
          "ACT1": "#V1436289",
          "LEX": "SERIOUSLY"
        },
        "start": 1,
        "end": 20
      },
      "V1436114": {
        "id": "V1436114",
        "indicator": "SPEECHACT",
        "type": "SA_ACK",
        "word": null,
        "roles": {
          "CONTENT": "(OH)",
          "LEX": "OH"
        },
        "start": 1,
        "end": 4
      },
      "V1436289": {
        "id": "V1436289",
        "indicator": "SPEECHACT",
        "type": "SA_PRED-FRAGMENT",
        "word": null,
        "roles": {
          "CONTENT": "#V1436080",
          "LEX": "SERIOUSLY"
        },
        "start": 4,
        "end": 20
      },
      "V1436080": {
        "id": "V1436080",
        "indicator": "F",
        "type": "URGENT-VAL",
        "word": "SERIOUSLY",
        "roles": {
          "FIGURE": "#V1436290",
          "SCALE": "IMPORTANT-SCALE",
          "DEGREE": "#V1436065",
          "LEX": "SERIOUSLY",
          "WNSENSE": "seriously%4:02:00::"
        },
        "start": 4,
        "end": 20
      },
      "V1436290": {
        "id": "V1436290",
        "indicator": "IMPRO",
        "type": "ANY-SEM",
        "word": null,
        "roles": {},
        "start": 4,
        "end": 20
      },
      "V1436065": {
        "id": "V1436065",
        "indicator": "F",
        "type": "DEGREE-MODIFIER-MED",
        "word": "RIGHT",
        "roles": {
          "FIGURE": "#V1436080",
          "LEX": "RIGHT",
          "WNSENSE": "right%4:02:04::"
        },
        "start": 4,
        "end": 10
      },
      "root": "#V1436223"
    },
    {
      "V1436184": {
        "id": "V1436184",
        "indicator": "SPEECHACT",
        "type": "SA_WH-QUESTION",
        "word": null,
        "roles": {
          "CONTENT": "#V1436088",
          "FOCUS": "#V1436088",
          "LEX": "WHAT"
        },
        "start": 20,
        "end": 26
      },
      "V1436088": {
        "id": "V1436088",
        "indicator": "WH-TERM-SET",
        "type": "REFERENTIAL-SEM",
        "word": "WHAT",
        "roles": {
          "PROFORM": "WHAT",
          "LEX": "WHAT",
          "WNSENSE": "entity%1:03:00"
        },
        "start": 20,
        "end": 26
      },
      "root": "#V1436184"
    },
    {
      "V1436301": {
        "id": "V1436301",
        "indicator": "SPEECHACT",
        "type": "SA_YN-QUESTION",
        "word": null,
        "roles": {
          "CONTENT": "#V1436267",
          "PUNCTYPE": "YNQ",
          "LEX": "-"
        },
        "start": 26,
        "end": 37
      },
      "V1436267": {
        "id": "V1436267",
        "indicator": "THE",
        "type": "QUANTITY-ABSTR",
        "word": null,
        "roles": {
          "FIGURE": "#V1436101"
        },
        "start": 26,
        "end": 36
      },
      "V1436101": {
        "id": "V1436101",
        "indicator": "THE",
        "type": "BODILY-PROCESS",
        "word": "FUCK",
        "roles": {
          "LEX": "FUCK",
          "WNSENSE": "fuck%1:04:00::"
        },
        "start": 26,
        "end": 36
      },
      "root": "#V1436301"
    },
    {
      "V1436223": {
        "id": "V1436223",
        "indicator": "SA-SEQ",
        "type": "SPEECH-ACT",
        "word": null,
        "roles": {
          "ACT": "#V1436114",
          "ACT1": "#V1436289",
          "LEX": "SERIOUSLY"
        },
        "start": 1,
        "end": 20
      },
      "V1436114": {
        "id": "V1436114",
        "indicator": "SPEECHACT",
        "type": "SA_ACK",
        "word": null,
        "roles": {
          "CONTENT": "(OH)",
          "LEX": "OH"
        },
        "start": 1,
        "end": 4
      },
      "V1436289": {
        "id": "V1436289",
        "indicator": "SPEECHACT",
        "type": "SA_PRED-FRAGMENT",
        "word": null,
        "roles": {
          "CONTENT": "#V1436080",
          "LEX": "SERIOUSLY"
        },
        "start": 4,
        "end": 20
      },
      "V1436080": {
        "id": "V1436080",
        "indicator": "F",
        "type": "URGENT-VAL",
        "word": "SERIOUSLY",
        "roles": {
          "FIGURE": "#V1436290",
          "SCALE": "IMPORTANT-SCALE",
          "DEGREE": "#V1436065",
          "LEX": "SERIOUSLY",
          "WNSENSE": "seriously%4:02:00::"
        },
        "start": 4,
        "end": 20
      },
      "V1436290": {
        "id": "V1436290",
        "indicator": "IMPRO",
        "type": "ANY-SEM",
        "word": null,
        "roles": {},
        "start": 4,
        "end": 20
      },
      "V1436065": {
        "id": "V1436065",
        "indicator": "F",
        "type": "DEGREE-MODIFIER-MED",
        "word": "RIGHT",
        "roles": {
          "FIGURE": "#V1436080",
          "LEX": "RIGHT",
          "WNSENSE": "right%4:02:04::"
        },
        "start": 4,
        "end": 10
      },
      "root": "#V1436223"
    },
    {
      "V1436182": {
        "id": "V1436182",
        "indicator": "SPEECHACT",
        "type": "SA_WH-QUESTION",
        "word": null,
        "roles": {
          "CONTENT": "#V1436087",
          "FOCUS": "#V1436087",
          "LEX": "WHAT"
        },
        "start": 20,
        "end": 26
      },
      "V1436087": {
        "id": "V1436087",
        "indicator": "WH-TERM",
        "type": "REFERENTIAL-SEM",
        "word": "WHAT",
        "roles": {
          "PROFORM": "WHAT",
          "LEX": "WHAT",
          "WNSENSE": "entity%1:03:00"
        },
        "start": 20,
        "end": 26
      },
      "root": "#V1436182"
    },
    {
      "V1436301": {
        "id": "V1436301",
        "indicator": "SPEECHACT",
        "type": "SA_YN-QUESTION",
        "word": null,
        "roles": {
          "CONTENT": "#V1436267",
          "PUNCTYPE": "YNQ",
          "LEX": "-"
        },
        "start": 26,
        "end": 37
      },
      "V1436267": {
        "id": "V1436267",
        "indicator": "THE",
        "type": "QUANTITY-ABSTR",
        "word": null,
        "roles": {
          "FIGURE": "#V1436101"
        },
        "start": 26,
        "end": 36
      },
      "V1436101": {
        "id": "V1436101",
        "indicator": "THE",
        "type": "BODILY-PROCESS",
        "word": "FUCK",
        "roles": {
          "LEX": "FUCK",
          "WNSENSE": "fuck%1:04:00::"
        },
        "start": 26,
        "end": 36
      },
      "root": "#V1436301"
    },
    {
      "V1436223": {
        "id": "V1436223",
        "indicator": "SA-SEQ",
        "type": "SPEECH-ACT",
        "word": null,
        "roles": {
          "ACT": "#V1436114",
          "ACT1": "#V1436293",
          "LEX": "SERIOUSLY"
        },
        "start": 1,
        "end": 20
      },
      "V1436114": {
        "id": "V1436114",
        "indicator": "SPEECHACT",
        "type": "SA_ACK",
        "word": null,
        "roles": {
          "CONTENT": "(OH)",
          "LEX": "OH"
        },
        "start": 1,
        "end": 4
      },
      "V1436293": {
        "id": "V1436293",
        "indicator": "SPEECHACT",
        "type": "SA_PRED-FRAGMENT",
        "word": null,
        "roles": {
          "CONTENT": "#V1436079",
          "LEX": "SERIOUSLY"
        },
        "start": 4,
        "end": 20
      },
      "V1436079": {
        "id": "V1436079",
        "indicator": "F",
        "type": "DEGREE-MODIFIER-HIGH",
        "word": "SERIOUSLY",
        "roles": {
          "FIGURE": "#V1436294",
          "DEGREE": "#V1436065",
          "LEX": "SERIOUSLY",
          "WNSENSE": "seriously%4:02:01::"
        },
        "start": 4,
        "end": 20
      },
      "V1436294": {
        "id": "V1436294",
        "indicator": "IMPRO",
        "type": "ANY-SEM",
        "word": null,
        "roles": {},
        "start": 4,
        "end": 20
      },
      "V1436065": {
        "id": "V1436065",
        "indicator": "F",
        "type": "DEGREE-MODIFIER-MED",
        "word": "RIGHT",
        "roles": {
          "FIGURE": "#V1436079",
          "LEX": "RIGHT",
          "WNSENSE": "right%4:02:04::"
        },
        "start": 4,
        "end": 10
      },
      "root": "#V1436223"
    },
    {
      "V1436189": {
        "id": "V1436189",
        "indicator": "SPEECHACT",
        "type": "SA_WH-QUESTION",
        "word": null,
        "roles": {
          "CONTENT": "#V1436149",
          "FOCUS": "#V1436088",
          "LEX": "-"
        },
        "start": 20,
        "end": 26
      },
      "V1436149": {
        "id": "V1436149",
        "indicator": "THE",
        "type": "QUANTITY-ABSTR",
        "word": null,
        "roles": {
          "FIGURE": "#V1436088"
        },
        "start": 20,
        "end": 26
      },
      "V1436088": {
        "id": "V1436088",
        "indicator": "WH-TERM-SET",
        "type": "REFERENTIAL-SEM",
        "word": "WHAT",
        "roles": {
          "PROFORM": "WHAT",
          "LEX": "WHAT",
          "WNSENSE": "entity%1:03:00"
        },
        "start": 20,
        "end": 26
      },
      "root": "#V1436189"
    },
    {
      "V1436301": {
        "id": "V1436301",
        "indicator": "SPEECHACT",
        "type": "SA_YN-QUESTION",
        "word": null,
        "roles": {
          "CONTENT": "#V1436267",
          "PUNCTYPE": "YNQ",
          "LEX": "-"
        },
        "start": 26,
        "end": 37
      },
      "V1436267": {
        "id": "V1436267",
        "indicator": "THE",
        "type": "QUANTITY-ABSTR",
        "word": null,
        "roles": {
          "FIGURE": "#V1436101"
        },
        "start": 26,
        "end": 36
      },
      "V1436101": {
        "id": "V1436101",
        "indicator": "THE",
        "type": "BODILY-PROCESS",
        "word": "FUCK",
        "roles": {
          "LEX": "FUCK",
          "WNSENSE": "fuck%1:04:00::"
        },
        "start": 26,
        "end": 36
      },
      "root": "#V1436301"
    },
    {
      "V1436223": {
        "id": "V1436223",
        "indicator": "SA-SEQ",
        "type": "SPEECH-ACT",
        "word": null,
        "roles": {
          "ACT": "#V1436114",
          "ACT1": "#V1436293",
          "LEX": "SERIOUSLY"
        },
        "start": 1,
        "end": 20
      },
      "V1436114": {
        "id": "V1436114",
        "indicator": "SPEECHACT",
        "type": "SA_ACK",
        "word": null,
        "roles": {
          "CONTENT": "(OH)",
          "LEX": "OH"
        },
        "start": 1,
        "end": 4
      },
      "V1436293": {
        "id": "V1436293",
        "indicator": "SPEECHACT",
        "type": "SA_PRED-FRAGMENT",
        "word": null,
        "roles": {
          "CONTENT": "#V1436079",
          "LEX": "SERIOUSLY"
        },
        "start": 4,
        "end": 20
      },
      "V1436079": {
        "id": "V1436079",
        "indicator": "F",
        "type": "DEGREE-MODIFIER-HIGH",
        "word": "SERIOUSLY",
        "roles": {
          "FIGURE": "#V1436294",
          "DEGREE": "#V1436065",
          "LEX": "SERIOUSLY",
          "WNSENSE": "seriously%4:02:01::"
        },
        "start": 4,
        "end": 20
      },
      "V1436294": {
        "id": "V1436294",
        "indicator": "IMPRO",
        "type": "ANY-SEM",
        "word": null,
        "roles": {},
        "start": 4,
        "end": 20
      },
      "V1436065": {
        "id": "V1436065",
        "indicator": "F",
        "type": "DEGREE-MODIFIER-MED",
        "word": "RIGHT",
        "roles": {
          "FIGURE": "#V1436079",
          "LEX": "RIGHT",
          "WNSENSE": "right%4:02:04::"
        },
        "start": 4,
        "end": 10
      },
      "root": "#V1436223"
    },
    {
      "V1436187": {
        "id": "V1436187",
        "indicator": "SPEECHACT",
        "type": "SA_WH-QUESTION",
        "word": null,
        "roles": {
          "CONTENT": "#V1436147",
          "FOCUS": "#V1436087",
          "LEX": "-"
        },
        "start": 20,
        "end": 26
      },
      "V1436147": {
        "id": "V1436147",
        "indicator": "THE",
        "type": "QUANTITY-ABSTR",
        "word": null,
        "roles": {
          "FIGURE": "#V1436087"
        },
        "start": 20,
        "end": 26
      },
      "V1436087": {
        "id": "V1436087",
        "indicator": "WH-TERM",
        "type": "REFERENTIAL-SEM",
        "word": "WHAT",
        "roles": {
          "PROFORM": "WHAT",
          "LEX": "WHAT",
          "WNSENSE": "entity%1:03:00"
        },
        "start": 20,
        "end": 26
      },
      "root": "#V1436187"
    },
    {
      "V1436301": {
        "id": "V1436301",
        "indicator": "SPEECHACT",
        "type": "SA_YN-QUESTION",
        "word": null,
        "roles": {
          "CONTENT": "#V1436267",
          "PUNCTYPE": "YNQ",
          "LEX": "-"
        },
        "start": 26,
        "end": 37
      },
      "V1436267": {
        "id": "V1436267",
        "indicator": "THE",
        "type": "QUANTITY-ABSTR",
        "word": null,
        "roles": {
          "FIGURE": "#V1436101"
        },
        "start": 26,
        "end": 36
      },
      "V1436101": {
        "id": "V1436101",
        "indicator": "THE",
        "type": "BODILY-PROCESS",
        "word": "FUCK",
        "roles": {
          "LEX": "FUCK",
          "WNSENSE": "fuck%1:04:00::"
        },
        "start": 26,
        "end": 36
      },
      "root": "#V1436301"
    },
    {
      "V1436223": {
        "id": "V1436223",
        "indicator": "SA-SEQ",
        "type": "SPEECH-ACT",
        "word": null,
        "roles": {
          "ACT": "#V1436114",
          "ACT1": "#V1436289",
          "LEX": "SERIOUSLY"
        },
        "start": 1,
        "end": 20
      },
      "V1436114": {
        "id": "V1436114",
        "indicator": "SPEECHACT",
        "type": "SA_ACK",
        "word": null,
        "roles": {
          "CONTENT": "(OH)",
          "LEX": "OH"
        },
        "start": 1,
        "end": 4
      },
      "V1436289": {
        "id": "V1436289",
        "indicator": "SPEECHACT",
        "type": "SA_PRED-FRAGMENT",
        "word": null,
        "roles": {
          "CONTENT": "#V1436080",
          "LEX": "SERIOUSLY"
        },
        "start": 4,
        "end": 20
      },
      "V1436080": {
        "id": "V1436080",
        "indicator": "F",
        "type": "URGENT-VAL",
        "word": "SERIOUSLY",
        "roles": {
          "FIGURE": "#V1436290",
          "SCALE": "IMPORTANT-SCALE",
          "DEGREE": "#V1436065",
          "LEX": "SERIOUSLY",
          "WNSENSE": "seriously%4:02:00::"
        },
        "start": 4,
        "end": 20
      },
      "V1436290": {
        "id": "V1436290",
        "indicator": "IMPRO",
        "type": "ANY-SEM",
        "word": null,
        "roles": {},
        "start": 4,
        "end": 20
      },
      "V1436065": {
        "id": "V1436065",
        "indicator": "F",
        "type": "DEGREE-MODIFIER-MED",
        "word": "RIGHT",
        "roles": {
          "FIGURE": "#V1436080",
          "LEX": "RIGHT",
          "WNSENSE": "right%4:02:04::"
        },
        "start": 4,
        "end": 10
      },
      "root": "#V1436223"
    },
    {
      "V1436189": {
        "id": "V1436189",
        "indicator": "SPEECHACT",
        "type": "SA_WH-QUESTION",
        "word": null,
        "roles": {
          "CONTENT": "#V1436149",
          "FOCUS": "#V1436088",
          "LEX": "-"
        },
        "start": 20,
        "end": 26
      },
      "V1436149": {
        "id": "V1436149",
        "indicator": "THE",
        "type": "QUANTITY-ABSTR",
        "word": null,
        "roles": {
          "FIGURE": "#V1436088"
        },
        "start": 20,
        "end": 26
      },
      "V1436088": {
        "id": "V1436088",
        "indicator": "WH-TERM-SET",
        "type": "REFERENTIAL-SEM",
        "word": "WHAT",
        "roles": {
          "PROFORM": "WHAT",
          "LEX": "WHAT",
          "WNSENSE": "entity%1:03:00"
        },
        "start": 20,
        "end": 26
      },
      "root": "#V1436189"
    },
    {
      "V1436301": {
        "id": "V1436301",
        "indicator": "SPEECHACT",
        "type": "SA_YN-QUESTION",
        "word": null,
        "roles": {
          "CONTENT": "#V1436267",
          "PUNCTYPE": "YNQ",
          "LEX": "-"
        },
        "start": 26,
        "end": 37
      },
      "V1436267": {
        "id": "V1436267",
        "indicator": "THE",
        "type": "QUANTITY-ABSTR",
        "word": null,
        "roles": {
          "FIGURE": "#V1436101"
        },
        "start": 26,
        "end": 36
      },
      "V1436101": {
        "id": "V1436101",
        "indicator": "THE",
        "type": "BODILY-PROCESS",
        "word": "FUCK",
        "roles": {
          "LEX": "FUCK",
          "WNSENSE": "fuck%1:04:00::"
        },
        "start": 26,
        "end": 36
      },
      "root": "#V1436301"
    },
    {
      "V1436223": {
        "id": "V1436223",
        "indicator": "SA-SEQ",
        "type": "SPEECH-ACT",
        "word": null,
        "roles": {
          "ACT": "#V1436114",
          "ACT1": "#V1436289",
          "LEX": "SERIOUSLY"
        },
        "start": 1,
        "end": 20
      },
      "V1436114": {
        "id": "V1436114",
        "indicator": "SPEECHACT",
        "type": "SA_ACK",
        "word": null,
        "roles": {
          "CONTENT": "(OH)",
          "LEX": "OH"
        },
        "start": 1,
        "end": 4
      },
      "V1436289": {
        "id": "V1436289",
        "indicator": "SPEECHACT",
        "type": "SA_PRED-FRAGMENT",
        "word": null,
        "roles": {
          "CONTENT": "#V1436080",
          "LEX": "SERIOUSLY"
        },
        "start": 4,
        "end": 20
      },
      "V1436080": {
        "id": "V1436080",
        "indicator": "F",
        "type": "URGENT-VAL",
        "word": "SERIOUSLY",
        "roles": {
          "FIGURE": "#V1436290",
          "SCALE": "IMPORTANT-SCALE",
          "DEGREE": "#V1436065",
          "LEX": "SERIOUSLY",
          "WNSENSE": "seriously%4:02:00::"
        },
        "start": 4,
        "end": 20
      },
      "V1436290": {
        "id": "V1436290",
        "indicator": "IMPRO",
        "type": "ANY-SEM",
        "word": null,
        "roles": {},
        "start": 4,
        "end": 20
      },
      "V1436065": {
        "id": "V1436065",
        "indicator": "F",
        "type": "DEGREE-MODIFIER-MED",
        "word": "RIGHT",
        "roles": {
          "FIGURE": "#V1436080",
          "LEX": "RIGHT",
          "WNSENSE": "right%4:02:04::"
        },
        "start": 4,
        "end": 10
      },
      "root": "#V1436223"
    },
    {
      "V1436187": {
        "id": "V1436187",
        "indicator": "SPEECHACT",
        "type": "SA_WH-QUESTION",
        "word": null,
        "roles": {
          "CONTENT": "#V1436147",
          "FOCUS": "#V1436087",
          "LEX": "-"
        },
        "start": 20,
        "end": 26
      },
      "V1436147": {
        "id": "V1436147",
        "indicator": "THE",
        "type": "QUANTITY-ABSTR",
        "word": null,
        "roles": {
          "FIGURE": "#V1436087"
        },
        "start": 20,
        "end": 26
      },
      "V1436087": {
        "id": "V1436087",
        "indicator": "WH-TERM",
        "type": "REFERENTIAL-SEM",
        "word": "WHAT",
        "roles": {
          "PROFORM": "WHAT",
          "LEX": "WHAT",
          "WNSENSE": "entity%1:03:00"
        },
        "start": 20,
        "end": 26
      },
      "root": "#V1436187"
    },
    {
      "V1436301": {
        "id": "V1436301",
        "indicator": "SPEECHACT",
        "type": "SA_YN-QUESTION",
        "word": null,
        "roles": {
          "CONTENT": "#V1436267",
          "PUNCTYPE": "YNQ",
          "LEX": "-"
        },
        "start": 26,
        "end": 37
      },
      "V1436267": {
        "id": "V1436267",
        "indicator": "THE",
        "type": "QUANTITY-ABSTR",
        "word": null,
        "roles": {
          "FIGURE": "#V1436101"
        },
        "start": 26,
        "end": 36
      },
      "V1436101": {
        "id": "V1436101",
        "indicator": "THE",
        "type": "BODILY-PROCESS",
        "word": "FUCK",
        "roles": {
          "LEX": "FUCK",
          "WNSENSE": "fuck%1:04:00::"
        },
        "start": 26,
        "end": 36
      },
      "root": "#V1436301"
    },
    {
      "V1436223": {
        "id": "V1436223",
        "indicator": "SA-SEQ",
        "type": "SPEECH-ACT",
        "word": null,
        "roles": {
          "ACT": "#V1436114",
          "ACT1": "#V1436450",
          "LEX": "RIGHT"
        },
        "start": 1,
        "end": 20
      },
      "V1436114": {
        "id": "V1436114",
        "indicator": "SPEECHACT",
        "type": "SA_ACK",
        "word": null,
        "roles": {
          "CONTENT": "(OH)",
          "LEX": "OH"
        },
        "start": 1,
        "end": 4
      },
      "V1436450": {
        "id": "V1436450",
        "indicator": "SPEECHACT",
        "type": "SA_PRED-FRAGMENT",
        "word": null,
        "roles": {
          "CONTENT": "#V1436066",
          "LEX": "RIGHT"
        },
        "start": 4,
        "end": 20
      },
      "V1436066": {
        "id": "V1436066",
        "indicator": "F",
        "type": "RIGHT",
        "word": "RIGHT",
        "roles": {
          "FIGURE": "#V1436451",
          "SCALE": "SPATIAL-SCALE",
          "MOD": "#V1436080",
          "LEX": "RIGHT",
          "WNSENSE": "right%3:00:00::"
        },
        "start": 4,
        "end": 20
      },
      "V1436451": {
        "id": "V1436451",
        "indicator": "IMPRO",
        "type": "ANY-SEM",
        "word": null,
        "roles": {},
        "start": 4,
        "end": 20
      },
      "V1436080": {
        "id": "V1436080",
        "indicator": "F",
        "type": "URGENT-VAL",
        "word": "SERIOUSLY",
        "roles": {
          "SCALE": "IMPORTANT-SCALE",
          "LEX": "SERIOUSLY",
          "WNSENSE": "seriously%4:02:00::"
        },
        "start": 10,
        "end": 20
      },
      "root": "#V1436223"
    },
    {
      "V1436184": {
        "id": "V1436184",
        "indicator": "SPEECHACT",
        "type": "SA_WH-QUESTION",
        "word": null,
        "roles": {
          "CONTENT": "#V1436088",
          "FOCUS": "#V1436088",
          "LEX": "WHAT"
        },
        "start": 20,
        "end": 26
      },
      "V1436088": {
        "id": "V1436088",
        "indicator": "WH-TERM-SET",
        "type": "REFERENTIAL-SEM",
        "word": "WHAT",
        "roles": {
          "PROFORM": "WHAT",
          "LEX": "WHAT",
          "WNSENSE": "entity%1:03:00"
        },
        "start": 20,
        "end": 26
      },
      "root": "#V1436184"
    },
    {
      "V1436269": {
        "id": "V1436269",
        "indicator": "SPEECHACT",
        "type": "SA_YN-QUESTION",
        "word": null,
        "roles": {
          "CONTENT": "#V1436101",
          "PUNCTYPE": "YNQ",
          "LEX": "FUCK"
        },
        "start": 26,
        "end": 37
      },
      "V1436101": {
        "id": "V1436101",
        "indicator": "THE",
        "type": "BODILY-PROCESS",
        "word": "FUCK",
        "roles": {
          "LEX": "FUCK",
          "WNSENSE": "fuck%1:04:00::"
        },
        "start": 26,
        "end": 36
      },
      "root": "#V1436269"
    },
    {
      "V1436223": {
        "id": "V1436223",
        "indicator": "SA-SEQ",
        "type": "SPEECH-ACT",
        "word": null,
        "roles": {
          "ACT": "#V1436114",
          "ACT1": "#V1436450",
          "LEX": "RIGHT"
        },
        "start": 1,
        "end": 20
      },
      "V1436114": {
        "id": "V1436114",
        "indicator": "SPEECHACT",
        "type": "SA_ACK",
        "word": null,
        "roles": {
          "CONTENT": "(OH)",
          "LEX": "OH"
        },
        "start": 1,
        "end": 4
      },
      "V1436450": {
        "id": "V1436450",
        "indicator": "SPEECHACT",
        "type": "SA_PRED-FRAGMENT",
        "word": null,
        "roles": {
          "CONTENT": "#V1436066",
          "LEX": "RIGHT"
        },
        "start": 4,
        "end": 20
      },
      "V1436066": {
        "id": "V1436066",
        "indicator": "F",
        "type": "RIGHT",
        "word": "RIGHT",
        "roles": {
          "FIGURE": "#V1436451",
          "SCALE": "SPATIAL-SCALE",
          "MOD": "#V1436080",
          "LEX": "RIGHT",
          "WNSENSE": "right%3:00:00::"
        },
        "start": 4,
        "end": 20
      },
      "V1436451": {
        "id": "V1436451",
        "indicator": "IMPRO",
        "type": "ANY-SEM",
        "word": null,
        "roles": {},
        "start": 4,
        "end": 20
      },
      "V1436080": {
        "id": "V1436080",
        "indicator": "F",
        "type": "URGENT-VAL",
        "word": "SERIOUSLY",
        "roles": {
          "SCALE": "IMPORTANT-SCALE",
          "LEX": "SERIOUSLY",
          "WNSENSE": "seriously%4:02:00::"
        },
        "start": 10,
        "end": 20
      },
      "root": "#V1436223"
    },
    {
      "V1436182": {
        "id": "V1436182",
        "indicator": "SPEECHACT",
        "type": "SA_WH-QUESTION",
        "word": null,
        "roles": {
          "CONTENT": "#V1436087",
          "FOCUS": "#V1436087",
          "LEX": "WHAT"
        },
        "start": 20,
        "end": 26
      },
      "V1436087": {
        "id": "V1436087",
        "indicator": "WH-TERM",
        "type": "REFERENTIAL-SEM",
        "word": "WHAT",
        "roles": {
          "PROFORM": "WHAT",
          "LEX": "WHAT",
          "WNSENSE": "entity%1:03:00"
        },
        "start": 20,
        "end": 26
      },
      "root": "#V1436182"
    },
    {
      "V1436269": {
        "id": "V1436269",
        "indicator": "SPEECHACT",
        "type": "SA_YN-QUESTION",
        "word": null,
        "roles": {
          "CONTENT": "#V1436101",
          "PUNCTYPE": "YNQ",
          "LEX": "FUCK"
        },
        "start": 26,
        "end": 37
      },
      "V1436101": {
        "id": "V1436101",
        "indicator": "THE",
        "type": "BODILY-PROCESS",
        "word": "FUCK",
        "roles": {
          "LEX": "FUCK",
          "WNSENSE": "fuck%1:04:00::"
        },
        "start": 26,
        "end": 36
      },
      "root": "#V1436269"
    },
    {
      "V1436223": {
        "id": "V1436223",
        "indicator": "SA-SEQ",
        "type": "SPEECH-ACT",
        "word": null,
        "roles": {
          "ACT": "#V1436114",
          "ACT1": "#V1436450",
          "LEX": "RIGHT"
        },
        "start": 1,
        "end": 20
      },
      "V1436114": {
        "id": "V1436114",
        "indicator": "SPEECHACT",
        "type": "SA_ACK",
        "word": null,
        "roles": {
          "CONTENT": "(OH)",
          "LEX": "OH"
        },
        "start": 1,
        "end": 4
      },
      "V1436450": {
        "id": "V1436450",
        "indicator": "SPEECHACT",
        "type": "SA_PRED-FRAGMENT",
        "word": null,
        "roles": {
          "CONTENT": "#V1436066",
          "LEX": "RIGHT"
        },
        "start": 4,
        "end": 20
      },
      "V1436066": {
        "id": "V1436066",
        "indicator": "F",
        "type": "RIGHT",
        "word": "RIGHT",
        "roles": {
          "FIGURE": "#V1436451",
          "SCALE": "SPATIAL-SCALE",
          "MOD": "#V1436080",
          "LEX": "RIGHT",
          "WNSENSE": "right%3:00:00::"
        },
        "start": 4,
        "end": 20
      },
      "V1436451": {
        "id": "V1436451",
        "indicator": "IMPRO",
        "type": "ANY-SEM",
        "word": null,
        "roles": {},
        "start": 4,
        "end": 20
      },
      "V1436080": {
        "id": "V1436080",
        "indicator": "F",
        "type": "URGENT-VAL",
        "word": "SERIOUSLY",
        "roles": {
          "SCALE": "IMPORTANT-SCALE",
          "LEX": "SERIOUSLY",
          "WNSENSE": "seriously%4:02:00::"
        },
        "start": 10,
        "end": 20
      },
      "root": "#V1436223"
    },
    {
      "V1436189": {
        "id": "V1436189",
        "indicator": "SPEECHACT",
        "type": "SA_WH-QUESTION",
        "word": null,
        "roles": {
          "CONTENT": "#V1436149",
          "FOCUS": "#V1436088",
          "LEX": "-"
        },
        "start": 20,
        "end": 26
      },
      "V1436149": {
        "id": "V1436149",
        "indicator": "THE",
        "type": "QUANTITY-ABSTR",
        "word": null,
        "roles": {
          "FIGURE": "#V1436088"
        },
        "start": 20,
        "end": 26
      },
      "V1436088": {
        "id": "V1436088",
        "indicator": "WH-TERM-SET",
        "type": "REFERENTIAL-SEM",
        "word": "WHAT",
        "roles": {
          "PROFORM": "WHAT",
          "LEX": "WHAT",
          "WNSENSE": "entity%1:03:00"
        },
        "start": 20,
        "end": 26
      },
      "root": "#V1436189"
    },
    {
      "V1436269": {
        "id": "V1436269",
        "indicator": "SPEECHACT",
        "type": "SA_YN-QUESTION",
        "word": null,
        "roles": {
          "CONTENT": "#V1436101",
          "PUNCTYPE": "YNQ",
          "LEX": "FUCK"
        },
        "start": 26,
        "end": 37
      },
      "V1436101": {
        "id": "V1436101",
        "indicator": "THE",
        "type": "BODILY-PROCESS",
        "word": "FUCK",
        "roles": {
          "LEX": "FUCK",
          "WNSENSE": "fuck%1:04:00::"
        },
        "start": 26,
        "end": 36
      },
      "root": "#V1436269"
    },
    {
      "V1436223": {
        "id": "V1436223",
        "indicator": "SA-SEQ",
        "type": "SPEECH-ACT",
        "word": null,
        "roles": {
          "ACT": "#V1436114",
          "ACT1": "#V1436450",
          "LEX": "RIGHT"
        },
        "start": 1,
        "end": 20
      },
      "V1436114": {
        "id": "V1436114",
        "indicator": "SPEECHACT",
        "type": "SA_ACK",
        "word": null,
        "roles": {
          "CONTENT": "(OH)",
          "LEX": "OH"
        },
        "start": 1,
        "end": 4
      },
      "V1436450": {
        "id": "V1436450",
        "indicator": "SPEECHACT",
        "type": "SA_PRED-FRAGMENT",
        "word": null,
        "roles": {
          "CONTENT": "#V1436066",
          "LEX": "RIGHT"
        },
        "start": 4,
        "end": 20
      },
      "V1436066": {
        "id": "V1436066",
        "indicator": "F",
        "type": "RIGHT",
        "word": "RIGHT",
        "roles": {
          "FIGURE": "#V1436451",
          "SCALE": "SPATIAL-SCALE",
          "MOD": "#V1436080",
          "LEX": "RIGHT",
          "WNSENSE": "right%3:00:00::"
        },
        "start": 4,
        "end": 20
      },
      "V1436451": {
        "id": "V1436451",
        "indicator": "IMPRO",
        "type": "ANY-SEM",
        "word": null,
        "roles": {},
        "start": 4,
        "end": 20
      },
      "V1436080": {
        "id": "V1436080",
        "indicator": "F",
        "type": "URGENT-VAL",
        "word": "SERIOUSLY",
        "roles": {
          "SCALE": "IMPORTANT-SCALE",
          "LEX": "SERIOUSLY",
          "WNSENSE": "seriously%4:02:00::"
        },
        "start": 10,
        "end": 20
      },
      "root": "#V1436223"
    },
    {
      "V1436187": {
        "id": "V1436187",
        "indicator": "SPEECHACT",
        "type": "SA_WH-QUESTION",
        "word": null,
        "roles": {
          "CONTENT": "#V1436147",
          "FOCUS": "#V1436087",
          "LEX": "-"
        },
        "start": 20,
        "end": 26
      },
      "V1436147": {
        "id": "V1436147",
        "indicator": "THE",
        "type": "QUANTITY-ABSTR",
        "word": null,
        "roles": {
          "FIGURE": "#V1436087"
        },
        "start": 20,
        "end": 26
      },
      "V1436087": {
        "id": "V1436087",
        "indicator": "WH-TERM",
        "type": "REFERENTIAL-SEM",
        "word": "WHAT",
        "roles": {
          "PROFORM": "WHAT",
          "LEX": "WHAT",
          "WNSENSE": "entity%1:03:00"
        },
        "start": 20,
        "end": 26
      },
      "root": "#V1436187"
    },
    {
      "V1436269": {
        "id": "V1436269",
        "indicator": "SPEECHACT",
        "type": "SA_YN-QUESTION",
        "word": null,
        "roles": {
          "CONTENT": "#V1436101",
          "PUNCTYPE": "YNQ",
          "LEX": "FUCK"
        },
        "start": 26,
        "end": 37
      },
      "V1436101": {
        "id": "V1436101",
        "indicator": "THE",
        "type": "BODILY-PROCESS",
        "word": "FUCK",
        "roles": {
          "LEX": "FUCK",
          "WNSENSE": "fuck%1:04:00::"
        },
        "start": 26,
        "end": 36
      },
      "root": "#V1436269"
    }
  ],
  "inputtags": [],
  "debug": [
    "*last-utt-id*=NIL  utt-id+271",
    "*last-utt-id*=271  utt-id+271",
    "*last-utt-id*=271  utt-id+271",
    "*last-utt-id*=271  utt-id+271",
    "*last-utt-id*=271  utt-id+NIL"
  ]
}
