{
  "parse": [
    {
      "V1968604": {
        "id": "V1968604",
        "indicator": "F",
        "type": "EXPLODE",
        "word": "FIRE",
        "roles": {
          "MOD": [
            "#V1968529",
            "#V1968598"
          ],
          "RESULT": "#V1968614",
          "VFORM": "PASSIVE",
          "LEX": "FIRED"
        },
        "start": 0,
        "end": 47
      },
      "V1968529": {
        "id": "V1968529",
        "indicator": "F",
        "type": "SITUATED-IN",
        "word": "IN",
        "roles": {
          "GROUND": "#V1968590",
          "FIGURE": "#V1968604",
          "LEX": "IN"
        },
        "start": 0,
        "end": 12
      },
      "V1968590": {
        "id": "V1968590",
        "indicator": "BARE",
        "type": "OUTCOME",
        "word": "RESPONSE",
        "roles": {
          "LEX": "RESPONSE",
          "WNSENSE": "response%1:19:00::"
        },
        "start": 3,
        "end": 12
      },
      "V1968598": {
        "id": "V1968598",
        "indicator": "F",
        "type": "PREDICATE",
        "word": "EPICALLY",
        "roles": {
          "FIGURE": "#V1968604",
          "LEX": "EPICALLY"
        },
        "start": 12,
        "end": 21
      },
      "V1968614": {
        "id": "V1968614",
        "indicator": "F",
        "type": "FROM-LOC",
        "word": "FROM",
        "roles": {
          "GROUND": "#V1968835",
          "LEX": "FROM"
        },
        "start": 27,
        "end": 47
      },
      "V1968835": {
        "id": "V1968835",
        "indicator": "THE",
        "type": "QUANTITY-ABSTR",
        "word": null,
        "roles": {
          "FIGURE": "#V1968629"
        },
        "start": 32,
        "end": 47
      },
      "V1968629": {
        "id": "V1968629",
        "indicator": "THE",
        "type": "WORKING",
        "word": "JOB",
        "roles": {
          "ASSOC-POSS": "#V1968623",
          "ASSOC-WITH": "#V1968626",
          "LEX": "JOB",
          "WNSENSE": "work%2:41:05"
        },
        "start": 32,
        "end": 47
      },
      "V1968626": {
        "id": "V1968626",
        "indicator": "KIND",
        "type": "PROFESSIONAL",
        "word": "EXECUTIVE",
        "roles": {
          "LEX": "EXECUTIVE",
          "WNSENSE": "professional%1:18:00"
        },
        "start": 32,
        "end": 47
      },
      "V1968623": {
        "id": "V1968623",
        "indicator": "PRO",
        "type": "PERSON",
        "word": "MY",
        "roles": {
          "LEX": "MY",
          "PROFORM": "MY",
          "WNSENSE": "person%1:03:00",
          "COREF": "USER"
        },
        "start": 32,
        "end": 47
      },
      "root": "#V1968604"
    }
  ],
  "inputtags": [],
  "debug": [
    "*last-utt-id*=NIL  utt-id+355",
    "*last-utt-id*=355  utt-id+NIL"
  ]
}
