{
  "parse": [
    {
      "V682023": {
        "id": "V682023",
        "indicator": "SPEECHACT",
        "type": "SA_TELL",
        "word": null,
        "roles": {
          "PUNCTYPE": "DECL",
          "CONTENT": "#V681748",
          "LEX": "SHOVE"
        },
        "start": 0,
        "end": 37
      },
      "V681748": {
        "id": "V681748",
        "indicator": "F",
        "type": "PUSH",
        "word": "SHOVE",
        "roles": {
          "RESULT": "#V681756",
          "AGENT": "#V681727",
          "AFFECTED": "#V681751",
          "TIME": "#V681710",
          "TENSE": "PRES",
          "MODALITY": "(:* CONDITIONAL WOULD)",
          "LEX": "SHOVE"
        },
        "start": 0,
        "end": 37
      },
      "V681710": {
        "id": "V681710",
        "indicator": "F",
        "type": "EVENT-TIME-REL",
        "word": "TODAY",
        "roles": {
          "GROUND": "#V681789",
          "FIGURE": "#V681748",
          "LEX": "TODAY",
          "WNSENSE": "today%4:02:01::"
        },
        "start": 0,
        "end": 6
      },
      "V681789": {
        "id": "V681789",
        "indicator": "IMPRO",
        "type": "TODAY",
        "word": null,
        "roles": {
          "PROFORM": "TODAY"
        },
        "start": 0,
        "end": 6
      },
      "V681727": {
        "id": "V681727",
        "indicator": "PRO",
        "type": "PERSON",
        "word": "I",
        "roles": {
          "PROFORM": "I",
          "LEX": "I",
          "WNSENSE": "person%1:03:00",
          "COREF": "USER"
        },
        "start": 6,
        "end": 8
      },
      "V681751": {
        "id": "V681751",
        "indicator": "PRO",
        "type": "MALE-PERSON",
        "word": "HIM",
        "roles": {
          "PROFORM": "HIM",
          "LEX": "HIM",
          "WNSENSE": "man%1:18:00"
        },
        "start": 20,
        "end": 24
      },
      "V681756": {
        "id": "V681756",
        "indicator": "F",
        "type": "OFF",
        "word": "OFF",
        "roles": {
          "GROUND": "#V681774",
          "FIGURE": "#V681751",
          "LEX": "OFF",
          "WNSENSE": "off%4:02:03::"
        },
        "start": 24,
        "end": 37
      },
      "V681774": {
        "id": "V681774",
        "indicator": "THE",
        "type": "VEHICLE-PART",
        "word": "SEAT",
        "roles": {
          "LEX": "SEAT",
          "WNSENSE": "seat%1:06:03::"
        },
        "start": 28,
        "end": 37
      },
      "root": "#V682023"
    }
  ],
  "inputtags": [],
  "debug": [
    "*last-utt-id*=NIL  utt-id+132",
    "*last-utt-id*=132  utt-id+NIL"
  ]
}
