{
  "parse": [
    {
      "V679765": {
        "id": "V679765",
        "indicator": "SPEECHACT",
        "type": "SA_IDENTIFY",
        "word": null,
        "roles": {
          "CONTENT": "#V679617",
          "MOD": "#V679598",
          "LEX": "TIME"
        },
        "start": 0,
        "end": 17
      },
      "V679598": {
        "id": "V679598",
        "indicator": "F",
        "type": "CONJUNCT",
        "word": "AND",
        "roles": {
          "FIGURE": "#V679765",
          "LEX": "AND"
        },
        "start": 0,
        "end": 4
      },
      "V679617": {
        "id": "V679617",
        "indicator": "A",
        "type": "TIME-OBJECT",
        "word": "TIME",
        "roles": {
          "MOD": "#V679712",
          "SCALE": "TIME-LOC-SCALE",
          "LEX": "TIME"
        },
        "start": 4,
        "end": 17
      },
      "V679712": {
        "id": "V679712",
        "indicator": "F",
        "type": "OTHER",
        "word": null,
        "roles": {
          "FIGURE": "#V679617",
          "GROUND": "#V679713"
        },
        "start": 4,
        "end": 17
      },
      "V679713": {
        "id": "V679713",
        "indicator": "IMPRO",
        "type": "TIME-OBJECT",
        "word": "TIME",
        "roles": {},
        "start": 4,
        "end": 17
      },
      "root": "#V679765"
    },
    {
      "V680276": {
        "id": "V680276",
        "indicator": "SPEECHACT",
        "type": "SA_TELL",
        "word": null,
        "roles": {
          "PUNCTYPE": "DECL",
          "CONTENT": "#V679635",
          "LEX": "GAVE"
        },
        "start": 17,
        "end": 36
      },
      "V679635": {
        "id": "V679635",
        "indicator": "F",
        "type": "GIVING",
        "word": "GIVE",
        "roles": {
          "AGENT": "#V679630",
          "AFFECTED-RESULT": "#V679659",
          "AFFECTED": "#V679940",
          "TENSE": "PAST",
          "LEX": "GAVE",
          "WNSENSE": "give%2:40:03::"
        },
        "start": 17,
        "end": 36
      },
      "V679630": {
        "id": "V679630",
        "indicator": "PRO",
        "type": "MALE-PERSON",
        "word": "HE",
        "roles": {
          "PROFORM": "HE",
          "LEX": "HE",
          "WNSENSE": "man%1:18:00"
        },
        "start": 17,
        "end": 20
      },
      "V679659": {
        "id": "V679659",
        "indicator": "PRO",
        "type": "PERSON",
        "word": "ME",
        "roles": {
          "PROFORM": "ME",
          "LEX": "ME",
          "WNSENSE": "person%1:03:00",
          "COREF": "USER"
        },
        "start": 25,
        "end": 28
      },
      "V679940": {
        "id": "V679940",
        "indicator": "THE",
        "type": "QUANTITY-ABSTR",
        "word": null,
        "roles": {
          "FIGURE": "#V679757"
        },
        "start": 28,
        "end": 36
      },
      "V679757": {
        "id": "V679757",
        "indicator": "THE",
        "type": "REFERENTIAL-SEM",
        "word": null,
        "roles": {
          "MOD": "#V679705",
          "LEX": "A"
        },
        "start": 28,
        "end": 36
      },
      "V679705": {
        "id": "V679705",
        "indicator": "F",
        "type": "PROPERTY-VAL",
        "word": "WEDGY",
        "roles": {
          "FIGURE": "#V679757",
          "SCALE": "DOMAIN",
          "LEX": "WEDGY"
        },
        "start": 30,
        "end": 36
      },
      "root": "#V680276"
    },
    {
      "V679765": {
        "id": "V679765",
        "indicator": "SPEECHACT",
        "type": "SA_IDENTIFY",
        "word": null,
        "roles": {
          "CONTENT": "#V679617",
          "MOD": "#V679598",
          "LEX": "TIME"
        },
        "start": 0,
        "end": 17
      },
      "V679598": {
        "id": "V679598",
        "indicator": "F",
        "type": "CONJUNCT",
        "word": "AND",
        "roles": {
          "FIGURE": "#V679765",
          "LEX": "AND"
        },
        "start": 0,
        "end": 4
      },
      "V679617": {
        "id": "V679617",
        "indicator": "A",
        "type": "TIME-OBJECT",
        "word": "TIME",
        "roles": {
          "MOD": "#V679712",
          "SCALE": "TIME-LOC-SCALE",
          "LEX": "TIME"
        },
        "start": 4,
        "end": 17
      },
      "V679712": {
        "id": "V679712",
        "indicator": "F",
        "type": "OTHER",
        "word": null,
        "roles": {
          "FIGURE": "#V679617",
          "GROUND": "#V679713"
        },
        "start": 4,
        "end": 17
      },
      "V679713": {
        "id": "V679713",
        "indicator": "IMPRO",
        "type": "TIME-OBJECT",
        "word": "TIME",
        "roles": {},
        "start": 4,
        "end": 17
      },
      "root": "#V679765"
    },
    {
      "V680295": {
        "id": "V680295",
        "indicator": "SPEECHACT",
        "type": "SA_TELL",
        "word": null,
        "roles": {
          "PUNCTYPE": "DECL",
          "CONTENT": "#V679635",
          "LEX": "GAVE"
        },
        "start": 17,
        "end": 37
      },
      "V679635": {
        "id": "V679635",
        "indicator": "F",
        "type": "GIVING",
        "word": "GIVE",
        "roles": {
          "AGENT": "#V679630",
          "AFFECTED-RESULT": "#V679733",
          "AFFECTED": "#V679940",
          "TENSE": "PAST",
          "LEX": "GAVE",
          "WNSENSE": "give%2:40:03::"
        },
        "start": 17,
        "end": 36
      },
      "V679630": {
        "id": "V679630",
        "indicator": "PRO",
        "type": "MALE-PERSON",
        "word": "HE",
        "roles": {
          "PROFORM": "HE",
          "LEX": "HE",
          "WNSENSE": "man%1:18:00"
        },
        "start": 17,
        "end": 20
      },
      "V679733": {
        "id": "V679733",
        "indicator": "THE",
        "type": "QUANTITY-ABSTR",
        "word": null,
        "roles": {
          "FIGURE": "#V679659"
        },
        "start": 25,
        "end": 28
      },
      "V679659": {
        "id": "V679659",
        "indicator": "PRO",
        "type": "PERSON",
        "word": "ME",
        "roles": {
          "PROFORM": "ME",
          "LEX": "ME",
          "WNSENSE": "person%1:03:00"
        },
        "start": 25,
        "end": 28
      },
      "V679940": {
        "id": "V679940",
        "indicator": "THE",
        "type": "QUANTITY-ABSTR",
        "word": null,
        "roles": {
          "FIGURE": "#V679757"
        },
        "start": 28,
        "end": 36
      },
      "V679757": {
        "id": "V679757",
        "indicator": "THE",
        "type": "REFERENTIAL-SEM",
        "word": null,
        "roles": {
          "MOD": "#V679705",
          "LEX": "A"
        },
        "start": 28,
        "end": 36
      },
      "V679705": {
        "id": "V679705",
        "indicator": "F",
        "type": "PROPERTY-VAL",
        "word": "WEDGY",
        "roles": {
          "FIGURE": "#V679757",
          "SCALE": "DOMAIN",
          "LEX": "WEDGY"
        },
        "start": 30,
        "end": 36
      },
      "root": "#V680295"
    },
    {
      "V679799": {
        "id": "V679799",
        "indicator": "SPEECHACT",
        "type": "SA_IDENTIFY",
        "word": null,
        "roles": {
          "CONTENT": "#V679741",
          "MOD": "#V679598",
          "LEX": "-"
        },
        "start": 0,
        "end": 17
      },
      "V679598": {
        "id": "V679598",
        "indicator": "F",
        "type": "CONJUNCT",
        "word": "AND",
        "roles": {
          "FIGURE": "#V679799",
          "LEX": "AND"
        },
        "start": 0,
        "end": 4
      },
      "V679741": {
        "id": "V679741",
        "indicator": "THE",
        "type": "QUANTITY-ABSTR",
        "word": null,
        "roles": {
          "FIGURE": "#V679617"
        },
        "start": 4,
        "end": 17
      },
      "V679617": {
        "id": "V679617",
        "indicator": "A",
        "type": "TIME-OBJECT",
        "word": "TIME",
        "roles": {
          "MOD": "#V679712",
          "SCALE": "TIME-LOC-SCALE",
          "LEX": "TIME"
        },
        "start": 4,
        "end": 17
      },
      "V679712": {
        "id": "V679712",
        "indicator": "F",
        "type": "OTHER",
        "word": null,
        "roles": {
          "FIGURE": "#V679617",
          "GROUND": "#V679713"
        },
        "start": 4,
        "end": 17
      },
      "V679713": {
        "id": "V679713",
        "indicator": "IMPRO",
        "type": "TIME-OBJECT",
        "word": "TIME",
        "roles": {},
        "start": 4,
        "end": 17
      },
      "root": "#V679799"
    },
    {
      "V680276": {
        "id": "V680276",
        "indicator": "SPEECHACT",
        "type": "SA_TELL",
        "word": null,
        "roles": {
          "PUNCTYPE": "DECL",
          "CONTENT": "#V679635",
          "LEX": "GAVE"
        },
        "start": 17,
        "end": 37
      },
      "V679635": {
        "id": "V679635",
        "indicator": "F",
        "type": "GIVING",
        "word": "GIVE",
        "roles": {
          "AGENT": "#V679630",
          "AFFECTED-RESULT": "#V679659",
          "AFFECTED": "#V679940",
          "TENSE": "PAST",
          "LEX": "GAVE",
          "WNSENSE": "give%2:40:03::"
        },
        "start": 17,
        "end": 36
      },
      "V679630": {
        "id": "V679630",
        "indicator": "PRO",
        "type": "MALE-PERSON",
        "word": "HE",
        "roles": {
          "PROFORM": "HE",
          "LEX": "HE",
          "WNSENSE": "man%1:18:00"
        },
        "start": 17,
        "end": 20
      },
      "V679659": {
        "id": "V679659",
        "indicator": "PRO",
        "type": "PERSON",
        "word": "ME",
        "roles": {
          "PROFORM": "ME",
          "LEX": "ME",
          "WNSENSE": "person%1:03:00"
        },
        "start": 25,
        "end": 28
      },
      "V679940": {
        "id": "V679940",
        "indicator": "THE",
        "type": "QUANTITY-ABSTR",
        "word": null,
        "roles": {
          "FIGURE": "#V679757"
        },
        "start": 28,
        "end": 36
      },
      "V679757": {
        "id": "V679757",
        "indicator": "THE",
        "type": "REFERENTIAL-SEM",
        "word": null,
        "roles": {
          "MOD": "#V679705",
          "LEX": "A"
        },
        "start": 28,
        "end": 36
      },
      "V679705": {
        "id": "V679705",
        "indicator": "F",
        "type": "PROPERTY-VAL",
        "word": "WEDGY",
        "roles": {
          "FIGURE": "#V679757",
          "SCALE": "DOMAIN",
          "LEX": "WEDGY"
        },
        "start": 30,
        "end": 36
      },
      "root": "#V680276"
    },
    {
      "V679799": {
        "id": "V679799",
        "indicator": "SPEECHACT",
        "type": "SA_IDENTIFY",
        "word": null,
        "roles": {
          "CONTENT": "#V679741",
          "MOD": "#V679598",
          "LEX": "-"
        },
        "start": 0,
        "end": 17
      },
      "V679598": {
        "id": "V679598",
        "indicator": "F",
        "type": "CONJUNCT",
        "word": "AND",
        "roles": {
          "FIGURE": "#V679799",
          "LEX": "AND"
        },
        "start": 0,
        "end": 4
      },
      "V679741": {
        "id": "V679741",
        "indicator": "THE",
        "type": "QUANTITY-ABSTR",
        "word": null,
        "roles": {
          "FIGURE": "#V679617"
        },
        "start": 4,
        "end": 17
      },
      "V679617": {
        "id": "V679617",
        "indicator": "A",
        "type": "TIME-OBJECT",
        "word": "TIME",
        "roles": {
          "MOD": "#V679712",
          "SCALE": "TIME-LOC-SCALE",
          "LEX": "TIME"
        },
        "start": 4,
        "end": 17
      },
      "V679712": {
        "id": "V679712",
        "indicator": "F",
        "type": "OTHER",
        "word": null,
        "roles": {
          "FIGURE": "#V679617",
          "GROUND": "#V679713"
        },
        "start": 4,
        "end": 17
      },
      "V679713": {
        "id": "V679713",
        "indicator": "IMPRO",
        "type": "TIME-OBJECT",
        "word": "TIME",
        "roles": {},
        "start": 4,
        "end": 17
      },
      "root": "#V679799"
    },
    {
      "V680295": {
        "id": "V680295",
        "indicator": "SPEECHACT",
        "type": "SA_TELL",
        "word": null,
        "roles": {
          "PUNCTYPE": "DECL",
          "CONTENT": "#V679635",
          "LEX": "GAVE"
        },
        "start": 17,
        "end": 37
      },
      "V679635": {
        "id": "V679635",
        "indicator": "F",
        "type": "GIVING",
        "word": "GIVE",
        "roles": {
          "AGENT": "#V679630",
          "AFFECTED-RESULT": "#V679733",
          "AFFECTED": "#V679940",
          "TENSE": "PAST",
          "LEX": "GAVE",
          "WNSENSE": "give%2:40:03::"
        },
        "start": 17,
        "end": 36
      },
      "V679630": {
        "id": "V679630",
        "indicator": "PRO",
        "type": "MALE-PERSON",
        "word": "HE",
        "roles": {
          "PROFORM": "HE",
          "LEX": "HE",
          "WNSENSE": "man%1:18:00"
        },
        "start": 17,
        "end": 20
      },
      "V679733": {
        "id": "V679733",
        "indicator": "THE",
        "type": "QUANTITY-ABSTR",
        "word": null,
        "roles": {
          "FIGURE": "#V679659"
        },
        "start": 25,
        "end": 28
      },
      "V679659": {
        "id": "V679659",
        "indicator": "PRO",
        "type": "PERSON",
        "word": "ME",
        "roles": {
          "PROFORM": "ME",
          "LEX": "ME",
          "WNSENSE": "person%1:03:00"
        },
        "start": 25,
        "end": 28
      },
      "V679940": {
        "id": "V679940",
        "indicator": "THE",
        "type": "QUANTITY-ABSTR",
        "word": null,
        "roles": {
          "FIGURE": "#V679757"
        },
        "start": 28,
        "end": 36
      },
      "V679757": {
        "id": "V679757",
        "indicator": "THE",
        "type": "REFERENTIAL-SEM",
        "word": null,
        "roles": {
          "MOD": "#V679705",
          "LEX": "A"
        },
        "start": 28,
        "end": 36
      },
      "V679705": {
        "id": "V679705",
        "indicator": "F",
        "type": "PROPERTY-VAL",
        "word": "WEDGY",
        "roles": {
          "FIGURE": "#V679757",
          "SCALE": "DOMAIN",
          "LEX": "WEDGY"
        },
        "start": 30,
        "end": 36
      },
      "root": "#V680295"
    },
    {
      "V679873": {
        "id": "V679873",
        "indicator": "SPEECHACT",
        "type": "SA_IDENTIFY",
        "word": null,
        "roles": {
          "CONTENT": "#V679853",
          "MOD": "#V679598",
          "LEX": "-"
        },
        "start": 0,
        "end": 17
      },
      "V679598": {
        "id": "V679598",
        "indicator": "F",
        "type": "CONJUNCT",
        "word": "AND",
        "roles": {
          "FIGURE": "#V679873",
          "LEX": "AND"
        },
        "start": 0,
        "end": 4
      },
      "V679853": {
        "id": "V679853",
        "indicator": "THE",
        "type": "QUANTITY-ABSTR",
        "word": null,
        "roles": {
          "FIGURE": "#V679619"
        },
        "start": 4,
        "end": 17
      },
      "V679619": {
        "id": "V679619",
        "indicator": "BARE",
        "type": "DURATION-SCALE",
        "word": "TIME",
        "roles": {
          "MOD": "#V679608",
          "LEX": "TIME",
          "WNSENSE": "time%1:03:00::"
        },
        "start": 4,
        "end": 17
      },
      "V679608": {
        "id": "V679608",
        "indicator": "F",
        "type": "OTHER",
        "word": "ANOTHER",
        "roles": {
          "FIGURE": "#V679619",
          "SCALE": "SIMILARITY-SCALE",
          "LEX": "ANOTHER",
          "WNSENSE": "another%5:00:00:other:00"
        },
        "start": 4,
        "end": 12
      },
      "root": "#V679873"
    },
    {
      "V680276": {
        "id": "V680276",
        "indicator": "SPEECHACT",
        "type": "SA_TELL",
        "word": null,
        "roles": {
          "PUNCTYPE": "DECL",
          "CONTENT": "#V679635",
          "LEX": "GAVE"
        },
        "start": 17,
        "end": 37
      },
      "V679635": {
        "id": "V679635",
        "indicator": "F",
        "type": "GIVING",
        "word": "GIVE",
        "roles": {
          "AGENT": "#V679630",
          "AFFECTED-RESULT": "#V679659",
          "AFFECTED": "#V679940",
          "TENSE": "PAST",
          "LEX": "GAVE",
          "WNSENSE": "give%2:40:03::"
        },
        "start": 17,
        "end": 36
      },
      "V679630": {
        "id": "V679630",
        "indicator": "PRO",
        "type": "MALE-PERSON",
        "word": "HE",
        "roles": {
          "PROFORM": "HE",
          "LEX": "HE",
          "WNSENSE": "man%1:18:00"
        },
        "start": 17,
        "end": 20
      },
      "V679659": {
        "id": "V679659",
        "indicator": "PRO",
        "type": "PERSON",
        "word": "ME",
        "roles": {
          "PROFORM": "ME",
          "LEX": "ME",
          "WNSENSE": "person%1:03:00"
        },
        "start": 25,
        "end": 28
      },
      "V679940": {
        "id": "V679940",
        "indicator": "THE",
        "type": "QUANTITY-ABSTR",
        "word": null,
        "roles": {
          "FIGURE": "#V679757"
        },
        "start": 28,
        "end": 36
      },
      "V679757": {
        "id": "V679757",
        "indicator": "THE",
        "type": "REFERENTIAL-SEM",
        "word": null,
        "roles": {
          "MOD": "#V679705",
          "LEX": "A"
        },
        "start": 28,
        "end": 36
      },
      "V679705": {
        "id": "V679705",
        "indicator": "F",
        "type": "PROPERTY-VAL",
        "word": "WEDGY",
        "roles": {
          "FIGURE": "#V679757",
          "SCALE": "DOMAIN",
          "LEX": "WEDGY"
        },
        "start": 30,
        "end": 36
      },
      "root": "#V680276"
    },
    {
      "V679871": {
        "id": "V679871",
        "indicator": "SPEECHACT",
        "type": "SA_IDENTIFY",
        "word": null,
        "roles": {
          "CONTENT": "#V679847",
          "MOD": "#V679598",
          "LEX": "-"
        },
        "start": 0,
        "end": 17
      },
      "V679598": {
        "id": "V679598",
        "indicator": "F",
        "type": "CONJUNCT",
        "word": "AND",
        "roles": {
          "FIGURE": "#V679871",
          "LEX": "AND"
        },
        "start": 0,
        "end": 4
      },
      "V679847": {
        "id": "V679847",
        "indicator": "THE",
        "type": "QUANTITY-ABSTR",
        "word": null,
        "roles": {
          "FIGURE": "#V679620"
        },
        "start": 4,
        "end": 17
      },
      "V679620": {
        "id": "V679620",
        "indicator": "BARE",
        "type": "TIME-LOC",
        "word": "TIME",
        "roles": {
          "MOD": "#V679608",
          "LEX": "TIME",
          "WNSENSE": "date%1:28:03"
        },
        "start": 4,
        "end": 17
      },
      "V679608": {
        "id": "V679608",
        "indicator": "F",
        "type": "OTHER",
        "word": "ANOTHER",
        "roles": {
          "FIGURE": "#V679620",
          "SCALE": "SIMILARITY-SCALE",
          "LEX": "ANOTHER",
          "WNSENSE": "another%5:00:00:other:00"
        },
        "start": 4,
        "end": 12
      },
      "root": "#V679871"
    },
    {
      "V680276": {
        "id": "V680276",
        "indicator": "SPEECHACT",
        "type": "SA_TELL",
        "word": null,
        "roles": {
          "PUNCTYPE": "DECL",
          "CONTENT": "#V679635",
          "LEX": "GAVE"
        },
        "start": 17,
        "end": 37
      },
      "V679635": {
        "id": "V679635",
        "indicator": "F",
        "type": "GIVING",
        "word": "GIVE",
        "roles": {
          "AGENT": "#V679630",
          "AFFECTED-RESULT": "#V679659",
          "AFFECTED": "#V679940",
          "TENSE": "PAST",
          "LEX": "GAVE",
          "WNSENSE": "give%2:40:03::"
        },
        "start": 17,
        "end": 36
      },
      "V679630": {
        "id": "V679630",
        "indicator": "PRO",
        "type": "MALE-PERSON",
        "word": "HE",
        "roles": {
          "PROFORM": "HE",
          "LEX": "HE",
          "WNSENSE": "man%1:18:00"
        },
        "start": 17,
        "end": 20
      },
      "V679659": {
        "id": "V679659",
        "indicator": "PRO",
        "type": "PERSON",
        "word": "ME",
        "roles": {
          "PROFORM": "ME",
          "LEX": "ME",
          "WNSENSE": "person%1:03:00"
        },
        "start": 25,
        "end": 28
      },
      "V679940": {
        "id": "V679940",
        "indicator": "THE",
        "type": "QUANTITY-ABSTR",
        "word": null,
        "roles": {
          "FIGURE": "#V679757"
        },
        "start": 28,
        "end": 36
      },
      "V679757": {
        "id": "V679757",
        "indicator": "THE",
        "type": "REFERENTIAL-SEM",
        "word": null,
        "roles": {
          "MOD": "#V679705",
          "LEX": "A"
        },
        "start": 28,
        "end": 36
      },
      "V679705": {
        "id": "V679705",
        "indicator": "F",
        "type": "PROPERTY-VAL",
        "word": "WEDGY",
        "roles": {
          "FIGURE": "#V679757",
          "SCALE": "DOMAIN",
          "LEX": "WEDGY"
        },
        "start": 30,
        "end": 36
      },
      "root": "#V680276"
    },
    {
      "V679873": {
        "id": "V679873",
        "indicator": "SPEECHACT",
        "type": "SA_IDENTIFY",
        "word": null,
        "roles": {
          "CONTENT": "#V679853",
          "MOD": "#V679598",
          "LEX": "-"
        },
        "start": 0,
        "end": 17
      },
      "V679598": {
        "id": "V679598",
        "indicator": "F",
        "type": "CONJUNCT",
        "word": "AND",
        "roles": {
          "FIGURE": "#V679873",
          "LEX": "AND"
        },
        "start": 0,
        "end": 4
      },
      "V679853": {
        "id": "V679853",
        "indicator": "THE",
        "type": "QUANTITY-ABSTR",
        "word": null,
        "roles": {
          "FIGURE": "#V679619"
        },
        "start": 4,
        "end": 17
      },
      "V679619": {
        "id": "V679619",
        "indicator": "BARE",
        "type": "DURATION-SCALE",
        "word": "TIME",
        "roles": {
          "MOD": "#V679608",
          "LEX": "TIME",
          "WNSENSE": "time%1:03:00::"
        },
        "start": 4,
        "end": 17
      },
      "V679608": {
        "id": "V679608",
        "indicator": "F",
        "type": "OTHER",
        "word": "ANOTHER",
        "roles": {
          "FIGURE": "#V679619",
          "SCALE": "SIMILARITY-SCALE",
          "LEX": "ANOTHER",
          "WNSENSE": "another%5:00:00:other:00"
        },
        "start": 4,
        "end": 12
      },
      "root": "#V679873"
    },
    {
      "V680295": {
        "id": "V680295",
        "indicator": "SPEECHACT",
        "type": "SA_TELL",
        "word": null,
        "roles": {
          "PUNCTYPE": "DECL",
          "CONTENT": "#V679635",
          "LEX": "GAVE"
        },
        "start": 17,
        "end": 37
      },
      "V679635": {
        "id": "V679635",
        "indicator": "F",
        "type": "GIVING",
        "word": "GIVE",
        "roles": {
          "AGENT": "#V679630",
          "AFFECTED-RESULT": "#V679733",
          "AFFECTED": "#V679940",
          "TENSE": "PAST",
          "LEX": "GAVE",
          "WNSENSE": "give%2:40:03::"
        },
        "start": 17,
        "end": 36
      },
      "V679630": {
        "id": "V679630",
        "indicator": "PRO",
        "type": "MALE-PERSON",
        "word": "HE",
        "roles": {
          "PROFORM": "HE",
          "LEX": "HE",
          "WNSENSE": "man%1:18:00"
        },
        "start": 17,
        "end": 20
      },
      "V679733": {
        "id": "V679733",
        "indicator": "THE",
        "type": "QUANTITY-ABSTR",
        "word": null,
        "roles": {
          "FIGURE": "#V679659"
        },
        "start": 25,
        "end": 28
      },
      "V679659": {
        "id": "V679659",
        "indicator": "PRO",
        "type": "PERSON",
        "word": "ME",
        "roles": {
          "PROFORM": "ME",
          "LEX": "ME",
          "WNSENSE": "person%1:03:00"
        },
        "start": 25,
        "end": 28
      },
      "V679940": {
        "id": "V679940",
        "indicator": "THE",
        "type": "QUANTITY-ABSTR",
        "word": null,
        "roles": {
          "FIGURE": "#V679757"
        },
        "start": 28,
        "end": 36
      },
      "V679757": {
        "id": "V679757",
        "indicator": "THE",
        "type": "REFERENTIAL-SEM",
        "word": null,
        "roles": {
          "MOD": "#V679705",
          "LEX": "A"
        },
        "start": 28,
        "end": 36
      },
      "V679705": {
        "id": "V679705",
        "indicator": "F",
        "type": "PROPERTY-VAL",
        "word": "WEDGY",
        "roles": {
          "FIGURE": "#V679757",
          "SCALE": "DOMAIN",
          "LEX": "WEDGY"
        },
        "start": 30,
        "end": 36
      },
      "root": "#V680295"
    },
    {
      "V679871": {
        "id": "V679871",
        "indicator": "SPEECHACT",
        "type": "SA_IDENTIFY",
        "word": null,
        "roles": {
          "CONTENT": "#V679847",
          "MOD": "#V679598",
          "LEX": "-"
        },
        "start": 0,
        "end": 17
      },
      "V679598": {
        "id": "V679598",
        "indicator": "F",
        "type": "CONJUNCT",
        "word": "AND",
        "roles": {
          "FIGURE": "#V679871",
          "LEX": "AND"
        },
        "start": 0,
        "end": 4
      },
      "V679847": {
        "id": "V679847",
        "indicator": "THE",
        "type": "QUANTITY-ABSTR",
        "word": null,
        "roles": {
          "FIGURE": "#V679620"
        },
        "start": 4,
        "end": 17
      },
      "V679620": {
        "id": "V679620",
        "indicator": "BARE",
        "type": "TIME-LOC",
        "word": "TIME",
        "roles": {
          "MOD": "#V679608",
          "LEX": "TIME",
          "WNSENSE": "date%1:28:03"
        },
        "start": 4,
        "end": 17
      },
      "V679608": {
        "id": "V679608",
        "indicator": "F",
        "type": "OTHER",
        "word": "ANOTHER",
        "roles": {
          "FIGURE": "#V679620",
          "SCALE": "SIMILARITY-SCALE",
          "LEX": "ANOTHER",
          "WNSENSE": "another%5:00:00:other:00"
        },
        "start": 4,
        "end": 12
      },
      "root": "#V679871"
    },
    {
      "V680295": {
        "id": "V680295",
        "indicator": "SPEECHACT",
        "type": "SA_TELL",
        "word": null,
        "roles": {
          "PUNCTYPE": "DECL",
          "CONTENT": "#V679635",
          "LEX": "GAVE"
        },
        "start": 17,
        "end": 37
      },
      "V679635": {
        "id": "V679635",
        "indicator": "F",
        "type": "GIVING",
        "word": "GIVE",
        "roles": {
          "AGENT": "#V679630",
          "AFFECTED-RESULT": "#V679733",
          "AFFECTED": "#V679940",
          "TENSE": "PAST",
          "LEX": "GAVE",
          "WNSENSE": "give%2:40:03::"
        },
        "start": 17,
        "end": 36
      },
      "V679630": {
        "id": "V679630",
        "indicator": "PRO",
        "type": "MALE-PERSON",
        "word": "HE",
        "roles": {
          "PROFORM": "HE",
          "LEX": "HE",
          "WNSENSE": "man%1:18:00"
        },
        "start": 17,
        "end": 20
      },
      "V679733": {
        "id": "V679733",
        "indicator": "THE",
        "type": "QUANTITY-ABSTR",
        "word": null,
        "roles": {
          "FIGURE": "#V679659"
        },
        "start": 25,
        "end": 28
      },
      "V679659": {
        "id": "V679659",
        "indicator": "PRO",
        "type": "PERSON",
        "word": "ME",
        "roles": {
          "PROFORM": "ME",
          "LEX": "ME",
          "WNSENSE": "person%1:03:00"
        },
        "start": 25,
        "end": 28
      },
      "V679940": {
        "id": "V679940",
        "indicator": "THE",
        "type": "QUANTITY-ABSTR",
        "word": null,
        "roles": {
          "FIGURE": "#V679757"
        },
        "start": 28,
        "end": 36
      },
      "V679757": {
        "id": "V679757",
        "indicator": "THE",
        "type": "REFERENTIAL-SEM",
        "word": null,
        "roles": {
          "MOD": "#V679705",
          "LEX": "A"
        },
        "start": 28,
        "end": 36
      },
      "V679705": {
        "id": "V679705",
        "indicator": "F",
        "type": "PROPERTY-VAL",
        "word": "WEDGY",
        "roles": {
          "FIGURE": "#V679757",
          "SCALE": "DOMAIN",
          "LEX": "WEDGY"
        },
        "start": 30,
        "end": 36
      },
      "root": "#V680295"
    },
    {
      "V679887": {
        "id": "V679887",
        "indicator": "SPEECHACT",
        "type": "SA_IDENTIFY",
        "word": null,
        "roles": {
          "CONTENT": "#V679619",
          "MOD": "#V679598",
          "LEX": "TIME"
        },
        "start": 0,
        "end": 17
      },
      "V679598": {
        "id": "V679598",
        "indicator": "F",
        "type": "CONJUNCT",
        "word": "AND",
        "roles": {
          "FIGURE": "#V679887",
          "LEX": "AND"
        },
        "start": 0,
        "end": 4
      },
      "V679619": {
        "id": "V679619",
        "indicator": "BARE",
        "type": "DURATION-SCALE",
        "word": "TIME",
        "roles": {
          "MOD": "#V679608",
          "LEX": "TIME",
          "WNSENSE": "time%1:03:00::"
        },
        "start": 4,
        "end": 17
      },
      "V679608": {
        "id": "V679608",
        "indicator": "F",
        "type": "OTHER",
        "word": "ANOTHER",
        "roles": {
          "FIGURE": "#V679619",
          "SCALE": "SIMILARITY-SCALE",
          "LEX": "ANOTHER",
          "WNSENSE": "another%5:00:00:other:00"
        },
        "start": 4,
        "end": 12
      },
      "root": "#V679887"
    },
    {
      "V680276": {
        "id": "V680276",
        "indicator": "SPEECHACT",
        "type": "SA_TELL",
        "word": null,
        "roles": {
          "PUNCTYPE": "DECL",
          "CONTENT": "#V679635",
          "LEX": "GAVE"
        },
        "start": 17,
        "end": 37
      },
      "V679635": {
        "id": "V679635",
        "indicator": "F",
        "type": "GIVING",
        "word": "GIVE",
        "roles": {
          "AGENT": "#V679630",
          "AFFECTED-RESULT": "#V679659",
          "AFFECTED": "#V679940",
          "TENSE": "PAST",
          "LEX": "GAVE",
          "WNSENSE": "give%2:40:03::"
        },
        "start": 17,
        "end": 36
      },
      "V679630": {
        "id": "V679630",
        "indicator": "PRO",
        "type": "MALE-PERSON",
        "word": "HE",
        "roles": {
          "PROFORM": "HE",
          "LEX": "HE",
          "WNSENSE": "man%1:18:00"
        },
        "start": 17,
        "end": 20
      },
      "V679659": {
        "id": "V679659",
        "indicator": "PRO",
        "type": "PERSON",
        "word": "ME",
        "roles": {
          "PROFORM": "ME",
          "LEX": "ME",
          "WNSENSE": "person%1:03:00"
        },
        "start": 25,
        "end": 28
      },
      "V679940": {
        "id": "V679940",
        "indicator": "THE",
        "type": "QUANTITY-ABSTR",
        "word": null,
        "roles": {
          "FIGURE": "#V679757"
        },
        "start": 28,
        "end": 36
      },
      "V679757": {
        "id": "V679757",
        "indicator": "THE",
        "type": "REFERENTIAL-SEM",
        "word": null,
        "roles": {
          "MOD": "#V679705",
          "LEX": "A"
        },
        "start": 28,
        "end": 36
      },
      "V679705": {
        "id": "V679705",
        "indicator": "F",
        "type": "PROPERTY-VAL",
        "word": "WEDGY",
        "roles": {
          "FIGURE": "#V679757",
          "SCALE": "DOMAIN",
          "LEX": "WEDGY"
        },
        "start": 30,
        "end": 36
      },
      "root": "#V680276"
    },
    {
      "V679885": {
        "id": "V679885",
        "indicator": "SPEECHACT",
        "type": "SA_IDENTIFY",
        "word": null,
        "roles": {
          "CONTENT": "#V679620",
          "MOD": "#V679598",
          "LEX": "TIME"
        },
        "start": 0,
        "end": 17
      },
      "V679598": {
        "id": "V679598",
        "indicator": "F",
        "type": "CONJUNCT",
        "word": "AND",
        "roles": {
          "FIGURE": "#V679885",
          "LEX": "AND"
        },
        "start": 0,
        "end": 4
      },
      "V679620": {
        "id": "V679620",
        "indicator": "BARE",
        "type": "TIME-LOC",
        "word": "TIME",
        "roles": {
          "MOD": "#V679608",
          "LEX": "TIME",
          "WNSENSE": "date%1:28:03"
        },
        "start": 4,
        "end": 17
      },
      "V679608": {
        "id": "V679608",
        "indicator": "F",
        "type": "OTHER",
        "word": "ANOTHER",
        "roles": {
          "FIGURE": "#V679620",
          "SCALE": "SIMILARITY-SCALE",
          "LEX": "ANOTHER",
          "WNSENSE": "another%5:00:00:other:00"
        },
        "start": 4,
        "end": 12
      },
      "root": "#V679885"
    },
    {
      "V680276": {
        "id": "V680276",
        "indicator": "SPEECHACT",
        "type": "SA_TELL",
        "word": null,
        "roles": {
          "PUNCTYPE": "DECL",
          "CONTENT": "#V679635",
          "LEX": "GAVE"
        },
        "start": 17,
        "end": 37
      },
      "V679635": {
        "id": "V679635",
        "indicator": "F",
        "type": "GIVING",
        "word": "GIVE",
        "roles": {
          "AGENT": "#V679630",
          "AFFECTED-RESULT": "#V679659",
          "AFFECTED": "#V679940",
          "TENSE": "PAST",
          "LEX": "GAVE",
          "WNSENSE": "give%2:40:03::"
        },
        "start": 17,
        "end": 36
      },
      "V679630": {
        "id": "V679630",
        "indicator": "PRO",
        "type": "MALE-PERSON",
        "word": "HE",
        "roles": {
          "PROFORM": "HE",
          "LEX": "HE",
          "WNSENSE": "man%1:18:00"
        },
        "start": 17,
        "end": 20
      },
      "V679659": {
        "id": "V679659",
        "indicator": "PRO",
        "type": "PERSON",
        "word": "ME",
        "roles": {
          "PROFORM": "ME",
          "LEX": "ME",
          "WNSENSE": "person%1:03:00"
        },
        "start": 25,
        "end": 28
      },
      "V679940": {
        "id": "V679940",
        "indicator": "THE",
        "type": "QUANTITY-ABSTR",
        "word": null,
        "roles": {
          "FIGURE": "#V679757"
        },
        "start": 28,
        "end": 36
      },
      "V679757": {
        "id": "V679757",
        "indicator": "THE",
        "type": "REFERENTIAL-SEM",
        "word": null,
        "roles": {
          "MOD": "#V679705",
          "LEX": "A"
        },
        "start": 28,
        "end": 36
      },
      "V679705": {
        "id": "V679705",
        "indicator": "F",
        "type": "PROPERTY-VAL",
        "word": "WEDGY",
        "roles": {
          "FIGURE": "#V679757",
          "SCALE": "DOMAIN",
          "LEX": "WEDGY"
        },
        "start": 30,
        "end": 36
      },
      "root": "#V680276"
    },
    {
      "V679889": {
        "id": "V679889",
        "indicator": "SPEECHACT",
        "type": "SA_IDENTIFY",
        "word": null,
        "roles": {
          "CONTENT": "#V679877",
          "MOD": "#V679598",
          "LEX": "-"
        },
        "start": 0,
        "end": 17
      },
      "V679598": {
        "id": "V679598",
        "indicator": "F",
        "type": "CONJUNCT",
        "word": "AND",
        "roles": {
          "FIGURE": "#V679889",
          "LEX": "AND"
        },
        "start": 0,
        "end": 4
      },
      "V679877": {
        "id": "V679877",
        "indicator": "THE",
        "type": "QUANTITY-ABSTR",
        "word": null,
        "roles": {
          "FIGURE": "#V679617"
        },
        "start": 4,
        "end": 17
      },
      "V679617": {
        "id": "V679617",
        "indicator": "BARE",
        "type": "TIME-OBJECT",
        "word": "TIME",
        "roles": {
          "SCALE": "TIME-LOC-SCALE",
          "MOD": "#V679608",
          "LEX": "TIME"
        },
        "start": 4,
        "end": 17
      },
      "V679608": {
        "id": "V679608",
        "indicator": "F",
        "type": "OTHER",
        "word": "ANOTHER",
        "roles": {
          "FIGURE": "#V679617",
          "SCALE": "SIMILARITY-SCALE",
          "LEX": "ANOTHER",
          "WNSENSE": "another%5:00:00:other:00"
        },
        "start": 4,
        "end": 12
      },
      "root": "#V679889"
    },
    {
      "V680276": {
        "id": "V680276",
        "indicator": "SPEECHACT",
        "type": "SA_TELL",
        "word": null,
        "roles": {
          "PUNCTYPE": "DECL",
          "CONTENT": "#V679635",
          "LEX": "GAVE"
        },
        "start": 17,
        "end": 37
      },
      "V679635": {
        "id": "V679635",
        "indicator": "F",
        "type": "GIVING",
        "word": "GIVE",
        "roles": {
          "AGENT": "#V679630",
          "AFFECTED-RESULT": "#V679659",
          "AFFECTED": "#V679940",
          "TENSE": "PAST",
          "LEX": "GAVE",
          "WNSENSE": "give%2:40:03::"
        },
        "start": 17,
        "end": 36
      },
      "V679630": {
        "id": "V679630",
        "indicator": "PRO",
        "type": "MALE-PERSON",
        "word": "HE",
        "roles": {
          "PROFORM": "HE",
          "LEX": "HE",
          "WNSENSE": "man%1:18:00"
        },
        "start": 17,
        "end": 20
      },
      "V679659": {
        "id": "V679659",
        "indicator": "PRO",
        "type": "PERSON",
        "word": "ME",
        "roles": {
          "PROFORM": "ME",
          "LEX": "ME",
          "WNSENSE": "person%1:03:00"
        },
        "start": 25,
        "end": 28
      },
      "V679940": {
        "id": "V679940",
        "indicator": "THE",
        "type": "QUANTITY-ABSTR",
        "word": null,
        "roles": {
          "FIGURE": "#V679757"
        },
        "start": 28,
        "end": 36
      },
      "V679757": {
        "id": "V679757",
        "indicator": "THE",
        "type": "REFERENTIAL-SEM",
        "word": null,
        "roles": {
          "MOD": "#V679705",
          "LEX": "A"
        },
        "start": 28,
        "end": 36
      },
      "V679705": {
        "id": "V679705",
        "indicator": "F",
        "type": "PROPERTY-VAL",
        "word": "WEDGY",
        "roles": {
          "FIGURE": "#V679757",
          "SCALE": "DOMAIN",
          "LEX": "WEDGY"
        },
        "start": 30,
        "end": 36
      },
      "root": "#V680276"
    },
    {
      "V679887": {
        "id": "V679887",
        "indicator": "SPEECHACT",
        "type": "SA_IDENTIFY",
        "word": null,
        "roles": {
          "CONTENT": "#V679619",
          "MOD": "#V679598",
          "LEX": "TIME"
        },
        "start": 0,
        "end": 17
      },
      "V679598": {
        "id": "V679598",
        "indicator": "F",
        "type": "CONJUNCT",
        "word": "AND",
        "roles": {
          "FIGURE": "#V679887",
          "LEX": "AND"
        },
        "start": 0,
        "end": 4
      },
      "V679619": {
        "id": "V679619",
        "indicator": "BARE",
        "type": "DURATION-SCALE",
        "word": "TIME",
        "roles": {
          "MOD": "#V679608",
          "LEX": "TIME",
          "WNSENSE": "time%1:03:00::"
        },
        "start": 4,
        "end": 17
      },
      "V679608": {
        "id": "V679608",
        "indicator": "F",
        "type": "OTHER",
        "word": "ANOTHER",
        "roles": {
          "FIGURE": "#V679619",
          "SCALE": "SIMILARITY-SCALE",
          "LEX": "ANOTHER",
          "WNSENSE": "another%5:00:00:other:00"
        },
        "start": 4,
        "end": 12
      },
      "root": "#V679887"
    },
    {
      "V680295": {
        "id": "V680295",
        "indicator": "SPEECHACT",
        "type": "SA_TELL",
        "word": null,
        "roles": {
          "PUNCTYPE": "DECL",
          "CONTENT": "#V679635",
          "LEX": "GAVE"
        },
        "start": 17,
        "end": 37
      },
      "V679635": {
        "id": "V679635",
        "indicator": "F",
        "type": "GIVING",
        "word": "GIVE",
        "roles": {
          "AGENT": "#V679630",
          "AFFECTED-RESULT": "#V679733",
          "AFFECTED": "#V679940",
          "TENSE": "PAST",
          "LEX": "GAVE",
          "WNSENSE": "give%2:40:03::"
        },
        "start": 17,
        "end": 36
      },
      "V679630": {
        "id": "V679630",
        "indicator": "PRO",
        "type": "MALE-PERSON",
        "word": "HE",
        "roles": {
          "PROFORM": "HE",
          "LEX": "HE",
          "WNSENSE": "man%1:18:00"
        },
        "start": 17,
        "end": 20
      },
      "V679733": {
        "id": "V679733",
        "indicator": "THE",
        "type": "QUANTITY-ABSTR",
        "word": null,
        "roles": {
          "FIGURE": "#V679659"
        },
        "start": 25,
        "end": 28
      },
      "V679659": {
        "id": "V679659",
        "indicator": "PRO",
        "type": "PERSON",
        "word": "ME",
        "roles": {
          "PROFORM": "ME",
          "LEX": "ME",
          "WNSENSE": "person%1:03:00"
        },
        "start": 25,
        "end": 28
      },
      "V679940": {
        "id": "V679940",
        "indicator": "THE",
        "type": "QUANTITY-ABSTR",
        "word": null,
        "roles": {
          "FIGURE": "#V679757"
        },
        "start": 28,
        "end": 36
      },
      "V679757": {
        "id": "V679757",
        "indicator": "THE",
        "type": "REFERENTIAL-SEM",
        "word": null,
        "roles": {
          "MOD": "#V679705",
          "LEX": "A"
        },
        "start": 28,
        "end": 36
      },
      "V679705": {
        "id": "V679705",
        "indicator": "F",
        "type": "PROPERTY-VAL",
        "word": "WEDGY",
        "roles": {
          "FIGURE": "#V679757",
          "SCALE": "DOMAIN",
          "LEX": "WEDGY"
        },
        "start": 30,
        "end": 36
      },
      "root": "#V680295"
    },
    {
      "V679885": {
        "id": "V679885",
        "indicator": "SPEECHACT",
        "type": "SA_IDENTIFY",
        "word": null,
        "roles": {
          "CONTENT": "#V679620",
          "MOD": "#V679598",
          "LEX": "TIME"
        },
        "start": 0,
        "end": 17
      },
      "V679598": {
        "id": "V679598",
        "indicator": "F",
        "type": "CONJUNCT",
        "word": "AND",
        "roles": {
          "FIGURE": "#V679885",
          "LEX": "AND"
        },
        "start": 0,
        "end": 4
      },
      "V679620": {
        "id": "V679620",
        "indicator": "BARE",
        "type": "TIME-LOC",
        "word": "TIME",
        "roles": {
          "MOD": "#V679608",
          "LEX": "TIME",
          "WNSENSE": "date%1:28:03"
        },
        "start": 4,
        "end": 17
      },
      "V679608": {
        "id": "V679608",
        "indicator": "F",
        "type": "OTHER",
        "word": "ANOTHER",
        "roles": {
          "FIGURE": "#V679620",
          "SCALE": "SIMILARITY-SCALE",
          "LEX": "ANOTHER",
          "WNSENSE": "another%5:00:00:other:00"
        },
        "start": 4,
        "end": 12
      },
      "root": "#V679885"
    },
    {
      "V680295": {
        "id": "V680295",
        "indicator": "SPEECHACT",
        "type": "SA_TELL",
        "word": null,
        "roles": {
          "PUNCTYPE": "DECL",
          "CONTENT": "#V679635",
          "LEX": "GAVE"
        },
        "start": 17,
        "end": 37
      },
      "V679635": {
        "id": "V679635",
        "indicator": "F",
        "type": "GIVING",
        "word": "GIVE",
        "roles": {
          "AGENT": "#V679630",
          "AFFECTED-RESULT": "#V679733",
          "AFFECTED": "#V679940",
          "TENSE": "PAST",
          "LEX": "GAVE",
          "WNSENSE": "give%2:40:03::"
        },
        "start": 17,
        "end": 36
      },
      "V679630": {
        "id": "V679630",
        "indicator": "PRO",
        "type": "MALE-PERSON",
        "word": "HE",
        "roles": {
          "PROFORM": "HE",
          "LEX": "HE",
          "WNSENSE": "man%1:18:00"
        },
        "start": 17,
        "end": 20
      },
      "V679733": {
        "id": "V679733",
        "indicator": "THE",
        "type": "QUANTITY-ABSTR",
        "word": null,
        "roles": {
          "FIGURE": "#V679659"
        },
        "start": 25,
        "end": 28
      },
      "V679659": {
        "id": "V679659",
        "indicator": "PRO",
        "type": "PERSON",
        "word": "ME",
        "roles": {
          "PROFORM": "ME",
          "LEX": "ME",
          "WNSENSE": "person%1:03:00"
        },
        "start": 25,
        "end": 28
      },
      "V679940": {
        "id": "V679940",
        "indicator": "THE",
        "type": "QUANTITY-ABSTR",
        "word": null,
        "roles": {
          "FIGURE": "#V679757"
        },
        "start": 28,
        "end": 36
      },
      "V679757": {
        "id": "V679757",
        "indicator": "THE",
        "type": "REFERENTIAL-SEM",
        "word": null,
        "roles": {
          "MOD": "#V679705",
          "LEX": "A"
        },
        "start": 28,
        "end": 36
      },
      "V679705": {
        "id": "V679705",
        "indicator": "F",
        "type": "PROPERTY-VAL",
        "word": "WEDGY",
        "roles": {
          "FIGURE": "#V679757",
          "SCALE": "DOMAIN",
          "LEX": "WEDGY"
        },
        "start": 30,
        "end": 36
      },
      "root": "#V680295"
    },
    {
      "V679889": {
        "id": "V679889",
        "indicator": "SPEECHACT",
        "type": "SA_IDENTIFY",
        "word": null,
        "roles": {
          "CONTENT": "#V679877",
          "MOD": "#V679598",
          "LEX": "-"
        },
        "start": 0,
        "end": 17
      },
      "V679598": {
        "id": "V679598",
        "indicator": "F",
        "type": "CONJUNCT",
        "word": "AND",
        "roles": {
          "FIGURE": "#V679889",
          "LEX": "AND"
        },
        "start": 0,
        "end": 4
      },
      "V679877": {
        "id": "V679877",
        "indicator": "THE",
        "type": "QUANTITY-ABSTR",
        "word": null,
        "roles": {
          "FIGURE": "#V679617"
        },
        "start": 4,
        "end": 17
      },
      "V679617": {
        "id": "V679617",
        "indicator": "BARE",
        "type": "TIME-OBJECT",
        "word": "TIME",
        "roles": {
          "SCALE": "TIME-LOC-SCALE",
          "MOD": "#V679608",
          "LEX": "TIME"
        },
        "start": 4,
        "end": 17
      },
      "V679608": {
        "id": "V679608",
        "indicator": "F",
        "type": "OTHER",
        "word": "ANOTHER",
        "roles": {
          "FIGURE": "#V679617",
          "SCALE": "SIMILARITY-SCALE",
          "LEX": "ANOTHER",
          "WNSENSE": "another%5:00:00:other:00"
        },
        "start": 4,
        "end": 12
      },
      "root": "#V679889"
    },
    {
      "V680295": {
        "id": "V680295",
        "indicator": "SPEECHACT",
        "type": "SA_TELL",
        "word": null,
        "roles": {
          "PUNCTYPE": "DECL",
          "CONTENT": "#V679635",
          "LEX": "GAVE"
        },
        "start": 17,
        "end": 37
      },
      "V679635": {
        "id": "V679635",
        "indicator": "F",
        "type": "GIVING",
        "word": "GIVE",
        "roles": {
          "AGENT": "#V679630",
          "AFFECTED-RESULT": "#V679733",
          "AFFECTED": "#V679940",
          "TENSE": "PAST",
          "LEX": "GAVE",
          "WNSENSE": "give%2:40:03::"
        },
        "start": 17,
        "end": 36
      },
      "V679630": {
        "id": "V679630",
        "indicator": "PRO",
        "type": "MALE-PERSON",
        "word": "HE",
        "roles": {
          "PROFORM": "HE",
          "LEX": "HE",
          "WNSENSE": "man%1:18:00"
        },
        "start": 17,
        "end": 20
      },
      "V679733": {
        "id": "V679733",
        "indicator": "THE",
        "type": "QUANTITY-ABSTR",
        "word": null,
        "roles": {
          "FIGURE": "#V679659"
        },
        "start": 25,
        "end": 28
      },
      "V679659": {
        "id": "V679659",
        "indicator": "PRO",
        "type": "PERSON",
        "word": "ME",
        "roles": {
          "PROFORM": "ME",
          "LEX": "ME",
          "WNSENSE": "person%1:03:00"
        },
        "start": 25,
        "end": 28
      },
      "V679940": {
        "id": "V679940",
        "indicator": "THE",
        "type": "QUANTITY-ABSTR",
        "word": null,
        "roles": {
          "FIGURE": "#V679757"
        },
        "start": 28,
        "end": 36
      },
      "V679757": {
        "id": "V679757",
        "indicator": "THE",
        "type": "REFERENTIAL-SEM",
        "word": null,
        "roles": {
          "MOD": "#V679705",
          "LEX": "A"
        },
        "start": 28,
        "end": 36
      },
      "V679705": {
        "id": "V679705",
        "indicator": "F",
        "type": "PROPERTY-VAL",
        "word": "WEDGY",
        "roles": {
          "FIGURE": "#V679757",
          "SCALE": "DOMAIN",
          "LEX": "WEDGY"
        },
        "start": 30,
        "end": 36
      },
      "root": "#V680295"
    },
    {
      "V679898": {
        "id": "V679898",
        "indicator": "SPEECHACT",
        "type": "SA_IDENTIFY",
        "word": null,
        "roles": {
          "CONTENT": "#V679617",
          "MOD": "#V679598",
          "LEX": "TIME"
        },
        "start": 0,
        "end": 17
      },
      "V679598": {
        "id": "V679598",
        "indicator": "F",
        "type": "CONJUNCT",
        "word": "AND",
        "roles": {
          "FIGURE": "#V679898",
          "LEX": "AND"
        },
        "start": 0,
        "end": 4
      },
      "V679617": {
        "id": "V679617",
        "indicator": "BARE",
        "type": "TIME-OBJECT",
        "word": "TIME",
        "roles": {
          "SCALE": "TIME-LOC-SCALE",
          "MOD": "#V679608",
          "LEX": "TIME"
        },
        "start": 4,
        "end": 17
      },
      "V679608": {
        "id": "V679608",
        "indicator": "F",
        "type": "OTHER",
        "word": "ANOTHER",
        "roles": {
          "FIGURE": "#V679617",
          "SCALE": "SIMILARITY-SCALE",
          "LEX": "ANOTHER",
          "WNSENSE": "another%5:00:00:other:00"
        },
        "start": 4,
        "end": 12
      },
      "root": "#V679898"
    },
    {
      "V680276": {
        "id": "V680276",
        "indicator": "SPEECHACT",
        "type": "SA_TELL",
        "word": null,
        "roles": {
          "PUNCTYPE": "DECL",
          "CONTENT": "#V679635",
          "LEX": "GAVE"
        },
        "start": 17,
        "end": 37
      },
      "V679635": {
        "id": "V679635",
        "indicator": "F",
        "type": "GIVING",
        "word": "GIVE",
        "roles": {
          "AGENT": "#V679630",
          "AFFECTED-RESULT": "#V679659",
          "AFFECTED": "#V679940",
          "TENSE": "PAST",
          "LEX": "GAVE",
          "WNSENSE": "give%2:40:03::"
        },
        "start": 17,
        "end": 36
      },
      "V679630": {
        "id": "V679630",
        "indicator": "PRO",
        "type": "MALE-PERSON",
        "word": "HE",
        "roles": {
          "PROFORM": "HE",
          "LEX": "HE",
          "WNSENSE": "man%1:18:00"
        },
        "start": 17,
        "end": 20
      },
      "V679659": {
        "id": "V679659",
        "indicator": "PRO",
        "type": "PERSON",
        "word": "ME",
        "roles": {
          "PROFORM": "ME",
          "LEX": "ME",
          "WNSENSE": "person%1:03:00"
        },
        "start": 25,
        "end": 28
      },
      "V679940": {
        "id": "V679940",
        "indicator": "THE",
        "type": "QUANTITY-ABSTR",
        "word": null,
        "roles": {
          "FIGURE": "#V679757"
        },
        "start": 28,
        "end": 36
      },
      "V679757": {
        "id": "V679757",
        "indicator": "THE",
        "type": "REFERENTIAL-SEM",
        "word": null,
        "roles": {
          "MOD": "#V679705",
          "LEX": "A"
        },
        "start": 28,
        "end": 36
      },
      "V679705": {
        "id": "V679705",
        "indicator": "F",
        "type": "PROPERTY-VAL",
        "word": "WEDGY",
        "roles": {
          "FIGURE": "#V679757",
          "SCALE": "DOMAIN",
          "LEX": "WEDGY"
        },
        "start": 30,
        "end": 36
      },
      "root": "#V680276"
    },
    {
      "V679898": {
        "id": "V679898",
        "indicator": "SPEECHACT",
        "type": "SA_IDENTIFY",
        "word": null,
        "roles": {
          "CONTENT": "#V679617",
          "MOD": "#V679598",
          "LEX": "TIME"
        },
        "start": 0,
        "end": 17
      },
      "V679598": {
        "id": "V679598",
        "indicator": "F",
        "type": "CONJUNCT",
        "word": "AND",
        "roles": {
          "FIGURE": "#V679898",
          "LEX": "AND"
        },
        "start": 0,
        "end": 4
      },
      "V679617": {
        "id": "V679617",
        "indicator": "BARE",
        "type": "TIME-OBJECT",
        "word": "TIME",
        "roles": {
          "SCALE": "TIME-LOC-SCALE",
          "MOD": "#V679608",
          "LEX": "TIME"
        },
        "start": 4,
        "end": 17
      },
      "V679608": {
        "id": "V679608",
        "indicator": "F",
        "type": "OTHER",
        "word": "ANOTHER",
        "roles": {
          "FIGURE": "#V679617",
          "SCALE": "SIMILARITY-SCALE",
          "LEX": "ANOTHER",
          "WNSENSE": "another%5:00:00:other:00"
        },
        "start": 4,
        "end": 12
      },
      "root": "#V679898"
    },
    {
      "V680295": {
        "id": "V680295",
        "indicator": "SPEECHACT",
        "type": "SA_TELL",
        "word": null,
        "roles": {
          "PUNCTYPE": "DECL",
          "CONTENT": "#V679635",
          "LEX": "GAVE"
        },
        "start": 17,
        "end": 37
      },
      "V679635": {
        "id": "V679635",
        "indicator": "F",
        "type": "GIVING",
        "word": "GIVE",
        "roles": {
          "AGENT": "#V679630",
          "AFFECTED-RESULT": "#V679733",
          "AFFECTED": "#V679940",
          "TENSE": "PAST",
          "LEX": "GAVE",
          "WNSENSE": "give%2:40:03::"
        },
        "start": 17,
        "end": 36
      },
      "V679630": {
        "id": "V679630",
        "indicator": "PRO",
        "type": "MALE-PERSON",
        "word": "HE",
        "roles": {
          "PROFORM": "HE",
          "LEX": "HE",
          "WNSENSE": "man%1:18:00"
        },
        "start": 17,
        "end": 20
      },
      "V679733": {
        "id": "V679733",
        "indicator": "THE",
        "type": "QUANTITY-ABSTR",
        "word": null,
        "roles": {
          "FIGURE": "#V679659"
        },
        "start": 25,
        "end": 28
      },
      "V679659": {
        "id": "V679659",
        "indicator": "PRO",
        "type": "PERSON",
        "word": "ME",
        "roles": {
          "PROFORM": "ME",
          "LEX": "ME",
          "WNSENSE": "person%1:03:00"
        },
        "start": 25,
        "end": 28
      },
      "V679940": {
        "id": "V679940",
        "indicator": "THE",
        "type": "QUANTITY-ABSTR",
        "word": null,
        "roles": {
          "FIGURE": "#V679757"
        },
        "start": 28,
        "end": 36
      },
      "V679757": {
        "id": "V679757",
        "indicator": "THE",
        "type": "REFERENTIAL-SEM",
        "word": null,
        "roles": {
          "MOD": "#V679705",
          "LEX": "A"
        },
        "start": 28,
        "end": 36
      },
      "V679705": {
        "id": "V679705",
        "indicator": "F",
        "type": "PROPERTY-VAL",
        "word": "WEDGY",
        "roles": {
          "FIGURE": "#V679757",
          "SCALE": "DOMAIN",
          "LEX": "WEDGY"
        },
        "start": 30,
        "end": 36
      },
      "root": "#V680295"
    },
    {
      "V679765": {
        "id": "V679765",
        "indicator": "SPEECHACT",
        "type": "SA_IDENTIFY",
        "word": null,
        "roles": {
          "CONTENT": "#V679617",
          "MOD": "#V679598",
          "LEX": "TIME"
        },
        "start": 0,
        "end": 17
      },
      "V679598": {
        "id": "V679598",
        "indicator": "F",
        "type": "CONJUNCT",
        "word": "AND",
        "roles": {
          "FIGURE": "#V679765",
          "LEX": "AND"
        },
        "start": 0,
        "end": 4
      },
      "V679617": {
        "id": "V679617",
        "indicator": "A",
        "type": "TIME-OBJECT",
        "word": "TIME",
        "roles": {
          "MOD": "#V679712",
          "SCALE": "TIME-LOC-SCALE",
          "LEX": "TIME"
        },
        "start": 4,
        "end": 17
      },
      "V679712": {
        "id": "V679712",
        "indicator": "F",
        "type": "OTHER",
        "word": null,
        "roles": {
          "FIGURE": "#V679617",
          "GROUND": "#V679713"
        },
        "start": 4,
        "end": 17
      },
      "V679713": {
        "id": "V679713",
        "indicator": "IMPRO",
        "type": "TIME-OBJECT",
        "word": "TIME",
        "roles": {},
        "start": 4,
        "end": 17
      },
      "root": "#V679765"
    },
    {
      "V680335": {
        "id": "V680335",
        "indicator": "SPEECHACT",
        "type": "SA_TELL",
        "word": null,
        "roles": {
          "PUNCTYPE": "DECL",
          "CONTENT": "#V679635",
          "LEX": "GAVE"
        },
        "start": 17,
        "end": 37
      },
      "V679635": {
        "id": "V679635",
        "indicator": "F",
        "type": "GIVING",
        "word": "GIVE",
        "roles": {
          "AGENT": "#V679730",
          "AFFECTED-RESULT": "#V679659",
          "AFFECTED": "#V679940",
          "TENSE": "PAST",
          "LEX": "GAVE",
          "WNSENSE": "give%2:40:03::"
        },
        "start": 17,
        "end": 36
      },
      "V679730": {
        "id": "V679730",
        "indicator": "THE",
        "type": "QUANTITY-ABSTR",
        "word": null,
        "roles": {
          "FIGURE": "#V679630"
        },
        "start": 17,
        "end": 20
      },
      "V679630": {
        "id": "V679630",
        "indicator": "PRO",
        "type": "MALE-PERSON",
        "word": "HE",
        "roles": {
          "PROFORM": "HE",
          "LEX": "HE",
          "WNSENSE": "man%1:18:00"
        },
        "start": 17,
        "end": 20
      },
      "V679659": {
        "id": "V679659",
        "indicator": "PRO",
        "type": "PERSON",
        "word": "ME",
        "roles": {
          "PROFORM": "ME",
          "LEX": "ME",
          "WNSENSE": "person%1:03:00"
        },
        "start": 25,
        "end": 28
      },
      "V679940": {
        "id": "V679940",
        "indicator": "THE",
        "type": "QUANTITY-ABSTR",
        "word": null,
        "roles": {
          "FIGURE": "#V679757"
        },
        "start": 28,
        "end": 36
      },
      "V679757": {
        "id": "V679757",
        "indicator": "THE",
        "type": "REFERENTIAL-SEM",
        "word": null,
        "roles": {
          "MOD": "#V679705",
          "LEX": "A"
        },
        "start": 28,
        "end": 36
      },
      "V679705": {
        "id": "V679705",
        "indicator": "F",
        "type": "PROPERTY-VAL",
        "word": "WEDGY",
        "roles": {
          "FIGURE": "#V679757",
          "SCALE": "DOMAIN",
          "LEX": "WEDGY"
        },
        "start": 30,
        "end": 36
      },
      "root": "#V680335"
    },
    {
      "V679765": {
        "id": "V679765",
        "indicator": "SPEECHACT",
        "type": "SA_IDENTIFY",
        "word": null,
        "roles": {
          "CONTENT": "#V679617",
          "MOD": "#V679598",
          "LEX": "TIME"
        },
        "start": 0,
        "end": 17
      },
      "V679598": {
        "id": "V679598",
        "indicator": "F",
        "type": "CONJUNCT",
        "word": "AND",
        "roles": {
          "FIGURE": "#V679765",
          "LEX": "AND"
        },
        "start": 0,
        "end": 4
      },
      "V679617": {
        "id": "V679617",
        "indicator": "A",
        "type": "TIME-OBJECT",
        "word": "TIME",
        "roles": {
          "MOD": "#V679712",
          "SCALE": "TIME-LOC-SCALE",
          "LEX": "TIME"
        },
        "start": 4,
        "end": 17
      },
      "V679712": {
        "id": "V679712",
        "indicator": "F",
        "type": "OTHER",
        "word": null,
        "roles": {
          "FIGURE": "#V679617",
          "GROUND": "#V679713"
        },
        "start": 4,
        "end": 17
      },
      "V679713": {
        "id": "V679713",
        "indicator": "IMPRO",
        "type": "TIME-OBJECT",
        "word": "TIME",
        "roles": {},
        "start": 4,
        "end": 17
      },
      "root": "#V679765"
    },
    {
      "V680347": {
        "id": "V680347",
        "indicator": "SPEECHACT",
        "type": "SA_TELL",
        "word": null,
        "roles": {
          "PUNCTYPE": "DECL",
          "CONTENT": "#V679635",
          "LEX": "GAVE"
        },
        "start": 17,
        "end": 37
      },
      "V679635": {
        "id": "V679635",
        "indicator": "F",
        "type": "GIVING",
        "word": "GIVE",
        "roles": {
          "AGENT": "#V679730",
          "AFFECTED-RESULT": "#V679733",
          "AFFECTED": "#V679940",
          "TENSE": "PAST",
          "LEX": "GAVE",
          "WNSENSE": "give%2:40:03::"
        },
        "start": 17,
        "end": 36
      },
      "V679730": {
        "id": "V679730",
        "indicator": "THE",
        "type": "QUANTITY-ABSTR",
        "word": null,
        "roles": {
          "FIGURE": "#V679630"
        },
        "start": 17,
        "end": 20
      },
      "V679630": {
        "id": "V679630",
        "indicator": "PRO",
        "type": "MALE-PERSON",
        "word": "HE",
        "roles": {
          "PROFORM": "HE",
          "LEX": "HE",
          "WNSENSE": "man%1:18:00"
        },
        "start": 17,
        "end": 20
      },
      "V679733": {
        "id": "V679733",
        "indicator": "THE",
        "type": "QUANTITY-ABSTR",
        "word": null,
        "roles": {
          "FIGURE": "#V679659"
        },
        "start": 25,
        "end": 28
      },
      "V679659": {
        "id": "V679659",
        "indicator": "PRO",
        "type": "PERSON",
        "word": "ME",
        "roles": {
          "PROFORM": "ME",
          "LEX": "ME",
          "WNSENSE": "person%1:03:00"
        },
        "start": 25,
        "end": 28
      },
      "V679940": {
        "id": "V679940",
        "indicator": "THE",
        "type": "QUANTITY-ABSTR",
        "word": null,
        "roles": {
          "FIGURE": "#V679757"
        },
        "start": 28,
        "end": 36
      },
      "V679757": {
        "id": "V679757",
        "indicator": "THE",
        "type": "REFERENTIAL-SEM",
        "word": null,
        "roles": {
          "MOD": "#V679705",
          "LEX": "A"
        },
        "start": 28,
        "end": 36
      },
      "V679705": {
        "id": "V679705",
        "indicator": "F",
        "type": "PROPERTY-VAL",
        "word": "WEDGY",
        "roles": {
          "FIGURE": "#V679757",
          "SCALE": "DOMAIN",
          "LEX": "WEDGY"
        },
        "start": 30,
        "end": 36
      },
      "root": "#V680347"
    },
    {
      "V679799": {
        "id": "V679799",
        "indicator": "SPEECHACT",
        "type": "SA_IDENTIFY",
        "word": null,
        "roles": {
          "CONTENT": "#V679741",
          "MOD": "#V679598",
          "LEX": "-"
        },
        "start": 0,
        "end": 17
      },
      "V679598": {
        "id": "V679598",
        "indicator": "F",
        "type": "CONJUNCT",
        "word": "AND",
        "roles": {
          "FIGURE": "#V679799",
          "LEX": "AND"
        },
        "start": 0,
        "end": 4
      },
      "V679741": {
        "id": "V679741",
        "indicator": "THE",
        "type": "QUANTITY-ABSTR",
        "word": null,
        "roles": {
          "FIGURE": "#V679617"
        },
        "start": 4,
        "end": 17
      },
      "V679617": {
        "id": "V679617",
        "indicator": "A",
        "type": "TIME-OBJECT",
        "word": "TIME",
        "roles": {
          "MOD": "#V679712",
          "SCALE": "TIME-LOC-SCALE",
          "LEX": "TIME"
        },
        "start": 4,
        "end": 17
      },
      "V679712": {
        "id": "V679712",
        "indicator": "F",
        "type": "OTHER",
        "word": null,
        "roles": {
          "FIGURE": "#V679617",
          "GROUND": "#V679713"
        },
        "start": 4,
        "end": 17
      },
      "V679713": {
        "id": "V679713",
        "indicator": "IMPRO",
        "type": "TIME-OBJECT",
        "word": "TIME",
        "roles": {},
        "start": 4,
        "end": 17
      },
      "root": "#V679799"
    },
    {
      "V680335": {
        "id": "V680335",
        "indicator": "SPEECHACT",
        "type": "SA_TELL",
        "word": null,
        "roles": {
          "PUNCTYPE": "DECL",
          "CONTENT": "#V679635",
          "LEX": "GAVE"
        },
        "start": 17,
        "end": 37
      },
      "V679635": {
        "id": "V679635",
        "indicator": "F",
        "type": "GIVING",
        "word": "GIVE",
        "roles": {
          "AGENT": "#V679730",
          "AFFECTED-RESULT": "#V679659",
          "AFFECTED": "#V679940",
          "TENSE": "PAST",
          "LEX": "GAVE",
          "WNSENSE": "give%2:40:03::"
        },
        "start": 17,
        "end": 36
      },
      "V679730": {
        "id": "V679730",
        "indicator": "THE",
        "type": "QUANTITY-ABSTR",
        "word": null,
        "roles": {
          "FIGURE": "#V679630"
        },
        "start": 17,
        "end": 20
      },
      "V679630": {
        "id": "V679630",
        "indicator": "PRO",
        "type": "MALE-PERSON",
        "word": "HE",
        "roles": {
          "PROFORM": "HE",
          "LEX": "HE",
          "WNSENSE": "man%1:18:00"
        },
        "start": 17,
        "end": 20
      },
      "V679659": {
        "id": "V679659",
        "indicator": "PRO",
        "type": "PERSON",
        "word": "ME",
        "roles": {
          "PROFORM": "ME",
          "LEX": "ME",
          "WNSENSE": "person%1:03:00"
        },
        "start": 25,
        "end": 28
      },
      "V679940": {
        "id": "V679940",
        "indicator": "THE",
        "type": "QUANTITY-ABSTR",
        "word": null,
        "roles": {
          "FIGURE": "#V679757"
        },
        "start": 28,
        "end": 36
      },
      "V679757": {
        "id": "V679757",
        "indicator": "THE",
        "type": "REFERENTIAL-SEM",
        "word": null,
        "roles": {
          "MOD": "#V679705",
          "LEX": "A"
        },
        "start": 28,
        "end": 36
      },
      "V679705": {
        "id": "V679705",
        "indicator": "F",
        "type": "PROPERTY-VAL",
        "word": "WEDGY",
        "roles": {
          "FIGURE": "#V679757",
          "SCALE": "DOMAIN",
          "LEX": "WEDGY"
        },
        "start": 30,
        "end": 36
      },
      "root": "#V680335"
    },
    {
      "V679799": {
        "id": "V679799",
        "indicator": "SPEECHACT",
        "type": "SA_IDENTIFY",
        "word": null,
        "roles": {
          "CONTENT": "#V679741",
          "MOD": "#V679598",
          "LEX": "-"
        },
        "start": 0,
        "end": 17
      },
      "V679598": {
        "id": "V679598",
        "indicator": "F",
        "type": "CONJUNCT",
        "word": "AND",
        "roles": {
          "FIGURE": "#V679799",
          "LEX": "AND"
        },
        "start": 0,
        "end": 4
      },
      "V679741": {
        "id": "V679741",
        "indicator": "THE",
        "type": "QUANTITY-ABSTR",
        "word": null,
        "roles": {
          "FIGURE": "#V679617"
        },
        "start": 4,
        "end": 17
      },
      "V679617": {
        "id": "V679617",
        "indicator": "A",
        "type": "TIME-OBJECT",
        "word": "TIME",
        "roles": {
          "MOD": "#V679712",
          "SCALE": "TIME-LOC-SCALE",
          "LEX": "TIME"
        },
        "start": 4,
        "end": 17
      },
      "V679712": {
        "id": "V679712",
        "indicator": "F",
        "type": "OTHER",
        "word": null,
        "roles": {
          "FIGURE": "#V679617",
          "GROUND": "#V679713"
        },
        "start": 4,
        "end": 17
      },
      "V679713": {
        "id": "V679713",
        "indicator": "IMPRO",
        "type": "TIME-OBJECT",
        "word": "TIME",
        "roles": {},
        "start": 4,
        "end": 17
      },
      "root": "#V679799"
    },
    {
      "V680347": {
        "id": "V680347",
        "indicator": "SPEECHACT",
        "type": "SA_TELL",
        "word": null,
        "roles": {
          "PUNCTYPE": "DECL",
          "CONTENT": "#V679635",
          "LEX": "GAVE"
        },
        "start": 17,
        "end": 37
      },
      "V679635": {
        "id": "V679635",
        "indicator": "F",
        "type": "GIVING",
        "word": "GIVE",
        "roles": {
          "AGENT": "#V679730",
          "AFFECTED-RESULT": "#V679733",
          "AFFECTED": "#V679940",
          "TENSE": "PAST",
          "LEX": "GAVE",
          "WNSENSE": "give%2:40:03::"
        },
        "start": 17,
        "end": 36
      },
      "V679730": {
        "id": "V679730",
        "indicator": "THE",
        "type": "QUANTITY-ABSTR",
        "word": null,
        "roles": {
          "FIGURE": "#V679630"
        },
        "start": 17,
        "end": 20
      },
      "V679630": {
        "id": "V679630",
        "indicator": "PRO",
        "type": "MALE-PERSON",
        "word": "HE",
        "roles": {
          "PROFORM": "HE",
          "LEX": "HE",
          "WNSENSE": "man%1:18:00"
        },
        "start": 17,
        "end": 20
      },
      "V679733": {
        "id": "V679733",
        "indicator": "THE",
        "type": "QUANTITY-ABSTR",
        "word": null,
        "roles": {
          "FIGURE": "#V679659"
        },
        "start": 25,
        "end": 28
      },
      "V679659": {
        "id": "V679659",
        "indicator": "PRO",
        "type": "PERSON",
        "word": "ME",
        "roles": {
          "PROFORM": "ME",
          "LEX": "ME",
          "WNSENSE": "person%1:03:00"
        },
        "start": 25,
        "end": 28
      },
      "V679940": {
        "id": "V679940",
        "indicator": "THE",
        "type": "QUANTITY-ABSTR",
        "word": null,
        "roles": {
          "FIGURE": "#V679757"
        },
        "start": 28,
        "end": 36
      },
      "V679757": {
        "id": "V679757",
        "indicator": "THE",
        "type": "REFERENTIAL-SEM",
        "word": null,
        "roles": {
          "MOD": "#V679705",
          "LEX": "A"
        },
        "start": 28,
        "end": 36
      },
      "V679705": {
        "id": "V679705",
        "indicator": "F",
        "type": "PROPERTY-VAL",
        "word": "WEDGY",
        "roles": {
          "FIGURE": "#V679757",
          "SCALE": "DOMAIN",
          "LEX": "WEDGY"
        },
        "start": 30,
        "end": 36
      },
      "root": "#V680347"
    }
  ],
  "inputtags": [],
  "debug": [
    "*last-utt-id*=NIL  utt-id+121",
    "*last-utt-id*=121  utt-id+121",
    "*last-utt-id*=121  utt-id+NIL"
  ]
}
