{
  "parse": [
    {
      "V2664367": {
        "id": "V2664367",
        "indicator": "SPEECHACT",
        "type": "SA_TELL",
        "word": null,
        "roles": {
          "CONTENT": "#V2663837",
          "LEX": "WAS"
        },
        "start": 0,
        "end": 12
      },
      "V2663837": {
        "id": "V2663837",
        "indicator": "F",
        "type": "HAVE-PROPERTY",
        "word": "BE",
        "roles": {
          "NEUTRAL": "#V2663821",
          "FORMAL": "#V2663854",
          "TENSE": "PAST",
          "LEX": "WAS",
          "WNSENSE": "be%2:42:03::"
        },
        "start": 0,
        "end": 12
      },
      "V2663821": {
        "id": "V2663821",
        "indicator": "PRO",
        "type": "PERSON",
        "word": "I",
        "roles": {
          "PROFORM": "I",
          "LEX": "I",
          "WNSENSE": "person%1:03:00",
          "COREF": "USER"
        },
        "start": 0,
        "end": 2
      },
      "V2663854": {
        "id": "V2663854",
        "indicator": "F",
        "type": "ALTERING-CONSCIOUSNESS-VAL",
        "word": "DRUNK",
        "roles": {
          "FIGURE": "#V2663821",
          "SCALE": "RATIONAL-SCALE",
          "LEX": "DRUNK",
          "WNSENSE": "drunk%3:00:00::"
        },
        "start": 6,
        "end": 12
      },
      "root": "#V2664367"
    },
    {
      "V2664388": {
        "id": "V2664388",
        "indicator": "SPEECHACT",
        "type": "SA_TELL",
        "word": null,
        "roles": {
          "CONTENT": "#V2663868",
          "LEX": "WOKE"
        },
        "start": 12,
        "end": 20
      },
      "V2663868": {
        "id": "V2663868",
        "indicator": "F",
        "type": "AWAKE",
        "word": "WAKE-UP",
        "roles": {
          "AFFECTED": "#V2664389",
          "MANNER": "#V2663904",
          "TENSE": "PAST",
          "LEX": "WOKE",
          "WNSENSE": "arise%2:29:00"
        },
        "start": 12,
        "end": 20
      },
      "V2664389": {
        "id": "V2664389",
        "indicator": "IMPRO",
        "type": "REFERENTIAL-SEM",
        "word": null,
        "roles": {
          "PROFORM": "SUBJ"
        },
        "start": 12,
        "end": 20
      },
      "V2663904": {
        "id": "V2663904",
        "indicator": "F",
        "type": "COMPLETELY",
        "word": "UP",
        "roles": {
          "FIGURE": "#V2663868",
          "LEX": "UP",
          "WNSENSE": "up%4:02:05::"
        },
        "start": 17,
        "end": 20
      },
      "root": "#V2664388"
    },
    {
      "V2663919": {
        "id": "V2663919",
        "indicator": "F",
        "type": "BARE-VAL",
        "word": "NAKED",
        "roles": {
          "SCALE": "CONFIGURATION-PROPERTY-SCALE",
          "LEX": "NAKED",
          "WNSENSE": "naked%5:00:00:bare:00"
        },
        "start": 20,
        "end": 26
      },
      "root": "#V2663919"
    },
    {
      "V2664153": {
        "id": "V2664153",
        "indicator": "SPEECHACT",
        "type": "SA_PRED-FRAGMENT",
        "word": null,
        "roles": {
          "PUNCTYPE": "DECL",
          "CONTENT": "#V2663929",
          "LEX": "ON"
        },
        "start": 26,
        "end": 39
      },
      "V2663929": {
        "id": "V2663929",
        "indicator": "F",
        "type": "ON",
        "word": "ON",
        "roles": {
          "GROUND": "#V2663959",
          "FIGURE": "#V2664154",
          "LEX": "ON"
        },
        "start": 26,
        "end": 39
      },
      "V2664154": {
        "id": "V2664154",
        "indicator": "IMPRO",
        "type": "ANY-SEM",
        "word": null,
        "roles": {},
        "start": 26,
        "end": 39
      },
      "V2663959": {
        "id": "V2663959",
        "indicator": "THE",
        "type": "STRUCTURE-INTERNAL-COMPONENT",
        "word": "FLOOR",
        "roles": {
          "LEX": "FLOOR",
          "WNSENSE": "floor%1:06:00::"
        },
        "start": 29,
        "end": 39
      },
      "root": "#V2664153"
    },
    {
      "V2664367": {
        "id": "V2664367",
        "indicator": "SPEECHACT",
        "type": "SA_TELL",
        "word": null,
        "roles": {
          "CONTENT": "#V2663837",
          "LEX": "WAS"
        },
        "start": 0,
        "end": 12
      },
      "V2663837": {
        "id": "V2663837",
        "indicator": "F",
        "type": "HAVE-PROPERTY",
        "word": "BE",
        "roles": {
          "NEUTRAL": "#V2663821",
          "FORMAL": "#V2663854",
          "TENSE": "PAST",
          "LEX": "WAS",
          "WNSENSE": "be%2:42:03::"
        },
        "start": 0,
        "end": 12
      },
      "V2663821": {
        "id": "V2663821",
        "indicator": "PRO",
        "type": "PERSON",
        "word": "I",
        "roles": {
          "PROFORM": "I",
          "LEX": "I",
          "WNSENSE": "person%1:03:00"
        },
        "start": 0,
        "end": 2
      },
      "V2663854": {
        "id": "V2663854",
        "indicator": "F",
        "type": "ALTERING-CONSCIOUSNESS-VAL",
        "word": "DRUNK",
        "roles": {
          "FIGURE": "#V2663821",
          "SCALE": "RATIONAL-SCALE",
          "LEX": "DRUNK",
          "WNSENSE": "drunk%3:00:00::"
        },
        "start": 6,
        "end": 12
      },
      "root": "#V2664367"
    },
    {
      "V2664388": {
        "id": "V2664388",
        "indicator": "SPEECHACT",
        "type": "SA_TELL",
        "word": null,
        "roles": {
          "CONTENT": "#V2663868",
          "LEX": "WOKE"
        },
        "start": 12,
        "end": 20
      },
      "V2663868": {
        "id": "V2663868",
        "indicator": "F",
        "type": "AWAKE",
        "word": "WAKE-UP",
        "roles": {
          "AFFECTED": "#V2664389",
          "MANNER": "#V2663904",
          "TENSE": "PAST",
          "LEX": "WOKE",
          "WNSENSE": "arise%2:29:00"
        },
        "start": 12,
        "end": 20
      },
      "V2664389": {
        "id": "V2664389",
        "indicator": "IMPRO",
        "type": "REFERENTIAL-SEM",
        "word": null,
        "roles": {
          "PROFORM": "SUBJ"
        },
        "start": 12,
        "end": 20
      },
      "V2663904": {
        "id": "V2663904",
        "indicator": "F",
        "type": "COMPLETELY",
        "word": "UP",
        "roles": {
          "FIGURE": "#V2663868",
          "LEX": "UP",
          "WNSENSE": "up%4:02:05::"
        },
        "start": 17,
        "end": 20
      },
      "root": "#V2664388"
    },
    {
      "V2663918": {
        "id": "V2663918",
        "indicator": "F",
        "type": "BASIC-VAL",
        "word": "NAKED",
        "roles": {
          "SCALE": "BASIC-SCALE",
          "LEX": "NAKED",
          "WNSENSE": "underived%3:00:00::"
        },
        "start": 20,
        "end": 26
      },
      "root": "#V2663918"
    },
    {
      "V2664153": {
        "id": "V2664153",
        "indicator": "SPEECHACT",
        "type": "SA_PRED-FRAGMENT",
        "word": null,
        "roles": {
          "PUNCTYPE": "DECL",
          "CONTENT": "#V2663929",
          "LEX": "ON"
        },
        "start": 26,
        "end": 40
      },
      "V2663929": {
        "id": "V2663929",
        "indicator": "F",
        "type": "ON",
        "word": "ON",
        "roles": {
          "GROUND": "#V2663959",
          "FIGURE": "#V2664154",
          "LEX": "ON"
        },
        "start": 26,
        "end": 39
      },
      "V2664154": {
        "id": "V2664154",
        "indicator": "IMPRO",
        "type": "ANY-SEM",
        "word": null,
        "roles": {},
        "start": 26,
        "end": 39
      },
      "V2663959": {
        "id": "V2663959",
        "indicator": "THE",
        "type": "STRUCTURE-INTERNAL-COMPONENT",
        "word": "FLOOR",
        "roles": {
          "LEX": "FLOOR",
          "WNSENSE": "floor%1:06:00::"
        },
        "start": 29,
        "end": 39
      },
      "root": "#V2664153"
    },
    {
      "V2664364": {
        "id": "V2664364",
        "indicator": "SPEECHACT",
        "type": "SA_TELL",
        "word": null,
        "roles": {
          "CONTENT": "#V2663837",
          "LEX": "WAS"
        },
        "start": 0,
        "end": 12
      },
      "V2663837": {
        "id": "V2663837",
        "indicator": "F",
        "type": "HAVE-PROPERTY",
        "word": "BE",
        "roles": {
          "NEUTRAL": "#V2663821",
          "FORMAL": "#V2663859",
          "TENSE": "PAST",
          "LEX": "WAS",
          "WNSENSE": "be%2:42:03::"
        },
        "start": 0,
        "end": 12
      },
      "V2663821": {
        "id": "V2663821",
        "indicator": "PRO",
        "type": "PERSON",
        "word": "I",
        "roles": {
          "PROFORM": "I",
          "LEX": "I",
          "WNSENSE": "person%1:03:00"
        },
        "start": 0,
        "end": 2
      },
      "V2663859": {
        "id": "V2663859",
        "indicator": "F",
        "type": "EXCITED",
        "word": "DRUNK",
        "roles": {
          "FIGURE": "#V2663821",
          "SCALE": "EXCITEMENT-SCALE",
          "LEX": "DRUNK",
          "WNSENSE": "drunk%5:00:00:excited:00"
        },
        "start": 6,
        "end": 12
      },
      "root": "#V2664364"
    },
    {
      "V2664388": {
        "id": "V2664388",
        "indicator": "SPEECHACT",
        "type": "SA_TELL",
        "word": null,
        "roles": {
          "CONTENT": "#V2663868",
          "LEX": "WOKE"
        },
        "start": 12,
        "end": 20
      },
      "V2663868": {
        "id": "V2663868",
        "indicator": "F",
        "type": "AWAKE",
        "word": "WAKE-UP",
        "roles": {
          "AFFECTED": "#V2664389",
          "MANNER": "#V2663904",
          "TENSE": "PAST",
          "LEX": "WOKE",
          "WNSENSE": "arise%2:29:00"
        },
        "start": 12,
        "end": 20
      },
      "V2664389": {
        "id": "V2664389",
        "indicator": "IMPRO",
        "type": "REFERENTIAL-SEM",
        "word": null,
        "roles": {
          "PROFORM": "SUBJ"
        },
        "start": 12,
        "end": 20
      },
      "V2663904": {
        "id": "V2663904",
        "indicator": "F",
        "type": "COMPLETELY",
        "word": "UP",
        "roles": {
          "FIGURE": "#V2663868",
          "LEX": "UP",
          "WNSENSE": "up%4:02:05::"
        },
        "start": 17,
        "end": 20
      },
      "root": "#V2664388"
    },
    {
      "V2663919": {
        "id": "V2663919",
        "indicator": "F",
        "type": "BARE-VAL",
        "word": "NAKED",
        "roles": {
          "SCALE": "CONFIGURATION-PROPERTY-SCALE",
          "LEX": "NAKED",
          "WNSENSE": "naked%5:00:00:bare:00"
        },
        "start": 20,
        "end": 26
      },
      "root": "#V2663919"
    },
    {
      "V2664153": {
        "id": "V2664153",
        "indicator": "SPEECHACT",
        "type": "SA_PRED-FRAGMENT",
        "word": null,
        "roles": {
          "PUNCTYPE": "DECL",
          "CONTENT": "#V2663929",
          "LEX": "ON"
        },
        "start": 26,
        "end": 40
      },
      "V2663929": {
        "id": "V2663929",
        "indicator": "F",
        "type": "ON",
        "word": "ON",
        "roles": {
          "GROUND": "#V2663959",
          "FIGURE": "#V2664154",
          "LEX": "ON"
        },
        "start": 26,
        "end": 39
      },
      "V2664154": {
        "id": "V2664154",
        "indicator": "IMPRO",
        "type": "ANY-SEM",
        "word": null,
        "roles": {},
        "start": 26,
        "end": 39
      },
      "V2663959": {
        "id": "V2663959",
        "indicator": "THE",
        "type": "STRUCTURE-INTERNAL-COMPONENT",
        "word": "FLOOR",
        "roles": {
          "LEX": "FLOOR",
          "WNSENSE": "floor%1:06:00::"
        },
        "start": 29,
        "end": 39
      },
      "root": "#V2664153"
    },
    {
      "V2664364": {
        "id": "V2664364",
        "indicator": "SPEECHACT",
        "type": "SA_TELL",
        "word": null,
        "roles": {
          "CONTENT": "#V2663837",
          "LEX": "WAS"
        },
        "start": 0,
        "end": 12
      },
      "V2663837": {
        "id": "V2663837",
        "indicator": "F",
        "type": "HAVE-PROPERTY",
        "word": "BE",
        "roles": {
          "NEUTRAL": "#V2663821",
          "FORMAL": "#V2663859",
          "TENSE": "PAST",
          "LEX": "WAS",
          "WNSENSE": "be%2:42:03::"
        },
        "start": 0,
        "end": 12
      },
      "V2663821": {
        "id": "V2663821",
        "indicator": "PRO",
        "type": "PERSON",
        "word": "I",
        "roles": {
          "PROFORM": "I",
          "LEX": "I",
          "WNSENSE": "person%1:03:00"
        },
        "start": 0,
        "end": 2
      },
      "V2663859": {
        "id": "V2663859",
        "indicator": "F",
        "type": "EXCITED",
        "word": "DRUNK",
        "roles": {
          "FIGURE": "#V2663821",
          "SCALE": "EXCITEMENT-SCALE",
          "LEX": "DRUNK",
          "WNSENSE": "drunk%5:00:00:excited:00"
        },
        "start": 6,
        "end": 12
      },
      "root": "#V2664364"
    },
    {
      "V2664388": {
        "id": "V2664388",
        "indicator": "SPEECHACT",
        "type": "SA_TELL",
        "word": null,
        "roles": {
          "CONTENT": "#V2663868",
          "LEX": "WOKE"
        },
        "start": 12,
        "end": 20
      },
      "V2663868": {
        "id": "V2663868",
        "indicator": "F",
        "type": "AWAKE",
        "word": "WAKE-UP",
        "roles": {
          "AFFECTED": "#V2664389",
          "MANNER": "#V2663904",
          "TENSE": "PAST",
          "LEX": "WOKE",
          "WNSENSE": "arise%2:29:00"
        },
        "start": 12,
        "end": 20
      },
      "V2664389": {
        "id": "V2664389",
        "indicator": "IMPRO",
        "type": "REFERENTIAL-SEM",
        "word": null,
        "roles": {
          "PROFORM": "SUBJ"
        },
        "start": 12,
        "end": 20
      },
      "V2663904": {
        "id": "V2663904",
        "indicator": "F",
        "type": "COMPLETELY",
        "word": "UP",
        "roles": {
          "FIGURE": "#V2663868",
          "LEX": "UP",
          "WNSENSE": "up%4:02:05::"
        },
        "start": 17,
        "end": 20
      },
      "root": "#V2664388"
    },
    {
      "V2663918": {
        "id": "V2663918",
        "indicator": "F",
        "type": "BASIC-VAL",
        "word": "NAKED",
        "roles": {
          "SCALE": "BASIC-SCALE",
          "LEX": "NAKED",
          "WNSENSE": "underived%3:00:00::"
        },
        "start": 20,
        "end": 26
      },
      "root": "#V2663918"
    },
    {
      "V2664153": {
        "id": "V2664153",
        "indicator": "SPEECHACT",
        "type": "SA_PRED-FRAGMENT",
        "word": null,
        "roles": {
          "PUNCTYPE": "DECL",
          "CONTENT": "#V2663929",
          "LEX": "ON"
        },
        "start": 26,
        "end": 40
      },
      "V2663929": {
        "id": "V2663929",
        "indicator": "F",
        "type": "ON",
        "word": "ON",
        "roles": {
          "GROUND": "#V2663959",
          "FIGURE": "#V2664154",
          "LEX": "ON"
        },
        "start": 26,
        "end": 39
      },
      "V2664154": {
        "id": "V2664154",
        "indicator": "IMPRO",
        "type": "ANY-SEM",
        "word": null,
        "roles": {},
        "start": 26,
        "end": 39
      },
      "V2663959": {
        "id": "V2663959",
        "indicator": "THE",
        "type": "STRUCTURE-INTERNAL-COMPONENT",
        "word": "FLOOR",
        "roles": {
          "LEX": "FLOOR",
          "WNSENSE": "floor%1:06:00::"
        },
        "start": 29,
        "end": 39
      },
      "root": "#V2664153"
    },
    {
      "V2664361": {
        "id": "V2664361",
        "indicator": "SPEECHACT",
        "type": "SA_TELL",
        "word": null,
        "roles": {
          "CONTENT": "#V2663837",
          "LEX": "WAS"
        },
        "start": 0,
        "end": 12
      },
      "V2663837": {
        "id": "V2663837",
        "indicator": "F",
        "type": "HAVE-PROPERTY",
        "word": "BE",
        "roles": {
          "NEUTRAL": "#V2663821",
          "FORMAL": "#V2663857",
          "TENSE": "PAST",
          "LEX": "WAS",
          "WNSENSE": "be%2:42:03::"
        },
        "start": 0,
        "end": 12
      },
      "V2663821": {
        "id": "V2663821",
        "indicator": "PRO",
        "type": "PERSON",
        "word": "I",
        "roles": {
          "PROFORM": "I",
          "LEX": "I",
          "WNSENSE": "person%1:03:00"
        },
        "start": 0,
        "end": 2
      },
      "V2663857": {
        "id": "V2663857",
        "indicator": "F",
        "type": "EXCITED",
        "word": "DRUNK",
        "roles": {
          "FIGURE": "#V2663821",
          "SCALE": "EXCITEMENT-SCALE",
          "LEX": "DRUNK",
          "WNSENSE": "drunk%5:00:00:excited:00"
        },
        "start": 6,
        "end": 12
      },
      "root": "#V2664361"
    },
    {
      "V2664388": {
        "id": "V2664388",
        "indicator": "SPEECHACT",
        "type": "SA_TELL",
        "word": null,
        "roles": {
          "CONTENT": "#V2663868",
          "LEX": "WOKE"
        },
        "start": 12,
        "end": 20
      },
      "V2663868": {
        "id": "V2663868",
        "indicator": "F",
        "type": "AWAKE",
        "word": "WAKE-UP",
        "roles": {
          "AFFECTED": "#V2664389",
          "MANNER": "#V2663904",
          "TENSE": "PAST",
          "LEX": "WOKE",
          "WNSENSE": "arise%2:29:00"
        },
        "start": 12,
        "end": 20
      },
      "V2664389": {
        "id": "V2664389",
        "indicator": "IMPRO",
        "type": "REFERENTIAL-SEM",
        "word": null,
        "roles": {
          "PROFORM": "SUBJ"
        },
        "start": 12,
        "end": 20
      },
      "V2663904": {
        "id": "V2663904",
        "indicator": "F",
        "type": "COMPLETELY",
        "word": "UP",
        "roles": {
          "FIGURE": "#V2663868",
          "LEX": "UP",
          "WNSENSE": "up%4:02:05::"
        },
        "start": 17,
        "end": 20
      },
      "root": "#V2664388"
    },
    {
      "V2663919": {
        "id": "V2663919",
        "indicator": "F",
        "type": "BARE-VAL",
        "word": "NAKED",
        "roles": {
          "SCALE": "CONFIGURATION-PROPERTY-SCALE",
          "LEX": "NAKED",
          "WNSENSE": "naked%5:00:00:bare:00"
        },
        "start": 20,
        "end": 26
      },
      "root": "#V2663919"
    },
    {
      "V2664153": {
        "id": "V2664153",
        "indicator": "SPEECHACT",
        "type": "SA_PRED-FRAGMENT",
        "word": null,
        "roles": {
          "PUNCTYPE": "DECL",
          "CONTENT": "#V2663929",
          "LEX": "ON"
        },
        "start": 26,
        "end": 40
      },
      "V2663929": {
        "id": "V2663929",
        "indicator": "F",
        "type": "ON",
        "word": "ON",
        "roles": {
          "GROUND": "#V2663959",
          "FIGURE": "#V2664154",
          "LEX": "ON"
        },
        "start": 26,
        "end": 39
      },
      "V2664154": {
        "id": "V2664154",
        "indicator": "IMPRO",
        "type": "ANY-SEM",
        "word": null,
        "roles": {},
        "start": 26,
        "end": 39
      },
      "V2663959": {
        "id": "V2663959",
        "indicator": "THE",
        "type": "STRUCTURE-INTERNAL-COMPONENT",
        "word": "FLOOR",
        "roles": {
          "LEX": "FLOOR",
          "WNSENSE": "floor%1:06:00::"
        },
        "start": 29,
        "end": 39
      },
      "root": "#V2664153"
    },
    {
      "V2664361": {
        "id": "V2664361",
        "indicator": "SPEECHACT",
        "type": "SA_TELL",
        "word": null,
        "roles": {
          "CONTENT": "#V2663837",
          "LEX": "WAS"
        },
        "start": 0,
        "end": 12
      },
      "V2663837": {
        "id": "V2663837",
        "indicator": "F",
        "type": "HAVE-PROPERTY",
        "word": "BE",
        "roles": {
          "NEUTRAL": "#V2663821",
          "FORMAL": "#V2663857",
          "TENSE": "PAST",
          "LEX": "WAS",
          "WNSENSE": "be%2:42:03::"
        },
        "start": 0,
        "end": 12
      },
      "V2663821": {
        "id": "V2663821",
        "indicator": "PRO",
        "type": "PERSON",
        "word": "I",
        "roles": {
          "PROFORM": "I",
          "LEX": "I",
          "WNSENSE": "person%1:03:00"
        },
        "start": 0,
        "end": 2
      },
      "V2663857": {
        "id": "V2663857",
        "indicator": "F",
        "type": "EXCITED",
        "word": "DRUNK",
        "roles": {
          "FIGURE": "#V2663821",
          "SCALE": "EXCITEMENT-SCALE",
          "LEX": "DRUNK",
          "WNSENSE": "drunk%5:00:00:excited:00"
        },
        "start": 6,
        "end": 12
      },
      "root": "#V2664361"
    },
    {
      "V2664388": {
        "id": "V2664388",
        "indicator": "SPEECHACT",
        "type": "SA_TELL",
        "word": null,
        "roles": {
          "CONTENT": "#V2663868",
          "LEX": "WOKE"
        },
        "start": 12,
        "end": 20
      },
      "V2663868": {
        "id": "V2663868",
        "indicator": "F",
        "type": "AWAKE",
        "word": "WAKE-UP",
        "roles": {
          "AFFECTED": "#V2664389",
          "MANNER": "#V2663904",
          "TENSE": "PAST",
          "LEX": "WOKE",
          "WNSENSE": "arise%2:29:00"
        },
        "start": 12,
        "end": 20
      },
      "V2664389": {
        "id": "V2664389",
        "indicator": "IMPRO",
        "type": "REFERENTIAL-SEM",
        "word": null,
        "roles": {
          "PROFORM": "SUBJ"
        },
        "start": 12,
        "end": 20
      },
      "V2663904": {
        "id": "V2663904",
        "indicator": "F",
        "type": "COMPLETELY",
        "word": "UP",
        "roles": {
          "FIGURE": "#V2663868",
          "LEX": "UP",
          "WNSENSE": "up%4:02:05::"
        },
        "start": 17,
        "end": 20
      },
      "root": "#V2664388"
    },
    {
      "V2663918": {
        "id": "V2663918",
        "indicator": "F",
        "type": "BASIC-VAL",
        "word": "NAKED",
        "roles": {
          "SCALE": "BASIC-SCALE",
          "LEX": "NAKED",
          "WNSENSE": "underived%3:00:00::"
        },
        "start": 20,
        "end": 26
      },
      "root": "#V2663918"
    },
    {
      "V2664153": {
        "id": "V2664153",
        "indicator": "SPEECHACT",
        "type": "SA_PRED-FRAGMENT",
        "word": null,
        "roles": {
          "PUNCTYPE": "DECL",
          "CONTENT": "#V2663929",
          "LEX": "ON"
        },
        "start": 26,
        "end": 40
      },
      "V2663929": {
        "id": "V2663929",
        "indicator": "F",
        "type": "ON",
        "word": "ON",
        "roles": {
          "GROUND": "#V2663959",
          "FIGURE": "#V2664154",
          "LEX": "ON"
        },
        "start": 26,
        "end": 39
      },
      "V2664154": {
        "id": "V2664154",
        "indicator": "IMPRO",
        "type": "ANY-SEM",
        "word": null,
        "roles": {},
        "start": 26,
        "end": 39
      },
      "V2663959": {
        "id": "V2663959",
        "indicator": "THE",
        "type": "STRUCTURE-INTERNAL-COMPONENT",
        "word": "FLOOR",
        "roles": {
          "LEX": "FLOOR",
          "WNSENSE": "floor%1:06:00::"
        },
        "start": 29,
        "end": 39
      },
      "root": "#V2664153"
    },
    {
      "V2664382": {
        "id": "V2664382",
        "indicator": "SPEECHACT",
        "type": "SA_TELL",
        "word": null,
        "roles": {
          "CONTENT": "#V2663837",
          "LEX": "WAS"
        },
        "start": 0,
        "end": 12
      },
      "V2663837": {
        "id": "V2663837",
        "indicator": "F",
        "type": "HAVE-PROPERTY",
        "word": "BE",
        "roles": {
          "NEUTRAL": "#V2664018",
          "FORMAL": "#V2663854",
          "TENSE": "PAST",
          "LEX": "WAS",
          "WNSENSE": "be%2:42:03::"
        },
        "start": 0,
        "end": 12
      },
      "V2664018": {
        "id": "V2664018",
        "indicator": "THE",
        "type": "QUANTITY-ABSTR",
        "word": null,
        "roles": {
          "FIGURE": "#V2663821"
        },
        "start": 0,
        "end": 2
      },
      "V2663821": {
        "id": "V2663821",
        "indicator": "PRO",
        "type": "PERSON",
        "word": "I",
        "roles": {
          "PROFORM": "I",
          "LEX": "I",
          "WNSENSE": "person%1:03:00"
        },
        "start": 0,
        "end": 2
      },
      "V2663854": {
        "id": "V2663854",
        "indicator": "F",
        "type": "ALTERING-CONSCIOUSNESS-VAL",
        "word": "DRUNK",
        "roles": {
          "FIGURE": "#V2664018",
          "SCALE": "RATIONAL-SCALE",
          "LEX": "DRUNK",
          "WNSENSE": "drunk%3:00:00::"
        },
        "start": 6,
        "end": 12
      },
      "root": "#V2664382"
    },
    {
      "V2664388": {
        "id": "V2664388",
        "indicator": "SPEECHACT",
        "type": "SA_TELL",
        "word": null,
        "roles": {
          "CONTENT": "#V2663868",
          "LEX": "WOKE"
        },
        "start": 12,
        "end": 20
      },
      "V2663868": {
        "id": "V2663868",
        "indicator": "F",
        "type": "AWAKE",
        "word": "WAKE-UP",
        "roles": {
          "AFFECTED": "#V2664389",
          "MANNER": "#V2663904",
          "TENSE": "PAST",
          "LEX": "WOKE",
          "WNSENSE": "arise%2:29:00"
        },
        "start": 12,
        "end": 20
      },
      "V2664389": {
        "id": "V2664389",
        "indicator": "IMPRO",
        "type": "REFERENTIAL-SEM",
        "word": null,
        "roles": {
          "PROFORM": "SUBJ"
        },
        "start": 12,
        "end": 20
      },
      "V2663904": {
        "id": "V2663904",
        "indicator": "F",
        "type": "COMPLETELY",
        "word": "UP",
        "roles": {
          "FIGURE": "#V2663868",
          "LEX": "UP",
          "WNSENSE": "up%4:02:05::"
        },
        "start": 17,
        "end": 20
      },
      "root": "#V2664388"
    },
    {
      "V2663919": {
        "id": "V2663919",
        "indicator": "F",
        "type": "BARE-VAL",
        "word": "NAKED",
        "roles": {
          "SCALE": "CONFIGURATION-PROPERTY-SCALE",
          "LEX": "NAKED",
          "WNSENSE": "naked%5:00:00:bare:00"
        },
        "start": 20,
        "end": 26
      },
      "root": "#V2663919"
    },
    {
      "V2664153": {
        "id": "V2664153",
        "indicator": "SPEECHACT",
        "type": "SA_PRED-FRAGMENT",
        "word": null,
        "roles": {
          "PUNCTYPE": "DECL",
          "CONTENT": "#V2663929",
          "LEX": "ON"
        },
        "start": 26,
        "end": 40
      },
      "V2663929": {
        "id": "V2663929",
        "indicator": "F",
        "type": "ON",
        "word": "ON",
        "roles": {
          "GROUND": "#V2663959",
          "FIGURE": "#V2664154",
          "LEX": "ON"
        },
        "start": 26,
        "end": 39
      },
      "V2664154": {
        "id": "V2664154",
        "indicator": "IMPRO",
        "type": "ANY-SEM",
        "word": null,
        "roles": {},
        "start": 26,
        "end": 39
      },
      "V2663959": {
        "id": "V2663959",
        "indicator": "THE",
        "type": "STRUCTURE-INTERNAL-COMPONENT",
        "word": "FLOOR",
        "roles": {
          "LEX": "FLOOR",
          "WNSENSE": "floor%1:06:00::"
        },
        "start": 29,
        "end": 39
      },
      "root": "#V2664153"
    },
    {
      "V2664382": {
        "id": "V2664382",
        "indicator": "SPEECHACT",
        "type": "SA_TELL",
        "word": null,
        "roles": {
          "CONTENT": "#V2663837",
          "LEX": "WAS"
        },
        "start": 0,
        "end": 12
      },
      "V2663837": {
        "id": "V2663837",
        "indicator": "F",
        "type": "HAVE-PROPERTY",
        "word": "BE",
        "roles": {
          "NEUTRAL": "#V2664018",
          "FORMAL": "#V2663854",
          "TENSE": "PAST",
          "LEX": "WAS",
          "WNSENSE": "be%2:42:03::"
        },
        "start": 0,
        "end": 12
      },
      "V2664018": {
        "id": "V2664018",
        "indicator": "THE",
        "type": "QUANTITY-ABSTR",
        "word": null,
        "roles": {
          "FIGURE": "#V2663821"
        },
        "start": 0,
        "end": 2
      },
      "V2663821": {
        "id": "V2663821",
        "indicator": "PRO",
        "type": "PERSON",
        "word": "I",
        "roles": {
          "PROFORM": "I",
          "LEX": "I",
          "WNSENSE": "person%1:03:00"
        },
        "start": 0,
        "end": 2
      },
      "V2663854": {
        "id": "V2663854",
        "indicator": "F",
        "type": "ALTERING-CONSCIOUSNESS-VAL",
        "word": "DRUNK",
        "roles": {
          "FIGURE": "#V2664018",
          "SCALE": "RATIONAL-SCALE",
          "LEX": "DRUNK",
          "WNSENSE": "drunk%3:00:00::"
        },
        "start": 6,
        "end": 12
      },
      "root": "#V2664382"
    },
    {
      "V2664388": {
        "id": "V2664388",
        "indicator": "SPEECHACT",
        "type": "SA_TELL",
        "word": null,
        "roles": {
          "CONTENT": "#V2663868",
          "LEX": "WOKE"
        },
        "start": 12,
        "end": 20
      },
      "V2663868": {
        "id": "V2663868",
        "indicator": "F",
        "type": "AWAKE",
        "word": "WAKE-UP",
        "roles": {
          "AFFECTED": "#V2664389",
          "MANNER": "#V2663904",
          "TENSE": "PAST",
          "LEX": "WOKE",
          "WNSENSE": "arise%2:29:00"
        },
        "start": 12,
        "end": 20
      },
      "V2664389": {
        "id": "V2664389",
        "indicator": "IMPRO",
        "type": "REFERENTIAL-SEM",
        "word": null,
        "roles": {
          "PROFORM": "SUBJ"
        },
        "start": 12,
        "end": 20
      },
      "V2663904": {
        "id": "V2663904",
        "indicator": "F",
        "type": "COMPLETELY",
        "word": "UP",
        "roles": {
          "FIGURE": "#V2663868",
          "LEX": "UP",
          "WNSENSE": "up%4:02:05::"
        },
        "start": 17,
        "end": 20
      },
      "root": "#V2664388"
    },
    {
      "V2663918": {
        "id": "V2663918",
        "indicator": "F",
        "type": "BASIC-VAL",
        "word": "NAKED",
        "roles": {
          "SCALE": "BASIC-SCALE",
          "LEX": "NAKED",
          "WNSENSE": "underived%3:00:00::"
        },
        "start": 20,
        "end": 26
      },
      "root": "#V2663918"
    },
    {
      "V2664153": {
        "id": "V2664153",
        "indicator": "SPEECHACT",
        "type": "SA_PRED-FRAGMENT",
        "word": null,
        "roles": {
          "PUNCTYPE": "DECL",
          "CONTENT": "#V2663929",
          "LEX": "ON"
        },
        "start": 26,
        "end": 40
      },
      "V2663929": {
        "id": "V2663929",
        "indicator": "F",
        "type": "ON",
        "word": "ON",
        "roles": {
          "GROUND": "#V2663959",
          "FIGURE": "#V2664154",
          "LEX": "ON"
        },
        "start": 26,
        "end": 39
      },
      "V2664154": {
        "id": "V2664154",
        "indicator": "IMPRO",
        "type": "ANY-SEM",
        "word": null,
        "roles": {},
        "start": 26,
        "end": 39
      },
      "V2663959": {
        "id": "V2663959",
        "indicator": "THE",
        "type": "STRUCTURE-INTERNAL-COMPONENT",
        "word": "FLOOR",
        "roles": {
          "LEX": "FLOOR",
          "WNSENSE": "floor%1:06:00::"
        },
        "start": 29,
        "end": 39
      },
      "root": "#V2664153"
    },
    {
      "V2664379": {
        "id": "V2664379",
        "indicator": "SPEECHACT",
        "type": "SA_TELL",
        "word": null,
        "roles": {
          "CONTENT": "#V2663837",
          "LEX": "WAS"
        },
        "start": 0,
        "end": 12
      },
      "V2663837": {
        "id": "V2663837",
        "indicator": "F",
        "type": "HAVE-PROPERTY",
        "word": "BE",
        "roles": {
          "NEUTRAL": "#V2664018",
          "FORMAL": "#V2663859",
          "TENSE": "PAST",
          "LEX": "WAS",
          "WNSENSE": "be%2:42:03::"
        },
        "start": 0,
        "end": 12
      },
      "V2664018": {
        "id": "V2664018",
        "indicator": "THE",
        "type": "QUANTITY-ABSTR",
        "word": null,
        "roles": {
          "FIGURE": "#V2663821"
        },
        "start": 0,
        "end": 2
      },
      "V2663821": {
        "id": "V2663821",
        "indicator": "PRO",
        "type": "PERSON",
        "word": "I",
        "roles": {
          "PROFORM": "I",
          "LEX": "I",
          "WNSENSE": "person%1:03:00"
        },
        "start": 0,
        "end": 2
      },
      "V2663859": {
        "id": "V2663859",
        "indicator": "F",
        "type": "EXCITED",
        "word": "DRUNK",
        "roles": {
          "FIGURE": "#V2664018",
          "SCALE": "EXCITEMENT-SCALE",
          "LEX": "DRUNK",
          "WNSENSE": "drunk%5:00:00:excited:00"
        },
        "start": 6,
        "end": 12
      },
      "root": "#V2664379"
    },
    {
      "V2664388": {
        "id": "V2664388",
        "indicator": "SPEECHACT",
        "type": "SA_TELL",
        "word": null,
        "roles": {
          "CONTENT": "#V2663868",
          "LEX": "WOKE"
        },
        "start": 12,
        "end": 20
      },
      "V2663868": {
        "id": "V2663868",
        "indicator": "F",
        "type": "AWAKE",
        "word": "WAKE-UP",
        "roles": {
          "AFFECTED": "#V2664389",
          "MANNER": "#V2663904",
          "TENSE": "PAST",
          "LEX": "WOKE",
          "WNSENSE": "arise%2:29:00"
        },
        "start": 12,
        "end": 20
      },
      "V2664389": {
        "id": "V2664389",
        "indicator": "IMPRO",
        "type": "REFERENTIAL-SEM",
        "word": null,
        "roles": {
          "PROFORM": "SUBJ"
        },
        "start": 12,
        "end": 20
      },
      "V2663904": {
        "id": "V2663904",
        "indicator": "F",
        "type": "COMPLETELY",
        "word": "UP",
        "roles": {
          "FIGURE": "#V2663868",
          "LEX": "UP",
          "WNSENSE": "up%4:02:05::"
        },
        "start": 17,
        "end": 20
      },
      "root": "#V2664388"
    },
    {
      "V2663919": {
        "id": "V2663919",
        "indicator": "F",
        "type": "BARE-VAL",
        "word": "NAKED",
        "roles": {
          "SCALE": "CONFIGURATION-PROPERTY-SCALE",
          "LEX": "NAKED",
          "WNSENSE": "naked%5:00:00:bare:00"
        },
        "start": 20,
        "end": 26
      },
      "root": "#V2663919"
    },
    {
      "V2664153": {
        "id": "V2664153",
        "indicator": "SPEECHACT",
        "type": "SA_PRED-FRAGMENT",
        "word": null,
        "roles": {
          "PUNCTYPE": "DECL",
          "CONTENT": "#V2663929",
          "LEX": "ON"
        },
        "start": 26,
        "end": 40
      },
      "V2663929": {
        "id": "V2663929",
        "indicator": "F",
        "type": "ON",
        "word": "ON",
        "roles": {
          "GROUND": "#V2663959",
          "FIGURE": "#V2664154",
          "LEX": "ON"
        },
        "start": 26,
        "end": 39
      },
      "V2664154": {
        "id": "V2664154",
        "indicator": "IMPRO",
        "type": "ANY-SEM",
        "word": null,
        "roles": {},
        "start": 26,
        "end": 39
      },
      "V2663959": {
        "id": "V2663959",
        "indicator": "THE",
        "type": "STRUCTURE-INTERNAL-COMPONENT",
        "word": "FLOOR",
        "roles": {
          "LEX": "FLOOR",
          "WNSENSE": "floor%1:06:00::"
        },
        "start": 29,
        "end": 39
      },
      "root": "#V2664153"
    },
    {
      "V2664379": {
        "id": "V2664379",
        "indicator": "SPEECHACT",
        "type": "SA_TELL",
        "word": null,
        "roles": {
          "CONTENT": "#V2663837",
          "LEX": "WAS"
        },
        "start": 0,
        "end": 12
      },
      "V2663837": {
        "id": "V2663837",
        "indicator": "F",
        "type": "HAVE-PROPERTY",
        "word": "BE",
        "roles": {
          "NEUTRAL": "#V2664018",
          "FORMAL": "#V2663859",
          "TENSE": "PAST",
          "LEX": "WAS",
          "WNSENSE": "be%2:42:03::"
        },
        "start": 0,
        "end": 12
      },
      "V2664018": {
        "id": "V2664018",
        "indicator": "THE",
        "type": "QUANTITY-ABSTR",
        "word": null,
        "roles": {
          "FIGURE": "#V2663821"
        },
        "start": 0,
        "end": 2
      },
      "V2663821": {
        "id": "V2663821",
        "indicator": "PRO",
        "type": "PERSON",
        "word": "I",
        "roles": {
          "PROFORM": "I",
          "LEX": "I",
          "WNSENSE": "person%1:03:00"
        },
        "start": 0,
        "end": 2
      },
      "V2663859": {
        "id": "V2663859",
        "indicator": "F",
        "type": "EXCITED",
        "word": "DRUNK",
        "roles": {
          "FIGURE": "#V2664018",
          "SCALE": "EXCITEMENT-SCALE",
          "LEX": "DRUNK",
          "WNSENSE": "drunk%5:00:00:excited:00"
        },
        "start": 6,
        "end": 12
      },
      "root": "#V2664379"
    },
    {
      "V2664388": {
        "id": "V2664388",
        "indicator": "SPEECHACT",
        "type": "SA_TELL",
        "word": null,
        "roles": {
          "CONTENT": "#V2663868",
          "LEX": "WOKE"
        },
        "start": 12,
        "end": 20
      },
      "V2663868": {
        "id": "V2663868",
        "indicator": "F",
        "type": "AWAKE",
        "word": "WAKE-UP",
        "roles": {
          "AFFECTED": "#V2664389",
          "MANNER": "#V2663904",
          "TENSE": "PAST",
          "LEX": "WOKE",
          "WNSENSE": "arise%2:29:00"
        },
        "start": 12,
        "end": 20
      },
      "V2664389": {
        "id": "V2664389",
        "indicator": "IMPRO",
        "type": "REFERENTIAL-SEM",
        "word": null,
        "roles": {
          "PROFORM": "SUBJ"
        },
        "start": 12,
        "end": 20
      },
      "V2663904": {
        "id": "V2663904",
        "indicator": "F",
        "type": "COMPLETELY",
        "word": "UP",
        "roles": {
          "FIGURE": "#V2663868",
          "LEX": "UP",
          "WNSENSE": "up%4:02:05::"
        },
        "start": 17,
        "end": 20
      },
      "root": "#V2664388"
    },
    {
      "V2663918": {
        "id": "V2663918",
        "indicator": "F",
        "type": "BASIC-VAL",
        "word": "NAKED",
        "roles": {
          "SCALE": "BASIC-SCALE",
          "LEX": "NAKED",
          "WNSENSE": "underived%3:00:00::"
        },
        "start": 20,
        "end": 26
      },
      "root": "#V2663918"
    },
    {
      "V2664153": {
        "id": "V2664153",
        "indicator": "SPEECHACT",
        "type": "SA_PRED-FRAGMENT",
        "word": null,
        "roles": {
          "PUNCTYPE": "DECL",
          "CONTENT": "#V2663929",
          "LEX": "ON"
        },
        "start": 26,
        "end": 40
      },
      "V2663929": {
        "id": "V2663929",
        "indicator": "F",
        "type": "ON",
        "word": "ON",
        "roles": {
          "GROUND": "#V2663959",
          "FIGURE": "#V2664154",
          "LEX": "ON"
        },
        "start": 26,
        "end": 39
      },
      "V2664154": {
        "id": "V2664154",
        "indicator": "IMPRO",
        "type": "ANY-SEM",
        "word": null,
        "roles": {},
        "start": 26,
        "end": 39
      },
      "V2663959": {
        "id": "V2663959",
        "indicator": "THE",
        "type": "STRUCTURE-INTERNAL-COMPONENT",
        "word": "FLOOR",
        "roles": {
          "LEX": "FLOOR",
          "WNSENSE": "floor%1:06:00::"
        },
        "start": 29,
        "end": 39
      },
      "root": "#V2664153"
    },
    {
      "V2664376": {
        "id": "V2664376",
        "indicator": "SPEECHACT",
        "type": "SA_TELL",
        "word": null,
        "roles": {
          "CONTENT": "#V2663837",
          "LEX": "WAS"
        },
        "start": 0,
        "end": 12
      },
      "V2663837": {
        "id": "V2663837",
        "indicator": "F",
        "type": "HAVE-PROPERTY",
        "word": "BE",
        "roles": {
          "NEUTRAL": "#V2664018",
          "FORMAL": "#V2663857",
          "TENSE": "PAST",
          "LEX": "WAS",
          "WNSENSE": "be%2:42:03::"
        },
        "start": 0,
        "end": 12
      },
      "V2664018": {
        "id": "V2664018",
        "indicator": "THE",
        "type": "QUANTITY-ABSTR",
        "word": null,
        "roles": {
          "FIGURE": "#V2663821"
        },
        "start": 0,
        "end": 2
      },
      "V2663821": {
        "id": "V2663821",
        "indicator": "PRO",
        "type": "PERSON",
        "word": "I",
        "roles": {
          "PROFORM": "I",
          "LEX": "I",
          "WNSENSE": "person%1:03:00"
        },
        "start": 0,
        "end": 2
      },
      "V2663857": {
        "id": "V2663857",
        "indicator": "F",
        "type": "EXCITED",
        "word": "DRUNK",
        "roles": {
          "FIGURE": "#V2664018",
          "SCALE": "EXCITEMENT-SCALE",
          "LEX": "DRUNK",
          "WNSENSE": "drunk%5:00:00:excited:00"
        },
        "start": 6,
        "end": 12
      },
      "root": "#V2664376"
    },
    {
      "V2664388": {
        "id": "V2664388",
        "indicator": "SPEECHACT",
        "type": "SA_TELL",
        "word": null,
        "roles": {
          "CONTENT": "#V2663868",
          "LEX": "WOKE"
        },
        "start": 12,
        "end": 20
      },
      "V2663868": {
        "id": "V2663868",
        "indicator": "F",
        "type": "AWAKE",
        "word": "WAKE-UP",
        "roles": {
          "AFFECTED": "#V2664389",
          "MANNER": "#V2663904",
          "TENSE": "PAST",
          "LEX": "WOKE",
          "WNSENSE": "arise%2:29:00"
        },
        "start": 12,
        "end": 20
      },
      "V2664389": {
        "id": "V2664389",
        "indicator": "IMPRO",
        "type": "REFERENTIAL-SEM",
        "word": null,
        "roles": {
          "PROFORM": "SUBJ"
        },
        "start": 12,
        "end": 20
      },
      "V2663904": {
        "id": "V2663904",
        "indicator": "F",
        "type": "COMPLETELY",
        "word": "UP",
        "roles": {
          "FIGURE": "#V2663868",
          "LEX": "UP",
          "WNSENSE": "up%4:02:05::"
        },
        "start": 17,
        "end": 20
      },
      "root": "#V2664388"
    },
    {
      "V2663919": {
        "id": "V2663919",
        "indicator": "F",
        "type": "BARE-VAL",
        "word": "NAKED",
        "roles": {
          "SCALE": "CONFIGURATION-PROPERTY-SCALE",
          "LEX": "NAKED",
          "WNSENSE": "naked%5:00:00:bare:00"
        },
        "start": 20,
        "end": 26
      },
      "root": "#V2663919"
    },
    {
      "V2664153": {
        "id": "V2664153",
        "indicator": "SPEECHACT",
        "type": "SA_PRED-FRAGMENT",
        "word": null,
        "roles": {
          "PUNCTYPE": "DECL",
          "CONTENT": "#V2663929",
          "LEX": "ON"
        },
        "start": 26,
        "end": 40
      },
      "V2663929": {
        "id": "V2663929",
        "indicator": "F",
        "type": "ON",
        "word": "ON",
        "roles": {
          "GROUND": "#V2663959",
          "FIGURE": "#V2664154",
          "LEX": "ON"
        },
        "start": 26,
        "end": 39
      },
      "V2664154": {
        "id": "V2664154",
        "indicator": "IMPRO",
        "type": "ANY-SEM",
        "word": null,
        "roles": {},
        "start": 26,
        "end": 39
      },
      "V2663959": {
        "id": "V2663959",
        "indicator": "THE",
        "type": "STRUCTURE-INTERNAL-COMPONENT",
        "word": "FLOOR",
        "roles": {
          "LEX": "FLOOR",
          "WNSENSE": "floor%1:06:00::"
        },
        "start": 29,
        "end": 39
      },
      "root": "#V2664153"
    },
    {
      "V2664376": {
        "id": "V2664376",
        "indicator": "SPEECHACT",
        "type": "SA_TELL",
        "word": null,
        "roles": {
          "CONTENT": "#V2663837",
          "LEX": "WAS"
        },
        "start": 0,
        "end": 12
      },
      "V2663837": {
        "id": "V2663837",
        "indicator": "F",
        "type": "HAVE-PROPERTY",
        "word": "BE",
        "roles": {
          "NEUTRAL": "#V2664018",
          "FORMAL": "#V2663857",
          "TENSE": "PAST",
          "LEX": "WAS",
          "WNSENSE": "be%2:42:03::"
        },
        "start": 0,
        "end": 12
      },
      "V2664018": {
        "id": "V2664018",
        "indicator": "THE",
        "type": "QUANTITY-ABSTR",
        "word": null,
        "roles": {
          "FIGURE": "#V2663821"
        },
        "start": 0,
        "end": 2
      },
      "V2663821": {
        "id": "V2663821",
        "indicator": "PRO",
        "type": "PERSON",
        "word": "I",
        "roles": {
          "PROFORM": "I",
          "LEX": "I",
          "WNSENSE": "person%1:03:00"
        },
        "start": 0,
        "end": 2
      },
      "V2663857": {
        "id": "V2663857",
        "indicator": "F",
        "type": "EXCITED",
        "word": "DRUNK",
        "roles": {
          "FIGURE": "#V2664018",
          "SCALE": "EXCITEMENT-SCALE",
          "LEX": "DRUNK",
          "WNSENSE": "drunk%5:00:00:excited:00"
        },
        "start": 6,
        "end": 12
      },
      "root": "#V2664376"
    },
    {
      "V2664388": {
        "id": "V2664388",
        "indicator": "SPEECHACT",
        "type": "SA_TELL",
        "word": null,
        "roles": {
          "CONTENT": "#V2663868",
          "LEX": "WOKE"
        },
        "start": 12,
        "end": 20
      },
      "V2663868": {
        "id": "V2663868",
        "indicator": "F",
        "type": "AWAKE",
        "word": "WAKE-UP",
        "roles": {
          "AFFECTED": "#V2664389",
          "MANNER": "#V2663904",
          "TENSE": "PAST",
          "LEX": "WOKE",
          "WNSENSE": "arise%2:29:00"
        },
        "start": 12,
        "end": 20
      },
      "V2664389": {
        "id": "V2664389",
        "indicator": "IMPRO",
        "type": "REFERENTIAL-SEM",
        "word": null,
        "roles": {
          "PROFORM": "SUBJ"
        },
        "start": 12,
        "end": 20
      },
      "V2663904": {
        "id": "V2663904",
        "indicator": "F",
        "type": "COMPLETELY",
        "word": "UP",
        "roles": {
          "FIGURE": "#V2663868",
          "LEX": "UP",
          "WNSENSE": "up%4:02:05::"
        },
        "start": 17,
        "end": 20
      },
      "root": "#V2664388"
    },
    {
      "V2663918": {
        "id": "V2663918",
        "indicator": "F",
        "type": "BASIC-VAL",
        "word": "NAKED",
        "roles": {
          "SCALE": "BASIC-SCALE",
          "LEX": "NAKED",
          "WNSENSE": "underived%3:00:00::"
        },
        "start": 20,
        "end": 26
      },
      "root": "#V2663918"
    },
    {
      "V2664153": {
        "id": "V2664153",
        "indicator": "SPEECHACT",
        "type": "SA_PRED-FRAGMENT",
        "word": null,
        "roles": {
          "PUNCTYPE": "DECL",
          "CONTENT": "#V2663929",
          "LEX": "ON"
        },
        "start": 26,
        "end": 40
      },
      "V2663929": {
        "id": "V2663929",
        "indicator": "F",
        "type": "ON",
        "word": "ON",
        "roles": {
          "GROUND": "#V2663959",
          "FIGURE": "#V2664154",
          "LEX": "ON"
        },
        "start": 26,
        "end": 39
      },
      "V2664154": {
        "id": "V2664154",
        "indicator": "IMPRO",
        "type": "ANY-SEM",
        "word": null,
        "roles": {},
        "start": 26,
        "end": 39
      },
      "V2663959": {
        "id": "V2663959",
        "indicator": "THE",
        "type": "STRUCTURE-INTERNAL-COMPONENT",
        "word": "FLOOR",
        "roles": {
          "LEX": "FLOOR",
          "WNSENSE": "floor%1:06:00::"
        },
        "start": 29,
        "end": 39
      },
      "root": "#V2664153"
    },
    {
      "V2664367": {
        "id": "V2664367",
        "indicator": "SPEECHACT",
        "type": "SA_TELL",
        "word": null,
        "roles": {
          "CONTENT": "#V2663837",
          "LEX": "WAS"
        },
        "start": 0,
        "end": 12
      },
      "V2663837": {
        "id": "V2663837",
        "indicator": "F",
        "type": "HAVE-PROPERTY",
        "word": "BE",
        "roles": {
          "NEUTRAL": "#V2663821",
          "FORMAL": "#V2663854",
          "TENSE": "PAST",
          "LEX": "WAS",
          "WNSENSE": "be%2:42:03::"
        },
        "start": 0,
        "end": 12
      },
      "V2663821": {
        "id": "V2663821",
        "indicator": "PRO",
        "type": "PERSON",
        "word": "I",
        "roles": {
          "PROFORM": "I",
          "LEX": "I",
          "WNSENSE": "person%1:03:00"
        },
        "start": 0,
        "end": 2
      },
      "V2663854": {
        "id": "V2663854",
        "indicator": "F",
        "type": "ALTERING-CONSCIOUSNESS-VAL",
        "word": "DRUNK",
        "roles": {
          "FIGURE": "#V2663821",
          "SCALE": "RATIONAL-SCALE",
          "LEX": "DRUNK",
          "WNSENSE": "drunk%3:00:00::"
        },
        "start": 6,
        "end": 12
      },
      "root": "#V2664367"
    },
    {
      "V2664388": {
        "id": "V2664388",
        "indicator": "SPEECHACT",
        "type": "SA_TELL",
        "word": null,
        "roles": {
          "CONTENT": "#V2663868",
          "LEX": "WOKE"
        },
        "start": 12,
        "end": 20
      },
      "V2663868": {
        "id": "V2663868",
        "indicator": "F",
        "type": "AWAKE",
        "word": "WAKE-UP",
        "roles": {
          "AFFECTED": "#V2664389",
          "MANNER": "#V2663904",
          "TENSE": "PAST",
          "LEX": "WOKE",
          "WNSENSE": "arise%2:29:00"
        },
        "start": 12,
        "end": 20
      },
      "V2664389": {
        "id": "V2664389",
        "indicator": "IMPRO",
        "type": "REFERENTIAL-SEM",
        "word": null,
        "roles": {
          "PROFORM": "SUBJ"
        },
        "start": 12,
        "end": 20
      },
      "V2663904": {
        "id": "V2663904",
        "indicator": "F",
        "type": "COMPLETELY",
        "word": "UP",
        "roles": {
          "FIGURE": "#V2663868",
          "LEX": "UP",
          "WNSENSE": "up%4:02:05::"
        },
        "start": 17,
        "end": 20
      },
      "root": "#V2664388"
    },
    {
      "V2663919": {
        "id": "V2663919",
        "indicator": "F",
        "type": "BARE-VAL",
        "word": "NAKED",
        "roles": {
          "SCALE": "CONFIGURATION-PROPERTY-SCALE",
          "LEX": "NAKED",
          "WNSENSE": "naked%5:00:00:bare:00"
        },
        "start": 20,
        "end": 26
      },
      "root": "#V2663919"
    },
    {
      "V2664194": {
        "id": "V2664194",
        "indicator": "SPEECHACT",
        "type": "SA_PRED-FRAGMENT",
        "word": null,
        "roles": {
          "PUNCTYPE": "DECL",
          "CONTENT": "#V2663929",
          "LEX": "ON"
        },
        "start": 26,
        "end": 40
      },
      "V2663929": {
        "id": "V2663929",
        "indicator": "F",
        "type": "ON",
        "word": "ON",
        "roles": {
          "GROUND": "#V2664070",
          "FIGURE": "#V2664195",
          "LEX": "ON"
        },
        "start": 26,
        "end": 39
      },
      "V2664195": {
        "id": "V2664195",
        "indicator": "IMPRO",
        "type": "ANY-SEM",
        "word": null,
        "roles": {},
        "start": 26,
        "end": 39
      },
      "V2664070": {
        "id": "V2664070",
        "indicator": "THE",
        "type": "QUANTITY-ABSTR",
        "word": null,
        "roles": {
          "FIGURE": "#V2663959"
        },
        "start": 29,
        "end": 39
      },
      "V2663959": {
        "id": "V2663959",
        "indicator": "THE",
        "type": "STRUCTURE-INTERNAL-COMPONENT",
        "word": "FLOOR",
        "roles": {
          "LEX": "FLOOR",
          "WNSENSE": "floor%1:06:00::"
        },
        "start": 29,
        "end": 39
      },
      "root": "#V2664194"
    },
    {
      "V2664367": {
        "id": "V2664367",
        "indicator": "SPEECHACT",
        "type": "SA_TELL",
        "word": null,
        "roles": {
          "CONTENT": "#V2663837",
          "LEX": "WAS"
        },
        "start": 0,
        "end": 12
      },
      "V2663837": {
        "id": "V2663837",
        "indicator": "F",
        "type": "HAVE-PROPERTY",
        "word": "BE",
        "roles": {
          "NEUTRAL": "#V2663821",
          "FORMAL": "#V2663854",
          "TENSE": "PAST",
          "LEX": "WAS",
          "WNSENSE": "be%2:42:03::"
        },
        "start": 0,
        "end": 12
      },
      "V2663821": {
        "id": "V2663821",
        "indicator": "PRO",
        "type": "PERSON",
        "word": "I",
        "roles": {
          "PROFORM": "I",
          "LEX": "I",
          "WNSENSE": "person%1:03:00"
        },
        "start": 0,
        "end": 2
      },
      "V2663854": {
        "id": "V2663854",
        "indicator": "F",
        "type": "ALTERING-CONSCIOUSNESS-VAL",
        "word": "DRUNK",
        "roles": {
          "FIGURE": "#V2663821",
          "SCALE": "RATIONAL-SCALE",
          "LEX": "DRUNK",
          "WNSENSE": "drunk%3:00:00::"
        },
        "start": 6,
        "end": 12
      },
      "root": "#V2664367"
    },
    {
      "V2664388": {
        "id": "V2664388",
        "indicator": "SPEECHACT",
        "type": "SA_TELL",
        "word": null,
        "roles": {
          "CONTENT": "#V2663868",
          "LEX": "WOKE"
        },
        "start": 12,
        "end": 20
      },
      "V2663868": {
        "id": "V2663868",
        "indicator": "F",
        "type": "AWAKE",
        "word": "WAKE-UP",
        "roles": {
          "AFFECTED": "#V2664389",
          "MANNER": "#V2663904",
          "TENSE": "PAST",
          "LEX": "WOKE",
          "WNSENSE": "arise%2:29:00"
        },
        "start": 12,
        "end": 20
      },
      "V2664389": {
        "id": "V2664389",
        "indicator": "IMPRO",
        "type": "REFERENTIAL-SEM",
        "word": null,
        "roles": {
          "PROFORM": "SUBJ"
        },
        "start": 12,
        "end": 20
      },
      "V2663904": {
        "id": "V2663904",
        "indicator": "F",
        "type": "COMPLETELY",
        "word": "UP",
        "roles": {
          "FIGURE": "#V2663868",
          "LEX": "UP",
          "WNSENSE": "up%4:02:05::"
        },
        "start": 17,
        "end": 20
      },
      "root": "#V2664388"
    },
    {
      "V2663918": {
        "id": "V2663918",
        "indicator": "F",
        "type": "BASIC-VAL",
        "word": "NAKED",
        "roles": {
          "SCALE": "BASIC-SCALE",
          "LEX": "NAKED",
          "WNSENSE": "underived%3:00:00::"
        },
        "start": 20,
        "end": 26
      },
      "root": "#V2663918"
    },
    {
      "V2664194": {
        "id": "V2664194",
        "indicator": "SPEECHACT",
        "type": "SA_PRED-FRAGMENT",
        "word": null,
        "roles": {
          "PUNCTYPE": "DECL",
          "CONTENT": "#V2663929",
          "LEX": "ON"
        },
        "start": 26,
        "end": 40
      },
      "V2663929": {
        "id": "V2663929",
        "indicator": "F",
        "type": "ON",
        "word": "ON",
        "roles": {
          "GROUND": "#V2664070",
          "FIGURE": "#V2664195",
          "LEX": "ON"
        },
        "start": 26,
        "end": 39
      },
      "V2664195": {
        "id": "V2664195",
        "indicator": "IMPRO",
        "type": "ANY-SEM",
        "word": null,
        "roles": {},
        "start": 26,
        "end": 39
      },
      "V2664070": {
        "id": "V2664070",
        "indicator": "THE",
        "type": "QUANTITY-ABSTR",
        "word": null,
        "roles": {
          "FIGURE": "#V2663959"
        },
        "start": 29,
        "end": 39
      },
      "V2663959": {
        "id": "V2663959",
        "indicator": "THE",
        "type": "STRUCTURE-INTERNAL-COMPONENT",
        "word": "FLOOR",
        "roles": {
          "LEX": "FLOOR",
          "WNSENSE": "floor%1:06:00::"
        },
        "start": 29,
        "end": 39
      },
      "root": "#V2664194"
    },
    {
      "V2664364": {
        "id": "V2664364",
        "indicator": "SPEECHACT",
        "type": "SA_TELL",
        "word": null,
        "roles": {
          "CONTENT": "#V2663837",
          "LEX": "WAS"
        },
        "start": 0,
        "end": 12
      },
      "V2663837": {
        "id": "V2663837",
        "indicator": "F",
        "type": "HAVE-PROPERTY",
        "word": "BE",
        "roles": {
          "NEUTRAL": "#V2663821",
          "FORMAL": "#V2663859",
          "TENSE": "PAST",
          "LEX": "WAS",
          "WNSENSE": "be%2:42:03::"
        },
        "start": 0,
        "end": 12
      },
      "V2663821": {
        "id": "V2663821",
        "indicator": "PRO",
        "type": "PERSON",
        "word": "I",
        "roles": {
          "PROFORM": "I",
          "LEX": "I",
          "WNSENSE": "person%1:03:00"
        },
        "start": 0,
        "end": 2
      },
      "V2663859": {
        "id": "V2663859",
        "indicator": "F",
        "type": "EXCITED",
        "word": "DRUNK",
        "roles": {
          "FIGURE": "#V2663821",
          "SCALE": "EXCITEMENT-SCALE",
          "LEX": "DRUNK",
          "WNSENSE": "drunk%5:00:00:excited:00"
        },
        "start": 6,
        "end": 12
      },
      "root": "#V2664364"
    },
    {
      "V2664388": {
        "id": "V2664388",
        "indicator": "SPEECHACT",
        "type": "SA_TELL",
        "word": null,
        "roles": {
          "CONTENT": "#V2663868",
          "LEX": "WOKE"
        },
        "start": 12,
        "end": 20
      },
      "V2663868": {
        "id": "V2663868",
        "indicator": "F",
        "type": "AWAKE",
        "word": "WAKE-UP",
        "roles": {
          "AFFECTED": "#V2664389",
          "MANNER": "#V2663904",
          "TENSE": "PAST",
          "LEX": "WOKE",
          "WNSENSE": "arise%2:29:00"
        },
        "start": 12,
        "end": 20
      },
      "V2664389": {
        "id": "V2664389",
        "indicator": "IMPRO",
        "type": "REFERENTIAL-SEM",
        "word": null,
        "roles": {
          "PROFORM": "SUBJ"
        },
        "start": 12,
        "end": 20
      },
      "V2663904": {
        "id": "V2663904",
        "indicator": "F",
        "type": "COMPLETELY",
        "word": "UP",
        "roles": {
          "FIGURE": "#V2663868",
          "LEX": "UP",
          "WNSENSE": "up%4:02:05::"
        },
        "start": 17,
        "end": 20
      },
      "root": "#V2664388"
    },
    {
      "V2663919": {
        "id": "V2663919",
        "indicator": "F",
        "type": "BARE-VAL",
        "word": "NAKED",
        "roles": {
          "SCALE": "CONFIGURATION-PROPERTY-SCALE",
          "LEX": "NAKED",
          "WNSENSE": "naked%5:00:00:bare:00"
        },
        "start": 20,
        "end": 26
      },
      "root": "#V2663919"
    },
    {
      "V2664194": {
        "id": "V2664194",
        "indicator": "SPEECHACT",
        "type": "SA_PRED-FRAGMENT",
        "word": null,
        "roles": {
          "PUNCTYPE": "DECL",
          "CONTENT": "#V2663929",
          "LEX": "ON"
        },
        "start": 26,
        "end": 40
      },
      "V2663929": {
        "id": "V2663929",
        "indicator": "F",
        "type": "ON",
        "word": "ON",
        "roles": {
          "GROUND": "#V2664070",
          "FIGURE": "#V2664195",
          "LEX": "ON"
        },
        "start": 26,
        "end": 39
      },
      "V2664195": {
        "id": "V2664195",
        "indicator": "IMPRO",
        "type": "ANY-SEM",
        "word": null,
        "roles": {},
        "start": 26,
        "end": 39
      },
      "V2664070": {
        "id": "V2664070",
        "indicator": "THE",
        "type": "QUANTITY-ABSTR",
        "word": null,
        "roles": {
          "FIGURE": "#V2663959"
        },
        "start": 29,
        "end": 39
      },
      "V2663959": {
        "id": "V2663959",
        "indicator": "THE",
        "type": "STRUCTURE-INTERNAL-COMPONENT",
        "word": "FLOOR",
        "roles": {
          "LEX": "FLOOR",
          "WNSENSE": "floor%1:06:00::"
        },
        "start": 29,
        "end": 39
      },
      "root": "#V2664194"
    },
    {
      "V2664364": {
        "id": "V2664364",
        "indicator": "SPEECHACT",
        "type": "SA_TELL",
        "word": null,
        "roles": {
          "CONTENT": "#V2663837",
          "LEX": "WAS"
        },
        "start": 0,
        "end": 12
      },
      "V2663837": {
        "id": "V2663837",
        "indicator": "F",
        "type": "HAVE-PROPERTY",
        "word": "BE",
        "roles": {
          "NEUTRAL": "#V2663821",
          "FORMAL": "#V2663859",
          "TENSE": "PAST",
          "LEX": "WAS",
          "WNSENSE": "be%2:42:03::"
        },
        "start": 0,
        "end": 12
      },
      "V2663821": {
        "id": "V2663821",
        "indicator": "PRO",
        "type": "PERSON",
        "word": "I",
        "roles": {
          "PROFORM": "I",
          "LEX": "I",
          "WNSENSE": "person%1:03:00"
        },
        "start": 0,
        "end": 2
      },
      "V2663859": {
        "id": "V2663859",
        "indicator": "F",
        "type": "EXCITED",
        "word": "DRUNK",
        "roles": {
          "FIGURE": "#V2663821",
          "SCALE": "EXCITEMENT-SCALE",
          "LEX": "DRUNK",
          "WNSENSE": "drunk%5:00:00:excited:00"
        },
        "start": 6,
        "end": 12
      },
      "root": "#V2664364"
    },
    {
      "V2664388": {
        "id": "V2664388",
        "indicator": "SPEECHACT",
        "type": "SA_TELL",
        "word": null,
        "roles": {
          "CONTENT": "#V2663868",
          "LEX": "WOKE"
        },
        "start": 12,
        "end": 20
      },
      "V2663868": {
        "id": "V2663868",
        "indicator": "F",
        "type": "AWAKE",
        "word": "WAKE-UP",
        "roles": {
          "AFFECTED": "#V2664389",
          "MANNER": "#V2663904",
          "TENSE": "PAST",
          "LEX": "WOKE",
          "WNSENSE": "arise%2:29:00"
        },
        "start": 12,
        "end": 20
      },
      "V2664389": {
        "id": "V2664389",
        "indicator": "IMPRO",
        "type": "REFERENTIAL-SEM",
        "word": null,
        "roles": {
          "PROFORM": "SUBJ"
        },
        "start": 12,
        "end": 20
      },
      "V2663904": {
        "id": "V2663904",
        "indicator": "F",
        "type": "COMPLETELY",
        "word": "UP",
        "roles": {
          "FIGURE": "#V2663868",
          "LEX": "UP",
          "WNSENSE": "up%4:02:05::"
        },
        "start": 17,
        "end": 20
      },
      "root": "#V2664388"
    },
    {
      "V2663918": {
        "id": "V2663918",
        "indicator": "F",
        "type": "BASIC-VAL",
        "word": "NAKED",
        "roles": {
          "SCALE": "BASIC-SCALE",
          "LEX": "NAKED",
          "WNSENSE": "underived%3:00:00::"
        },
        "start": 20,
        "end": 26
      },
      "root": "#V2663918"
    },
    {
      "V2664194": {
        "id": "V2664194",
        "indicator": "SPEECHACT",
        "type": "SA_PRED-FRAGMENT",
        "word": null,
        "roles": {
          "PUNCTYPE": "DECL",
          "CONTENT": "#V2663929",
          "LEX": "ON"
        },
        "start": 26,
        "end": 40
      },
      "V2663929": {
        "id": "V2663929",
        "indicator": "F",
        "type": "ON",
        "word": "ON",
        "roles": {
          "GROUND": "#V2664070",
          "FIGURE": "#V2664195",
          "LEX": "ON"
        },
        "start": 26,
        "end": 39
      },
      "V2664195": {
        "id": "V2664195",
        "indicator": "IMPRO",
        "type": "ANY-SEM",
        "word": null,
        "roles": {},
        "start": 26,
        "end": 39
      },
      "V2664070": {
        "id": "V2664070",
        "indicator": "THE",
        "type": "QUANTITY-ABSTR",
        "word": null,
        "roles": {
          "FIGURE": "#V2663959"
        },
        "start": 29,
        "end": 39
      },
      "V2663959": {
        "id": "V2663959",
        "indicator": "THE",
        "type": "STRUCTURE-INTERNAL-COMPONENT",
        "word": "FLOOR",
        "roles": {
          "LEX": "FLOOR",
          "WNSENSE": "floor%1:06:00::"
        },
        "start": 29,
        "end": 39
      },
      "root": "#V2664194"
    },
    {
      "V2664361": {
        "id": "V2664361",
        "indicator": "SPEECHACT",
        "type": "SA_TELL",
        "word": null,
        "roles": {
          "CONTENT": "#V2663837",
          "LEX": "WAS"
        },
        "start": 0,
        "end": 12
      },
      "V2663837": {
        "id": "V2663837",
        "indicator": "F",
        "type": "HAVE-PROPERTY",
        "word": "BE",
        "roles": {
          "NEUTRAL": "#V2663821",
          "FORMAL": "#V2663857",
          "TENSE": "PAST",
          "LEX": "WAS",
          "WNSENSE": "be%2:42:03::"
        },
        "start": 0,
        "end": 12
      },
      "V2663821": {
        "id": "V2663821",
        "indicator": "PRO",
        "type": "PERSON",
        "word": "I",
        "roles": {
          "PROFORM": "I",
          "LEX": "I",
          "WNSENSE": "person%1:03:00"
        },
        "start": 0,
        "end": 2
      },
      "V2663857": {
        "id": "V2663857",
        "indicator": "F",
        "type": "EXCITED",
        "word": "DRUNK",
        "roles": {
          "FIGURE": "#V2663821",
          "SCALE": "EXCITEMENT-SCALE",
          "LEX": "DRUNK",
          "WNSENSE": "drunk%5:00:00:excited:00"
        },
        "start": 6,
        "end": 12
      },
      "root": "#V2664361"
    },
    {
      "V2664388": {
        "id": "V2664388",
        "indicator": "SPEECHACT",
        "type": "SA_TELL",
        "word": null,
        "roles": {
          "CONTENT": "#V2663868",
          "LEX": "WOKE"
        },
        "start": 12,
        "end": 20
      },
      "V2663868": {
        "id": "V2663868",
        "indicator": "F",
        "type": "AWAKE",
        "word": "WAKE-UP",
        "roles": {
          "AFFECTED": "#V2664389",
          "MANNER": "#V2663904",
          "TENSE": "PAST",
          "LEX": "WOKE",
          "WNSENSE": "arise%2:29:00"
        },
        "start": 12,
        "end": 20
      },
      "V2664389": {
        "id": "V2664389",
        "indicator": "IMPRO",
        "type": "REFERENTIAL-SEM",
        "word": null,
        "roles": {
          "PROFORM": "SUBJ"
        },
        "start": 12,
        "end": 20
      },
      "V2663904": {
        "id": "V2663904",
        "indicator": "F",
        "type": "COMPLETELY",
        "word": "UP",
        "roles": {
          "FIGURE": "#V2663868",
          "LEX": "UP",
          "WNSENSE": "up%4:02:05::"
        },
        "start": 17,
        "end": 20
      },
      "root": "#V2664388"
    },
    {
      "V2663919": {
        "id": "V2663919",
        "indicator": "F",
        "type": "BARE-VAL",
        "word": "NAKED",
        "roles": {
          "SCALE": "CONFIGURATION-PROPERTY-SCALE",
          "LEX": "NAKED",
          "WNSENSE": "naked%5:00:00:bare:00"
        },
        "start": 20,
        "end": 26
      },
      "root": "#V2663919"
    },
    {
      "V2664194": {
        "id": "V2664194",
        "indicator": "SPEECHACT",
        "type": "SA_PRED-FRAGMENT",
        "word": null,
        "roles": {
          "PUNCTYPE": "DECL",
          "CONTENT": "#V2663929",
          "LEX": "ON"
        },
        "start": 26,
        "end": 40
      },
      "V2663929": {
        "id": "V2663929",
        "indicator": "F",
        "type": "ON",
        "word": "ON",
        "roles": {
          "GROUND": "#V2664070",
          "FIGURE": "#V2664195",
          "LEX": "ON"
        },
        "start": 26,
        "end": 39
      },
      "V2664195": {
        "id": "V2664195",
        "indicator": "IMPRO",
        "type": "ANY-SEM",
        "word": null,
        "roles": {},
        "start": 26,
        "end": 39
      },
      "V2664070": {
        "id": "V2664070",
        "indicator": "THE",
        "type": "QUANTITY-ABSTR",
        "word": null,
        "roles": {
          "FIGURE": "#V2663959"
        },
        "start": 29,
        "end": 39
      },
      "V2663959": {
        "id": "V2663959",
        "indicator": "THE",
        "type": "STRUCTURE-INTERNAL-COMPONENT",
        "word": "FLOOR",
        "roles": {
          "LEX": "FLOOR",
          "WNSENSE": "floor%1:06:00::"
        },
        "start": 29,
        "end": 39
      },
      "root": "#V2664194"
    },
    {
      "V2664361": {
        "id": "V2664361",
        "indicator": "SPEECHACT",
        "type": "SA_TELL",
        "word": null,
        "roles": {
          "CONTENT": "#V2663837",
          "LEX": "WAS"
        },
        "start": 0,
        "end": 12
      },
      "V2663837": {
        "id": "V2663837",
        "indicator": "F",
        "type": "HAVE-PROPERTY",
        "word": "BE",
        "roles": {
          "NEUTRAL": "#V2663821",
          "FORMAL": "#V2663857",
          "TENSE": "PAST",
          "LEX": "WAS",
          "WNSENSE": "be%2:42:03::"
        },
        "start": 0,
        "end": 12
      },
      "V2663821": {
        "id": "V2663821",
        "indicator": "PRO",
        "type": "PERSON",
        "word": "I",
        "roles": {
          "PROFORM": "I",
          "LEX": "I",
          "WNSENSE": "person%1:03:00"
        },
        "start": 0,
        "end": 2
      },
      "V2663857": {
        "id": "V2663857",
        "indicator": "F",
        "type": "EXCITED",
        "word": "DRUNK",
        "roles": {
          "FIGURE": "#V2663821",
          "SCALE": "EXCITEMENT-SCALE",
          "LEX": "DRUNK",
          "WNSENSE": "drunk%5:00:00:excited:00"
        },
        "start": 6,
        "end": 12
      },
      "root": "#V2664361"
    },
    {
      "V2664388": {
        "id": "V2664388",
        "indicator": "SPEECHACT",
        "type": "SA_TELL",
        "word": null,
        "roles": {
          "CONTENT": "#V2663868",
          "LEX": "WOKE"
        },
        "start": 12,
        "end": 20
      },
      "V2663868": {
        "id": "V2663868",
        "indicator": "F",
        "type": "AWAKE",
        "word": "WAKE-UP",
        "roles": {
          "AFFECTED": "#V2664389",
          "MANNER": "#V2663904",
          "TENSE": "PAST",
          "LEX": "WOKE",
          "WNSENSE": "arise%2:29:00"
        },
        "start": 12,
        "end": 20
      },
      "V2664389": {
        "id": "V2664389",
        "indicator": "IMPRO",
        "type": "REFERENTIAL-SEM",
        "word": null,
        "roles": {
          "PROFORM": "SUBJ"
        },
        "start": 12,
        "end": 20
      },
      "V2663904": {
        "id": "V2663904",
        "indicator": "F",
        "type": "COMPLETELY",
        "word": "UP",
        "roles": {
          "FIGURE": "#V2663868",
          "LEX": "UP",
          "WNSENSE": "up%4:02:05::"
        },
        "start": 17,
        "end": 20
      },
      "root": "#V2664388"
    },
    {
      "V2663918": {
        "id": "V2663918",
        "indicator": "F",
        "type": "BASIC-VAL",
        "word": "NAKED",
        "roles": {
          "SCALE": "BASIC-SCALE",
          "LEX": "NAKED",
          "WNSENSE": "underived%3:00:00::"
        },
        "start": 20,
        "end": 26
      },
      "root": "#V2663918"
    },
    {
      "V2664194": {
        "id": "V2664194",
        "indicator": "SPEECHACT",
        "type": "SA_PRED-FRAGMENT",
        "word": null,
        "roles": {
          "PUNCTYPE": "DECL",
          "CONTENT": "#V2663929",
          "LEX": "ON"
        },
        "start": 26,
        "end": 40
      },
      "V2663929": {
        "id": "V2663929",
        "indicator": "F",
        "type": "ON",
        "word": "ON",
        "roles": {
          "GROUND": "#V2664070",
          "FIGURE": "#V2664195",
          "LEX": "ON"
        },
        "start": 26,
        "end": 39
      },
      "V2664195": {
        "id": "V2664195",
        "indicator": "IMPRO",
        "type": "ANY-SEM",
        "word": null,
        "roles": {},
        "start": 26,
        "end": 39
      },
      "V2664070": {
        "id": "V2664070",
        "indicator": "THE",
        "type": "QUANTITY-ABSTR",
        "word": null,
        "roles": {
          "FIGURE": "#V2663959"
        },
        "start": 29,
        "end": 39
      },
      "V2663959": {
        "id": "V2663959",
        "indicator": "THE",
        "type": "STRUCTURE-INTERNAL-COMPONENT",
        "word": "FLOOR",
        "roles": {
          "LEX": "FLOOR",
          "WNSENSE": "floor%1:06:00::"
        },
        "start": 29,
        "end": 39
      },
      "root": "#V2664194"
    },
    {
      "V2664412": {
        "id": "V2664412",
        "indicator": "SPEECHACT",
        "type": "SA_TELL",
        "word": null,
        "roles": {
          "CONTENT": "#V2663837",
          "LEX": "WAS"
        },
        "start": 0,
        "end": 12
      },
      "V2663837": {
        "id": "V2663837",
        "indicator": "F",
        "type": "HAVE-PROPERTY",
        "word": "BE",
        "roles": {
          "NEUTRAL": "#V2663821",
          "FORMAL": "#V2663854",
          "TENSE": "PAST",
          "LEX": "WAS",
          "WNSENSE": "be%2:42:03::"
        },
        "start": 0,
        "end": 12
      },
      "V2663821": {
        "id": "V2663821",
        "indicator": "PRO",
        "type": "PERSON",
        "word": "I",
        "roles": {
          "PROFORM": "I",
          "LEX": "I",
          "WNSENSE": "person%1:03:00"
        },
        "start": 0,
        "end": 2
      },
      "V2663854": {
        "id": "V2663854",
        "indicator": "F",
        "type": "ALTERING-CONSCIOUSNESS-VAL",
        "word": "DRUNK",
        "roles": {
          "FIGURE": "#V2663821",
          "SCALE": "RATIONAL-SCALE",
          "LEX": "DRUNK",
          "WNSENSE": "drunk%3:00:00::"
        },
        "start": 6,
        "end": 12
      },
      "root": "#V2664412"
    },
    {
      "V2664388": {
        "id": "V2664388",
        "indicator": "SPEECHACT",
        "type": "SA_TELL",
        "word": null,
        "roles": {
          "CONTENT": "#V2663868",
          "LEX": "WOKE"
        },
        "start": 12,
        "end": 20
      },
      "V2663868": {
        "id": "V2663868",
        "indicator": "F",
        "type": "AWAKE",
        "word": "WAKE-UP",
        "roles": {
          "AFFECTED": "#V2664389",
          "MANNER": "#V2663904",
          "TENSE": "PAST",
          "LEX": "WOKE",
          "WNSENSE": "arise%2:29:00"
        },
        "start": 12,
        "end": 20
      },
      "V2664389": {
        "id": "V2664389",
        "indicator": "IMPRO",
        "type": "REFERENTIAL-SEM",
        "word": null,
        "roles": {
          "PROFORM": "SUBJ"
        },
        "start": 12,
        "end": 20
      },
      "V2663904": {
        "id": "V2663904",
        "indicator": "F",
        "type": "COMPLETELY",
        "word": "UP",
        "roles": {
          "FIGURE": "#V2663868",
          "LEX": "UP",
          "WNSENSE": "up%4:02:05::"
        },
        "start": 17,
        "end": 20
      },
      "root": "#V2664388"
    },
    {
      "V2663919": {
        "id": "V2663919",
        "indicator": "F",
        "type": "BARE-VAL",
        "word": "NAKED",
        "roles": {
          "SCALE": "CONFIGURATION-PROPERTY-SCALE",
          "LEX": "NAKED",
          "WNSENSE": "naked%5:00:00:bare:00"
        },
        "start": 20,
        "end": 26
      },
      "root": "#V2663919"
    },
    {
      "V2664153": {
        "id": "V2664153",
        "indicator": "SPEECHACT",
        "type": "SA_PRED-FRAGMENT",
        "word": null,
        "roles": {
          "PUNCTYPE": "DECL",
          "CONTENT": "#V2663929",
          "LEX": "ON"
        },
        "start": 26,
        "end": 40
      },
      "V2663929": {
        "id": "V2663929",
        "indicator": "F",
        "type": "ON",
        "word": "ON",
        "roles": {
          "GROUND": "#V2663959",
          "FIGURE": "#V2664154",
          "LEX": "ON"
        },
        "start": 26,
        "end": 39
      },
      "V2664154": {
        "id": "V2664154",
        "indicator": "IMPRO",
        "type": "ANY-SEM",
        "word": null,
        "roles": {},
        "start": 26,
        "end": 39
      },
      "V2663959": {
        "id": "V2663959",
        "indicator": "THE",
        "type": "STRUCTURE-INTERNAL-COMPONENT",
        "word": "FLOOR",
        "roles": {
          "LEX": "FLOOR",
          "WNSENSE": "floor%1:06:00::"
        },
        "start": 29,
        "end": 39
      },
      "root": "#V2664153"
    },
    {
      "V2664412": {
        "id": "V2664412",
        "indicator": "SPEECHACT",
        "type": "SA_TELL",
        "word": null,
        "roles": {
          "CONTENT": "#V2663837",
          "LEX": "WAS"
        },
        "start": 0,
        "end": 12
      },
      "V2663837": {
        "id": "V2663837",
        "indicator": "F",
        "type": "HAVE-PROPERTY",
        "word": "BE",
        "roles": {
          "NEUTRAL": "#V2663821",
          "FORMAL": "#V2663854",
          "TENSE": "PAST",
          "LEX": "WAS",
          "WNSENSE": "be%2:42:03::"
        },
        "start": 0,
        "end": 12
      },
      "V2663821": {
        "id": "V2663821",
        "indicator": "PRO",
        "type": "PERSON",
        "word": "I",
        "roles": {
          "PROFORM": "I",
          "LEX": "I",
          "WNSENSE": "person%1:03:00"
        },
        "start": 0,
        "end": 2
      },
      "V2663854": {
        "id": "V2663854",
        "indicator": "F",
        "type": "ALTERING-CONSCIOUSNESS-VAL",
        "word": "DRUNK",
        "roles": {
          "FIGURE": "#V2663821",
          "SCALE": "RATIONAL-SCALE",
          "LEX": "DRUNK",
          "WNSENSE": "drunk%3:00:00::"
        },
        "start": 6,
        "end": 12
      },
      "root": "#V2664412"
    },
    {
      "V2664388": {
        "id": "V2664388",
        "indicator": "SPEECHACT",
        "type": "SA_TELL",
        "word": null,
        "roles": {
          "CONTENT": "#V2663868",
          "LEX": "WOKE"
        },
        "start": 12,
        "end": 20
      },
      "V2663868": {
        "id": "V2663868",
        "indicator": "F",
        "type": "AWAKE",
        "word": "WAKE-UP",
        "roles": {
          "AFFECTED": "#V2664389",
          "MANNER": "#V2663904",
          "TENSE": "PAST",
          "LEX": "WOKE",
          "WNSENSE": "arise%2:29:00"
        },
        "start": 12,
        "end": 20
      },
      "V2664389": {
        "id": "V2664389",
        "indicator": "IMPRO",
        "type": "REFERENTIAL-SEM",
        "word": null,
        "roles": {
          "PROFORM": "SUBJ"
        },
        "start": 12,
        "end": 20
      },
      "V2663904": {
        "id": "V2663904",
        "indicator": "F",
        "type": "COMPLETELY",
        "word": "UP",
        "roles": {
          "FIGURE": "#V2663868",
          "LEX": "UP",
          "WNSENSE": "up%4:02:05::"
        },
        "start": 17,
        "end": 20
      },
      "root": "#V2664388"
    },
    {
      "V2663918": {
        "id": "V2663918",
        "indicator": "F",
        "type": "BASIC-VAL",
        "word": "NAKED",
        "roles": {
          "SCALE": "BASIC-SCALE",
          "LEX": "NAKED",
          "WNSENSE": "underived%3:00:00::"
        },
        "start": 20,
        "end": 26
      },
      "root": "#V2663918"
    },
    {
      "V2664153": {
        "id": "V2664153",
        "indicator": "SPEECHACT",
        "type": "SA_PRED-FRAGMENT",
        "word": null,
        "roles": {
          "PUNCTYPE": "DECL",
          "CONTENT": "#V2663929",
          "LEX": "ON"
        },
        "start": 26,
        "end": 40
      },
      "V2663929": {
        "id": "V2663929",
        "indicator": "F",
        "type": "ON",
        "word": "ON",
        "roles": {
          "GROUND": "#V2663959",
          "FIGURE": "#V2664154",
          "LEX": "ON"
        },
        "start": 26,
        "end": 39
      },
      "V2664154": {
        "id": "V2664154",
        "indicator": "IMPRO",
        "type": "ANY-SEM",
        "word": null,
        "roles": {},
        "start": 26,
        "end": 39
      },
      "V2663959": {
        "id": "V2663959",
        "indicator": "THE",
        "type": "STRUCTURE-INTERNAL-COMPONENT",
        "word": "FLOOR",
        "roles": {
          "LEX": "FLOOR",
          "WNSENSE": "floor%1:06:00::"
        },
        "start": 29,
        "end": 39
      },
      "root": "#V2664153"
    }
  ],
  "inputtags": [],
  "debug": [
    "*last-utt-id*=NIL  utt-id+494",
    "*last-utt-id*=494  utt-id+494",
    "*last-utt-id*=494  utt-id+494",
    "*last-utt-id*=494  utt-id+494",
    "*last-utt-id*=494  utt-id+NIL"
  ]
}
