{
  "parse": [
    {
      "V2982054": {
        "id": "V2982054",
        "indicator": "SPEECHACT",
        "type": "SA_TELL",
        "word": null,
        "roles": {
          "CONTENT": "#V2981981",
          "LEX": "LAUGHED-AT"
        },
        "start": 0,
        "end": 15
      },
      "V2981981": {
        "id": "V2981981",
        "indicator": "F",
        "type": "INTERACT",
        "word": "LAUGHED-AT",
        "roles": {
          "AGENT": "#V2981945",
          "AFFECTED": "#V2981998",
          "TENSE": "PAST",
          "LEX": "LAUGHED-AT",
          "WNSENSE": "laugh_at%2:32:00"
        },
        "start": 0,
        "end": 15
      },
      "V2981945": {
        "id": "V2981945",
        "indicator": "PRO",
        "type": "MALE-PERSON",
        "word": "HE",
        "roles": {
          "PROFORM": "HE",
          "LEX": "HE",
          "WNSENSE": "man%1:18:00"
        },
        "start": 0,
        "end": 3
      },
      "V2981998": {
        "id": "V2981998",
        "indicator": "PRO",
        "type": "PERSON",
        "word": "ME",
        "roles": {
          "PROFORM": "ME",
          "LEX": "ME",
          "WNSENSE": "person%1:03:00",
          "COREF": "USER"
        },
        "start": 14,
        "end": 15
      },
      "root": "#V2982054"
    }
  ],
  "inputtags": [],
  "debug": [
    "*last-utt-id*=NIL  utt-id+523",
    "*last-utt-id*=523  utt-id+NIL"
  ]
}
