{
  "parse": [
    {
      "V1116428": {
        "id": "V1116428",
        "indicator": "SPEECHACT",
        "type": "SA_TELL",
        "word": null,
        "roles": {
          "PUNCTYPE": "DECL",
          "CONTENT": "#V1114554",
          "LEX": "MARRY"
        },
        "start": 0,
        "end": 38
      },
      "V1114554": {
        "id": "V1114554",
        "indicator": "F",
        "type": "CAUSE-EFFECT",
        "word": null,
        "roles": {
          "AGENT": "#V1114228",
          "AFFECTED": "#V1115958",
          "METHOD": "#V1114234",
          "FORMAL": "#V1115192",
          "TENSE": "PRES",
          "LEX": "MARRY"
        },
        "start": 0,
        "end": 38
      },
      "V1114228": {
        "id": "V1114228",
        "indicator": "INDEF-SET",
        "type": "PERSON",
        "word": "PERSON",
        "roles": {
          "SIZE": "MOST",
          "LEX": "PEOPLE",
          "WNSENSE": "person%1:03:00::"
        },
        "start": 0,
        "end": 12
      },
      "V1114234": {
        "id": "V1114234",
        "indicator": "F",
        "type": "MARRY",
        "word": "MARRY",
        "roles": {
          "AGENT": "#V1114228",
          "TENSE": "PRES",
          "LEX": "MARRY",
          "WNSENSE": "marry%2:41:00::"
        },
        "start": 12,
        "end": 18
      },
      "V1115958": {
        "id": "V1115958",
        "indicator": "THE",
        "type": "QUANTITY-ABSTR",
        "word": null,
        "roles": {
          "FIGURE": "#V1114245"
        },
        "start": 18,
        "end": 26
      },
      "V1114245": {
        "id": "V1114245",
        "indicator": "BARE",
        "type": "REFERENTIAL-SEM",
        "word": "SONEONE",
        "roles": {
          "LEX": "SONEONE",
          "WNSENSE": "entity%1:03:00"
        },
        "start": 18,
        "end": 26
      },
      "V1115192": {
        "id": "V1115192",
        "indicator": "F",
        "type": "STATE-RESULTING-FROM",
        "word": null,
        "roles": {
          "FIGURE": "#V1115958",
          "GROUND": "#V1114255",
          "LEX": "MET"
        },
        "start": 26,
        "end": 38
      },
      "V1114255": {
        "id": "V1114255",
        "indicator": "F",
        "type": "IS-COMPATIBLE-WITH",
        "word": "MEET",
        "roles": {
          "NEUTRAL1": "#V1115958",
          "MOD": "#V1114271",
          "WNSENSE": "accept%2:42:00"
        },
        "start": 26,
        "end": 38
      },
      "V1114271": {
        "id": "V1114271",
        "indicator": "F",
        "type": "SITUATED-IN",
        "word": "AT",
        "roles": {
          "GROUND": "#V1114289",
          "FIGURE": "#V1114255",
          "LEX": "AT"
        },
        "start": 30,
        "end": 38
      },
      "V1114289": {
        "id": "V1114289",
        "indicator": "BARE",
        "type": "WORK",
        "word": "WORK",
        "roles": {
          "LEX": "WORK",
          "WNSENSE": "work%2:41:00::"
        },
        "start": 33,
        "end": 38
      },
      "root": "#V1116428"
    }
  ],
  "inputtags": [],
  "debug": [
    "*last-utt-id*=NIL  utt-id+202",
    "*last-utt-id*=202  utt-id+NIL"
  ]
}
