{
  "parse": [
    {
      "V641416": {
        "id": "V641416",
        "indicator": "SPEECHACT",
        "type": "SA_TELL",
        "word": null,
        "roles": {
          "PUNCTYPE": "DECL",
          "CONTENT": "#V641074",
          "LEX": "WAS"
        },
        "start": 0,
        "end": 20
      },
      "V641074": {
        "id": "V641074",
        "indicator": "F",
        "type": "HAVE-PROPERTY",
        "word": "BE",
        "roles": {
          "NEUTRAL": "#V641058",
          "FORMAL": "#V641142",
          "TENSE": "PAST",
          "LEX": "WAS",
          "WNSENSE": "be%2:42:03::"
        },
        "start": 0,
        "end": 20
      },
      "V641058": {
        "id": "V641058",
        "indicator": "PRO",
        "type": "PERSON",
        "word": "I",
        "roles": {
          "PROFORM": "I",
          "LEX": "I",
          "WNSENSE": "person%1:03:00",
          "COREF": "USER"
        },
        "start": 0,
        "end": 2
      },
      "V641142": {
        "id": "V641142",
        "indicator": "F",
        "type": "AT-SCALE-VALUE",
        "word": null,
        "roles": {
          "FIGURE": "#V641058",
          "GROUND": "#V641088",
          "SCALE": "AGE-SCALE",
          "LEX": "OLD"
        },
        "start": 7,
        "end": 20
      },
      "V641088": {
        "id": "V641088",
        "indicator": "A",
        "type": "QUANTITY-ABSTR",
        "word": null,
        "roles": {
          "UNIT": "(:* YEAR-DURATION YEAR)",
          "AMOUNT": "10"
        },
        "start": 7,
        "end": 20
      },
      "root": "#V641416"
    }
  ],
  "inputtags": [],
  "debug": [
    "*last-utt-id*=NIL  utt-id+107",
    "*last-utt-id*=107  utt-id+NIL"
  ]
}
