{
  "parse": [
    {
      "V234389": {
        "id": "V234389",
        "indicator": "SPEECHACT",
        "type": "SA_YN-QUESTION",
        "word": null,
        "roles": {
          "CONTENT": "#V234387",
          "PUNCTYPE": "YNQ",
          "LEX": "-"
        },
        "start": 0,
        "end": 35
      },
      "V234387": {
        "id": "V234387",
        "indicator": "THE",
        "type": "QUANTITY-ABSTR",
        "word": null,
        "roles": {
          "FIGURE": "#V233978"
        },
        "start": 0,
        "end": 35
      },
      "V233978": {
        "id": "V233978",
        "indicator": "INDEF-SET",
        "type": "MALE-PERSON",
        "word": "MAN",
        "roles": {
          "MOD": "#V234000",
          "LEX": "MEN",
          "WNSENSE": "man%1:18:00::"
        },
        "start": 0,
        "end": 35
      },
      "V234000": {
        "id": "V234000",
        "indicator": "F",
        "type": "WANT",
        "word": "WANT",
        "roles": {
          "EXPERIENCER": "#V233990",
          "FORMAL": "#V234034",
          "TENSE": "PRES",
          "LEX": "WANT",
          "WNSENSE": "want%2:37:00::"
        },
        "start": 4,
        "end": 35
      },
      "V233990": {
        "id": "V233990",
        "indicator": "PRO",
        "type": "PERSON",
        "word": "YOU",
        "roles": {
          "PROFORM": "YOU",
          "LEX": "YOU",
          "WNSENSE": "person%1:03:00",
          "COREF": "SYS"
        },
        "start": 4,
        "end": 8
      },
      "V234034": {
        "id": "V234034",
        "indicator": "F",
        "type": "CONTROL-MANAGE",
        "word": "TREAT",
        "roles": {
          "AGENT": "#V233990",
          "AFFECTED": "#V234037",
          "VFORM": "BASE",
          "LEX": "TREAT",
          "WNSENSE": "control%2:41:00"
        },
        "start": 13,
        "end": 35
      },
      "V234037": {
        "id": "V234037",
        "indicator": "INDEF-SET",
        "type": "FEMALE-PERSON",
        "word": "WOMAN",
        "roles": {
          "MOD": "#V234040",
          "LEX": "WOMEN",
          "WNSENSE": "woman%1:18:00::"
        },
        "start": 22,
        "end": 35
      },
      "V234040": {
        "id": "V234040",
        "indicator": "F",
        "type": "MORE-VAL",
        "word": "GOOD",
        "roles": {
          "ORIENTATION": "MORE",
          "INTENSITY": "MED",
          "FIGURE": "#V234037",
          "SCALE": "ACCEPTABILITY-VAL",
          "LEX": "BETTER",
          "WNSENSE": "better%3:00:00::"
        },
        "start": 28,
        "end": 35
      },
      "root": "#V234389"
    }
  ],
  "inputtags": [],
  "debug": [
    "constit-match failed on (% W::VP- (W::ADVBL-NEEDED -) (W::VFORM W::BASE)",
    "                           (W::SUBJ ?#:LSUBJ54111:((% W::NP (W::GAP -)",
    "                                                      (W::LF ?#:LSUBJLF54103)",
    "                                                      (W::SORT ?#:LSUBJSORT54104)",
    "                                                      (W::SUBJVAR ?#:LSUBJSUBJVAR54105)",
    "                                                      (W::LEX ?#:DOBJLEX53757)",
    "                                                      (W::VAR V233978)",
    "                                                      (W::AGR ?282)",
    "                                                      (W::CASE ?#:LSUBJCASE54109)",
    "                                                      (W::SEM ?127:(F::PHYS-OBJ (F::TANGIBLE +))))))",
    "                           (W::TMA -)",
    "                           (W::CONSTRAINT (% & (W::MODS V234498)",
    "                                             (W::LSUBJ V233978)",
    "                                             (W::LOBJ V234037) (W::LCOMP ?288)",
    "                                             (ONT::AGENT V233978)",
    "                                             (ONT::AFFECTED V234037)",
    "                                             (ONT::FORMAL ?288)))",
    "                           (W::CLASS (:* ONT::CONTROL-MANAGE W::TREAT))",
    "                           (W::VAR V234034) (W::NEG -)",
    "                           (W::SEM ?203:(F::SITUATION (F::TYPE ONT::CONTROL-MANAGE)",
    "                                         (F::KR-TYPE ((WN \"control%2:41:00\")))",
    "                                         (F::TRAJECTORY -) (F::INTENTIONAL -)",
    "                                         (F::INFORMATION F::MENTAL-CONSTRUCT)",
    "                                         (F::CONTAINER -)",
    "                                         (F::ORIGIN F::ANY-ORIGIN)",
    "                                         (F::TANGIBLE +) (F::ASPECT F::DYNAMIC)",
    "                                         (F::TIME-SPAN F::ANY-TIME-SPAN)",
    "                                         (F::CAUSE F::FORCE) (F::LOCATIVE -)",
    "                                         (F::IOBJ -)))",
    "                           (W::IOBJ (% - (W::VAR -)))",
    "                           (W::DOBJ ?#:LOBJ54120:((% W::NP (W::GAP -)",
    "                                                     (W::LF (% W::DESCRIPTION (W::STATUS ONT::INDEFINITE-PLURAL)",
    "                                                               (W::CONSTRAINT (% & (- -)))",
    "                                                               (W::SEM ?219:(F::PHYS-OBJ (F::TYPE ONT::FEMALE-PERSON)",
    "                                                                             (F::KR-TYPE ((WN \"woman%1:18:00::\")))",
    "                                                                             (F::TRAJECTORY -)",
    "                                                                             (F::OBJECT-FUNCTION F::OCCUPATION)",
    "                                                                             (F::INTENTIONAL +)",
    "                                                                             (F::INFORMATION -)",
    "                                                                             (F::CONTAINER -)",
    "                                                                             (F::ORIGIN F::HUMAN)",
    "                                                                             (F::TANGIBLE +)",
    "                                                                             (F::SCALE ?767)",
    "                                                                             (F::FORM F::SOLID-OBJECT)",
    "                                                                             (F::MOBILITY F::SELF-MOVING)",
    "                                                                             (F::GROUP -)",
    "                                                                             (F::SPATIAL-ABSTRACTION F::SPATIAL-POINT)))",
    "                                                               (W::VAR V234037)",
    "                                                               (W::CLASS (:* ONT::FEMALE-PERSON W::WOMAN))))",
    "                                                     (W::SUBJVAR -)",
    "                                                     (W::LEX W::WOMEN)",
    "                                                     (W::VAR V234037)",
    "                                                     (W::AGR W::|3P|)",
    "                                                     (W::CASE ?1807:(W::OBJ))",
    "                                                     (W::SORT W::PRED)",
    "                                                     (W::SEM ?129:(F::PHYS-OBJ (F::TANGIBLE +))))))",
    "                           (W::COMP3 ?#:LCOMP54130:((% W::PP (W::OPTIONAL",
    "                                                              +) (W::GAP -)",
    "                                                       (W::LF ?#:LCOMPLF54121)",
    "                                                       (W::SORT ?#:LCOMPSORT54122)",
    "                                                       (W::SUBJVAR ?#:LCOMPSUBJVAR54123)",
    "                                                       (W::LEX ?#:LCOMPLEX54124)",
    "                                                       (W::VAR ?288)",
    "                                                       (W::AGR ?#:LCOMPAGR54126)",
    "                                                       (W::CASE ?287:(W::OBJ",
    "                                                                      -))",
    "                                                       (W::PTYPE ?#:XXX54128:(W::FOR))",
    "                                                       (W::SEM ?131:(?#:X1658454129:(F::SITUATION",
    "                                                                                     F::PHYS-OBJ",
    "                                                                                     F::ABSTR-OBJ) NIL)))))",
    "                           (W::PART (% - (W::VAR -))) (W::CONT -) (W::AUX -)",
    "                           (W::TENSE-PRO -) (W::GAP -) (W::SUBJVAR V233978)",
    "                           (W::MODAL -) (W::AUXNAME -) (W::LEX W::TREAT)",
    "                           (W::ORIG-LEX -) (W::HEADCAT W::V) (W::TRANSFORM -)",
    "                           (W::SUBJ-MAP ONT::AGENT)",
    "                           (W::TEMPLATE LXM::AGENT-AFFECTED-FORMAL-XP-OPTIONAL-A-TEMPL)",
    "                           (W::COMPLEX -) (W::PASSIVE -)) and (% W::VP- (1 VP-234098)",
    "                                                                 (W::ADVBL-NEEDED -)",
    "                                                                 (W::VFORM ?#:X23403254101:(W::BASE",
    "                                                                                            W::PRES))",
    "                                                                 (W::SEM ?203:(F::SITUATION (F::TYPE ONT::CONTROL-MANAGE)",
    "                                                                               (F::KR-TYPE ((WN \"control%2:41:00\")))",
    "                                                                               (F::TRAJECTORY -)",
    "                                                                               (F::INTENTIONAL -)",
    "                                                                               (F::INFORMATION F::MENTAL-CONSTRUCT)",
    "                                                                               (F::CONTAINER -)",
    "                                                                               (F::ORIGIN F::ANY-ORIGIN)",
    "                                                                               (F::TANGIBLE +)",
    "                                                                               (F::ASPECT F::DYNAMIC)",
    "                                                                               (F::TIME-SPAN F::ANY-TIME-SPAN)",
    "                                                                               (F::CAUSE F::FORCE)",
    "                                                                               (F::LOCATIVE -)",
    "                                                                               (F::IOBJ -)))",
    "                                                                 (W::CLASS (:* ONT::CONTROL-MANAGE W::TREAT))",
    "                                                                 (W::VAR V234034)",
    "                                                                 (W::GAP ?!4657)",
    "                                                                 (W::TMA -)",
    "                                                                 (W::CONSTRAINT (% & (W::MODS V234498)",
    "                                                                                   (W::LSUBJ ?4645)",
    "                                                                                   (W::LOBJ V234037)",
    "                                                                                   (W::LCOMP ?288)",
    "                                                                                   (ONT::AGENT ?4645)",
    "                                                                                   (ONT::AFFECTED V234037)",
    "                                                                                   (ONT::FORMAL ?288)))",
    "                                                                 (W::AGR ?#:Y23403354102:(W::|1S|",
    "                                                                                          W::|2S|",
    "                                                                                          W::|1P|",
    "                                                                                          W::|2P|",
    "                                                                                          W::|3P|))",
    "                                                                 (W::NEG -)",
    "                                                                 (W::SUBJ ?#:LSUBJ54111:((% W::NP (W::GAP -)",
    "                                                                                            (W::LF ?#:LSUBJLF54103)",
    "                                                                                            (W::SORT ?#:LSUBJSORT54104)",
    "                                                                                            (W::SUBJVAR ?#:LSUBJSUBJVAR54105)",
    "                                                                                            (W::LEX ?281)",
    "                                                                                            (W::VAR ?4645)",
    "                                                                                            (W::AGR ?282)",
    "                                                                                            (W::CASE ?#:LSUBJCASE54109)",
    "                                                                                            (W::SEM ?127:(?#:AG165833627454110:(F::SITUATION",
    "                                                                                                                                F::ABSTR-OBJ",
    "                                                                                                                                F::PHYS-OBJ) (F::TANGIBLE +))))))",
    "                                                                 (W::IOBJ (% - (W::VAR -)))",
    "                                                                 (W::DOBJ ?#:LOBJ54120:((% W::NP (W::GAP -)",
    "                                                                                           (W::LF (% W::DESCRIPTION (W::STATUS ONT::INDEFINITE-PLURAL)",
    "                                                                                                     (W::CONSTRAINT (% & (- -)))",
    "                                                                                                     (W::SEM ?219:(F::PHYS-OBJ (F::TYPE ONT::FEMALE-PERSON)",
    "                                                                                                                   (F::KR-TYPE ((WN \"woman%1:18:00::\")))",
    "                                                                                                                   (F::TRAJECTORY -)",
    "                                                                                                                   (F::OBJECT-FUNCTION F::OCCUPATION)",
    "                                                                                                                   (F::INTENTIONAL +)",
    "                                                                                                                   (F::INFORMATION -)",
    "                                                                                                                   (F::CONTAINER -)",
    "                                                                                                                   (F::ORIGIN F::HUMAN)",
    "                                                                                                                   (F::TANGIBLE +)",
    "                                                                                                                   (F::SCALE ?767)",
    "                                                                                                                   (F::FORM F::SOLID-OBJECT)",
    "                                                                                                                   (F::MOBILITY F::SELF-MOVING)",
    "                                                                                                                   (F::GROUP -)",
    "                                                                                                                   (F::SPATIAL-ABSTRACTION F::SPATIAL-POINT)))",
    "                                                                                                     (W::VAR V234037)",
    "                                                                                                     (W::CLASS (:* ONT::FEMALE-PERSON W::WOMAN))))",
    "                                                                                           (W::SUBJVAR -)",
    "                                                                                           (W::LEX W::WOMEN)",
    "                                                                                           (W::VAR V234037)",
    "                                                                                           (W::AGR W::|3P|)",
    "                                                                                           (W::CASE ?1807:(W::OBJ))",
    "                                                                                           (W::SORT W::PRED)",
    "                                                                                           (W::SEM ?129:(F::PHYS-OBJ (F::TANGIBLE +))))))",
    "                                                                 (W::COMP3 ?#:LCOMP54130:((% W::PP (W::OPTIONAL",
    "                                                                                                    +) (W::GAP -)",
    "                                                                                             (W::LF ?#:LCOMPLF54121)",
    "                                                                                             (W::SORT ?#:LCOMPSORT54122)",
    "                                                                                             (W::SUBJVAR ?#:LCOMPSUBJVAR54123)",
    "                                                                                             (W::LEX ?#:LCOMPLEX54124)",
    "                                                                                             (W::VAR ?288)",
    "                                                                                             (W::AGR ?#:LCOMPAGR54126)",
    "                                                                                             (W::CASE ?287:(W::OBJ",
    "                                                                                                            -))",
    "                                                                                             (W::PTYPE ?#:XXX54128:(W::FOR))",
    "                                                                                             (W::SEM ?131:(?#:X1658454129:(F::SITUATION",
    "                                                                                                                           F::PHYS-OBJ",
    "                                                                                                                           F::ABSTR-OBJ) NIL)))))",
    "                                                                 (W::PART (% - (W::VAR -)))",
    "                                                                 (W::CONT -)",
    "                                                                 (W::SUBJVAR ?4645)",
    "                                                                 (W::LEX W::TREAT)",
    "                                                                 (W::ORIG-LEX -)",
    "                                                                 (W::HEADCAT W::V)",
    "                                                                 (W::TRANSFORM -)",
    "                                                                 (W::SUBJ-MAP ONT::AGENT)",
    "                                                                 (W::AUX -)",
    "                                                                 (W::PASSIVE -)",
    "                                                                 (W::PASSIVE-MAP -)",
    "                                                                 (W::TEMPLATE LXM::AGENT-AFFECTED-FORMAL-XP-OPTIONAL-A-TEMPL)",
    "                                                                 (W::RESULT ?125:(F::ABSTR-OBJ NIL))",
    "                                                                 (2 ADVBL234500))",
    "constit-match failed on (% W::VP- (W::ADVBL-NEEDED -) (W::VFORM W::BASE)",
    "                           (W::SUBJ ?#:LSUBJ54111:((% W::NP (W::GAP -)",
    "                                                      (W::LF ?#:LSUBJLF54103)",
    "                                                      (W::SORT ?#:LSUBJSORT54104)",
    "                                                      (W::SUBJVAR ?#:LSUBJSUBJVAR54105)",
    "                                                      (W::LEX ?#:DOBJLEX53757)",
    "                                                      (W::VAR V233978)",
    "                                                      (W::AGR ?282)",
    "                                                      (W::CASE ?#:LSUBJCASE54109)",
    "                                                      (W::SEM ?127:(F::PHYS-OBJ (F::TANGIBLE +))))))",
    "                           (W::TMA -)",
    "                           (W::CONSTRAINT (% & (W::MODS V234498)",
    "                                             (W::LSUBJ V233978)",
    "                                             (W::LOBJ V234037) (W::LCOMP ?288)",
    "                                             (ONT::AGENT V233978)",
    "                                             (ONT::AFFECTED V234037)",
    "                                             (ONT::FORMAL ?288)))",
    "                           (W::CLASS (:* ONT::CONTROL-MANAGE W::TREAT))",
    "                           (W::VAR V234034) (W::NEG -)",
    "                           (W::SEM ?203:(F::SITUATION (F::TYPE ONT::CONTROL-MANAGE)",
    "                                         (F::KR-TYPE ((WN \"control%2:41:00\")))",
    "                                         (F::TRAJECTORY -) (F::INTENTIONAL -)",
    "                                         (F::INFORMATION F::MENTAL-CONSTRUCT)",
    "                                         (F::CONTAINER -)",
    "                                         (F::ORIGIN F::ANY-ORIGIN)",
    "                                         (F::TANGIBLE +) (F::ASPECT F::DYNAMIC)",
    "                                         (F::TIME-SPAN F::ANY-TIME-SPAN)",
    "                                         (F::CAUSE F::FORCE) (F::LOCATIVE -)",
    "                                         (F::IOBJ -)))",
    "                           (W::IOBJ (% - (W::VAR -)))",
    "                           (W::DOBJ ?#:LOBJ54120:((% W::NP (W::GAP -)",
    "                                                     (W::LF (% W::DESCRIPTION (W::STATUS ONT::INDEFINITE-PLURAL)",
    "                                                               (W::CONSTRAINT (% & (- -)))",
    "                                                               (W::SEM ?219:(F::PHYS-OBJ (F::TYPE ONT::FEMALE-PERSON)",
    "                                                                             (F::KR-TYPE ((WN \"woman%1:18:00::\")))",
    "                                                                             (F::TRAJECTORY -)",
    "                                                                             (F::OBJECT-FUNCTION F::OCCUPATION)",
    "                                                                             (F::INTENTIONAL +)",
    "                                                                             (F::INFORMATION -)",
    "                                                                             (F::CONTAINER -)",
    "                                                                             (F::ORIGIN F::HUMAN)",
    "                                                                             (F::TANGIBLE +)",
    "                                                                             (F::SCALE ?767)",
    "                                                                             (F::FORM F::SOLID-OBJECT)",
    "                                                                             (F::MOBILITY F::SELF-MOVING)",
    "                                                                             (F::GROUP -)",
    "                                                                             (F::SPATIAL-ABSTRACTION F::SPATIAL-POINT)))",
    "                                                               (W::VAR V234037)",
    "                                                               (W::CLASS (:* ONT::FEMALE-PERSON W::WOMAN))))",
    "                                                     (W::SUBJVAR -)",
    "                                                     (W::LEX W::WOMEN)",
    "                                                     (W::VAR V234037)",
    "                                                     (W::AGR W::|3P|)",
    "                                                     (W::CASE ?1807:(W::OBJ))",
    "                                                     (W::SORT W::PRED)",
    "                                                     (W::SEM ?129:(F::PHYS-OBJ (F::TANGIBLE +))))))",
    "                           (W::COMP3 ?#:LCOMP54130:((% W::PP (W::OPTIONAL",
    "                                                              +) (W::GAP -)",
    "                                                       (W::LF ?#:LCOMPLF54121)",
    "                                                       (W::SORT ?#:LCOMPSORT54122)",
    "                                                       (W::SUBJVAR ?#:LCOMPSUBJVAR54123)",
    "                                                       (W::LEX ?#:LCOMPLEX54124)",
    "                                                       (W::VAR ?288)",
    "                                                       (W::AGR ?#:LCOMPAGR54126)",
    "                                                       (W::CASE ?287:(W::OBJ",
    "                                                                      -))",
    "                                                       (W::PTYPE ?#:XXX54128:(W::FOR))",
    "                                                       (W::SEM ?131:(?#:X1658454129:(F::SITUATION",
    "                                                                                     F::PHYS-OBJ",
    "                                                                                     F::ABSTR-OBJ) NIL)))))",
    "                           (W::PART (% - (W::VAR -))) (W::CONT -) (W::AUX -)",
    "                           (W::TENSE-PRO -) (W::GAP -) (W::SUBJVAR V233978)",
    "                           (W::MODAL -) (W::AUXNAME -) (W::LEX W::TREAT)",
    "                           (W::ORIG-LEX -) (W::HEADCAT W::V) (W::TRANSFORM -)",
    "                           (W::SUBJ-MAP ONT::AGENT)",
    "                           (W::TEMPLATE LXM::AGENT-AFFECTED-FORMAL-XP-OPTIONAL-A-TEMPL)",
    "                           (W::COMPLEX -) (W::PASSIVE -)) and (% W::VP- (1 VP-234098)",
    "                                                                 (W::ADVBL-NEEDED -)",
    "                                                                 (W::VFORM ?#:X23403254101:(W::BASE",
    "                                                                                            W::PRES))",
    "                                                                 (W::SEM ?203:(F::SITUATION (F::TYPE ONT::CONTROL-MANAGE)",
    "                                                                               (F::KR-TYPE ((WN \"control%2:41:00\")))",
    "                                                                               (F::TRAJECTORY -)",
    "                                                                               (F::INTENTIONAL -)",
    "                                                                               (F::INFORMATION F::MENTAL-CONSTRUCT)",
    "                                                                               (F::CONTAINER -)",
    "                                                                               (F::ORIGIN F::ANY-ORIGIN)",
    "                                                                               (F::TANGIBLE +)",
    "                                                                               (F::ASPECT F::DYNAMIC)",
    "                                                                               (F::TIME-SPAN F::ANY-TIME-SPAN)",
    "                                                                               (F::CAUSE F::FORCE)",
    "                                                                               (F::LOCATIVE -)",
    "                                                                               (F::IOBJ -)))",
    "                                                                 (W::CLASS (:* ONT::CONTROL-MANAGE W::TREAT))",
    "                                                                 (W::VAR V234034)",
    "                                                                 (W::GAP ?!4657)",
    "                                                                 (W::TMA -)",
    "                                                                 (W::CONSTRAINT (% & (W::MODS V234498)",
    "                                                                                   (W::LSUBJ ?4645)",
    "                                                                                   (W::LOBJ V234037)",
    "                                                                                   (W::LCOMP ?288)",
    "                                                                                   (ONT::AGENT ?4645)",
    "                                                                                   (ONT::AFFECTED V234037)",
    "                                                                                   (ONT::FORMAL ?288)))",
    "                                                                 (W::AGR ?#:Y23403354102:(W::|1S|",
    "                                                                                          W::|2S|",
    "                                                                                          W::|1P|",
    "                                                                                          W::|2P|",
    "                                                                                          W::|3P|))",
    "                                                                 (W::NEG -)",
    "                                                                 (W::SUBJ ?#:LSUBJ54111:((% W::NP (W::GAP -)",
    "                                                                                            (W::LF ?#:LSUBJLF54103)",
    "                                                                                            (W::SORT ?#:LSUBJSORT54104)",
    "                                                                                            (W::SUBJVAR ?#:LSUBJSUBJVAR54105)",
    "                                                                                            (W::LEX ?281)",
    "                                                                                            (W::VAR ?4645)",
    "                                                                                            (W::AGR ?282)",
    "                                                                                            (W::CASE ?#:LSUBJCASE54109)",
    "                                                                                            (W::SEM ?127:(?#:AG165833627454110:(F::SITUATION",
    "                                                                                                                                F::ABSTR-OBJ",
    "                                                                                                                                F::PHYS-OBJ) (F::TANGIBLE +))))))",
    "                                                                 (W::IOBJ (% - (W::VAR -)))",
    "                                                                 (W::DOBJ ?#:LOBJ54120:((% W::NP (W::GAP -)",
    "                                                                                           (W::LF (% W::DESCRIPTION (W::STATUS ONT::INDEFINITE-PLURAL)",
    "                                                                                                     (W::CONSTRAINT (% & (- -)))",
    "                                                                                                     (W::SEM ?219:(F::PHYS-OBJ (F::TYPE ONT::FEMALE-PERSON)",
    "                                                                                                                   (F::KR-TYPE ((WN \"woman%1:18:00::\")))",
    "                                                                                                                   (F::TRAJECTORY -)",
    "                                                                                                                   (F::OBJECT-FUNCTION F::OCCUPATION)",
    "                                                                                                                   (F::INTENTIONAL +)",
    "                                                                                                                   (F::INFORMATION -)",
    "                                                                                                                   (F::CONTAINER -)",
    "                                                                                                                   (F::ORIGIN F::HUMAN)",
    "                                                                                                                   (F::TANGIBLE +)",
    "                                                                                                                   (F::SCALE ?767)",
    "                                                                                                                   (F::FORM F::SOLID-OBJECT)",
    "                                                                                                                   (F::MOBILITY F::SELF-MOVING)",
    "                                                                                                                   (F::GROUP -)",
    "                                                                                                                   (F::SPATIAL-ABSTRACTION F::SPATIAL-POINT)))",
    "                                                                                                     (W::VAR V234037)",
    "                                                                                                     (W::CLASS (:* ONT::FEMALE-PERSON W::WOMAN))))",
    "                                                                                           (W::SUBJVAR -)",
    "                                                                                           (W::LEX W::WOMEN)",
    "                                                                                           (W::VAR V234037)",
    "                                                                                           (W::AGR W::|3P|)",
    "                                                                                           (W::CASE ?1807:(W::OBJ))",
    "                                                                                           (W::SORT W::PRED)",
    "                                                                                           (W::SEM ?129:(F::PHYS-OBJ (F::TANGIBLE +))))))",
    "                                                                 (W::COMP3 ?#:LCOMP54130:((% W::PP (W::OPTIONAL",
    "                                                                                                    +) (W::GAP -)",
    "                                                                                             (W::LF ?#:LCOMPLF54121)",
    "                                                                                             (W::SORT ?#:LCOMPSORT54122)",
    "                                                                                             (W::SUBJVAR ?#:LCOMPSUBJVAR54123)",
    "                                                                                             (W::LEX ?#:LCOMPLEX54124)",
    "                                                                                             (W::VAR ?288)",
    "                                                                                             (W::AGR ?#:LCOMPAGR54126)",
    "                                                                                             (W::CASE ?287:(W::OBJ",
    "                                                                                                            -))",
    "                                                                                             (W::PTYPE ?#:XXX54128:(W::FOR))",
    "                                                                                             (W::SEM ?131:(?#:X1658454129:(F::SITUATION",
    "                                                                                                                           F::PHYS-OBJ",
    "                                                                                                                           F::ABSTR-OBJ) NIL)))))",
    "                                                                 (W::PART (% - (W::VAR -)))",
    "                                                                 (W::CONT -)",
    "                                                                 (W::SUBJVAR ?4645)",
    "                                                                 (W::LEX W::TREAT)",
    "                                                                 (W::ORIG-LEX -)",
    "                                                                 (W::HEADCAT W::V)",
    "                                                                 (W::TRANSFORM -)",
    "                                                                 (W::SUBJ-MAP ONT::AGENT)",
    "                                                                 (W::AUX -)",
    "                                                                 (W::PASSIVE -)",
    "                                                                 (W::PASSIVE-MAP -)",
    "                                                                 (W::TEMPLATE LXM::AGENT-AFFECTED-FORMAL-XP-OPTIONAL-A-TEMPL)",
    "                                                                 (W::RESULT ?125:(F::ABSTR-OBJ NIL))",
    "                                                                 (2 ADVBL234500))",
    "constit-match failed on (% W::VP- (W::ADVBL-NEEDED -) (W::VFORM W::BASE)",
    "                           (W::SUBJ ?#:LSUBJ54111:((% W::NP (W::GAP -)",
    "                                                      (W::LF ?#:LSUBJLF54103)",
    "                                                      (W::SORT ?#:LSUBJSORT54104)",
    "                                                      (W::SUBJVAR ?#:LSUBJSUBJVAR54105)",
    "                                                      (W::LEX ?#:DOBJLEX53757)",
    "                                                      (W::VAR V233978)",
    "                                                      (W::AGR ?282)",
    "                                                      (W::CASE ?#:LSUBJCASE54109)",
    "                                                      (W::SEM ?127:(F::PHYS-OBJ (F::TANGIBLE +))))))",
    "                           (W::TMA -)",
    "                           (W::CONSTRAINT (% & (W::MODS V234498)",
    "                                             (W::LSUBJ V233978)",
    "                                             (W::LOBJ V234037) (W::LCOMP ?288)",
    "                                             (ONT::AGENT V233978)",
    "                                             (ONT::AFFECTED V234037)",
    "                                             (ONT::FORMAL ?288)))",
    "                           (W::CLASS (:* ONT::CONTROL-MANAGE W::TREAT))",
    "                           (W::VAR V234034) (W::NEG -)",
    "                           (W::SEM ?203:(F::SITUATION (F::TYPE ONT::CONTROL-MANAGE)",
    "                                         (F::KR-TYPE ((WN \"control%2:41:00\")))",
    "                                         (F::TRAJECTORY -) (F::INTENTIONAL -)",
    "                                         (F::INFORMATION F::MENTAL-CONSTRUCT)",
    "                                         (F::CONTAINER -)",
    "                                         (F::ORIGIN F::ANY-ORIGIN)",
    "                                         (F::TANGIBLE +) (F::ASPECT F::DYNAMIC)",
    "                                         (F::TIME-SPAN F::ANY-TIME-SPAN)",
    "                                         (F::CAUSE F::FORCE) (F::LOCATIVE -)",
    "                                         (F::IOBJ -)))",
    "                           (W::IOBJ (% - (W::VAR -)))",
    "                           (W::DOBJ ?#:LOBJ54120:((% W::NP (W::GAP -)",
    "                                                     (W::LF (% W::DESCRIPTION (W::STATUS ONT::INDEFINITE-PLURAL)",
    "                                                               (W::CONSTRAINT (% & (- -)))",
    "                                                               (W::SEM ?219:(F::PHYS-OBJ (F::TYPE ONT::FEMALE-PERSON)",
    "                                                                             (F::KR-TYPE ((WN \"woman%1:18:00::\")))",
    "                                                                             (F::TRAJECTORY -)",
    "                                                                             (F::OBJECT-FUNCTION F::OCCUPATION)",
    "                                                                             (F::INTENTIONAL +)",
    "                                                                             (F::INFORMATION -)",
    "                                                                             (F::CONTAINER -)",
    "                                                                             (F::ORIGIN F::HUMAN)",
    "                                                                             (F::TANGIBLE +)",
    "                                                                             (F::SCALE ?767)",
    "                                                                             (F::FORM F::SOLID-OBJECT)",
    "                                                                             (F::MOBILITY F::SELF-MOVING)",
    "                                                                             (F::GROUP -)",
    "                                                                             (F::SPATIAL-ABSTRACTION F::SPATIAL-POINT)))",
    "                                                               (W::VAR V234037)",
    "                                                               (W::CLASS (:* ONT::FEMALE-PERSON W::WOMAN))))",
    "                                                     (W::SUBJVAR -)",
    "                                                     (W::LEX W::WOMEN)",
    "                                                     (W::VAR V234037)",
    "                                                     (W::AGR W::|3P|)",
    "                                                     (W::CASE ?1807:(W::OBJ))",
    "                                                     (W::SORT W::PRED)",
    "                                                     (W::SEM ?129:(F::PHYS-OBJ (F::TANGIBLE +))))))",
    "                           (W::COMP3 ?#:LCOMP54130:((% W::PP (W::OPTIONAL",
    "                                                              +) (W::GAP -)",
    "                                                       (W::LF ?#:LCOMPLF54121)",
    "                                                       (W::SORT ?#:LCOMPSORT54122)",
    "                                                       (W::SUBJVAR ?#:LCOMPSUBJVAR54123)",
    "                                                       (W::LEX ?#:LCOMPLEX54124)",
    "                                                       (W::VAR ?288)",
    "                                                       (W::AGR ?#:LCOMPAGR54126)",
    "                                                       (W::CASE ?287:(W::OBJ",
    "                                                                      -))",
    "                                                       (W::PTYPE ?#:XXX54128:(W::FOR))",
    "                                                       (W::SEM ?131:(?#:X1658454129:(F::SITUATION",
    "                                                                                     F::PHYS-OBJ",
    "                                                                                     F::ABSTR-OBJ) NIL)))))",
    "                           (W::PART (% - (W::VAR -))) (W::CONT -) (W::AUX -)",
    "                           (W::TENSE-PRO -) (W::GAP -) (W::SUBJVAR V233978)",
    "                           (W::MODAL -) (W::AUXNAME -) (W::LEX W::TREAT)",
    "                           (W::ORIG-LEX -) (W::HEADCAT W::V) (W::TRANSFORM -)",
    "                           (W::SUBJ-MAP ONT::AGENT)",
    "                           (W::TEMPLATE LXM::AGENT-AFFECTED-FORMAL-XP-OPTIONAL-A-TEMPL)",
    "                           (W::COMPLEX -) (W::PASSIVE -)) and (% W::VP- (1 VP-234098)",
    "                                                                 (W::ADVBL-NEEDED -)",
    "                                                                 (W::VFORM ?#:X23403254101:(W::BASE",
    "                                                                                            W::PRES))",
    "                                                                 (W::SEM ?203:(F::SITUATION (F::TYPE ONT::CONTROL-MANAGE)",
    "                                                                               (F::KR-TYPE ((WN \"control%2:41:00\")))",
    "                                                                               (F::TRAJECTORY -)",
    "                                                                               (F::INTENTIONAL -)",
    "                                                                               (F::INFORMATION F::MENTAL-CONSTRUCT)",
    "                                                                               (F::CONTAINER -)",
    "                                                                               (F::ORIGIN F::ANY-ORIGIN)",
    "                                                                               (F::TANGIBLE +)",
    "                                                                               (F::ASPECT F::DYNAMIC)",
    "                                                                               (F::TIME-SPAN F::ANY-TIME-SPAN)",
    "                                                                               (F::CAUSE F::FORCE)",
    "                                                                               (F::LOCATIVE -)",
    "                                                                               (F::IOBJ -)))",
    "                                                                 (W::CLASS (:* ONT::CONTROL-MANAGE W::TREAT))",
    "                                                                 (W::VAR V234034)",
    "                                                                 (W::GAP ?!4657)",
    "                                                                 (W::TMA -)",
    "                                                                 (W::CONSTRAINT (% & (W::MODS V234498)",
    "                                                                                   (W::LSUBJ ?4645)",
    "                                                                                   (W::LOBJ V234037)",
    "                                                                                   (W::LCOMP ?288)",
    "                                                                                   (ONT::AGENT ?4645)",
    "                                                                                   (ONT::AFFECTED V234037)",
    "                                                                                   (ONT::FORMAL ?288)))",
    "                                                                 (W::AGR ?#:Y23403354102:(W::|1S|",
    "                                                                                          W::|2S|",
    "                                                                                          W::|1P|",
    "                                                                                          W::|2P|",
    "                                                                                          W::|3P|))",
    "                                                                 (W::NEG -)",
    "                                                                 (W::SUBJ ?#:LSUBJ54111:((% W::NP (W::GAP -)",
    "                                                                                            (W::LF ?#:LSUBJLF54103)",
    "                                                                                            (W::SORT ?#:LSUBJSORT54104)",
    "                                                                                            (W::SUBJVAR ?#:LSUBJSUBJVAR54105)",
    "                                                                                            (W::LEX ?281)",
    "                                                                                            (W::VAR ?4645)",
    "                                                                                            (W::AGR ?282)",
    "                                                                                            (W::CASE ?#:LSUBJCASE54109)",
    "                                                                                            (W::SEM ?127:(?#:AG165833627454110:(F::SITUATION",
    "                                                                                                                                F::ABSTR-OBJ",
    "                                                                                                                                F::PHYS-OBJ) (F::TANGIBLE +))))))",
    "                                                                 (W::IOBJ (% - (W::VAR -)))",
    "                                                                 (W::DOBJ ?#:LOBJ54120:((% W::NP (W::GAP -)",
    "                                                                                           (W::LF (% W::DESCRIPTION (W::STATUS ONT::INDEFINITE-PLURAL)",
    "                                                                                                     (W::CONSTRAINT (% & (- -)))",
    "                                                                                                     (W::SEM ?219:(F::PHYS-OBJ (F::TYPE ONT::FEMALE-PERSON)",
    "                                                                                                                   (F::KR-TYPE ((WN \"woman%1:18:00::\")))",
    "                                                                                                                   (F::TRAJECTORY -)",
    "                                                                                                                   (F::OBJECT-FUNCTION F::OCCUPATION)",
    "                                                                                                                   (F::INTENTIONAL +)",
    "                                                                                                                   (F::INFORMATION -)",
    "                                                                                                                   (F::CONTAINER -)",
    "                                                                                                                   (F::ORIGIN F::HUMAN)",
    "                                                                                                                   (F::TANGIBLE +)",
    "                                                                                                                   (F::SCALE ?767)",
    "                                                                                                                   (F::FORM F::SOLID-OBJECT)",
    "                                                                                                                   (F::MOBILITY F::SELF-MOVING)",
    "                                                                                                                   (F::GROUP -)",
    "                                                                                                                   (F::SPATIAL-ABSTRACTION F::SPATIAL-POINT)))",
    "                                                                                                     (W::VAR V234037)",
    "                                                                                                     (W::CLASS (:* ONT::FEMALE-PERSON W::WOMAN))))",
    "                                                                                           (W::SUBJVAR -)",
    "                                                                                           (W::LEX W::WOMEN)",
    "                                                                                           (W::VAR V234037)",
    "                                                                                           (W::AGR W::|3P|)",
    "                                                                                           (W::CASE ?1807:(W::OBJ))",
    "                                                                                           (W::SORT W::PRED)",
    "                                                                                           (W::SEM ?129:(F::PHYS-OBJ (F::TANGIBLE +))))))",
    "                                                                 (W::COMP3 ?#:LCOMP54130:((% W::PP (W::OPTIONAL",
    "                                                                                                    +) (W::GAP -)",
    "                                                                                             (W::LF ?#:LCOMPLF54121)",
    "                                                                                             (W::SORT ?#:LCOMPSORT54122)",
    "                                                                                             (W::SUBJVAR ?#:LCOMPSUBJVAR54123)",
    "                                                                                             (W::LEX ?#:LCOMPLEX54124)",
    "                                                                                             (W::VAR ?288)",
    "                                                                                             (W::AGR ?#:LCOMPAGR54126)",
    "                                                                                             (W::CASE ?287:(W::OBJ",
    "                                                                                                            -))",
    "                                                                                             (W::PTYPE ?#:XXX54128:(W::FOR))",
    "                                                                                             (W::SEM ?131:(?#:X1658454129:(F::SITUATION",
    "                                                                                                                           F::PHYS-OBJ",
    "                                                                                                                           F::ABSTR-OBJ) NIL)))))",
    "                                                                 (W::PART (% - (W::VAR -)))",
    "                                                                 (W::CONT -)",
    "                                                                 (W::SUBJVAR ?4645)",
    "                                                                 (W::LEX W::TREAT)",
    "                                                                 (W::ORIG-LEX -)",
    "                                                                 (W::HEADCAT W::V)",
    "                                                                 (W::TRANSFORM -)",
    "                                                                 (W::SUBJ-MAP ONT::AGENT)",
    "                                                                 (W::AUX -)",
    "                                                                 (W::PASSIVE -)",
    "                                                                 (W::PASSIVE-MAP -)",
    "                                                                 (W::TEMPLATE LXM::AGENT-AFFECTED-FORMAL-XP-OPTIONAL-A-TEMPL)",
    "                                                                 (W::RESULT ?125:(F::ABSTR-OBJ NIL))",
    "                                                                 (2 ADVBL234500))",
    "*last-utt-id*=NIL  utt-id+44",
    "*last-utt-id*=44  utt-id+NIL"
  ]
}
