{
  "parse": [
    {
      "V894317": {
        "id": "V894317",
        "indicator": "SPEECHACT",
        "type": "SA_TELL",
        "word": null,
        "roles": {
          "PUNCTYPE": "DECL",
          "CONTENT": "#V893529",
          "LEX": "AND"
        },
        "start": 0,
        "end": 81
      },
      "V893529": {
        "id": "V893529",
        "indicator": "F",
        "type": "EVENT-OF-CHANGE",
        "word": null,
        "roles": {
          "OPERATOR": "AND",
          "SEQUENCE": "#V893084",
          "SEQUENCE1": "#V893132",
          "TIME": "#V893069",
          "TENSE": "PAST",
          "LEX": "AND"
        },
        "start": 0,
        "end": 81
      },
      "V893132": {
        "id": "V893132",
        "indicator": "F",
        "type": "PUT",
        "word": "STICK",
        "roles": {
          "AGENT": "#V893066",
          "AFFECTED": "#V893143",
          "RESULT": [
            "#V893172",
            "#V893198"
          ],
          "LEX": "STUCK",
          "WNSENSE": "base%2:42:04"
        },
        "start": 0,
        "end": 81
      },
      "V893084": {
        "id": "V893084",
        "indicator": "F",
        "type": "PHYSICAL-SCRUTINY",
        "word": "GROPED",
        "roles": {
          "AGENT": "#V893066",
          "LEX": "GROPED",
          "WNSENSE": "inspect%2:38:00"
        },
        "start": 0,
        "end": 81
      },
      "V893066": {
        "id": "V893066",
        "indicator": "A",
        "type": "PERSON",
        "word": "GUY",
        "roles": {
          "LEX": "GUY",
          "WNSENSE": "person%1:03:00"
        },
        "start": 0,
        "end": 6
      },
      "V893069": {
        "id": "V893069",
        "indicator": "F",
        "type": "IN-PAST",
        "word": "ONCE",
        "roles": {
          "FIGURE": "#V893529",
          "LEX": "ONCE",
          "WNSENSE": "once%4:02:00::"
        },
        "start": 6,
        "end": 11
      },
      "V893143": {
        "id": "V893143",
        "indicator": "THE",
        "type": "INTERNAL-BODY-PART",
        "word": "TONGUE",
        "roles": {
          "ASSOC-POSS": "#V893140",
          "LEX": "TONGUE",
          "WNSENSE": "tongue%1:08:00::"
        },
        "start": 28,
        "end": 41
      },
      "V893140": {
        "id": "V893140",
        "indicator": "PRO",
        "type": "REFERENTIAL-SEM",
        "word": "THEIR",
        "roles": {
          "LEX": "THEIR",
          "PROFORM": "THEIR",
          "WNSENSE": "entity%1:03:00"
        },
        "start": 28,
        "end": 41
      },
      "V893172": {
        "id": "V893172",
        "indicator": "F",
        "type": "DIRECTION-DOWN-GROUND",
        "word": "DOWN",
        "roles": {
          "GROUND": "#V893190",
          "FIGURE": "#V893143",
          "LEX": "DOWN"
        },
        "start": 41,
        "end": 56
      },
      "V893190": {
        "id": "V893190",
        "indicator": "THE",
        "type": "EXTERNAL-BODY-PART",
        "word": "THROAT",
        "roles": {
          "ASSOC-POSS": "#V893187",
          "LEX": "THROAT",
          "WNSENSE": "throat%1:05:00::"
        },
        "start": 46,
        "end": 56
      },
      "V893187": {
        "id": "V893187",
        "indicator": "PRO",
        "type": "PERSON",
        "word": "MY",
        "roles": {
          "LEX": "MY",
          "PROFORM": "MY",
          "WNSENSE": "person%1:03:00",
          "COREF": "USER"
        },
        "start": 46,
        "end": 56
      },
      "V893198": {
        "id": "V893198",
        "indicator": "F",
        "type": "IN-LOC",
        "word": "IN",
        "roles": {
          "GROUND": "#V893267",
          "FIGURE": "#V893132",
          "LEX": "IN"
        },
        "start": 56,
        "end": 81
      },
      "V893267": {
        "id": "V893267",
        "indicator": "THE",
        "type": "CENTER",
        "word": "MIDDLE",
        "roles": {
          "FIGURE": "#V893295",
          "LEX": "MIDDLE",
          "WNSENSE": "middle%1:15:00::"
        },
        "start": 59,
        "end": 81
      },
      "V893295": {
        "id": "V893295",
        "indicator": "THE",
        "type": "DRINKING-ESTABLISHMENT",
        "word": "BAR",
        "roles": {
          "LEX": "BAR",
          "WNSENSE": "bar%1:06:04::"
        },
        "start": 70,
        "end": 81
      },
      "root": "#V894317"
    }
  ],
  "inputtags": [],
  "debug": [
    "*last-utt-id*=NIL  utt-id+148",
    "*last-utt-id*=148  utt-id+NIL"
  ]
}
