{
  "parse": [
    {
      "V2487098": {
        "id": "V2487098",
        "indicator": "SPEECHACT",
        "type": "SA_TELL",
        "word": null,
        "roles": {
          "PUNCTYPE": "DECL",
          "CONTENT": "#V2486953",
          "LEX": "WAS"
        },
        "start": 0,
        "end": 11
      },
      "V2486953": {
        "id": "V2486953",
        "indicator": "F",
        "type": "BE",
        "word": "BE",
        "roles": {
          "NEUTRAL": "#V2487003",
          "NEUTRAL1": "#V2486995",
          "TENSE": "PAST",
          "LEX": "WAS",
          "WNSENSE": "be%2:42:06::"
        },
        "start": 0,
        "end": 11
      },
      "V2487003": {
        "id": "V2487003",
        "indicator": "THE",
        "type": "QUANTITY-ABSTR",
        "word": null,
        "roles": {
          "FIGURE": "#V2486945"
        },
        "start": 0,
        "end": 3
      },
      "V2486945": {
        "id": "V2486945",
        "indicator": "PRO",
        "type": "MALE-PERSON",
        "word": "HE",
        "roles": {
          "PROFORM": "HE",
          "LEX": "HE",
          "WNSENSE": "man%1:18:00"
        },
        "start": 0,
        "end": 3
      },
      "V2486995": {
        "id": "V2486995",
        "indicator": "A",
        "type": "QUANTITY-ABSTR",
        "word": null,
        "roles": {
          "AMOUNT": "#V2486966",
          "LEX": "22"
        },
        "start": 8,
        "end": 11
      },
      "V2486966": {
        "id": "V2486966",
        "indicator": "A",
        "type": "NUMBER",
        "word": null,
        "roles": {
          "VALUE": "22"
        },
        "start": 8,
        "end": 11
      },
      "root": "#V2487098"
    }
  ],
  "inputtags": [],
  "debug": [
    "*last-utt-id*=NIL  utt-id+454",
    "*last-utt-id*=454  utt-id+NIL"
  ]
}
