{
  "parse": [
    {
      "V1035832": {
        "id": "V1035832",
        "indicator": "SPEECHACT",
        "type": "SA_TELL",
        "word": null,
        "roles": {
          "PUNCTYPE": "DECL",
          "CONTENT": "#V1035490",
          "LEX": "WAS"
        },
        "start": 0,
        "end": 19
      },
      "V1035490": {
        "id": "V1035490",
        "indicator": "F",
        "type": "HAVE-PROPERTY",
        "word": "BE",
        "roles": {
          "NEUTRAL": "#V1035474",
          "FORMAL": "#V1035558",
          "TENSE": "PAST",
          "LEX": "WAS",
          "WNSENSE": "be%2:42:03::"
        },
        "start": 0,
        "end": 19
      },
      "V1035474": {
        "id": "V1035474",
        "indicator": "PRO",
        "type": "PERSON",
        "word": "I",
        "roles": {
          "PROFORM": "I",
          "LEX": "I",
          "WNSENSE": "person%1:03:00",
          "COREF": "USER"
        },
        "start": 0,
        "end": 2
      },
      "V1035558": {
        "id": "V1035558",
        "indicator": "F",
        "type": "AT-SCALE-VALUE",
        "word": null,
        "roles": {
          "FIGURE": "#V1035474",
          "GROUND": "#V1035504",
          "SCALE": "AGE-SCALE",
          "LEX": "OLD"
        },
        "start": 7,
        "end": 19
      },
      "V1035504": {
        "id": "V1035504",
        "indicator": "A",
        "type": "QUANTITY-ABSTR",
        "word": null,
        "roles": {
          "UNIT": "(:* YEAR-DURATION YEAR)",
          "AMOUNT": "6"
        },
        "start": 7,
        "end": 19
      },
      "root": "#V1035832"
    }
  ],
  "inputtags": [],
  "debug": [
    "*last-utt-id*=NIL  utt-id+162",
    "*last-utt-id*=162  utt-id+NIL"
  ]
}
