{
  "parse": [
    {
      "V185901": {
        "id": "V185901",
        "indicator": "F",
        "type": "COMMAND",
        "word": "TELL",
        "roles": {
          "AGENT": "#V185893",
          "AGENT1": "#V185909",
          "FORMAL": "#V185948",
          "TENSE": "PAST",
          "LEX": "TOLD",
          "WNSENSE": "tell%2:32:02::"
        },
        "start": 0,
        "end": 25
      },
      "V185893": {
        "id": "V185893",
        "indicator": "PRO",
        "type": "MALE-PERSON",
        "word": "HE",
        "roles": {
          "PROFORM": "HE",
          "LEX": "HE",
          "WNSENSE": "man%1:18:00"
        },
        "start": 0,
        "end": 3
      },
      "V185909": {
        "id": "V185909",
        "indicator": "PRO",
        "type": "PERSON",
        "word": "ME",
        "roles": {
          "PROFORM": "ME",
          "LEX": "ME",
          "WNSENSE": "person%1:03:00",
          "COREF": "USER"
        },
        "start": 8,
        "end": 11
      },
      "V185948": {
        "id": "V185948",
        "indicator": "F",
        "type": "TELL",
        "word": "TELL",
        "roles": {
          "AGENT": "#V185909",
          "FREQUENCY": "#V185941",
          "VFORM": "BASE",
          "LEX": "TELL",
          "WNSENSE": "tell%2:32:04::"
        },
        "start": 11,
        "end": 25
      },
      "V185941": {
        "id": "V185941",
        "indicator": "F",
        "type": "NEVER",
        "word": "NEVER",
        "roles": {
          "FIGURE": "#V185948",
          "LEX": "NEVER",
          "WNSENSE": "never%4:02:00::"
        },
        "start": 14,
        "end": 20
      },
      "root": "#V185901"
    }
  ],
  "inputtags": [],
  "debug": [
    "*last-utt-id*=NIL  utt-id+32",
    "*last-utt-id*=32  utt-id+NIL"
  ]
}
