{
  "parse": [
    {
      "V894735": {
        "id": "V894735",
        "indicator": "SPEECHACT",
        "type": "SA_TELL",
        "word": null,
        "roles": {
          "PUNCTYPE": "DECL",
          "CONTENT": "#V894712",
          "LEX": "AND"
        },
        "start": 0,
        "end": 71
      },
      "V894712": {
        "id": "V894712",
        "indicator": "F",
        "type": "EVENT-OF-ACTION",
        "word": null,
        "roles": {
          "OPERATOR": "AND",
          "SEQUENCE": "#V892886",
          "SEQUENCE1": "#V893073",
          "TENSE": "PAST",
          "LEX": "AND"
        },
        "start": 0,
        "end": 71
      },
      "V893073": {
        "id": "V893073",
        "indicator": "F",
        "type": "ASK-QUESTION",
        "word": "ASK",
        "roles": {
          "AGENT": "#V892880",
          "FORMAL": "#V893232",
          "REASON": "#V893092",
          "LEX": "ASKED",
          "WNSENSE": "ask%2:32:02::"
        },
        "start": 0,
        "end": 71
      },
      "V892886": {
        "id": "V892886",
        "indicator": "F",
        "type": "DRIVE",
        "word": "DRIVE",
        "roles": {
          "RESULT2": "#V893046",
          "RESULT1": "#V892948",
          "RESULT": "#V892928",
          "AGENT": "#V892880",
          "LEX": "DROVE",
          "WNSENSE": "drive%2:38:01::"
        },
        "start": 0,
        "end": 71
      },
      "V892880": {
        "id": "V892880",
        "indicator": "BARE",
        "type": "PERSON",
        "word": "GUY",
        "roles": {
          "LEX": "GUY",
          "WNSENSE": "person%1:03:00"
        },
        "start": 0,
        "end": 4
      },
      "V892928": {
        "id": "V892928",
        "indicator": "F",
        "type": "DIRECTION-UP",
        "word": "UP",
        "roles": {
          "FIGURE": "#V892880",
          "LEX": "UP"
        },
        "start": 10,
        "end": 13
      },
      "V892948": {
        "id": "V892948",
        "indicator": "F",
        "type": "IN-LOC",
        "word": "IN",
        "roles": {
          "GROUND": "#V893012",
          "FIGURE": "#V892880",
          "LEX": "IN"
        },
        "start": 13,
        "end": 39
      },
      "V893012": {
        "id": "V893012",
        "indicator": "THE",
        "type": "LAND-VEHICLE",
        "word": "CAR",
        "roles": {
          "ASSOC-POSS": "#V893007",
          "MOD": "#V893018",
          "LEX": "CAR",
          "WNSENSE": "car%1:06:00::"
        },
        "start": 16,
        "end": 39
      },
      "V893007": {
        "id": "V893007",
        "indicator": "PRO",
        "type": "MALE-PERSON",
        "word": "HIS",
        "roles": {
          "LEX": "HIS",
          "PROFORM": "HIS",
          "WNSENSE": "man%1:18:00",
          "COREF": "#V892880"
        },
        "start": 16,
        "end": 39
      },
      "V893018": {
        "id": "V893018",
        "indicator": "F",
        "type": "ASSOC-WITH",
        "word": "WITH",
        "roles": {
          "GROUND": "#V893036",
          "FIGURE": "#V893012",
          "LEX": "WITH"
        },
        "start": 24,
        "end": 39
      },
      "V893036": {
        "id": "V893036",
        "indicator": "THE",
        "type": "EXTERNAL-BODY-PART",
        "word": "PENIS",
        "roles": {
          "ASSOC-POSS": "#V893031",
          "LEX": "PENIS",
          "WNSENSE": "external_body_part%1:08:00"
        },
        "start": 29,
        "end": 39
      },
      "V893031": {
        "id": "V893031",
        "indicator": "PRO",
        "type": "MALE-PERSON",
        "word": "HIS",
        "roles": {
          "LEX": "HIS",
          "PROFORM": "HIS",
          "WNSENSE": "man%1:18:00"
        },
        "start": 29,
        "end": 39
      },
      "V893046": {
        "id": "V893046",
        "indicator": "F",
        "type": "DIRECTION-OUT",
        "word": "OUT",
        "roles": {
          "FIGURE": "#V892880",
          "LEX": "OUT",
          "WNSENSE": "out%4:02:02::"
        },
        "start": 39,
        "end": 43
      },
      "V893232": {
        "id": "V893232",
        "indicator": "THE",
        "type": "QUANTITY-ABSTR",
        "word": null,
        "roles": {
          "FIGURE": "#V893086"
        },
        "start": 53,
        "end": 56
      },
      "V893086": {
        "id": "V893086",
        "indicator": "PRO",
        "type": "PERSON",
        "word": "ME",
        "roles": {
          "PROFORM": "ME",
          "LEX": "ME",
          "WNSENSE": "person%1:03:00",
          "COREF": "USER"
        },
        "start": 53,
        "end": 56
      },
      "V893092": {
        "id": "V893092",
        "indicator": "F",
        "type": "PURPOSE",
        "word": "FOR",
        "roles": {
          "GROUND": "#V893119",
          "FIGURE": "#V893073",
          "LEX": "FOR"
        },
        "start": 56,
        "end": 71
      },
      "V893119": {
        "id": "V893119",
        "indicator": "INDEF-SET",
        "type": "GUIDING",
        "word": "DIRECTIONS",
        "roles": {
          "LEX": "DIRECTIONS",
          "WNSENSE": "lead%2:38:01"
        },
        "start": 60,
        "end": 71
      },
      "root": "#V894735"
    }
  ],
  "inputtags": [],
  "debug": [
    "*last-utt-id*=NIL  utt-id+159",
    "*last-utt-id*=159  utt-id+NIL"
  ]
}
