{
  "parse": [
    {
      "V502295": {
        "id": "V502295",
        "indicator": "SA-SEQ",
        "type": "SPEECH-ACT",
        "word": null,
        "roles": {
          "ACT": "#V502076",
          "ACT1": "#V502631",
          "LEX": "THING"
        },
        "start": 0,
        "end": 11
      },
      "V502076": {
        "id": "V502076",
        "indicator": "SPEECHACT",
        "type": "SA_EVALUATE",
        "word": null,
        "roles": {
          "CONTENT": "#V501938",
          "LEX": "GOOD"
        },
        "start": 0,
        "end": 5
      },
      "V501938": {
        "id": "V501938",
        "indicator": "F",
        "type": "GOOD",
        "word": "GOOD",
        "roles": {
          "ORIENTATION": "MORE",
          "INTENSITY": "MED",
          "FIGURE": "#V502077",
          "SCALE": "GOODNESS-SCALE",
          "LEX": "GOOD",
          "WNSENSE": "good%5:00:00:nice:00"
        },
        "start": 0,
        "end": 5
      },
      "V502077": {
        "id": "V502077",
        "indicator": "IMPRO",
        "type": "ANY-SEM",
        "word": null,
        "roles": {},
        "start": 0,
        "end": 5
      },
      "V502631": {
        "id": "V502631",
        "indicator": "SPEECHACT",
        "type": "SA_IDENTIFY",
        "word": null,
        "roles": {
          "CONTENT": "#V501947",
          "LEX": "THING"
        },
        "start": 5,
        "end": 11
      },
      "V501947": {
        "id": "V501947",
        "indicator": "BARE",
        "type": "REFERENTIAL-SEM",
        "word": "THING",
        "roles": {
          "LEX": "THING",
          "WNSENSE": "entity%1:03:00"
        },
        "start": 5,
        "end": 11
      },
      "root": "#V502295"
    },
    {
      "V502831": {
        "id": "V502831",
        "indicator": "SPEECHACT",
        "type": "SA_TELL",
        "word": null,
        "roles": {
          "PUNCTYPE": "DECL",
          "CONTENT": "#V501961",
          "LEX": "WERE"
        },
        "start": 11,
        "end": 54
      },
      "V501961": {
        "id": "V501961",
        "indicator": "F",
        "type": "BE",
        "word": "BE",
        "roles": {
          "NEUTRAL": "#V501953",
          "NEUTRAL1": "#V502103",
          "REASON": "#V501991",
          "TENSE": "PAST",
          "LEX": "WERE",
          "WNSENSE": "be%2:42:06::"
        },
        "start": 11,
        "end": 54
      },
      "V501953": {
        "id": "V501953",
        "indicator": "THE-SET",
        "type": "EXTERNAL-BODY-PART",
        "word": "BREAST",
        "roles": {
          "ASSOC-POSS": "#V501950",
          "LEX": "BREASTS",
          "WNSENSE": "breast%1:08:01::"
        },
        "start": 11,
        "end": 22
      },
      "V501950": {
        "id": "V501950",
        "indicator": "PRO",
        "type": "PERSON",
        "word": "MY",
        "roles": {
          "LEX": "MY",
          "PROFORM": "MY",
          "WNSENSE": "person%1:03:00",
          "COREF": "USER"
        },
        "start": 11,
        "end": 22
      },
      "V502103": {
        "id": "V502103",
        "indicator": "THE",
        "type": "QUANTITY-ABSTR",
        "word": null,
        "roles": {
          "FIGURE": "#V501977"
        },
        "start": 27,
        "end": 33
      },
      "V501977": {
        "id": "V501977",
        "indicator": "PRO",
        "type": "EXPLETIVE",
        "word": null,
        "roles": {
          "PROFORM": "THERE",
          "LEX": "THERE"
        },
        "start": 27,
        "end": 33
      },
      "V501991": {
        "id": "V501991",
        "indicator": "F",
        "type": "PURPOSE",
        "word": "TO",
        "roles": {
          "GROUND": "#V502015",
          "FIGURE": "#V501961",
          "LEX": "TO"
        },
        "start": 33,
        "end": 54
      },
      "V502015": {
        "id": "V502015",
        "indicator": "F",
        "type": "CHANGE",
        "word": "CUSHION",
        "roles": {
          "AFFECTED": "#V502029",
          "VFORM": "BASE",
          "LEX": "CUSHION",
          "WNSENSE": "cushion%2:35:00::"
        },
        "start": 36,
        "end": 54
      },
      "V502029": {
        "id": "V502029",
        "indicator": "THE-SET",
        "type": "EXTERNAL-BODY-PART",
        "word": "HAND",
        "roles": {
          "ASSOC-POSS": "#V502022",
          "LEX": "HANDS",
          "WNSENSE": "hand%1:08:00::"
        },
        "start": 44,
        "end": 54
      },
      "V502022": {
        "id": "V502022",
        "indicator": "PRO",
        "type": "MALE-PERSON",
        "word": "HIS",
        "roles": {
          "LEX": "HIS",
          "PROFORM": "HIS",
          "WNSENSE": "man%1:18:00"
        },
        "start": 44,
        "end": 54
      },
      "root": "#V502831"
    },
    {
      "V502296": {
        "id": "V502296",
        "indicator": "SA-SEQ",
        "type": "SPEECH-ACT",
        "word": null,
        "roles": {
          "ACT": "#V502082",
          "ACT1": "#V502631",
          "LEX": "THING"
        },
        "start": 0,
        "end": 11
      },
      "V502082": {
        "id": "V502082",
        "indicator": "SPEECHACT",
        "type": "SA_EVALUATE",
        "word": null,
        "roles": {
          "CONTENT": "#V501939",
          "LEX": "GOOD"
        },
        "start": 0,
        "end": 5
      },
      "V501939": {
        "id": "V501939",
        "indicator": "F",
        "type": "GOOD",
        "word": "GOOD",
        "roles": {
          "ORIENTATION": "MORE",
          "INTENSITY": "MED",
          "FIGURE": "#V502083",
          "SCALE": "GOODNESS-SCALE",
          "LEX": "GOOD",
          "WNSENSE": "good%5:00:00:nice:00"
        },
        "start": 0,
        "end": 5
      },
      "V502083": {
        "id": "V502083",
        "indicator": "IMPRO",
        "type": "ANY-SEM",
        "word": null,
        "roles": {},
        "start": 0,
        "end": 5
      },
      "V502631": {
        "id": "V502631",
        "indicator": "SPEECHACT",
        "type": "SA_IDENTIFY",
        "word": null,
        "roles": {
          "CONTENT": "#V501947",
          "LEX": "THING"
        },
        "start": 5,
        "end": 11
      },
      "V501947": {
        "id": "V501947",
        "indicator": "BARE",
        "type": "REFERENTIAL-SEM",
        "word": "THING",
        "roles": {
          "LEX": "THING",
          "WNSENSE": "entity%1:03:00"
        },
        "start": 5,
        "end": 11
      },
      "root": "#V502296"
    },
    {
      "V502831": {
        "id": "V502831",
        "indicator": "SPEECHACT",
        "type": "SA_TELL",
        "word": null,
        "roles": {
          "PUNCTYPE": "DECL",
          "CONTENT": "#V501961",
          "LEX": "WERE"
        },
        "start": 11,
        "end": 55
      },
      "V501961": {
        "id": "V501961",
        "indicator": "F",
        "type": "BE",
        "word": "BE",
        "roles": {
          "NEUTRAL": "#V501953",
          "NEUTRAL1": "#V502103",
          "REASON": "#V501991",
          "TENSE": "PAST",
          "LEX": "WERE",
          "WNSENSE": "be%2:42:06::"
        },
        "start": 11,
        "end": 54
      },
      "V501953": {
        "id": "V501953",
        "indicator": "THE-SET",
        "type": "EXTERNAL-BODY-PART",
        "word": "BREAST",
        "roles": {
          "ASSOC-POSS": "#V501950",
          "LEX": "BREASTS",
          "WNSENSE": "breast%1:08:01::"
        },
        "start": 11,
        "end": 22
      },
      "V501950": {
        "id": "V501950",
        "indicator": "PRO",
        "type": "PERSON",
        "word": "MY",
        "roles": {
          "LEX": "MY",
          "PROFORM": "MY",
          "WNSENSE": "person%1:03:00"
        },
        "start": 11,
        "end": 22
      },
      "V502103": {
        "id": "V502103",
        "indicator": "THE",
        "type": "QUANTITY-ABSTR",
        "word": null,
        "roles": {
          "FIGURE": "#V501977"
        },
        "start": 27,
        "end": 33
      },
      "V501977": {
        "id": "V501977",
        "indicator": "PRO",
        "type": "EXPLETIVE",
        "word": null,
        "roles": {
          "PROFORM": "THERE",
          "LEX": "THERE"
        },
        "start": 27,
        "end": 33
      },
      "V501991": {
        "id": "V501991",
        "indicator": "F",
        "type": "PURPOSE",
        "word": "TO",
        "roles": {
          "GROUND": "#V502015",
          "FIGURE": "#V501961",
          "LEX": "TO"
        },
        "start": 33,
        "end": 54
      },
      "V502015": {
        "id": "V502015",
        "indicator": "F",
        "type": "CHANGE",
        "word": "CUSHION",
        "roles": {
          "AFFECTED": "#V502029",
          "VFORM": "BASE",
          "LEX": "CUSHION",
          "WNSENSE": "cushion%2:35:00::"
        },
        "start": 36,
        "end": 54
      },
      "V502029": {
        "id": "V502029",
        "indicator": "THE-SET",
        "type": "EXTERNAL-BODY-PART",
        "word": "HAND",
        "roles": {
          "ASSOC-POSS": "#V502022",
          "LEX": "HANDS",
          "WNSENSE": "hand%1:08:00::"
        },
        "start": 44,
        "end": 54
      },
      "V502022": {
        "id": "V502022",
        "indicator": "PRO",
        "type": "MALE-PERSON",
        "word": "HIS",
        "roles": {
          "LEX": "HIS",
          "PROFORM": "HIS",
          "WNSENSE": "man%1:18:00"
        },
        "start": 44,
        "end": 54
      },
      "root": "#V502831"
    },
    {
      "V502297": {
        "id": "V502297",
        "indicator": "SA-SEQ",
        "type": "SPEECH-ACT",
        "word": null,
        "roles": {
          "ACT": "#V502088",
          "ACT1": "#V502631",
          "LEX": "THING"
        },
        "start": 0,
        "end": 11
      },
      "V502088": {
        "id": "V502088",
        "indicator": "SPEECHACT",
        "type": "SA_EVALUATE",
        "word": null,
        "roles": {
          "CONTENT": "#V501940",
          "LEX": "GOOD"
        },
        "start": 0,
        "end": 5
      },
      "V501940": {
        "id": "V501940",
        "indicator": "F",
        "type": "GOOD",
        "word": "GOOD",
        "roles": {
          "ORIENTATION": "MORE",
          "INTENSITY": "MED",
          "FIGURE": "#V502089",
          "SCALE": "GOODNESS-SCALE",
          "LEX": "GOOD",
          "WNSENSE": "good%5:00:00:nice:00"
        },
        "start": 0,
        "end": 5
      },
      "V502089": {
        "id": "V502089",
        "indicator": "IMPRO",
        "type": "ANY-SEM",
        "word": null,
        "roles": {},
        "start": 0,
        "end": 5
      },
      "V502631": {
        "id": "V502631",
        "indicator": "SPEECHACT",
        "type": "SA_IDENTIFY",
        "word": null,
        "roles": {
          "CONTENT": "#V501947",
          "LEX": "THING"
        },
        "start": 5,
        "end": 11
      },
      "V501947": {
        "id": "V501947",
        "indicator": "BARE",
        "type": "REFERENTIAL-SEM",
        "word": "THING",
        "roles": {
          "LEX": "THING",
          "WNSENSE": "entity%1:03:00"
        },
        "start": 5,
        "end": 11
      },
      "root": "#V502297"
    },
    {
      "V502831": {
        "id": "V502831",
        "indicator": "SPEECHACT",
        "type": "SA_TELL",
        "word": null,
        "roles": {
          "PUNCTYPE": "DECL",
          "CONTENT": "#V501961",
          "LEX": "WERE"
        },
        "start": 11,
        "end": 55
      },
      "V501961": {
        "id": "V501961",
        "indicator": "F",
        "type": "BE",
        "word": "BE",
        "roles": {
          "NEUTRAL": "#V501953",
          "NEUTRAL1": "#V502103",
          "REASON": "#V501991",
          "TENSE": "PAST",
          "LEX": "WERE",
          "WNSENSE": "be%2:42:06::"
        },
        "start": 11,
        "end": 54
      },
      "V501953": {
        "id": "V501953",
        "indicator": "THE-SET",
        "type": "EXTERNAL-BODY-PART",
        "word": "BREAST",
        "roles": {
          "ASSOC-POSS": "#V501950",
          "LEX": "BREASTS",
          "WNSENSE": "breast%1:08:01::"
        },
        "start": 11,
        "end": 22
      },
      "V501950": {
        "id": "V501950",
        "indicator": "PRO",
        "type": "PERSON",
        "word": "MY",
        "roles": {
          "LEX": "MY",
          "PROFORM": "MY",
          "WNSENSE": "person%1:03:00"
        },
        "start": 11,
        "end": 22
      },
      "V502103": {
        "id": "V502103",
        "indicator": "THE",
        "type": "QUANTITY-ABSTR",
        "word": null,
        "roles": {
          "FIGURE": "#V501977"
        },
        "start": 27,
        "end": 33
      },
      "V501977": {
        "id": "V501977",
        "indicator": "PRO",
        "type": "EXPLETIVE",
        "word": null,
        "roles": {
          "PROFORM": "THERE",
          "LEX": "THERE"
        },
        "start": 27,
        "end": 33
      },
      "V501991": {
        "id": "V501991",
        "indicator": "F",
        "type": "PURPOSE",
        "word": "TO",
        "roles": {
          "GROUND": "#V502015",
          "FIGURE": "#V501961",
          "LEX": "TO"
        },
        "start": 33,
        "end": 54
      },
      "V502015": {
        "id": "V502015",
        "indicator": "F",
        "type": "CHANGE",
        "word": "CUSHION",
        "roles": {
          "AFFECTED": "#V502029",
          "VFORM": "BASE",
          "LEX": "CUSHION",
          "WNSENSE": "cushion%2:35:00::"
        },
        "start": 36,
        "end": 54
      },
      "V502029": {
        "id": "V502029",
        "indicator": "THE-SET",
        "type": "EXTERNAL-BODY-PART",
        "word": "HAND",
        "roles": {
          "ASSOC-POSS": "#V502022",
          "LEX": "HANDS",
          "WNSENSE": "hand%1:08:00::"
        },
        "start": 44,
        "end": 54
      },
      "V502022": {
        "id": "V502022",
        "indicator": "PRO",
        "type": "MALE-PERSON",
        "word": "HIS",
        "roles": {
          "LEX": "HIS",
          "PROFORM": "HIS",
          "WNSENSE": "man%1:18:00"
        },
        "start": 44,
        "end": 54
      },
      "root": "#V502831"
    },
    {
      "V502295": {
        "id": "V502295",
        "indicator": "SA-SEQ",
        "type": "SPEECH-ACT",
        "word": null,
        "roles": {
          "ACT": "#V502076",
          "ACT1": "#V502631",
          "LEX": "THING"
        },
        "start": 0,
        "end": 11
      },
      "V502076": {
        "id": "V502076",
        "indicator": "SPEECHACT",
        "type": "SA_EVALUATE",
        "word": null,
        "roles": {
          "CONTENT": "#V501938",
          "LEX": "GOOD"
        },
        "start": 0,
        "end": 5
      },
      "V501938": {
        "id": "V501938",
        "indicator": "F",
        "type": "GOOD",
        "word": "GOOD",
        "roles": {
          "ORIENTATION": "MORE",
          "INTENSITY": "MED",
          "FIGURE": "#V502077",
          "SCALE": "GOODNESS-SCALE",
          "LEX": "GOOD",
          "WNSENSE": "good%5:00:00:nice:00"
        },
        "start": 0,
        "end": 5
      },
      "V502077": {
        "id": "V502077",
        "indicator": "IMPRO",
        "type": "ANY-SEM",
        "word": null,
        "roles": {},
        "start": 0,
        "end": 5
      },
      "V502631": {
        "id": "V502631",
        "indicator": "SPEECHACT",
        "type": "SA_IDENTIFY",
        "word": null,
        "roles": {
          "CONTENT": "#V501947",
          "LEX": "THING"
        },
        "start": 5,
        "end": 11
      },
      "V501947": {
        "id": "V501947",
        "indicator": "BARE",
        "type": "REFERENTIAL-SEM",
        "word": "THING",
        "roles": {
          "LEX": "THING",
          "WNSENSE": "entity%1:03:00"
        },
        "start": 5,
        "end": 11
      },
      "root": "#V502295"
    },
    {
      "V502834": {
        "id": "V502834",
        "indicator": "SPEECHACT",
        "type": "SA_TELL",
        "word": null,
        "roles": {
          "PUNCTYPE": "DECL",
          "CONTENT": "#V501961",
          "LEX": "WERE"
        },
        "start": 11,
        "end": 55
      },
      "V501961": {
        "id": "V501961",
        "indicator": "F",
        "type": "BE",
        "word": "BE",
        "roles": {
          "NEUTRAL": "#V502138",
          "NEUTRAL1": "#V502103",
          "REASON": "#V501991",
          "TENSE": "PAST",
          "LEX": "WERE",
          "WNSENSE": "be%2:42:06::"
        },
        "start": 11,
        "end": 54
      },
      "V502138": {
        "id": "V502138",
        "indicator": "THE",
        "type": "QUANTITY-ABSTR",
        "word": null,
        "roles": {
          "FIGURE": "#V501953"
        },
        "start": 11,
        "end": 22
      },
      "V501953": {
        "id": "V501953",
        "indicator": "THE-SET",
        "type": "EXTERNAL-BODY-PART",
        "word": "BREAST",
        "roles": {
          "ASSOC-POSS": "#V501950",
          "LEX": "BREASTS",
          "WNSENSE": "breast%1:08:01::"
        },
        "start": 11,
        "end": 22
      },
      "V501950": {
        "id": "V501950",
        "indicator": "PRO",
        "type": "PERSON",
        "word": "MY",
        "roles": {
          "LEX": "MY",
          "PROFORM": "MY",
          "WNSENSE": "person%1:03:00"
        },
        "start": 11,
        "end": 22
      },
      "V502103": {
        "id": "V502103",
        "indicator": "THE",
        "type": "QUANTITY-ABSTR",
        "word": null,
        "roles": {
          "FIGURE": "#V501977"
        },
        "start": 27,
        "end": 33
      },
      "V501977": {
        "id": "V501977",
        "indicator": "PRO",
        "type": "EXPLETIVE",
        "word": null,
        "roles": {
          "PROFORM": "THERE",
          "LEX": "THERE"
        },
        "start": 27,
        "end": 33
      },
      "V501991": {
        "id": "V501991",
        "indicator": "F",
        "type": "PURPOSE",
        "word": "TO",
        "roles": {
          "GROUND": "#V502015",
          "FIGURE": "#V501961",
          "LEX": "TO"
        },
        "start": 33,
        "end": 54
      },
      "V502015": {
        "id": "V502015",
        "indicator": "F",
        "type": "CHANGE",
        "word": "CUSHION",
        "roles": {
          "AFFECTED": "#V502029",
          "VFORM": "BASE",
          "LEX": "CUSHION",
          "WNSENSE": "cushion%2:35:00::"
        },
        "start": 36,
        "end": 54
      },
      "V502029": {
        "id": "V502029",
        "indicator": "THE-SET",
        "type": "EXTERNAL-BODY-PART",
        "word": "HAND",
        "roles": {
          "ASSOC-POSS": "#V502022",
          "LEX": "HANDS",
          "WNSENSE": "hand%1:08:00::"
        },
        "start": 44,
        "end": 54
      },
      "V502022": {
        "id": "V502022",
        "indicator": "PRO",
        "type": "MALE-PERSON",
        "word": "HIS",
        "roles": {
          "LEX": "HIS",
          "PROFORM": "HIS",
          "WNSENSE": "man%1:18:00"
        },
        "start": 44,
        "end": 54
      },
      "root": "#V502834"
    },
    {
      "V502296": {
        "id": "V502296",
        "indicator": "SA-SEQ",
        "type": "SPEECH-ACT",
        "word": null,
        "roles": {
          "ACT": "#V502082",
          "ACT1": "#V502631",
          "LEX": "THING"
        },
        "start": 0,
        "end": 11
      },
      "V502082": {
        "id": "V502082",
        "indicator": "SPEECHACT",
        "type": "SA_EVALUATE",
        "word": null,
        "roles": {
          "CONTENT": "#V501939",
          "LEX": "GOOD"
        },
        "start": 0,
        "end": 5
      },
      "V501939": {
        "id": "V501939",
        "indicator": "F",
        "type": "GOOD",
        "word": "GOOD",
        "roles": {
          "ORIENTATION": "MORE",
          "INTENSITY": "MED",
          "FIGURE": "#V502083",
          "SCALE": "GOODNESS-SCALE",
          "LEX": "GOOD",
          "WNSENSE": "good%5:00:00:nice:00"
        },
        "start": 0,
        "end": 5
      },
      "V502083": {
        "id": "V502083",
        "indicator": "IMPRO",
        "type": "ANY-SEM",
        "word": null,
        "roles": {},
        "start": 0,
        "end": 5
      },
      "V502631": {
        "id": "V502631",
        "indicator": "SPEECHACT",
        "type": "SA_IDENTIFY",
        "word": null,
        "roles": {
          "CONTENT": "#V501947",
          "LEX": "THING"
        },
        "start": 5,
        "end": 11
      },
      "V501947": {
        "id": "V501947",
        "indicator": "BARE",
        "type": "REFERENTIAL-SEM",
        "word": "THING",
        "roles": {
          "LEX": "THING",
          "WNSENSE": "entity%1:03:00"
        },
        "start": 5,
        "end": 11
      },
      "root": "#V502296"
    },
    {
      "V502834": {
        "id": "V502834",
        "indicator": "SPEECHACT",
        "type": "SA_TELL",
        "word": null,
        "roles": {
          "PUNCTYPE": "DECL",
          "CONTENT": "#V501961",
          "LEX": "WERE"
        },
        "start": 11,
        "end": 55
      },
      "V501961": {
        "id": "V501961",
        "indicator": "F",
        "type": "BE",
        "word": "BE",
        "roles": {
          "NEUTRAL": "#V502138",
          "NEUTRAL1": "#V502103",
          "REASON": "#V501991",
          "TENSE": "PAST",
          "LEX": "WERE",
          "WNSENSE": "be%2:42:06::"
        },
        "start": 11,
        "end": 54
      },
      "V502138": {
        "id": "V502138",
        "indicator": "THE",
        "type": "QUANTITY-ABSTR",
        "word": null,
        "roles": {
          "FIGURE": "#V501953"
        },
        "start": 11,
        "end": 22
      },
      "V501953": {
        "id": "V501953",
        "indicator": "THE-SET",
        "type": "EXTERNAL-BODY-PART",
        "word": "BREAST",
        "roles": {
          "ASSOC-POSS": "#V501950",
          "LEX": "BREASTS",
          "WNSENSE": "breast%1:08:01::"
        },
        "start": 11,
        "end": 22
      },
      "V501950": {
        "id": "V501950",
        "indicator": "PRO",
        "type": "PERSON",
        "word": "MY",
        "roles": {
          "LEX": "MY",
          "PROFORM": "MY",
          "WNSENSE": "person%1:03:00"
        },
        "start": 11,
        "end": 22
      },
      "V502103": {
        "id": "V502103",
        "indicator": "THE",
        "type": "QUANTITY-ABSTR",
        "word": null,
        "roles": {
          "FIGURE": "#V501977"
        },
        "start": 27,
        "end": 33
      },
      "V501977": {
        "id": "V501977",
        "indicator": "PRO",
        "type": "EXPLETIVE",
        "word": null,
        "roles": {
          "PROFORM": "THERE",
          "LEX": "THERE"
        },
        "start": 27,
        "end": 33
      },
      "V501991": {
        "id": "V501991",
        "indicator": "F",
        "type": "PURPOSE",
        "word": "TO",
        "roles": {
          "GROUND": "#V502015",
          "FIGURE": "#V501961",
          "LEX": "TO"
        },
        "start": 33,
        "end": 54
      },
      "V502015": {
        "id": "V502015",
        "indicator": "F",
        "type": "CHANGE",
        "word": "CUSHION",
        "roles": {
          "AFFECTED": "#V502029",
          "VFORM": "BASE",
          "LEX": "CUSHION",
          "WNSENSE": "cushion%2:35:00::"
        },
        "start": 36,
        "end": 54
      },
      "V502029": {
        "id": "V502029",
        "indicator": "THE-SET",
        "type": "EXTERNAL-BODY-PART",
        "word": "HAND",
        "roles": {
          "ASSOC-POSS": "#V502022",
          "LEX": "HANDS",
          "WNSENSE": "hand%1:08:00::"
        },
        "start": 44,
        "end": 54
      },
      "V502022": {
        "id": "V502022",
        "indicator": "PRO",
        "type": "MALE-PERSON",
        "word": "HIS",
        "roles": {
          "LEX": "HIS",
          "PROFORM": "HIS",
          "WNSENSE": "man%1:18:00"
        },
        "start": 44,
        "end": 54
      },
      "root": "#V502834"
    },
    {
      "V502297": {
        "id": "V502297",
        "indicator": "SA-SEQ",
        "type": "SPEECH-ACT",
        "word": null,
        "roles": {
          "ACT": "#V502088",
          "ACT1": "#V502631",
          "LEX": "THING"
        },
        "start": 0,
        "end": 11
      },
      "V502088": {
        "id": "V502088",
        "indicator": "SPEECHACT",
        "type": "SA_EVALUATE",
        "word": null,
        "roles": {
          "CONTENT": "#V501940",
          "LEX": "GOOD"
        },
        "start": 0,
        "end": 5
      },
      "V501940": {
        "id": "V501940",
        "indicator": "F",
        "type": "GOOD",
        "word": "GOOD",
        "roles": {
          "ORIENTATION": "MORE",
          "INTENSITY": "MED",
          "FIGURE": "#V502089",
          "SCALE": "GOODNESS-SCALE",
          "LEX": "GOOD",
          "WNSENSE": "good%5:00:00:nice:00"
        },
        "start": 0,
        "end": 5
      },
      "V502089": {
        "id": "V502089",
        "indicator": "IMPRO",
        "type": "ANY-SEM",
        "word": null,
        "roles": {},
        "start": 0,
        "end": 5
      },
      "V502631": {
        "id": "V502631",
        "indicator": "SPEECHACT",
        "type": "SA_IDENTIFY",
        "word": null,
        "roles": {
          "CONTENT": "#V501947",
          "LEX": "THING"
        },
        "start": 5,
        "end": 11
      },
      "V501947": {
        "id": "V501947",
        "indicator": "BARE",
        "type": "REFERENTIAL-SEM",
        "word": "THING",
        "roles": {
          "LEX": "THING",
          "WNSENSE": "entity%1:03:00"
        },
        "start": 5,
        "end": 11
      },
      "root": "#V502297"
    },
    {
      "V502834": {
        "id": "V502834",
        "indicator": "SPEECHACT",
        "type": "SA_TELL",
        "word": null,
        "roles": {
          "PUNCTYPE": "DECL",
          "CONTENT": "#V501961",
          "LEX": "WERE"
        },
        "start": 11,
        "end": 55
      },
      "V501961": {
        "id": "V501961",
        "indicator": "F",
        "type": "BE",
        "word": "BE",
        "roles": {
          "NEUTRAL": "#V502138",
          "NEUTRAL1": "#V502103",
          "REASON": "#V501991",
          "TENSE": "PAST",
          "LEX": "WERE",
          "WNSENSE": "be%2:42:06::"
        },
        "start": 11,
        "end": 54
      },
      "V502138": {
        "id": "V502138",
        "indicator": "THE",
        "type": "QUANTITY-ABSTR",
        "word": null,
        "roles": {
          "FIGURE": "#V501953"
        },
        "start": 11,
        "end": 22
      },
      "V501953": {
        "id": "V501953",
        "indicator": "THE-SET",
        "type": "EXTERNAL-BODY-PART",
        "word": "BREAST",
        "roles": {
          "ASSOC-POSS": "#V501950",
          "LEX": "BREASTS",
          "WNSENSE": "breast%1:08:01::"
        },
        "start": 11,
        "end": 22
      },
      "V501950": {
        "id": "V501950",
        "indicator": "PRO",
        "type": "PERSON",
        "word": "MY",
        "roles": {
          "LEX": "MY",
          "PROFORM": "MY",
          "WNSENSE": "person%1:03:00"
        },
        "start": 11,
        "end": 22
      },
      "V502103": {
        "id": "V502103",
        "indicator": "THE",
        "type": "QUANTITY-ABSTR",
        "word": null,
        "roles": {
          "FIGURE": "#V501977"
        },
        "start": 27,
        "end": 33
      },
      "V501977": {
        "id": "V501977",
        "indicator": "PRO",
        "type": "EXPLETIVE",
        "word": null,
        "roles": {
          "PROFORM": "THERE",
          "LEX": "THERE"
        },
        "start": 27,
        "end": 33
      },
      "V501991": {
        "id": "V501991",
        "indicator": "F",
        "type": "PURPOSE",
        "word": "TO",
        "roles": {
          "GROUND": "#V502015",
          "FIGURE": "#V501961",
          "LEX": "TO"
        },
        "start": 33,
        "end": 54
      },
      "V502015": {
        "id": "V502015",
        "indicator": "F",
        "type": "CHANGE",
        "word": "CUSHION",
        "roles": {
          "AFFECTED": "#V502029",
          "VFORM": "BASE",
          "LEX": "CUSHION",
          "WNSENSE": "cushion%2:35:00::"
        },
        "start": 36,
        "end": 54
      },
      "V502029": {
        "id": "V502029",
        "indicator": "THE-SET",
        "type": "EXTERNAL-BODY-PART",
        "word": "HAND",
        "roles": {
          "ASSOC-POSS": "#V502022",
          "LEX": "HANDS",
          "WNSENSE": "hand%1:08:00::"
        },
        "start": 44,
        "end": 54
      },
      "V502022": {
        "id": "V502022",
        "indicator": "PRO",
        "type": "MALE-PERSON",
        "word": "HIS",
        "roles": {
          "LEX": "HIS",
          "PROFORM": "HIS",
          "WNSENSE": "man%1:18:00"
        },
        "start": 44,
        "end": 54
      },
      "root": "#V502834"
    },
    {
      "V502295": {
        "id": "V502295",
        "indicator": "SA-SEQ",
        "type": "SPEECH-ACT",
        "word": null,
        "roles": {
          "ACT": "#V502076",
          "ACT1": "#V502694",
          "LEX": "-"
        },
        "start": 0,
        "end": 11
      },
      "V502076": {
        "id": "V502076",
        "indicator": "SPEECHACT",
        "type": "SA_EVALUATE",
        "word": null,
        "roles": {
          "CONTENT": "#V501938",
          "LEX": "GOOD"
        },
        "start": 0,
        "end": 5
      },
      "V501938": {
        "id": "V501938",
        "indicator": "F",
        "type": "GOOD",
        "word": "GOOD",
        "roles": {
          "ORIENTATION": "MORE",
          "INTENSITY": "MED",
          "FIGURE": "#V502077",
          "SCALE": "GOODNESS-SCALE",
          "LEX": "GOOD",
          "WNSENSE": "good%5:00:00:nice:00"
        },
        "start": 0,
        "end": 5
      },
      "V502077": {
        "id": "V502077",
        "indicator": "IMPRO",
        "type": "ANY-SEM",
        "word": null,
        "roles": {},
        "start": 0,
        "end": 5
      },
      "V502694": {
        "id": "V502694",
        "indicator": "SPEECHACT",
        "type": "SA_IDENTIFY",
        "word": null,
        "roles": {
          "CONTENT": "#V502505",
          "LEX": "-"
        },
        "start": 5,
        "end": 11
      },
      "V502505": {
        "id": "V502505",
        "indicator": "THE",
        "type": "QUANTITY-ABSTR",
        "word": null,
        "roles": {
          "FIGURE": "#V501947"
        },
        "start": 5,
        "end": 11
      },
      "V501947": {
        "id": "V501947",
        "indicator": "BARE",
        "type": "REFERENTIAL-SEM",
        "word": "THING",
        "roles": {
          "LEX": "THING",
          "WNSENSE": "entity%1:03:00"
        },
        "start": 5,
        "end": 11
      },
      "root": "#V502295"
    },
    {
      "V502831": {
        "id": "V502831",
        "indicator": "SPEECHACT",
        "type": "SA_TELL",
        "word": null,
        "roles": {
          "PUNCTYPE": "DECL",
          "CONTENT": "#V501961",
          "LEX": "WERE"
        },
        "start": 11,
        "end": 55
      },
      "V501961": {
        "id": "V501961",
        "indicator": "F",
        "type": "BE",
        "word": "BE",
        "roles": {
          "NEUTRAL": "#V501953",
          "NEUTRAL1": "#V502103",
          "REASON": "#V501991",
          "TENSE": "PAST",
          "LEX": "WERE",
          "WNSENSE": "be%2:42:06::"
        },
        "start": 11,
        "end": 54
      },
      "V501953": {
        "id": "V501953",
        "indicator": "THE-SET",
        "type": "EXTERNAL-BODY-PART",
        "word": "BREAST",
        "roles": {
          "ASSOC-POSS": "#V501950",
          "LEX": "BREASTS",
          "WNSENSE": "breast%1:08:01::"
        },
        "start": 11,
        "end": 22
      },
      "V501950": {
        "id": "V501950",
        "indicator": "PRO",
        "type": "PERSON",
        "word": "MY",
        "roles": {
          "LEX": "MY",
          "PROFORM": "MY",
          "WNSENSE": "person%1:03:00"
        },
        "start": 11,
        "end": 22
      },
      "V502103": {
        "id": "V502103",
        "indicator": "THE",
        "type": "QUANTITY-ABSTR",
        "word": null,
        "roles": {
          "FIGURE": "#V501977"
        },
        "start": 27,
        "end": 33
      },
      "V501977": {
        "id": "V501977",
        "indicator": "PRO",
        "type": "EXPLETIVE",
        "word": null,
        "roles": {
          "PROFORM": "THERE",
          "LEX": "THERE"
        },
        "start": 27,
        "end": 33
      },
      "V501991": {
        "id": "V501991",
        "indicator": "F",
        "type": "PURPOSE",
        "word": "TO",
        "roles": {
          "GROUND": "#V502015",
          "FIGURE": "#V501961",
          "LEX": "TO"
        },
        "start": 33,
        "end": 54
      },
      "V502015": {
        "id": "V502015",
        "indicator": "F",
        "type": "CHANGE",
        "word": "CUSHION",
        "roles": {
          "AFFECTED": "#V502029",
          "VFORM": "BASE",
          "LEX": "CUSHION",
          "WNSENSE": "cushion%2:35:00::"
        },
        "start": 36,
        "end": 54
      },
      "V502029": {
        "id": "V502029",
        "indicator": "THE-SET",
        "type": "EXTERNAL-BODY-PART",
        "word": "HAND",
        "roles": {
          "ASSOC-POSS": "#V502022",
          "LEX": "HANDS",
          "WNSENSE": "hand%1:08:00::"
        },
        "start": 44,
        "end": 54
      },
      "V502022": {
        "id": "V502022",
        "indicator": "PRO",
        "type": "MALE-PERSON",
        "word": "HIS",
        "roles": {
          "LEX": "HIS",
          "PROFORM": "HIS",
          "WNSENSE": "man%1:18:00"
        },
        "start": 44,
        "end": 54
      },
      "root": "#V502831"
    },
    {
      "V502296": {
        "id": "V502296",
        "indicator": "SA-SEQ",
        "type": "SPEECH-ACT",
        "word": null,
        "roles": {
          "ACT": "#V502082",
          "ACT1": "#V502694",
          "LEX": "-"
        },
        "start": 0,
        "end": 11
      },
      "V502082": {
        "id": "V502082",
        "indicator": "SPEECHACT",
        "type": "SA_EVALUATE",
        "word": null,
        "roles": {
          "CONTENT": "#V501939",
          "LEX": "GOOD"
        },
        "start": 0,
        "end": 5
      },
      "V501939": {
        "id": "V501939",
        "indicator": "F",
        "type": "GOOD",
        "word": "GOOD",
        "roles": {
          "ORIENTATION": "MORE",
          "INTENSITY": "MED",
          "FIGURE": "#V502083",
          "SCALE": "GOODNESS-SCALE",
          "LEX": "GOOD",
          "WNSENSE": "good%5:00:00:nice:00"
        },
        "start": 0,
        "end": 5
      },
      "V502083": {
        "id": "V502083",
        "indicator": "IMPRO",
        "type": "ANY-SEM",
        "word": null,
        "roles": {},
        "start": 0,
        "end": 5
      },
      "V502694": {
        "id": "V502694",
        "indicator": "SPEECHACT",
        "type": "SA_IDENTIFY",
        "word": null,
        "roles": {
          "CONTENT": "#V502505",
          "LEX": "-"
        },
        "start": 5,
        "end": 11
      },
      "V502505": {
        "id": "V502505",
        "indicator": "THE",
        "type": "QUANTITY-ABSTR",
        "word": null,
        "roles": {
          "FIGURE": "#V501947"
        },
        "start": 5,
        "end": 11
      },
      "V501947": {
        "id": "V501947",
        "indicator": "BARE",
        "type": "REFERENTIAL-SEM",
        "word": "THING",
        "roles": {
          "LEX": "THING",
          "WNSENSE": "entity%1:03:00"
        },
        "start": 5,
        "end": 11
      },
      "root": "#V502296"
    },
    {
      "V502831": {
        "id": "V502831",
        "indicator": "SPEECHACT",
        "type": "SA_TELL",
        "word": null,
        "roles": {
          "PUNCTYPE": "DECL",
          "CONTENT": "#V501961",
          "LEX": "WERE"
        },
        "start": 11,
        "end": 55
      },
      "V501961": {
        "id": "V501961",
        "indicator": "F",
        "type": "BE",
        "word": "BE",
        "roles": {
          "NEUTRAL": "#V501953",
          "NEUTRAL1": "#V502103",
          "REASON": "#V501991",
          "TENSE": "PAST",
          "LEX": "WERE",
          "WNSENSE": "be%2:42:06::"
        },
        "start": 11,
        "end": 54
      },
      "V501953": {
        "id": "V501953",
        "indicator": "THE-SET",
        "type": "EXTERNAL-BODY-PART",
        "word": "BREAST",
        "roles": {
          "ASSOC-POSS": "#V501950",
          "LEX": "BREASTS",
          "WNSENSE": "breast%1:08:01::"
        },
        "start": 11,
        "end": 22
      },
      "V501950": {
        "id": "V501950",
        "indicator": "PRO",
        "type": "PERSON",
        "word": "MY",
        "roles": {
          "LEX": "MY",
          "PROFORM": "MY",
          "WNSENSE": "person%1:03:00"
        },
        "start": 11,
        "end": 22
      },
      "V502103": {
        "id": "V502103",
        "indicator": "THE",
        "type": "QUANTITY-ABSTR",
        "word": null,
        "roles": {
          "FIGURE": "#V501977"
        },
        "start": 27,
        "end": 33
      },
      "V501977": {
        "id": "V501977",
        "indicator": "PRO",
        "type": "EXPLETIVE",
        "word": null,
        "roles": {
          "PROFORM": "THERE",
          "LEX": "THERE"
        },
        "start": 27,
        "end": 33
      },
      "V501991": {
        "id": "V501991",
        "indicator": "F",
        "type": "PURPOSE",
        "word": "TO",
        "roles": {
          "GROUND": "#V502015",
          "FIGURE": "#V501961",
          "LEX": "TO"
        },
        "start": 33,
        "end": 54
      },
      "V502015": {
        "id": "V502015",
        "indicator": "F",
        "type": "CHANGE",
        "word": "CUSHION",
        "roles": {
          "AFFECTED": "#V502029",
          "VFORM": "BASE",
          "LEX": "CUSHION",
          "WNSENSE": "cushion%2:35:00::"
        },
        "start": 36,
        "end": 54
      },
      "V502029": {
        "id": "V502029",
        "indicator": "THE-SET",
        "type": "EXTERNAL-BODY-PART",
        "word": "HAND",
        "roles": {
          "ASSOC-POSS": "#V502022",
          "LEX": "HANDS",
          "WNSENSE": "hand%1:08:00::"
        },
        "start": 44,
        "end": 54
      },
      "V502022": {
        "id": "V502022",
        "indicator": "PRO",
        "type": "MALE-PERSON",
        "word": "HIS",
        "roles": {
          "LEX": "HIS",
          "PROFORM": "HIS",
          "WNSENSE": "man%1:18:00"
        },
        "start": 44,
        "end": 54
      },
      "root": "#V502831"
    },
    {
      "V502297": {
        "id": "V502297",
        "indicator": "SA-SEQ",
        "type": "SPEECH-ACT",
        "word": null,
        "roles": {
          "ACT": "#V502088",
          "ACT1": "#V502694",
          "LEX": "-"
        },
        "start": 0,
        "end": 11
      },
      "V502088": {
        "id": "V502088",
        "indicator": "SPEECHACT",
        "type": "SA_EVALUATE",
        "word": null,
        "roles": {
          "CONTENT": "#V501940",
          "LEX": "GOOD"
        },
        "start": 0,
        "end": 5
      },
      "V501940": {
        "id": "V501940",
        "indicator": "F",
        "type": "GOOD",
        "word": "GOOD",
        "roles": {
          "ORIENTATION": "MORE",
          "INTENSITY": "MED",
          "FIGURE": "#V502089",
          "SCALE": "GOODNESS-SCALE",
          "LEX": "GOOD",
          "WNSENSE": "good%5:00:00:nice:00"
        },
        "start": 0,
        "end": 5
      },
      "V502089": {
        "id": "V502089",
        "indicator": "IMPRO",
        "type": "ANY-SEM",
        "word": null,
        "roles": {},
        "start": 0,
        "end": 5
      },
      "V502694": {
        "id": "V502694",
        "indicator": "SPEECHACT",
        "type": "SA_IDENTIFY",
        "word": null,
        "roles": {
          "CONTENT": "#V502505",
          "LEX": "-"
        },
        "start": 5,
        "end": 11
      },
      "V502505": {
        "id": "V502505",
        "indicator": "THE",
        "type": "QUANTITY-ABSTR",
        "word": null,
        "roles": {
          "FIGURE": "#V501947"
        },
        "start": 5,
        "end": 11
      },
      "V501947": {
        "id": "V501947",
        "indicator": "BARE",
        "type": "REFERENTIAL-SEM",
        "word": "THING",
        "roles": {
          "LEX": "THING",
          "WNSENSE": "entity%1:03:00"
        },
        "start": 5,
        "end": 11
      },
      "root": "#V502297"
    },
    {
      "V502831": {
        "id": "V502831",
        "indicator": "SPEECHACT",
        "type": "SA_TELL",
        "word": null,
        "roles": {
          "PUNCTYPE": "DECL",
          "CONTENT": "#V501961",
          "LEX": "WERE"
        },
        "start": 11,
        "end": 55
      },
      "V501961": {
        "id": "V501961",
        "indicator": "F",
        "type": "BE",
        "word": "BE",
        "roles": {
          "NEUTRAL": "#V501953",
          "NEUTRAL1": "#V502103",
          "REASON": "#V501991",
          "TENSE": "PAST",
          "LEX": "WERE",
          "WNSENSE": "be%2:42:06::"
        },
        "start": 11,
        "end": 54
      },
      "V501953": {
        "id": "V501953",
        "indicator": "THE-SET",
        "type": "EXTERNAL-BODY-PART",
        "word": "BREAST",
        "roles": {
          "ASSOC-POSS": "#V501950",
          "LEX": "BREASTS",
          "WNSENSE": "breast%1:08:01::"
        },
        "start": 11,
        "end": 22
      },
      "V501950": {
        "id": "V501950",
        "indicator": "PRO",
        "type": "PERSON",
        "word": "MY",
        "roles": {
          "LEX": "MY",
          "PROFORM": "MY",
          "WNSENSE": "person%1:03:00"
        },
        "start": 11,
        "end": 22
      },
      "V502103": {
        "id": "V502103",
        "indicator": "THE",
        "type": "QUANTITY-ABSTR",
        "word": null,
        "roles": {
          "FIGURE": "#V501977"
        },
        "start": 27,
        "end": 33
      },
      "V501977": {
        "id": "V501977",
        "indicator": "PRO",
        "type": "EXPLETIVE",
        "word": null,
        "roles": {
          "PROFORM": "THERE",
          "LEX": "THERE"
        },
        "start": 27,
        "end": 33
      },
      "V501991": {
        "id": "V501991",
        "indicator": "F",
        "type": "PURPOSE",
        "word": "TO",
        "roles": {
          "GROUND": "#V502015",
          "FIGURE": "#V501961",
          "LEX": "TO"
        },
        "start": 33,
        "end": 54
      },
      "V502015": {
        "id": "V502015",
        "indicator": "F",
        "type": "CHANGE",
        "word": "CUSHION",
        "roles": {
          "AFFECTED": "#V502029",
          "VFORM": "BASE",
          "LEX": "CUSHION",
          "WNSENSE": "cushion%2:35:00::"
        },
        "start": 36,
        "end": 54
      },
      "V502029": {
        "id": "V502029",
        "indicator": "THE-SET",
        "type": "EXTERNAL-BODY-PART",
        "word": "HAND",
        "roles": {
          "ASSOC-POSS": "#V502022",
          "LEX": "HANDS",
          "WNSENSE": "hand%1:08:00::"
        },
        "start": 44,
        "end": 54
      },
      "V502022": {
        "id": "V502022",
        "indicator": "PRO",
        "type": "MALE-PERSON",
        "word": "HIS",
        "roles": {
          "LEX": "HIS",
          "PROFORM": "HIS",
          "WNSENSE": "man%1:18:00"
        },
        "start": 44,
        "end": 54
      },
      "root": "#V502831"
    },
    {
      "V502295": {
        "id": "V502295",
        "indicator": "SA-SEQ",
        "type": "SPEECH-ACT",
        "word": null,
        "roles": {
          "ACT": "#V502076",
          "ACT1": "#V502694",
          "LEX": "-"
        },
        "start": 0,
        "end": 11
      },
      "V502076": {
        "id": "V502076",
        "indicator": "SPEECHACT",
        "type": "SA_EVALUATE",
        "word": null,
        "roles": {
          "CONTENT": "#V501938",
          "LEX": "GOOD"
        },
        "start": 0,
        "end": 5
      },
      "V501938": {
        "id": "V501938",
        "indicator": "F",
        "type": "GOOD",
        "word": "GOOD",
        "roles": {
          "ORIENTATION": "MORE",
          "INTENSITY": "MED",
          "FIGURE": "#V502077",
          "SCALE": "GOODNESS-SCALE",
          "LEX": "GOOD",
          "WNSENSE": "good%5:00:00:nice:00"
        },
        "start": 0,
        "end": 5
      },
      "V502077": {
        "id": "V502077",
        "indicator": "IMPRO",
        "type": "ANY-SEM",
        "word": null,
        "roles": {},
        "start": 0,
        "end": 5
      },
      "V502694": {
        "id": "V502694",
        "indicator": "SPEECHACT",
        "type": "SA_IDENTIFY",
        "word": null,
        "roles": {
          "CONTENT": "#V502505",
          "LEX": "-"
        },
        "start": 5,
        "end": 11
      },
      "V502505": {
        "id": "V502505",
        "indicator": "THE",
        "type": "QUANTITY-ABSTR",
        "word": null,
        "roles": {
          "FIGURE": "#V501947"
        },
        "start": 5,
        "end": 11
      },
      "V501947": {
        "id": "V501947",
        "indicator": "BARE",
        "type": "REFERENTIAL-SEM",
        "word": "THING",
        "roles": {
          "LEX": "THING",
          "WNSENSE": "entity%1:03:00"
        },
        "start": 5,
        "end": 11
      },
      "root": "#V502295"
    },
    {
      "V502834": {
        "id": "V502834",
        "indicator": "SPEECHACT",
        "type": "SA_TELL",
        "word": null,
        "roles": {
          "PUNCTYPE": "DECL",
          "CONTENT": "#V501961",
          "LEX": "WERE"
        },
        "start": 11,
        "end": 55
      },
      "V501961": {
        "id": "V501961",
        "indicator": "F",
        "type": "BE",
        "word": "BE",
        "roles": {
          "NEUTRAL": "#V502138",
          "NEUTRAL1": "#V502103",
          "REASON": "#V501991",
          "TENSE": "PAST",
          "LEX": "WERE",
          "WNSENSE": "be%2:42:06::"
        },
        "start": 11,
        "end": 54
      },
      "V502138": {
        "id": "V502138",
        "indicator": "THE",
        "type": "QUANTITY-ABSTR",
        "word": null,
        "roles": {
          "FIGURE": "#V501953"
        },
        "start": 11,
        "end": 22
      },
      "V501953": {
        "id": "V501953",
        "indicator": "THE-SET",
        "type": "EXTERNAL-BODY-PART",
        "word": "BREAST",
        "roles": {
          "ASSOC-POSS": "#V501950",
          "LEX": "BREASTS",
          "WNSENSE": "breast%1:08:01::"
        },
        "start": 11,
        "end": 22
      },
      "V501950": {
        "id": "V501950",
        "indicator": "PRO",
        "type": "PERSON",
        "word": "MY",
        "roles": {
          "LEX": "MY",
          "PROFORM": "MY",
          "WNSENSE": "person%1:03:00"
        },
        "start": 11,
        "end": 22
      },
      "V502103": {
        "id": "V502103",
        "indicator": "THE",
        "type": "QUANTITY-ABSTR",
        "word": null,
        "roles": {
          "FIGURE": "#V501977"
        },
        "start": 27,
        "end": 33
      },
      "V501977": {
        "id": "V501977",
        "indicator": "PRO",
        "type": "EXPLETIVE",
        "word": null,
        "roles": {
          "PROFORM": "THERE",
          "LEX": "THERE"
        },
        "start": 27,
        "end": 33
      },
      "V501991": {
        "id": "V501991",
        "indicator": "F",
        "type": "PURPOSE",
        "word": "TO",
        "roles": {
          "GROUND": "#V502015",
          "FIGURE": "#V501961",
          "LEX": "TO"
        },
        "start": 33,
        "end": 54
      },
      "V502015": {
        "id": "V502015",
        "indicator": "F",
        "type": "CHANGE",
        "word": "CUSHION",
        "roles": {
          "AFFECTED": "#V502029",
          "VFORM": "BASE",
          "LEX": "CUSHION",
          "WNSENSE": "cushion%2:35:00::"
        },
        "start": 36,
        "end": 54
      },
      "V502029": {
        "id": "V502029",
        "indicator": "THE-SET",
        "type": "EXTERNAL-BODY-PART",
        "word": "HAND",
        "roles": {
          "ASSOC-POSS": "#V502022",
          "LEX": "HANDS",
          "WNSENSE": "hand%1:08:00::"
        },
        "start": 44,
        "end": 54
      },
      "V502022": {
        "id": "V502022",
        "indicator": "PRO",
        "type": "MALE-PERSON",
        "word": "HIS",
        "roles": {
          "LEX": "HIS",
          "PROFORM": "HIS",
          "WNSENSE": "man%1:18:00"
        },
        "start": 44,
        "end": 54
      },
      "root": "#V502834"
    },
    {
      "V502296": {
        "id": "V502296",
        "indicator": "SA-SEQ",
        "type": "SPEECH-ACT",
        "word": null,
        "roles": {
          "ACT": "#V502082",
          "ACT1": "#V502694",
          "LEX": "-"
        },
        "start": 0,
        "end": 11
      },
      "V502082": {
        "id": "V502082",
        "indicator": "SPEECHACT",
        "type": "SA_EVALUATE",
        "word": null,
        "roles": {
          "CONTENT": "#V501939",
          "LEX": "GOOD"
        },
        "start": 0,
        "end": 5
      },
      "V501939": {
        "id": "V501939",
        "indicator": "F",
        "type": "GOOD",
        "word": "GOOD",
        "roles": {
          "ORIENTATION": "MORE",
          "INTENSITY": "MED",
          "FIGURE": "#V502083",
          "SCALE": "GOODNESS-SCALE",
          "LEX": "GOOD",
          "WNSENSE": "good%5:00:00:nice:00"
        },
        "start": 0,
        "end": 5
      },
      "V502083": {
        "id": "V502083",
        "indicator": "IMPRO",
        "type": "ANY-SEM",
        "word": null,
        "roles": {},
        "start": 0,
        "end": 5
      },
      "V502694": {
        "id": "V502694",
        "indicator": "SPEECHACT",
        "type": "SA_IDENTIFY",
        "word": null,
        "roles": {
          "CONTENT": "#V502505",
          "LEX": "-"
        },
        "start": 5,
        "end": 11
      },
      "V502505": {
        "id": "V502505",
        "indicator": "THE",
        "type": "QUANTITY-ABSTR",
        "word": null,
        "roles": {
          "FIGURE": "#V501947"
        },
        "start": 5,
        "end": 11
      },
      "V501947": {
        "id": "V501947",
        "indicator": "BARE",
        "type": "REFERENTIAL-SEM",
        "word": "THING",
        "roles": {
          "LEX": "THING",
          "WNSENSE": "entity%1:03:00"
        },
        "start": 5,
        "end": 11
      },
      "root": "#V502296"
    },
    {
      "V502834": {
        "id": "V502834",
        "indicator": "SPEECHACT",
        "type": "SA_TELL",
        "word": null,
        "roles": {
          "PUNCTYPE": "DECL",
          "CONTENT": "#V501961",
          "LEX": "WERE"
        },
        "start": 11,
        "end": 55
      },
      "V501961": {
        "id": "V501961",
        "indicator": "F",
        "type": "BE",
        "word": "BE",
        "roles": {
          "NEUTRAL": "#V502138",
          "NEUTRAL1": "#V502103",
          "REASON": "#V501991",
          "TENSE": "PAST",
          "LEX": "WERE",
          "WNSENSE": "be%2:42:06::"
        },
        "start": 11,
        "end": 54
      },
      "V502138": {
        "id": "V502138",
        "indicator": "THE",
        "type": "QUANTITY-ABSTR",
        "word": null,
        "roles": {
          "FIGURE": "#V501953"
        },
        "start": 11,
        "end": 22
      },
      "V501953": {
        "id": "V501953",
        "indicator": "THE-SET",
        "type": "EXTERNAL-BODY-PART",
        "word": "BREAST",
        "roles": {
          "ASSOC-POSS": "#V501950",
          "LEX": "BREASTS",
          "WNSENSE": "breast%1:08:01::"
        },
        "start": 11,
        "end": 22
      },
      "V501950": {
        "id": "V501950",
        "indicator": "PRO",
        "type": "PERSON",
        "word": "MY",
        "roles": {
          "LEX": "MY",
          "PROFORM": "MY",
          "WNSENSE": "person%1:03:00"
        },
        "start": 11,
        "end": 22
      },
      "V502103": {
        "id": "V502103",
        "indicator": "THE",
        "type": "QUANTITY-ABSTR",
        "word": null,
        "roles": {
          "FIGURE": "#V501977"
        },
        "start": 27,
        "end": 33
      },
      "V501977": {
        "id": "V501977",
        "indicator": "PRO",
        "type": "EXPLETIVE",
        "word": null,
        "roles": {
          "PROFORM": "THERE",
          "LEX": "THERE"
        },
        "start": 27,
        "end": 33
      },
      "V501991": {
        "id": "V501991",
        "indicator": "F",
        "type": "PURPOSE",
        "word": "TO",
        "roles": {
          "GROUND": "#V502015",
          "FIGURE": "#V501961",
          "LEX": "TO"
        },
        "start": 33,
        "end": 54
      },
      "V502015": {
        "id": "V502015",
        "indicator": "F",
        "type": "CHANGE",
        "word": "CUSHION",
        "roles": {
          "AFFECTED": "#V502029",
          "VFORM": "BASE",
          "LEX": "CUSHION",
          "WNSENSE": "cushion%2:35:00::"
        },
        "start": 36,
        "end": 54
      },
      "V502029": {
        "id": "V502029",
        "indicator": "THE-SET",
        "type": "EXTERNAL-BODY-PART",
        "word": "HAND",
        "roles": {
          "ASSOC-POSS": "#V502022",
          "LEX": "HANDS",
          "WNSENSE": "hand%1:08:00::"
        },
        "start": 44,
        "end": 54
      },
      "V502022": {
        "id": "V502022",
        "indicator": "PRO",
        "type": "MALE-PERSON",
        "word": "HIS",
        "roles": {
          "LEX": "HIS",
          "PROFORM": "HIS",
          "WNSENSE": "man%1:18:00"
        },
        "start": 44,
        "end": 54
      },
      "root": "#V502834"
    },
    {
      "V502297": {
        "id": "V502297",
        "indicator": "SA-SEQ",
        "type": "SPEECH-ACT",
        "word": null,
        "roles": {
          "ACT": "#V502088",
          "ACT1": "#V502694",
          "LEX": "-"
        },
        "start": 0,
        "end": 11
      },
      "V502088": {
        "id": "V502088",
        "indicator": "SPEECHACT",
        "type": "SA_EVALUATE",
        "word": null,
        "roles": {
          "CONTENT": "#V501940",
          "LEX": "GOOD"
        },
        "start": 0,
        "end": 5
      },
      "V501940": {
        "id": "V501940",
        "indicator": "F",
        "type": "GOOD",
        "word": "GOOD",
        "roles": {
          "ORIENTATION": "MORE",
          "INTENSITY": "MED",
          "FIGURE": "#V502089",
          "SCALE": "GOODNESS-SCALE",
          "LEX": "GOOD",
          "WNSENSE": "good%5:00:00:nice:00"
        },
        "start": 0,
        "end": 5
      },
      "V502089": {
        "id": "V502089",
        "indicator": "IMPRO",
        "type": "ANY-SEM",
        "word": null,
        "roles": {},
        "start": 0,
        "end": 5
      },
      "V502694": {
        "id": "V502694",
        "indicator": "SPEECHACT",
        "type": "SA_IDENTIFY",
        "word": null,
        "roles": {
          "CONTENT": "#V502505",
          "LEX": "-"
        },
        "start": 5,
        "end": 11
      },
      "V502505": {
        "id": "V502505",
        "indicator": "THE",
        "type": "QUANTITY-ABSTR",
        "word": null,
        "roles": {
          "FIGURE": "#V501947"
        },
        "start": 5,
        "end": 11
      },
      "V501947": {
        "id": "V501947",
        "indicator": "BARE",
        "type": "REFERENTIAL-SEM",
        "word": "THING",
        "roles": {
          "LEX": "THING",
          "WNSENSE": "entity%1:03:00"
        },
        "start": 5,
        "end": 11
      },
      "root": "#V502297"
    },
    {
      "V502834": {
        "id": "V502834",
        "indicator": "SPEECHACT",
        "type": "SA_TELL",
        "word": null,
        "roles": {
          "PUNCTYPE": "DECL",
          "CONTENT": "#V501961",
          "LEX": "WERE"
        },
        "start": 11,
        "end": 55
      },
      "V501961": {
        "id": "V501961",
        "indicator": "F",
        "type": "BE",
        "word": "BE",
        "roles": {
          "NEUTRAL": "#V502138",
          "NEUTRAL1": "#V502103",
          "REASON": "#V501991",
          "TENSE": "PAST",
          "LEX": "WERE",
          "WNSENSE": "be%2:42:06::"
        },
        "start": 11,
        "end": 54
      },
      "V502138": {
        "id": "V502138",
        "indicator": "THE",
        "type": "QUANTITY-ABSTR",
        "word": null,
        "roles": {
          "FIGURE": "#V501953"
        },
        "start": 11,
        "end": 22
      },
      "V501953": {
        "id": "V501953",
        "indicator": "THE-SET",
        "type": "EXTERNAL-BODY-PART",
        "word": "BREAST",
        "roles": {
          "ASSOC-POSS": "#V501950",
          "LEX": "BREASTS",
          "WNSENSE": "breast%1:08:01::"
        },
        "start": 11,
        "end": 22
      },
      "V501950": {
        "id": "V501950",
        "indicator": "PRO",
        "type": "PERSON",
        "word": "MY",
        "roles": {
          "LEX": "MY",
          "PROFORM": "MY",
          "WNSENSE": "person%1:03:00"
        },
        "start": 11,
        "end": 22
      },
      "V502103": {
        "id": "V502103",
        "indicator": "THE",
        "type": "QUANTITY-ABSTR",
        "word": null,
        "roles": {
          "FIGURE": "#V501977"
        },
        "start": 27,
        "end": 33
      },
      "V501977": {
        "id": "V501977",
        "indicator": "PRO",
        "type": "EXPLETIVE",
        "word": null,
        "roles": {
          "PROFORM": "THERE",
          "LEX": "THERE"
        },
        "start": 27,
        "end": 33
      },
      "V501991": {
        "id": "V501991",
        "indicator": "F",
        "type": "PURPOSE",
        "word": "TO",
        "roles": {
          "GROUND": "#V502015",
          "FIGURE": "#V501961",
          "LEX": "TO"
        },
        "start": 33,
        "end": 54
      },
      "V502015": {
        "id": "V502015",
        "indicator": "F",
        "type": "CHANGE",
        "word": "CUSHION",
        "roles": {
          "AFFECTED": "#V502029",
          "VFORM": "BASE",
          "LEX": "CUSHION",
          "WNSENSE": "cushion%2:35:00::"
        },
        "start": 36,
        "end": 54
      },
      "V502029": {
        "id": "V502029",
        "indicator": "THE-SET",
        "type": "EXTERNAL-BODY-PART",
        "word": "HAND",
        "roles": {
          "ASSOC-POSS": "#V502022",
          "LEX": "HANDS",
          "WNSENSE": "hand%1:08:00::"
        },
        "start": 44,
        "end": 54
      },
      "V502022": {
        "id": "V502022",
        "indicator": "PRO",
        "type": "MALE-PERSON",
        "word": "HIS",
        "roles": {
          "LEX": "HIS",
          "PROFORM": "HIS",
          "WNSENSE": "man%1:18:00"
        },
        "start": 44,
        "end": 54
      },
      "root": "#V502834"
    },
    {
      "V502295": {
        "id": "V502295",
        "indicator": "SA-SEQ",
        "type": "SPEECH-ACT",
        "word": null,
        "roles": {
          "ACT": "#V502076",
          "ACT1": "#V502631",
          "LEX": "THING"
        },
        "start": 0,
        "end": 11
      },
      "V502076": {
        "id": "V502076",
        "indicator": "SPEECHACT",
        "type": "SA_EVALUATE",
        "word": null,
        "roles": {
          "CONTENT": "#V501938",
          "LEX": "GOOD"
        },
        "start": 0,
        "end": 5
      },
      "V501938": {
        "id": "V501938",
        "indicator": "F",
        "type": "GOOD",
        "word": "GOOD",
        "roles": {
          "ORIENTATION": "MORE",
          "INTENSITY": "MED",
          "FIGURE": "#V502077",
          "SCALE": "GOODNESS-SCALE",
          "LEX": "GOOD",
          "WNSENSE": "good%5:00:00:nice:00"
        },
        "start": 0,
        "end": 5
      },
      "V502077": {
        "id": "V502077",
        "indicator": "IMPRO",
        "type": "ANY-SEM",
        "word": null,
        "roles": {},
        "start": 0,
        "end": 5
      },
      "V502631": {
        "id": "V502631",
        "indicator": "SPEECHACT",
        "type": "SA_IDENTIFY",
        "word": null,
        "roles": {
          "CONTENT": "#V501947",
          "LEX": "THING"
        },
        "start": 5,
        "end": 11
      },
      "V501947": {
        "id": "V501947",
        "indicator": "BARE",
        "type": "REFERENTIAL-SEM",
        "word": "THING",
        "roles": {
          "LEX": "THING",
          "WNSENSE": "entity%1:03:00"
        },
        "start": 5,
        "end": 11
      },
      "root": "#V502295"
    },
    {
      "V502917": {
        "id": "V502917",
        "indicator": "SPEECHACT",
        "type": "SA_TELL",
        "word": null,
        "roles": {
          "PUNCTYPE": "DECL",
          "CONTENT": "#V501961",
          "LEX": "WERE"
        },
        "start": 11,
        "end": 55
      },
      "V501961": {
        "id": "V501961",
        "indicator": "F",
        "type": "BE",
        "word": "BE",
        "roles": {
          "NEUTRAL": "#V501953",
          "NEUTRAL1": "#V502230",
          "REASON": "#V501991",
          "TENSE": "PAST",
          "LEX": "WERE",
          "WNSENSE": "be%2:42:06::"
        },
        "start": 11,
        "end": 54
      },
      "V501953": {
        "id": "V501953",
        "indicator": "THE-SET",
        "type": "EXTERNAL-BODY-PART",
        "word": "BREAST",
        "roles": {
          "ASSOC-POSS": "#V501950",
          "LEX": "BREASTS",
          "WNSENSE": "breast%1:08:01::"
        },
        "start": 11,
        "end": 22
      },
      "V501950": {
        "id": "V501950",
        "indicator": "PRO",
        "type": "PERSON",
        "word": "MY",
        "roles": {
          "LEX": "MY",
          "PROFORM": "MY",
          "WNSENSE": "person%1:03:00"
        },
        "start": 11,
        "end": 22
      },
      "V502230": {
        "id": "V502230",
        "indicator": "THE",
        "type": "QUANTITY-ABSTR",
        "word": null,
        "roles": {
          "FIGURE": "#V501975"
        },
        "start": 27,
        "end": 33
      },
      "V501975": {
        "id": "V501975",
        "indicator": "PRO",
        "type": "LOCATION",
        "word": "THERE",
        "roles": {
          "PROFORM": "THERE",
          "LEX": "THERE",
          "WNSENSE": "there%1:15:00::"
        },
        "start": 27,
        "end": 33
      },
      "V501991": {
        "id": "V501991",
        "indicator": "F",
        "type": "PURPOSE",
        "word": "TO",
        "roles": {
          "GROUND": "#V502015",
          "FIGURE": "#V501961",
          "LEX": "TO"
        },
        "start": 33,
        "end": 54
      },
      "V502015": {
        "id": "V502015",
        "indicator": "F",
        "type": "CHANGE",
        "word": "CUSHION",
        "roles": {
          "AFFECTED": "#V502029",
          "VFORM": "BASE",
          "LEX": "CUSHION",
          "WNSENSE": "cushion%2:35:00::"
        },
        "start": 36,
        "end": 54
      },
      "V502029": {
        "id": "V502029",
        "indicator": "THE-SET",
        "type": "EXTERNAL-BODY-PART",
        "word": "HAND",
        "roles": {
          "ASSOC-POSS": "#V502022",
          "LEX": "HANDS",
          "WNSENSE": "hand%1:08:00::"
        },
        "start": 44,
        "end": 54
      },
      "V502022": {
        "id": "V502022",
        "indicator": "PRO",
        "type": "MALE-PERSON",
        "word": "HIS",
        "roles": {
          "LEX": "HIS",
          "PROFORM": "HIS",
          "WNSENSE": "man%1:18:00"
        },
        "start": 44,
        "end": 54
      },
      "root": "#V502917"
    },
    {
      "V502296": {
        "id": "V502296",
        "indicator": "SA-SEQ",
        "type": "SPEECH-ACT",
        "word": null,
        "roles": {
          "ACT": "#V502082",
          "ACT1": "#V502631",
          "LEX": "THING"
        },
        "start": 0,
        "end": 11
      },
      "V502082": {
        "id": "V502082",
        "indicator": "SPEECHACT",
        "type": "SA_EVALUATE",
        "word": null,
        "roles": {
          "CONTENT": "#V501939",
          "LEX": "GOOD"
        },
        "start": 0,
        "end": 5
      },
      "V501939": {
        "id": "V501939",
        "indicator": "F",
        "type": "GOOD",
        "word": "GOOD",
        "roles": {
          "ORIENTATION": "MORE",
          "INTENSITY": "MED",
          "FIGURE": "#V502083",
          "SCALE": "GOODNESS-SCALE",
          "LEX": "GOOD",
          "WNSENSE": "good%5:00:00:nice:00"
        },
        "start": 0,
        "end": 5
      },
      "V502083": {
        "id": "V502083",
        "indicator": "IMPRO",
        "type": "ANY-SEM",
        "word": null,
        "roles": {},
        "start": 0,
        "end": 5
      },
      "V502631": {
        "id": "V502631",
        "indicator": "SPEECHACT",
        "type": "SA_IDENTIFY",
        "word": null,
        "roles": {
          "CONTENT": "#V501947",
          "LEX": "THING"
        },
        "start": 5,
        "end": 11
      },
      "V501947": {
        "id": "V501947",
        "indicator": "BARE",
        "type": "REFERENTIAL-SEM",
        "word": "THING",
        "roles": {
          "LEX": "THING",
          "WNSENSE": "entity%1:03:00"
        },
        "start": 5,
        "end": 11
      },
      "root": "#V502296"
    },
    {
      "V502917": {
        "id": "V502917",
        "indicator": "SPEECHACT",
        "type": "SA_TELL",
        "word": null,
        "roles": {
          "PUNCTYPE": "DECL",
          "CONTENT": "#V501961",
          "LEX": "WERE"
        },
        "start": 11,
        "end": 55
      },
      "V501961": {
        "id": "V501961",
        "indicator": "F",
        "type": "BE",
        "word": "BE",
        "roles": {
          "NEUTRAL": "#V501953",
          "NEUTRAL1": "#V502230",
          "REASON": "#V501991",
          "TENSE": "PAST",
          "LEX": "WERE",
          "WNSENSE": "be%2:42:06::"
        },
        "start": 11,
        "end": 54
      },
      "V501953": {
        "id": "V501953",
        "indicator": "THE-SET",
        "type": "EXTERNAL-BODY-PART",
        "word": "BREAST",
        "roles": {
          "ASSOC-POSS": "#V501950",
          "LEX": "BREASTS",
          "WNSENSE": "breast%1:08:01::"
        },
        "start": 11,
        "end": 22
      },
      "V501950": {
        "id": "V501950",
        "indicator": "PRO",
        "type": "PERSON",
        "word": "MY",
        "roles": {
          "LEX": "MY",
          "PROFORM": "MY",
          "WNSENSE": "person%1:03:00"
        },
        "start": 11,
        "end": 22
      },
      "V502230": {
        "id": "V502230",
        "indicator": "THE",
        "type": "QUANTITY-ABSTR",
        "word": null,
        "roles": {
          "FIGURE": "#V501975"
        },
        "start": 27,
        "end": 33
      },
      "V501975": {
        "id": "V501975",
        "indicator": "PRO",
        "type": "LOCATION",
        "word": "THERE",
        "roles": {
          "PROFORM": "THERE",
          "LEX": "THERE",
          "WNSENSE": "there%1:15:00::"
        },
        "start": 27,
        "end": 33
      },
      "V501991": {
        "id": "V501991",
        "indicator": "F",
        "type": "PURPOSE",
        "word": "TO",
        "roles": {
          "GROUND": "#V502015",
          "FIGURE": "#V501961",
          "LEX": "TO"
        },
        "start": 33,
        "end": 54
      },
      "V502015": {
        "id": "V502015",
        "indicator": "F",
        "type": "CHANGE",
        "word": "CUSHION",
        "roles": {
          "AFFECTED": "#V502029",
          "VFORM": "BASE",
          "LEX": "CUSHION",
          "WNSENSE": "cushion%2:35:00::"
        },
        "start": 36,
        "end": 54
      },
      "V502029": {
        "id": "V502029",
        "indicator": "THE-SET",
        "type": "EXTERNAL-BODY-PART",
        "word": "HAND",
        "roles": {
          "ASSOC-POSS": "#V502022",
          "LEX": "HANDS",
          "WNSENSE": "hand%1:08:00::"
        },
        "start": 44,
        "end": 54
      },
      "V502022": {
        "id": "V502022",
        "indicator": "PRO",
        "type": "MALE-PERSON",
        "word": "HIS",
        "roles": {
          "LEX": "HIS",
          "PROFORM": "HIS",
          "WNSENSE": "man%1:18:00"
        },
        "start": 44,
        "end": 54
      },
      "root": "#V502917"
    },
    {
      "V502297": {
        "id": "V502297",
        "indicator": "SA-SEQ",
        "type": "SPEECH-ACT",
        "word": null,
        "roles": {
          "ACT": "#V502088",
          "ACT1": "#V502631",
          "LEX": "THING"
        },
        "start": 0,
        "end": 11
      },
      "V502088": {
        "id": "V502088",
        "indicator": "SPEECHACT",
        "type": "SA_EVALUATE",
        "word": null,
        "roles": {
          "CONTENT": "#V501940",
          "LEX": "GOOD"
        },
        "start": 0,
        "end": 5
      },
      "V501940": {
        "id": "V501940",
        "indicator": "F",
        "type": "GOOD",
        "word": "GOOD",
        "roles": {
          "ORIENTATION": "MORE",
          "INTENSITY": "MED",
          "FIGURE": "#V502089",
          "SCALE": "GOODNESS-SCALE",
          "LEX": "GOOD",
          "WNSENSE": "good%5:00:00:nice:00"
        },
        "start": 0,
        "end": 5
      },
      "V502089": {
        "id": "V502089",
        "indicator": "IMPRO",
        "type": "ANY-SEM",
        "word": null,
        "roles": {},
        "start": 0,
        "end": 5
      },
      "V502631": {
        "id": "V502631",
        "indicator": "SPEECHACT",
        "type": "SA_IDENTIFY",
        "word": null,
        "roles": {
          "CONTENT": "#V501947",
          "LEX": "THING"
        },
        "start": 5,
        "end": 11
      },
      "V501947": {
        "id": "V501947",
        "indicator": "BARE",
        "type": "REFERENTIAL-SEM",
        "word": "THING",
        "roles": {
          "LEX": "THING",
          "WNSENSE": "entity%1:03:00"
        },
        "start": 5,
        "end": 11
      },
      "root": "#V502297"
    },
    {
      "V502917": {
        "id": "V502917",
        "indicator": "SPEECHACT",
        "type": "SA_TELL",
        "word": null,
        "roles": {
          "PUNCTYPE": "DECL",
          "CONTENT": "#V501961",
          "LEX": "WERE"
        },
        "start": 11,
        "end": 55
      },
      "V501961": {
        "id": "V501961",
        "indicator": "F",
        "type": "BE",
        "word": "BE",
        "roles": {
          "NEUTRAL": "#V501953",
          "NEUTRAL1": "#V502230",
          "REASON": "#V501991",
          "TENSE": "PAST",
          "LEX": "WERE",
          "WNSENSE": "be%2:42:06::"
        },
        "start": 11,
        "end": 54
      },
      "V501953": {
        "id": "V501953",
        "indicator": "THE-SET",
        "type": "EXTERNAL-BODY-PART",
        "word": "BREAST",
        "roles": {
          "ASSOC-POSS": "#V501950",
          "LEX": "BREASTS",
          "WNSENSE": "breast%1:08:01::"
        },
        "start": 11,
        "end": 22
      },
      "V501950": {
        "id": "V501950",
        "indicator": "PRO",
        "type": "PERSON",
        "word": "MY",
        "roles": {
          "LEX": "MY",
          "PROFORM": "MY",
          "WNSENSE": "person%1:03:00"
        },
        "start": 11,
        "end": 22
      },
      "V502230": {
        "id": "V502230",
        "indicator": "THE",
        "type": "QUANTITY-ABSTR",
        "word": null,
        "roles": {
          "FIGURE": "#V501975"
        },
        "start": 27,
        "end": 33
      },
      "V501975": {
        "id": "V501975",
        "indicator": "PRO",
        "type": "LOCATION",
        "word": "THERE",
        "roles": {
          "PROFORM": "THERE",
          "LEX": "THERE",
          "WNSENSE": "there%1:15:00::"
        },
        "start": 27,
        "end": 33
      },
      "V501991": {
        "id": "V501991",
        "indicator": "F",
        "type": "PURPOSE",
        "word": "TO",
        "roles": {
          "GROUND": "#V502015",
          "FIGURE": "#V501961",
          "LEX": "TO"
        },
        "start": 33,
        "end": 54
      },
      "V502015": {
        "id": "V502015",
        "indicator": "F",
        "type": "CHANGE",
        "word": "CUSHION",
        "roles": {
          "AFFECTED": "#V502029",
          "VFORM": "BASE",
          "LEX": "CUSHION",
          "WNSENSE": "cushion%2:35:00::"
        },
        "start": 36,
        "end": 54
      },
      "V502029": {
        "id": "V502029",
        "indicator": "THE-SET",
        "type": "EXTERNAL-BODY-PART",
        "word": "HAND",
        "roles": {
          "ASSOC-POSS": "#V502022",
          "LEX": "HANDS",
          "WNSENSE": "hand%1:08:00::"
        },
        "start": 44,
        "end": 54
      },
      "V502022": {
        "id": "V502022",
        "indicator": "PRO",
        "type": "MALE-PERSON",
        "word": "HIS",
        "roles": {
          "LEX": "HIS",
          "PROFORM": "HIS",
          "WNSENSE": "man%1:18:00"
        },
        "start": 44,
        "end": 54
      },
      "root": "#V502917"
    },
    {
      "V502295": {
        "id": "V502295",
        "indicator": "SA-SEQ",
        "type": "SPEECH-ACT",
        "word": null,
        "roles": {
          "ACT": "#V502076",
          "ACT1": "#V502631",
          "LEX": "THING"
        },
        "start": 0,
        "end": 11
      },
      "V502076": {
        "id": "V502076",
        "indicator": "SPEECHACT",
        "type": "SA_EVALUATE",
        "word": null,
        "roles": {
          "CONTENT": "#V501938",
          "LEX": "GOOD"
        },
        "start": 0,
        "end": 5
      },
      "V501938": {
        "id": "V501938",
        "indicator": "F",
        "type": "GOOD",
        "word": "GOOD",
        "roles": {
          "ORIENTATION": "MORE",
          "INTENSITY": "MED",
          "FIGURE": "#V502077",
          "SCALE": "GOODNESS-SCALE",
          "LEX": "GOOD",
          "WNSENSE": "good%5:00:00:nice:00"
        },
        "start": 0,
        "end": 5
      },
      "V502077": {
        "id": "V502077",
        "indicator": "IMPRO",
        "type": "ANY-SEM",
        "word": null,
        "roles": {},
        "start": 0,
        "end": 5
      },
      "V502631": {
        "id": "V502631",
        "indicator": "SPEECHACT",
        "type": "SA_IDENTIFY",
        "word": null,
        "roles": {
          "CONTENT": "#V501947",
          "LEX": "THING"
        },
        "start": 5,
        "end": 11
      },
      "V501947": {
        "id": "V501947",
        "indicator": "BARE",
        "type": "REFERENTIAL-SEM",
        "word": "THING",
        "roles": {
          "LEX": "THING",
          "WNSENSE": "entity%1:03:00"
        },
        "start": 5,
        "end": 11
      },
      "root": "#V502295"
    },
    {
      "V502960": {
        "id": "V502960",
        "indicator": "SPEECHACT",
        "type": "SA_TELL",
        "word": null,
        "roles": {
          "PUNCTYPE": "DECL",
          "CONTENT": "#V501961",
          "LEX": "WERE"
        },
        "start": 11,
        "end": 55
      },
      "V501961": {
        "id": "V501961",
        "indicator": "F",
        "type": "BE",
        "word": "BE",
        "roles": {
          "NEUTRAL": "#V501953",
          "NEUTRAL1": "#V501975",
          "REASON": "#V501991",
          "TENSE": "PAST",
          "LEX": "WERE",
          "WNSENSE": "be%2:42:06::"
        },
        "start": 11,
        "end": 54
      },
      "V501953": {
        "id": "V501953",
        "indicator": "THE-SET",
        "type": "EXTERNAL-BODY-PART",
        "word": "BREAST",
        "roles": {
          "ASSOC-POSS": "#V501950",
          "LEX": "BREASTS",
          "WNSENSE": "breast%1:08:01::"
        },
        "start": 11,
        "end": 22
      },
      "V501950": {
        "id": "V501950",
        "indicator": "PRO",
        "type": "PERSON",
        "word": "MY",
        "roles": {
          "LEX": "MY",
          "PROFORM": "MY",
          "WNSENSE": "person%1:03:00"
        },
        "start": 11,
        "end": 22
      },
      "V501975": {
        "id": "V501975",
        "indicator": "PRO",
        "type": "LOCATION",
        "word": "THERE",
        "roles": {
          "PROFORM": "THERE",
          "LEX": "THERE",
          "WNSENSE": "there%1:15:00::"
        },
        "start": 27,
        "end": 33
      },
      "V501991": {
        "id": "V501991",
        "indicator": "F",
        "type": "PURPOSE",
        "word": "TO",
        "roles": {
          "GROUND": "#V502015",
          "FIGURE": "#V501961",
          "LEX": "TO"
        },
        "start": 33,
        "end": 54
      },
      "V502015": {
        "id": "V502015",
        "indicator": "F",
        "type": "CHANGE",
        "word": "CUSHION",
        "roles": {
          "AFFECTED": "#V502029",
          "VFORM": "BASE",
          "LEX": "CUSHION",
          "WNSENSE": "cushion%2:35:00::"
        },
        "start": 36,
        "end": 54
      },
      "V502029": {
        "id": "V502029",
        "indicator": "THE-SET",
        "type": "EXTERNAL-BODY-PART",
        "word": "HAND",
        "roles": {
          "ASSOC-POSS": "#V502022",
          "LEX": "HANDS",
          "WNSENSE": "hand%1:08:00::"
        },
        "start": 44,
        "end": 54
      },
      "V502022": {
        "id": "V502022",
        "indicator": "PRO",
        "type": "MALE-PERSON",
        "word": "HIS",
        "roles": {
          "LEX": "HIS",
          "PROFORM": "HIS",
          "WNSENSE": "man%1:18:00"
        },
        "start": 44,
        "end": 54
      },
      "root": "#V502960"
    },
    {
      "V502296": {
        "id": "V502296",
        "indicator": "SA-SEQ",
        "type": "SPEECH-ACT",
        "word": null,
        "roles": {
          "ACT": "#V502082",
          "ACT1": "#V502631",
          "LEX": "THING"
        },
        "start": 0,
        "end": 11
      },
      "V502082": {
        "id": "V502082",
        "indicator": "SPEECHACT",
        "type": "SA_EVALUATE",
        "word": null,
        "roles": {
          "CONTENT": "#V501939",
          "LEX": "GOOD"
        },
        "start": 0,
        "end": 5
      },
      "V501939": {
        "id": "V501939",
        "indicator": "F",
        "type": "GOOD",
        "word": "GOOD",
        "roles": {
          "ORIENTATION": "MORE",
          "INTENSITY": "MED",
          "FIGURE": "#V502083",
          "SCALE": "GOODNESS-SCALE",
          "LEX": "GOOD",
          "WNSENSE": "good%5:00:00:nice:00"
        },
        "start": 0,
        "end": 5
      },
      "V502083": {
        "id": "V502083",
        "indicator": "IMPRO",
        "type": "ANY-SEM",
        "word": null,
        "roles": {},
        "start": 0,
        "end": 5
      },
      "V502631": {
        "id": "V502631",
        "indicator": "SPEECHACT",
        "type": "SA_IDENTIFY",
        "word": null,
        "roles": {
          "CONTENT": "#V501947",
          "LEX": "THING"
        },
        "start": 5,
        "end": 11
      },
      "V501947": {
        "id": "V501947",
        "indicator": "BARE",
        "type": "REFERENTIAL-SEM",
        "word": "THING",
        "roles": {
          "LEX": "THING",
          "WNSENSE": "entity%1:03:00"
        },
        "start": 5,
        "end": 11
      },
      "root": "#V502296"
    },
    {
      "V502960": {
        "id": "V502960",
        "indicator": "SPEECHACT",
        "type": "SA_TELL",
        "word": null,
        "roles": {
          "PUNCTYPE": "DECL",
          "CONTENT": "#V501961",
          "LEX": "WERE"
        },
        "start": 11,
        "end": 55
      },
      "V501961": {
        "id": "V501961",
        "indicator": "F",
        "type": "BE",
        "word": "BE",
        "roles": {
          "NEUTRAL": "#V501953",
          "NEUTRAL1": "#V501975",
          "REASON": "#V501991",
          "TENSE": "PAST",
          "LEX": "WERE",
          "WNSENSE": "be%2:42:06::"
        },
        "start": 11,
        "end": 54
      },
      "V501953": {
        "id": "V501953",
        "indicator": "THE-SET",
        "type": "EXTERNAL-BODY-PART",
        "word": "BREAST",
        "roles": {
          "ASSOC-POSS": "#V501950",
          "LEX": "BREASTS",
          "WNSENSE": "breast%1:08:01::"
        },
        "start": 11,
        "end": 22
      },
      "V501950": {
        "id": "V501950",
        "indicator": "PRO",
        "type": "PERSON",
        "word": "MY",
        "roles": {
          "LEX": "MY",
          "PROFORM": "MY",
          "WNSENSE": "person%1:03:00"
        },
        "start": 11,
        "end": 22
      },
      "V501975": {
        "id": "V501975",
        "indicator": "PRO",
        "type": "LOCATION",
        "word": "THERE",
        "roles": {
          "PROFORM": "THERE",
          "LEX": "THERE",
          "WNSENSE": "there%1:15:00::"
        },
        "start": 27,
        "end": 33
      },
      "V501991": {
        "id": "V501991",
        "indicator": "F",
        "type": "PURPOSE",
        "word": "TO",
        "roles": {
          "GROUND": "#V502015",
          "FIGURE": "#V501961",
          "LEX": "TO"
        },
        "start": 33,
        "end": 54
      },
      "V502015": {
        "id": "V502015",
        "indicator": "F",
        "type": "CHANGE",
        "word": "CUSHION",
        "roles": {
          "AFFECTED": "#V502029",
          "VFORM": "BASE",
          "LEX": "CUSHION",
          "WNSENSE": "cushion%2:35:00::"
        },
        "start": 36,
        "end": 54
      },
      "V502029": {
        "id": "V502029",
        "indicator": "THE-SET",
        "type": "EXTERNAL-BODY-PART",
        "word": "HAND",
        "roles": {
          "ASSOC-POSS": "#V502022",
          "LEX": "HANDS",
          "WNSENSE": "hand%1:08:00::"
        },
        "start": 44,
        "end": 54
      },
      "V502022": {
        "id": "V502022",
        "indicator": "PRO",
        "type": "MALE-PERSON",
        "word": "HIS",
        "roles": {
          "LEX": "HIS",
          "PROFORM": "HIS",
          "WNSENSE": "man%1:18:00"
        },
        "start": 44,
        "end": 54
      },
      "root": "#V502960"
    },
    {
      "V502297": {
        "id": "V502297",
        "indicator": "SA-SEQ",
        "type": "SPEECH-ACT",
        "word": null,
        "roles": {
          "ACT": "#V502088",
          "ACT1": "#V502631",
          "LEX": "THING"
        },
        "start": 0,
        "end": 11
      },
      "V502088": {
        "id": "V502088",
        "indicator": "SPEECHACT",
        "type": "SA_EVALUATE",
        "word": null,
        "roles": {
          "CONTENT": "#V501940",
          "LEX": "GOOD"
        },
        "start": 0,
        "end": 5
      },
      "V501940": {
        "id": "V501940",
        "indicator": "F",
        "type": "GOOD",
        "word": "GOOD",
        "roles": {
          "ORIENTATION": "MORE",
          "INTENSITY": "MED",
          "FIGURE": "#V502089",
          "SCALE": "GOODNESS-SCALE",
          "LEX": "GOOD",
          "WNSENSE": "good%5:00:00:nice:00"
        },
        "start": 0,
        "end": 5
      },
      "V502089": {
        "id": "V502089",
        "indicator": "IMPRO",
        "type": "ANY-SEM",
        "word": null,
        "roles": {},
        "start": 0,
        "end": 5
      },
      "V502631": {
        "id": "V502631",
        "indicator": "SPEECHACT",
        "type": "SA_IDENTIFY",
        "word": null,
        "roles": {
          "CONTENT": "#V501947",
          "LEX": "THING"
        },
        "start": 5,
        "end": 11
      },
      "V501947": {
        "id": "V501947",
        "indicator": "BARE",
        "type": "REFERENTIAL-SEM",
        "word": "THING",
        "roles": {
          "LEX": "THING",
          "WNSENSE": "entity%1:03:00"
        },
        "start": 5,
        "end": 11
      },
      "root": "#V502297"
    },
    {
      "V502960": {
        "id": "V502960",
        "indicator": "SPEECHACT",
        "type": "SA_TELL",
        "word": null,
        "roles": {
          "PUNCTYPE": "DECL",
          "CONTENT": "#V501961",
          "LEX": "WERE"
        },
        "start": 11,
        "end": 55
      },
      "V501961": {
        "id": "V501961",
        "indicator": "F",
        "type": "BE",
        "word": "BE",
        "roles": {
          "NEUTRAL": "#V501953",
          "NEUTRAL1": "#V501975",
          "REASON": "#V501991",
          "TENSE": "PAST",
          "LEX": "WERE",
          "WNSENSE": "be%2:42:06::"
        },
        "start": 11,
        "end": 54
      },
      "V501953": {
        "id": "V501953",
        "indicator": "THE-SET",
        "type": "EXTERNAL-BODY-PART",
        "word": "BREAST",
        "roles": {
          "ASSOC-POSS": "#V501950",
          "LEX": "BREASTS",
          "WNSENSE": "breast%1:08:01::"
        },
        "start": 11,
        "end": 22
      },
      "V501950": {
        "id": "V501950",
        "indicator": "PRO",
        "type": "PERSON",
        "word": "MY",
        "roles": {
          "LEX": "MY",
          "PROFORM": "MY",
          "WNSENSE": "person%1:03:00"
        },
        "start": 11,
        "end": 22
      },
      "V501975": {
        "id": "V501975",
        "indicator": "PRO",
        "type": "LOCATION",
        "word": "THERE",
        "roles": {
          "PROFORM": "THERE",
          "LEX": "THERE",
          "WNSENSE": "there%1:15:00::"
        },
        "start": 27,
        "end": 33
      },
      "V501991": {
        "id": "V501991",
        "indicator": "F",
        "type": "PURPOSE",
        "word": "TO",
        "roles": {
          "GROUND": "#V502015",
          "FIGURE": "#V501961",
          "LEX": "TO"
        },
        "start": 33,
        "end": 54
      },
      "V502015": {
        "id": "V502015",
        "indicator": "F",
        "type": "CHANGE",
        "word": "CUSHION",
        "roles": {
          "AFFECTED": "#V502029",
          "VFORM": "BASE",
          "LEX": "CUSHION",
          "WNSENSE": "cushion%2:35:00::"
        },
        "start": 36,
        "end": 54
      },
      "V502029": {
        "id": "V502029",
        "indicator": "THE-SET",
        "type": "EXTERNAL-BODY-PART",
        "word": "HAND",
        "roles": {
          "ASSOC-POSS": "#V502022",
          "LEX": "HANDS",
          "WNSENSE": "hand%1:08:00::"
        },
        "start": 44,
        "end": 54
      },
      "V502022": {
        "id": "V502022",
        "indicator": "PRO",
        "type": "MALE-PERSON",
        "word": "HIS",
        "roles": {
          "LEX": "HIS",
          "PROFORM": "HIS",
          "WNSENSE": "man%1:18:00"
        },
        "start": 44,
        "end": 54
      },
      "root": "#V502960"
    },
    {
      "V502295": {
        "id": "V502295",
        "indicator": "SA-SEQ",
        "type": "SPEECH-ACT",
        "word": null,
        "roles": {
          "ACT": "#V502076",
          "ACT1": "#V502631",
          "LEX": "THING"
        },
        "start": 0,
        "end": 11
      },
      "V502076": {
        "id": "V502076",
        "indicator": "SPEECHACT",
        "type": "SA_EVALUATE",
        "word": null,
        "roles": {
          "CONTENT": "#V501938",
          "LEX": "GOOD"
        },
        "start": 0,
        "end": 5
      },
      "V501938": {
        "id": "V501938",
        "indicator": "F",
        "type": "GOOD",
        "word": "GOOD",
        "roles": {
          "ORIENTATION": "MORE",
          "INTENSITY": "MED",
          "FIGURE": "#V502077",
          "SCALE": "GOODNESS-SCALE",
          "LEX": "GOOD",
          "WNSENSE": "good%5:00:00:nice:00"
        },
        "start": 0,
        "end": 5
      },
      "V502077": {
        "id": "V502077",
        "indicator": "IMPRO",
        "type": "ANY-SEM",
        "word": null,
        "roles": {},
        "start": 0,
        "end": 5
      },
      "V502631": {
        "id": "V502631",
        "indicator": "SPEECHACT",
        "type": "SA_IDENTIFY",
        "word": null,
        "roles": {
          "CONTENT": "#V501947",
          "LEX": "THING"
        },
        "start": 5,
        "end": 11
      },
      "V501947": {
        "id": "V501947",
        "indicator": "BARE",
        "type": "REFERENTIAL-SEM",
        "word": "THING",
        "roles": {
          "LEX": "THING",
          "WNSENSE": "entity%1:03:00"
        },
        "start": 5,
        "end": 11
      },
      "root": "#V502295"
    },
    {
      "V502920": {
        "id": "V502920",
        "indicator": "SPEECHACT",
        "type": "SA_TELL",
        "word": null,
        "roles": {
          "PUNCTYPE": "DECL",
          "CONTENT": "#V501961",
          "LEX": "WERE"
        },
        "start": 11,
        "end": 55
      },
      "V501961": {
        "id": "V501961",
        "indicator": "F",
        "type": "BE",
        "word": "BE",
        "roles": {
          "NEUTRAL": "#V502138",
          "NEUTRAL1": "#V502230",
          "REASON": "#V501991",
          "TENSE": "PAST",
          "LEX": "WERE",
          "WNSENSE": "be%2:42:06::"
        },
        "start": 11,
        "end": 54
      },
      "V502138": {
        "id": "V502138",
        "indicator": "THE",
        "type": "QUANTITY-ABSTR",
        "word": null,
        "roles": {
          "FIGURE": "#V501953"
        },
        "start": 11,
        "end": 22
      },
      "V501953": {
        "id": "V501953",
        "indicator": "THE-SET",
        "type": "EXTERNAL-BODY-PART",
        "word": "BREAST",
        "roles": {
          "ASSOC-POSS": "#V501950",
          "LEX": "BREASTS",
          "WNSENSE": "breast%1:08:01::"
        },
        "start": 11,
        "end": 22
      },
      "V501950": {
        "id": "V501950",
        "indicator": "PRO",
        "type": "PERSON",
        "word": "MY",
        "roles": {
          "LEX": "MY",
          "PROFORM": "MY",
          "WNSENSE": "person%1:03:00"
        },
        "start": 11,
        "end": 22
      },
      "V502230": {
        "id": "V502230",
        "indicator": "THE",
        "type": "QUANTITY-ABSTR",
        "word": null,
        "roles": {
          "FIGURE": "#V501975"
        },
        "start": 27,
        "end": 33
      },
      "V501975": {
        "id": "V501975",
        "indicator": "PRO",
        "type": "LOCATION",
        "word": "THERE",
        "roles": {
          "PROFORM": "THERE",
          "LEX": "THERE",
          "WNSENSE": "there%1:15:00::"
        },
        "start": 27,
        "end": 33
      },
      "V501991": {
        "id": "V501991",
        "indicator": "F",
        "type": "PURPOSE",
        "word": "TO",
        "roles": {
          "GROUND": "#V502015",
          "FIGURE": "#V501961",
          "LEX": "TO"
        },
        "start": 33,
        "end": 54
      },
      "V502015": {
        "id": "V502015",
        "indicator": "F",
        "type": "CHANGE",
        "word": "CUSHION",
        "roles": {
          "AFFECTED": "#V502029",
          "VFORM": "BASE",
          "LEX": "CUSHION",
          "WNSENSE": "cushion%2:35:00::"
        },
        "start": 36,
        "end": 54
      },
      "V502029": {
        "id": "V502029",
        "indicator": "THE-SET",
        "type": "EXTERNAL-BODY-PART",
        "word": "HAND",
        "roles": {
          "ASSOC-POSS": "#V502022",
          "LEX": "HANDS",
          "WNSENSE": "hand%1:08:00::"
        },
        "start": 44,
        "end": 54
      },
      "V502022": {
        "id": "V502022",
        "indicator": "PRO",
        "type": "MALE-PERSON",
        "word": "HIS",
        "roles": {
          "LEX": "HIS",
          "PROFORM": "HIS",
          "WNSENSE": "man%1:18:00"
        },
        "start": 44,
        "end": 54
      },
      "root": "#V502920"
    },
    {
      "V502296": {
        "id": "V502296",
        "indicator": "SA-SEQ",
        "type": "SPEECH-ACT",
        "word": null,
        "roles": {
          "ACT": "#V502082",
          "ACT1": "#V502631",
          "LEX": "THING"
        },
        "start": 0,
        "end": 11
      },
      "V502082": {
        "id": "V502082",
        "indicator": "SPEECHACT",
        "type": "SA_EVALUATE",
        "word": null,
        "roles": {
          "CONTENT": "#V501939",
          "LEX": "GOOD"
        },
        "start": 0,
        "end": 5
      },
      "V501939": {
        "id": "V501939",
        "indicator": "F",
        "type": "GOOD",
        "word": "GOOD",
        "roles": {
          "ORIENTATION": "MORE",
          "INTENSITY": "MED",
          "FIGURE": "#V502083",
          "SCALE": "GOODNESS-SCALE",
          "LEX": "GOOD",
          "WNSENSE": "good%5:00:00:nice:00"
        },
        "start": 0,
        "end": 5
      },
      "V502083": {
        "id": "V502083",
        "indicator": "IMPRO",
        "type": "ANY-SEM",
        "word": null,
        "roles": {},
        "start": 0,
        "end": 5
      },
      "V502631": {
        "id": "V502631",
        "indicator": "SPEECHACT",
        "type": "SA_IDENTIFY",
        "word": null,
        "roles": {
          "CONTENT": "#V501947",
          "LEX": "THING"
        },
        "start": 5,
        "end": 11
      },
      "V501947": {
        "id": "V501947",
        "indicator": "BARE",
        "type": "REFERENTIAL-SEM",
        "word": "THING",
        "roles": {
          "LEX": "THING",
          "WNSENSE": "entity%1:03:00"
        },
        "start": 5,
        "end": 11
      },
      "root": "#V502296"
    },
    {
      "V502920": {
        "id": "V502920",
        "indicator": "SPEECHACT",
        "type": "SA_TELL",
        "word": null,
        "roles": {
          "PUNCTYPE": "DECL",
          "CONTENT": "#V501961",
          "LEX": "WERE"
        },
        "start": 11,
        "end": 55
      },
      "V501961": {
        "id": "V501961",
        "indicator": "F",
        "type": "BE",
        "word": "BE",
        "roles": {
          "NEUTRAL": "#V502138",
          "NEUTRAL1": "#V502230",
          "REASON": "#V501991",
          "TENSE": "PAST",
          "LEX": "WERE",
          "WNSENSE": "be%2:42:06::"
        },
        "start": 11,
        "end": 54
      },
      "V502138": {
        "id": "V502138",
        "indicator": "THE",
        "type": "QUANTITY-ABSTR",
        "word": null,
        "roles": {
          "FIGURE": "#V501953"
        },
        "start": 11,
        "end": 22
      },
      "V501953": {
        "id": "V501953",
        "indicator": "THE-SET",
        "type": "EXTERNAL-BODY-PART",
        "word": "BREAST",
        "roles": {
          "ASSOC-POSS": "#V501950",
          "LEX": "BREASTS",
          "WNSENSE": "breast%1:08:01::"
        },
        "start": 11,
        "end": 22
      },
      "V501950": {
        "id": "V501950",
        "indicator": "PRO",
        "type": "PERSON",
        "word": "MY",
        "roles": {
          "LEX": "MY",
          "PROFORM": "MY",
          "WNSENSE": "person%1:03:00"
        },
        "start": 11,
        "end": 22
      },
      "V502230": {
        "id": "V502230",
        "indicator": "THE",
        "type": "QUANTITY-ABSTR",
        "word": null,
        "roles": {
          "FIGURE": "#V501975"
        },
        "start": 27,
        "end": 33
      },
      "V501975": {
        "id": "V501975",
        "indicator": "PRO",
        "type": "LOCATION",
        "word": "THERE",
        "roles": {
          "PROFORM": "THERE",
          "LEX": "THERE",
          "WNSENSE": "there%1:15:00::"
        },
        "start": 27,
        "end": 33
      },
      "V501991": {
        "id": "V501991",
        "indicator": "F",
        "type": "PURPOSE",
        "word": "TO",
        "roles": {
          "GROUND": "#V502015",
          "FIGURE": "#V501961",
          "LEX": "TO"
        },
        "start": 33,
        "end": 54
      },
      "V502015": {
        "id": "V502015",
        "indicator": "F",
        "type": "CHANGE",
        "word": "CUSHION",
        "roles": {
          "AFFECTED": "#V502029",
          "VFORM": "BASE",
          "LEX": "CUSHION",
          "WNSENSE": "cushion%2:35:00::"
        },
        "start": 36,
        "end": 54
      },
      "V502029": {
        "id": "V502029",
        "indicator": "THE-SET",
        "type": "EXTERNAL-BODY-PART",
        "word": "HAND",
        "roles": {
          "ASSOC-POSS": "#V502022",
          "LEX": "HANDS",
          "WNSENSE": "hand%1:08:00::"
        },
        "start": 44,
        "end": 54
      },
      "V502022": {
        "id": "V502022",
        "indicator": "PRO",
        "type": "MALE-PERSON",
        "word": "HIS",
        "roles": {
          "LEX": "HIS",
          "PROFORM": "HIS",
          "WNSENSE": "man%1:18:00"
        },
        "start": 44,
        "end": 54
      },
      "root": "#V502920"
    }
  ],
  "inputtags": [],
  "debug": [
    "*last-utt-id*=NIL  utt-id+73",
    "*last-utt-id*=73  utt-id+73",
    "*last-utt-id*=73  utt-id+73",
    "*last-utt-id*=73  utt-id+NIL"
  ]
}
