{
  "parse": [
    {
      "V1268723": {
        "id": "V1268723",
        "indicator": "SPEECHACT",
        "type": "SA_TELL",
        "word": null,
        "roles": {
          "CONTENT": "#V1265575",
          "LEX": "WAS"
        },
        "start": 0,
        "end": 20
      },
      "V1265575": {
        "id": "V1265575",
        "indicator": "F",
        "type": "HAVE-PROPERTY",
        "word": "BE",
        "roles": {
          "NEUTRAL": "#V1265559",
          "FORMAL": "#V1268714",
          "TENSE": "PAST",
          "LEX": "WAS",
          "WNSENSE": "be%2:42:03::"
        },
        "start": 0,
        "end": 20
      },
      "V1265559": {
        "id": "V1265559",
        "indicator": "PRO",
        "type": "PERSON",
        "word": "I",
        "roles": {
          "PROFORM": "I",
          "LEX": "I",
          "WNSENSE": "person%1:03:00",
          "COREF": "USER"
        },
        "start": 0,
        "end": 2
      },
      "V1268714": {
        "id": "V1268714",
        "indicator": "F",
        "type": "MEMBERSHIP",
        "word": null,
        "roles": {
          "FIGURE": "#V1265559",
          "GROUND": "#V1265630",
          "LEX": "WDNT"
        },
        "start": 6,
        "end": 20
      },
      "V1265630": {
        "id": "V1265630",
        "indicator": "THE-SET",
        "type": "REFERENTIAL-SEM",
        "word": "WDNT",
        "roles": {
          "ASSOC-WITH": "#V1265615",
          "MOD": "#V1265816"
        },
        "start": 6,
        "end": 20
      },
      "V1265816": {
        "id": "V1265816",
        "indicator": "F",
        "type": "STATE-RESULTING-FROM",
        "word": null,
        "roles": {
          "FIGURE": "#V1265630",
          "GROUND": "#V1265590",
          "LEX": "SCARED"
        },
        "start": 6,
        "end": 13
      },
      "V1265590": {
        "id": "V1265590",
        "indicator": "F",
        "type": "EVOKE-FEAR",
        "word": "SCARE",
        "roles": {
          "AFFECTED": "#V1265630",
          "WNSENSE": "scare%2:37:00::"
        },
        "start": 6,
        "end": 13
      },
      "V1265615": {
        "id": "V1265615",
        "indicator": "THE",
        "type": "LETTER-SYMBOL",
        "word": null,
        "roles": {
          "NAME-OF": "I",
          "LEX": "I",
          "WNSENSE": "i%1:10:00::"
        },
        "start": 13,
        "end": 15
      },
      "root": "#V1268723"
    },
    {
      "V1267864": {
        "id": "V1267864",
        "indicator": "SPEECHACT",
        "type": "SA_REQUEST",
        "word": null,
        "roles": {
          "CONTENT": "#V1265636",
          "LEX": "MAKE"
        },
        "start": 20,
        "end": 36
      },
      "V1265636": {
        "id": "V1265636",
        "indicator": "F",
        "type": "EARNING",
        "word": "MAKE",
        "roles": {
          "RESULT": "#V1265723",
          "MANNER": "#V1265710",
          "AGENT": "#V1267860",
          "NEUTRAL": "#V1265649",
          "TENSE": "PRES",
          "VFORM": "BASE",
          "LEX": "MAKE",
          "WNSENSE": "make%2:40:01::"
        },
        "start": 20,
        "end": 36
      },
      "V1267860": {
        "id": "V1267860",
        "indicator": "IMPRO",
        "type": "PERSON",
        "word": null,
        "roles": {
          "PROFORM": "*YOU*",
          "COREF": "SYS"
        },
        "start": 20,
        "end": 36
      },
      "V1265649": {
        "id": "V1265649",
        "indicator": "PRO",
        "type": "REFERENTIAL-SEM",
        "word": "IT",
        "roles": {
          "PROFORM": "IT",
          "LEX": "IT",
          "WNSENSE": "entity%1:03:00"
        },
        "start": 25,
        "end": 28
      },
      "V1265710": {
        "id": "V1265710",
        "indicator": "F",
        "type": "COMPLETELY",
        "word": "OUT",
        "roles": {
          "FIGURE": "#V1265636",
          "LEX": "OUT",
          "WNSENSE": "out%4:02:03::"
        },
        "start": 28,
        "end": 32
      },
      "V1265723": {
        "id": "V1265723",
        "indicator": "F",
        "type": "ALIVE",
        "word": "ALIVE",
        "roles": {
          "FIGURE": "#V1265649",
          "SCALE": "DOMAIN",
          "LEX": "ALIVE",
          "WNSENSE": "alive%3:00:01::"
        },
        "start": 32,
        "end": 36
      },
      "root": "#V1267864"
    },
    {
      "V1268848": {
        "id": "V1268848",
        "indicator": "SPEECHACT",
        "type": "SA_TELL",
        "word": null,
        "roles": {
          "CONTENT": "#V1265575",
          "LEX": "WAS"
        },
        "start": 0,
        "end": 20
      },
      "V1265575": {
        "id": "V1265575",
        "indicator": "F",
        "type": "HAVE-PROPERTY",
        "word": "BE",
        "roles": {
          "NEUTRAL": "#V1265559",
          "FORMAL": "#V1268839",
          "TENSE": "PAST",
          "LEX": "WAS",
          "WNSENSE": "be%2:42:03::"
        },
        "start": 0,
        "end": 20
      },
      "V1265559": {
        "id": "V1265559",
        "indicator": "PRO",
        "type": "PERSON",
        "word": "I",
        "roles": {
          "PROFORM": "I",
          "LEX": "I",
          "WNSENSE": "person%1:03:00"
        },
        "start": 0,
        "end": 2
      },
      "V1268839": {
        "id": "V1268839",
        "indicator": "F",
        "type": "MEMBERSHIP",
        "word": null,
        "roles": {
          "FIGURE": "#V1265559",
          "GROUND": "#V1265630",
          "LEX": "WDNT"
        },
        "start": 6,
        "end": 20
      },
      "V1265630": {
        "id": "V1265630",
        "indicator": "THE-SET",
        "type": "REFERENTIAL-SEM",
        "word": "WDNT",
        "roles": {
          "IDENTIFIED-AS": "#V1265615",
          "MOD": "#V1265595"
        },
        "start": 6,
        "end": 20
      },
      "V1265595": {
        "id": "V1265595",
        "indicator": "F",
        "type": "AFRAID",
        "word": "SCARED",
        "roles": {
          "FIGURE": "#V1265630",
          "SCALE": "FEAR-SCALE",
          "LEX": "SCARED",
          "WNSENSE": "scared%5:00:00:afraid:00"
        },
        "start": 6,
        "end": 13
      },
      "V1265615": {
        "id": "V1265615",
        "indicator": "THE",
        "type": "LETTER-SYMBOL",
        "word": null,
        "roles": {
          "NAME-OF": "I",
          "LEX": "I",
          "WNSENSE": "i%1:10:00::"
        },
        "start": 13,
        "end": 15
      },
      "root": "#V1268848"
    },
    {
      "V1267864": {
        "id": "V1267864",
        "indicator": "SPEECHACT",
        "type": "SA_REQUEST",
        "word": null,
        "roles": {
          "CONTENT": "#V1265636",
          "LEX": "MAKE"
        },
        "start": 20,
        "end": 37
      },
      "V1265636": {
        "id": "V1265636",
        "indicator": "F",
        "type": "EARNING",
        "word": "MAKE",
        "roles": {
          "RESULT": "#V1265723",
          "MANNER": "#V1265710",
          "AGENT": "#V1267860",
          "NEUTRAL": "#V1265649",
          "TENSE": "PRES",
          "VFORM": "BASE",
          "LEX": "MAKE",
          "WNSENSE": "make%2:40:01::"
        },
        "start": 20,
        "end": 37
      },
      "V1267860": {
        "id": "V1267860",
        "indicator": "IMPRO",
        "type": "PERSON",
        "word": null,
        "roles": {
          "PROFORM": "*YOU*"
        },
        "start": 20,
        "end": 37
      },
      "V1265649": {
        "id": "V1265649",
        "indicator": "PRO",
        "type": "REFERENTIAL-SEM",
        "word": "IT",
        "roles": {
          "PROFORM": "IT",
          "LEX": "IT",
          "WNSENSE": "entity%1:03:00"
        },
        "start": 25,
        "end": 28
      },
      "V1265710": {
        "id": "V1265710",
        "indicator": "F",
        "type": "COMPLETELY",
        "word": "OUT",
        "roles": {
          "FIGURE": "#V1265636",
          "LEX": "OUT",
          "WNSENSE": "out%4:02:03::"
        },
        "start": 28,
        "end": 32
      },
      "V1265723": {
        "id": "V1265723",
        "indicator": "F",
        "type": "ALIVE",
        "word": "ALIVE",
        "roles": {
          "FIGURE": "#V1265649",
          "SCALE": "DOMAIN",
          "LEX": "ALIVE",
          "WNSENSE": "alive%3:00:01::"
        },
        "start": 32,
        "end": 37
      },
      "root": "#V1267864"
    },
    {
      "V1268815": {
        "id": "V1268815",
        "indicator": "SPEECHACT",
        "type": "SA_TELL",
        "word": null,
        "roles": {
          "CONTENT": "#V1265575",
          "LEX": "WAS"
        },
        "start": 0,
        "end": 20
      },
      "V1265575": {
        "id": "V1265575",
        "indicator": "F",
        "type": "HAVE-PROPERTY",
        "word": "BE",
        "roles": {
          "NEUTRAL": "#V1265559",
          "FORMAL": "#V1268806",
          "TENSE": "PAST",
          "LEX": "WAS",
          "WNSENSE": "be%2:42:03::"
        },
        "start": 0,
        "end": 20
      },
      "V1265559": {
        "id": "V1265559",
        "indicator": "PRO",
        "type": "PERSON",
        "word": "I",
        "roles": {
          "PROFORM": "I",
          "LEX": "I",
          "WNSENSE": "person%1:03:00"
        },
        "start": 0,
        "end": 2
      },
      "V1268806": {
        "id": "V1268806",
        "indicator": "F",
        "type": "MEMBERSHIP",
        "word": null,
        "roles": {
          "FIGURE": "#V1265559",
          "GROUND": "#V1265630",
          "LEX": "WDNT"
        },
        "start": 6,
        "end": 20
      },
      "V1265630": {
        "id": "V1265630",
        "indicator": "THE-SET",
        "type": "REFERENTIAL-SEM",
        "word": "WDNT",
        "roles": {
          "IDENTIFIED-AS": "#V1265615",
          "MOD": "#V1265597"
        },
        "start": 6,
        "end": 20
      },
      "V1265597": {
        "id": "V1265597",
        "indicator": "F",
        "type": "AFRAID",
        "word": "SCARED",
        "roles": {
          "FIGURE": "#V1265630",
          "SCALE": "FEAR-SCALE",
          "LEX": "SCARED",
          "WNSENSE": "scared%5:00:00:afraid:00"
        },
        "start": 6,
        "end": 13
      },
      "V1265615": {
        "id": "V1265615",
        "indicator": "THE",
        "type": "LETTER-SYMBOL",
        "word": null,
        "roles": {
          "NAME-OF": "I",
          "LEX": "I",
          "WNSENSE": "i%1:10:00::"
        },
        "start": 13,
        "end": 15
      },
      "root": "#V1268815"
    },
    {
      "V1267864": {
        "id": "V1267864",
        "indicator": "SPEECHACT",
        "type": "SA_REQUEST",
        "word": null,
        "roles": {
          "CONTENT": "#V1265636",
          "LEX": "MAKE"
        },
        "start": 20,
        "end": 37
      },
      "V1265636": {
        "id": "V1265636",
        "indicator": "F",
        "type": "EARNING",
        "word": "MAKE",
        "roles": {
          "RESULT": "#V1265723",
          "MANNER": "#V1265710",
          "AGENT": "#V1267860",
          "NEUTRAL": "#V1265649",
          "TENSE": "PRES",
          "VFORM": "BASE",
          "LEX": "MAKE",
          "WNSENSE": "make%2:40:01::"
        },
        "start": 20,
        "end": 37
      },
      "V1267860": {
        "id": "V1267860",
        "indicator": "IMPRO",
        "type": "PERSON",
        "word": null,
        "roles": {
          "PROFORM": "*YOU*"
        },
        "start": 20,
        "end": 37
      },
      "V1265649": {
        "id": "V1265649",
        "indicator": "PRO",
        "type": "REFERENTIAL-SEM",
        "word": "IT",
        "roles": {
          "PROFORM": "IT",
          "LEX": "IT",
          "WNSENSE": "entity%1:03:00"
        },
        "start": 25,
        "end": 28
      },
      "V1265710": {
        "id": "V1265710",
        "indicator": "F",
        "type": "COMPLETELY",
        "word": "OUT",
        "roles": {
          "FIGURE": "#V1265636",
          "LEX": "OUT",
          "WNSENSE": "out%4:02:03::"
        },
        "start": 28,
        "end": 32
      },
      "V1265723": {
        "id": "V1265723",
        "indicator": "F",
        "type": "ALIVE",
        "word": "ALIVE",
        "roles": {
          "FIGURE": "#V1265649",
          "SCALE": "DOMAIN",
          "LEX": "ALIVE",
          "WNSENSE": "alive%3:00:01::"
        },
        "start": 32,
        "end": 37
      },
      "root": "#V1267864"
    },
    {
      "V1269068": {
        "id": "V1269068",
        "indicator": "SPEECHACT",
        "type": "SA_TELL",
        "word": null,
        "roles": {
          "CONTENT": "#V1265575",
          "LEX": "WAS"
        },
        "start": 0,
        "end": 20
      },
      "V1265575": {
        "id": "V1265575",
        "indicator": "F",
        "type": "HAVE-PROPERTY",
        "word": "BE",
        "roles": {
          "NEUTRAL": "#V1265559",
          "FORMAL": "#V1269059",
          "TENSE": "PAST",
          "LEX": "WAS",
          "WNSENSE": "be%2:42:03::"
        },
        "start": 0,
        "end": 20
      },
      "V1265559": {
        "id": "V1265559",
        "indicator": "PRO",
        "type": "PERSON",
        "word": "I",
        "roles": {
          "PROFORM": "I",
          "LEX": "I",
          "WNSENSE": "person%1:03:00"
        },
        "start": 0,
        "end": 2
      },
      "V1269059": {
        "id": "V1269059",
        "indicator": "F",
        "type": "MEMBERSHIP",
        "word": null,
        "roles": {
          "FIGURE": "#V1265559",
          "GROUND": "#V1265630",
          "LEX": "WDNT"
        },
        "start": 6,
        "end": 20
      },
      "V1265630": {
        "id": "V1265630",
        "indicator": "THE-SET",
        "type": "REFERENTIAL-SEM",
        "word": "WDNT",
        "roles": {
          "ASSOC-WITH": "#V1265615",
          "MOD": "#V1265590"
        },
        "start": 6,
        "end": 20
      },
      "V1265590": {
        "id": "V1265590",
        "indicator": "F",
        "type": "EVOKE-FEAR",
        "word": "SCARE",
        "roles": {
          "AFFECTED": "#V1265630",
          "LEX": "SCARED",
          "WNSENSE": "scare%2:37:00::"
        },
        "start": 6,
        "end": 13
      },
      "V1265615": {
        "id": "V1265615",
        "indicator": "THE",
        "type": "LETTER-SYMBOL",
        "word": null,
        "roles": {
          "NAME-OF": "I",
          "LEX": "I",
          "WNSENSE": "i%1:10:00::"
        },
        "start": 13,
        "end": 15
      },
      "root": "#V1269068"
    },
    {
      "V1267864": {
        "id": "V1267864",
        "indicator": "SPEECHACT",
        "type": "SA_REQUEST",
        "word": null,
        "roles": {
          "CONTENT": "#V1265636",
          "LEX": "MAKE"
        },
        "start": 20,
        "end": 37
      },
      "V1265636": {
        "id": "V1265636",
        "indicator": "F",
        "type": "EARNING",
        "word": "MAKE",
        "roles": {
          "RESULT": "#V1265723",
          "MANNER": "#V1265710",
          "AGENT": "#V1267860",
          "NEUTRAL": "#V1265649",
          "TENSE": "PRES",
          "VFORM": "BASE",
          "LEX": "MAKE",
          "WNSENSE": "make%2:40:01::"
        },
        "start": 20,
        "end": 37
      },
      "V1267860": {
        "id": "V1267860",
        "indicator": "IMPRO",
        "type": "PERSON",
        "word": null,
        "roles": {
          "PROFORM": "*YOU*"
        },
        "start": 20,
        "end": 37
      },
      "V1265649": {
        "id": "V1265649",
        "indicator": "PRO",
        "type": "REFERENTIAL-SEM",
        "word": "IT",
        "roles": {
          "PROFORM": "IT",
          "LEX": "IT",
          "WNSENSE": "entity%1:03:00"
        },
        "start": 25,
        "end": 28
      },
      "V1265710": {
        "id": "V1265710",
        "indicator": "F",
        "type": "COMPLETELY",
        "word": "OUT",
        "roles": {
          "FIGURE": "#V1265636",
          "LEX": "OUT",
          "WNSENSE": "out%4:02:03::"
        },
        "start": 28,
        "end": 32
      },
      "V1265723": {
        "id": "V1265723",
        "indicator": "F",
        "type": "ALIVE",
        "word": "ALIVE",
        "roles": {
          "FIGURE": "#V1265649",
          "SCALE": "DOMAIN",
          "LEX": "ALIVE",
          "WNSENSE": "alive%3:00:01::"
        },
        "start": 32,
        "end": 37
      },
      "root": "#V1267864"
    },
    {
      "V1269114": {
        "id": "V1269114",
        "indicator": "SPEECHACT",
        "type": "SA_TELL",
        "word": null,
        "roles": {
          "CONTENT": "#V1265575",
          "LEX": "WAS"
        },
        "start": 0,
        "end": 20
      },
      "V1265575": {
        "id": "V1265575",
        "indicator": "F",
        "type": "HAVE-PROPERTY",
        "word": "BE",
        "roles": {
          "NEUTRAL": "#V1265559",
          "FORMAL": "#V1269105",
          "TENSE": "PAST",
          "LEX": "WAS",
          "WNSENSE": "be%2:42:03::"
        },
        "start": 0,
        "end": 20
      },
      "V1265559": {
        "id": "V1265559",
        "indicator": "PRO",
        "type": "PERSON",
        "word": "I",
        "roles": {
          "PROFORM": "I",
          "LEX": "I",
          "WNSENSE": "person%1:03:00"
        },
        "start": 0,
        "end": 2
      },
      "V1269105": {
        "id": "V1269105",
        "indicator": "F",
        "type": "MEMBERSHIP",
        "word": null,
        "roles": {
          "FIGURE": "#V1265559",
          "GROUND": "#V1265630",
          "LEX": "WDNT"
        },
        "start": 6,
        "end": 20
      },
      "V1265630": {
        "id": "V1265630",
        "indicator": "THE-SET",
        "type": "REFERENTIAL-SEM",
        "word": "WDNT",
        "roles": {
          "ASSOC-WITH": "#V1266514",
          "MOD": "#V1265816"
        },
        "start": 6,
        "end": 20
      },
      "V1265816": {
        "id": "V1265816",
        "indicator": "F",
        "type": "STATE-RESULTING-FROM",
        "word": null,
        "roles": {
          "FIGURE": "#V1265630",
          "GROUND": "#V1265590",
          "LEX": "SCARED"
        },
        "start": 6,
        "end": 13
      },
      "V1265590": {
        "id": "V1265590",
        "indicator": "F",
        "type": "EVOKE-FEAR",
        "word": "SCARE",
        "roles": {
          "AFFECTED": "#V1265630",
          "WNSENSE": "scare%2:37:00::"
        },
        "start": 6,
        "end": 13
      },
      "V1266514": {
        "id": "V1266514",
        "indicator": "THE",
        "type": "TIME-LOC",
        "word": null,
        "roles": {
          "DAY-OF-WEEK": "#V1266374",
          "LEX": "I"
        },
        "start": 13,
        "end": 15
      },
      "V1266374": {
        "id": "V1266374",
        "indicator": "THE",
        "type": "SEQUENCE",
        "word": null,
        "roles": {
          "NAME-OF": "(I)",
          "VAL": "(I)",
          "LEX": "I"
        },
        "start": 13,
        "end": 15
      },
      "root": "#V1269114"
    },
    {
      "V1267864": {
        "id": "V1267864",
        "indicator": "SPEECHACT",
        "type": "SA_REQUEST",
        "word": null,
        "roles": {
          "CONTENT": "#V1265636",
          "LEX": "MAKE"
        },
        "start": 20,
        "end": 37
      },
      "V1265636": {
        "id": "V1265636",
        "indicator": "F",
        "type": "EARNING",
        "word": "MAKE",
        "roles": {
          "RESULT": "#V1265723",
          "MANNER": "#V1265710",
          "AGENT": "#V1267860",
          "NEUTRAL": "#V1265649",
          "TENSE": "PRES",
          "VFORM": "BASE",
          "LEX": "MAKE",
          "WNSENSE": "make%2:40:01::"
        },
        "start": 20,
        "end": 37
      },
      "V1267860": {
        "id": "V1267860",
        "indicator": "IMPRO",
        "type": "PERSON",
        "word": null,
        "roles": {
          "PROFORM": "*YOU*"
        },
        "start": 20,
        "end": 37
      },
      "V1265649": {
        "id": "V1265649",
        "indicator": "PRO",
        "type": "REFERENTIAL-SEM",
        "word": "IT",
        "roles": {
          "PROFORM": "IT",
          "LEX": "IT",
          "WNSENSE": "entity%1:03:00"
        },
        "start": 25,
        "end": 28
      },
      "V1265710": {
        "id": "V1265710",
        "indicator": "F",
        "type": "COMPLETELY",
        "word": "OUT",
        "roles": {
          "FIGURE": "#V1265636",
          "LEX": "OUT",
          "WNSENSE": "out%4:02:03::"
        },
        "start": 28,
        "end": 32
      },
      "V1265723": {
        "id": "V1265723",
        "indicator": "F",
        "type": "ALIVE",
        "word": "ALIVE",
        "roles": {
          "FIGURE": "#V1265649",
          "SCALE": "DOMAIN",
          "LEX": "ALIVE",
          "WNSENSE": "alive%3:00:01::"
        },
        "start": 32,
        "end": 37
      },
      "root": "#V1267864"
    },
    {
      "V1269296": {
        "id": "V1269296",
        "indicator": "SPEECHACT",
        "type": "SA_TELL",
        "word": null,
        "roles": {
          "CONTENT": "#V1265575",
          "LEX": "WAS"
        },
        "start": 0,
        "end": 20
      },
      "V1265575": {
        "id": "V1265575",
        "indicator": "F",
        "type": "HAVE-PROPERTY",
        "word": "BE",
        "roles": {
          "NEUTRAL": "#V1265559",
          "FORMAL": "#V1269287",
          "TENSE": "PAST",
          "LEX": "WAS",
          "WNSENSE": "be%2:42:03::"
        },
        "start": 0,
        "end": 20
      },
      "V1265559": {
        "id": "V1265559",
        "indicator": "PRO",
        "type": "PERSON",
        "word": "I",
        "roles": {
          "PROFORM": "I",
          "LEX": "I",
          "WNSENSE": "person%1:03:00"
        },
        "start": 0,
        "end": 2
      },
      "V1269287": {
        "id": "V1269287",
        "indicator": "F",
        "type": "MEMBERSHIP",
        "word": null,
        "roles": {
          "FIGURE": "#V1265559",
          "GROUND": "#V1265630",
          "LEX": "WDNT"
        },
        "start": 6,
        "end": 20
      },
      "V1265630": {
        "id": "V1265630",
        "indicator": "THE-SET",
        "type": "REFERENTIAL-SEM",
        "word": "WDNT",
        "roles": {
          "ASSOC-WITH": "#V1266477",
          "MOD": "#V1265816"
        },
        "start": 6,
        "end": 20
      },
      "V1265816": {
        "id": "V1265816",
        "indicator": "F",
        "type": "STATE-RESULTING-FROM",
        "word": null,
        "roles": {
          "FIGURE": "#V1265630",
          "GROUND": "#V1265590",
          "LEX": "SCARED"
        },
        "start": 6,
        "end": 13
      },
      "V1265590": {
        "id": "V1265590",
        "indicator": "F",
        "type": "EVOKE-FEAR",
        "word": "SCARE",
        "roles": {
          "AFFECTED": "#V1265630",
          "WNSENSE": "scare%2:37:00::"
        },
        "start": 6,
        "end": 13
      },
      "V1266477": {
        "id": "V1266477",
        "indicator": "THE",
        "type": "QUANTITY-ABSTR",
        "word": null,
        "roles": {
          "FIGURE": "#V1265615"
        },
        "start": 13,
        "end": 15
      },
      "V1265615": {
        "id": "V1265615",
        "indicator": "THE",
        "type": "LETTER-SYMBOL",
        "word": null,
        "roles": {
          "NAME-OF": "I",
          "LEX": "I",
          "WNSENSE": "i%1:10:00::"
        },
        "start": 13,
        "end": 15
      },
      "root": "#V1269296"
    },
    {
      "V1267864": {
        "id": "V1267864",
        "indicator": "SPEECHACT",
        "type": "SA_REQUEST",
        "word": null,
        "roles": {
          "CONTENT": "#V1265636",
          "LEX": "MAKE"
        },
        "start": 20,
        "end": 37
      },
      "V1265636": {
        "id": "V1265636",
        "indicator": "F",
        "type": "EARNING",
        "word": "MAKE",
        "roles": {
          "RESULT": "#V1265723",
          "MANNER": "#V1265710",
          "AGENT": "#V1267860",
          "NEUTRAL": "#V1265649",
          "TENSE": "PRES",
          "VFORM": "BASE",
          "LEX": "MAKE",
          "WNSENSE": "make%2:40:01::"
        },
        "start": 20,
        "end": 37
      },
      "V1267860": {
        "id": "V1267860",
        "indicator": "IMPRO",
        "type": "PERSON",
        "word": null,
        "roles": {
          "PROFORM": "*YOU*"
        },
        "start": 20,
        "end": 37
      },
      "V1265649": {
        "id": "V1265649",
        "indicator": "PRO",
        "type": "REFERENTIAL-SEM",
        "word": "IT",
        "roles": {
          "PROFORM": "IT",
          "LEX": "IT",
          "WNSENSE": "entity%1:03:00"
        },
        "start": 25,
        "end": 28
      },
      "V1265710": {
        "id": "V1265710",
        "indicator": "F",
        "type": "COMPLETELY",
        "word": "OUT",
        "roles": {
          "FIGURE": "#V1265636",
          "LEX": "OUT",
          "WNSENSE": "out%4:02:03::"
        },
        "start": 28,
        "end": 32
      },
      "V1265723": {
        "id": "V1265723",
        "indicator": "F",
        "type": "ALIVE",
        "word": "ALIVE",
        "roles": {
          "FIGURE": "#V1265649",
          "SCALE": "DOMAIN",
          "LEX": "ALIVE",
          "WNSENSE": "alive%3:00:01::"
        },
        "start": 32,
        "end": 37
      },
      "root": "#V1267864"
    },
    {
      "V1268726": {
        "id": "V1268726",
        "indicator": "SPEECHACT",
        "type": "SA_TELL",
        "word": null,
        "roles": {
          "CONTENT": "#V1265575",
          "LEX": "WAS"
        },
        "start": 0,
        "end": 20
      },
      "V1265575": {
        "id": "V1265575",
        "indicator": "F",
        "type": "HAVE-PROPERTY",
        "word": "BE",
        "roles": {
          "NEUTRAL": "#V1265777",
          "FORMAL": "#V1268714",
          "TENSE": "PAST",
          "LEX": "WAS",
          "WNSENSE": "be%2:42:03::"
        },
        "start": 0,
        "end": 20
      },
      "V1265777": {
        "id": "V1265777",
        "indicator": "THE",
        "type": "QUANTITY-ABSTR",
        "word": null,
        "roles": {
          "FIGURE": "#V1265559"
        },
        "start": 0,
        "end": 2
      },
      "V1265559": {
        "id": "V1265559",
        "indicator": "PRO",
        "type": "PERSON",
        "word": "I",
        "roles": {
          "PROFORM": "I",
          "LEX": "I",
          "WNSENSE": "person%1:03:00"
        },
        "start": 0,
        "end": 2
      },
      "V1268714": {
        "id": "V1268714",
        "indicator": "F",
        "type": "MEMBERSHIP",
        "word": null,
        "roles": {
          "FIGURE": "#V1265777",
          "GROUND": "#V1265630",
          "LEX": "WDNT"
        },
        "start": 6,
        "end": 20
      },
      "V1265630": {
        "id": "V1265630",
        "indicator": "THE-SET",
        "type": "REFERENTIAL-SEM",
        "word": "WDNT",
        "roles": {
          "ASSOC-WITH": "#V1265615",
          "MOD": "#V1265816"
        },
        "start": 6,
        "end": 20
      },
      "V1265816": {
        "id": "V1265816",
        "indicator": "F",
        "type": "STATE-RESULTING-FROM",
        "word": null,
        "roles": {
          "FIGURE": "#V1265630",
          "GROUND": "#V1265590",
          "LEX": "SCARED"
        },
        "start": 6,
        "end": 13
      },
      "V1265590": {
        "id": "V1265590",
        "indicator": "F",
        "type": "EVOKE-FEAR",
        "word": "SCARE",
        "roles": {
          "AFFECTED": "#V1265630",
          "WNSENSE": "scare%2:37:00::"
        },
        "start": 6,
        "end": 13
      },
      "V1265615": {
        "id": "V1265615",
        "indicator": "THE",
        "type": "LETTER-SYMBOL",
        "word": null,
        "roles": {
          "NAME-OF": "I",
          "LEX": "I",
          "WNSENSE": "i%1:10:00::"
        },
        "start": 13,
        "end": 15
      },
      "root": "#V1268726"
    },
    {
      "V1267864": {
        "id": "V1267864",
        "indicator": "SPEECHACT",
        "type": "SA_REQUEST",
        "word": null,
        "roles": {
          "CONTENT": "#V1265636",
          "LEX": "MAKE"
        },
        "start": 20,
        "end": 37
      },
      "V1265636": {
        "id": "V1265636",
        "indicator": "F",
        "type": "EARNING",
        "word": "MAKE",
        "roles": {
          "RESULT": "#V1265723",
          "MANNER": "#V1265710",
          "AGENT": "#V1267860",
          "NEUTRAL": "#V1265649",
          "TENSE": "PRES",
          "VFORM": "BASE",
          "LEX": "MAKE",
          "WNSENSE": "make%2:40:01::"
        },
        "start": 20,
        "end": 37
      },
      "V1267860": {
        "id": "V1267860",
        "indicator": "IMPRO",
        "type": "PERSON",
        "word": null,
        "roles": {
          "PROFORM": "*YOU*"
        },
        "start": 20,
        "end": 37
      },
      "V1265649": {
        "id": "V1265649",
        "indicator": "PRO",
        "type": "REFERENTIAL-SEM",
        "word": "IT",
        "roles": {
          "PROFORM": "IT",
          "LEX": "IT",
          "WNSENSE": "entity%1:03:00"
        },
        "start": 25,
        "end": 28
      },
      "V1265710": {
        "id": "V1265710",
        "indicator": "F",
        "type": "COMPLETELY",
        "word": "OUT",
        "roles": {
          "FIGURE": "#V1265636",
          "LEX": "OUT",
          "WNSENSE": "out%4:02:03::"
        },
        "start": 28,
        "end": 32
      },
      "V1265723": {
        "id": "V1265723",
        "indicator": "F",
        "type": "ALIVE",
        "word": "ALIVE",
        "roles": {
          "FIGURE": "#V1265649",
          "SCALE": "DOMAIN",
          "LEX": "ALIVE",
          "WNSENSE": "alive%3:00:01::"
        },
        "start": 32,
        "end": 37
      },
      "root": "#V1267864"
    },
    {
      "V1269346": {
        "id": "V1269346",
        "indicator": "SPEECHACT",
        "type": "SA_TELL",
        "word": null,
        "roles": {
          "CONTENT": "#V1265575",
          "LEX": "WAS"
        },
        "start": 0,
        "end": 20
      },
      "V1265575": {
        "id": "V1265575",
        "indicator": "F",
        "type": "HAVE-PROPERTY",
        "word": "BE",
        "roles": {
          "NEUTRAL": "#V1265559",
          "FORMAL": "#V1269337",
          "TENSE": "PAST",
          "LEX": "WAS",
          "WNSENSE": "be%2:42:03::"
        },
        "start": 0,
        "end": 20
      },
      "V1265559": {
        "id": "V1265559",
        "indicator": "PRO",
        "type": "PERSON",
        "word": "I",
        "roles": {
          "PROFORM": "I",
          "LEX": "I",
          "WNSENSE": "person%1:03:00"
        },
        "start": 0,
        "end": 2
      },
      "V1269337": {
        "id": "V1269337",
        "indicator": "F",
        "type": "MEMBERSHIP",
        "word": null,
        "roles": {
          "FIGURE": "#V1265559",
          "GROUND": "#V1265630",
          "LEX": "WDNT"
        },
        "start": 6,
        "end": 20
      },
      "V1265630": {
        "id": "V1265630",
        "indicator": "THE-SET",
        "type": "REFERENTIAL-SEM",
        "word": "WDNT",
        "roles": {
          "ASSOC-WITH": "#V1265615",
          "MOD": "#V1265816"
        },
        "start": 6,
        "end": 20
      },
      "V1265816": {
        "id": "V1265816",
        "indicator": "F",
        "type": "STATE-RESULTING-FROM",
        "word": null,
        "roles": {
          "FIGURE": "#V1265630",
          "GROUND": "#V1265590",
          "LEX": "SCARED"
        },
        "start": 6,
        "end": 13
      },
      "V1265590": {
        "id": "V1265590",
        "indicator": "F",
        "type": "EVOKE-FEAR",
        "word": "SCARE",
        "roles": {
          "AFFECTED": "#V1265630",
          "WNSENSE": "scare%2:37:00::"
        },
        "start": 6,
        "end": 13
      },
      "V1265615": {
        "id": "V1265615",
        "indicator": "THE",
        "type": "LETTER-SYMBOL",
        "word": null,
        "roles": {
          "NAME-OF": "I",
          "LEX": "I",
          "WNSENSE": "i%1:10:00::"
        },
        "start": 13,
        "end": 15
      },
      "root": "#V1269346"
    },
    {
      "V1267864": {
        "id": "V1267864",
        "indicator": "SPEECHACT",
        "type": "SA_REQUEST",
        "word": null,
        "roles": {
          "CONTENT": "#V1265636",
          "LEX": "MAKE"
        },
        "start": 20,
        "end": 37
      },
      "V1265636": {
        "id": "V1265636",
        "indicator": "F",
        "type": "EARNING",
        "word": "MAKE",
        "roles": {
          "RESULT": "#V1265723",
          "MANNER": "#V1265710",
          "AGENT": "#V1267860",
          "NEUTRAL": "#V1265649",
          "TENSE": "PRES",
          "VFORM": "BASE",
          "LEX": "MAKE",
          "WNSENSE": "make%2:40:01::"
        },
        "start": 20,
        "end": 37
      },
      "V1267860": {
        "id": "V1267860",
        "indicator": "IMPRO",
        "type": "PERSON",
        "word": null,
        "roles": {
          "PROFORM": "*YOU*"
        },
        "start": 20,
        "end": 37
      },
      "V1265649": {
        "id": "V1265649",
        "indicator": "PRO",
        "type": "REFERENTIAL-SEM",
        "word": "IT",
        "roles": {
          "PROFORM": "IT",
          "LEX": "IT",
          "WNSENSE": "entity%1:03:00"
        },
        "start": 25,
        "end": 28
      },
      "V1265710": {
        "id": "V1265710",
        "indicator": "F",
        "type": "COMPLETELY",
        "word": "OUT",
        "roles": {
          "FIGURE": "#V1265636",
          "LEX": "OUT",
          "WNSENSE": "out%4:02:03::"
        },
        "start": 28,
        "end": 32
      },
      "V1265723": {
        "id": "V1265723",
        "indicator": "F",
        "type": "ALIVE",
        "word": "ALIVE",
        "roles": {
          "FIGURE": "#V1265649",
          "SCALE": "DOMAIN",
          "LEX": "ALIVE",
          "WNSENSE": "alive%3:00:01::"
        },
        "start": 32,
        "end": 37
      },
      "root": "#V1267864"
    },
    {
      "V1269379": {
        "id": "V1269379",
        "indicator": "SPEECHACT",
        "type": "SA_TELL",
        "word": null,
        "roles": {
          "CONTENT": "#V1265575",
          "LEX": "WAS"
        },
        "start": 0,
        "end": 20
      },
      "V1265575": {
        "id": "V1265575",
        "indicator": "F",
        "type": "HAVE-PROPERTY",
        "word": "BE",
        "roles": {
          "NEUTRAL": "#V1265559",
          "FORMAL": "#V1269370",
          "TENSE": "PAST",
          "LEX": "WAS",
          "WNSENSE": "be%2:42:03::"
        },
        "start": 0,
        "end": 20
      },
      "V1265559": {
        "id": "V1265559",
        "indicator": "PRO",
        "type": "PERSON",
        "word": "I",
        "roles": {
          "PROFORM": "I",
          "LEX": "I",
          "WNSENSE": "person%1:03:00"
        },
        "start": 0,
        "end": 2
      },
      "V1269370": {
        "id": "V1269370",
        "indicator": "F",
        "type": "MEMBERSHIP",
        "word": null,
        "roles": {
          "FIGURE": "#V1265559",
          "GROUND": "#V1265630",
          "LEX": "WDNT"
        },
        "start": 6,
        "end": 20
      },
      "V1265630": {
        "id": "V1265630",
        "indicator": "THE-SET",
        "type": "REFERENTIAL-SEM",
        "word": "WDNT",
        "roles": {
          "ASSOC-WITH": "#V1266514",
          "MOD": "#V1265590"
        },
        "start": 6,
        "end": 20
      },
      "V1265590": {
        "id": "V1265590",
        "indicator": "F",
        "type": "EVOKE-FEAR",
        "word": "SCARE",
        "roles": {
          "AFFECTED": "#V1265630",
          "LEX": "SCARED",
          "WNSENSE": "scare%2:37:00::"
        },
        "start": 6,
        "end": 13
      },
      "V1266514": {
        "id": "V1266514",
        "indicator": "THE",
        "type": "TIME-LOC",
        "word": null,
        "roles": {
          "DAY-OF-WEEK": "#V1266374",
          "LEX": "I"
        },
        "start": 13,
        "end": 15
      },
      "V1266374": {
        "id": "V1266374",
        "indicator": "THE",
        "type": "SEQUENCE",
        "word": null,
        "roles": {
          "NAME-OF": "(I)",
          "VAL": "(I)",
          "LEX": "I"
        },
        "start": 13,
        "end": 15
      },
      "root": "#V1269379"
    },
    {
      "V1267864": {
        "id": "V1267864",
        "indicator": "SPEECHACT",
        "type": "SA_REQUEST",
        "word": null,
        "roles": {
          "CONTENT": "#V1265636",
          "LEX": "MAKE"
        },
        "start": 20,
        "end": 37
      },
      "V1265636": {
        "id": "V1265636",
        "indicator": "F",
        "type": "EARNING",
        "word": "MAKE",
        "roles": {
          "RESULT": "#V1265723",
          "MANNER": "#V1265710",
          "AGENT": "#V1267860",
          "NEUTRAL": "#V1265649",
          "TENSE": "PRES",
          "VFORM": "BASE",
          "LEX": "MAKE",
          "WNSENSE": "make%2:40:01::"
        },
        "start": 20,
        "end": 37
      },
      "V1267860": {
        "id": "V1267860",
        "indicator": "IMPRO",
        "type": "PERSON",
        "word": null,
        "roles": {
          "PROFORM": "*YOU*"
        },
        "start": 20,
        "end": 37
      },
      "V1265649": {
        "id": "V1265649",
        "indicator": "PRO",
        "type": "REFERENTIAL-SEM",
        "word": "IT",
        "roles": {
          "PROFORM": "IT",
          "LEX": "IT",
          "WNSENSE": "entity%1:03:00"
        },
        "start": 25,
        "end": 28
      },
      "V1265710": {
        "id": "V1265710",
        "indicator": "F",
        "type": "COMPLETELY",
        "word": "OUT",
        "roles": {
          "FIGURE": "#V1265636",
          "LEX": "OUT",
          "WNSENSE": "out%4:02:03::"
        },
        "start": 28,
        "end": 32
      },
      "V1265723": {
        "id": "V1265723",
        "indicator": "F",
        "type": "ALIVE",
        "word": "ALIVE",
        "roles": {
          "FIGURE": "#V1265649",
          "SCALE": "DOMAIN",
          "LEX": "ALIVE",
          "WNSENSE": "alive%3:00:01::"
        },
        "start": 32,
        "end": 37
      },
      "root": "#V1267864"
    },
    {
      "V1268851": {
        "id": "V1268851",
        "indicator": "SPEECHACT",
        "type": "SA_TELL",
        "word": null,
        "roles": {
          "CONTENT": "#V1265575",
          "LEX": "WAS"
        },
        "start": 0,
        "end": 20
      },
      "V1265575": {
        "id": "V1265575",
        "indicator": "F",
        "type": "HAVE-PROPERTY",
        "word": "BE",
        "roles": {
          "NEUTRAL": "#V1265777",
          "FORMAL": "#V1268839",
          "TENSE": "PAST",
          "LEX": "WAS",
          "WNSENSE": "be%2:42:03::"
        },
        "start": 0,
        "end": 20
      },
      "V1265777": {
        "id": "V1265777",
        "indicator": "THE",
        "type": "QUANTITY-ABSTR",
        "word": null,
        "roles": {
          "FIGURE": "#V1265559"
        },
        "start": 0,
        "end": 2
      },
      "V1265559": {
        "id": "V1265559",
        "indicator": "PRO",
        "type": "PERSON",
        "word": "I",
        "roles": {
          "PROFORM": "I",
          "LEX": "I",
          "WNSENSE": "person%1:03:00"
        },
        "start": 0,
        "end": 2
      },
      "V1268839": {
        "id": "V1268839",
        "indicator": "F",
        "type": "MEMBERSHIP",
        "word": null,
        "roles": {
          "FIGURE": "#V1265777",
          "GROUND": "#V1265630",
          "LEX": "WDNT"
        },
        "start": 6,
        "end": 20
      },
      "V1265630": {
        "id": "V1265630",
        "indicator": "THE-SET",
        "type": "REFERENTIAL-SEM",
        "word": "WDNT",
        "roles": {
          "IDENTIFIED-AS": "#V1265615",
          "MOD": "#V1265595"
        },
        "start": 6,
        "end": 20
      },
      "V1265595": {
        "id": "V1265595",
        "indicator": "F",
        "type": "AFRAID",
        "word": "SCARED",
        "roles": {
          "FIGURE": "#V1265630",
          "SCALE": "FEAR-SCALE",
          "LEX": "SCARED",
          "WNSENSE": "scared%5:00:00:afraid:00"
        },
        "start": 6,
        "end": 13
      },
      "V1265615": {
        "id": "V1265615",
        "indicator": "THE",
        "type": "LETTER-SYMBOL",
        "word": null,
        "roles": {
          "NAME-OF": "I",
          "LEX": "I",
          "WNSENSE": "i%1:10:00::"
        },
        "start": 13,
        "end": 15
      },
      "root": "#V1268851"
    },
    {
      "V1267864": {
        "id": "V1267864",
        "indicator": "SPEECHACT",
        "type": "SA_REQUEST",
        "word": null,
        "roles": {
          "CONTENT": "#V1265636",
          "LEX": "MAKE"
        },
        "start": 20,
        "end": 37
      },
      "V1265636": {
        "id": "V1265636",
        "indicator": "F",
        "type": "EARNING",
        "word": "MAKE",
        "roles": {
          "RESULT": "#V1265723",
          "MANNER": "#V1265710",
          "AGENT": "#V1267860",
          "NEUTRAL": "#V1265649",
          "TENSE": "PRES",
          "VFORM": "BASE",
          "LEX": "MAKE",
          "WNSENSE": "make%2:40:01::"
        },
        "start": 20,
        "end": 37
      },
      "V1267860": {
        "id": "V1267860",
        "indicator": "IMPRO",
        "type": "PERSON",
        "word": null,
        "roles": {
          "PROFORM": "*YOU*"
        },
        "start": 20,
        "end": 37
      },
      "V1265649": {
        "id": "V1265649",
        "indicator": "PRO",
        "type": "REFERENTIAL-SEM",
        "word": "IT",
        "roles": {
          "PROFORM": "IT",
          "LEX": "IT",
          "WNSENSE": "entity%1:03:00"
        },
        "start": 25,
        "end": 28
      },
      "V1265710": {
        "id": "V1265710",
        "indicator": "F",
        "type": "COMPLETELY",
        "word": "OUT",
        "roles": {
          "FIGURE": "#V1265636",
          "LEX": "OUT",
          "WNSENSE": "out%4:02:03::"
        },
        "start": 28,
        "end": 32
      },
      "V1265723": {
        "id": "V1265723",
        "indicator": "F",
        "type": "ALIVE",
        "word": "ALIVE",
        "roles": {
          "FIGURE": "#V1265649",
          "SCALE": "DOMAIN",
          "LEX": "ALIVE",
          "WNSENSE": "alive%3:00:01::"
        },
        "start": 32,
        "end": 37
      },
      "root": "#V1267864"
    },
    {
      "V1268818": {
        "id": "V1268818",
        "indicator": "SPEECHACT",
        "type": "SA_TELL",
        "word": null,
        "roles": {
          "CONTENT": "#V1265575",
          "LEX": "WAS"
        },
        "start": 0,
        "end": 20
      },
      "V1265575": {
        "id": "V1265575",
        "indicator": "F",
        "type": "HAVE-PROPERTY",
        "word": "BE",
        "roles": {
          "NEUTRAL": "#V1265777",
          "FORMAL": "#V1268806",
          "TENSE": "PAST",
          "LEX": "WAS",
          "WNSENSE": "be%2:42:03::"
        },
        "start": 0,
        "end": 20
      },
      "V1265777": {
        "id": "V1265777",
        "indicator": "THE",
        "type": "QUANTITY-ABSTR",
        "word": null,
        "roles": {
          "FIGURE": "#V1265559"
        },
        "start": 0,
        "end": 2
      },
      "V1265559": {
        "id": "V1265559",
        "indicator": "PRO",
        "type": "PERSON",
        "word": "I",
        "roles": {
          "PROFORM": "I",
          "LEX": "I",
          "WNSENSE": "person%1:03:00"
        },
        "start": 0,
        "end": 2
      },
      "V1268806": {
        "id": "V1268806",
        "indicator": "F",
        "type": "MEMBERSHIP",
        "word": null,
        "roles": {
          "FIGURE": "#V1265777",
          "GROUND": "#V1265630",
          "LEX": "WDNT"
        },
        "start": 6,
        "end": 20
      },
      "V1265630": {
        "id": "V1265630",
        "indicator": "THE-SET",
        "type": "REFERENTIAL-SEM",
        "word": "WDNT",
        "roles": {
          "IDENTIFIED-AS": "#V1265615",
          "MOD": "#V1265597"
        },
        "start": 6,
        "end": 20
      },
      "V1265597": {
        "id": "V1265597",
        "indicator": "F",
        "type": "AFRAID",
        "word": "SCARED",
        "roles": {
          "FIGURE": "#V1265630",
          "SCALE": "FEAR-SCALE",
          "LEX": "SCARED",
          "WNSENSE": "scared%5:00:00:afraid:00"
        },
        "start": 6,
        "end": 13
      },
      "V1265615": {
        "id": "V1265615",
        "indicator": "THE",
        "type": "LETTER-SYMBOL",
        "word": null,
        "roles": {
          "NAME-OF": "I",
          "LEX": "I",
          "WNSENSE": "i%1:10:00::"
        },
        "start": 13,
        "end": 15
      },
      "root": "#V1268818"
    },
    {
      "V1267864": {
        "id": "V1267864",
        "indicator": "SPEECHACT",
        "type": "SA_REQUEST",
        "word": null,
        "roles": {
          "CONTENT": "#V1265636",
          "LEX": "MAKE"
        },
        "start": 20,
        "end": 37
      },
      "V1265636": {
        "id": "V1265636",
        "indicator": "F",
        "type": "EARNING",
        "word": "MAKE",
        "roles": {
          "RESULT": "#V1265723",
          "MANNER": "#V1265710",
          "AGENT": "#V1267860",
          "NEUTRAL": "#V1265649",
          "TENSE": "PRES",
          "VFORM": "BASE",
          "LEX": "MAKE",
          "WNSENSE": "make%2:40:01::"
        },
        "start": 20,
        "end": 37
      },
      "V1267860": {
        "id": "V1267860",
        "indicator": "IMPRO",
        "type": "PERSON",
        "word": null,
        "roles": {
          "PROFORM": "*YOU*"
        },
        "start": 20,
        "end": 37
      },
      "V1265649": {
        "id": "V1265649",
        "indicator": "PRO",
        "type": "REFERENTIAL-SEM",
        "word": "IT",
        "roles": {
          "PROFORM": "IT",
          "LEX": "IT",
          "WNSENSE": "entity%1:03:00"
        },
        "start": 25,
        "end": 28
      },
      "V1265710": {
        "id": "V1265710",
        "indicator": "F",
        "type": "COMPLETELY",
        "word": "OUT",
        "roles": {
          "FIGURE": "#V1265636",
          "LEX": "OUT",
          "WNSENSE": "out%4:02:03::"
        },
        "start": 28,
        "end": 32
      },
      "V1265723": {
        "id": "V1265723",
        "indicator": "F",
        "type": "ALIVE",
        "word": "ALIVE",
        "roles": {
          "FIGURE": "#V1265649",
          "SCALE": "DOMAIN",
          "LEX": "ALIVE",
          "WNSENSE": "alive%3:00:01::"
        },
        "start": 32,
        "end": 37
      },
      "root": "#V1267864"
    },
    {
      "V1269526": {
        "id": "V1269526",
        "indicator": "SPEECHACT",
        "type": "SA_TELL",
        "word": null,
        "roles": {
          "CONTENT": "#V1265575",
          "LEX": "WAS"
        },
        "start": 0,
        "end": 20
      },
      "V1265575": {
        "id": "V1265575",
        "indicator": "F",
        "type": "HAVE-PROPERTY",
        "word": "BE",
        "roles": {
          "NEUTRAL": "#V1265559",
          "FORMAL": "#V1269517",
          "TENSE": "PAST",
          "LEX": "WAS",
          "WNSENSE": "be%2:42:03::"
        },
        "start": 0,
        "end": 20
      },
      "V1265559": {
        "id": "V1265559",
        "indicator": "PRO",
        "type": "PERSON",
        "word": "I",
        "roles": {
          "PROFORM": "I",
          "LEX": "I",
          "WNSENSE": "person%1:03:00"
        },
        "start": 0,
        "end": 2
      },
      "V1269517": {
        "id": "V1269517",
        "indicator": "F",
        "type": "MEMBERSHIP",
        "word": null,
        "roles": {
          "FIGURE": "#V1265559",
          "GROUND": "#V1265630",
          "LEX": "WDNT"
        },
        "start": 6,
        "end": 20
      },
      "V1265630": {
        "id": "V1265630",
        "indicator": "THE-SET",
        "type": "REFERENTIAL-SEM",
        "word": "WDNT",
        "roles": {
          "IDENTIFIED-AS": "#V1265615",
          "MOD": "#V1265595"
        },
        "start": 6,
        "end": 20
      },
      "V1265595": {
        "id": "V1265595",
        "indicator": "F",
        "type": "AFRAID",
        "word": "SCARED",
        "roles": {
          "FIGURE": "#V1265630",
          "SCALE": "FEAR-SCALE",
          "LEX": "SCARED",
          "WNSENSE": "scared%5:00:00:afraid:00"
        },
        "start": 6,
        "end": 13
      },
      "V1265615": {
        "id": "V1265615",
        "indicator": "THE",
        "type": "LETTER-SYMBOL",
        "word": null,
        "roles": {
          "NAME-OF": "I",
          "LEX": "I",
          "WNSENSE": "i%1:10:00::"
        },
        "start": 13,
        "end": 15
      },
      "root": "#V1269526"
    },
    {
      "V1267864": {
        "id": "V1267864",
        "indicator": "SPEECHACT",
        "type": "SA_REQUEST",
        "word": null,
        "roles": {
          "CONTENT": "#V1265636",
          "LEX": "MAKE"
        },
        "start": 20,
        "end": 37
      },
      "V1265636": {
        "id": "V1265636",
        "indicator": "F",
        "type": "EARNING",
        "word": "MAKE",
        "roles": {
          "RESULT": "#V1265723",
          "MANNER": "#V1265710",
          "AGENT": "#V1267860",
          "NEUTRAL": "#V1265649",
          "TENSE": "PRES",
          "VFORM": "BASE",
          "LEX": "MAKE",
          "WNSENSE": "make%2:40:01::"
        },
        "start": 20,
        "end": 37
      },
      "V1267860": {
        "id": "V1267860",
        "indicator": "IMPRO",
        "type": "PERSON",
        "word": null,
        "roles": {
          "PROFORM": "*YOU*"
        },
        "start": 20,
        "end": 37
      },
      "V1265649": {
        "id": "V1265649",
        "indicator": "PRO",
        "type": "REFERENTIAL-SEM",
        "word": "IT",
        "roles": {
          "PROFORM": "IT",
          "LEX": "IT",
          "WNSENSE": "entity%1:03:00"
        },
        "start": 25,
        "end": 28
      },
      "V1265710": {
        "id": "V1265710",
        "indicator": "F",
        "type": "COMPLETELY",
        "word": "OUT",
        "roles": {
          "FIGURE": "#V1265636",
          "LEX": "OUT",
          "WNSENSE": "out%4:02:03::"
        },
        "start": 28,
        "end": 32
      },
      "V1265723": {
        "id": "V1265723",
        "indicator": "F",
        "type": "ALIVE",
        "word": "ALIVE",
        "roles": {
          "FIGURE": "#V1265649",
          "SCALE": "DOMAIN",
          "LEX": "ALIVE",
          "WNSENSE": "alive%3:00:01::"
        },
        "start": 32,
        "end": 37
      },
      "root": "#V1267864"
    },
    {
      "V1269493": {
        "id": "V1269493",
        "indicator": "SPEECHACT",
        "type": "SA_TELL",
        "word": null,
        "roles": {
          "CONTENT": "#V1265575",
          "LEX": "WAS"
        },
        "start": 0,
        "end": 20
      },
      "V1265575": {
        "id": "V1265575",
        "indicator": "F",
        "type": "HAVE-PROPERTY",
        "word": "BE",
        "roles": {
          "NEUTRAL": "#V1265559",
          "FORMAL": "#V1269484",
          "TENSE": "PAST",
          "LEX": "WAS",
          "WNSENSE": "be%2:42:03::"
        },
        "start": 0,
        "end": 20
      },
      "V1265559": {
        "id": "V1265559",
        "indicator": "PRO",
        "type": "PERSON",
        "word": "I",
        "roles": {
          "PROFORM": "I",
          "LEX": "I",
          "WNSENSE": "person%1:03:00"
        },
        "start": 0,
        "end": 2
      },
      "V1269484": {
        "id": "V1269484",
        "indicator": "F",
        "type": "MEMBERSHIP",
        "word": null,
        "roles": {
          "FIGURE": "#V1265559",
          "GROUND": "#V1265630",
          "LEX": "WDNT"
        },
        "start": 6,
        "end": 20
      },
      "V1265630": {
        "id": "V1265630",
        "indicator": "THE-SET",
        "type": "REFERENTIAL-SEM",
        "word": "WDNT",
        "roles": {
          "IDENTIFIED-AS": "#V1265615",
          "MOD": "#V1265597"
        },
        "start": 6,
        "end": 20
      },
      "V1265597": {
        "id": "V1265597",
        "indicator": "F",
        "type": "AFRAID",
        "word": "SCARED",
        "roles": {
          "FIGURE": "#V1265630",
          "SCALE": "FEAR-SCALE",
          "LEX": "SCARED",
          "WNSENSE": "scared%5:00:00:afraid:00"
        },
        "start": 6,
        "end": 13
      },
      "V1265615": {
        "id": "V1265615",
        "indicator": "THE",
        "type": "LETTER-SYMBOL",
        "word": null,
        "roles": {
          "NAME-OF": "I",
          "LEX": "I",
          "WNSENSE": "i%1:10:00::"
        },
        "start": 13,
        "end": 15
      },
      "root": "#V1269493"
    },
    {
      "V1267864": {
        "id": "V1267864",
        "indicator": "SPEECHACT",
        "type": "SA_REQUEST",
        "word": null,
        "roles": {
          "CONTENT": "#V1265636",
          "LEX": "MAKE"
        },
        "start": 20,
        "end": 37
      },
      "V1265636": {
        "id": "V1265636",
        "indicator": "F",
        "type": "EARNING",
        "word": "MAKE",
        "roles": {
          "RESULT": "#V1265723",
          "MANNER": "#V1265710",
          "AGENT": "#V1267860",
          "NEUTRAL": "#V1265649",
          "TENSE": "PRES",
          "VFORM": "BASE",
          "LEX": "MAKE",
          "WNSENSE": "make%2:40:01::"
        },
        "start": 20,
        "end": 37
      },
      "V1267860": {
        "id": "V1267860",
        "indicator": "IMPRO",
        "type": "PERSON",
        "word": null,
        "roles": {
          "PROFORM": "*YOU*"
        },
        "start": 20,
        "end": 37
      },
      "V1265649": {
        "id": "V1265649",
        "indicator": "PRO",
        "type": "REFERENTIAL-SEM",
        "word": "IT",
        "roles": {
          "PROFORM": "IT",
          "LEX": "IT",
          "WNSENSE": "entity%1:03:00"
        },
        "start": 25,
        "end": 28
      },
      "V1265710": {
        "id": "V1265710",
        "indicator": "F",
        "type": "COMPLETELY",
        "word": "OUT",
        "roles": {
          "FIGURE": "#V1265636",
          "LEX": "OUT",
          "WNSENSE": "out%4:02:03::"
        },
        "start": 28,
        "end": 32
      },
      "V1265723": {
        "id": "V1265723",
        "indicator": "F",
        "type": "ALIVE",
        "word": "ALIVE",
        "roles": {
          "FIGURE": "#V1265649",
          "SCALE": "DOMAIN",
          "LEX": "ALIVE",
          "WNSENSE": "alive%3:00:01::"
        },
        "start": 32,
        "end": 37
      },
      "root": "#V1267864"
    },
    {
      "V1269646": {
        "id": "V1269646",
        "indicator": "SPEECHACT",
        "type": "SA_TELL",
        "word": null,
        "roles": {
          "CONTENT": "#V1265575",
          "LEX": "WAS"
        },
        "start": 0,
        "end": 20
      },
      "V1265575": {
        "id": "V1265575",
        "indicator": "F",
        "type": "HAVE-PROPERTY",
        "word": "BE",
        "roles": {
          "NEUTRAL": "#V1265559",
          "FORMAL": "#V1269637",
          "TENSE": "PAST",
          "LEX": "WAS",
          "WNSENSE": "be%2:42:03::"
        },
        "start": 0,
        "end": 20
      },
      "V1265559": {
        "id": "V1265559",
        "indicator": "PRO",
        "type": "PERSON",
        "word": "I",
        "roles": {
          "PROFORM": "I",
          "LEX": "I",
          "WNSENSE": "person%1:03:00"
        },
        "start": 0,
        "end": 2
      },
      "V1269637": {
        "id": "V1269637",
        "indicator": "F",
        "type": "MEMBERSHIP",
        "word": null,
        "roles": {
          "FIGURE": "#V1265559",
          "GROUND": "#V1265630",
          "LEX": "WDNT"
        },
        "start": 6,
        "end": 20
      },
      "V1265630": {
        "id": "V1265630",
        "indicator": "THE-SET",
        "type": "REFERENTIAL-SEM",
        "word": "WDNT",
        "roles": {
          "ASSOC-WITH": "#V1265615",
          "MOD": "#V1265595"
        },
        "start": 6,
        "end": 20
      },
      "V1265595": {
        "id": "V1265595",
        "indicator": "F",
        "type": "AFRAID",
        "word": "SCARED",
        "roles": {
          "FIGURE": "#V1265630",
          "SCALE": "FEAR-SCALE",
          "LEX": "SCARED",
          "WNSENSE": "scared%5:00:00:afraid:00"
        },
        "start": 6,
        "end": 13
      },
      "V1265615": {
        "id": "V1265615",
        "indicator": "THE",
        "type": "LETTER-SYMBOL",
        "word": null,
        "roles": {
          "NAME-OF": "I",
          "LEX": "I",
          "WNSENSE": "i%1:10:00::"
        },
        "start": 13,
        "end": 15
      },
      "root": "#V1269646"
    },
    {
      "V1267864": {
        "id": "V1267864",
        "indicator": "SPEECHACT",
        "type": "SA_REQUEST",
        "word": null,
        "roles": {
          "CONTENT": "#V1265636",
          "LEX": "MAKE"
        },
        "start": 20,
        "end": 37
      },
      "V1265636": {
        "id": "V1265636",
        "indicator": "F",
        "type": "EARNING",
        "word": "MAKE",
        "roles": {
          "RESULT": "#V1265723",
          "MANNER": "#V1265710",
          "AGENT": "#V1267860",
          "NEUTRAL": "#V1265649",
          "TENSE": "PRES",
          "VFORM": "BASE",
          "LEX": "MAKE",
          "WNSENSE": "make%2:40:01::"
        },
        "start": 20,
        "end": 37
      },
      "V1267860": {
        "id": "V1267860",
        "indicator": "IMPRO",
        "type": "PERSON",
        "word": null,
        "roles": {
          "PROFORM": "*YOU*"
        },
        "start": 20,
        "end": 37
      },
      "V1265649": {
        "id": "V1265649",
        "indicator": "PRO",
        "type": "REFERENTIAL-SEM",
        "word": "IT",
        "roles": {
          "PROFORM": "IT",
          "LEX": "IT",
          "WNSENSE": "entity%1:03:00"
        },
        "start": 25,
        "end": 28
      },
      "V1265710": {
        "id": "V1265710",
        "indicator": "F",
        "type": "COMPLETELY",
        "word": "OUT",
        "roles": {
          "FIGURE": "#V1265636",
          "LEX": "OUT",
          "WNSENSE": "out%4:02:03::"
        },
        "start": 28,
        "end": 32
      },
      "V1265723": {
        "id": "V1265723",
        "indicator": "F",
        "type": "ALIVE",
        "word": "ALIVE",
        "roles": {
          "FIGURE": "#V1265649",
          "SCALE": "DOMAIN",
          "LEX": "ALIVE",
          "WNSENSE": "alive%3:00:01::"
        },
        "start": 32,
        "end": 37
      },
      "root": "#V1267864"
    },
    {
      "V1269613": {
        "id": "V1269613",
        "indicator": "SPEECHACT",
        "type": "SA_TELL",
        "word": null,
        "roles": {
          "CONTENT": "#V1265575",
          "LEX": "WAS"
        },
        "start": 0,
        "end": 20
      },
      "V1265575": {
        "id": "V1265575",
        "indicator": "F",
        "type": "HAVE-PROPERTY",
        "word": "BE",
        "roles": {
          "NEUTRAL": "#V1265559",
          "FORMAL": "#V1269604",
          "TENSE": "PAST",
          "LEX": "WAS",
          "WNSENSE": "be%2:42:03::"
        },
        "start": 0,
        "end": 20
      },
      "V1265559": {
        "id": "V1265559",
        "indicator": "PRO",
        "type": "PERSON",
        "word": "I",
        "roles": {
          "PROFORM": "I",
          "LEX": "I",
          "WNSENSE": "person%1:03:00"
        },
        "start": 0,
        "end": 2
      },
      "V1269604": {
        "id": "V1269604",
        "indicator": "F",
        "type": "MEMBERSHIP",
        "word": null,
        "roles": {
          "FIGURE": "#V1265559",
          "GROUND": "#V1265630",
          "LEX": "WDNT"
        },
        "start": 6,
        "end": 20
      },
      "V1265630": {
        "id": "V1265630",
        "indicator": "THE-SET",
        "type": "REFERENTIAL-SEM",
        "word": "WDNT",
        "roles": {
          "ASSOC-WITH": "#V1265615",
          "MOD": "#V1265597"
        },
        "start": 6,
        "end": 20
      },
      "V1265597": {
        "id": "V1265597",
        "indicator": "F",
        "type": "AFRAID",
        "word": "SCARED",
        "roles": {
          "FIGURE": "#V1265630",
          "SCALE": "FEAR-SCALE",
          "LEX": "SCARED",
          "WNSENSE": "scared%5:00:00:afraid:00"
        },
        "start": 6,
        "end": 13
      },
      "V1265615": {
        "id": "V1265615",
        "indicator": "THE",
        "type": "LETTER-SYMBOL",
        "word": null,
        "roles": {
          "NAME-OF": "I",
          "LEX": "I",
          "WNSENSE": "i%1:10:00::"
        },
        "start": 13,
        "end": 15
      },
      "root": "#V1269613"
    },
    {
      "V1267864": {
        "id": "V1267864",
        "indicator": "SPEECHACT",
        "type": "SA_REQUEST",
        "word": null,
        "roles": {
          "CONTENT": "#V1265636",
          "LEX": "MAKE"
        },
        "start": 20,
        "end": 37
      },
      "V1265636": {
        "id": "V1265636",
        "indicator": "F",
        "type": "EARNING",
        "word": "MAKE",
        "roles": {
          "RESULT": "#V1265723",
          "MANNER": "#V1265710",
          "AGENT": "#V1267860",
          "NEUTRAL": "#V1265649",
          "TENSE": "PRES",
          "VFORM": "BASE",
          "LEX": "MAKE",
          "WNSENSE": "make%2:40:01::"
        },
        "start": 20,
        "end": 37
      },
      "V1267860": {
        "id": "V1267860",
        "indicator": "IMPRO",
        "type": "PERSON",
        "word": null,
        "roles": {
          "PROFORM": "*YOU*"
        },
        "start": 20,
        "end": 37
      },
      "V1265649": {
        "id": "V1265649",
        "indicator": "PRO",
        "type": "REFERENTIAL-SEM",
        "word": "IT",
        "roles": {
          "PROFORM": "IT",
          "LEX": "IT",
          "WNSENSE": "entity%1:03:00"
        },
        "start": 25,
        "end": 28
      },
      "V1265710": {
        "id": "V1265710",
        "indicator": "F",
        "type": "COMPLETELY",
        "word": "OUT",
        "roles": {
          "FIGURE": "#V1265636",
          "LEX": "OUT",
          "WNSENSE": "out%4:02:03::"
        },
        "start": 28,
        "end": 32
      },
      "V1265723": {
        "id": "V1265723",
        "indicator": "F",
        "type": "ALIVE",
        "word": "ALIVE",
        "roles": {
          "FIGURE": "#V1265649",
          "SCALE": "DOMAIN",
          "LEX": "ALIVE",
          "WNSENSE": "alive%3:00:01::"
        },
        "start": 32,
        "end": 37
      },
      "root": "#V1267864"
    },
    {
      "V1269071": {
        "id": "V1269071",
        "indicator": "SPEECHACT",
        "type": "SA_TELL",
        "word": null,
        "roles": {
          "CONTENT": "#V1265575",
          "LEX": "WAS"
        },
        "start": 0,
        "end": 20
      },
      "V1265575": {
        "id": "V1265575",
        "indicator": "F",
        "type": "HAVE-PROPERTY",
        "word": "BE",
        "roles": {
          "NEUTRAL": "#V1265777",
          "FORMAL": "#V1269059",
          "TENSE": "PAST",
          "LEX": "WAS",
          "WNSENSE": "be%2:42:03::"
        },
        "start": 0,
        "end": 20
      },
      "V1265777": {
        "id": "V1265777",
        "indicator": "THE",
        "type": "QUANTITY-ABSTR",
        "word": null,
        "roles": {
          "FIGURE": "#V1265559"
        },
        "start": 0,
        "end": 2
      },
      "V1265559": {
        "id": "V1265559",
        "indicator": "PRO",
        "type": "PERSON",
        "word": "I",
        "roles": {
          "PROFORM": "I",
          "LEX": "I",
          "WNSENSE": "person%1:03:00"
        },
        "start": 0,
        "end": 2
      },
      "V1269059": {
        "id": "V1269059",
        "indicator": "F",
        "type": "MEMBERSHIP",
        "word": null,
        "roles": {
          "FIGURE": "#V1265777",
          "GROUND": "#V1265630",
          "LEX": "WDNT"
        },
        "start": 6,
        "end": 20
      },
      "V1265630": {
        "id": "V1265630",
        "indicator": "THE-SET",
        "type": "REFERENTIAL-SEM",
        "word": "WDNT",
        "roles": {
          "ASSOC-WITH": "#V1265615",
          "MOD": "#V1265590"
        },
        "start": 6,
        "end": 20
      },
      "V1265590": {
        "id": "V1265590",
        "indicator": "F",
        "type": "EVOKE-FEAR",
        "word": "SCARE",
        "roles": {
          "AFFECTED": "#V1265630",
          "LEX": "SCARED",
          "WNSENSE": "scare%2:37:00::"
        },
        "start": 6,
        "end": 13
      },
      "V1265615": {
        "id": "V1265615",
        "indicator": "THE",
        "type": "LETTER-SYMBOL",
        "word": null,
        "roles": {
          "NAME-OF": "I",
          "LEX": "I",
          "WNSENSE": "i%1:10:00::"
        },
        "start": 13,
        "end": 15
      },
      "root": "#V1269071"
    },
    {
      "V1267864": {
        "id": "V1267864",
        "indicator": "SPEECHACT",
        "type": "SA_REQUEST",
        "word": null,
        "roles": {
          "CONTENT": "#V1265636",
          "LEX": "MAKE"
        },
        "start": 20,
        "end": 37
      },
      "V1265636": {
        "id": "V1265636",
        "indicator": "F",
        "type": "EARNING",
        "word": "MAKE",
        "roles": {
          "RESULT": "#V1265723",
          "MANNER": "#V1265710",
          "AGENT": "#V1267860",
          "NEUTRAL": "#V1265649",
          "TENSE": "PRES",
          "VFORM": "BASE",
          "LEX": "MAKE",
          "WNSENSE": "make%2:40:01::"
        },
        "start": 20,
        "end": 37
      },
      "V1267860": {
        "id": "V1267860",
        "indicator": "IMPRO",
        "type": "PERSON",
        "word": null,
        "roles": {
          "PROFORM": "*YOU*"
        },
        "start": 20,
        "end": 37
      },
      "V1265649": {
        "id": "V1265649",
        "indicator": "PRO",
        "type": "REFERENTIAL-SEM",
        "word": "IT",
        "roles": {
          "PROFORM": "IT",
          "LEX": "IT",
          "WNSENSE": "entity%1:03:00"
        },
        "start": 25,
        "end": 28
      },
      "V1265710": {
        "id": "V1265710",
        "indicator": "F",
        "type": "COMPLETELY",
        "word": "OUT",
        "roles": {
          "FIGURE": "#V1265636",
          "LEX": "OUT",
          "WNSENSE": "out%4:02:03::"
        },
        "start": 28,
        "end": 32
      },
      "V1265723": {
        "id": "V1265723",
        "indicator": "F",
        "type": "ALIVE",
        "word": "ALIVE",
        "roles": {
          "FIGURE": "#V1265649",
          "SCALE": "DOMAIN",
          "LEX": "ALIVE",
          "WNSENSE": "alive%3:00:01::"
        },
        "start": 32,
        "end": 37
      },
      "root": "#V1267864"
    },
    {
      "V1269853": {
        "id": "V1269853",
        "indicator": "SPEECHACT",
        "type": "SA_TELL",
        "word": null,
        "roles": {
          "CONTENT": "#V1265575",
          "LEX": "WAS"
        },
        "start": 0,
        "end": 20
      },
      "V1265575": {
        "id": "V1265575",
        "indicator": "F",
        "type": "HAVE-PROPERTY",
        "word": "BE",
        "roles": {
          "NEUTRAL": "#V1265559",
          "FORMAL": "#V1269844",
          "TENSE": "PAST",
          "LEX": "WAS",
          "WNSENSE": "be%2:42:03::"
        },
        "start": 0,
        "end": 20
      },
      "V1265559": {
        "id": "V1265559",
        "indicator": "PRO",
        "type": "PERSON",
        "word": "I",
        "roles": {
          "PROFORM": "I",
          "LEX": "I",
          "WNSENSE": "person%1:03:00"
        },
        "start": 0,
        "end": 2
      },
      "V1269844": {
        "id": "V1269844",
        "indicator": "F",
        "type": "MEMBERSHIP",
        "word": null,
        "roles": {
          "FIGURE": "#V1265559",
          "GROUND": "#V1265630",
          "LEX": "WDNT"
        },
        "start": 6,
        "end": 20
      },
      "V1265630": {
        "id": "V1265630",
        "indicator": "THE-SET",
        "type": "REFERENTIAL-SEM",
        "word": "WDNT",
        "roles": {
          "ASSOC-WITH": "#V1266477",
          "MOD": "#V1265590"
        },
        "start": 6,
        "end": 20
      },
      "V1265590": {
        "id": "V1265590",
        "indicator": "F",
        "type": "EVOKE-FEAR",
        "word": "SCARE",
        "roles": {
          "AFFECTED": "#V1265630",
          "LEX": "SCARED",
          "WNSENSE": "scare%2:37:00::"
        },
        "start": 6,
        "end": 13
      },
      "V1266477": {
        "id": "V1266477",
        "indicator": "THE",
        "type": "QUANTITY-ABSTR",
        "word": null,
        "roles": {
          "FIGURE": "#V1265615"
        },
        "start": 13,
        "end": 15
      },
      "V1265615": {
        "id": "V1265615",
        "indicator": "THE",
        "type": "LETTER-SYMBOL",
        "word": null,
        "roles": {
          "NAME-OF": "I",
          "LEX": "I",
          "WNSENSE": "i%1:10:00::"
        },
        "start": 13,
        "end": 15
      },
      "root": "#V1269853"
    },
    {
      "V1267864": {
        "id": "V1267864",
        "indicator": "SPEECHACT",
        "type": "SA_REQUEST",
        "word": null,
        "roles": {
          "CONTENT": "#V1265636",
          "LEX": "MAKE"
        },
        "start": 20,
        "end": 37
      },
      "V1265636": {
        "id": "V1265636",
        "indicator": "F",
        "type": "EARNING",
        "word": "MAKE",
        "roles": {
          "RESULT": "#V1265723",
          "MANNER": "#V1265710",
          "AGENT": "#V1267860",
          "NEUTRAL": "#V1265649",
          "TENSE": "PRES",
          "VFORM": "BASE",
          "LEX": "MAKE",
          "WNSENSE": "make%2:40:01::"
        },
        "start": 20,
        "end": 37
      },
      "V1267860": {
        "id": "V1267860",
        "indicator": "IMPRO",
        "type": "PERSON",
        "word": null,
        "roles": {
          "PROFORM": "*YOU*"
        },
        "start": 20,
        "end": 37
      },
      "V1265649": {
        "id": "V1265649",
        "indicator": "PRO",
        "type": "REFERENTIAL-SEM",
        "word": "IT",
        "roles": {
          "PROFORM": "IT",
          "LEX": "IT",
          "WNSENSE": "entity%1:03:00"
        },
        "start": 25,
        "end": 28
      },
      "V1265710": {
        "id": "V1265710",
        "indicator": "F",
        "type": "COMPLETELY",
        "word": "OUT",
        "roles": {
          "FIGURE": "#V1265636",
          "LEX": "OUT",
          "WNSENSE": "out%4:02:03::"
        },
        "start": 28,
        "end": 32
      },
      "V1265723": {
        "id": "V1265723",
        "indicator": "F",
        "type": "ALIVE",
        "word": "ALIVE",
        "roles": {
          "FIGURE": "#V1265649",
          "SCALE": "DOMAIN",
          "LEX": "ALIVE",
          "WNSENSE": "alive%3:00:01::"
        },
        "start": 32,
        "end": 37
      },
      "root": "#V1267864"
    },
    {
      "V1269117": {
        "id": "V1269117",
        "indicator": "SPEECHACT",
        "type": "SA_TELL",
        "word": null,
        "roles": {
          "CONTENT": "#V1265575",
          "LEX": "WAS"
        },
        "start": 0,
        "end": 20
      },
      "V1265575": {
        "id": "V1265575",
        "indicator": "F",
        "type": "HAVE-PROPERTY",
        "word": "BE",
        "roles": {
          "NEUTRAL": "#V1265777",
          "FORMAL": "#V1269105",
          "TENSE": "PAST",
          "LEX": "WAS",
          "WNSENSE": "be%2:42:03::"
        },
        "start": 0,
        "end": 20
      },
      "V1265777": {
        "id": "V1265777",
        "indicator": "THE",
        "type": "QUANTITY-ABSTR",
        "word": null,
        "roles": {
          "FIGURE": "#V1265559"
        },
        "start": 0,
        "end": 2
      },
      "V1265559": {
        "id": "V1265559",
        "indicator": "PRO",
        "type": "PERSON",
        "word": "I",
        "roles": {
          "PROFORM": "I",
          "LEX": "I",
          "WNSENSE": "person%1:03:00"
        },
        "start": 0,
        "end": 2
      },
      "V1269105": {
        "id": "V1269105",
        "indicator": "F",
        "type": "MEMBERSHIP",
        "word": null,
        "roles": {
          "FIGURE": "#V1265777",
          "GROUND": "#V1265630",
          "LEX": "WDNT"
        },
        "start": 6,
        "end": 20
      },
      "V1265630": {
        "id": "V1265630",
        "indicator": "THE-SET",
        "type": "REFERENTIAL-SEM",
        "word": "WDNT",
        "roles": {
          "ASSOC-WITH": "#V1266514",
          "MOD": "#V1265816"
        },
        "start": 6,
        "end": 20
      },
      "V1265816": {
        "id": "V1265816",
        "indicator": "F",
        "type": "STATE-RESULTING-FROM",
        "word": null,
        "roles": {
          "FIGURE": "#V1265630",
          "GROUND": "#V1265590",
          "LEX": "SCARED"
        },
        "start": 6,
        "end": 13
      },
      "V1265590": {
        "id": "V1265590",
        "indicator": "F",
        "type": "EVOKE-FEAR",
        "word": "SCARE",
        "roles": {
          "AFFECTED": "#V1265630",
          "WNSENSE": "scare%2:37:00::"
        },
        "start": 6,
        "end": 13
      },
      "V1266514": {
        "id": "V1266514",
        "indicator": "THE",
        "type": "TIME-LOC",
        "word": null,
        "roles": {
          "DAY-OF-WEEK": "#V1266374",
          "LEX": "I"
        },
        "start": 13,
        "end": 15
      },
      "V1266374": {
        "id": "V1266374",
        "indicator": "THE",
        "type": "SEQUENCE",
        "word": null,
        "roles": {
          "NAME-OF": "(I)",
          "VAL": "(I)",
          "LEX": "I"
        },
        "start": 13,
        "end": 15
      },
      "root": "#V1269117"
    },
    {
      "V1267864": {
        "id": "V1267864",
        "indicator": "SPEECHACT",
        "type": "SA_REQUEST",
        "word": null,
        "roles": {
          "CONTENT": "#V1265636",
          "LEX": "MAKE"
        },
        "start": 20,
        "end": 37
      },
      "V1265636": {
        "id": "V1265636",
        "indicator": "F",
        "type": "EARNING",
        "word": "MAKE",
        "roles": {
          "RESULT": "#V1265723",
          "MANNER": "#V1265710",
          "AGENT": "#V1267860",
          "NEUTRAL": "#V1265649",
          "TENSE": "PRES",
          "VFORM": "BASE",
          "LEX": "MAKE",
          "WNSENSE": "make%2:40:01::"
        },
        "start": 20,
        "end": 37
      },
      "V1267860": {
        "id": "V1267860",
        "indicator": "IMPRO",
        "type": "PERSON",
        "word": null,
        "roles": {
          "PROFORM": "*YOU*"
        },
        "start": 20,
        "end": 37
      },
      "V1265649": {
        "id": "V1265649",
        "indicator": "PRO",
        "type": "REFERENTIAL-SEM",
        "word": "IT",
        "roles": {
          "PROFORM": "IT",
          "LEX": "IT",
          "WNSENSE": "entity%1:03:00"
        },
        "start": 25,
        "end": 28
      },
      "V1265710": {
        "id": "V1265710",
        "indicator": "F",
        "type": "COMPLETELY",
        "word": "OUT",
        "roles": {
          "FIGURE": "#V1265636",
          "LEX": "OUT",
          "WNSENSE": "out%4:02:03::"
        },
        "start": 28,
        "end": 32
      },
      "V1265723": {
        "id": "V1265723",
        "indicator": "F",
        "type": "ALIVE",
        "word": "ALIVE",
        "roles": {
          "FIGURE": "#V1265649",
          "SCALE": "DOMAIN",
          "LEX": "ALIVE",
          "WNSENSE": "alive%3:00:01::"
        },
        "start": 32,
        "end": 37
      },
      "root": "#V1267864"
    },
    {
      "V1269903": {
        "id": "V1269903",
        "indicator": "SPEECHACT",
        "type": "SA_TELL",
        "word": null,
        "roles": {
          "CONTENT": "#V1265575",
          "LEX": "WAS"
        },
        "start": 0,
        "end": 20
      },
      "V1265575": {
        "id": "V1265575",
        "indicator": "F",
        "type": "HAVE-PROPERTY",
        "word": "BE",
        "roles": {
          "NEUTRAL": "#V1265559",
          "FORMAL": "#V1269894",
          "TENSE": "PAST",
          "LEX": "WAS",
          "WNSENSE": "be%2:42:03::"
        },
        "start": 0,
        "end": 20
      },
      "V1265559": {
        "id": "V1265559",
        "indicator": "PRO",
        "type": "PERSON",
        "word": "I",
        "roles": {
          "PROFORM": "I",
          "LEX": "I",
          "WNSENSE": "person%1:03:00"
        },
        "start": 0,
        "end": 2
      },
      "V1269894": {
        "id": "V1269894",
        "indicator": "F",
        "type": "MEMBERSHIP",
        "word": null,
        "roles": {
          "FIGURE": "#V1265559",
          "GROUND": "#V1265630",
          "LEX": "WDNT"
        },
        "start": 6,
        "end": 20
      },
      "V1265630": {
        "id": "V1265630",
        "indicator": "THE-SET",
        "type": "REFERENTIAL-SEM",
        "word": "WDNT",
        "roles": {
          "ASSOC-WITH": "#V1265615",
          "MOD": "#V1265590"
        },
        "start": 6,
        "end": 20
      },
      "V1265590": {
        "id": "V1265590",
        "indicator": "F",
        "type": "EVOKE-FEAR",
        "word": "SCARE",
        "roles": {
          "AFFECTED": "#V1265630",
          "LEX": "SCARED",
          "WNSENSE": "scare%2:37:00::"
        },
        "start": 6,
        "end": 13
      },
      "V1265615": {
        "id": "V1265615",
        "indicator": "THE",
        "type": "LETTER-SYMBOL",
        "word": null,
        "roles": {
          "NAME-OF": "I",
          "LEX": "I",
          "WNSENSE": "i%1:10:00::"
        },
        "start": 13,
        "end": 15
      },
      "root": "#V1269903"
    },
    {
      "V1267864": {
        "id": "V1267864",
        "indicator": "SPEECHACT",
        "type": "SA_REQUEST",
        "word": null,
        "roles": {
          "CONTENT": "#V1265636",
          "LEX": "MAKE"
        },
        "start": 20,
        "end": 37
      },
      "V1265636": {
        "id": "V1265636",
        "indicator": "F",
        "type": "EARNING",
        "word": "MAKE",
        "roles": {
          "RESULT": "#V1265723",
          "MANNER": "#V1265710",
          "AGENT": "#V1267860",
          "NEUTRAL": "#V1265649",
          "TENSE": "PRES",
          "VFORM": "BASE",
          "LEX": "MAKE",
          "WNSENSE": "make%2:40:01::"
        },
        "start": 20,
        "end": 37
      },
      "V1267860": {
        "id": "V1267860",
        "indicator": "IMPRO",
        "type": "PERSON",
        "word": null,
        "roles": {
          "PROFORM": "*YOU*"
        },
        "start": 20,
        "end": 37
      },
      "V1265649": {
        "id": "V1265649",
        "indicator": "PRO",
        "type": "REFERENTIAL-SEM",
        "word": "IT",
        "roles": {
          "PROFORM": "IT",
          "LEX": "IT",
          "WNSENSE": "entity%1:03:00"
        },
        "start": 25,
        "end": 28
      },
      "V1265710": {
        "id": "V1265710",
        "indicator": "F",
        "type": "COMPLETELY",
        "word": "OUT",
        "roles": {
          "FIGURE": "#V1265636",
          "LEX": "OUT",
          "WNSENSE": "out%4:02:03::"
        },
        "start": 28,
        "end": 32
      },
      "V1265723": {
        "id": "V1265723",
        "indicator": "F",
        "type": "ALIVE",
        "word": "ALIVE",
        "roles": {
          "FIGURE": "#V1265649",
          "SCALE": "DOMAIN",
          "LEX": "ALIVE",
          "WNSENSE": "alive%3:00:01::"
        },
        "start": 32,
        "end": 37
      },
      "root": "#V1267864"
    },
    {
      "V1269940": {
        "id": "V1269940",
        "indicator": "SPEECHACT",
        "type": "SA_TELL",
        "word": null,
        "roles": {
          "CONTENT": "#V1265575",
          "LEX": "WAS"
        },
        "start": 0,
        "end": 20
      },
      "V1265575": {
        "id": "V1265575",
        "indicator": "F",
        "type": "HAVE-PROPERTY",
        "word": "BE",
        "roles": {
          "NEUTRAL": "#V1265559",
          "FORMAL": "#V1269931",
          "TENSE": "PAST",
          "LEX": "WAS",
          "WNSENSE": "be%2:42:03::"
        },
        "start": 0,
        "end": 20
      },
      "V1265559": {
        "id": "V1265559",
        "indicator": "PRO",
        "type": "PERSON",
        "word": "I",
        "roles": {
          "PROFORM": "I",
          "LEX": "I",
          "WNSENSE": "person%1:03:00"
        },
        "start": 0,
        "end": 2
      },
      "V1269931": {
        "id": "V1269931",
        "indicator": "F",
        "type": "MEMBERSHIP",
        "word": null,
        "roles": {
          "FIGURE": "#V1265559",
          "GROUND": "#V1265630",
          "LEX": "WDNT"
        },
        "start": 6,
        "end": 20
      },
      "V1265630": {
        "id": "V1265630",
        "indicator": "THE-SET",
        "type": "REFERENTIAL-SEM",
        "word": "WDNT",
        "roles": {
          "ASSOC-WITH": "#V1266514",
          "MOD": "#V1265816"
        },
        "start": 6,
        "end": 20
      },
      "V1265816": {
        "id": "V1265816",
        "indicator": "F",
        "type": "STATE-RESULTING-FROM",
        "word": null,
        "roles": {
          "FIGURE": "#V1265630",
          "GROUND": "#V1265590",
          "LEX": "SCARED"
        },
        "start": 6,
        "end": 13
      },
      "V1265590": {
        "id": "V1265590",
        "indicator": "F",
        "type": "EVOKE-FEAR",
        "word": "SCARE",
        "roles": {
          "AFFECTED": "#V1265630",
          "WNSENSE": "scare%2:37:00::"
        },
        "start": 6,
        "end": 13
      },
      "V1266514": {
        "id": "V1266514",
        "indicator": "THE",
        "type": "TIME-LOC",
        "word": null,
        "roles": {
          "DAY-OF-WEEK": "#V1266374",
          "LEX": "I"
        },
        "start": 13,
        "end": 15
      },
      "V1266374": {
        "id": "V1266374",
        "indicator": "THE",
        "type": "SEQUENCE",
        "word": null,
        "roles": {
          "NAME-OF": "(I)",
          "VAL": "(I)",
          "LEX": "I"
        },
        "start": 13,
        "end": 15
      },
      "root": "#V1269940"
    },
    {
      "V1267864": {
        "id": "V1267864",
        "indicator": "SPEECHACT",
        "type": "SA_REQUEST",
        "word": null,
        "roles": {
          "CONTENT": "#V1265636",
          "LEX": "MAKE"
        },
        "start": 20,
        "end": 37
      },
      "V1265636": {
        "id": "V1265636",
        "indicator": "F",
        "type": "EARNING",
        "word": "MAKE",
        "roles": {
          "RESULT": "#V1265723",
          "MANNER": "#V1265710",
          "AGENT": "#V1267860",
          "NEUTRAL": "#V1265649",
          "TENSE": "PRES",
          "VFORM": "BASE",
          "LEX": "MAKE",
          "WNSENSE": "make%2:40:01::"
        },
        "start": 20,
        "end": 37
      },
      "V1267860": {
        "id": "V1267860",
        "indicator": "IMPRO",
        "type": "PERSON",
        "word": null,
        "roles": {
          "PROFORM": "*YOU*"
        },
        "start": 20,
        "end": 37
      },
      "V1265649": {
        "id": "V1265649",
        "indicator": "PRO",
        "type": "REFERENTIAL-SEM",
        "word": "IT",
        "roles": {
          "PROFORM": "IT",
          "LEX": "IT",
          "WNSENSE": "entity%1:03:00"
        },
        "start": 25,
        "end": 28
      },
      "V1265710": {
        "id": "V1265710",
        "indicator": "F",
        "type": "COMPLETELY",
        "word": "OUT",
        "roles": {
          "FIGURE": "#V1265636",
          "LEX": "OUT",
          "WNSENSE": "out%4:02:03::"
        },
        "start": 28,
        "end": 32
      },
      "V1265723": {
        "id": "V1265723",
        "indicator": "F",
        "type": "ALIVE",
        "word": "ALIVE",
        "roles": {
          "FIGURE": "#V1265649",
          "SCALE": "DOMAIN",
          "LEX": "ALIVE",
          "WNSENSE": "alive%3:00:01::"
        },
        "start": 32,
        "end": 37
      },
      "root": "#V1267864"
    }
  ],
  "inputtags": [],
  "debug": [
    "*last-utt-id*=NIL  utt-id+254",
    "*last-utt-id*=254  utt-id+254",
    "*last-utt-id*=254  utt-id+NIL"
  ]
}
