{
  "parse": [
    {
      "V49693": {
        "id": "V49693",
        "indicator": "SPEECHACT",
        "type": "SA_TELL",
        "word": null,
        "roles": {
          "CONTENT": "#V49236",
          "LEX": "KNEED"
        },
        "start": 0,
        "end": 6
      },
      "V49236": {
        "id": "V49236",
        "indicator": "F",
        "type": "SITUATION-ROOT",
        "word": "KNEED",
        "roles": {
          "TENSE": "PAST",
          "LEX": "KNEED"
        },
        "start": 0,
        "end": 6
      },
      "V49694": {
        "id": "V49694",
        "indicator": "IMPRO",
        "type": "REFERENTIAL-SEM",
        "word": null,
        "roles": {
          "PROFORM": "SUBJ"
        },
        "start": 0,
        "end": 6
      },
      "root": "#V49693"
    },
    {
      "V49505": {
        "id": "V49505",
        "indicator": "SPEECHACT",
        "type": "SA_IDENTIFY",
        "word": null,
        "roles": {
          "CONTENT": "#V49239",
          "LEX": "HIM"
        },
        "start": 6,
        "end": 10
      },
      "V49239": {
        "id": "V49239",
        "indicator": "PRO",
        "type": "MALE-PERSON",
        "word": "HIM",
        "roles": {
          "PROFORM": "HIM",
          "LEX": "HIM",
          "WNSENSE": "man%1:18:00"
        },
        "start": 6,
        "end": 10
      },
      "root": "#V49505"
    },
    {
      "V49384": {
        "id": "V49384",
        "indicator": "F",
        "type": "CAUSE-OFF",
        "word": "TAKE-OFF",
        "roles": {
          "LOCATION": "#V49247",
          "TENSE": "PAST",
          "LEX": "TOOK"
        },
        "start": 10,
        "end": 34
      },
      "V49247": {
        "id": "V49247",
        "indicator": "F",
        "type": "IN-LOC",
        "word": "IN",
        "roles": {
          "GROUND": "#V49318",
          "FIGURE": "#V49384",
          "LEX": "IN"
        },
        "start": 10,
        "end": 27
      },
      "V49318": {
        "id": "V49318",
        "indicator": "INDEF-SET",
        "type": "NATURAL-OBJECT",
        "word": null,
        "roles": {
          "OPERATOR": "(AND)",
          "SEQUENCE": "#V49312",
          "SEQUENCE1": "#V49334",
          "LEX": "PUNC-AND"
        },
        "start": 13,
        "end": 27
      },
      "V49312": {
        "id": "V49312",
        "indicator": "THE",
        "type": "BODY-PART",
        "word": "GROIN",
        "roles": {
          "LEX": "GROIN",
          "WNSENSE": "groin%1:08:00::"
        },
        "start": 13,
        "end": 23
      },
      "V49334": {
        "id": "V49334",
        "indicator": "PRO",
        "type": "PERSON",
        "word": "I",
        "roles": {
          "PROFORM": "I",
          "LEX": "I",
          "WNSENSE": "person%1:03:00",
          "COREF": "USER"
        },
        "start": 25,
        "end": 27
      },
      "root": "#V49384"
    },
    {
      "V49693": {
        "id": "V49693",
        "indicator": "SPEECHACT",
        "type": "SA_TELL",
        "word": null,
        "roles": {
          "CONTENT": "#V49236",
          "LEX": "KNEED"
        },
        "start": 0,
        "end": 6
      },
      "V49236": {
        "id": "V49236",
        "indicator": "F",
        "type": "SITUATION-ROOT",
        "word": "KNEED",
        "roles": {
          "TENSE": "PAST",
          "LEX": "KNEED"
        },
        "start": 0,
        "end": 6
      },
      "V49694": {
        "id": "V49694",
        "indicator": "IMPRO",
        "type": "REFERENTIAL-SEM",
        "word": null,
        "roles": {
          "PROFORM": "SUBJ"
        },
        "start": 0,
        "end": 6
      },
      "root": "#V49693"
    },
    {
      "V49505": {
        "id": "V49505",
        "indicator": "SPEECHACT",
        "type": "SA_IDENTIFY",
        "word": null,
        "roles": {
          "CONTENT": "#V49239",
          "LEX": "HIM"
        },
        "start": 6,
        "end": 10
      },
      "V49239": {
        "id": "V49239",
        "indicator": "PRO",
        "type": "MALE-PERSON",
        "word": "HIM",
        "roles": {
          "PROFORM": "HIM",
          "LEX": "HIM",
          "WNSENSE": "man%1:18:00"
        },
        "start": 6,
        "end": 10
      },
      "root": "#V49505"
    },
    {
      "V49384": {
        "id": "V49384",
        "indicator": "F",
        "type": "CAUSE-OFF",
        "word": "TAKE-OFF",
        "roles": {
          "LOCATION": "#V49247",
          "TENSE": "PAST",
          "LEX": "TOOK"
        },
        "start": 10,
        "end": 35
      },
      "V49247": {
        "id": "V49247",
        "indicator": "F",
        "type": "IN-LOC",
        "word": "IN",
        "roles": {
          "GROUND": "#V49318",
          "FIGURE": "#V49384",
          "LEX": "IN"
        },
        "start": 10,
        "end": 27
      },
      "V49318": {
        "id": "V49318",
        "indicator": "INDEF-SET",
        "type": "PHYS-OBJECT",
        "word": null,
        "roles": {
          "OPERATOR": "(AND)",
          "SEQUENCE": "#V49314",
          "SEQUENCE1": "#V49334",
          "LEX": "PUNC-AND"
        },
        "start": 13,
        "end": 27
      },
      "V49314": {
        "id": "V49314",
        "indicator": "THE",
        "type": "SURFACE-LOCATION",
        "word": "GROIN",
        "roles": {
          "LEX": "GROIN",
          "WNSENSE": "groin%1:06:01::"
        },
        "start": 13,
        "end": 23
      },
      "V49334": {
        "id": "V49334",
        "indicator": "PRO",
        "type": "PERSON",
        "word": "I",
        "roles": {
          "PROFORM": "I",
          "LEX": "I",
          "WNSENSE": "person%1:03:00"
        },
        "start": 25,
        "end": 27
      },
      "root": "#V49384"
    },
    {
      "V49693": {
        "id": "V49693",
        "indicator": "SPEECHACT",
        "type": "SA_TELL",
        "word": null,
        "roles": {
          "CONTENT": "#V49236",
          "LEX": "KNEED"
        },
        "start": 0,
        "end": 6
      },
      "V49236": {
        "id": "V49236",
        "indicator": "F",
        "type": "SITUATION-ROOT",
        "word": "KNEED",
        "roles": {
          "TENSE": "PAST",
          "LEX": "KNEED"
        },
        "start": 0,
        "end": 6
      },
      "V49694": {
        "id": "V49694",
        "indicator": "IMPRO",
        "type": "REFERENTIAL-SEM",
        "word": null,
        "roles": {
          "PROFORM": "SUBJ"
        },
        "start": 0,
        "end": 6
      },
      "root": "#V49693"
    },
    {
      "V49524": {
        "id": "V49524",
        "indicator": "SPEECHACT",
        "type": "SA_IDENTIFY",
        "word": null,
        "roles": {
          "CONTENT": "#V49447",
          "LEX": "-"
        },
        "start": 6,
        "end": 10
      },
      "V49447": {
        "id": "V49447",
        "indicator": "THE",
        "type": "QUANTITY-ABSTR",
        "word": null,
        "roles": {
          "FIGURE": "#V49239"
        },
        "start": 6,
        "end": 10
      },
      "V49239": {
        "id": "V49239",
        "indicator": "PRO",
        "type": "MALE-PERSON",
        "word": "HIM",
        "roles": {
          "PROFORM": "HIM",
          "LEX": "HIM",
          "WNSENSE": "man%1:18:00"
        },
        "start": 6,
        "end": 10
      },
      "root": "#V49524"
    },
    {
      "V49384": {
        "id": "V49384",
        "indicator": "F",
        "type": "CAUSE-OFF",
        "word": "TAKE-OFF",
        "roles": {
          "LOCATION": "#V49247",
          "TENSE": "PAST",
          "LEX": "TOOK"
        },
        "start": 10,
        "end": 35
      },
      "V49247": {
        "id": "V49247",
        "indicator": "F",
        "type": "IN-LOC",
        "word": "IN",
        "roles": {
          "GROUND": "#V49318",
          "FIGURE": "#V49384",
          "LEX": "IN"
        },
        "start": 10,
        "end": 27
      },
      "V49318": {
        "id": "V49318",
        "indicator": "INDEF-SET",
        "type": "NATURAL-OBJECT",
        "word": null,
        "roles": {
          "OPERATOR": "(AND)",
          "SEQUENCE": "#V49312",
          "SEQUENCE1": "#V49334",
          "LEX": "PUNC-AND"
        },
        "start": 13,
        "end": 27
      },
      "V49312": {
        "id": "V49312",
        "indicator": "THE",
        "type": "BODY-PART",
        "word": "GROIN",
        "roles": {
          "LEX": "GROIN",
          "WNSENSE": "groin%1:08:00::"
        },
        "start": 13,
        "end": 23
      },
      "V49334": {
        "id": "V49334",
        "indicator": "PRO",
        "type": "PERSON",
        "word": "I",
        "roles": {
          "PROFORM": "I",
          "LEX": "I",
          "WNSENSE": "person%1:03:00"
        },
        "start": 25,
        "end": 27
      },
      "root": "#V49384"
    },
    {
      "V49693": {
        "id": "V49693",
        "indicator": "SPEECHACT",
        "type": "SA_TELL",
        "word": null,
        "roles": {
          "CONTENT": "#V49236",
          "LEX": "KNEED"
        },
        "start": 0,
        "end": 6
      },
      "V49236": {
        "id": "V49236",
        "indicator": "F",
        "type": "SITUATION-ROOT",
        "word": "KNEED",
        "roles": {
          "TENSE": "PAST",
          "LEX": "KNEED"
        },
        "start": 0,
        "end": 6
      },
      "V49694": {
        "id": "V49694",
        "indicator": "IMPRO",
        "type": "REFERENTIAL-SEM",
        "word": null,
        "roles": {
          "PROFORM": "SUBJ"
        },
        "start": 0,
        "end": 6
      },
      "root": "#V49693"
    },
    {
      "V49524": {
        "id": "V49524",
        "indicator": "SPEECHACT",
        "type": "SA_IDENTIFY",
        "word": null,
        "roles": {
          "CONTENT": "#V49447",
          "LEX": "-"
        },
        "start": 6,
        "end": 10
      },
      "V49447": {
        "id": "V49447",
        "indicator": "THE",
        "type": "QUANTITY-ABSTR",
        "word": null,
        "roles": {
          "FIGURE": "#V49239"
        },
        "start": 6,
        "end": 10
      },
      "V49239": {
        "id": "V49239",
        "indicator": "PRO",
        "type": "MALE-PERSON",
        "word": "HIM",
        "roles": {
          "PROFORM": "HIM",
          "LEX": "HIM",
          "WNSENSE": "man%1:18:00"
        },
        "start": 6,
        "end": 10
      },
      "root": "#V49524"
    },
    {
      "V49384": {
        "id": "V49384",
        "indicator": "F",
        "type": "CAUSE-OFF",
        "word": "TAKE-OFF",
        "roles": {
          "LOCATION": "#V49247",
          "TENSE": "PAST",
          "LEX": "TOOK"
        },
        "start": 10,
        "end": 35
      },
      "V49247": {
        "id": "V49247",
        "indicator": "F",
        "type": "IN-LOC",
        "word": "IN",
        "roles": {
          "GROUND": "#V49318",
          "FIGURE": "#V49384",
          "LEX": "IN"
        },
        "start": 10,
        "end": 27
      },
      "V49318": {
        "id": "V49318",
        "indicator": "INDEF-SET",
        "type": "PHYS-OBJECT",
        "word": null,
        "roles": {
          "OPERATOR": "(AND)",
          "SEQUENCE": "#V49314",
          "SEQUENCE1": "#V49334",
          "LEX": "PUNC-AND"
        },
        "start": 13,
        "end": 27
      },
      "V49314": {
        "id": "V49314",
        "indicator": "THE",
        "type": "SURFACE-LOCATION",
        "word": "GROIN",
        "roles": {
          "LEX": "GROIN",
          "WNSENSE": "groin%1:06:01::"
        },
        "start": 13,
        "end": 23
      },
      "V49334": {
        "id": "V49334",
        "indicator": "PRO",
        "type": "PERSON",
        "word": "I",
        "roles": {
          "PROFORM": "I",
          "LEX": "I",
          "WNSENSE": "person%1:03:00"
        },
        "start": 25,
        "end": 27
      },
      "root": "#V49384"
    },
    {
      "V49693": {
        "id": "V49693",
        "indicator": "SPEECHACT",
        "type": "SA_TELL",
        "word": null,
        "roles": {
          "CONTENT": "#V49236",
          "LEX": "KNEED"
        },
        "start": 0,
        "end": 6
      },
      "V49236": {
        "id": "V49236",
        "indicator": "F",
        "type": "SITUATION-ROOT",
        "word": "KNEED",
        "roles": {
          "TENSE": "PAST",
          "LEX": "KNEED"
        },
        "start": 0,
        "end": 6
      },
      "V49694": {
        "id": "V49694",
        "indicator": "IMPRO",
        "type": "REFERENTIAL-SEM",
        "word": null,
        "roles": {
          "PROFORM": "SUBJ"
        },
        "start": 0,
        "end": 6
      },
      "root": "#V49693"
    },
    {
      "V49505": {
        "id": "V49505",
        "indicator": "SPEECHACT",
        "type": "SA_IDENTIFY",
        "word": null,
        "roles": {
          "CONTENT": "#V49239",
          "LEX": "HIM"
        },
        "start": 6,
        "end": 10
      },
      "V49239": {
        "id": "V49239",
        "indicator": "PRO",
        "type": "MALE-PERSON",
        "word": "HIM",
        "roles": {
          "PROFORM": "HIM",
          "LEX": "HIM",
          "WNSENSE": "man%1:18:00"
        },
        "start": 6,
        "end": 10
      },
      "root": "#V49505"
    },
    {
      "V49384": {
        "id": "V49384",
        "indicator": "F",
        "type": "CAUSE-OFF",
        "word": "TAKE-OFF",
        "roles": {
          "LOCATION": "#V49247",
          "TENSE": "PAST",
          "LEX": "TOOK"
        },
        "start": 10,
        "end": 35
      },
      "V49247": {
        "id": "V49247",
        "indicator": "F",
        "type": "IN-LOC",
        "word": "IN",
        "roles": {
          "GROUND": "#V49318",
          "FIGURE": "#V49384",
          "LEX": "IN"
        },
        "start": 10,
        "end": 27
      },
      "V49318": {
        "id": "V49318",
        "indicator": "THE-SET",
        "type": "PHYS-OBJECT",
        "word": null,
        "roles": {
          "OPERATOR": "(AND)",
          "SEQUENCE": "#V49312",
          "SEQUENCE1": "#V49333",
          "LEX": "PUNC-AND"
        },
        "start": 13,
        "end": 27
      },
      "V49312": {
        "id": "V49312",
        "indicator": "THE",
        "type": "BODY-PART",
        "word": "GROIN",
        "roles": {
          "LEX": "GROIN",
          "WNSENSE": "groin%1:08:00::"
        },
        "start": 13,
        "end": 23
      },
      "V49333": {
        "id": "V49333",
        "indicator": "THE",
        "type": "LETTER-SYMBOL",
        "word": null,
        "roles": {
          "NAME-OF": "I",
          "LEX": "I",
          "WNSENSE": "i%1:10:00::"
        },
        "start": 25,
        "end": 27
      },
      "root": "#V49384"
    },
    {
      "V49693": {
        "id": "V49693",
        "indicator": "SPEECHACT",
        "type": "SA_TELL",
        "word": null,
        "roles": {
          "CONTENT": "#V49236",
          "LEX": "KNEED"
        },
        "start": 0,
        "end": 6
      },
      "V49236": {
        "id": "V49236",
        "indicator": "F",
        "type": "SITUATION-ROOT",
        "word": "KNEED",
        "roles": {
          "TENSE": "PAST",
          "LEX": "KNEED"
        },
        "start": 0,
        "end": 6
      },
      "V49694": {
        "id": "V49694",
        "indicator": "IMPRO",
        "type": "REFERENTIAL-SEM",
        "word": null,
        "roles": {
          "PROFORM": "SUBJ"
        },
        "start": 0,
        "end": 6
      },
      "root": "#V49693"
    },
    {
      "V49505": {
        "id": "V49505",
        "indicator": "SPEECHACT",
        "type": "SA_IDENTIFY",
        "word": null,
        "roles": {
          "CONTENT": "#V49239",
          "LEX": "HIM"
        },
        "start": 6,
        "end": 10
      },
      "V49239": {
        "id": "V49239",
        "indicator": "PRO",
        "type": "MALE-PERSON",
        "word": "HIM",
        "roles": {
          "PROFORM": "HIM",
          "LEX": "HIM",
          "WNSENSE": "man%1:18:00"
        },
        "start": 6,
        "end": 10
      },
      "root": "#V49505"
    },
    {
      "V49384": {
        "id": "V49384",
        "indicator": "F",
        "type": "CAUSE-OFF",
        "word": "TAKE-OFF",
        "roles": {
          "LOCATION": "#V49247",
          "TENSE": "PAST",
          "LEX": "TOOK"
        },
        "start": 10,
        "end": 35
      },
      "V49247": {
        "id": "V49247",
        "indicator": "F",
        "type": "IN-LOC",
        "word": "IN",
        "roles": {
          "GROUND": "#V49318",
          "FIGURE": "#V49384",
          "LEX": "IN"
        },
        "start": 10,
        "end": 27
      },
      "V49318": {
        "id": "V49318",
        "indicator": "THE-SET",
        "type": "PHYS-OBJECT",
        "word": null,
        "roles": {
          "OPERATOR": "(AND)",
          "SEQUENCE": "#V49314",
          "SEQUENCE1": "#V49333",
          "LEX": "PUNC-AND"
        },
        "start": 13,
        "end": 27
      },
      "V49314": {
        "id": "V49314",
        "indicator": "THE",
        "type": "SURFACE-LOCATION",
        "word": "GROIN",
        "roles": {
          "LEX": "GROIN",
          "WNSENSE": "groin%1:06:01::"
        },
        "start": 13,
        "end": 23
      },
      "V49333": {
        "id": "V49333",
        "indicator": "THE",
        "type": "LETTER-SYMBOL",
        "word": null,
        "roles": {
          "NAME-OF": "I",
          "LEX": "I",
          "WNSENSE": "i%1:10:00::"
        },
        "start": 25,
        "end": 27
      },
      "root": "#V49384"
    },
    {
      "V49693": {
        "id": "V49693",
        "indicator": "SPEECHACT",
        "type": "SA_TELL",
        "word": null,
        "roles": {
          "CONTENT": "#V49236",
          "LEX": "KNEED"
        },
        "start": 0,
        "end": 6
      },
      "V49236": {
        "id": "V49236",
        "indicator": "F",
        "type": "SITUATION-ROOT",
        "word": "KNEED",
        "roles": {
          "TENSE": "PAST",
          "LEX": "KNEED"
        },
        "start": 0,
        "end": 6
      },
      "V49694": {
        "id": "V49694",
        "indicator": "IMPRO",
        "type": "REFERENTIAL-SEM",
        "word": null,
        "roles": {
          "PROFORM": "SUBJ"
        },
        "start": 0,
        "end": 6
      },
      "root": "#V49693"
    },
    {
      "V49524": {
        "id": "V49524",
        "indicator": "SPEECHACT",
        "type": "SA_IDENTIFY",
        "word": null,
        "roles": {
          "CONTENT": "#V49447",
          "LEX": "-"
        },
        "start": 6,
        "end": 10
      },
      "V49447": {
        "id": "V49447",
        "indicator": "THE",
        "type": "QUANTITY-ABSTR",
        "word": null,
        "roles": {
          "FIGURE": "#V49239"
        },
        "start": 6,
        "end": 10
      },
      "V49239": {
        "id": "V49239",
        "indicator": "PRO",
        "type": "MALE-PERSON",
        "word": "HIM",
        "roles": {
          "PROFORM": "HIM",
          "LEX": "HIM",
          "WNSENSE": "man%1:18:00"
        },
        "start": 6,
        "end": 10
      },
      "root": "#V49524"
    },
    {
      "V49384": {
        "id": "V49384",
        "indicator": "F",
        "type": "CAUSE-OFF",
        "word": "TAKE-OFF",
        "roles": {
          "LOCATION": "#V49247",
          "TENSE": "PAST",
          "LEX": "TOOK"
        },
        "start": 10,
        "end": 35
      },
      "V49247": {
        "id": "V49247",
        "indicator": "F",
        "type": "IN-LOC",
        "word": "IN",
        "roles": {
          "GROUND": "#V49318",
          "FIGURE": "#V49384",
          "LEX": "IN"
        },
        "start": 10,
        "end": 27
      },
      "V49318": {
        "id": "V49318",
        "indicator": "THE-SET",
        "type": "PHYS-OBJECT",
        "word": null,
        "roles": {
          "OPERATOR": "(AND)",
          "SEQUENCE": "#V49312",
          "SEQUENCE1": "#V49333",
          "LEX": "PUNC-AND"
        },
        "start": 13,
        "end": 27
      },
      "V49312": {
        "id": "V49312",
        "indicator": "THE",
        "type": "BODY-PART",
        "word": "GROIN",
        "roles": {
          "LEX": "GROIN",
          "WNSENSE": "groin%1:08:00::"
        },
        "start": 13,
        "end": 23
      },
      "V49333": {
        "id": "V49333",
        "indicator": "THE",
        "type": "LETTER-SYMBOL",
        "word": null,
        "roles": {
          "NAME-OF": "I",
          "LEX": "I",
          "WNSENSE": "i%1:10:00::"
        },
        "start": 25,
        "end": 27
      },
      "root": "#V49384"
    },
    {
      "V49693": {
        "id": "V49693",
        "indicator": "SPEECHACT",
        "type": "SA_TELL",
        "word": null,
        "roles": {
          "CONTENT": "#V49236",
          "LEX": "KNEED"
        },
        "start": 0,
        "end": 6
      },
      "V49236": {
        "id": "V49236",
        "indicator": "F",
        "type": "SITUATION-ROOT",
        "word": "KNEED",
        "roles": {
          "TENSE": "PAST",
          "LEX": "KNEED"
        },
        "start": 0,
        "end": 6
      },
      "V49694": {
        "id": "V49694",
        "indicator": "IMPRO",
        "type": "REFERENTIAL-SEM",
        "word": null,
        "roles": {
          "PROFORM": "SUBJ"
        },
        "start": 0,
        "end": 6
      },
      "root": "#V49693"
    },
    {
      "V49524": {
        "id": "V49524",
        "indicator": "SPEECHACT",
        "type": "SA_IDENTIFY",
        "word": null,
        "roles": {
          "CONTENT": "#V49447",
          "LEX": "-"
        },
        "start": 6,
        "end": 10
      },
      "V49447": {
        "id": "V49447",
        "indicator": "THE",
        "type": "QUANTITY-ABSTR",
        "word": null,
        "roles": {
          "FIGURE": "#V49239"
        },
        "start": 6,
        "end": 10
      },
      "V49239": {
        "id": "V49239",
        "indicator": "PRO",
        "type": "MALE-PERSON",
        "word": "HIM",
        "roles": {
          "PROFORM": "HIM",
          "LEX": "HIM",
          "WNSENSE": "man%1:18:00"
        },
        "start": 6,
        "end": 10
      },
      "root": "#V49524"
    },
    {
      "V49384": {
        "id": "V49384",
        "indicator": "F",
        "type": "CAUSE-OFF",
        "word": "TAKE-OFF",
        "roles": {
          "LOCATION": "#V49247",
          "TENSE": "PAST",
          "LEX": "TOOK"
        },
        "start": 10,
        "end": 35
      },
      "V49247": {
        "id": "V49247",
        "indicator": "F",
        "type": "IN-LOC",
        "word": "IN",
        "roles": {
          "GROUND": "#V49318",
          "FIGURE": "#V49384",
          "LEX": "IN"
        },
        "start": 10,
        "end": 27
      },
      "V49318": {
        "id": "V49318",
        "indicator": "THE-SET",
        "type": "PHYS-OBJECT",
        "word": null,
        "roles": {
          "OPERATOR": "(AND)",
          "SEQUENCE": "#V49314",
          "SEQUENCE1": "#V49333",
          "LEX": "PUNC-AND"
        },
        "start": 13,
        "end": 27
      },
      "V49314": {
        "id": "V49314",
        "indicator": "THE",
        "type": "SURFACE-LOCATION",
        "word": "GROIN",
        "roles": {
          "LEX": "GROIN",
          "WNSENSE": "groin%1:06:01::"
        },
        "start": 13,
        "end": 23
      },
      "V49333": {
        "id": "V49333",
        "indicator": "THE",
        "type": "LETTER-SYMBOL",
        "word": null,
        "roles": {
          "NAME-OF": "I",
          "LEX": "I",
          "WNSENSE": "i%1:10:00::"
        },
        "start": 25,
        "end": 27
      },
      "root": "#V49384"
    },
    {
      "V49693": {
        "id": "V49693",
        "indicator": "SPEECHACT",
        "type": "SA_TELL",
        "word": null,
        "roles": {
          "CONTENT": "#V49236",
          "LEX": "KNEED"
        },
        "start": 0,
        "end": 6
      },
      "V49236": {
        "id": "V49236",
        "indicator": "F",
        "type": "SITUATION-ROOT",
        "word": "KNEED",
        "roles": {
          "TENSE": "PAST",
          "LEX": "KNEED"
        },
        "start": 0,
        "end": 6
      },
      "V49694": {
        "id": "V49694",
        "indicator": "IMPRO",
        "type": "REFERENTIAL-SEM",
        "word": null,
        "roles": {
          "PROFORM": "SUBJ"
        },
        "start": 0,
        "end": 6
      },
      "root": "#V49693"
    },
    {
      "V49505": {
        "id": "V49505",
        "indicator": "SPEECHACT",
        "type": "SA_IDENTIFY",
        "word": null,
        "roles": {
          "CONTENT": "#V49239",
          "LEX": "HIM"
        },
        "start": 6,
        "end": 10
      },
      "V49239": {
        "id": "V49239",
        "indicator": "PRO",
        "type": "MALE-PERSON",
        "word": "HIM",
        "roles": {
          "PROFORM": "HIM",
          "LEX": "HIM",
          "WNSENSE": "man%1:18:00"
        },
        "start": 6,
        "end": 10
      },
      "root": "#V49505"
    },
    {
      "V49384": {
        "id": "V49384",
        "indicator": "F",
        "type": "CAUSE-OFF",
        "word": "TAKE-OFF",
        "roles": {
          "LOCATION": "#V49247",
          "TENSE": "PAST",
          "LEX": "TOOK"
        },
        "start": 10,
        "end": 35
      },
      "V49247": {
        "id": "V49247",
        "indicator": "F",
        "type": "IN-LOC",
        "word": "IN",
        "roles": {
          "GROUND": "#V49318",
          "FIGURE": "#V49384",
          "LEX": "IN"
        },
        "start": 10,
        "end": 27
      },
      "V49318": {
        "id": "V49318",
        "indicator": "THE-SET",
        "type": "PHYS-OBJECT",
        "word": null,
        "roles": {
          "OPERATOR": "(AND)",
          "SEQUENCE": "#V49312",
          "SEQUENCE1": "#V49791",
          "LEX": "PUNC-AND",
          "WNSENSE": "groin%1:08:00::"
        },
        "start": 13,
        "end": 27
      },
      "V49312": {
        "id": "V49312",
        "indicator": "THE",
        "type": "BODY-PART",
        "word": "GROIN",
        "roles": {
          "LEX": "GROIN",
          "WNSENSE": "groin%1:08:00::"
        },
        "start": 13,
        "end": 23
      },
      "V49791": {
        "id": "V49791",
        "indicator": "THE",
        "type": "SEQUENCE",
        "word": null,
        "roles": {
          "NAME-OF": "(I)",
          "VAL": "(I)",
          "LEX": "I"
        },
        "start": 25,
        "end": 27
      },
      "root": "#V49384"
    },
    {
      "V49693": {
        "id": "V49693",
        "indicator": "SPEECHACT",
        "type": "SA_TELL",
        "word": null,
        "roles": {
          "CONTENT": "#V49236",
          "LEX": "KNEED"
        },
        "start": 0,
        "end": 6
      },
      "V49236": {
        "id": "V49236",
        "indicator": "F",
        "type": "SITUATION-ROOT",
        "word": "KNEED",
        "roles": {
          "TENSE": "PAST",
          "LEX": "KNEED"
        },
        "start": 0,
        "end": 6
      },
      "V49694": {
        "id": "V49694",
        "indicator": "IMPRO",
        "type": "REFERENTIAL-SEM",
        "word": null,
        "roles": {
          "PROFORM": "SUBJ"
        },
        "start": 0,
        "end": 6
      },
      "root": "#V49693"
    },
    {
      "V49505": {
        "id": "V49505",
        "indicator": "SPEECHACT",
        "type": "SA_IDENTIFY",
        "word": null,
        "roles": {
          "CONTENT": "#V49239",
          "LEX": "HIM"
        },
        "start": 6,
        "end": 10
      },
      "V49239": {
        "id": "V49239",
        "indicator": "PRO",
        "type": "MALE-PERSON",
        "word": "HIM",
        "roles": {
          "PROFORM": "HIM",
          "LEX": "HIM",
          "WNSENSE": "man%1:18:00"
        },
        "start": 6,
        "end": 10
      },
      "root": "#V49505"
    },
    {
      "V49384": {
        "id": "V49384",
        "indicator": "F",
        "type": "CAUSE-OFF",
        "word": "TAKE-OFF",
        "roles": {
          "LOCATION": "#V49247",
          "TENSE": "PAST",
          "LEX": "TOOK"
        },
        "start": 10,
        "end": 35
      },
      "V49247": {
        "id": "V49247",
        "indicator": "F",
        "type": "IN-LOC",
        "word": "IN",
        "roles": {
          "GROUND": "#V49318",
          "FIGURE": "#V49384",
          "LEX": "IN"
        },
        "start": 10,
        "end": 27
      },
      "V49318": {
        "id": "V49318",
        "indicator": "THE-SET",
        "type": "PHYS-OBJECT",
        "word": null,
        "roles": {
          "OPERATOR": "(AND)",
          "SEQUENCE": "#V49314",
          "SEQUENCE1": "#V49791",
          "LEX": "PUNC-AND",
          "WNSENSE": "groin%1:06:01::"
        },
        "start": 13,
        "end": 27
      },
      "V49314": {
        "id": "V49314",
        "indicator": "THE",
        "type": "SURFACE-LOCATION",
        "word": "GROIN",
        "roles": {
          "LEX": "GROIN",
          "WNSENSE": "groin%1:06:01::"
        },
        "start": 13,
        "end": 23
      },
      "V49791": {
        "id": "V49791",
        "indicator": "THE",
        "type": "SEQUENCE",
        "word": null,
        "roles": {
          "NAME-OF": "(I)",
          "VAL": "(I)",
          "LEX": "I"
        },
        "start": 25,
        "end": 27
      },
      "root": "#V49384"
    },
    {
      "V49693": {
        "id": "V49693",
        "indicator": "SPEECHACT",
        "type": "SA_TELL",
        "word": null,
        "roles": {
          "CONTENT": "#V49236",
          "LEX": "KNEED"
        },
        "start": 0,
        "end": 6
      },
      "V49236": {
        "id": "V49236",
        "indicator": "F",
        "type": "SITUATION-ROOT",
        "word": "KNEED",
        "roles": {
          "TENSE": "PAST",
          "LEX": "KNEED"
        },
        "start": 0,
        "end": 6
      },
      "V49694": {
        "id": "V49694",
        "indicator": "IMPRO",
        "type": "REFERENTIAL-SEM",
        "word": null,
        "roles": {
          "PROFORM": "SUBJ"
        },
        "start": 0,
        "end": 6
      },
      "root": "#V49693"
    },
    {
      "V49524": {
        "id": "V49524",
        "indicator": "SPEECHACT",
        "type": "SA_IDENTIFY",
        "word": null,
        "roles": {
          "CONTENT": "#V49447",
          "LEX": "-"
        },
        "start": 6,
        "end": 10
      },
      "V49447": {
        "id": "V49447",
        "indicator": "THE",
        "type": "QUANTITY-ABSTR",
        "word": null,
        "roles": {
          "FIGURE": "#V49239"
        },
        "start": 6,
        "end": 10
      },
      "V49239": {
        "id": "V49239",
        "indicator": "PRO",
        "type": "MALE-PERSON",
        "word": "HIM",
        "roles": {
          "PROFORM": "HIM",
          "LEX": "HIM",
          "WNSENSE": "man%1:18:00"
        },
        "start": 6,
        "end": 10
      },
      "root": "#V49524"
    },
    {
      "V49384": {
        "id": "V49384",
        "indicator": "F",
        "type": "CAUSE-OFF",
        "word": "TAKE-OFF",
        "roles": {
          "LOCATION": "#V49247",
          "TENSE": "PAST",
          "LEX": "TOOK"
        },
        "start": 10,
        "end": 35
      },
      "V49247": {
        "id": "V49247",
        "indicator": "F",
        "type": "IN-LOC",
        "word": "IN",
        "roles": {
          "GROUND": "#V49318",
          "FIGURE": "#V49384",
          "LEX": "IN"
        },
        "start": 10,
        "end": 27
      },
      "V49318": {
        "id": "V49318",
        "indicator": "THE-SET",
        "type": "PHYS-OBJECT",
        "word": null,
        "roles": {
          "OPERATOR": "(AND)",
          "SEQUENCE": "#V49312",
          "SEQUENCE1": "#V49791",
          "LEX": "PUNC-AND",
          "WNSENSE": "groin%1:08:00::"
        },
        "start": 13,
        "end": 27
      },
      "V49312": {
        "id": "V49312",
        "indicator": "THE",
        "type": "BODY-PART",
        "word": "GROIN",
        "roles": {
          "LEX": "GROIN",
          "WNSENSE": "groin%1:08:00::"
        },
        "start": 13,
        "end": 23
      },
      "V49791": {
        "id": "V49791",
        "indicator": "THE",
        "type": "SEQUENCE",
        "word": null,
        "roles": {
          "NAME-OF": "(I)",
          "VAL": "(I)",
          "LEX": "I"
        },
        "start": 25,
        "end": 27
      },
      "root": "#V49384"
    },
    {
      "V49693": {
        "id": "V49693",
        "indicator": "SPEECHACT",
        "type": "SA_TELL",
        "word": null,
        "roles": {
          "CONTENT": "#V49236",
          "LEX": "KNEED"
        },
        "start": 0,
        "end": 6
      },
      "V49236": {
        "id": "V49236",
        "indicator": "F",
        "type": "SITUATION-ROOT",
        "word": "KNEED",
        "roles": {
          "TENSE": "PAST",
          "LEX": "KNEED"
        },
        "start": 0,
        "end": 6
      },
      "V49694": {
        "id": "V49694",
        "indicator": "IMPRO",
        "type": "REFERENTIAL-SEM",
        "word": null,
        "roles": {
          "PROFORM": "SUBJ"
        },
        "start": 0,
        "end": 6
      },
      "root": "#V49693"
    },
    {
      "V49524": {
        "id": "V49524",
        "indicator": "SPEECHACT",
        "type": "SA_IDENTIFY",
        "word": null,
        "roles": {
          "CONTENT": "#V49447",
          "LEX": "-"
        },
        "start": 6,
        "end": 10
      },
      "V49447": {
        "id": "V49447",
        "indicator": "THE",
        "type": "QUANTITY-ABSTR",
        "word": null,
        "roles": {
          "FIGURE": "#V49239"
        },
        "start": 6,
        "end": 10
      },
      "V49239": {
        "id": "V49239",
        "indicator": "PRO",
        "type": "MALE-PERSON",
        "word": "HIM",
        "roles": {
          "PROFORM": "HIM",
          "LEX": "HIM",
          "WNSENSE": "man%1:18:00"
        },
        "start": 6,
        "end": 10
      },
      "root": "#V49524"
    },
    {
      "V49384": {
        "id": "V49384",
        "indicator": "F",
        "type": "CAUSE-OFF",
        "word": "TAKE-OFF",
        "roles": {
          "LOCATION": "#V49247",
          "TENSE": "PAST",
          "LEX": "TOOK"
        },
        "start": 10,
        "end": 35
      },
      "V49247": {
        "id": "V49247",
        "indicator": "F",
        "type": "IN-LOC",
        "word": "IN",
        "roles": {
          "GROUND": "#V49318",
          "FIGURE": "#V49384",
          "LEX": "IN"
        },
        "start": 10,
        "end": 27
      },
      "V49318": {
        "id": "V49318",
        "indicator": "THE-SET",
        "type": "PHYS-OBJECT",
        "word": null,
        "roles": {
          "OPERATOR": "(AND)",
          "SEQUENCE": "#V49314",
          "SEQUENCE1": "#V49791",
          "LEX": "PUNC-AND",
          "WNSENSE": "groin%1:06:01::"
        },
        "start": 13,
        "end": 27
      },
      "V49314": {
        "id": "V49314",
        "indicator": "THE",
        "type": "SURFACE-LOCATION",
        "word": "GROIN",
        "roles": {
          "LEX": "GROIN",
          "WNSENSE": "groin%1:06:01::"
        },
        "start": 13,
        "end": 23
      },
      "V49791": {
        "id": "V49791",
        "indicator": "THE",
        "type": "SEQUENCE",
        "word": null,
        "roles": {
          "NAME-OF": "(I)",
          "VAL": "(I)",
          "LEX": "I"
        },
        "start": 25,
        "end": 27
      },
      "root": "#V49384"
    },
    {
      "V49693": {
        "id": "V49693",
        "indicator": "SPEECHACT",
        "type": "SA_TELL",
        "word": null,
        "roles": {
          "CONTENT": "#V49236",
          "LEX": "KNEED"
        },
        "start": 0,
        "end": 6
      },
      "V49236": {
        "id": "V49236",
        "indicator": "F",
        "type": "SITUATION-ROOT",
        "word": "KNEED",
        "roles": {
          "TENSE": "PAST",
          "LEX": "KNEED"
        },
        "start": 0,
        "end": 6
      },
      "V49694": {
        "id": "V49694",
        "indicator": "IMPRO",
        "type": "REFERENTIAL-SEM",
        "word": null,
        "roles": {
          "PROFORM": "SUBJ"
        },
        "start": 0,
        "end": 6
      },
      "root": "#V49693"
    },
    {
      "V49239": {
        "id": "V49239",
        "indicator": "PRO",
        "type": "MALE-PERSON",
        "word": "HIM",
        "roles": {
          "PROFORM": "HIM",
          "LEX": "HIM",
          "WNSENSE": "man%1:18:00"
        },
        "start": 6,
        "end": 10
      },
      "root": "#V49239"
    },
    {
      "V49384": {
        "id": "V49384",
        "indicator": "F",
        "type": "CAUSE-OFF",
        "word": "TAKE-OFF",
        "roles": {
          "LOCATION": "#V49247",
          "TENSE": "PAST",
          "LEX": "TOOK"
        },
        "start": 10,
        "end": 35
      },
      "V49247": {
        "id": "V49247",
        "indicator": "F",
        "type": "IN-LOC",
        "word": "IN",
        "roles": {
          "GROUND": "#V49318",
          "FIGURE": "#V49384",
          "LEX": "IN"
        },
        "start": 10,
        "end": 27
      },
      "V49318": {
        "id": "V49318",
        "indicator": "INDEF-SET",
        "type": "NATURAL-OBJECT",
        "word": null,
        "roles": {
          "OPERATOR": "(AND)",
          "SEQUENCE": "#V49312",
          "SEQUENCE1": "#V49334",
          "LEX": "PUNC-AND"
        },
        "start": 13,
        "end": 27
      },
      "V49312": {
        "id": "V49312",
        "indicator": "THE",
        "type": "BODY-PART",
        "word": "GROIN",
        "roles": {
          "LEX": "GROIN",
          "WNSENSE": "groin%1:08:00::"
        },
        "start": 13,
        "end": 23
      },
      "V49334": {
        "id": "V49334",
        "indicator": "PRO",
        "type": "PERSON",
        "word": "I",
        "roles": {
          "PROFORM": "I",
          "LEX": "I",
          "WNSENSE": "person%1:03:00"
        },
        "start": 25,
        "end": 27
      },
      "root": "#V49384"
    },
    {
      "V49693": {
        "id": "V49693",
        "indicator": "SPEECHACT",
        "type": "SA_TELL",
        "word": null,
        "roles": {
          "CONTENT": "#V49236",
          "LEX": "KNEED"
        },
        "start": 0,
        "end": 6
      },
      "V49236": {
        "id": "V49236",
        "indicator": "F",
        "type": "SITUATION-ROOT",
        "word": "KNEED",
        "roles": {
          "TENSE": "PAST",
          "LEX": "KNEED"
        },
        "start": 0,
        "end": 6
      },
      "V49694": {
        "id": "V49694",
        "indicator": "IMPRO",
        "type": "REFERENTIAL-SEM",
        "word": null,
        "roles": {
          "PROFORM": "SUBJ"
        },
        "start": 0,
        "end": 6
      },
      "root": "#V49693"
    },
    {
      "V49239": {
        "id": "V49239",
        "indicator": "PRO",
        "type": "MALE-PERSON",
        "word": "HIM",
        "roles": {
          "PROFORM": "HIM",
          "LEX": "HIM",
          "WNSENSE": "man%1:18:00"
        },
        "start": 6,
        "end": 10
      },
      "root": "#V49239"
    },
    {
      "V49384": {
        "id": "V49384",
        "indicator": "F",
        "type": "CAUSE-OFF",
        "word": "TAKE-OFF",
        "roles": {
          "LOCATION": "#V49247",
          "TENSE": "PAST",
          "LEX": "TOOK"
        },
        "start": 10,
        "end": 35
      },
      "V49247": {
        "id": "V49247",
        "indicator": "F",
        "type": "IN-LOC",
        "word": "IN",
        "roles": {
          "GROUND": "#V49318",
          "FIGURE": "#V49384",
          "LEX": "IN"
        },
        "start": 10,
        "end": 27
      },
      "V49318": {
        "id": "V49318",
        "indicator": "INDEF-SET",
        "type": "PHYS-OBJECT",
        "word": null,
        "roles": {
          "OPERATOR": "(AND)",
          "SEQUENCE": "#V49314",
          "SEQUENCE1": "#V49334",
          "LEX": "PUNC-AND"
        },
        "start": 13,
        "end": 27
      },
      "V49314": {
        "id": "V49314",
        "indicator": "THE",
        "type": "SURFACE-LOCATION",
        "word": "GROIN",
        "roles": {
          "LEX": "GROIN",
          "WNSENSE": "groin%1:06:01::"
        },
        "start": 13,
        "end": 23
      },
      "V49334": {
        "id": "V49334",
        "indicator": "PRO",
        "type": "PERSON",
        "word": "I",
        "roles": {
          "PROFORM": "I",
          "LEX": "I",
          "WNSENSE": "person%1:03:00"
        },
        "start": 25,
        "end": 27
      },
      "root": "#V49384"
    },
    {
      "V49693": {
        "id": "V49693",
        "indicator": "SPEECHACT",
        "type": "SA_TELL",
        "word": null,
        "roles": {
          "CONTENT": "#V49236",
          "LEX": "KNEED"
        },
        "start": 0,
        "end": 6
      },
      "V49236": {
        "id": "V49236",
        "indicator": "F",
        "type": "SITUATION-ROOT",
        "word": "KNEED",
        "roles": {
          "TENSE": "PAST",
          "LEX": "KNEED"
        },
        "start": 0,
        "end": 6
      },
      "V49694": {
        "id": "V49694",
        "indicator": "IMPRO",
        "type": "REFERENTIAL-SEM",
        "word": null,
        "roles": {
          "PROFORM": "SUBJ"
        },
        "start": 0,
        "end": 6
      },
      "root": "#V49693"
    },
    {
      "V49447": {
        "id": "V49447",
        "indicator": "THE",
        "type": "QUANTITY-ABSTR",
        "word": null,
        "roles": {
          "FIGURE": "#V49239"
        },
        "start": 6,
        "end": 10
      },
      "V49239": {
        "id": "V49239",
        "indicator": "PRO",
        "type": "MALE-PERSON",
        "word": "HIM",
        "roles": {
          "PROFORM": "HIM",
          "LEX": "HIM",
          "WNSENSE": "man%1:18:00"
        },
        "start": 6,
        "end": 10
      },
      "root": "#V49447"
    },
    {
      "V49384": {
        "id": "V49384",
        "indicator": "F",
        "type": "CAUSE-OFF",
        "word": "TAKE-OFF",
        "roles": {
          "LOCATION": "#V49247",
          "TENSE": "PAST",
          "LEX": "TOOK"
        },
        "start": 10,
        "end": 35
      },
      "V49247": {
        "id": "V49247",
        "indicator": "F",
        "type": "IN-LOC",
        "word": "IN",
        "roles": {
          "GROUND": "#V49318",
          "FIGURE": "#V49384",
          "LEX": "IN"
        },
        "start": 10,
        "end": 27
      },
      "V49318": {
        "id": "V49318",
        "indicator": "INDEF-SET",
        "type": "NATURAL-OBJECT",
        "word": null,
        "roles": {
          "OPERATOR": "(AND)",
          "SEQUENCE": "#V49312",
          "SEQUENCE1": "#V49334",
          "LEX": "PUNC-AND"
        },
        "start": 13,
        "end": 27
      },
      "V49312": {
        "id": "V49312",
        "indicator": "THE",
        "type": "BODY-PART",
        "word": "GROIN",
        "roles": {
          "LEX": "GROIN",
          "WNSENSE": "groin%1:08:00::"
        },
        "start": 13,
        "end": 23
      },
      "V49334": {
        "id": "V49334",
        "indicator": "PRO",
        "type": "PERSON",
        "word": "I",
        "roles": {
          "PROFORM": "I",
          "LEX": "I",
          "WNSENSE": "person%1:03:00"
        },
        "start": 25,
        "end": 27
      },
      "root": "#V49384"
    },
    {
      "V49693": {
        "id": "V49693",
        "indicator": "SPEECHACT",
        "type": "SA_TELL",
        "word": null,
        "roles": {
          "CONTENT": "#V49236",
          "LEX": "KNEED"
        },
        "start": 0,
        "end": 6
      },
      "V49236": {
        "id": "V49236",
        "indicator": "F",
        "type": "SITUATION-ROOT",
        "word": "KNEED",
        "roles": {
          "TENSE": "PAST",
          "LEX": "KNEED"
        },
        "start": 0,
        "end": 6
      },
      "V49694": {
        "id": "V49694",
        "indicator": "IMPRO",
        "type": "REFERENTIAL-SEM",
        "word": null,
        "roles": {
          "PROFORM": "SUBJ"
        },
        "start": 0,
        "end": 6
      },
      "root": "#V49693"
    },
    {
      "V49447": {
        "id": "V49447",
        "indicator": "THE",
        "type": "QUANTITY-ABSTR",
        "word": null,
        "roles": {
          "FIGURE": "#V49239"
        },
        "start": 6,
        "end": 10
      },
      "V49239": {
        "id": "V49239",
        "indicator": "PRO",
        "type": "MALE-PERSON",
        "word": "HIM",
        "roles": {
          "PROFORM": "HIM",
          "LEX": "HIM",
          "WNSENSE": "man%1:18:00"
        },
        "start": 6,
        "end": 10
      },
      "root": "#V49447"
    },
    {
      "V49384": {
        "id": "V49384",
        "indicator": "F",
        "type": "CAUSE-OFF",
        "word": "TAKE-OFF",
        "roles": {
          "LOCATION": "#V49247",
          "TENSE": "PAST",
          "LEX": "TOOK"
        },
        "start": 10,
        "end": 35
      },
      "V49247": {
        "id": "V49247",
        "indicator": "F",
        "type": "IN-LOC",
        "word": "IN",
        "roles": {
          "GROUND": "#V49318",
          "FIGURE": "#V49384",
          "LEX": "IN"
        },
        "start": 10,
        "end": 27
      },
      "V49318": {
        "id": "V49318",
        "indicator": "INDEF-SET",
        "type": "PHYS-OBJECT",
        "word": null,
        "roles": {
          "OPERATOR": "(AND)",
          "SEQUENCE": "#V49314",
          "SEQUENCE1": "#V49334",
          "LEX": "PUNC-AND"
        },
        "start": 13,
        "end": 27
      },
      "V49314": {
        "id": "V49314",
        "indicator": "THE",
        "type": "SURFACE-LOCATION",
        "word": "GROIN",
        "roles": {
          "LEX": "GROIN",
          "WNSENSE": "groin%1:06:01::"
        },
        "start": 13,
        "end": 23
      },
      "V49334": {
        "id": "V49334",
        "indicator": "PRO",
        "type": "PERSON",
        "word": "I",
        "roles": {
          "PROFORM": "I",
          "LEX": "I",
          "WNSENSE": "person%1:03:00"
        },
        "start": 25,
        "end": 27
      },
      "root": "#V49384"
    },
    {
      "V49693": {
        "id": "V49693",
        "indicator": "SPEECHACT",
        "type": "SA_TELL",
        "word": null,
        "roles": {
          "CONTENT": "#V49236",
          "LEX": "KNEED"
        },
        "start": 0,
        "end": 6
      },
      "V49236": {
        "id": "V49236",
        "indicator": "F",
        "type": "SITUATION-ROOT",
        "word": "KNEED",
        "roles": {
          "TENSE": "PAST",
          "LEX": "KNEED"
        },
        "start": 0,
        "end": 6
      },
      "V49694": {
        "id": "V49694",
        "indicator": "IMPRO",
        "type": "REFERENTIAL-SEM",
        "word": null,
        "roles": {
          "PROFORM": "SUBJ"
        },
        "start": 0,
        "end": 6
      },
      "root": "#V49693"
    },
    {
      "V49505": {
        "id": "V49505",
        "indicator": "SPEECHACT",
        "type": "SA_IDENTIFY",
        "word": null,
        "roles": {
          "CONTENT": "#V49239",
          "LEX": "HIM"
        },
        "start": 6,
        "end": 10
      },
      "V49239": {
        "id": "V49239",
        "indicator": "PRO",
        "type": "MALE-PERSON",
        "word": "HIM",
        "roles": {
          "PROFORM": "HIM",
          "LEX": "HIM",
          "WNSENSE": "man%1:18:00"
        },
        "start": 6,
        "end": 10
      },
      "root": "#V49505"
    },
    {
      "V49384": {
        "id": "V49384",
        "indicator": "F",
        "type": "CAUSE-OFF",
        "word": "TAKE-OFF",
        "roles": {
          "LOCATION": "#V49247",
          "TENSE": "PAST",
          "LEX": "TOOK"
        },
        "start": 10,
        "end": 35
      },
      "V49247": {
        "id": "V49247",
        "indicator": "F",
        "type": "IN-LOC",
        "word": "IN",
        "roles": {
          "GROUND": "#V49318",
          "FIGURE": "#V49384",
          "LEX": "IN"
        },
        "start": 10,
        "end": 27
      },
      "V49318": {
        "id": "V49318",
        "indicator": "INDEF-SET",
        "type": "REFERENTIAL-SEM",
        "word": null,
        "roles": {
          "OPERATOR": "(AND)",
          "SEQUENCE": "#V49538",
          "SEQUENCE1": "#V49334",
          "LEX": "PUNC-AND"
        },
        "start": 13,
        "end": 27
      },
      "V49538": {
        "id": "V49538",
        "indicator": "THE",
        "type": "QUANTITY-ABSTR",
        "word": null,
        "roles": {
          "FIGURE": "#V49312"
        },
        "start": 13,
        "end": 23
      },
      "V49312": {
        "id": "V49312",
        "indicator": "THE",
        "type": "BODY-PART",
        "word": "GROIN",
        "roles": {
          "LEX": "GROIN",
          "WNSENSE": "groin%1:08:00::"
        },
        "start": 13,
        "end": 23
      },
      "V49334": {
        "id": "V49334",
        "indicator": "PRO",
        "type": "PERSON",
        "word": "I",
        "roles": {
          "PROFORM": "I",
          "LEX": "I",
          "WNSENSE": "person%1:03:00"
        },
        "start": 25,
        "end": 27
      },
      "root": "#V49384"
    },
    {
      "V49693": {
        "id": "V49693",
        "indicator": "SPEECHACT",
        "type": "SA_TELL",
        "word": null,
        "roles": {
          "CONTENT": "#V49236",
          "LEX": "KNEED"
        },
        "start": 0,
        "end": 6
      },
      "V49236": {
        "id": "V49236",
        "indicator": "F",
        "type": "SITUATION-ROOT",
        "word": "KNEED",
        "roles": {
          "TENSE": "PAST",
          "LEX": "KNEED"
        },
        "start": 0,
        "end": 6
      },
      "V49694": {
        "id": "V49694",
        "indicator": "IMPRO",
        "type": "REFERENTIAL-SEM",
        "word": null,
        "roles": {
          "PROFORM": "SUBJ"
        },
        "start": 0,
        "end": 6
      },
      "root": "#V49693"
    },
    {
      "V49505": {
        "id": "V49505",
        "indicator": "SPEECHACT",
        "type": "SA_IDENTIFY",
        "word": null,
        "roles": {
          "CONTENT": "#V49239",
          "LEX": "HIM"
        },
        "start": 6,
        "end": 10
      },
      "V49239": {
        "id": "V49239",
        "indicator": "PRO",
        "type": "MALE-PERSON",
        "word": "HIM",
        "roles": {
          "PROFORM": "HIM",
          "LEX": "HIM",
          "WNSENSE": "man%1:18:00"
        },
        "start": 6,
        "end": 10
      },
      "root": "#V49505"
    },
    {
      "V49384": {
        "id": "V49384",
        "indicator": "F",
        "type": "CAUSE-OFF",
        "word": "TAKE-OFF",
        "roles": {
          "SCALE": "#V49252",
          "TENSE": "PAST",
          "LEX": "TOOK"
        },
        "start": 10,
        "end": 35
      },
      "V49252": {
        "id": "V49252",
        "indicator": "F",
        "type": "IN-SCALE",
        "word": "IN",
        "roles": {
          "GROUND": "#V49318",
          "FIGURE": "#V49384",
          "LEX": "IN"
        },
        "start": 10,
        "end": 27
      },
      "V49318": {
        "id": "V49318",
        "indicator": "INDEF-SET",
        "type": "REFERENTIAL-SEM",
        "word": null,
        "roles": {
          "OPERATOR": "(AND)",
          "SEQUENCE": "#V49538",
          "SEQUENCE1": "#V49334",
          "LEX": "PUNC-AND"
        },
        "start": 13,
        "end": 27
      },
      "V49538": {
        "id": "V49538",
        "indicator": "THE",
        "type": "QUANTITY-ABSTR",
        "word": null,
        "roles": {
          "FIGURE": "#V49312"
        },
        "start": 13,
        "end": 23
      },
      "V49312": {
        "id": "V49312",
        "indicator": "THE",
        "type": "BODY-PART",
        "word": "GROIN",
        "roles": {
          "LEX": "GROIN",
          "WNSENSE": "groin%1:08:00::"
        },
        "start": 13,
        "end": 23
      },
      "V49334": {
        "id": "V49334",
        "indicator": "PRO",
        "type": "PERSON",
        "word": "I",
        "roles": {
          "PROFORM": "I",
          "LEX": "I",
          "WNSENSE": "person%1:03:00"
        },
        "start": 25,
        "end": 27
      },
      "root": "#V49384"
    },
    {
      "V49693": {
        "id": "V49693",
        "indicator": "SPEECHACT",
        "type": "SA_TELL",
        "word": null,
        "roles": {
          "CONTENT": "#V49236",
          "LEX": "KNEED"
        },
        "start": 0,
        "end": 6
      },
      "V49236": {
        "id": "V49236",
        "indicator": "F",
        "type": "SITUATION-ROOT",
        "word": "KNEED",
        "roles": {
          "TENSE": "PAST",
          "LEX": "KNEED"
        },
        "start": 0,
        "end": 6
      },
      "V49694": {
        "id": "V49694",
        "indicator": "IMPRO",
        "type": "REFERENTIAL-SEM",
        "word": null,
        "roles": {
          "PROFORM": "SUBJ"
        },
        "start": 0,
        "end": 6
      },
      "root": "#V49693"
    },
    {
      "V49505": {
        "id": "V49505",
        "indicator": "SPEECHACT",
        "type": "SA_IDENTIFY",
        "word": null,
        "roles": {
          "CONTENT": "#V49239",
          "LEX": "HIM"
        },
        "start": 6,
        "end": 10
      },
      "V49239": {
        "id": "V49239",
        "indicator": "PRO",
        "type": "MALE-PERSON",
        "word": "HIM",
        "roles": {
          "PROFORM": "HIM",
          "LEX": "HIM",
          "WNSENSE": "man%1:18:00"
        },
        "start": 6,
        "end": 10
      },
      "root": "#V49505"
    },
    {
      "V49384": {
        "id": "V49384",
        "indicator": "F",
        "type": "CAUSE-OFF",
        "word": "TAKE-OFF",
        "roles": {
          "LOCATION": "#V49247",
          "TENSE": "PAST",
          "LEX": "TOOK"
        },
        "start": 10,
        "end": 35
      },
      "V49247": {
        "id": "V49247",
        "indicator": "F",
        "type": "IN-LOC",
        "word": "IN",
        "roles": {
          "GROUND": "#V49318",
          "FIGURE": "#V49384",
          "LEX": "IN"
        },
        "start": 10,
        "end": 27
      },
      "V49318": {
        "id": "V49318",
        "indicator": "INDEF-SET",
        "type": "REFERENTIAL-SEM",
        "word": null,
        "roles": {
          "OPERATOR": "(AND)",
          "SEQUENCE": "#V49553",
          "SEQUENCE1": "#V49334",
          "LEX": "PUNC-AND"
        },
        "start": 13,
        "end": 27
      },
      "V49553": {
        "id": "V49553",
        "indicator": "THE",
        "type": "QUANTITY-ABSTR",
        "word": null,
        "roles": {
          "FIGURE": "#V49314"
        },
        "start": 13,
        "end": 23
      },
      "V49314": {
        "id": "V49314",
        "indicator": "THE",
        "type": "SURFACE-LOCATION",
        "word": "GROIN",
        "roles": {
          "LEX": "GROIN",
          "WNSENSE": "groin%1:06:01::"
        },
        "start": 13,
        "end": 23
      },
      "V49334": {
        "id": "V49334",
        "indicator": "PRO",
        "type": "PERSON",
        "word": "I",
        "roles": {
          "PROFORM": "I",
          "LEX": "I",
          "WNSENSE": "person%1:03:00"
        },
        "start": 25,
        "end": 27
      },
      "root": "#V49384"
    },
    {
      "V49693": {
        "id": "V49693",
        "indicator": "SPEECHACT",
        "type": "SA_TELL",
        "word": null,
        "roles": {
          "CONTENT": "#V49236",
          "LEX": "KNEED"
        },
        "start": 0,
        "end": 6
      },
      "V49236": {
        "id": "V49236",
        "indicator": "F",
        "type": "SITUATION-ROOT",
        "word": "KNEED",
        "roles": {
          "TENSE": "PAST",
          "LEX": "KNEED"
        },
        "start": 0,
        "end": 6
      },
      "V49694": {
        "id": "V49694",
        "indicator": "IMPRO",
        "type": "REFERENTIAL-SEM",
        "word": null,
        "roles": {
          "PROFORM": "SUBJ"
        },
        "start": 0,
        "end": 6
      },
      "root": "#V49693"
    },
    {
      "V49505": {
        "id": "V49505",
        "indicator": "SPEECHACT",
        "type": "SA_IDENTIFY",
        "word": null,
        "roles": {
          "CONTENT": "#V49239",
          "LEX": "HIM"
        },
        "start": 6,
        "end": 10
      },
      "V49239": {
        "id": "V49239",
        "indicator": "PRO",
        "type": "MALE-PERSON",
        "word": "HIM",
        "roles": {
          "PROFORM": "HIM",
          "LEX": "HIM",
          "WNSENSE": "man%1:18:00"
        },
        "start": 6,
        "end": 10
      },
      "root": "#V49505"
    },
    {
      "V49384": {
        "id": "V49384",
        "indicator": "F",
        "type": "CAUSE-OFF",
        "word": "TAKE-OFF",
        "roles": {
          "SCALE": "#V49252",
          "TENSE": "PAST",
          "LEX": "TOOK"
        },
        "start": 10,
        "end": 35
      },
      "V49252": {
        "id": "V49252",
        "indicator": "F",
        "type": "IN-SCALE",
        "word": "IN",
        "roles": {
          "GROUND": "#V49318",
          "FIGURE": "#V49384",
          "LEX": "IN"
        },
        "start": 10,
        "end": 27
      },
      "V49318": {
        "id": "V49318",
        "indicator": "INDEF-SET",
        "type": "REFERENTIAL-SEM",
        "word": null,
        "roles": {
          "OPERATOR": "(AND)",
          "SEQUENCE": "#V49553",
          "SEQUENCE1": "#V49334",
          "LEX": "PUNC-AND"
        },
        "start": 13,
        "end": 27
      },
      "V49553": {
        "id": "V49553",
        "indicator": "THE",
        "type": "QUANTITY-ABSTR",
        "word": null,
        "roles": {
          "FIGURE": "#V49314"
        },
        "start": 13,
        "end": 23
      },
      "V49314": {
        "id": "V49314",
        "indicator": "THE",
        "type": "SURFACE-LOCATION",
        "word": "GROIN",
        "roles": {
          "LEX": "GROIN",
          "WNSENSE": "groin%1:06:01::"
        },
        "start": 13,
        "end": 23
      },
      "V49334": {
        "id": "V49334",
        "indicator": "PRO",
        "type": "PERSON",
        "word": "I",
        "roles": {
          "PROFORM": "I",
          "LEX": "I",
          "WNSENSE": "person%1:03:00"
        },
        "start": 25,
        "end": 27
      },
      "root": "#V49384"
    }
  ],
  "inputtags": [],
  "debug": [
    "*last-utt-id*=NIL  utt-id+3",
    "*last-utt-id*=3  utt-id+3",
    "*last-utt-id*=3  utt-id+3",
    "*last-utt-id*=3  utt-id+NIL"
  ]
}
