{
  "parse": [
    {
      "V1261220": {
        "id": "V1261220",
        "indicator": "SPEECHACT",
        "type": "SA_IDENTIFY",
        "word": null,
        "roles": {
          "CONTENT": "#V1259706",
          "LEX": "BOSS"
        },
        "start": 0,
        "end": 17
      },
      "V1259706": {
        "id": "V1259706",
        "indicator": "THE",
        "type": "PROFESSIONAL",
        "word": "BOSS",
        "roles": {
          "ASSOC-POSS": "#V1259703",
          "MOD": "#V1259715",
          "LEX": "BOSS",
          "WNSENSE": "professional%1:18:00"
        },
        "start": 0,
        "end": 17
      },
      "V1259703": {
        "id": "V1259703",
        "indicator": "PRO",
        "type": "PERSON",
        "word": "MY",
        "roles": {
          "LEX": "MY",
          "PROFORM": "MY",
          "WNSENSE": "person%1:03:00",
          "COREF": "USER"
        },
        "start": 0,
        "end": 17
      },
      "V1259715": {
        "id": "V1259715",
        "indicator": "F",
        "type": "REQUEST",
        "word": "INSIST",
        "roles": {
          "NEUTRAL": "#V1259706",
          "VFORM": "PASSIVE",
          "LEX": "INSISTED",
          "WNSENSE": "insist%2:32:00::"
        },
        "start": 8,
        "end": 17
      },
      "root": "#V1261220"
    },
    {
      "V1265688": {
        "id": "V1265688",
        "indicator": "SPEECHACT",
        "type": "SA_TELL",
        "word": null,
        "roles": {
          "PUNCTYPE": "DECL",
          "CONTENT": "#V1259757",
          "LEX": "COME"
        },
        "start": 17,
        "end": 54
      },
      "V1259757": {
        "id": "V1259757",
        "indicator": "F",
        "type": "COME",
        "word": "COME",
        "roles": {
          "MOD": "#V1259727",
          "RESULT": "#V1259774",
          "AFFECTED": "#V1259719",
          "TIME": "#V1259831",
          "TENSE": "PRES",
          "LEX": "COME",
          "WNSENSE": "come%2:42:15::"
        },
        "start": 17,
        "end": 54
      },
      "V1259719": {
        "id": "V1259719",
        "indicator": "PRO-SET",
        "type": "PERSON",
        "word": "WE",
        "roles": {
          "PROFORM": "WE",
          "LEX": "WE",
          "WNSENSE": "person%1:03:00",
          "COREF": "US"
        },
        "start": 17,
        "end": 20
      },
      "V1259727": {
        "id": "V1259727",
        "indicator": "F",
        "type": "MODIFIER",
        "word": "ALL",
        "roles": {
          "FIGURE": "#V1259757",
          "LEX": "ALL"
        },
        "start": 20,
        "end": 24
      },
      "V1259774": {
        "id": "V1259774",
        "indicator": "F",
        "type": "TO-LOC",
        "word": "TO",
        "roles": {
          "GROUND": "#V1260009",
          "FIGURE": "#V1259719",
          "LEX": "TO"
        },
        "start": 29,
        "end": 42
      },
      "V1260009": {
        "id": "V1260009",
        "indicator": "THE",
        "type": "QUANTITY-ABSTR",
        "word": null,
        "roles": {
          "FIGURE": "#V1259827"
        },
        "start": 32,
        "end": 42
      },
      "V1259827": {
        "id": "V1259827",
        "indicator": "THE",
        "type": "GATHERING-EVENT",
        "word": "PARTY",
        "roles": {
          "ASSOC-POSS": "#V1259821",
          "LEX": "PARTY",
          "WNSENSE": "party%1:14:00::"
        },
        "start": 32,
        "end": 42
      },
      "V1259821": {
        "id": "V1259821",
        "indicator": "PRO",
        "type": "MALE-PERSON",
        "word": "HIS",
        "roles": {
          "LEX": "HIS",
          "PROFORM": "HIS",
          "WNSENSE": "man%1:18:00",
          "COREF": "#V1259706"
        },
        "start": 32,
        "end": 42
      },
      "V1259831": {
        "id": "V1259831",
        "indicator": "F",
        "type": "AFTER",
        "word": "AFTER",
        "roles": {
          "GROUND": "#V1259841",
          "FIGURE": "#V1259757",
          "LEX": "AFTER",
          "WNSENSE": "after%4:02:01::"
        },
        "start": 42,
        "end": 54
      },
      "V1259841": {
        "id": "V1259841",
        "indicator": "INDEF-SET",
        "type": "TIME-DEFINED-BY-DURATION",
        "word": "HOUR",
        "roles": {
          "SCALE": "TIME-LOC-SCALE",
          "LEX": "HOURS",
          "WNSENSE": "hour%1:28:01::"
        },
        "start": 48,
        "end": 54
      },
      "root": "#V1265688"
    },
    {
      "V1261220": {
        "id": "V1261220",
        "indicator": "SPEECHACT",
        "type": "SA_IDENTIFY",
        "word": null,
        "roles": {
          "CONTENT": "#V1259706",
          "LEX": "BOSS"
        },
        "start": 0,
        "end": 17
      },
      "V1259706": {
        "id": "V1259706",
        "indicator": "THE",
        "type": "PROFESSIONAL",
        "word": "BOSS",
        "roles": {
          "ASSOC-POSS": "#V1259703",
          "MOD": "#V1259715",
          "LEX": "BOSS",
          "WNSENSE": "professional%1:18:00"
        },
        "start": 0,
        "end": 17
      },
      "V1259703": {
        "id": "V1259703",
        "indicator": "PRO",
        "type": "PERSON",
        "word": "MY",
        "roles": {
          "LEX": "MY",
          "PROFORM": "MY",
          "WNSENSE": "person%1:03:00"
        },
        "start": 0,
        "end": 17
      },
      "V1259715": {
        "id": "V1259715",
        "indicator": "F",
        "type": "REQUEST",
        "word": "INSIST",
        "roles": {
          "NEUTRAL": "#V1259706",
          "VFORM": "PASSIVE",
          "LEX": "INSISTED",
          "WNSENSE": "insist%2:32:00::"
        },
        "start": 8,
        "end": 17
      },
      "root": "#V1261220"
    },
    {
      "V1265787": {
        "id": "V1265787",
        "indicator": "SPEECHACT",
        "type": "SA_TELL",
        "word": null,
        "roles": {
          "PUNCTYPE": "DECL",
          "CONTENT": "#V1259757",
          "LEX": "COME"
        },
        "start": 17,
        "end": 55
      },
      "V1259757": {
        "id": "V1259757",
        "indicator": "F",
        "type": "COME",
        "word": "COME",
        "roles": {
          "MOD": [
            "#V1259727",
            "#V1259863"
          ],
          "RESULT": "#V1259774",
          "AFFECTED": "#V1259719",
          "TENSE": "PRES",
          "LEX": "COME",
          "WNSENSE": "come%2:42:15::"
        },
        "start": 17,
        "end": 54
      },
      "V1259719": {
        "id": "V1259719",
        "indicator": "PRO-SET",
        "type": "PERSON",
        "word": "WE",
        "roles": {
          "PROFORM": "WE",
          "LEX": "WE",
          "WNSENSE": "person%1:03:00"
        },
        "start": 17,
        "end": 20
      },
      "V1259727": {
        "id": "V1259727",
        "indicator": "F",
        "type": "MODIFIER",
        "word": "ALL",
        "roles": {
          "FIGURE": "#V1259757",
          "LEX": "ALL"
        },
        "start": 20,
        "end": 24
      },
      "V1259774": {
        "id": "V1259774",
        "indicator": "F",
        "type": "TO-LOC",
        "word": "TO",
        "roles": {
          "GROUND": "#V1260009",
          "FIGURE": "#V1259719",
          "LEX": "TO"
        },
        "start": 29,
        "end": 42
      },
      "V1260009": {
        "id": "V1260009",
        "indicator": "THE",
        "type": "QUANTITY-ABSTR",
        "word": null,
        "roles": {
          "FIGURE": "#V1259827"
        },
        "start": 32,
        "end": 42
      },
      "V1259827": {
        "id": "V1259827",
        "indicator": "THE",
        "type": "GATHERING-EVENT",
        "word": "PARTY",
        "roles": {
          "ASSOC-POSS": "#V1259821",
          "LEX": "PARTY",
          "WNSENSE": "party%1:14:00::"
        },
        "start": 32,
        "end": 42
      },
      "V1259821": {
        "id": "V1259821",
        "indicator": "PRO",
        "type": "MALE-PERSON",
        "word": "HIS",
        "roles": {
          "LEX": "HIS",
          "PROFORM": "HIS",
          "WNSENSE": "man%1:18:00"
        },
        "start": 32,
        "end": 42
      },
      "V1259863": {
        "id": "V1259863",
        "indicator": "F",
        "type": "PREDICATE",
        "word": "AFTER-HOURS",
        "roles": {
          "FIGURE": "#V1259757",
          "LEX": "AFTER-HOURS",
          "WNSENSE": "after_hours%4:02:00"
        },
        "start": 42,
        "end": 54
      },
      "root": "#V1265787"
    },
    {
      "V1261220": {
        "id": "V1261220",
        "indicator": "SPEECHACT",
        "type": "SA_IDENTIFY",
        "word": null,
        "roles": {
          "CONTENT": "#V1259706",
          "LEX": "BOSS"
        },
        "start": 0,
        "end": 17
      },
      "V1259706": {
        "id": "V1259706",
        "indicator": "THE",
        "type": "PROFESSIONAL",
        "word": "BOSS",
        "roles": {
          "ASSOC-POSS": "#V1259703",
          "MOD": "#V1259715",
          "LEX": "BOSS",
          "WNSENSE": "professional%1:18:00"
        },
        "start": 0,
        "end": 17
      },
      "V1259703": {
        "id": "V1259703",
        "indicator": "PRO",
        "type": "PERSON",
        "word": "MY",
        "roles": {
          "LEX": "MY",
          "PROFORM": "MY",
          "WNSENSE": "person%1:03:00"
        },
        "start": 0,
        "end": 17
      },
      "V1259715": {
        "id": "V1259715",
        "indicator": "F",
        "type": "REQUEST",
        "word": "INSIST",
        "roles": {
          "NEUTRAL": "#V1259706",
          "VFORM": "PASSIVE",
          "LEX": "INSISTED",
          "WNSENSE": "insist%2:32:00::"
        },
        "start": 8,
        "end": 17
      },
      "root": "#V1261220"
    },
    {
      "V1265838": {
        "id": "V1265838",
        "indicator": "SPEECHACT",
        "type": "SA_TELL",
        "word": null,
        "roles": {
          "PUNCTYPE": "DECL",
          "CONTENT": "#V1259757",
          "LEX": "COME"
        },
        "start": 17,
        "end": 55
      },
      "V1259757": {
        "id": "V1259757",
        "indicator": "F",
        "type": "COME",
        "word": "COME",
        "roles": {
          "MOD": "#V1259727",
          "RESULT": "#V1259776",
          "AFFECTED": "#V1259719",
          "TIME": "#V1259831",
          "TENSE": "PRES",
          "LEX": "COME",
          "WNSENSE": "come%2:42:15::"
        },
        "start": 17,
        "end": 54
      },
      "V1259719": {
        "id": "V1259719",
        "indicator": "PRO-SET",
        "type": "PERSON",
        "word": "WE",
        "roles": {
          "PROFORM": "WE",
          "LEX": "WE",
          "WNSENSE": "person%1:03:00"
        },
        "start": 17,
        "end": 20
      },
      "V1259727": {
        "id": "V1259727",
        "indicator": "F",
        "type": "MODIFIER",
        "word": "ALL",
        "roles": {
          "FIGURE": "#V1259757",
          "LEX": "ALL"
        },
        "start": 20,
        "end": 24
      },
      "V1259776": {
        "id": "V1259776",
        "indicator": "F",
        "type": "RESULTING-STATE",
        "word": "TO",
        "roles": {
          "GROUND": "#V1259827",
          "FIGURE": "#V1259719",
          "LEX": "TO"
        },
        "start": 29,
        "end": 42
      },
      "V1259827": {
        "id": "V1259827",
        "indicator": "THE",
        "type": "GATHERING-EVENT",
        "word": "PARTY",
        "roles": {
          "ASSOC-POSS": "#V1259821",
          "LEX": "PARTY",
          "WNSENSE": "party%1:14:00::"
        },
        "start": 32,
        "end": 42
      },
      "V1259821": {
        "id": "V1259821",
        "indicator": "PRO",
        "type": "MALE-PERSON",
        "word": "HIS",
        "roles": {
          "LEX": "HIS",
          "PROFORM": "HIS",
          "WNSENSE": "man%1:18:00"
        },
        "start": 32,
        "end": 42
      },
      "V1259831": {
        "id": "V1259831",
        "indicator": "F",
        "type": "AFTER",
        "word": "AFTER",
        "roles": {
          "GROUND": "#V1259841",
          "FIGURE": "#V1259757",
          "LEX": "AFTER",
          "WNSENSE": "after%4:02:01::"
        },
        "start": 42,
        "end": 54
      },
      "V1259841": {
        "id": "V1259841",
        "indicator": "INDEF-SET",
        "type": "TIME-DEFINED-BY-DURATION",
        "word": "HOUR",
        "roles": {
          "SCALE": "TIME-LOC-SCALE",
          "LEX": "HOURS",
          "WNSENSE": "hour%1:28:01::"
        },
        "start": 48,
        "end": 54
      },
      "root": "#V1265838"
    },
    {
      "V1261220": {
        "id": "V1261220",
        "indicator": "SPEECHACT",
        "type": "SA_IDENTIFY",
        "word": null,
        "roles": {
          "CONTENT": "#V1259706",
          "LEX": "BOSS"
        },
        "start": 0,
        "end": 17
      },
      "V1259706": {
        "id": "V1259706",
        "indicator": "THE",
        "type": "PROFESSIONAL",
        "word": "BOSS",
        "roles": {
          "ASSOC-POSS": "#V1259703",
          "MOD": "#V1259715",
          "LEX": "BOSS",
          "WNSENSE": "professional%1:18:00"
        },
        "start": 0,
        "end": 17
      },
      "V1259703": {
        "id": "V1259703",
        "indicator": "PRO",
        "type": "PERSON",
        "word": "MY",
        "roles": {
          "LEX": "MY",
          "PROFORM": "MY",
          "WNSENSE": "person%1:03:00"
        },
        "start": 0,
        "end": 17
      },
      "V1259715": {
        "id": "V1259715",
        "indicator": "F",
        "type": "REQUEST",
        "word": "INSIST",
        "roles": {
          "NEUTRAL": "#V1259706",
          "VFORM": "PASSIVE",
          "LEX": "INSISTED",
          "WNSENSE": "insist%2:32:00::"
        },
        "start": 8,
        "end": 17
      },
      "root": "#V1261220"
    },
    {
      "V1265933": {
        "id": "V1265933",
        "indicator": "SPEECHACT",
        "type": "SA_TELL",
        "word": null,
        "roles": {
          "PUNCTYPE": "DECL",
          "CONTENT": "#V1259757",
          "LEX": "COME"
        },
        "start": 17,
        "end": 55
      },
      "V1259757": {
        "id": "V1259757",
        "indicator": "F",
        "type": "COME",
        "word": "COME",
        "roles": {
          "MOD": "#V1259727",
          "RESULT": "#V1259776",
          "AFFECTED": "#V1259719",
          "TIME": "#V1259831",
          "TENSE": "PRES",
          "LEX": "COME",
          "WNSENSE": "come%2:42:15::"
        },
        "start": 17,
        "end": 54
      },
      "V1259719": {
        "id": "V1259719",
        "indicator": "PRO-SET",
        "type": "PERSON",
        "word": "WE",
        "roles": {
          "PROFORM": "WE",
          "LEX": "WE",
          "WNSENSE": "person%1:03:00"
        },
        "start": 17,
        "end": 20
      },
      "V1259727": {
        "id": "V1259727",
        "indicator": "F",
        "type": "MODIFIER",
        "word": "ALL",
        "roles": {
          "FIGURE": "#V1259757",
          "LEX": "ALL"
        },
        "start": 20,
        "end": 24
      },
      "V1259776": {
        "id": "V1259776",
        "indicator": "F",
        "type": "RESULTING-STATE",
        "word": "TO",
        "roles": {
          "GROUND": "#V1260009",
          "FIGURE": "#V1259719",
          "LEX": "TO"
        },
        "start": 29,
        "end": 42
      },
      "V1260009": {
        "id": "V1260009",
        "indicator": "THE",
        "type": "QUANTITY-ABSTR",
        "word": null,
        "roles": {
          "FIGURE": "#V1259827"
        },
        "start": 32,
        "end": 42
      },
      "V1259827": {
        "id": "V1259827",
        "indicator": "THE",
        "type": "GATHERING-EVENT",
        "word": "PARTY",
        "roles": {
          "ASSOC-POSS": "#V1259821",
          "LEX": "PARTY",
          "WNSENSE": "party%1:14:00::"
        },
        "start": 32,
        "end": 42
      },
      "V1259821": {
        "id": "V1259821",
        "indicator": "PRO",
        "type": "MALE-PERSON",
        "word": "HIS",
        "roles": {
          "LEX": "HIS",
          "PROFORM": "HIS",
          "WNSENSE": "man%1:18:00"
        },
        "start": 32,
        "end": 42
      },
      "V1259831": {
        "id": "V1259831",
        "indicator": "F",
        "type": "AFTER",
        "word": "AFTER",
        "roles": {
          "GROUND": "#V1259841",
          "FIGURE": "#V1259757",
          "LEX": "AFTER",
          "WNSENSE": "after%4:02:01::"
        },
        "start": 42,
        "end": 54
      },
      "V1259841": {
        "id": "V1259841",
        "indicator": "INDEF-SET",
        "type": "TIME-DEFINED-BY-DURATION",
        "word": "HOUR",
        "roles": {
          "SCALE": "TIME-LOC-SCALE",
          "LEX": "HOURS",
          "WNSENSE": "hour%1:28:01::"
        },
        "start": 48,
        "end": 54
      },
      "root": "#V1265933"
    },
    {
      "V1261220": {
        "id": "V1261220",
        "indicator": "SPEECHACT",
        "type": "SA_IDENTIFY",
        "word": null,
        "roles": {
          "CONTENT": "#V1259706",
          "LEX": "BOSS"
        },
        "start": 0,
        "end": 17
      },
      "V1259706": {
        "id": "V1259706",
        "indicator": "THE",
        "type": "PROFESSIONAL",
        "word": "BOSS",
        "roles": {
          "ASSOC-POSS": "#V1259703",
          "MOD": "#V1259715",
          "LEX": "BOSS",
          "WNSENSE": "professional%1:18:00"
        },
        "start": 0,
        "end": 17
      },
      "V1259703": {
        "id": "V1259703",
        "indicator": "PRO",
        "type": "PERSON",
        "word": "MY",
        "roles": {
          "LEX": "MY",
          "PROFORM": "MY",
          "WNSENSE": "person%1:03:00"
        },
        "start": 0,
        "end": 17
      },
      "V1259715": {
        "id": "V1259715",
        "indicator": "F",
        "type": "REQUEST",
        "word": "INSIST",
        "roles": {
          "NEUTRAL": "#V1259706",
          "VFORM": "PASSIVE",
          "LEX": "INSISTED",
          "WNSENSE": "insist%2:32:00::"
        },
        "start": 8,
        "end": 17
      },
      "root": "#V1261220"
    },
    {
      "V1265957": {
        "id": "V1265957",
        "indicator": "SPEECHACT",
        "type": "SA_TELL",
        "word": null,
        "roles": {
          "PUNCTYPE": "DECL",
          "CONTENT": "#V1259757",
          "LEX": "COME"
        },
        "start": 17,
        "end": 55
      },
      "V1259757": {
        "id": "V1259757",
        "indicator": "F",
        "type": "COME",
        "word": "COME",
        "roles": {
          "MOD": [
            "#V1259727",
            "#V1259863"
          ],
          "RESULT": "#V1259776",
          "AFFECTED": "#V1259719",
          "TENSE": "PRES",
          "LEX": "COME",
          "WNSENSE": "come%2:42:15::"
        },
        "start": 17,
        "end": 54
      },
      "V1259719": {
        "id": "V1259719",
        "indicator": "PRO-SET",
        "type": "PERSON",
        "word": "WE",
        "roles": {
          "PROFORM": "WE",
          "LEX": "WE",
          "WNSENSE": "person%1:03:00"
        },
        "start": 17,
        "end": 20
      },
      "V1259727": {
        "id": "V1259727",
        "indicator": "F",
        "type": "MODIFIER",
        "word": "ALL",
        "roles": {
          "FIGURE": "#V1259757",
          "LEX": "ALL"
        },
        "start": 20,
        "end": 24
      },
      "V1259776": {
        "id": "V1259776",
        "indicator": "F",
        "type": "RESULTING-STATE",
        "word": "TO",
        "roles": {
          "GROUND": "#V1259827",
          "FIGURE": "#V1259719",
          "LEX": "TO"
        },
        "start": 29,
        "end": 42
      },
      "V1259827": {
        "id": "V1259827",
        "indicator": "THE",
        "type": "GATHERING-EVENT",
        "word": "PARTY",
        "roles": {
          "ASSOC-POSS": "#V1259821",
          "LEX": "PARTY",
          "WNSENSE": "party%1:14:00::"
        },
        "start": 32,
        "end": 42
      },
      "V1259821": {
        "id": "V1259821",
        "indicator": "PRO",
        "type": "MALE-PERSON",
        "word": "HIS",
        "roles": {
          "LEX": "HIS",
          "PROFORM": "HIS",
          "WNSENSE": "man%1:18:00"
        },
        "start": 32,
        "end": 42
      },
      "V1259863": {
        "id": "V1259863",
        "indicator": "F",
        "type": "PREDICATE",
        "word": "AFTER-HOURS",
        "roles": {
          "FIGURE": "#V1259757",
          "LEX": "AFTER-HOURS",
          "WNSENSE": "after_hours%4:02:00"
        },
        "start": 42,
        "end": 54
      },
      "root": "#V1265957"
    },
    {
      "V1261220": {
        "id": "V1261220",
        "indicator": "SPEECHACT",
        "type": "SA_IDENTIFY",
        "word": null,
        "roles": {
          "CONTENT": "#V1259706",
          "LEX": "BOSS"
        },
        "start": 0,
        "end": 17
      },
      "V1259706": {
        "id": "V1259706",
        "indicator": "THE",
        "type": "PROFESSIONAL",
        "word": "BOSS",
        "roles": {
          "ASSOC-POSS": "#V1259703",
          "MOD": "#V1259715",
          "LEX": "BOSS",
          "WNSENSE": "professional%1:18:00"
        },
        "start": 0,
        "end": 17
      },
      "V1259703": {
        "id": "V1259703",
        "indicator": "PRO",
        "type": "PERSON",
        "word": "MY",
        "roles": {
          "LEX": "MY",
          "PROFORM": "MY",
          "WNSENSE": "person%1:03:00"
        },
        "start": 0,
        "end": 17
      },
      "V1259715": {
        "id": "V1259715",
        "indicator": "F",
        "type": "REQUEST",
        "word": "INSIST",
        "roles": {
          "NEUTRAL": "#V1259706",
          "VFORM": "PASSIVE",
          "LEX": "INSISTED",
          "WNSENSE": "insist%2:32:00::"
        },
        "start": 8,
        "end": 17
      },
      "root": "#V1261220"
    },
    {
      "V1266044": {
        "id": "V1266044",
        "indicator": "SPEECHACT",
        "type": "SA_TELL",
        "word": null,
        "roles": {
          "PUNCTYPE": "DECL",
          "CONTENT": "#V1259757",
          "LEX": "COME"
        },
        "start": 17,
        "end": 55
      },
      "V1259757": {
        "id": "V1259757",
        "indicator": "F",
        "type": "COME",
        "word": "COME",
        "roles": {
          "MOD": [
            "#V1259727",
            "#V1259863"
          ],
          "RESULT": "#V1259776",
          "AFFECTED": "#V1259719",
          "TENSE": "PRES",
          "LEX": "COME",
          "WNSENSE": "come%2:42:15::"
        },
        "start": 17,
        "end": 54
      },
      "V1259719": {
        "id": "V1259719",
        "indicator": "PRO-SET",
        "type": "PERSON",
        "word": "WE",
        "roles": {
          "PROFORM": "WE",
          "LEX": "WE",
          "WNSENSE": "person%1:03:00"
        },
        "start": 17,
        "end": 20
      },
      "V1259727": {
        "id": "V1259727",
        "indicator": "F",
        "type": "MODIFIER",
        "word": "ALL",
        "roles": {
          "FIGURE": "#V1259757",
          "LEX": "ALL"
        },
        "start": 20,
        "end": 24
      },
      "V1259776": {
        "id": "V1259776",
        "indicator": "F",
        "type": "RESULTING-STATE",
        "word": "TO",
        "roles": {
          "GROUND": "#V1260009",
          "FIGURE": "#V1259719",
          "LEX": "TO"
        },
        "start": 29,
        "end": 42
      },
      "V1260009": {
        "id": "V1260009",
        "indicator": "THE",
        "type": "QUANTITY-ABSTR",
        "word": null,
        "roles": {
          "FIGURE": "#V1259827"
        },
        "start": 32,
        "end": 42
      },
      "V1259827": {
        "id": "V1259827",
        "indicator": "THE",
        "type": "GATHERING-EVENT",
        "word": "PARTY",
        "roles": {
          "ASSOC-POSS": "#V1259821",
          "LEX": "PARTY",
          "WNSENSE": "party%1:14:00::"
        },
        "start": 32,
        "end": 42
      },
      "V1259821": {
        "id": "V1259821",
        "indicator": "PRO",
        "type": "MALE-PERSON",
        "word": "HIS",
        "roles": {
          "LEX": "HIS",
          "PROFORM": "HIS",
          "WNSENSE": "man%1:18:00"
        },
        "start": 32,
        "end": 42
      },
      "V1259863": {
        "id": "V1259863",
        "indicator": "F",
        "type": "PREDICATE",
        "word": "AFTER-HOURS",
        "roles": {
          "FIGURE": "#V1259757",
          "LEX": "AFTER-HOURS",
          "WNSENSE": "after_hours%4:02:00"
        },
        "start": 42,
        "end": 54
      },
      "root": "#V1266044"
    },
    {
      "V1261220": {
        "id": "V1261220",
        "indicator": "SPEECHACT",
        "type": "SA_IDENTIFY",
        "word": null,
        "roles": {
          "CONTENT": "#V1259706",
          "LEX": "BOSS"
        },
        "start": 0,
        "end": 17
      },
      "V1259706": {
        "id": "V1259706",
        "indicator": "THE",
        "type": "PROFESSIONAL",
        "word": "BOSS",
        "roles": {
          "ASSOC-POSS": "#V1259703",
          "MOD": "#V1259715",
          "LEX": "BOSS",
          "WNSENSE": "professional%1:18:00"
        },
        "start": 0,
        "end": 17
      },
      "V1259703": {
        "id": "V1259703",
        "indicator": "PRO",
        "type": "PERSON",
        "word": "MY",
        "roles": {
          "LEX": "MY",
          "PROFORM": "MY",
          "WNSENSE": "person%1:03:00"
        },
        "start": 0,
        "end": 17
      },
      "V1259715": {
        "id": "V1259715",
        "indicator": "F",
        "type": "REQUEST",
        "word": "INSIST",
        "roles": {
          "NEUTRAL": "#V1259706",
          "VFORM": "PASSIVE",
          "LEX": "INSISTED",
          "WNSENSE": "insist%2:32:00::"
        },
        "start": 8,
        "end": 17
      },
      "root": "#V1261220"
    },
    {
      "V1269393": {
        "id": "V1269393",
        "indicator": "SPEECHACT",
        "type": "SA_TELL",
        "word": null,
        "roles": {
          "PUNCTYPE": "DECL",
          "CONTENT": "#V1259757",
          "LEX": "COME"
        },
        "start": 17,
        "end": 55
      },
      "V1259757": {
        "id": "V1259757",
        "indicator": "F",
        "type": "COME",
        "word": "COME",
        "roles": {
          "TIME": "#V1259831",
          "RESULT": "#V1259774",
          "AFFECTED": "#V1259719",
          "MOD": "#V1259727",
          "TENSE": "PRES",
          "LEX": "COME",
          "WNSENSE": "come%2:42:15::"
        },
        "start": 17,
        "end": 54
      },
      "V1259719": {
        "id": "V1259719",
        "indicator": "PRO-SET",
        "type": "PERSON",
        "word": "WE",
        "roles": {
          "PROFORM": "WE",
          "LEX": "WE",
          "WNSENSE": "person%1:03:00"
        },
        "start": 17,
        "end": 20
      },
      "V1259727": {
        "id": "V1259727",
        "indicator": "F",
        "type": "MODIFIER",
        "word": "ALL",
        "roles": {
          "FIGURE": "#V1259757",
          "LEX": "ALL"
        },
        "start": 20,
        "end": 24
      },
      "V1259774": {
        "id": "V1259774",
        "indicator": "F",
        "type": "TO-LOC",
        "word": "TO",
        "roles": {
          "GROUND": "#V1260009",
          "FIGURE": "#V1259719",
          "LEX": "TO"
        },
        "start": 29,
        "end": 42
      },
      "V1260009": {
        "id": "V1260009",
        "indicator": "THE",
        "type": "QUANTITY-ABSTR",
        "word": null,
        "roles": {
          "FIGURE": "#V1259827"
        },
        "start": 32,
        "end": 42
      },
      "V1259827": {
        "id": "V1259827",
        "indicator": "THE",
        "type": "GATHERING-EVENT",
        "word": "PARTY",
        "roles": {
          "ASSOC-POSS": "#V1259821",
          "LEX": "PARTY",
          "WNSENSE": "party%1:14:00::"
        },
        "start": 32,
        "end": 42
      },
      "V1259821": {
        "id": "V1259821",
        "indicator": "PRO",
        "type": "MALE-PERSON",
        "word": "HIS",
        "roles": {
          "LEX": "HIS",
          "PROFORM": "HIS",
          "WNSENSE": "man%1:18:00"
        },
        "start": 32,
        "end": 42
      },
      "V1259831": {
        "id": "V1259831",
        "indicator": "F",
        "type": "AFTER",
        "word": "AFTER",
        "roles": {
          "GROUND": "#V1259841",
          "FIGURE": "#V1259757",
          "LEX": "AFTER",
          "WNSENSE": "after%4:02:01::"
        },
        "start": 42,
        "end": 54
      },
      "V1259841": {
        "id": "V1259841",
        "indicator": "INDEF-SET",
        "type": "TIME-DEFINED-BY-DURATION",
        "word": "HOUR",
        "roles": {
          "SCALE": "TIME-LOC-SCALE",
          "LEX": "HOURS",
          "WNSENSE": "hour%1:28:01::"
        },
        "start": 48,
        "end": 54
      },
      "root": "#V1269393"
    },
    {
      "V1261220": {
        "id": "V1261220",
        "indicator": "SPEECHACT",
        "type": "SA_IDENTIFY",
        "word": null,
        "roles": {
          "CONTENT": "#V1259706",
          "LEX": "BOSS"
        },
        "start": 0,
        "end": 17
      },
      "V1259706": {
        "id": "V1259706",
        "indicator": "THE",
        "type": "PROFESSIONAL",
        "word": "BOSS",
        "roles": {
          "ASSOC-POSS": "#V1259703",
          "MOD": "#V1259715",
          "LEX": "BOSS",
          "WNSENSE": "professional%1:18:00"
        },
        "start": 0,
        "end": 17
      },
      "V1259703": {
        "id": "V1259703",
        "indicator": "PRO",
        "type": "PERSON",
        "word": "MY",
        "roles": {
          "LEX": "MY",
          "PROFORM": "MY",
          "WNSENSE": "person%1:03:00"
        },
        "start": 0,
        "end": 17
      },
      "V1259715": {
        "id": "V1259715",
        "indicator": "F",
        "type": "REQUEST",
        "word": "INSIST",
        "roles": {
          "NEUTRAL": "#V1259706",
          "VFORM": "PASSIVE",
          "LEX": "INSISTED",
          "WNSENSE": "insist%2:32:00::"
        },
        "start": 8,
        "end": 17
      },
      "root": "#V1261220"
    },
    {
      "V1269402": {
        "id": "V1269402",
        "indicator": "SPEECHACT",
        "type": "SA_TELL",
        "word": null,
        "roles": {
          "PUNCTYPE": "DECL",
          "CONTENT": "#V1259757",
          "LEX": "COME"
        },
        "start": 17,
        "end": 55
      },
      "V1259757": {
        "id": "V1259757",
        "indicator": "F",
        "type": "COME",
        "word": "COME",
        "roles": {
          "MOD": [
            "#V1259863",
            "#V1259727"
          ],
          "RESULT": "#V1259774",
          "AFFECTED": "#V1259719",
          "TENSE": "PRES",
          "LEX": "COME",
          "WNSENSE": "come%2:42:15::"
        },
        "start": 17,
        "end": 54
      },
      "V1259719": {
        "id": "V1259719",
        "indicator": "PRO-SET",
        "type": "PERSON",
        "word": "WE",
        "roles": {
          "PROFORM": "WE",
          "LEX": "WE",
          "WNSENSE": "person%1:03:00"
        },
        "start": 17,
        "end": 20
      },
      "V1259727": {
        "id": "V1259727",
        "indicator": "F",
        "type": "MODIFIER",
        "word": "ALL",
        "roles": {
          "FIGURE": "#V1259757",
          "LEX": "ALL"
        },
        "start": 20,
        "end": 24
      },
      "V1259774": {
        "id": "V1259774",
        "indicator": "F",
        "type": "TO-LOC",
        "word": "TO",
        "roles": {
          "GROUND": "#V1260009",
          "FIGURE": "#V1259719",
          "LEX": "TO"
        },
        "start": 29,
        "end": 42
      },
      "V1260009": {
        "id": "V1260009",
        "indicator": "THE",
        "type": "QUANTITY-ABSTR",
        "word": null,
        "roles": {
          "FIGURE": "#V1259827"
        },
        "start": 32,
        "end": 42
      },
      "V1259827": {
        "id": "V1259827",
        "indicator": "THE",
        "type": "GATHERING-EVENT",
        "word": "PARTY",
        "roles": {
          "ASSOC-POSS": "#V1259821",
          "LEX": "PARTY",
          "WNSENSE": "party%1:14:00::"
        },
        "start": 32,
        "end": 42
      },
      "V1259821": {
        "id": "V1259821",
        "indicator": "PRO",
        "type": "MALE-PERSON",
        "word": "HIS",
        "roles": {
          "LEX": "HIS",
          "PROFORM": "HIS",
          "WNSENSE": "man%1:18:00"
        },
        "start": 32,
        "end": 42
      },
      "V1259863": {
        "id": "V1259863",
        "indicator": "F",
        "type": "PREDICATE",
        "word": "AFTER-HOURS",
        "roles": {
          "FIGURE": "#V1259757",
          "LEX": "AFTER-HOURS",
          "WNSENSE": "after_hours%4:02:00"
        },
        "start": 42,
        "end": 54
      },
      "root": "#V1269402"
    },
    {
      "V1261220": {
        "id": "V1261220",
        "indicator": "SPEECHACT",
        "type": "SA_IDENTIFY",
        "word": null,
        "roles": {
          "CONTENT": "#V1259706",
          "LEX": "BOSS"
        },
        "start": 0,
        "end": 17
      },
      "V1259706": {
        "id": "V1259706",
        "indicator": "THE",
        "type": "PROFESSIONAL",
        "word": "BOSS",
        "roles": {
          "ASSOC-POSS": "#V1259703",
          "MOD": "#V1259715",
          "LEX": "BOSS",
          "WNSENSE": "professional%1:18:00"
        },
        "start": 0,
        "end": 17
      },
      "V1259703": {
        "id": "V1259703",
        "indicator": "PRO",
        "type": "PERSON",
        "word": "MY",
        "roles": {
          "LEX": "MY",
          "PROFORM": "MY",
          "WNSENSE": "person%1:03:00"
        },
        "start": 0,
        "end": 17
      },
      "V1259715": {
        "id": "V1259715",
        "indicator": "F",
        "type": "REQUEST",
        "word": "INSIST",
        "roles": {
          "NEUTRAL": "#V1259706",
          "VFORM": "PASSIVE",
          "LEX": "INSISTED",
          "WNSENSE": "insist%2:32:00::"
        },
        "start": 8,
        "end": 17
      },
      "root": "#V1261220"
    },
    {
      "V1266297": {
        "id": "V1266297",
        "indicator": "SPEECHACT",
        "type": "SA_TELL",
        "word": null,
        "roles": {
          "PUNCTYPE": "DECL",
          "CONTENT": "#V1259757",
          "LEX": "COME"
        },
        "start": 17,
        "end": 55
      },
      "V1259757": {
        "id": "V1259757",
        "indicator": "F",
        "type": "COME",
        "word": "COME",
        "roles": {
          "MOD": "#V1259727",
          "RESULT": "#V1259774",
          "AFFECTED": "#V1259719",
          "TIME": "#V1259831",
          "TENSE": "PRES",
          "LEX": "COME",
          "WNSENSE": "come%2:42:15::"
        },
        "start": 17,
        "end": 54
      },
      "V1259719": {
        "id": "V1259719",
        "indicator": "PRO-SET",
        "type": "PERSON",
        "word": "WE",
        "roles": {
          "PROFORM": "WE",
          "LEX": "WE",
          "WNSENSE": "person%1:03:00"
        },
        "start": 17,
        "end": 20
      },
      "V1259727": {
        "id": "V1259727",
        "indicator": "F",
        "type": "MODIFIER",
        "word": "ALL",
        "roles": {
          "FIGURE": "#V1259757",
          "LEX": "ALL"
        },
        "start": 20,
        "end": 24
      },
      "V1259774": {
        "id": "V1259774",
        "indicator": "F",
        "type": "TO-LOC",
        "word": "TO",
        "roles": {
          "GROUND": "#V1260185",
          "FIGURE": "#V1259719",
          "LEX": "TO"
        },
        "start": 29,
        "end": 42
      },
      "V1260185": {
        "id": "V1260185",
        "indicator": "THE",
        "type": "QUANTITY-ABSTR",
        "word": null,
        "roles": {
          "FIGURE": "#V1259826"
        },
        "start": 32,
        "end": 42
      },
      "V1259826": {
        "id": "V1259826",
        "indicator": "THE",
        "type": "PERSON",
        "word": "PARTY",
        "roles": {
          "ASSOC-POSS": "#V1259821",
          "LEX": "PARTY",
          "WNSENSE": "party%1:18:00::"
        },
        "start": 32,
        "end": 42
      },
      "V1259821": {
        "id": "V1259821",
        "indicator": "PRO",
        "type": "MALE-PERSON",
        "word": "HIS",
        "roles": {
          "LEX": "HIS",
          "PROFORM": "HIS",
          "WNSENSE": "man%1:18:00"
        },
        "start": 32,
        "end": 42
      },
      "V1259831": {
        "id": "V1259831",
        "indicator": "F",
        "type": "AFTER",
        "word": "AFTER",
        "roles": {
          "GROUND": "#V1259841",
          "FIGURE": "#V1259757",
          "LEX": "AFTER",
          "WNSENSE": "after%4:02:01::"
        },
        "start": 42,
        "end": 54
      },
      "V1259841": {
        "id": "V1259841",
        "indicator": "INDEF-SET",
        "type": "TIME-DEFINED-BY-DURATION",
        "word": "HOUR",
        "roles": {
          "SCALE": "TIME-LOC-SCALE",
          "LEX": "HOURS",
          "WNSENSE": "hour%1:28:01::"
        },
        "start": 48,
        "end": 54
      },
      "root": "#V1266297"
    },
    {
      "V1261220": {
        "id": "V1261220",
        "indicator": "SPEECHACT",
        "type": "SA_IDENTIFY",
        "word": null,
        "roles": {
          "CONTENT": "#V1259706",
          "LEX": "BOSS"
        },
        "start": 0,
        "end": 17
      },
      "V1259706": {
        "id": "V1259706",
        "indicator": "THE",
        "type": "PROFESSIONAL",
        "word": "BOSS",
        "roles": {
          "ASSOC-POSS": "#V1259703",
          "MOD": "#V1259715",
          "LEX": "BOSS",
          "WNSENSE": "professional%1:18:00"
        },
        "start": 0,
        "end": 17
      },
      "V1259703": {
        "id": "V1259703",
        "indicator": "PRO",
        "type": "PERSON",
        "word": "MY",
        "roles": {
          "LEX": "MY",
          "PROFORM": "MY",
          "WNSENSE": "person%1:03:00"
        },
        "start": 0,
        "end": 17
      },
      "V1259715": {
        "id": "V1259715",
        "indicator": "F",
        "type": "REQUEST",
        "word": "INSIST",
        "roles": {
          "NEUTRAL": "#V1259706",
          "VFORM": "PASSIVE",
          "LEX": "INSISTED",
          "WNSENSE": "insist%2:32:00::"
        },
        "start": 8,
        "end": 17
      },
      "root": "#V1261220"
    },
    {
      "V1270132": {
        "id": "V1270132",
        "indicator": "SPEECHACT",
        "type": "SA_TELL",
        "word": null,
        "roles": {
          "PUNCTYPE": "DECL",
          "CONTENT": "#V1259757",
          "LEX": "COME"
        },
        "start": 17,
        "end": 55
      },
      "V1259757": {
        "id": "V1259757",
        "indicator": "F",
        "type": "COME",
        "word": "COME",
        "roles": {
          "TIME": "#V1259831",
          "RESULT": "#V1259776",
          "AFFECTED": "#V1259719",
          "MOD": "#V1259727",
          "TENSE": "PRES",
          "LEX": "COME",
          "WNSENSE": "come%2:42:15::"
        },
        "start": 17,
        "end": 54
      },
      "V1259719": {
        "id": "V1259719",
        "indicator": "PRO-SET",
        "type": "PERSON",
        "word": "WE",
        "roles": {
          "PROFORM": "WE",
          "LEX": "WE",
          "WNSENSE": "person%1:03:00"
        },
        "start": 17,
        "end": 20
      },
      "V1259727": {
        "id": "V1259727",
        "indicator": "F",
        "type": "MODIFIER",
        "word": "ALL",
        "roles": {
          "FIGURE": "#V1259757",
          "LEX": "ALL"
        },
        "start": 20,
        "end": 24
      },
      "V1259776": {
        "id": "V1259776",
        "indicator": "F",
        "type": "RESULTING-STATE",
        "word": "TO",
        "roles": {
          "GROUND": "#V1259827",
          "FIGURE": "#V1259719",
          "LEX": "TO"
        },
        "start": 29,
        "end": 42
      },
      "V1259827": {
        "id": "V1259827",
        "indicator": "THE",
        "type": "GATHERING-EVENT",
        "word": "PARTY",
        "roles": {
          "ASSOC-POSS": "#V1259821",
          "LEX": "PARTY",
          "WNSENSE": "party%1:14:00::"
        },
        "start": 32,
        "end": 42
      },
      "V1259821": {
        "id": "V1259821",
        "indicator": "PRO",
        "type": "MALE-PERSON",
        "word": "HIS",
        "roles": {
          "LEX": "HIS",
          "PROFORM": "HIS",
          "WNSENSE": "man%1:18:00"
        },
        "start": 32,
        "end": 42
      },
      "V1259831": {
        "id": "V1259831",
        "indicator": "F",
        "type": "AFTER",
        "word": "AFTER",
        "roles": {
          "GROUND": "#V1259841",
          "FIGURE": "#V1259757",
          "LEX": "AFTER",
          "WNSENSE": "after%4:02:01::"
        },
        "start": 42,
        "end": 54
      },
      "V1259841": {
        "id": "V1259841",
        "indicator": "INDEF-SET",
        "type": "TIME-DEFINED-BY-DURATION",
        "word": "HOUR",
        "roles": {
          "SCALE": "TIME-LOC-SCALE",
          "LEX": "HOURS",
          "WNSENSE": "hour%1:28:01::"
        },
        "start": 48,
        "end": 54
      },
      "root": "#V1270132"
    },
    {
      "V1261220": {
        "id": "V1261220",
        "indicator": "SPEECHACT",
        "type": "SA_IDENTIFY",
        "word": null,
        "roles": {
          "CONTENT": "#V1259706",
          "LEX": "BOSS"
        },
        "start": 0,
        "end": 17
      },
      "V1259706": {
        "id": "V1259706",
        "indicator": "THE",
        "type": "PROFESSIONAL",
        "word": "BOSS",
        "roles": {
          "ASSOC-POSS": "#V1259703",
          "MOD": "#V1259715",
          "LEX": "BOSS",
          "WNSENSE": "professional%1:18:00"
        },
        "start": 0,
        "end": 17
      },
      "V1259703": {
        "id": "V1259703",
        "indicator": "PRO",
        "type": "PERSON",
        "word": "MY",
        "roles": {
          "LEX": "MY",
          "PROFORM": "MY",
          "WNSENSE": "person%1:03:00"
        },
        "start": 0,
        "end": 17
      },
      "V1259715": {
        "id": "V1259715",
        "indicator": "F",
        "type": "REQUEST",
        "word": "INSIST",
        "roles": {
          "NEUTRAL": "#V1259706",
          "VFORM": "PASSIVE",
          "LEX": "INSISTED",
          "WNSENSE": "insist%2:32:00::"
        },
        "start": 8,
        "end": 17
      },
      "root": "#V1261220"
    },
    {
      "V1266355": {
        "id": "V1266355",
        "indicator": "SPEECHACT",
        "type": "SA_TELL",
        "word": null,
        "roles": {
          "PUNCTYPE": "DECL",
          "CONTENT": "#V1259757",
          "LEX": "COME"
        },
        "start": 17,
        "end": 55
      },
      "V1259757": {
        "id": "V1259757",
        "indicator": "F",
        "type": "COME",
        "word": "COME",
        "roles": {
          "MOD": "#V1259727",
          "RESULT": "#V1259774",
          "AFFECTED": "#V1259719",
          "TIME": "#V1259831",
          "TENSE": "PRES",
          "LEX": "COME",
          "WNSENSE": "come%2:42:15::"
        },
        "start": 17,
        "end": 54
      },
      "V1259719": {
        "id": "V1259719",
        "indicator": "PRO-SET",
        "type": "PERSON",
        "word": "WE",
        "roles": {
          "PROFORM": "WE",
          "LEX": "WE",
          "WNSENSE": "person%1:03:00"
        },
        "start": 17,
        "end": 20
      },
      "V1259727": {
        "id": "V1259727",
        "indicator": "F",
        "type": "MODIFIER",
        "word": "ALL",
        "roles": {
          "FIGURE": "#V1259757",
          "LEX": "ALL"
        },
        "start": 20,
        "end": 24
      },
      "V1259774": {
        "id": "V1259774",
        "indicator": "F",
        "type": "TO-LOC",
        "word": "TO",
        "roles": {
          "GROUND": "#V1259826",
          "FIGURE": "#V1259719",
          "LEX": "TO"
        },
        "start": 29,
        "end": 42
      },
      "V1259826": {
        "id": "V1259826",
        "indicator": "THE",
        "type": "PERSON",
        "word": "PARTY",
        "roles": {
          "ASSOC-POSS": "#V1259821",
          "LEX": "PARTY",
          "WNSENSE": "party%1:18:00::"
        },
        "start": 32,
        "end": 42
      },
      "V1259821": {
        "id": "V1259821",
        "indicator": "PRO",
        "type": "MALE-PERSON",
        "word": "HIS",
        "roles": {
          "LEX": "HIS",
          "PROFORM": "HIS",
          "WNSENSE": "man%1:18:00"
        },
        "start": 32,
        "end": 42
      },
      "V1259831": {
        "id": "V1259831",
        "indicator": "F",
        "type": "AFTER",
        "word": "AFTER",
        "roles": {
          "GROUND": "#V1259841",
          "FIGURE": "#V1259757",
          "LEX": "AFTER",
          "WNSENSE": "after%4:02:01::"
        },
        "start": 42,
        "end": 54
      },
      "V1259841": {
        "id": "V1259841",
        "indicator": "INDEF-SET",
        "type": "TIME-DEFINED-BY-DURATION",
        "word": "HOUR",
        "roles": {
          "SCALE": "TIME-LOC-SCALE",
          "LEX": "HOURS",
          "WNSENSE": "hour%1:28:01::"
        },
        "start": 48,
        "end": 54
      },
      "root": "#V1266355"
    },
    {
      "V1261220": {
        "id": "V1261220",
        "indicator": "SPEECHACT",
        "type": "SA_IDENTIFY",
        "word": null,
        "roles": {
          "CONTENT": "#V1259706",
          "LEX": "BOSS"
        },
        "start": 0,
        "end": 17
      },
      "V1259706": {
        "id": "V1259706",
        "indicator": "THE",
        "type": "PROFESSIONAL",
        "word": "BOSS",
        "roles": {
          "ASSOC-POSS": "#V1259703",
          "MOD": "#V1259715",
          "LEX": "BOSS",
          "WNSENSE": "professional%1:18:00"
        },
        "start": 0,
        "end": 17
      },
      "V1259703": {
        "id": "V1259703",
        "indicator": "PRO",
        "type": "PERSON",
        "word": "MY",
        "roles": {
          "LEX": "MY",
          "PROFORM": "MY",
          "WNSENSE": "person%1:03:00"
        },
        "start": 0,
        "end": 17
      },
      "V1259715": {
        "id": "V1259715",
        "indicator": "F",
        "type": "REQUEST",
        "word": "INSIST",
        "roles": {
          "NEUTRAL": "#V1259706",
          "VFORM": "PASSIVE",
          "LEX": "INSISTED",
          "WNSENSE": "insist%2:32:00::"
        },
        "start": 8,
        "end": 17
      },
      "root": "#V1261220"
    },
    {
      "V1270940": {
        "id": "V1270940",
        "indicator": "SPEECHACT",
        "type": "SA_TELL",
        "word": null,
        "roles": {
          "PUNCTYPE": "DECL",
          "CONTENT": "#V1259757",
          "LEX": "COME"
        },
        "start": 17,
        "end": 55
      },
      "V1259757": {
        "id": "V1259757",
        "indicator": "F",
        "type": "COME",
        "word": "COME",
        "roles": {
          "TIME": "#V1259831",
          "RESULT": "#V1259776",
          "AFFECTED": "#V1259719",
          "MOD": "#V1259727",
          "TENSE": "PRES",
          "LEX": "COME",
          "WNSENSE": "come%2:42:15::"
        },
        "start": 17,
        "end": 54
      },
      "V1259719": {
        "id": "V1259719",
        "indicator": "PRO-SET",
        "type": "PERSON",
        "word": "WE",
        "roles": {
          "PROFORM": "WE",
          "LEX": "WE",
          "WNSENSE": "person%1:03:00"
        },
        "start": 17,
        "end": 20
      },
      "V1259727": {
        "id": "V1259727",
        "indicator": "F",
        "type": "MODIFIER",
        "word": "ALL",
        "roles": {
          "FIGURE": "#V1259757",
          "LEX": "ALL"
        },
        "start": 20,
        "end": 24
      },
      "V1259776": {
        "id": "V1259776",
        "indicator": "F",
        "type": "RESULTING-STATE",
        "word": "TO",
        "roles": {
          "GROUND": "#V1260009",
          "FIGURE": "#V1259719",
          "LEX": "TO"
        },
        "start": 29,
        "end": 42
      },
      "V1260009": {
        "id": "V1260009",
        "indicator": "THE",
        "type": "QUANTITY-ABSTR",
        "word": null,
        "roles": {
          "FIGURE": "#V1259827"
        },
        "start": 32,
        "end": 42
      },
      "V1259827": {
        "id": "V1259827",
        "indicator": "THE",
        "type": "GATHERING-EVENT",
        "word": "PARTY",
        "roles": {
          "ASSOC-POSS": "#V1259821",
          "LEX": "PARTY",
          "WNSENSE": "party%1:14:00::"
        },
        "start": 32,
        "end": 42
      },
      "V1259821": {
        "id": "V1259821",
        "indicator": "PRO",
        "type": "MALE-PERSON",
        "word": "HIS",
        "roles": {
          "LEX": "HIS",
          "PROFORM": "HIS",
          "WNSENSE": "man%1:18:00"
        },
        "start": 32,
        "end": 42
      },
      "V1259831": {
        "id": "V1259831",
        "indicator": "F",
        "type": "AFTER",
        "word": "AFTER",
        "roles": {
          "GROUND": "#V1259841",
          "FIGURE": "#V1259757",
          "LEX": "AFTER",
          "WNSENSE": "after%4:02:01::"
        },
        "start": 42,
        "end": 54
      },
      "V1259841": {
        "id": "V1259841",
        "indicator": "INDEF-SET",
        "type": "TIME-DEFINED-BY-DURATION",
        "word": "HOUR",
        "roles": {
          "SCALE": "TIME-LOC-SCALE",
          "LEX": "HOURS",
          "WNSENSE": "hour%1:28:01::"
        },
        "start": 48,
        "end": 54
      },
      "root": "#V1270940"
    },
    {
      "V1261220": {
        "id": "V1261220",
        "indicator": "SPEECHACT",
        "type": "SA_IDENTIFY",
        "word": null,
        "roles": {
          "CONTENT": "#V1259706",
          "LEX": "BOSS"
        },
        "start": 0,
        "end": 17
      },
      "V1259706": {
        "id": "V1259706",
        "indicator": "THE",
        "type": "PROFESSIONAL",
        "word": "BOSS",
        "roles": {
          "ASSOC-POSS": "#V1259703",
          "MOD": "#V1259715",
          "LEX": "BOSS",
          "WNSENSE": "professional%1:18:00"
        },
        "start": 0,
        "end": 17
      },
      "V1259703": {
        "id": "V1259703",
        "indicator": "PRO",
        "type": "PERSON",
        "word": "MY",
        "roles": {
          "LEX": "MY",
          "PROFORM": "MY",
          "WNSENSE": "person%1:03:00"
        },
        "start": 0,
        "end": 17
      },
      "V1259715": {
        "id": "V1259715",
        "indicator": "F",
        "type": "REQUEST",
        "word": "INSIST",
        "roles": {
          "NEUTRAL": "#V1259706",
          "VFORM": "PASSIVE",
          "LEX": "INSISTED",
          "WNSENSE": "insist%2:32:00::"
        },
        "start": 8,
        "end": 17
      },
      "root": "#V1261220"
    },
    {
      "V1266440": {
        "id": "V1266440",
        "indicator": "SPEECHACT",
        "type": "SA_TELL",
        "word": null,
        "roles": {
          "PUNCTYPE": "DECL",
          "CONTENT": "#V1259757",
          "LEX": "COME"
        },
        "start": 17,
        "end": 55
      },
      "V1259757": {
        "id": "V1259757",
        "indicator": "F",
        "type": "COME",
        "word": "COME",
        "roles": {
          "MOD": [
            "#V1259727",
            "#V1259863"
          ],
          "RESULT": "#V1259774",
          "AFFECTED": "#V1259719",
          "TENSE": "PRES",
          "LEX": "COME",
          "WNSENSE": "come%2:42:15::"
        },
        "start": 17,
        "end": 54
      },
      "V1259719": {
        "id": "V1259719",
        "indicator": "PRO-SET",
        "type": "PERSON",
        "word": "WE",
        "roles": {
          "PROFORM": "WE",
          "LEX": "WE",
          "WNSENSE": "person%1:03:00"
        },
        "start": 17,
        "end": 20
      },
      "V1259727": {
        "id": "V1259727",
        "indicator": "F",
        "type": "MODIFIER",
        "word": "ALL",
        "roles": {
          "FIGURE": "#V1259757",
          "LEX": "ALL"
        },
        "start": 20,
        "end": 24
      },
      "V1259774": {
        "id": "V1259774",
        "indicator": "F",
        "type": "TO-LOC",
        "word": "TO",
        "roles": {
          "GROUND": "#V1260185",
          "FIGURE": "#V1259719",
          "LEX": "TO"
        },
        "start": 29,
        "end": 42
      },
      "V1260185": {
        "id": "V1260185",
        "indicator": "THE",
        "type": "QUANTITY-ABSTR",
        "word": null,
        "roles": {
          "FIGURE": "#V1259826"
        },
        "start": 32,
        "end": 42
      },
      "V1259826": {
        "id": "V1259826",
        "indicator": "THE",
        "type": "PERSON",
        "word": "PARTY",
        "roles": {
          "ASSOC-POSS": "#V1259821",
          "LEX": "PARTY",
          "WNSENSE": "party%1:18:00::"
        },
        "start": 32,
        "end": 42
      },
      "V1259821": {
        "id": "V1259821",
        "indicator": "PRO",
        "type": "MALE-PERSON",
        "word": "HIS",
        "roles": {
          "LEX": "HIS",
          "PROFORM": "HIS",
          "WNSENSE": "man%1:18:00"
        },
        "start": 32,
        "end": 42
      },
      "V1259863": {
        "id": "V1259863",
        "indicator": "F",
        "type": "PREDICATE",
        "word": "AFTER-HOURS",
        "roles": {
          "FIGURE": "#V1259757",
          "LEX": "AFTER-HOURS",
          "WNSENSE": "after_hours%4:02:00"
        },
        "start": 42,
        "end": 54
      },
      "root": "#V1266440"
    },
    {
      "V1261220": {
        "id": "V1261220",
        "indicator": "SPEECHACT",
        "type": "SA_IDENTIFY",
        "word": null,
        "roles": {
          "CONTENT": "#V1259706",
          "LEX": "BOSS"
        },
        "start": 0,
        "end": 17
      },
      "V1259706": {
        "id": "V1259706",
        "indicator": "THE",
        "type": "PROFESSIONAL",
        "word": "BOSS",
        "roles": {
          "ASSOC-POSS": "#V1259703",
          "MOD": "#V1259715",
          "LEX": "BOSS",
          "WNSENSE": "professional%1:18:00"
        },
        "start": 0,
        "end": 17
      },
      "V1259703": {
        "id": "V1259703",
        "indicator": "PRO",
        "type": "PERSON",
        "word": "MY",
        "roles": {
          "LEX": "MY",
          "PROFORM": "MY",
          "WNSENSE": "person%1:03:00"
        },
        "start": 0,
        "end": 17
      },
      "V1259715": {
        "id": "V1259715",
        "indicator": "F",
        "type": "REQUEST",
        "word": "INSIST",
        "roles": {
          "NEUTRAL": "#V1259706",
          "VFORM": "PASSIVE",
          "LEX": "INSISTED",
          "WNSENSE": "insist%2:32:00::"
        },
        "start": 8,
        "end": 17
      },
      "root": "#V1261220"
    },
    {
      "V1270141": {
        "id": "V1270141",
        "indicator": "SPEECHACT",
        "type": "SA_TELL",
        "word": null,
        "roles": {
          "PUNCTYPE": "DECL",
          "CONTENT": "#V1259757",
          "LEX": "COME"
        },
        "start": 17,
        "end": 55
      },
      "V1259757": {
        "id": "V1259757",
        "indicator": "F",
        "type": "COME",
        "word": "COME",
        "roles": {
          "MOD": [
            "#V1259863",
            "#V1259727"
          ],
          "RESULT": "#V1259776",
          "AFFECTED": "#V1259719",
          "TENSE": "PRES",
          "LEX": "COME",
          "WNSENSE": "come%2:42:15::"
        },
        "start": 17,
        "end": 54
      },
      "V1259719": {
        "id": "V1259719",
        "indicator": "PRO-SET",
        "type": "PERSON",
        "word": "WE",
        "roles": {
          "PROFORM": "WE",
          "LEX": "WE",
          "WNSENSE": "person%1:03:00"
        },
        "start": 17,
        "end": 20
      },
      "V1259727": {
        "id": "V1259727",
        "indicator": "F",
        "type": "MODIFIER",
        "word": "ALL",
        "roles": {
          "FIGURE": "#V1259757",
          "LEX": "ALL"
        },
        "start": 20,
        "end": 24
      },
      "V1259776": {
        "id": "V1259776",
        "indicator": "F",
        "type": "RESULTING-STATE",
        "word": "TO",
        "roles": {
          "GROUND": "#V1259827",
          "FIGURE": "#V1259719",
          "LEX": "TO"
        },
        "start": 29,
        "end": 42
      },
      "V1259827": {
        "id": "V1259827",
        "indicator": "THE",
        "type": "GATHERING-EVENT",
        "word": "PARTY",
        "roles": {
          "ASSOC-POSS": "#V1259821",
          "LEX": "PARTY",
          "WNSENSE": "party%1:14:00::"
        },
        "start": 32,
        "end": 42
      },
      "V1259821": {
        "id": "V1259821",
        "indicator": "PRO",
        "type": "MALE-PERSON",
        "word": "HIS",
        "roles": {
          "LEX": "HIS",
          "PROFORM": "HIS",
          "WNSENSE": "man%1:18:00"
        },
        "start": 32,
        "end": 42
      },
      "V1259863": {
        "id": "V1259863",
        "indicator": "F",
        "type": "PREDICATE",
        "word": "AFTER-HOURS",
        "roles": {
          "FIGURE": "#V1259757",
          "LEX": "AFTER-HOURS",
          "WNSENSE": "after_hours%4:02:00"
        },
        "start": 42,
        "end": 54
      },
      "root": "#V1270141"
    },
    {
      "V1261220": {
        "id": "V1261220",
        "indicator": "SPEECHACT",
        "type": "SA_IDENTIFY",
        "word": null,
        "roles": {
          "CONTENT": "#V1259706",
          "LEX": "BOSS"
        },
        "start": 0,
        "end": 17
      },
      "V1259706": {
        "id": "V1259706",
        "indicator": "THE",
        "type": "PROFESSIONAL",
        "word": "BOSS",
        "roles": {
          "ASSOC-POSS": "#V1259703",
          "MOD": "#V1259715",
          "LEX": "BOSS",
          "WNSENSE": "professional%1:18:00"
        },
        "start": 0,
        "end": 17
      },
      "V1259703": {
        "id": "V1259703",
        "indicator": "PRO",
        "type": "PERSON",
        "word": "MY",
        "roles": {
          "LEX": "MY",
          "PROFORM": "MY",
          "WNSENSE": "person%1:03:00"
        },
        "start": 0,
        "end": 17
      },
      "V1259715": {
        "id": "V1259715",
        "indicator": "F",
        "type": "REQUEST",
        "word": "INSIST",
        "roles": {
          "NEUTRAL": "#V1259706",
          "VFORM": "PASSIVE",
          "LEX": "INSISTED",
          "WNSENSE": "insist%2:32:00::"
        },
        "start": 8,
        "end": 17
      },
      "root": "#V1261220"
    },
    {
      "V1266508": {
        "id": "V1266508",
        "indicator": "SPEECHACT",
        "type": "SA_TELL",
        "word": null,
        "roles": {
          "PUNCTYPE": "DECL",
          "CONTENT": "#V1259757",
          "LEX": "COME"
        },
        "start": 17,
        "end": 55
      },
      "V1259757": {
        "id": "V1259757",
        "indicator": "F",
        "type": "COME",
        "word": "COME",
        "roles": {
          "MOD": [
            "#V1259727",
            "#V1259863"
          ],
          "RESULT": "#V1259774",
          "AFFECTED": "#V1259719",
          "TENSE": "PRES",
          "LEX": "COME",
          "WNSENSE": "come%2:42:15::"
        },
        "start": 17,
        "end": 54
      },
      "V1259719": {
        "id": "V1259719",
        "indicator": "PRO-SET",
        "type": "PERSON",
        "word": "WE",
        "roles": {
          "PROFORM": "WE",
          "LEX": "WE",
          "WNSENSE": "person%1:03:00"
        },
        "start": 17,
        "end": 20
      },
      "V1259727": {
        "id": "V1259727",
        "indicator": "F",
        "type": "MODIFIER",
        "word": "ALL",
        "roles": {
          "FIGURE": "#V1259757",
          "LEX": "ALL"
        },
        "start": 20,
        "end": 24
      },
      "V1259774": {
        "id": "V1259774",
        "indicator": "F",
        "type": "TO-LOC",
        "word": "TO",
        "roles": {
          "GROUND": "#V1259826",
          "FIGURE": "#V1259719",
          "LEX": "TO"
        },
        "start": 29,
        "end": 42
      },
      "V1259826": {
        "id": "V1259826",
        "indicator": "THE",
        "type": "PERSON",
        "word": "PARTY",
        "roles": {
          "ASSOC-POSS": "#V1259821",
          "LEX": "PARTY",
          "WNSENSE": "party%1:18:00::"
        },
        "start": 32,
        "end": 42
      },
      "V1259821": {
        "id": "V1259821",
        "indicator": "PRO",
        "type": "MALE-PERSON",
        "word": "HIS",
        "roles": {
          "LEX": "HIS",
          "PROFORM": "HIS",
          "WNSENSE": "man%1:18:00"
        },
        "start": 32,
        "end": 42
      },
      "V1259863": {
        "id": "V1259863",
        "indicator": "F",
        "type": "PREDICATE",
        "word": "AFTER-HOURS",
        "roles": {
          "FIGURE": "#V1259757",
          "LEX": "AFTER-HOURS",
          "WNSENSE": "after_hours%4:02:00"
        },
        "start": 42,
        "end": 54
      },
      "root": "#V1266508"
    },
    {
      "V1261220": {
        "id": "V1261220",
        "indicator": "SPEECHACT",
        "type": "SA_IDENTIFY",
        "word": null,
        "roles": {
          "CONTENT": "#V1259706",
          "LEX": "BOSS"
        },
        "start": 0,
        "end": 17
      },
      "V1259706": {
        "id": "V1259706",
        "indicator": "THE",
        "type": "PROFESSIONAL",
        "word": "BOSS",
        "roles": {
          "ASSOC-POSS": "#V1259703",
          "MOD": "#V1259715",
          "LEX": "BOSS",
          "WNSENSE": "professional%1:18:00"
        },
        "start": 0,
        "end": 17
      },
      "V1259703": {
        "id": "V1259703",
        "indicator": "PRO",
        "type": "PERSON",
        "word": "MY",
        "roles": {
          "LEX": "MY",
          "PROFORM": "MY",
          "WNSENSE": "person%1:03:00"
        },
        "start": 0,
        "end": 17
      },
      "V1259715": {
        "id": "V1259715",
        "indicator": "F",
        "type": "REQUEST",
        "word": "INSIST",
        "roles": {
          "NEUTRAL": "#V1259706",
          "VFORM": "PASSIVE",
          "LEX": "INSISTED",
          "WNSENSE": "insist%2:32:00::"
        },
        "start": 8,
        "end": 17
      },
      "root": "#V1261220"
    },
    {
      "V1270949": {
        "id": "V1270949",
        "indicator": "SPEECHACT",
        "type": "SA_TELL",
        "word": null,
        "roles": {
          "PUNCTYPE": "DECL",
          "CONTENT": "#V1259757",
          "LEX": "COME"
        },
        "start": 17,
        "end": 55
      },
      "V1259757": {
        "id": "V1259757",
        "indicator": "F",
        "type": "COME",
        "word": "COME",
        "roles": {
          "MOD": [
            "#V1259863",
            "#V1259727"
          ],
          "RESULT": "#V1259776",
          "AFFECTED": "#V1259719",
          "TENSE": "PRES",
          "LEX": "COME",
          "WNSENSE": "come%2:42:15::"
        },
        "start": 17,
        "end": 54
      },
      "V1259719": {
        "id": "V1259719",
        "indicator": "PRO-SET",
        "type": "PERSON",
        "word": "WE",
        "roles": {
          "PROFORM": "WE",
          "LEX": "WE",
          "WNSENSE": "person%1:03:00"
        },
        "start": 17,
        "end": 20
      },
      "V1259727": {
        "id": "V1259727",
        "indicator": "F",
        "type": "MODIFIER",
        "word": "ALL",
        "roles": {
          "FIGURE": "#V1259757",
          "LEX": "ALL"
        },
        "start": 20,
        "end": 24
      },
      "V1259776": {
        "id": "V1259776",
        "indicator": "F",
        "type": "RESULTING-STATE",
        "word": "TO",
        "roles": {
          "GROUND": "#V1260009",
          "FIGURE": "#V1259719",
          "LEX": "TO"
        },
        "start": 29,
        "end": 42
      },
      "V1260009": {
        "id": "V1260009",
        "indicator": "THE",
        "type": "QUANTITY-ABSTR",
        "word": null,
        "roles": {
          "FIGURE": "#V1259827"
        },
        "start": 32,
        "end": 42
      },
      "V1259827": {
        "id": "V1259827",
        "indicator": "THE",
        "type": "GATHERING-EVENT",
        "word": "PARTY",
        "roles": {
          "ASSOC-POSS": "#V1259821",
          "LEX": "PARTY",
          "WNSENSE": "party%1:14:00::"
        },
        "start": 32,
        "end": 42
      },
      "V1259821": {
        "id": "V1259821",
        "indicator": "PRO",
        "type": "MALE-PERSON",
        "word": "HIS",
        "roles": {
          "LEX": "HIS",
          "PROFORM": "HIS",
          "WNSENSE": "man%1:18:00"
        },
        "start": 32,
        "end": 42
      },
      "V1259863": {
        "id": "V1259863",
        "indicator": "F",
        "type": "PREDICATE",
        "word": "AFTER-HOURS",
        "roles": {
          "FIGURE": "#V1259757",
          "LEX": "AFTER-HOURS",
          "WNSENSE": "after_hours%4:02:00"
        },
        "start": 42,
        "end": 54
      },
      "root": "#V1270949"
    },
    {
      "V1261220": {
        "id": "V1261220",
        "indicator": "SPEECHACT",
        "type": "SA_IDENTIFY",
        "word": null,
        "roles": {
          "CONTENT": "#V1259706",
          "LEX": "BOSS"
        },
        "start": 0,
        "end": 17
      },
      "V1259706": {
        "id": "V1259706",
        "indicator": "THE",
        "type": "PROFESSIONAL",
        "word": "BOSS",
        "roles": {
          "ASSOC-POSS": "#V1259703",
          "MOD": "#V1259715",
          "LEX": "BOSS",
          "WNSENSE": "professional%1:18:00"
        },
        "start": 0,
        "end": 17
      },
      "V1259703": {
        "id": "V1259703",
        "indicator": "PRO",
        "type": "PERSON",
        "word": "MY",
        "roles": {
          "LEX": "MY",
          "PROFORM": "MY",
          "WNSENSE": "person%1:03:00"
        },
        "start": 0,
        "end": 17
      },
      "V1259715": {
        "id": "V1259715",
        "indicator": "F",
        "type": "REQUEST",
        "word": "INSIST",
        "roles": {
          "NEUTRAL": "#V1259706",
          "VFORM": "PASSIVE",
          "LEX": "INSISTED",
          "WNSENSE": "insist%2:32:00::"
        },
        "start": 8,
        "end": 17
      },
      "root": "#V1261220"
    },
    {
      "V1266591": {
        "id": "V1266591",
        "indicator": "SPEECHACT",
        "type": "SA_TELL",
        "word": null,
        "roles": {
          "PUNCTYPE": "DECL",
          "CONTENT": "#V1259757",
          "LEX": "COME"
        },
        "start": 17,
        "end": 55
      },
      "V1259757": {
        "id": "V1259757",
        "indicator": "F",
        "type": "COME",
        "word": "COME",
        "roles": {
          "MOD": "#V1259727",
          "RESULT": "#V1259776",
          "AFFECTED": "#V1259719",
          "TIME": "#V1259831",
          "TENSE": "PRES",
          "LEX": "COME",
          "WNSENSE": "come%2:42:15::"
        },
        "start": 17,
        "end": 54
      },
      "V1259719": {
        "id": "V1259719",
        "indicator": "PRO-SET",
        "type": "PERSON",
        "word": "WE",
        "roles": {
          "PROFORM": "WE",
          "LEX": "WE",
          "WNSENSE": "person%1:03:00"
        },
        "start": 17,
        "end": 20
      },
      "V1259727": {
        "id": "V1259727",
        "indicator": "F",
        "type": "MODIFIER",
        "word": "ALL",
        "roles": {
          "FIGURE": "#V1259757",
          "LEX": "ALL"
        },
        "start": 20,
        "end": 24
      },
      "V1259776": {
        "id": "V1259776",
        "indicator": "F",
        "type": "RESULTING-STATE",
        "word": "TO",
        "roles": {
          "GROUND": "#V1260185",
          "FIGURE": "#V1259719",
          "LEX": "TO"
        },
        "start": 29,
        "end": 42
      },
      "V1260185": {
        "id": "V1260185",
        "indicator": "THE",
        "type": "QUANTITY-ABSTR",
        "word": null,
        "roles": {
          "FIGURE": "#V1259826"
        },
        "start": 32,
        "end": 42
      },
      "V1259826": {
        "id": "V1259826",
        "indicator": "THE",
        "type": "PERSON",
        "word": "PARTY",
        "roles": {
          "ASSOC-POSS": "#V1259821",
          "LEX": "PARTY",
          "WNSENSE": "party%1:18:00::"
        },
        "start": 32,
        "end": 42
      },
      "V1259821": {
        "id": "V1259821",
        "indicator": "PRO",
        "type": "MALE-PERSON",
        "word": "HIS",
        "roles": {
          "LEX": "HIS",
          "PROFORM": "HIS",
          "WNSENSE": "man%1:18:00"
        },
        "start": 32,
        "end": 42
      },
      "V1259831": {
        "id": "V1259831",
        "indicator": "F",
        "type": "AFTER",
        "word": "AFTER",
        "roles": {
          "GROUND": "#V1259841",
          "FIGURE": "#V1259757",
          "LEX": "AFTER",
          "WNSENSE": "after%4:02:01::"
        },
        "start": 42,
        "end": 54
      },
      "V1259841": {
        "id": "V1259841",
        "indicator": "INDEF-SET",
        "type": "TIME-DEFINED-BY-DURATION",
        "word": "HOUR",
        "roles": {
          "SCALE": "TIME-LOC-SCALE",
          "LEX": "HOURS",
          "WNSENSE": "hour%1:28:01::"
        },
        "start": 48,
        "end": 54
      },
      "root": "#V1266591"
    },
    {
      "V1261220": {
        "id": "V1261220",
        "indicator": "SPEECHACT",
        "type": "SA_IDENTIFY",
        "word": null,
        "roles": {
          "CONTENT": "#V1259706",
          "LEX": "BOSS"
        },
        "start": 0,
        "end": 17
      },
      "V1259706": {
        "id": "V1259706",
        "indicator": "THE",
        "type": "PROFESSIONAL",
        "word": "BOSS",
        "roles": {
          "ASSOC-POSS": "#V1259703",
          "MOD": "#V1259715",
          "LEX": "BOSS",
          "WNSENSE": "professional%1:18:00"
        },
        "start": 0,
        "end": 17
      },
      "V1259703": {
        "id": "V1259703",
        "indicator": "PRO",
        "type": "PERSON",
        "word": "MY",
        "roles": {
          "LEX": "MY",
          "PROFORM": "MY",
          "WNSENSE": "person%1:03:00"
        },
        "start": 0,
        "end": 17
      },
      "V1259715": {
        "id": "V1259715",
        "indicator": "F",
        "type": "REQUEST",
        "word": "INSIST",
        "roles": {
          "NEUTRAL": "#V1259706",
          "VFORM": "PASSIVE",
          "LEX": "INSISTED",
          "WNSENSE": "insist%2:32:00::"
        },
        "start": 8,
        "end": 17
      },
      "root": "#V1261220"
    },
    {
      "V1266761": {
        "id": "V1266761",
        "indicator": "SPEECHACT",
        "type": "SA_TELL",
        "word": null,
        "roles": {
          "PUNCTYPE": "DECL",
          "CONTENT": "#V1259757",
          "LEX": "COME"
        },
        "start": 17,
        "end": 55
      },
      "V1259757": {
        "id": "V1259757",
        "indicator": "F",
        "type": "COME",
        "word": "COME",
        "roles": {
          "RESULT": "#V1259776",
          "AFFECTED": "#V1259719",
          "MOD": "#V1259727",
          "TENSE": "PRES",
          "LEX": "COME",
          "WNSENSE": "come%2:42:15::"
        },
        "start": 17,
        "end": 54
      },
      "V1259719": {
        "id": "V1259719",
        "indicator": "PRO-SET",
        "type": "PERSON",
        "word": "WE",
        "roles": {
          "PROFORM": "WE",
          "LEX": "WE",
          "WNSENSE": "person%1:03:00"
        },
        "start": 17,
        "end": 20
      },
      "V1259727": {
        "id": "V1259727",
        "indicator": "F",
        "type": "MODIFIER",
        "word": "ALL",
        "roles": {
          "FIGURE": "#V1259757",
          "LEX": "ALL"
        },
        "start": 20,
        "end": 24
      },
      "V1259776": {
        "id": "V1259776",
        "indicator": "F",
        "type": "RESULTING-STATE",
        "word": "TO",
        "roles": {
          "GROUND": "#V1259827",
          "FIGURE": "#V1259719",
          "LEX": "TO"
        },
        "start": 29,
        "end": 54
      },
      "V1259827": {
        "id": "V1259827",
        "indicator": "THE",
        "type": "GATHERING-EVENT",
        "word": "PARTY",
        "roles": {
          "ASSOC-POSS": "#V1259821",
          "TIME": "#V1259833",
          "LEX": "PARTY",
          "WNSENSE": "party%1:14:00::"
        },
        "start": 32,
        "end": 54
      },
      "V1259821": {
        "id": "V1259821",
        "indicator": "PRO",
        "type": "MALE-PERSON",
        "word": "HIS",
        "roles": {
          "LEX": "HIS",
          "PROFORM": "HIS",
          "WNSENSE": "man%1:18:00"
        },
        "start": 32,
        "end": 54
      },
      "V1259833": {
        "id": "V1259833",
        "indicator": "F",
        "type": "AFTER",
        "word": "AFTER",
        "roles": {
          "GROUND": "#V1259841",
          "FIGURE": "#V1259827",
          "LEX": "AFTER",
          "WNSENSE": "after%4:02:01::"
        },
        "start": 42,
        "end": 54
      },
      "V1259841": {
        "id": "V1259841",
        "indicator": "INDEF-SET",
        "type": "TIME-DEFINED-BY-DURATION",
        "word": "HOUR",
        "roles": {
          "SCALE": "TIME-LOC-SCALE",
          "LEX": "HOURS",
          "WNSENSE": "hour%1:28:01::"
        },
        "start": 48,
        "end": 54
      },
      "root": "#V1266761"
    },
    {
      "V1261220": {
        "id": "V1261220",
        "indicator": "SPEECHACT",
        "type": "SA_IDENTIFY",
        "word": null,
        "roles": {
          "CONTENT": "#V1259706",
          "LEX": "BOSS"
        },
        "start": 0,
        "end": 17
      },
      "V1259706": {
        "id": "V1259706",
        "indicator": "THE",
        "type": "PROFESSIONAL",
        "word": "BOSS",
        "roles": {
          "ASSOC-POSS": "#V1259703",
          "MOD": "#V1259715",
          "LEX": "BOSS",
          "WNSENSE": "professional%1:18:00"
        },
        "start": 0,
        "end": 17
      },
      "V1259703": {
        "id": "V1259703",
        "indicator": "PRO",
        "type": "PERSON",
        "word": "MY",
        "roles": {
          "LEX": "MY",
          "PROFORM": "MY",
          "WNSENSE": "person%1:03:00"
        },
        "start": 0,
        "end": 17
      },
      "V1259715": {
        "id": "V1259715",
        "indicator": "F",
        "type": "REQUEST",
        "word": "INSIST",
        "roles": {
          "NEUTRAL": "#V1259706",
          "VFORM": "PASSIVE",
          "LEX": "INSISTED",
          "WNSENSE": "insist%2:32:00::"
        },
        "start": 8,
        "end": 17
      },
      "root": "#V1261220"
    },
    {
      "V1266813": {
        "id": "V1266813",
        "indicator": "SPEECHACT",
        "type": "SA_TELL",
        "word": null,
        "roles": {
          "PUNCTYPE": "DECL",
          "CONTENT": "#V1259757",
          "LEX": "COME"
        },
        "start": 17,
        "end": 55
      },
      "V1259757": {
        "id": "V1259757",
        "indicator": "F",
        "type": "COME",
        "word": "COME",
        "roles": {
          "MOD": [
            "#V1259727",
            "#V1259863"
          ],
          "RESULT": "#V1259776",
          "AFFECTED": "#V1259719",
          "TENSE": "PRES",
          "LEX": "COME",
          "WNSENSE": "come%2:42:15::"
        },
        "start": 17,
        "end": 54
      },
      "V1259719": {
        "id": "V1259719",
        "indicator": "PRO-SET",
        "type": "PERSON",
        "word": "WE",
        "roles": {
          "PROFORM": "WE",
          "LEX": "WE",
          "WNSENSE": "person%1:03:00"
        },
        "start": 17,
        "end": 20
      },
      "V1259727": {
        "id": "V1259727",
        "indicator": "F",
        "type": "MODIFIER",
        "word": "ALL",
        "roles": {
          "FIGURE": "#V1259757",
          "LEX": "ALL"
        },
        "start": 20,
        "end": 24
      },
      "V1259776": {
        "id": "V1259776",
        "indicator": "F",
        "type": "RESULTING-STATE",
        "word": "TO",
        "roles": {
          "GROUND": "#V1260185",
          "FIGURE": "#V1259719",
          "LEX": "TO"
        },
        "start": 29,
        "end": 42
      },
      "V1260185": {
        "id": "V1260185",
        "indicator": "THE",
        "type": "QUANTITY-ABSTR",
        "word": null,
        "roles": {
          "FIGURE": "#V1259826"
        },
        "start": 32,
        "end": 42
      },
      "V1259826": {
        "id": "V1259826",
        "indicator": "THE",
        "type": "PERSON",
        "word": "PARTY",
        "roles": {
          "ASSOC-POSS": "#V1259821",
          "LEX": "PARTY",
          "WNSENSE": "party%1:18:00::"
        },
        "start": 32,
        "end": 42
      },
      "V1259821": {
        "id": "V1259821",
        "indicator": "PRO",
        "type": "MALE-PERSON",
        "word": "HIS",
        "roles": {
          "LEX": "HIS",
          "PROFORM": "HIS",
          "WNSENSE": "man%1:18:00"
        },
        "start": 32,
        "end": 42
      },
      "V1259863": {
        "id": "V1259863",
        "indicator": "F",
        "type": "PREDICATE",
        "word": "AFTER-HOURS",
        "roles": {
          "FIGURE": "#V1259757",
          "LEX": "AFTER-HOURS",
          "WNSENSE": "after_hours%4:02:00"
        },
        "start": 42,
        "end": 54
      },
      "root": "#V1266813"
    },
    {
      "V1261933": {
        "id": "V1261933",
        "indicator": "SPEECHACT",
        "type": "SA_IDENTIFY",
        "word": null,
        "roles": {
          "CONTENT": "#V1260682",
          "LEX": "-"
        },
        "start": 0,
        "end": 17
      },
      "V1260682": {
        "id": "V1260682",
        "indicator": "THE",
        "type": "QUANTITY-ABSTR",
        "word": null,
        "roles": {
          "FIGURE": "#V1259706"
        },
        "start": 0,
        "end": 17
      },
      "V1259706": {
        "id": "V1259706",
        "indicator": "THE",
        "type": "PROFESSIONAL",
        "word": "BOSS",
        "roles": {
          "ASSOC-POSS": "#V1259703",
          "MOD": "#V1259715",
          "LEX": "BOSS",
          "WNSENSE": "professional%1:18:00"
        },
        "start": 0,
        "end": 17
      },
      "V1259703": {
        "id": "V1259703",
        "indicator": "PRO",
        "type": "PERSON",
        "word": "MY",
        "roles": {
          "LEX": "MY",
          "PROFORM": "MY",
          "WNSENSE": "person%1:03:00"
        },
        "start": 0,
        "end": 17
      },
      "V1259715": {
        "id": "V1259715",
        "indicator": "F",
        "type": "REQUEST",
        "word": "INSIST",
        "roles": {
          "NEUTRAL": "#V1259706",
          "VFORM": "PASSIVE",
          "LEX": "INSISTED",
          "WNSENSE": "insist%2:32:00::"
        },
        "start": 8,
        "end": 17
      },
      "root": "#V1261933"
    },
    {
      "V1265688": {
        "id": "V1265688",
        "indicator": "SPEECHACT",
        "type": "SA_TELL",
        "word": null,
        "roles": {
          "PUNCTYPE": "DECL",
          "CONTENT": "#V1259757",
          "LEX": "COME"
        },
        "start": 17,
        "end": 55
      },
      "V1259757": {
        "id": "V1259757",
        "indicator": "F",
        "type": "COME",
        "word": "COME",
        "roles": {
          "MOD": "#V1259727",
          "RESULT": "#V1259774",
          "AFFECTED": "#V1259719",
          "TIME": "#V1259831",
          "TENSE": "PRES",
          "LEX": "COME",
          "WNSENSE": "come%2:42:15::"
        },
        "start": 17,
        "end": 54
      },
      "V1259719": {
        "id": "V1259719",
        "indicator": "PRO-SET",
        "type": "PERSON",
        "word": "WE",
        "roles": {
          "PROFORM": "WE",
          "LEX": "WE",
          "WNSENSE": "person%1:03:00"
        },
        "start": 17,
        "end": 20
      },
      "V1259727": {
        "id": "V1259727",
        "indicator": "F",
        "type": "MODIFIER",
        "word": "ALL",
        "roles": {
          "FIGURE": "#V1259757",
          "LEX": "ALL"
        },
        "start": 20,
        "end": 24
      },
      "V1259774": {
        "id": "V1259774",
        "indicator": "F",
        "type": "TO-LOC",
        "word": "TO",
        "roles": {
          "GROUND": "#V1260009",
          "FIGURE": "#V1259719",
          "LEX": "TO"
        },
        "start": 29,
        "end": 42
      },
      "V1260009": {
        "id": "V1260009",
        "indicator": "THE",
        "type": "QUANTITY-ABSTR",
        "word": null,
        "roles": {
          "FIGURE": "#V1259827"
        },
        "start": 32,
        "end": 42
      },
      "V1259827": {
        "id": "V1259827",
        "indicator": "THE",
        "type": "GATHERING-EVENT",
        "word": "PARTY",
        "roles": {
          "ASSOC-POSS": "#V1259821",
          "LEX": "PARTY",
          "WNSENSE": "party%1:14:00::"
        },
        "start": 32,
        "end": 42
      },
      "V1259821": {
        "id": "V1259821",
        "indicator": "PRO",
        "type": "MALE-PERSON",
        "word": "HIS",
        "roles": {
          "LEX": "HIS",
          "PROFORM": "HIS",
          "WNSENSE": "man%1:18:00"
        },
        "start": 32,
        "end": 42
      },
      "V1259831": {
        "id": "V1259831",
        "indicator": "F",
        "type": "AFTER",
        "word": "AFTER",
        "roles": {
          "GROUND": "#V1259841",
          "FIGURE": "#V1259757",
          "LEX": "AFTER",
          "WNSENSE": "after%4:02:01::"
        },
        "start": 42,
        "end": 54
      },
      "V1259841": {
        "id": "V1259841",
        "indicator": "INDEF-SET",
        "type": "TIME-DEFINED-BY-DURATION",
        "word": "HOUR",
        "roles": {
          "SCALE": "TIME-LOC-SCALE",
          "LEX": "HOURS",
          "WNSENSE": "hour%1:28:01::"
        },
        "start": 48,
        "end": 54
      },
      "root": "#V1265688"
    }
  ],
  "inputtags": [],
  "debug": [
    "*last-utt-id*=NIL  utt-id+213",
    "*last-utt-id*=213  utt-id+213",
    "*last-utt-id*=213  utt-id+NIL"
  ]
}
