{
  "parse": [
    {
      "V1972856": {
        "id": "V1972856",
        "indicator": "SPEECHACT",
        "type": "SA_TELL",
        "word": null,
        "roles": {
          "PUNCTYPE": "DECL",
          "CONTENT": "#V1972284",
          "LEX": "FELT"
        },
        "start": 0,
        "end": 29
      },
      "V1972284": {
        "id": "V1972284",
        "indicator": "F",
        "type": "EXPERIENCER-EMOTION",
        "word": "FEEL",
        "roles": {
          "EXPERIENCER": "#V1972266",
          "FORMAL": "#V1972844",
          "TENSE": "PAST",
          "LEX": "FELT",
          "WNSENSE": "feel%2:37:00::"
        },
        "start": 0,
        "end": 29
      },
      "V1972266": {
        "id": "V1972266",
        "indicator": "PRO",
        "type": "PERSON",
        "word": "I",
        "roles": {
          "PROFORM": "I",
          "LEX": "I",
          "WNSENSE": "person%1:03:00",
          "COREF": "USER"
        },
        "start": 0,
        "end": 2
      },
      "V1972844": {
        "id": "V1972844",
        "indicator": "F",
        "type": "PROPERTY-VAL",
        "word": null,
        "roles": {
          "SEQUENCE": "#V1972478",
          "SEQUENCE1": "#V1972340",
          "OPERATOR": "AND",
          "LEX": "-",
          "WNSENSE": "dirty%3:00:01::"
        },
        "start": 7,
        "end": 29
      },
      "V1972478": {
        "id": "V1972478",
        "indicator": "F",
        "type": "STATE-RESULTING-FROM",
        "word": null,
        "roles": {
          "FIGURE": "#V1972266",
          "GROUND": "#V1972321",
          "DEGREE": "#V1972299",
          "LEX": "VIOLATED"
        },
        "start": 7,
        "end": 19
      },
      "V1972321": {
        "id": "V1972321",
        "indicator": "F",
        "type": "ATTACK",
        "word": "VIOLATED",
        "roles": {
          "AFFECTED": "#V1972266",
          "WNSENSE": "attack%2:33:00"
        },
        "start": 7,
        "end": 19
      },
      "V1972299": {
        "id": "V1972299",
        "indicator": "F",
        "type": "DEGREE-MODIFIER-HIGH",
        "word": "SO",
        "roles": {
          "FIGURE": "#V1972478",
          "LEX": "SO",
          "WNSENSE": "so%4:02:02::"
        },
        "start": 7,
        "end": 10
      },
      "V1972340": {
        "id": "V1972340",
        "indicator": "F",
        "type": "DIRTY-VAL",
        "word": "DIRTY",
        "roles": {
          "FIGURE": "#V1972266",
          "SCALE": "UNCLEAN-SCALE",
          "LEX": "DIRTY",
          "WNSENSE": "dirty%3:00:01::"
        },
        "start": 23,
        "end": 29
      },
      "root": "#V1972856"
    }
  ],
  "inputtags": [],
  "debug": [
    "*last-utt-id*=NIL  utt-id+307",
    "*last-utt-id*=307  utt-id+NIL"
  ]
}
