{
  "parse": [
    {
      "V1125531": {
        "id": "V1125531",
        "indicator": "SPEECHACT",
        "type": "SA_TELL",
        "word": null,
        "roles": {
          "CONTENT": "#V1124778",
          "LEX": "GOT"
        },
        "start": 0,
        "end": 9
      },
      "V1124778": {
        "id": "V1124778",
        "indicator": "F",
        "type": "BECOME",
        "word": "GET",
        "roles": {
          "AFFECTED": "#V1124736",
          "FORMAL": "#V1124808",
          "TENSE": "PAST",
          "LEX": "GOT",
          "WNSENSE": "get%2:30:00::"
        },
        "start": 0,
        "end": 9
      },
      "V1124736": {
        "id": "V1124736",
        "indicator": "BARE",
        "type": "HITTING",
        "word": "HIT",
        "roles": {
          "LEX": "HIT",
          "WNSENSE": "hit%2:35:03::"
        },
        "start": 0,
        "end": 4
      },
      "V1124808": {
        "id": "V1124808",
        "indicator": "F",
        "type": "DIRECTION-IN",
        "word": "IN",
        "roles": {
          "FIGURE": "#V1124736",
          "LEX": "IN",
          "WNSENSE": "in%4:02:01::"
        },
        "start": 8,
        "end": 9
      },
      "root": "#V1125531"
    }
  ],
  "inputtags": [],
  "debug": [
    "*last-utt-id*=199  utt-id+200",
    "*last-utt-id*=200  utt-id+NIL"
  ]
}
