{
  "parse": [
    {
      "V1258554": {
        "id": "V1258554",
        "indicator": "SPEECHACT",
        "type": "SA_TELL",
        "word": null,
        "roles": {
          "PUNCTYPE": "DECL",
          "CONTENT": "#V1257559",
          "LEX": "WAS"
        },
        "start": 0,
        "end": 39
      },
      "V1257559": {
        "id": "V1257559",
        "indicator": "F",
        "type": "HAVE-PROPERTY",
        "word": "BE",
        "roles": {
          "NEUTRAL": "#V1257543",
          "FORMAL": "#V1258470",
          "TENSE": "PAST",
          "LEX": "WAS",
          "WNSENSE": "be%2:42:03::"
        },
        "start": 0,
        "end": 39
      },
      "V1257543": {
        "id": "V1257543",
        "indicator": "PRO",
        "type": "PERSON",
        "word": "I",
        "roles": {
          "PROFORM": "I",
          "LEX": "I",
          "WNSENSE": "person%1:03:00",
          "COREF": "USER"
        },
        "start": 0,
        "end": 2
      },
      "V1258470": {
        "id": "V1258470",
        "indicator": "F",
        "type": "MEMBERSHIP",
        "word": null,
        "roles": {
          "FIGURE": "#V1257543",
          "GROUND": "#V1257746",
          "LEX": "BOYS"
        },
        "start": 7,
        "end": 39
      },
      "V1257746": {
        "id": "V1257746",
        "indicator": "THE-SET",
        "type": "MALE-CHILD",
        "word": "BOY",
        "roles": {
          "SIZE": "#V1257573",
          "SOURCE": "#V1257751",
          "MOD": "#V1257743"
        },
        "start": 7,
        "end": 39
      },
      "V1257573": {
        "id": "V1257573",
        "indicator": "A",
        "type": "NUMBER",
        "word": null,
        "roles": {
          "VALUE": "13"
        },
        "start": 7,
        "end": 10
      },
      "V1257743": {
        "id": "V1257743",
        "indicator": "F",
        "type": "QUANTITY-RELATED-PROPERTY-VAL",
        "word": "A-COUPLE-OF",
        "roles": {
          "FIGURE": "#V1257746",
          "SCALE": "DOMAIN",
          "LEX": "A-COUPLE-OF",
          "WNSENSE": "a_couple_of%5:00:00:few:00"
        },
        "start": 10,
        "end": 22
      },
      "V1257751": {
        "id": "V1257751",
        "indicator": "F",
        "type": "SOURCE-AS-LOC",
        "word": "FROM",
        "roles": {
          "GROUND": "#V1257762",
          "FIGURE": "#V1257746",
          "LEX": "FROM"
        },
        "start": 27,
        "end": 39
      },
      "V1257762": {
        "id": "V1257762",
        "indicator": "BARE",
        "type": "ACADEMIC-INSTITUTION",
        "word": "SCHOOL",
        "roles": {
          "LEX": "SCHOOL",
          "WNSENSE": "school%1:14:00::"
        },
        "start": 32,
        "end": 39
      },
      "root": "#V1258554"
    }
  ],
  "inputtags": [],
  "debug": [
    "*last-utt-id*=NIL  utt-id+261",
    "*last-utt-id*=261  utt-id+NIL"
  ]
}
