{
  "parse": [
    {
      "V98358": {
        "id": "V98358",
        "indicator": "SPEECHACT",
        "type": "SA_TELL",
        "word": null,
        "roles": {
          "PUNCTYPE": "DECL",
          "CONTENT": "#V98263",
          "LEX": "FIGHT"
        },
        "start": 0,
        "end": 6
      },
      "V98263": {
        "id": "V98263",
        "indicator": "F",
        "type": "FIGHTING",
        "word": "FIGHT",
        "roles": {
          "AGENT": "#V98359",
          "TENSE": "PRES",
          "LEX": "FIGHT",
          "WNSENSE": "fight%2:33:00::"
        },
        "start": 0,
        "end": 6
      },
      "V98359": {
        "id": "V98359",
        "indicator": "IMPRO",
        "type": "REFERENTIAL-SEM",
        "word": null,
        "roles": {
          "PROFORM": "SUBJ"
        },
        "start": 0,
        "end": 6
      },
      "root": "#V98358"
    }
  ],
  "inputtags": [],
  "debug": [
    "*last-utt-id*=NIL  utt-id+12",
    "*last-utt-id*=12  utt-id+NIL"
  ]
}
