{
  "parse": [
    {
      "V807361": {
        "id": "V807361",
        "indicator": "SA-SEQ",
        "type": "SPEECH-ACT",
        "word": null,
        "roles": {
          "ACT": "#V807292",
          "ACT1": "#V807328",
          "LEX": "TRUE"
        },
        "start": 0,
        "end": 9
      },
      "V807292": {
        "id": "V807292",
        "indicator": "SPEECHACT",
        "type": "SA_RESPONSE",
        "word": null,
        "roles": {
          "CONTENT": "(NEG)",
          "LEX": "NOT"
        },
        "start": 0,
        "end": 4
      },
      "V807328": {
        "id": "V807328",
        "indicator": "SPEECHACT",
        "type": "SA_PRED-FRAGMENT",
        "word": null,
        "roles": {
          "CONTENT": "#V807227",
          "LEX": "TRUE"
        },
        "start": 4,
        "end": 9
      },
      "V807227": {
        "id": "V807227",
        "indicator": "F",
        "type": "AUTHENTIC-VAL",
        "word": "TRUE",
        "roles": {
          "ORIENTATION": "POS",
          "FIGURE": "#V807329",
          "SCALE": "AUTHENTICITY-SCALE",
          "LEX": "TRUE",
          "WNSENSE": "true%5:00:00:real:02"
        },
        "start": 4,
        "end": 9
      },
      "V807329": {
        "id": "V807329",
        "indicator": "IMPRO",
        "type": "ANY-SEM",
        "word": null,
        "roles": {
          "CONTEXT-REL": "UTT-FRAG"
        },
        "start": 4,
        "end": 9
      },
      "root": "#V807361"
    },
    {
      "V807396": {
        "id": "V807396",
        "indicator": "SPEECHACT",
        "type": "SA_IDENTIFY",
        "word": null,
        "roles": {
          "CONTENT": "#V807241",
          "LEX": "OR"
        },
        "start": 9,
        "end": 19
      },
      "V807241": {
        "id": "V807241",
        "indicator": "THE-SET",
        "type": "QUANTITY-ABSTR",
        "word": null,
        "roles": {
          "OPERATOR": "OR",
          "SEQUENCE": "#V807323",
          "SEQUENCE1": "#V807314",
          "LEX": "OR"
        },
        "start": 9,
        "end": 19
      },
      "V807323": {
        "id": "V807323",
        "indicator": "THE",
        "type": "QUANTITY-ABSTR",
        "word": null,
        "roles": {
          "FIGURE": "#V807232"
        },
        "start": 9,
        "end": 14
      },
      "V807232": {
        "id": "V807232",
        "indicator": "PRO",
        "type": "TIME-LOC",
        "word": "THEN",
        "roles": {
          "PROFORM": "THEN",
          "LEX": "THEN",
          "WNSENSE": "date%1:28:03"
        },
        "start": 9,
        "end": 14
      },
      "V807314": {
        "id": "V807314",
        "indicator": "THE",
        "type": "QUANTITY-ABSTR",
        "word": null,
        "roles": {
          "FIGURE": "#V807251"
        },
        "start": 17,
        "end": 19
      },
      "V807251": {
        "id": "V807251",
        "indicator": "PRO",
        "type": "TIME-LOC",
        "word": "NOW",
        "roles": {
          "PROFORM": "NOW",
          "LEX": "NOW",
          "WNSENSE": "date%1:28:03"
        },
        "start": 17,
        "end": 19
      },
      "root": "#V807396"
    },
    {
      "V807361": {
        "id": "V807361",
        "indicator": "SA-SEQ",
        "type": "SPEECH-ACT",
        "word": null,
        "roles": {
          "ACT": "#V807292",
          "ACT1": "#V807331",
          "LEX": "TRUE"
        },
        "start": 0,
        "end": 9
      },
      "V807292": {
        "id": "V807292",
        "indicator": "SPEECHACT",
        "type": "SA_RESPONSE",
        "word": null,
        "roles": {
          "CONTENT": "(NEG)",
          "LEX": "NOT"
        },
        "start": 0,
        "end": 4
      },
      "V807331": {
        "id": "V807331",
        "indicator": "SPEECHACT",
        "type": "SA_PRED-FRAGMENT",
        "word": null,
        "roles": {
          "CONTENT": "#V807228",
          "LEX": "TRUE"
        },
        "start": 4,
        "end": 9
      },
      "V807228": {
        "id": "V807228",
        "indicator": "F",
        "type": "TRUE-VAL",
        "word": "TRUE",
        "roles": {
          "FIGURE": "#V807332",
          "SCALE": "TRUE-SCALE",
          "LEX": "TRUE",
          "WNSENSE": "true%3:00:00::"
        },
        "start": 4,
        "end": 9
      },
      "V807332": {
        "id": "V807332",
        "indicator": "IMPRO",
        "type": "ANY-SEM",
        "word": null,
        "roles": {
          "CONTEXT-REL": "UTT-FRAG"
        },
        "start": 4,
        "end": 9
      },
      "root": "#V807361"
    },
    {
      "V807396": {
        "id": "V807396",
        "indicator": "SPEECHACT",
        "type": "SA_IDENTIFY",
        "word": null,
        "roles": {
          "CONTENT": "#V807241",
          "LEX": "OR"
        },
        "start": 9,
        "end": 20
      },
      "V807241": {
        "id": "V807241",
        "indicator": "THE-SET",
        "type": "QUANTITY-ABSTR",
        "word": null,
        "roles": {
          "OPERATOR": "OR",
          "SEQUENCE": "#V807323",
          "SEQUENCE1": "#V807314",
          "LEX": "OR"
        },
        "start": 9,
        "end": 20
      },
      "V807323": {
        "id": "V807323",
        "indicator": "THE",
        "type": "QUANTITY-ABSTR",
        "word": null,
        "roles": {
          "FIGURE": "#V807232"
        },
        "start": 9,
        "end": 14
      },
      "V807232": {
        "id": "V807232",
        "indicator": "PRO",
        "type": "TIME-LOC",
        "word": "THEN",
        "roles": {
          "PROFORM": "THEN",
          "LEX": "THEN",
          "WNSENSE": "date%1:28:03"
        },
        "start": 9,
        "end": 14
      },
      "V807314": {
        "id": "V807314",
        "indicator": "THE",
        "type": "QUANTITY-ABSTR",
        "word": null,
        "roles": {
          "FIGURE": "#V807251"
        },
        "start": 17,
        "end": 20
      },
      "V807251": {
        "id": "V807251",
        "indicator": "PRO",
        "type": "TIME-LOC",
        "word": "NOW",
        "roles": {
          "PROFORM": "NOW",
          "LEX": "NOW",
          "WNSENSE": "date%1:28:03"
        },
        "start": 17,
        "end": 20
      },
      "root": "#V807396"
    },
    {
      "V807361": {
        "id": "V807361",
        "indicator": "SA-SEQ",
        "type": "SPEECH-ACT",
        "word": null,
        "roles": {
          "ACT": "#V807292",
          "ACT1": "#V807328",
          "LEX": "TRUE"
        },
        "start": 0,
        "end": 9
      },
      "V807292": {
        "id": "V807292",
        "indicator": "SPEECHACT",
        "type": "SA_RESPONSE",
        "word": null,
        "roles": {
          "CONTENT": "(NEG)",
          "LEX": "NOT"
        },
        "start": 0,
        "end": 4
      },
      "V807328": {
        "id": "V807328",
        "indicator": "SPEECHACT",
        "type": "SA_PRED-FRAGMENT",
        "word": null,
        "roles": {
          "CONTENT": "#V807227",
          "LEX": "TRUE"
        },
        "start": 4,
        "end": 9
      },
      "V807227": {
        "id": "V807227",
        "indicator": "F",
        "type": "AUTHENTIC-VAL",
        "word": "TRUE",
        "roles": {
          "ORIENTATION": "POS",
          "FIGURE": "#V807329",
          "SCALE": "AUTHENTICITY-SCALE",
          "LEX": "TRUE",
          "WNSENSE": "true%5:00:00:real:02"
        },
        "start": 4,
        "end": 9
      },
      "V807329": {
        "id": "V807329",
        "indicator": "IMPRO",
        "type": "ANY-SEM",
        "word": null,
        "roles": {
          "CONTEXT-REL": "UTT-FRAG"
        },
        "start": 4,
        "end": 9
      },
      "root": "#V807361"
    },
    {
      "V807398": {
        "id": "V807398",
        "indicator": "SPEECHACT",
        "type": "SA_IDENTIFY",
        "word": null,
        "roles": {
          "CONTENT": "#V807241",
          "LEX": "OR"
        },
        "start": 9,
        "end": 20
      },
      "V807241": {
        "id": "V807241",
        "indicator": "INDEF-SET",
        "type": "TIME-LOC",
        "word": null,
        "roles": {
          "OPERATOR": "OR",
          "SEQUENCE": "#V807232",
          "SEQUENCE1": "#V807251",
          "LEX": "OR"
        },
        "start": 9,
        "end": 20
      },
      "V807232": {
        "id": "V807232",
        "indicator": "PRO",
        "type": "TIME-LOC",
        "word": "THEN",
        "roles": {
          "PROFORM": "THEN",
          "LEX": "THEN",
          "WNSENSE": "date%1:28:03"
        },
        "start": 9,
        "end": 14
      },
      "V807251": {
        "id": "V807251",
        "indicator": "PRO",
        "type": "TIME-LOC",
        "word": "NOW",
        "roles": {
          "PROFORM": "NOW",
          "LEX": "NOW",
          "WNSENSE": "date%1:28:03"
        },
        "start": 17,
        "end": 20
      },
      "root": "#V807398"
    },
    {
      "V807361": {
        "id": "V807361",
        "indicator": "SA-SEQ",
        "type": "SPEECH-ACT",
        "word": null,
        "roles": {
          "ACT": "#V807292",
          "ACT1": "#V807331",
          "LEX": "TRUE"
        },
        "start": 0,
        "end": 9
      },
      "V807292": {
        "id": "V807292",
        "indicator": "SPEECHACT",
        "type": "SA_RESPONSE",
        "word": null,
        "roles": {
          "CONTENT": "(NEG)",
          "LEX": "NOT"
        },
        "start": 0,
        "end": 4
      },
      "V807331": {
        "id": "V807331",
        "indicator": "SPEECHACT",
        "type": "SA_PRED-FRAGMENT",
        "word": null,
        "roles": {
          "CONTENT": "#V807228",
          "LEX": "TRUE"
        },
        "start": 4,
        "end": 9
      },
      "V807228": {
        "id": "V807228",
        "indicator": "F",
        "type": "TRUE-VAL",
        "word": "TRUE",
        "roles": {
          "FIGURE": "#V807332",
          "SCALE": "TRUE-SCALE",
          "LEX": "TRUE",
          "WNSENSE": "true%3:00:00::"
        },
        "start": 4,
        "end": 9
      },
      "V807332": {
        "id": "V807332",
        "indicator": "IMPRO",
        "type": "ANY-SEM",
        "word": null,
        "roles": {
          "CONTEXT-REL": "UTT-FRAG"
        },
        "start": 4,
        "end": 9
      },
      "root": "#V807361"
    },
    {
      "V807398": {
        "id": "V807398",
        "indicator": "SPEECHACT",
        "type": "SA_IDENTIFY",
        "word": null,
        "roles": {
          "CONTENT": "#V807241",
          "LEX": "OR"
        },
        "start": 9,
        "end": 20
      },
      "V807241": {
        "id": "V807241",
        "indicator": "INDEF-SET",
        "type": "TIME-LOC",
        "word": null,
        "roles": {
          "OPERATOR": "OR",
          "SEQUENCE": "#V807232",
          "SEQUENCE1": "#V807251",
          "LEX": "OR"
        },
        "start": 9,
        "end": 20
      },
      "V807232": {
        "id": "V807232",
        "indicator": "PRO",
        "type": "TIME-LOC",
        "word": "THEN",
        "roles": {
          "PROFORM": "THEN",
          "LEX": "THEN",
          "WNSENSE": "date%1:28:03"
        },
        "start": 9,
        "end": 14
      },
      "V807251": {
        "id": "V807251",
        "indicator": "PRO",
        "type": "TIME-LOC",
        "word": "NOW",
        "roles": {
          "PROFORM": "NOW",
          "LEX": "NOW",
          "WNSENSE": "date%1:28:03"
        },
        "start": 17,
        "end": 20
      },
      "root": "#V807398"
    },
    {
      "V807361": {
        "id": "V807361",
        "indicator": "SA-SEQ",
        "type": "SPEECH-ACT",
        "word": null,
        "roles": {
          "ACT": "#V807292",
          "ACT1": "#V807328",
          "LEX": "TRUE"
        },
        "start": 0,
        "end": 9
      },
      "V807292": {
        "id": "V807292",
        "indicator": "SPEECHACT",
        "type": "SA_RESPONSE",
        "word": null,
        "roles": {
          "CONTENT": "(NEG)",
          "LEX": "NOT"
        },
        "start": 0,
        "end": 4
      },
      "V807328": {
        "id": "V807328",
        "indicator": "SPEECHACT",
        "type": "SA_PRED-FRAGMENT",
        "word": null,
        "roles": {
          "CONTENT": "#V807227",
          "LEX": "TRUE"
        },
        "start": 4,
        "end": 9
      },
      "V807227": {
        "id": "V807227",
        "indicator": "F",
        "type": "AUTHENTIC-VAL",
        "word": "TRUE",
        "roles": {
          "ORIENTATION": "POS",
          "FIGURE": "#V807329",
          "SCALE": "AUTHENTICITY-SCALE",
          "LEX": "TRUE",
          "WNSENSE": "true%5:00:00:real:02"
        },
        "start": 4,
        "end": 9
      },
      "V807329": {
        "id": "V807329",
        "indicator": "IMPRO",
        "type": "ANY-SEM",
        "word": null,
        "roles": {
          "CONTEXT-REL": "UTT-FRAG"
        },
        "start": 4,
        "end": 9
      },
      "root": "#V807361"
    },
    {
      "V807289": {
        "id": "V807289",
        "indicator": "F",
        "type": "PREDICATE",
        "word": null,
        "roles": {
          "SEQUENCE": "#V807235",
          "SEQUENCE1": "#V807252",
          "OPERATOR": "OR",
          "LEX": "NOW",
          "WNSENSE": "now%4:02:05::"
        },
        "start": 9,
        "end": 20
      },
      "V807235": {
        "id": "V807235",
        "indicator": "F",
        "type": "SEQUENCE-POSITION",
        "word": "THEN",
        "roles": {
          "LEX": "THEN",
          "WNSENSE": "then%4:02:00::"
        },
        "start": 9,
        "end": 14
      },
      "V807252": {
        "id": "V807252",
        "indicator": "F",
        "type": "NOW",
        "word": "NOW",
        "roles": {
          "LEX": "NOW",
          "WNSENSE": "now%4:02:05::"
        },
        "start": 17,
        "end": 20
      },
      "root": "#V807289"
    },
    {
      "V807361": {
        "id": "V807361",
        "indicator": "SA-SEQ",
        "type": "SPEECH-ACT",
        "word": null,
        "roles": {
          "ACT": "#V807292",
          "ACT1": "#V807328",
          "LEX": "TRUE"
        },
        "start": 0,
        "end": 9
      },
      "V807292": {
        "id": "V807292",
        "indicator": "SPEECHACT",
        "type": "SA_RESPONSE",
        "word": null,
        "roles": {
          "CONTENT": "(NEG)",
          "LEX": "NOT"
        },
        "start": 0,
        "end": 4
      },
      "V807328": {
        "id": "V807328",
        "indicator": "SPEECHACT",
        "type": "SA_PRED-FRAGMENT",
        "word": null,
        "roles": {
          "CONTENT": "#V807227",
          "LEX": "TRUE"
        },
        "start": 4,
        "end": 9
      },
      "V807227": {
        "id": "V807227",
        "indicator": "F",
        "type": "AUTHENTIC-VAL",
        "word": "TRUE",
        "roles": {
          "ORIENTATION": "POS",
          "FIGURE": "#V807329",
          "SCALE": "AUTHENTICITY-SCALE",
          "LEX": "TRUE",
          "WNSENSE": "true%5:00:00:real:02"
        },
        "start": 4,
        "end": 9
      },
      "V807329": {
        "id": "V807329",
        "indicator": "IMPRO",
        "type": "ANY-SEM",
        "word": null,
        "roles": {
          "CONTEXT-REL": "UTT-FRAG"
        },
        "start": 4,
        "end": 9
      },
      "root": "#V807361"
    },
    {
      "V807285": {
        "id": "V807285",
        "indicator": "F",
        "type": "PREDICATE",
        "word": null,
        "roles": {
          "SEQUENCE": "#V807234",
          "SEQUENCE1": "#V807252",
          "OPERATOR": "OR",
          "LEX": "NOW",
          "WNSENSE": "now%4:02:05::"
        },
        "start": 9,
        "end": 20
      },
      "V807234": {
        "id": "V807234",
        "indicator": "F",
        "type": "SEQUENCE-POSITION",
        "word": "THEN",
        "roles": {
          "LEX": "THEN",
          "WNSENSE": "then%4:02:00::"
        },
        "start": 9,
        "end": 14
      },
      "V807252": {
        "id": "V807252",
        "indicator": "F",
        "type": "NOW",
        "word": "NOW",
        "roles": {
          "LEX": "NOW",
          "WNSENSE": "now%4:02:05::"
        },
        "start": 17,
        "end": 20
      },
      "root": "#V807285"
    },
    {
      "V807361": {
        "id": "V807361",
        "indicator": "SA-SEQ",
        "type": "SPEECH-ACT",
        "word": null,
        "roles": {
          "ACT": "#V807292",
          "ACT1": "#V807331",
          "LEX": "TRUE"
        },
        "start": 0,
        "end": 9
      },
      "V807292": {
        "id": "V807292",
        "indicator": "SPEECHACT",
        "type": "SA_RESPONSE",
        "word": null,
        "roles": {
          "CONTENT": "(NEG)",
          "LEX": "NOT"
        },
        "start": 0,
        "end": 4
      },
      "V807331": {
        "id": "V807331",
        "indicator": "SPEECHACT",
        "type": "SA_PRED-FRAGMENT",
        "word": null,
        "roles": {
          "CONTENT": "#V807228",
          "LEX": "TRUE"
        },
        "start": 4,
        "end": 9
      },
      "V807228": {
        "id": "V807228",
        "indicator": "F",
        "type": "TRUE-VAL",
        "word": "TRUE",
        "roles": {
          "FIGURE": "#V807332",
          "SCALE": "TRUE-SCALE",
          "LEX": "TRUE",
          "WNSENSE": "true%3:00:00::"
        },
        "start": 4,
        "end": 9
      },
      "V807332": {
        "id": "V807332",
        "indicator": "IMPRO",
        "type": "ANY-SEM",
        "word": null,
        "roles": {
          "CONTEXT-REL": "UTT-FRAG"
        },
        "start": 4,
        "end": 9
      },
      "root": "#V807361"
    },
    {
      "V807289": {
        "id": "V807289",
        "indicator": "F",
        "type": "PREDICATE",
        "word": null,
        "roles": {
          "SEQUENCE": "#V807235",
          "SEQUENCE1": "#V807252",
          "OPERATOR": "OR",
          "LEX": "NOW",
          "WNSENSE": "now%4:02:05::"
        },
        "start": 9,
        "end": 20
      },
      "V807235": {
        "id": "V807235",
        "indicator": "F",
        "type": "SEQUENCE-POSITION",
        "word": "THEN",
        "roles": {
          "LEX": "THEN",
          "WNSENSE": "then%4:02:00::"
        },
        "start": 9,
        "end": 14
      },
      "V807252": {
        "id": "V807252",
        "indicator": "F",
        "type": "NOW",
        "word": "NOW",
        "roles": {
          "LEX": "NOW",
          "WNSENSE": "now%4:02:05::"
        },
        "start": 17,
        "end": 20
      },
      "root": "#V807289"
    },
    {
      "V807361": {
        "id": "V807361",
        "indicator": "SA-SEQ",
        "type": "SPEECH-ACT",
        "word": null,
        "roles": {
          "ACT": "#V807292",
          "ACT1": "#V807331",
          "LEX": "TRUE"
        },
        "start": 0,
        "end": 9
      },
      "V807292": {
        "id": "V807292",
        "indicator": "SPEECHACT",
        "type": "SA_RESPONSE",
        "word": null,
        "roles": {
          "CONTENT": "(NEG)",
          "LEX": "NOT"
        },
        "start": 0,
        "end": 4
      },
      "V807331": {
        "id": "V807331",
        "indicator": "SPEECHACT",
        "type": "SA_PRED-FRAGMENT",
        "word": null,
        "roles": {
          "CONTENT": "#V807228",
          "LEX": "TRUE"
        },
        "start": 4,
        "end": 9
      },
      "V807228": {
        "id": "V807228",
        "indicator": "F",
        "type": "TRUE-VAL",
        "word": "TRUE",
        "roles": {
          "FIGURE": "#V807332",
          "SCALE": "TRUE-SCALE",
          "LEX": "TRUE",
          "WNSENSE": "true%3:00:00::"
        },
        "start": 4,
        "end": 9
      },
      "V807332": {
        "id": "V807332",
        "indicator": "IMPRO",
        "type": "ANY-SEM",
        "word": null,
        "roles": {
          "CONTEXT-REL": "UTT-FRAG"
        },
        "start": 4,
        "end": 9
      },
      "root": "#V807361"
    },
    {
      "V807285": {
        "id": "V807285",
        "indicator": "F",
        "type": "PREDICATE",
        "word": null,
        "roles": {
          "SEQUENCE": "#V807234",
          "SEQUENCE1": "#V807252",
          "OPERATOR": "OR",
          "LEX": "NOW",
          "WNSENSE": "now%4:02:05::"
        },
        "start": 9,
        "end": 20
      },
      "V807234": {
        "id": "V807234",
        "indicator": "F",
        "type": "SEQUENCE-POSITION",
        "word": "THEN",
        "roles": {
          "LEX": "THEN",
          "WNSENSE": "then%4:02:00::"
        },
        "start": 9,
        "end": 14
      },
      "V807252": {
        "id": "V807252",
        "indicator": "F",
        "type": "NOW",
        "word": "NOW",
        "roles": {
          "LEX": "NOW",
          "WNSENSE": "now%4:02:05::"
        },
        "start": 17,
        "end": 20
      },
      "root": "#V807285"
    },
    {
      "V807361": {
        "id": "V807361",
        "indicator": "SA-SEQ",
        "type": "SPEECH-ACT",
        "word": null,
        "roles": {
          "ACT": "#V807292",
          "ACT1": "#V807328",
          "LEX": "TRUE"
        },
        "start": 0,
        "end": 9
      },
      "V807292": {
        "id": "V807292",
        "indicator": "SPEECHACT",
        "type": "SA_RESPONSE",
        "word": null,
        "roles": {
          "CONTENT": "(NEG)",
          "LEX": "NOT"
        },
        "start": 0,
        "end": 4
      },
      "V807328": {
        "id": "V807328",
        "indicator": "SPEECHACT",
        "type": "SA_PRED-FRAGMENT",
        "word": null,
        "roles": {
          "CONTENT": "#V807227",
          "LEX": "TRUE"
        },
        "start": 4,
        "end": 9
      },
      "V807227": {
        "id": "V807227",
        "indicator": "F",
        "type": "AUTHENTIC-VAL",
        "word": "TRUE",
        "roles": {
          "ORIENTATION": "POS",
          "FIGURE": "#V807329",
          "SCALE": "AUTHENTICITY-SCALE",
          "LEX": "TRUE",
          "WNSENSE": "true%5:00:00:real:02"
        },
        "start": 4,
        "end": 9
      },
      "V807329": {
        "id": "V807329",
        "indicator": "IMPRO",
        "type": "ANY-SEM",
        "word": null,
        "roles": {
          "CONTEXT-REL": "UTT-FRAG"
        },
        "start": 4,
        "end": 9
      },
      "root": "#V807361"
    },
    {
      "V807309": {
        "id": "V807309",
        "indicator": "F",
        "type": "EVENT-TIME-REL",
        "word": null,
        "roles": {
          "SEQUENCE": "#V807233",
          "SEQUENCE1": "#V807252",
          "OPERATOR": "OR",
          "LEX": "NOW",
          "WNSENSE": "now%4:02:05::"
        },
        "start": 9,
        "end": 20
      },
      "V807233": {
        "id": "V807233",
        "indicator": "F",
        "type": "EVENT-TIME-REL",
        "word": "THEN",
        "roles": {
          "GROUND": "#V807294",
          "LEX": "THEN",
          "WNSENSE": "then%4:02:00::"
        },
        "start": 9,
        "end": 14
      },
      "V807294": {
        "id": "V807294",
        "indicator": "IMPRO",
        "type": "TIME-LOC",
        "word": "THEN",
        "roles": {
          "PROFORM": "THEN"
        },
        "start": 9,
        "end": 14
      },
      "V807252": {
        "id": "V807252",
        "indicator": "F",
        "type": "NOW",
        "word": "NOW",
        "roles": {
          "LEX": "NOW",
          "WNSENSE": "now%4:02:05::"
        },
        "start": 17,
        "end": 20
      },
      "root": "#V807309"
    },
    {
      "V807361": {
        "id": "V807361",
        "indicator": "SA-SEQ",
        "type": "SPEECH-ACT",
        "word": null,
        "roles": {
          "ACT": "#V807292",
          "ACT1": "#V807331",
          "LEX": "TRUE"
        },
        "start": 0,
        "end": 9
      },
      "V807292": {
        "id": "V807292",
        "indicator": "SPEECHACT",
        "type": "SA_RESPONSE",
        "word": null,
        "roles": {
          "CONTENT": "(NEG)",
          "LEX": "NOT"
        },
        "start": 0,
        "end": 4
      },
      "V807331": {
        "id": "V807331",
        "indicator": "SPEECHACT",
        "type": "SA_PRED-FRAGMENT",
        "word": null,
        "roles": {
          "CONTENT": "#V807228",
          "LEX": "TRUE"
        },
        "start": 4,
        "end": 9
      },
      "V807228": {
        "id": "V807228",
        "indicator": "F",
        "type": "TRUE-VAL",
        "word": "TRUE",
        "roles": {
          "FIGURE": "#V807332",
          "SCALE": "TRUE-SCALE",
          "LEX": "TRUE",
          "WNSENSE": "true%3:00:00::"
        },
        "start": 4,
        "end": 9
      },
      "V807332": {
        "id": "V807332",
        "indicator": "IMPRO",
        "type": "ANY-SEM",
        "word": null,
        "roles": {
          "CONTEXT-REL": "UTT-FRAG"
        },
        "start": 4,
        "end": 9
      },
      "root": "#V807361"
    },
    {
      "V807309": {
        "id": "V807309",
        "indicator": "F",
        "type": "EVENT-TIME-REL",
        "word": null,
        "roles": {
          "SEQUENCE": "#V807233",
          "SEQUENCE1": "#V807252",
          "OPERATOR": "OR",
          "LEX": "NOW",
          "WNSENSE": "now%4:02:05::"
        },
        "start": 9,
        "end": 20
      },
      "V807233": {
        "id": "V807233",
        "indicator": "F",
        "type": "EVENT-TIME-REL",
        "word": "THEN",
        "roles": {
          "GROUND": "#V807294",
          "LEX": "THEN",
          "WNSENSE": "then%4:02:00::"
        },
        "start": 9,
        "end": 14
      },
      "V807294": {
        "id": "V807294",
        "indicator": "IMPRO",
        "type": "TIME-LOC",
        "word": "THEN",
        "roles": {
          "PROFORM": "THEN"
        },
        "start": 9,
        "end": 14
      },
      "V807252": {
        "id": "V807252",
        "indicator": "F",
        "type": "NOW",
        "word": "NOW",
        "roles": {
          "LEX": "NOW",
          "WNSENSE": "now%4:02:05::"
        },
        "start": 17,
        "end": 20
      },
      "root": "#V807309"
    },
    {
      "V807361": {
        "id": "V807361",
        "indicator": "SA-SEQ",
        "type": "SPEECH-ACT",
        "word": null,
        "roles": {
          "ACT": "#V807292",
          "ACT1": "#V807328",
          "LEX": "TRUE"
        },
        "start": 0,
        "end": 9
      },
      "V807292": {
        "id": "V807292",
        "indicator": "SPEECHACT",
        "type": "SA_RESPONSE",
        "word": null,
        "roles": {
          "CONTENT": "(NEG)",
          "LEX": "NOT"
        },
        "start": 0,
        "end": 4
      },
      "V807328": {
        "id": "V807328",
        "indicator": "SPEECHACT",
        "type": "SA_PRED-FRAGMENT",
        "word": null,
        "roles": {
          "CONTENT": "#V807227",
          "LEX": "TRUE"
        },
        "start": 4,
        "end": 9
      },
      "V807227": {
        "id": "V807227",
        "indicator": "F",
        "type": "AUTHENTIC-VAL",
        "word": "TRUE",
        "roles": {
          "ORIENTATION": "POS",
          "FIGURE": "#V807329",
          "SCALE": "AUTHENTICITY-SCALE",
          "LEX": "TRUE",
          "WNSENSE": "true%5:00:00:real:02"
        },
        "start": 4,
        "end": 9
      },
      "V807329": {
        "id": "V807329",
        "indicator": "IMPRO",
        "type": "ANY-SEM",
        "word": null,
        "roles": {
          "CONTEXT-REL": "UTT-FRAG"
        },
        "start": 4,
        "end": 9
      },
      "root": "#V807361"
    },
    {
      "V807355": {
        "id": "V807355",
        "indicator": "SPEECHACT",
        "type": "SA_PRED-FRAGMENT",
        "word": null,
        "roles": {
          "CONTENT": "#V807289",
          "LEX": "NOW"
        },
        "start": 9,
        "end": 20
      },
      "V807289": {
        "id": "V807289",
        "indicator": "F",
        "type": "PREDICATE",
        "word": null,
        "roles": {
          "SEQUENCE": "#V807235",
          "SEQUENCE1": "#V807252",
          "OPERATOR": "OR",
          "LEX": "NOW",
          "WNSENSE": "now%4:02:05::"
        },
        "start": 9,
        "end": 20
      },
      "V807235": {
        "id": "V807235",
        "indicator": "F",
        "type": "SEQUENCE-POSITION",
        "word": "THEN",
        "roles": {
          "FIGURE": "#V807356",
          "LEX": "THEN",
          "WNSENSE": "then%4:02:00::"
        },
        "start": 9,
        "end": 14
      },
      "V807356": {
        "id": "V807356",
        "indicator": "IMPRO",
        "type": "ANY-SEM",
        "word": null,
        "roles": {},
        "start": 9,
        "end": 14
      },
      "V807252": {
        "id": "V807252",
        "indicator": "F",
        "type": "NOW",
        "word": "NOW",
        "roles": {
          "FIGURE": "#V807356",
          "LEX": "NOW",
          "WNSENSE": "now%4:02:05::"
        },
        "start": 17,
        "end": 20
      },
      "root": "#V807355"
    },
    {
      "V807361": {
        "id": "V807361",
        "indicator": "SA-SEQ",
        "type": "SPEECH-ACT",
        "word": null,
        "roles": {
          "ACT": "#V807292",
          "ACT1": "#V807328",
          "LEX": "TRUE"
        },
        "start": 0,
        "end": 9
      },
      "V807292": {
        "id": "V807292",
        "indicator": "SPEECHACT",
        "type": "SA_RESPONSE",
        "word": null,
        "roles": {
          "CONTENT": "(NEG)",
          "LEX": "NOT"
        },
        "start": 0,
        "end": 4
      },
      "V807328": {
        "id": "V807328",
        "indicator": "SPEECHACT",
        "type": "SA_PRED-FRAGMENT",
        "word": null,
        "roles": {
          "CONTENT": "#V807227",
          "LEX": "TRUE"
        },
        "start": 4,
        "end": 9
      },
      "V807227": {
        "id": "V807227",
        "indicator": "F",
        "type": "AUTHENTIC-VAL",
        "word": "TRUE",
        "roles": {
          "ORIENTATION": "POS",
          "FIGURE": "#V807329",
          "SCALE": "AUTHENTICITY-SCALE",
          "LEX": "TRUE",
          "WNSENSE": "true%5:00:00:real:02"
        },
        "start": 4,
        "end": 9
      },
      "V807329": {
        "id": "V807329",
        "indicator": "IMPRO",
        "type": "ANY-SEM",
        "word": null,
        "roles": {
          "CONTEXT-REL": "UTT-FRAG"
        },
        "start": 4,
        "end": 9
      },
      "root": "#V807361"
    },
    {
      "V807350": {
        "id": "V807350",
        "indicator": "SPEECHACT",
        "type": "SA_PRED-FRAGMENT",
        "word": null,
        "roles": {
          "CONTENT": "#V807285",
          "LEX": "NOW"
        },
        "start": 9,
        "end": 20
      },
      "V807285": {
        "id": "V807285",
        "indicator": "F",
        "type": "PREDICATE",
        "word": null,
        "roles": {
          "SEQUENCE": "#V807234",
          "SEQUENCE1": "#V807252",
          "OPERATOR": "OR",
          "LEX": "NOW",
          "WNSENSE": "now%4:02:05::"
        },
        "start": 9,
        "end": 20
      },
      "V807234": {
        "id": "V807234",
        "indicator": "F",
        "type": "SEQUENCE-POSITION",
        "word": "THEN",
        "roles": {
          "FIGURE": "#V807351",
          "LEX": "THEN",
          "WNSENSE": "then%4:02:00::"
        },
        "start": 9,
        "end": 14
      },
      "V807351": {
        "id": "V807351",
        "indicator": "IMPRO",
        "type": "ANY-SEM",
        "word": null,
        "roles": {},
        "start": 9,
        "end": 14
      },
      "V807252": {
        "id": "V807252",
        "indicator": "F",
        "type": "NOW",
        "word": "NOW",
        "roles": {
          "FIGURE": "#V807351",
          "LEX": "NOW",
          "WNSENSE": "now%4:02:05::"
        },
        "start": 17,
        "end": 20
      },
      "root": "#V807350"
    },
    {
      "V807361": {
        "id": "V807361",
        "indicator": "SA-SEQ",
        "type": "SPEECH-ACT",
        "word": null,
        "roles": {
          "ACT": "#V807292",
          "ACT1": "#V807331",
          "LEX": "TRUE"
        },
        "start": 0,
        "end": 9
      },
      "V807292": {
        "id": "V807292",
        "indicator": "SPEECHACT",
        "type": "SA_RESPONSE",
        "word": null,
        "roles": {
          "CONTENT": "(NEG)",
          "LEX": "NOT"
        },
        "start": 0,
        "end": 4
      },
      "V807331": {
        "id": "V807331",
        "indicator": "SPEECHACT",
        "type": "SA_PRED-FRAGMENT",
        "word": null,
        "roles": {
          "CONTENT": "#V807228",
          "LEX": "TRUE"
        },
        "start": 4,
        "end": 9
      },
      "V807228": {
        "id": "V807228",
        "indicator": "F",
        "type": "TRUE-VAL",
        "word": "TRUE",
        "roles": {
          "FIGURE": "#V807332",
          "SCALE": "TRUE-SCALE",
          "LEX": "TRUE",
          "WNSENSE": "true%3:00:00::"
        },
        "start": 4,
        "end": 9
      },
      "V807332": {
        "id": "V807332",
        "indicator": "IMPRO",
        "type": "ANY-SEM",
        "word": null,
        "roles": {
          "CONTEXT-REL": "UTT-FRAG"
        },
        "start": 4,
        "end": 9
      },
      "root": "#V807361"
    },
    {
      "V807355": {
        "id": "V807355",
        "indicator": "SPEECHACT",
        "type": "SA_PRED-FRAGMENT",
        "word": null,
        "roles": {
          "CONTENT": "#V807289",
          "LEX": "NOW"
        },
        "start": 9,
        "end": 20
      },
      "V807289": {
        "id": "V807289",
        "indicator": "F",
        "type": "PREDICATE",
        "word": null,
        "roles": {
          "SEQUENCE": "#V807235",
          "SEQUENCE1": "#V807252",
          "OPERATOR": "OR",
          "LEX": "NOW",
          "WNSENSE": "now%4:02:05::"
        },
        "start": 9,
        "end": 20
      },
      "V807235": {
        "id": "V807235",
        "indicator": "F",
        "type": "SEQUENCE-POSITION",
        "word": "THEN",
        "roles": {
          "FIGURE": "#V807356",
          "LEX": "THEN",
          "WNSENSE": "then%4:02:00::"
        },
        "start": 9,
        "end": 14
      },
      "V807356": {
        "id": "V807356",
        "indicator": "IMPRO",
        "type": "ANY-SEM",
        "word": null,
        "roles": {},
        "start": 9,
        "end": 14
      },
      "V807252": {
        "id": "V807252",
        "indicator": "F",
        "type": "NOW",
        "word": "NOW",
        "roles": {
          "FIGURE": "#V807356",
          "LEX": "NOW",
          "WNSENSE": "now%4:02:05::"
        },
        "start": 17,
        "end": 20
      },
      "root": "#V807355"
    },
    {
      "V807361": {
        "id": "V807361",
        "indicator": "SA-SEQ",
        "type": "SPEECH-ACT",
        "word": null,
        "roles": {
          "ACT": "#V807292",
          "ACT1": "#V807331",
          "LEX": "TRUE"
        },
        "start": 0,
        "end": 9
      },
      "V807292": {
        "id": "V807292",
        "indicator": "SPEECHACT",
        "type": "SA_RESPONSE",
        "word": null,
        "roles": {
          "CONTENT": "(NEG)",
          "LEX": "NOT"
        },
        "start": 0,
        "end": 4
      },
      "V807331": {
        "id": "V807331",
        "indicator": "SPEECHACT",
        "type": "SA_PRED-FRAGMENT",
        "word": null,
        "roles": {
          "CONTENT": "#V807228",
          "LEX": "TRUE"
        },
        "start": 4,
        "end": 9
      },
      "V807228": {
        "id": "V807228",
        "indicator": "F",
        "type": "TRUE-VAL",
        "word": "TRUE",
        "roles": {
          "FIGURE": "#V807332",
          "SCALE": "TRUE-SCALE",
          "LEX": "TRUE",
          "WNSENSE": "true%3:00:00::"
        },
        "start": 4,
        "end": 9
      },
      "V807332": {
        "id": "V807332",
        "indicator": "IMPRO",
        "type": "ANY-SEM",
        "word": null,
        "roles": {
          "CONTEXT-REL": "UTT-FRAG"
        },
        "start": 4,
        "end": 9
      },
      "root": "#V807361"
    },
    {
      "V807350": {
        "id": "V807350",
        "indicator": "SPEECHACT",
        "type": "SA_PRED-FRAGMENT",
        "word": null,
        "roles": {
          "CONTENT": "#V807285",
          "LEX": "NOW"
        },
        "start": 9,
        "end": 20
      },
      "V807285": {
        "id": "V807285",
        "indicator": "F",
        "type": "PREDICATE",
        "word": null,
        "roles": {
          "SEQUENCE": "#V807234",
          "SEQUENCE1": "#V807252",
          "OPERATOR": "OR",
          "LEX": "NOW",
          "WNSENSE": "now%4:02:05::"
        },
        "start": 9,
        "end": 20
      },
      "V807234": {
        "id": "V807234",
        "indicator": "F",
        "type": "SEQUENCE-POSITION",
        "word": "THEN",
        "roles": {
          "FIGURE": "#V807351",
          "LEX": "THEN",
          "WNSENSE": "then%4:02:00::"
        },
        "start": 9,
        "end": 14
      },
      "V807351": {
        "id": "V807351",
        "indicator": "IMPRO",
        "type": "ANY-SEM",
        "word": null,
        "roles": {},
        "start": 9,
        "end": 14
      },
      "V807252": {
        "id": "V807252",
        "indicator": "F",
        "type": "NOW",
        "word": "NOW",
        "roles": {
          "FIGURE": "#V807351",
          "LEX": "NOW",
          "WNSENSE": "now%4:02:05::"
        },
        "start": 17,
        "end": 20
      },
      "root": "#V807350"
    },
    {
      "V807361": {
        "id": "V807361",
        "indicator": "SA-SEQ",
        "type": "SPEECH-ACT",
        "word": null,
        "roles": {
          "ACT": "#V807292",
          "ACT1": "#V807328",
          "LEX": "TRUE"
        },
        "start": 0,
        "end": 9
      },
      "V807292": {
        "id": "V807292",
        "indicator": "SPEECHACT",
        "type": "SA_RESPONSE",
        "word": null,
        "roles": {
          "CONTENT": "(NEG)",
          "LEX": "NOT"
        },
        "start": 0,
        "end": 4
      },
      "V807328": {
        "id": "V807328",
        "indicator": "SPEECHACT",
        "type": "SA_PRED-FRAGMENT",
        "word": null,
        "roles": {
          "CONTENT": "#V807227",
          "LEX": "TRUE"
        },
        "start": 4,
        "end": 9
      },
      "V807227": {
        "id": "V807227",
        "indicator": "F",
        "type": "AUTHENTIC-VAL",
        "word": "TRUE",
        "roles": {
          "ORIENTATION": "POS",
          "FIGURE": "#V807329",
          "SCALE": "AUTHENTICITY-SCALE",
          "LEX": "TRUE",
          "WNSENSE": "true%5:00:00:real:02"
        },
        "start": 4,
        "end": 9
      },
      "V807329": {
        "id": "V807329",
        "indicator": "IMPRO",
        "type": "ANY-SEM",
        "word": null,
        "roles": {
          "CONTEXT-REL": "UTT-FRAG"
        },
        "start": 4,
        "end": 9
      },
      "root": "#V807361"
    },
    {
      "V807241": {
        "id": "V807241",
        "indicator": "THE-SET",
        "type": "QUANTITY-ABSTR",
        "word": null,
        "roles": {
          "OPERATOR": "OR",
          "SEQUENCE": "#V807323",
          "SEQUENCE1": "#V807314",
          "LEX": "OR"
        },
        "start": 9,
        "end": 20
      },
      "V807323": {
        "id": "V807323",
        "indicator": "THE",
        "type": "QUANTITY-ABSTR",
        "word": null,
        "roles": {
          "FIGURE": "#V807232"
        },
        "start": 9,
        "end": 14
      },
      "V807232": {
        "id": "V807232",
        "indicator": "PRO",
        "type": "TIME-LOC",
        "word": "THEN",
        "roles": {
          "PROFORM": "THEN",
          "LEX": "THEN",
          "WNSENSE": "date%1:28:03"
        },
        "start": 9,
        "end": 14
      },
      "V807314": {
        "id": "V807314",
        "indicator": "THE",
        "type": "QUANTITY-ABSTR",
        "word": null,
        "roles": {
          "FIGURE": "#V807251"
        },
        "start": 17,
        "end": 20
      },
      "V807251": {
        "id": "V807251",
        "indicator": "PRO",
        "type": "TIME-LOC",
        "word": "NOW",
        "roles": {
          "PROFORM": "NOW",
          "LEX": "NOW",
          "WNSENSE": "date%1:28:03"
        },
        "start": 17,
        "end": 20
      },
      "root": "#V807241"
    },
    {
      "V807361": {
        "id": "V807361",
        "indicator": "SA-SEQ",
        "type": "SPEECH-ACT",
        "word": null,
        "roles": {
          "ACT": "#V807292",
          "ACT1": "#V807331",
          "LEX": "TRUE"
        },
        "start": 0,
        "end": 9
      },
      "V807292": {
        "id": "V807292",
        "indicator": "SPEECHACT",
        "type": "SA_RESPONSE",
        "word": null,
        "roles": {
          "CONTENT": "(NEG)",
          "LEX": "NOT"
        },
        "start": 0,
        "end": 4
      },
      "V807331": {
        "id": "V807331",
        "indicator": "SPEECHACT",
        "type": "SA_PRED-FRAGMENT",
        "word": null,
        "roles": {
          "CONTENT": "#V807228",
          "LEX": "TRUE"
        },
        "start": 4,
        "end": 9
      },
      "V807228": {
        "id": "V807228",
        "indicator": "F",
        "type": "TRUE-VAL",
        "word": "TRUE",
        "roles": {
          "FIGURE": "#V807332",
          "SCALE": "TRUE-SCALE",
          "LEX": "TRUE",
          "WNSENSE": "true%3:00:00::"
        },
        "start": 4,
        "end": 9
      },
      "V807332": {
        "id": "V807332",
        "indicator": "IMPRO",
        "type": "ANY-SEM",
        "word": null,
        "roles": {
          "CONTEXT-REL": "UTT-FRAG"
        },
        "start": 4,
        "end": 9
      },
      "root": "#V807361"
    },
    {
      "V807241": {
        "id": "V807241",
        "indicator": "THE-SET",
        "type": "QUANTITY-ABSTR",
        "word": null,
        "roles": {
          "OPERATOR": "OR",
          "SEQUENCE": "#V807323",
          "SEQUENCE1": "#V807314",
          "LEX": "OR"
        },
        "start": 9,
        "end": 20
      },
      "V807323": {
        "id": "V807323",
        "indicator": "THE",
        "type": "QUANTITY-ABSTR",
        "word": null,
        "roles": {
          "FIGURE": "#V807232"
        },
        "start": 9,
        "end": 14
      },
      "V807232": {
        "id": "V807232",
        "indicator": "PRO",
        "type": "TIME-LOC",
        "word": "THEN",
        "roles": {
          "PROFORM": "THEN",
          "LEX": "THEN",
          "WNSENSE": "date%1:28:03"
        },
        "start": 9,
        "end": 14
      },
      "V807314": {
        "id": "V807314",
        "indicator": "THE",
        "type": "QUANTITY-ABSTR",
        "word": null,
        "roles": {
          "FIGURE": "#V807251"
        },
        "start": 17,
        "end": 20
      },
      "V807251": {
        "id": "V807251",
        "indicator": "PRO",
        "type": "TIME-LOC",
        "word": "NOW",
        "roles": {
          "PROFORM": "NOW",
          "LEX": "NOW",
          "WNSENSE": "date%1:28:03"
        },
        "start": 17,
        "end": 20
      },
      "root": "#V807241"
    },
    {
      "V807361": {
        "id": "V807361",
        "indicator": "SA-SEQ",
        "type": "SPEECH-ACT",
        "word": null,
        "roles": {
          "ACT": "#V807292",
          "ACT1": "#V807328",
          "LEX": "TRUE"
        },
        "start": 0,
        "end": 9
      },
      "V807292": {
        "id": "V807292",
        "indicator": "SPEECHACT",
        "type": "SA_RESPONSE",
        "word": null,
        "roles": {
          "CONTENT": "(NEG)",
          "LEX": "NOT"
        },
        "start": 0,
        "end": 4
      },
      "V807328": {
        "id": "V807328",
        "indicator": "SPEECHACT",
        "type": "SA_PRED-FRAGMENT",
        "word": null,
        "roles": {
          "CONTENT": "#V807227",
          "LEX": "TRUE"
        },
        "start": 4,
        "end": 9
      },
      "V807227": {
        "id": "V807227",
        "indicator": "F",
        "type": "AUTHENTIC-VAL",
        "word": "TRUE",
        "roles": {
          "ORIENTATION": "POS",
          "FIGURE": "#V807329",
          "SCALE": "AUTHENTICITY-SCALE",
          "LEX": "TRUE",
          "WNSENSE": "true%5:00:00:real:02"
        },
        "start": 4,
        "end": 9
      },
      "V807329": {
        "id": "V807329",
        "indicator": "IMPRO",
        "type": "ANY-SEM",
        "word": null,
        "roles": {
          "CONTEXT-REL": "UTT-FRAG"
        },
        "start": 4,
        "end": 9
      },
      "root": "#V807361"
    },
    {
      "V807241": {
        "id": "V807241",
        "indicator": "INDEF-SET",
        "type": "TIME-LOC",
        "word": null,
        "roles": {
          "OPERATOR": "OR",
          "SEQUENCE": "#V807232",
          "SEQUENCE1": "#V807251",
          "LEX": "OR"
        },
        "start": 9,
        "end": 20
      },
      "V807232": {
        "id": "V807232",
        "indicator": "PRO",
        "type": "TIME-LOC",
        "word": "THEN",
        "roles": {
          "PROFORM": "THEN",
          "LEX": "THEN",
          "WNSENSE": "date%1:28:03"
        },
        "start": 9,
        "end": 14
      },
      "V807251": {
        "id": "V807251",
        "indicator": "PRO",
        "type": "TIME-LOC",
        "word": "NOW",
        "roles": {
          "PROFORM": "NOW",
          "LEX": "NOW",
          "WNSENSE": "date%1:28:03"
        },
        "start": 17,
        "end": 20
      },
      "root": "#V807241"
    },
    {
      "V807361": {
        "id": "V807361",
        "indicator": "SA-SEQ",
        "type": "SPEECH-ACT",
        "word": null,
        "roles": {
          "ACT": "#V807292",
          "ACT1": "#V807331",
          "LEX": "TRUE"
        },
        "start": 0,
        "end": 9
      },
      "V807292": {
        "id": "V807292",
        "indicator": "SPEECHACT",
        "type": "SA_RESPONSE",
        "word": null,
        "roles": {
          "CONTENT": "(NEG)",
          "LEX": "NOT"
        },
        "start": 0,
        "end": 4
      },
      "V807331": {
        "id": "V807331",
        "indicator": "SPEECHACT",
        "type": "SA_PRED-FRAGMENT",
        "word": null,
        "roles": {
          "CONTENT": "#V807228",
          "LEX": "TRUE"
        },
        "start": 4,
        "end": 9
      },
      "V807228": {
        "id": "V807228",
        "indicator": "F",
        "type": "TRUE-VAL",
        "word": "TRUE",
        "roles": {
          "FIGURE": "#V807332",
          "SCALE": "TRUE-SCALE",
          "LEX": "TRUE",
          "WNSENSE": "true%3:00:00::"
        },
        "start": 4,
        "end": 9
      },
      "V807332": {
        "id": "V807332",
        "indicator": "IMPRO",
        "type": "ANY-SEM",
        "word": null,
        "roles": {
          "CONTEXT-REL": "UTT-FRAG"
        },
        "start": 4,
        "end": 9
      },
      "root": "#V807361"
    },
    {
      "V807241": {
        "id": "V807241",
        "indicator": "INDEF-SET",
        "type": "TIME-LOC",
        "word": null,
        "roles": {
          "OPERATOR": "OR",
          "SEQUENCE": "#V807232",
          "SEQUENCE1": "#V807251",
          "LEX": "OR"
        },
        "start": 9,
        "end": 20
      },
      "V807232": {
        "id": "V807232",
        "indicator": "PRO",
        "type": "TIME-LOC",
        "word": "THEN",
        "roles": {
          "PROFORM": "THEN",
          "LEX": "THEN",
          "WNSENSE": "date%1:28:03"
        },
        "start": 9,
        "end": 14
      },
      "V807251": {
        "id": "V807251",
        "indicator": "PRO",
        "type": "TIME-LOC",
        "word": "NOW",
        "roles": {
          "PROFORM": "NOW",
          "LEX": "NOW",
          "WNSENSE": "date%1:28:03"
        },
        "start": 17,
        "end": 20
      },
      "root": "#V807241"
    },
    {
      "V807361": {
        "id": "V807361",
        "indicator": "SA-SEQ",
        "type": "SPEECH-ACT",
        "word": null,
        "roles": {
          "ACT": "#V807292",
          "ACT1": "#V807328",
          "LEX": "TRUE"
        },
        "start": 0,
        "end": 9
      },
      "V807292": {
        "id": "V807292",
        "indicator": "SPEECHACT",
        "type": "SA_RESPONSE",
        "word": null,
        "roles": {
          "CONTENT": "(NEG)",
          "LEX": "NOT"
        },
        "start": 0,
        "end": 4
      },
      "V807328": {
        "id": "V807328",
        "indicator": "SPEECHACT",
        "type": "SA_PRED-FRAGMENT",
        "word": null,
        "roles": {
          "CONTENT": "#V807227",
          "LEX": "TRUE"
        },
        "start": 4,
        "end": 9
      },
      "V807227": {
        "id": "V807227",
        "indicator": "F",
        "type": "AUTHENTIC-VAL",
        "word": "TRUE",
        "roles": {
          "ORIENTATION": "POS",
          "FIGURE": "#V807329",
          "SCALE": "AUTHENTICITY-SCALE",
          "LEX": "TRUE",
          "WNSENSE": "true%5:00:00:real:02"
        },
        "start": 4,
        "end": 9
      },
      "V807329": {
        "id": "V807329",
        "indicator": "IMPRO",
        "type": "ANY-SEM",
        "word": null,
        "roles": {
          "CONTEXT-REL": "UTT-FRAG"
        },
        "start": 4,
        "end": 9
      },
      "root": "#V807361"
    },
    {
      "V807370": {
        "id": "V807370",
        "indicator": "SPEECHACT",
        "type": "SA_PRED-FRAGMENT",
        "word": null,
        "roles": {
          "CONTENT": "#V807309",
          "LEX": "NOW"
        },
        "start": 9,
        "end": 20
      },
      "V807309": {
        "id": "V807309",
        "indicator": "F",
        "type": "EVENT-TIME-REL",
        "word": null,
        "roles": {
          "SEQUENCE": "#V807233",
          "SEQUENCE1": "#V807252",
          "OPERATOR": "OR",
          "LEX": "NOW",
          "WNSENSE": "now%4:02:05::"
        },
        "start": 9,
        "end": 20
      },
      "V807233": {
        "id": "V807233",
        "indicator": "F",
        "type": "EVENT-TIME-REL",
        "word": "THEN",
        "roles": {
          "GROUND": "#V807294",
          "FIGURE": "#V807371",
          "LEX": "THEN",
          "WNSENSE": "then%4:02:00::"
        },
        "start": 9,
        "end": 14
      },
      "V807371": {
        "id": "V807371",
        "indicator": "IMPRO",
        "type": "ANY-SEM",
        "word": null,
        "roles": {},
        "start": 9,
        "end": 14
      },
      "V807294": {
        "id": "V807294",
        "indicator": "IMPRO",
        "type": "TIME-LOC",
        "word": "THEN",
        "roles": {
          "PROFORM": "THEN"
        },
        "start": 9,
        "end": 14
      },
      "V807252": {
        "id": "V807252",
        "indicator": "F",
        "type": "NOW",
        "word": "NOW",
        "roles": {
          "FIGURE": "#V807371",
          "LEX": "NOW",
          "WNSENSE": "now%4:02:05::"
        },
        "start": 17,
        "end": 20
      },
      "root": "#V807370"
    },
    {
      "V807361": {
        "id": "V807361",
        "indicator": "SA-SEQ",
        "type": "SPEECH-ACT",
        "word": null,
        "roles": {
          "ACT": "#V807292",
          "ACT1": "#V807331",
          "LEX": "TRUE"
        },
        "start": 0,
        "end": 9
      },
      "V807292": {
        "id": "V807292",
        "indicator": "SPEECHACT",
        "type": "SA_RESPONSE",
        "word": null,
        "roles": {
          "CONTENT": "(NEG)",
          "LEX": "NOT"
        },
        "start": 0,
        "end": 4
      },
      "V807331": {
        "id": "V807331",
        "indicator": "SPEECHACT",
        "type": "SA_PRED-FRAGMENT",
        "word": null,
        "roles": {
          "CONTENT": "#V807228",
          "LEX": "TRUE"
        },
        "start": 4,
        "end": 9
      },
      "V807228": {
        "id": "V807228",
        "indicator": "F",
        "type": "TRUE-VAL",
        "word": "TRUE",
        "roles": {
          "FIGURE": "#V807332",
          "SCALE": "TRUE-SCALE",
          "LEX": "TRUE",
          "WNSENSE": "true%3:00:00::"
        },
        "start": 4,
        "end": 9
      },
      "V807332": {
        "id": "V807332",
        "indicator": "IMPRO",
        "type": "ANY-SEM",
        "word": null,
        "roles": {
          "CONTEXT-REL": "UTT-FRAG"
        },
        "start": 4,
        "end": 9
      },
      "root": "#V807361"
    },
    {
      "V807370": {
        "id": "V807370",
        "indicator": "SPEECHACT",
        "type": "SA_PRED-FRAGMENT",
        "word": null,
        "roles": {
          "CONTENT": "#V807309",
          "LEX": "NOW"
        },
        "start": 9,
        "end": 20
      },
      "V807309": {
        "id": "V807309",
        "indicator": "F",
        "type": "EVENT-TIME-REL",
        "word": null,
        "roles": {
          "SEQUENCE": "#V807233",
          "SEQUENCE1": "#V807252",
          "OPERATOR": "OR",
          "LEX": "NOW",
          "WNSENSE": "now%4:02:05::"
        },
        "start": 9,
        "end": 20
      },
      "V807233": {
        "id": "V807233",
        "indicator": "F",
        "type": "EVENT-TIME-REL",
        "word": "THEN",
        "roles": {
          "GROUND": "#V807294",
          "FIGURE": "#V807371",
          "LEX": "THEN",
          "WNSENSE": "then%4:02:00::"
        },
        "start": 9,
        "end": 14
      },
      "V807371": {
        "id": "V807371",
        "indicator": "IMPRO",
        "type": "ANY-SEM",
        "word": null,
        "roles": {},
        "start": 9,
        "end": 14
      },
      "V807294": {
        "id": "V807294",
        "indicator": "IMPRO",
        "type": "TIME-LOC",
        "word": "THEN",
        "roles": {
          "PROFORM": "THEN"
        },
        "start": 9,
        "end": 14
      },
      "V807252": {
        "id": "V807252",
        "indicator": "F",
        "type": "NOW",
        "word": "NOW",
        "roles": {
          "FIGURE": "#V807371",
          "LEX": "NOW",
          "WNSENSE": "now%4:02:05::"
        },
        "start": 17,
        "end": 20
      },
      "root": "#V807370"
    }
  ],
  "inputtags": [],
  "debug": [
    "*last-utt-id*=NIL  utt-id+146",
    "*last-utt-id*=146  utt-id+146Reference resolution to sequences not reimplemented yet",
    "*last-utt-id*=146  utt-id+146",
    "*last-utt-id*=146  utt-id+NIL"
  ]
}
