{
  "parse": [
    {
      "V162812": {
        "id": "V162812",
        "indicator": "SPEECHACT",
        "type": "SA_IDENTIFY",
        "word": null,
        "roles": {
          "CONTENT": "#V161116",
          "LEX": "\u201c"
        },
        "start": 0,
        "end": 2
      },
      "V161116": {
        "id": "V161116",
        "indicator": "BARE",
        "type": "REFERENTIAL-SEM",
        "word": "\u201c",
        "roles": {
          "LEX": "\u201c",
          "WNSENSE": "entity%1:03:00"
        },
        "start": 0,
        "end": 2
      },
      "root": "#V162812"
    },
    {
      "V161423": {
        "id": "V161423",
        "indicator": "SPEECHACT",
        "type": "SA_IDENTIFY",
        "word": null,
        "roles": {
          "CONTENT": "#V161128",
          "LEX": "YOU"
        },
        "start": 2,
        "end": 6
      },
      "V161128": {
        "id": "V161128",
        "indicator": "PRO",
        "type": "PERSON",
        "word": "YOU",
        "roles": {
          "PROFORM": "YOU",
          "LEX": "YOU",
          "WNSENSE": "person%1:03:00",
          "COREF": "SYS"
        },
        "start": 2,
        "end": 6
      },
      "root": "#V161423"
    },
    {
      "V164367": {
        "id": "V164367",
        "indicator": "SPEECHACT",
        "type": "SA_TELL",
        "word": null,
        "roles": {
          "PUNCTYPE": "YNQ",
          "CONTENT": "#V161164",
          "LEX": "STUCK"
        },
        "start": 6,
        "end": 36
      },
      "V161164": {
        "id": "V161164",
        "indicator": "F",
        "type": "STAY",
        "word": "STICK",
        "roles": {
          "TIME": "#V161150",
          "AGENT": "#V161144",
          "LOCATION": "#V161181",
          "TENSE": "PAST",
          "LEX": "STUCK",
          "WNSENSE": "stick%2:38:00::"
        },
        "start": 6,
        "end": 34
      },
      "V161144": {
        "id": "V161144",
        "indicator": "BARE",
        "type": "LETTER-MAIL",
        "word": "REPLY",
        "roles": {
          "ASSOC-WITH": "#V161137",
          "LEX": "REPLY",
          "WNSENSE": "letter%1:10:00"
        },
        "start": 6,
        "end": 14
      },
      "V161137": {
        "id": "V161137",
        "indicator": "KIND",
        "type": "REFERENTIAL-SEM",
        "word": "\u2019",
        "roles": {
          "LEX": "\u2019",
          "WNSENSE": "entity%1:03:00"
        },
        "start": 6,
        "end": 14
      },
      "V161150": {
        "id": "V161150",
        "indicator": "F",
        "type": "TIME-REL-SO-FAR",
        "word": "STILL",
        "roles": {
          "FIGURE": "#V161164",
          "LEX": "STILL",
          "WNSENSE": "still%4:02:01::"
        },
        "start": 14,
        "end": 20
      },
      "V161181": {
        "id": "V161181",
        "indicator": "F",
        "type": "ON",
        "word": "ON",
        "roles": {
          "GROUND": "#V161373",
          "FIGURE": "#V161164",
          "LEX": "ON"
        },
        "start": 26,
        "end": 34
      },
      "V161373": {
        "id": "V161373",
        "indicator": "THE",
        "type": "QUANTITY-ABSTR",
        "word": null,
        "roles": {
          "FIGURE": "#V161207"
        },
        "start": 29,
        "end": 34
      },
      "V161207": {
        "id": "V161207",
        "indicator": "PRO",
        "type": "REFERENTIAL-SEM",
        "word": "THAT",
        "roles": {
          "PROFORM": "THAT",
          "LEX": "THAT",
          "WNSENSE": "entity%1:03:00",
          "COREF": "#V161116"
        },
        "start": 29,
        "end": 34
      },
      "root": "#V164367"
    },
    {
      "V162712": {
        "id": "V162712",
        "indicator": "SPEECHACT",
        "type": "SA_IDENTIFY",
        "word": null,
        "roles": {
          "CONTENT": "#V161285",
          "LEX": "\u201d"
        },
        "start": 36,
        "end": 36
      },
      "V161285": {
        "id": "V161285",
        "indicator": "BARE",
        "type": "REFERENTIAL-SEM",
        "word": "\u201d",
        "roles": {
          "LEX": "\u201d",
          "WNSENSE": "entity%1:03:00"
        },
        "start": 36,
        "end": 36
      },
      "root": "#V162712"
    },
    {
      "V162812": {
        "id": "V162812",
        "indicator": "SPEECHACT",
        "type": "SA_IDENTIFY",
        "word": null,
        "roles": {
          "CONTENT": "#V161116",
          "LEX": "\u201c"
        },
        "start": 0,
        "end": 2
      },
      "V161116": {
        "id": "V161116",
        "indicator": "BARE",
        "type": "REFERENTIAL-SEM",
        "word": "\u201c",
        "roles": {
          "LEX": "\u201c",
          "WNSENSE": "entity%1:03:00"
        },
        "start": 0,
        "end": 2
      },
      "root": "#V162812"
    },
    {
      "V161453": {
        "id": "V161453",
        "indicator": "SPEECHACT",
        "type": "SA_IDENTIFY",
        "word": null,
        "roles": {
          "CONTENT": "#V161370",
          "LEX": "-"
        },
        "start": 2,
        "end": 6
      },
      "V161370": {
        "id": "V161370",
        "indicator": "THE",
        "type": "QUANTITY-ABSTR",
        "word": null,
        "roles": {
          "FIGURE": "#V161128"
        },
        "start": 2,
        "end": 6
      },
      "V161128": {
        "id": "V161128",
        "indicator": "PRO",
        "type": "PERSON",
        "word": "YOU",
        "roles": {
          "PROFORM": "YOU",
          "LEX": "YOU",
          "WNSENSE": "person%1:03:00"
        },
        "start": 2,
        "end": 6
      },
      "root": "#V161453"
    },
    {
      "V164367": {
        "id": "V164367",
        "indicator": "SPEECHACT",
        "type": "SA_TELL",
        "word": null,
        "roles": {
          "PUNCTYPE": "YNQ",
          "CONTENT": "#V161164",
          "LEX": "STUCK"
        },
        "start": 6,
        "end": 36
      },
      "V161164": {
        "id": "V161164",
        "indicator": "F",
        "type": "STAY",
        "word": "STICK",
        "roles": {
          "TIME": "#V161150",
          "AGENT": "#V161144",
          "LOCATION": "#V161181",
          "TENSE": "PAST",
          "LEX": "STUCK",
          "WNSENSE": "stick%2:38:00::"
        },
        "start": 6,
        "end": 34
      },
      "V161144": {
        "id": "V161144",
        "indicator": "BARE",
        "type": "LETTER-MAIL",
        "word": "REPLY",
        "roles": {
          "ASSOC-WITH": "#V161137",
          "LEX": "REPLY",
          "WNSENSE": "letter%1:10:00"
        },
        "start": 6,
        "end": 14
      },
      "V161137": {
        "id": "V161137",
        "indicator": "KIND",
        "type": "REFERENTIAL-SEM",
        "word": "\u2019",
        "roles": {
          "LEX": "\u2019",
          "WNSENSE": "entity%1:03:00"
        },
        "start": 6,
        "end": 14
      },
      "V161150": {
        "id": "V161150",
        "indicator": "F",
        "type": "TIME-REL-SO-FAR",
        "word": "STILL",
        "roles": {
          "FIGURE": "#V161164",
          "LEX": "STILL",
          "WNSENSE": "still%4:02:01::"
        },
        "start": 14,
        "end": 20
      },
      "V161181": {
        "id": "V161181",
        "indicator": "F",
        "type": "ON",
        "word": "ON",
        "roles": {
          "GROUND": "#V161373",
          "FIGURE": "#V161164",
          "LEX": "ON"
        },
        "start": 26,
        "end": 34
      },
      "V161373": {
        "id": "V161373",
        "indicator": "THE",
        "type": "QUANTITY-ABSTR",
        "word": null,
        "roles": {
          "FIGURE": "#V161207"
        },
        "start": 29,
        "end": 34
      },
      "V161207": {
        "id": "V161207",
        "indicator": "PRO",
        "type": "REFERENTIAL-SEM",
        "word": "THAT",
        "roles": {
          "PROFORM": "THAT",
          "LEX": "THAT",
          "WNSENSE": "entity%1:03:00"
        },
        "start": 29,
        "end": 34
      },
      "root": "#V164367"
    },
    {
      "V162712": {
        "id": "V162712",
        "indicator": "SPEECHACT",
        "type": "SA_IDENTIFY",
        "word": null,
        "roles": {
          "CONTENT": "#V161285",
          "LEX": "\u201d"
        },
        "start": 36,
        "end": 37
      },
      "V161285": {
        "id": "V161285",
        "indicator": "BARE",
        "type": "REFERENTIAL-SEM",
        "word": "\u201d",
        "roles": {
          "LEX": "\u201d",
          "WNSENSE": "entity%1:03:00"
        },
        "start": 36,
        "end": 37
      },
      "root": "#V162712"
    },
    {
      "V162812": {
        "id": "V162812",
        "indicator": "SPEECHACT",
        "type": "SA_IDENTIFY",
        "word": null,
        "roles": {
          "CONTENT": "#V161116",
          "LEX": "\u201c"
        },
        "start": 0,
        "end": 2
      },
      "V161116": {
        "id": "V161116",
        "indicator": "BARE",
        "type": "REFERENTIAL-SEM",
        "word": "\u201c",
        "roles": {
          "LEX": "\u201c",
          "WNSENSE": "entity%1:03:00"
        },
        "start": 0,
        "end": 2
      },
      "root": "#V162812"
    },
    {
      "V161423": {
        "id": "V161423",
        "indicator": "SPEECHACT",
        "type": "SA_IDENTIFY",
        "word": null,
        "roles": {
          "CONTENT": "#V161128",
          "LEX": "YOU"
        },
        "start": 2,
        "end": 6
      },
      "V161128": {
        "id": "V161128",
        "indicator": "PRO",
        "type": "PERSON",
        "word": "YOU",
        "roles": {
          "PROFORM": "YOU",
          "LEX": "YOU",
          "WNSENSE": "person%1:03:00"
        },
        "start": 2,
        "end": 6
      },
      "root": "#V161423"
    },
    {
      "V164377": {
        "id": "V164377",
        "indicator": "SPEECHACT",
        "type": "SA_TELL",
        "word": null,
        "roles": {
          "PUNCTYPE": "YNQ",
          "CONTENT": "#V161164",
          "LEX": "STUCK"
        },
        "start": 6,
        "end": 36
      },
      "V161164": {
        "id": "V161164",
        "indicator": "F",
        "type": "STAY",
        "word": "STICK",
        "roles": {
          "TIME": "#V161150",
          "AGENT": "#V161144",
          "MOD": "#V161277",
          "TENSE": "PAST",
          "LEX": "STUCK",
          "WNSENSE": "stick%2:38:00::"
        },
        "start": 6,
        "end": 34
      },
      "V161144": {
        "id": "V161144",
        "indicator": "BARE",
        "type": "LETTER-MAIL",
        "word": "REPLY",
        "roles": {
          "ASSOC-WITH": "#V161137",
          "LEX": "REPLY",
          "WNSENSE": "letter%1:10:00"
        },
        "start": 6,
        "end": 14
      },
      "V161137": {
        "id": "V161137",
        "indicator": "KIND",
        "type": "REFERENTIAL-SEM",
        "word": "\u2019",
        "roles": {
          "LEX": "\u2019",
          "WNSENSE": "entity%1:03:00"
        },
        "start": 6,
        "end": 14
      },
      "V161150": {
        "id": "V161150",
        "indicator": "F",
        "type": "TIME-REL-SO-FAR",
        "word": "STILL",
        "roles": {
          "FIGURE": "#V161164",
          "LEX": "STILL",
          "WNSENSE": "still%4:02:01::"
        },
        "start": 14,
        "end": 20
      },
      "V161277": {
        "id": "V161277",
        "indicator": "F",
        "type": "PREDICATE",
        "word": "ON-THAT",
        "roles": {
          "FIGURE": "#V161164",
          "LEX": "ON-THAT",
          "WNSENSE": "on_that%4:02:00"
        },
        "start": 26,
        "end": 34
      },
      "root": "#V164377"
    },
    {
      "V162712": {
        "id": "V162712",
        "indicator": "SPEECHACT",
        "type": "SA_IDENTIFY",
        "word": null,
        "roles": {
          "CONTENT": "#V161285",
          "LEX": "\u201d"
        },
        "start": 36,
        "end": 37
      },
      "V161285": {
        "id": "V161285",
        "indicator": "BARE",
        "type": "REFERENTIAL-SEM",
        "word": "\u201d",
        "roles": {
          "LEX": "\u201d",
          "WNSENSE": "entity%1:03:00"
        },
        "start": 36,
        "end": 37
      },
      "root": "#V162712"
    },
    {
      "V162812": {
        "id": "V162812",
        "indicator": "SPEECHACT",
        "type": "SA_IDENTIFY",
        "word": null,
        "roles": {
          "CONTENT": "#V161116",
          "LEX": "\u201c"
        },
        "start": 0,
        "end": 2
      },
      "V161116": {
        "id": "V161116",
        "indicator": "BARE",
        "type": "REFERENTIAL-SEM",
        "word": "\u201c",
        "roles": {
          "LEX": "\u201c",
          "WNSENSE": "entity%1:03:00"
        },
        "start": 0,
        "end": 2
      },
      "root": "#V162812"
    },
    {
      "V161423": {
        "id": "V161423",
        "indicator": "SPEECHACT",
        "type": "SA_IDENTIFY",
        "word": null,
        "roles": {
          "CONTENT": "#V161128",
          "LEX": "YOU"
        },
        "start": 2,
        "end": 6
      },
      "V161128": {
        "id": "V161128",
        "indicator": "PRO",
        "type": "PERSON",
        "word": "YOU",
        "roles": {
          "PROFORM": "YOU",
          "LEX": "YOU",
          "WNSENSE": "person%1:03:00"
        },
        "start": 2,
        "end": 6
      },
      "root": "#V161423"
    },
    {
      "V164692": {
        "id": "V164692",
        "indicator": "SPEECHACT",
        "type": "SA_TELL",
        "word": null,
        "roles": {
          "PUNCTYPE": "YNQ",
          "CONTENT": "#V161164",
          "LEX": "STUCK"
        },
        "start": 6,
        "end": 36
      },
      "V161164": {
        "id": "V161164",
        "indicator": "F",
        "type": "STAY",
        "word": "STICK",
        "roles": {
          "TIME": "#V161150",
          "AGENT": "#V164362",
          "LOCATION": "#V161181",
          "TENSE": "PAST",
          "LEX": "STUCK",
          "WNSENSE": "stick%2:38:00::"
        },
        "start": 6,
        "end": 34
      },
      "V164362": {
        "id": "V164362",
        "indicator": "THE",
        "type": "QUANTITY-ABSTR",
        "word": null,
        "roles": {
          "FIGURE": "#V161144"
        },
        "start": 6,
        "end": 14
      },
      "V161144": {
        "id": "V161144",
        "indicator": "BARE",
        "type": "LETTER-MAIL",
        "word": "REPLY",
        "roles": {
          "ASSOC-WITH": "#V161137",
          "LEX": "REPLY",
          "WNSENSE": "letter%1:10:00"
        },
        "start": 6,
        "end": 14
      },
      "V161137": {
        "id": "V161137",
        "indicator": "KIND",
        "type": "REFERENTIAL-SEM",
        "word": "\u2019",
        "roles": {
          "LEX": "\u2019",
          "WNSENSE": "entity%1:03:00"
        },
        "start": 6,
        "end": 14
      },
      "V161150": {
        "id": "V161150",
        "indicator": "F",
        "type": "TIME-REL-SO-FAR",
        "word": "STILL",
        "roles": {
          "FIGURE": "#V161164",
          "LEX": "STILL",
          "WNSENSE": "still%4:02:01::"
        },
        "start": 14,
        "end": 20
      },
      "V161181": {
        "id": "V161181",
        "indicator": "F",
        "type": "ON",
        "word": "ON",
        "roles": {
          "GROUND": "#V161373",
          "FIGURE": "#V161164",
          "LEX": "ON"
        },
        "start": 26,
        "end": 34
      },
      "V161373": {
        "id": "V161373",
        "indicator": "THE",
        "type": "QUANTITY-ABSTR",
        "word": null,
        "roles": {
          "FIGURE": "#V161207"
        },
        "start": 29,
        "end": 34
      },
      "V161207": {
        "id": "V161207",
        "indicator": "PRO",
        "type": "REFERENTIAL-SEM",
        "word": "THAT",
        "roles": {
          "PROFORM": "THAT",
          "LEX": "THAT",
          "WNSENSE": "entity%1:03:00"
        },
        "start": 29,
        "end": 34
      },
      "root": "#V164692"
    },
    {
      "V162712": {
        "id": "V162712",
        "indicator": "SPEECHACT",
        "type": "SA_IDENTIFY",
        "word": null,
        "roles": {
          "CONTENT": "#V161285",
          "LEX": "\u201d"
        },
        "start": 36,
        "end": 37
      },
      "V161285": {
        "id": "V161285",
        "indicator": "BARE",
        "type": "REFERENTIAL-SEM",
        "word": "\u201d",
        "roles": {
          "LEX": "\u201d",
          "WNSENSE": "entity%1:03:00"
        },
        "start": 36,
        "end": 37
      },
      "root": "#V162712"
    },
    {
      "V162812": {
        "id": "V162812",
        "indicator": "SPEECHACT",
        "type": "SA_IDENTIFY",
        "word": null,
        "roles": {
          "CONTENT": "#V161116",
          "LEX": "\u201c"
        },
        "start": 0,
        "end": 2
      },
      "V161116": {
        "id": "V161116",
        "indicator": "BARE",
        "type": "REFERENTIAL-SEM",
        "word": "\u201c",
        "roles": {
          "LEX": "\u201c",
          "WNSENSE": "entity%1:03:00"
        },
        "start": 0,
        "end": 2
      },
      "root": "#V162812"
    },
    {
      "V161423": {
        "id": "V161423",
        "indicator": "SPEECHACT",
        "type": "SA_IDENTIFY",
        "word": null,
        "roles": {
          "CONTENT": "#V161128",
          "LEX": "YOU"
        },
        "start": 2,
        "end": 6
      },
      "V161128": {
        "id": "V161128",
        "indicator": "PRO",
        "type": "PERSON",
        "word": "YOU",
        "roles": {
          "PROFORM": "YOU",
          "LEX": "YOU",
          "WNSENSE": "person%1:03:00"
        },
        "start": 2,
        "end": 6
      },
      "root": "#V161423"
    },
    {
      "V164391": {
        "id": "V164391",
        "indicator": "SPEECHACT",
        "type": "SA_TELL",
        "word": null,
        "roles": {
          "PUNCTYPE": "YNQ",
          "CONTENT": "#V161164",
          "LEX": "STUCK"
        },
        "start": 6,
        "end": 36
      },
      "V161164": {
        "id": "V161164",
        "indicator": "F",
        "type": "STAY",
        "word": "STICK",
        "roles": {
          "LOCATION": "#V161181",
          "AGENT": "#V161144",
          "TIME": "#V161150",
          "TENSE": "PAST",
          "LEX": "STUCK",
          "WNSENSE": "stick%2:38:00::"
        },
        "start": 6,
        "end": 34
      },
      "V161144": {
        "id": "V161144",
        "indicator": "BARE",
        "type": "LETTER-MAIL",
        "word": "REPLY",
        "roles": {
          "ASSOC-WITH": "#V161137",
          "LEX": "REPLY",
          "WNSENSE": "letter%1:10:00"
        },
        "start": 6,
        "end": 14
      },
      "V161137": {
        "id": "V161137",
        "indicator": "KIND",
        "type": "REFERENTIAL-SEM",
        "word": "\u2019",
        "roles": {
          "LEX": "\u2019",
          "WNSENSE": "entity%1:03:00"
        },
        "start": 6,
        "end": 14
      },
      "V161150": {
        "id": "V161150",
        "indicator": "F",
        "type": "TIME-REL-SO-FAR",
        "word": "STILL",
        "roles": {
          "FIGURE": "#V161164",
          "LEX": "STILL",
          "WNSENSE": "still%4:02:01::"
        },
        "start": 14,
        "end": 20
      },
      "V161181": {
        "id": "V161181",
        "indicator": "F",
        "type": "ON",
        "word": "ON",
        "roles": {
          "GROUND": "#V161373",
          "FIGURE": "#V161164",
          "LEX": "ON"
        },
        "start": 26,
        "end": 34
      },
      "V161373": {
        "id": "V161373",
        "indicator": "THE",
        "type": "QUANTITY-ABSTR",
        "word": null,
        "roles": {
          "FIGURE": "#V161207"
        },
        "start": 29,
        "end": 34
      },
      "V161207": {
        "id": "V161207",
        "indicator": "PRO",
        "type": "REFERENTIAL-SEM",
        "word": "THAT",
        "roles": {
          "PROFORM": "THAT",
          "LEX": "THAT",
          "WNSENSE": "entity%1:03:00"
        },
        "start": 29,
        "end": 34
      },
      "root": "#V164391"
    },
    {
      "V162712": {
        "id": "V162712",
        "indicator": "SPEECHACT",
        "type": "SA_IDENTIFY",
        "word": null,
        "roles": {
          "CONTENT": "#V161285",
          "LEX": "\u201d"
        },
        "start": 36,
        "end": 37
      },
      "V161285": {
        "id": "V161285",
        "indicator": "BARE",
        "type": "REFERENTIAL-SEM",
        "word": "\u201d",
        "roles": {
          "LEX": "\u201d",
          "WNSENSE": "entity%1:03:00"
        },
        "start": 36,
        "end": 37
      },
      "root": "#V162712"
    },
    {
      "V162812": {
        "id": "V162812",
        "indicator": "SPEECHACT",
        "type": "SA_IDENTIFY",
        "word": null,
        "roles": {
          "CONTENT": "#V161116",
          "LEX": "\u201c"
        },
        "start": 0,
        "end": 2
      },
      "V161116": {
        "id": "V161116",
        "indicator": "BARE",
        "type": "REFERENTIAL-SEM",
        "word": "\u201c",
        "roles": {
          "LEX": "\u201c",
          "WNSENSE": "entity%1:03:00"
        },
        "start": 0,
        "end": 2
      },
      "root": "#V162812"
    },
    {
      "V161466": {
        "id": "V161466",
        "indicator": "SPEECHACT",
        "type": "SA_IDENTIFY",
        "word": null,
        "roles": {
          "CONTENT": "#V161129",
          "LEX": "YOU"
        },
        "start": 2,
        "end": 6
      },
      "V161129": {
        "id": "V161129",
        "indicator": "PRO-SET",
        "type": "PERSON",
        "word": "YOU",
        "roles": {
          "PROFORM": "YOU",
          "LEX": "YOU",
          "WNSENSE": "person%1:03:00"
        },
        "start": 2,
        "end": 6
      },
      "root": "#V161466"
    },
    {
      "V164367": {
        "id": "V164367",
        "indicator": "SPEECHACT",
        "type": "SA_TELL",
        "word": null,
        "roles": {
          "PUNCTYPE": "YNQ",
          "CONTENT": "#V161164",
          "LEX": "STUCK"
        },
        "start": 6,
        "end": 36
      },
      "V161164": {
        "id": "V161164",
        "indicator": "F",
        "type": "STAY",
        "word": "STICK",
        "roles": {
          "TIME": "#V161150",
          "AGENT": "#V161144",
          "LOCATION": "#V161181",
          "TENSE": "PAST",
          "LEX": "STUCK",
          "WNSENSE": "stick%2:38:00::"
        },
        "start": 6,
        "end": 34
      },
      "V161144": {
        "id": "V161144",
        "indicator": "BARE",
        "type": "LETTER-MAIL",
        "word": "REPLY",
        "roles": {
          "ASSOC-WITH": "#V161137",
          "LEX": "REPLY",
          "WNSENSE": "letter%1:10:00"
        },
        "start": 6,
        "end": 14
      },
      "V161137": {
        "id": "V161137",
        "indicator": "KIND",
        "type": "REFERENTIAL-SEM",
        "word": "\u2019",
        "roles": {
          "LEX": "\u2019",
          "WNSENSE": "entity%1:03:00"
        },
        "start": 6,
        "end": 14
      },
      "V161150": {
        "id": "V161150",
        "indicator": "F",
        "type": "TIME-REL-SO-FAR",
        "word": "STILL",
        "roles": {
          "FIGURE": "#V161164",
          "LEX": "STILL",
          "WNSENSE": "still%4:02:01::"
        },
        "start": 14,
        "end": 20
      },
      "V161181": {
        "id": "V161181",
        "indicator": "F",
        "type": "ON",
        "word": "ON",
        "roles": {
          "GROUND": "#V161373",
          "FIGURE": "#V161164",
          "LEX": "ON"
        },
        "start": 26,
        "end": 34
      },
      "V161373": {
        "id": "V161373",
        "indicator": "THE",
        "type": "QUANTITY-ABSTR",
        "word": null,
        "roles": {
          "FIGURE": "#V161207"
        },
        "start": 29,
        "end": 34
      },
      "V161207": {
        "id": "V161207",
        "indicator": "PRO",
        "type": "REFERENTIAL-SEM",
        "word": "THAT",
        "roles": {
          "PROFORM": "THAT",
          "LEX": "THAT",
          "WNSENSE": "entity%1:03:00"
        },
        "start": 29,
        "end": 34
      },
      "root": "#V164367"
    },
    {
      "V162712": {
        "id": "V162712",
        "indicator": "SPEECHACT",
        "type": "SA_IDENTIFY",
        "word": null,
        "roles": {
          "CONTENT": "#V161285",
          "LEX": "\u201d"
        },
        "start": 36,
        "end": 37
      },
      "V161285": {
        "id": "V161285",
        "indicator": "BARE",
        "type": "REFERENTIAL-SEM",
        "word": "\u201d",
        "roles": {
          "LEX": "\u201d",
          "WNSENSE": "entity%1:03:00"
        },
        "start": 36,
        "end": 37
      },
      "root": "#V162712"
    },
    {
      "V162812": {
        "id": "V162812",
        "indicator": "SPEECHACT",
        "type": "SA_IDENTIFY",
        "word": null,
        "roles": {
          "CONTENT": "#V161116",
          "LEX": "\u201c"
        },
        "start": 0,
        "end": 2
      },
      "V161116": {
        "id": "V161116",
        "indicator": "BARE",
        "type": "REFERENTIAL-SEM",
        "word": "\u201c",
        "roles": {
          "LEX": "\u201c",
          "WNSENSE": "entity%1:03:00"
        },
        "start": 0,
        "end": 2
      },
      "root": "#V162812"
    },
    {
      "V161453": {
        "id": "V161453",
        "indicator": "SPEECHACT",
        "type": "SA_IDENTIFY",
        "word": null,
        "roles": {
          "CONTENT": "#V161370",
          "LEX": "-"
        },
        "start": 2,
        "end": 6
      },
      "V161370": {
        "id": "V161370",
        "indicator": "THE",
        "type": "QUANTITY-ABSTR",
        "word": null,
        "roles": {
          "FIGURE": "#V161128"
        },
        "start": 2,
        "end": 6
      },
      "V161128": {
        "id": "V161128",
        "indicator": "PRO",
        "type": "PERSON",
        "word": "YOU",
        "roles": {
          "PROFORM": "YOU",
          "LEX": "YOU",
          "WNSENSE": "person%1:03:00"
        },
        "start": 2,
        "end": 6
      },
      "root": "#V161453"
    },
    {
      "V164377": {
        "id": "V164377",
        "indicator": "SPEECHACT",
        "type": "SA_TELL",
        "word": null,
        "roles": {
          "PUNCTYPE": "YNQ",
          "CONTENT": "#V161164",
          "LEX": "STUCK"
        },
        "start": 6,
        "end": 36
      },
      "V161164": {
        "id": "V161164",
        "indicator": "F",
        "type": "STAY",
        "word": "STICK",
        "roles": {
          "TIME": "#V161150",
          "AGENT": "#V161144",
          "MOD": "#V161277",
          "TENSE": "PAST",
          "LEX": "STUCK",
          "WNSENSE": "stick%2:38:00::"
        },
        "start": 6,
        "end": 34
      },
      "V161144": {
        "id": "V161144",
        "indicator": "BARE",
        "type": "LETTER-MAIL",
        "word": "REPLY",
        "roles": {
          "ASSOC-WITH": "#V161137",
          "LEX": "REPLY",
          "WNSENSE": "letter%1:10:00"
        },
        "start": 6,
        "end": 14
      },
      "V161137": {
        "id": "V161137",
        "indicator": "KIND",
        "type": "REFERENTIAL-SEM",
        "word": "\u2019",
        "roles": {
          "LEX": "\u2019",
          "WNSENSE": "entity%1:03:00"
        },
        "start": 6,
        "end": 14
      },
      "V161150": {
        "id": "V161150",
        "indicator": "F",
        "type": "TIME-REL-SO-FAR",
        "word": "STILL",
        "roles": {
          "FIGURE": "#V161164",
          "LEX": "STILL",
          "WNSENSE": "still%4:02:01::"
        },
        "start": 14,
        "end": 20
      },
      "V161277": {
        "id": "V161277",
        "indicator": "F",
        "type": "PREDICATE",
        "word": "ON-THAT",
        "roles": {
          "FIGURE": "#V161164",
          "LEX": "ON-THAT",
          "WNSENSE": "on_that%4:02:00"
        },
        "start": 26,
        "end": 34
      },
      "root": "#V164377"
    },
    {
      "V162712": {
        "id": "V162712",
        "indicator": "SPEECHACT",
        "type": "SA_IDENTIFY",
        "word": null,
        "roles": {
          "CONTENT": "#V161285",
          "LEX": "\u201d"
        },
        "start": 36,
        "end": 37
      },
      "V161285": {
        "id": "V161285",
        "indicator": "BARE",
        "type": "REFERENTIAL-SEM",
        "word": "\u201d",
        "roles": {
          "LEX": "\u201d",
          "WNSENSE": "entity%1:03:00"
        },
        "start": 36,
        "end": 37
      },
      "root": "#V162712"
    },
    {
      "V162812": {
        "id": "V162812",
        "indicator": "SPEECHACT",
        "type": "SA_IDENTIFY",
        "word": null,
        "roles": {
          "CONTENT": "#V161116",
          "LEX": "\u201c"
        },
        "start": 0,
        "end": 2
      },
      "V161116": {
        "id": "V161116",
        "indicator": "BARE",
        "type": "REFERENTIAL-SEM",
        "word": "\u201c",
        "roles": {
          "LEX": "\u201c",
          "WNSENSE": "entity%1:03:00"
        },
        "start": 0,
        "end": 2
      },
      "root": "#V162812"
    },
    {
      "V161453": {
        "id": "V161453",
        "indicator": "SPEECHACT",
        "type": "SA_IDENTIFY",
        "word": null,
        "roles": {
          "CONTENT": "#V161370",
          "LEX": "-"
        },
        "start": 2,
        "end": 6
      },
      "V161370": {
        "id": "V161370",
        "indicator": "THE",
        "type": "QUANTITY-ABSTR",
        "word": null,
        "roles": {
          "FIGURE": "#V161128"
        },
        "start": 2,
        "end": 6
      },
      "V161128": {
        "id": "V161128",
        "indicator": "PRO",
        "type": "PERSON",
        "word": "YOU",
        "roles": {
          "PROFORM": "YOU",
          "LEX": "YOU",
          "WNSENSE": "person%1:03:00"
        },
        "start": 2,
        "end": 6
      },
      "root": "#V161453"
    },
    {
      "V164692": {
        "id": "V164692",
        "indicator": "SPEECHACT",
        "type": "SA_TELL",
        "word": null,
        "roles": {
          "PUNCTYPE": "YNQ",
          "CONTENT": "#V161164",
          "LEX": "STUCK"
        },
        "start": 6,
        "end": 36
      },
      "V161164": {
        "id": "V161164",
        "indicator": "F",
        "type": "STAY",
        "word": "STICK",
        "roles": {
          "TIME": "#V161150",
          "AGENT": "#V164362",
          "LOCATION": "#V161181",
          "TENSE": "PAST",
          "LEX": "STUCK",
          "WNSENSE": "stick%2:38:00::"
        },
        "start": 6,
        "end": 34
      },
      "V164362": {
        "id": "V164362",
        "indicator": "THE",
        "type": "QUANTITY-ABSTR",
        "word": null,
        "roles": {
          "FIGURE": "#V161144"
        },
        "start": 6,
        "end": 14
      },
      "V161144": {
        "id": "V161144",
        "indicator": "BARE",
        "type": "LETTER-MAIL",
        "word": "REPLY",
        "roles": {
          "ASSOC-WITH": "#V161137",
          "LEX": "REPLY",
          "WNSENSE": "letter%1:10:00"
        },
        "start": 6,
        "end": 14
      },
      "V161137": {
        "id": "V161137",
        "indicator": "KIND",
        "type": "REFERENTIAL-SEM",
        "word": "\u2019",
        "roles": {
          "LEX": "\u2019",
          "WNSENSE": "entity%1:03:00"
        },
        "start": 6,
        "end": 14
      },
      "V161150": {
        "id": "V161150",
        "indicator": "F",
        "type": "TIME-REL-SO-FAR",
        "word": "STILL",
        "roles": {
          "FIGURE": "#V161164",
          "LEX": "STILL",
          "WNSENSE": "still%4:02:01::"
        },
        "start": 14,
        "end": 20
      },
      "V161181": {
        "id": "V161181",
        "indicator": "F",
        "type": "ON",
        "word": "ON",
        "roles": {
          "GROUND": "#V161373",
          "FIGURE": "#V161164",
          "LEX": "ON"
        },
        "start": 26,
        "end": 34
      },
      "V161373": {
        "id": "V161373",
        "indicator": "THE",
        "type": "QUANTITY-ABSTR",
        "word": null,
        "roles": {
          "FIGURE": "#V161207"
        },
        "start": 29,
        "end": 34
      },
      "V161207": {
        "id": "V161207",
        "indicator": "PRO",
        "type": "REFERENTIAL-SEM",
        "word": "THAT",
        "roles": {
          "PROFORM": "THAT",
          "LEX": "THAT",
          "WNSENSE": "entity%1:03:00"
        },
        "start": 29,
        "end": 34
      },
      "root": "#V164692"
    },
    {
      "V162712": {
        "id": "V162712",
        "indicator": "SPEECHACT",
        "type": "SA_IDENTIFY",
        "word": null,
        "roles": {
          "CONTENT": "#V161285",
          "LEX": "\u201d"
        },
        "start": 36,
        "end": 37
      },
      "V161285": {
        "id": "V161285",
        "indicator": "BARE",
        "type": "REFERENTIAL-SEM",
        "word": "\u201d",
        "roles": {
          "LEX": "\u201d",
          "WNSENSE": "entity%1:03:00"
        },
        "start": 36,
        "end": 37
      },
      "root": "#V162712"
    },
    {
      "V162812": {
        "id": "V162812",
        "indicator": "SPEECHACT",
        "type": "SA_IDENTIFY",
        "word": null,
        "roles": {
          "CONTENT": "#V161116",
          "LEX": "\u201c"
        },
        "start": 0,
        "end": 2
      },
      "V161116": {
        "id": "V161116",
        "indicator": "BARE",
        "type": "REFERENTIAL-SEM",
        "word": "\u201c",
        "roles": {
          "LEX": "\u201c",
          "WNSENSE": "entity%1:03:00"
        },
        "start": 0,
        "end": 2
      },
      "root": "#V162812"
    },
    {
      "V161453": {
        "id": "V161453",
        "indicator": "SPEECHACT",
        "type": "SA_IDENTIFY",
        "word": null,
        "roles": {
          "CONTENT": "#V161370",
          "LEX": "-"
        },
        "start": 2,
        "end": 6
      },
      "V161370": {
        "id": "V161370",
        "indicator": "THE",
        "type": "QUANTITY-ABSTR",
        "word": null,
        "roles": {
          "FIGURE": "#V161128"
        },
        "start": 2,
        "end": 6
      },
      "V161128": {
        "id": "V161128",
        "indicator": "PRO",
        "type": "PERSON",
        "word": "YOU",
        "roles": {
          "PROFORM": "YOU",
          "LEX": "YOU",
          "WNSENSE": "person%1:03:00"
        },
        "start": 2,
        "end": 6
      },
      "root": "#V161453"
    },
    {
      "V164391": {
        "id": "V164391",
        "indicator": "SPEECHACT",
        "type": "SA_TELL",
        "word": null,
        "roles": {
          "PUNCTYPE": "YNQ",
          "CONTENT": "#V161164",
          "LEX": "STUCK"
        },
        "start": 6,
        "end": 36
      },
      "V161164": {
        "id": "V161164",
        "indicator": "F",
        "type": "STAY",
        "word": "STICK",
        "roles": {
          "LOCATION": "#V161181",
          "AGENT": "#V161144",
          "TIME": "#V161150",
          "TENSE": "PAST",
          "LEX": "STUCK",
          "WNSENSE": "stick%2:38:00::"
        },
        "start": 6,
        "end": 34
      },
      "V161144": {
        "id": "V161144",
        "indicator": "BARE",
        "type": "LETTER-MAIL",
        "word": "REPLY",
        "roles": {
          "ASSOC-WITH": "#V161137",
          "LEX": "REPLY",
          "WNSENSE": "letter%1:10:00"
        },
        "start": 6,
        "end": 14
      },
      "V161137": {
        "id": "V161137",
        "indicator": "KIND",
        "type": "REFERENTIAL-SEM",
        "word": "\u2019",
        "roles": {
          "LEX": "\u2019",
          "WNSENSE": "entity%1:03:00"
        },
        "start": 6,
        "end": 14
      },
      "V161150": {
        "id": "V161150",
        "indicator": "F",
        "type": "TIME-REL-SO-FAR",
        "word": "STILL",
        "roles": {
          "FIGURE": "#V161164",
          "LEX": "STILL",
          "WNSENSE": "still%4:02:01::"
        },
        "start": 14,
        "end": 20
      },
      "V161181": {
        "id": "V161181",
        "indicator": "F",
        "type": "ON",
        "word": "ON",
        "roles": {
          "GROUND": "#V161373",
          "FIGURE": "#V161164",
          "LEX": "ON"
        },
        "start": 26,
        "end": 34
      },
      "V161373": {
        "id": "V161373",
        "indicator": "THE",
        "type": "QUANTITY-ABSTR",
        "word": null,
        "roles": {
          "FIGURE": "#V161207"
        },
        "start": 29,
        "end": 34
      },
      "V161207": {
        "id": "V161207",
        "indicator": "PRO",
        "type": "REFERENTIAL-SEM",
        "word": "THAT",
        "roles": {
          "PROFORM": "THAT",
          "LEX": "THAT",
          "WNSENSE": "entity%1:03:00"
        },
        "start": 29,
        "end": 34
      },
      "root": "#V164391"
    },
    {
      "V162712": {
        "id": "V162712",
        "indicator": "SPEECHACT",
        "type": "SA_IDENTIFY",
        "word": null,
        "roles": {
          "CONTENT": "#V161285",
          "LEX": "\u201d"
        },
        "start": 36,
        "end": 37
      },
      "V161285": {
        "id": "V161285",
        "indicator": "BARE",
        "type": "REFERENTIAL-SEM",
        "word": "\u201d",
        "roles": {
          "LEX": "\u201d",
          "WNSENSE": "entity%1:03:00"
        },
        "start": 36,
        "end": 37
      },
      "root": "#V162712"
    },
    {
      "V162812": {
        "id": "V162812",
        "indicator": "SPEECHACT",
        "type": "SA_IDENTIFY",
        "word": null,
        "roles": {
          "CONTENT": "#V161116",
          "LEX": "\u201c"
        },
        "start": 0,
        "end": 2
      },
      "V161116": {
        "id": "V161116",
        "indicator": "BARE",
        "type": "REFERENTIAL-SEM",
        "word": "\u201c",
        "roles": {
          "LEX": "\u201c",
          "WNSENSE": "entity%1:03:00"
        },
        "start": 0,
        "end": 2
      },
      "root": "#V162812"
    },
    {
      "V161423": {
        "id": "V161423",
        "indicator": "SPEECHACT",
        "type": "SA_IDENTIFY",
        "word": null,
        "roles": {
          "CONTENT": "#V161128",
          "LEX": "YOU"
        },
        "start": 2,
        "end": 6
      },
      "V161128": {
        "id": "V161128",
        "indicator": "PRO",
        "type": "PERSON",
        "word": "YOU",
        "roles": {
          "PROFORM": "YOU",
          "LEX": "YOU",
          "WNSENSE": "person%1:03:00"
        },
        "start": 2,
        "end": 6
      },
      "root": "#V161423"
    },
    {
      "V164702": {
        "id": "V164702",
        "indicator": "SPEECHACT",
        "type": "SA_TELL",
        "word": null,
        "roles": {
          "PUNCTYPE": "YNQ",
          "CONTENT": "#V161164",
          "LEX": "STUCK"
        },
        "start": 6,
        "end": 36
      },
      "V161164": {
        "id": "V161164",
        "indicator": "F",
        "type": "STAY",
        "word": "STICK",
        "roles": {
          "TIME": "#V161150",
          "AGENT": "#V164362",
          "MOD": "#V161277",
          "TENSE": "PAST",
          "LEX": "STUCK",
          "WNSENSE": "stick%2:38:00::"
        },
        "start": 6,
        "end": 34
      },
      "V164362": {
        "id": "V164362",
        "indicator": "THE",
        "type": "QUANTITY-ABSTR",
        "word": null,
        "roles": {
          "FIGURE": "#V161144"
        },
        "start": 6,
        "end": 14
      },
      "V161144": {
        "id": "V161144",
        "indicator": "BARE",
        "type": "LETTER-MAIL",
        "word": "REPLY",
        "roles": {
          "ASSOC-WITH": "#V161137",
          "LEX": "REPLY",
          "WNSENSE": "letter%1:10:00"
        },
        "start": 6,
        "end": 14
      },
      "V161137": {
        "id": "V161137",
        "indicator": "KIND",
        "type": "REFERENTIAL-SEM",
        "word": "\u2019",
        "roles": {
          "LEX": "\u2019",
          "WNSENSE": "entity%1:03:00"
        },
        "start": 6,
        "end": 14
      },
      "V161150": {
        "id": "V161150",
        "indicator": "F",
        "type": "TIME-REL-SO-FAR",
        "word": "STILL",
        "roles": {
          "FIGURE": "#V161164",
          "LEX": "STILL",
          "WNSENSE": "still%4:02:01::"
        },
        "start": 14,
        "end": 20
      },
      "V161277": {
        "id": "V161277",
        "indicator": "F",
        "type": "PREDICATE",
        "word": "ON-THAT",
        "roles": {
          "FIGURE": "#V161164",
          "LEX": "ON-THAT",
          "WNSENSE": "on_that%4:02:00"
        },
        "start": 26,
        "end": 34
      },
      "root": "#V164702"
    },
    {
      "V162712": {
        "id": "V162712",
        "indicator": "SPEECHACT",
        "type": "SA_IDENTIFY",
        "word": null,
        "roles": {
          "CONTENT": "#V161285",
          "LEX": "\u201d"
        },
        "start": 36,
        "end": 37
      },
      "V161285": {
        "id": "V161285",
        "indicator": "BARE",
        "type": "REFERENTIAL-SEM",
        "word": "\u201d",
        "roles": {
          "LEX": "\u201d",
          "WNSENSE": "entity%1:03:00"
        },
        "start": 36,
        "end": 37
      },
      "root": "#V162712"
    },
    {
      "V162812": {
        "id": "V162812",
        "indicator": "SPEECHACT",
        "type": "SA_IDENTIFY",
        "word": null,
        "roles": {
          "CONTENT": "#V161116",
          "LEX": "\u201c"
        },
        "start": 0,
        "end": 2
      },
      "V161116": {
        "id": "V161116",
        "indicator": "BARE",
        "type": "REFERENTIAL-SEM",
        "word": "\u201c",
        "roles": {
          "LEX": "\u201c",
          "WNSENSE": "entity%1:03:00"
        },
        "start": 0,
        "end": 2
      },
      "root": "#V162812"
    },
    {
      "V161423": {
        "id": "V161423",
        "indicator": "SPEECHACT",
        "type": "SA_IDENTIFY",
        "word": null,
        "roles": {
          "CONTENT": "#V161128",
          "LEX": "YOU"
        },
        "start": 2,
        "end": 6
      },
      "V161128": {
        "id": "V161128",
        "indicator": "PRO",
        "type": "PERSON",
        "word": "YOU",
        "roles": {
          "PROFORM": "YOU",
          "LEX": "YOU",
          "WNSENSE": "person%1:03:00"
        },
        "start": 2,
        "end": 6
      },
      "root": "#V161423"
    },
    {
      "V164406": {
        "id": "V164406",
        "indicator": "SPEECHACT",
        "type": "SA_TELL",
        "word": null,
        "roles": {
          "PUNCTYPE": "YNQ",
          "CONTENT": "#V161164",
          "LEX": "STUCK"
        },
        "start": 6,
        "end": 36
      },
      "V161164": {
        "id": "V161164",
        "indicator": "F",
        "type": "STAY",
        "word": "STICK",
        "roles": {
          "MOD": "#V161277",
          "AGENT": "#V161144",
          "TIME": "#V161150",
          "TENSE": "PAST",
          "LEX": "STUCK",
          "WNSENSE": "stick%2:38:00::"
        },
        "start": 6,
        "end": 34
      },
      "V161144": {
        "id": "V161144",
        "indicator": "BARE",
        "type": "LETTER-MAIL",
        "word": "REPLY",
        "roles": {
          "ASSOC-WITH": "#V161137",
          "LEX": "REPLY",
          "WNSENSE": "letter%1:10:00"
        },
        "start": 6,
        "end": 14
      },
      "V161137": {
        "id": "V161137",
        "indicator": "KIND",
        "type": "REFERENTIAL-SEM",
        "word": "\u2019",
        "roles": {
          "LEX": "\u2019",
          "WNSENSE": "entity%1:03:00"
        },
        "start": 6,
        "end": 14
      },
      "V161150": {
        "id": "V161150",
        "indicator": "F",
        "type": "TIME-REL-SO-FAR",
        "word": "STILL",
        "roles": {
          "FIGURE": "#V161164",
          "LEX": "STILL",
          "WNSENSE": "still%4:02:01::"
        },
        "start": 14,
        "end": 20
      },
      "V161277": {
        "id": "V161277",
        "indicator": "F",
        "type": "PREDICATE",
        "word": "ON-THAT",
        "roles": {
          "FIGURE": "#V161164",
          "LEX": "ON-THAT",
          "WNSENSE": "on_that%4:02:00"
        },
        "start": 26,
        "end": 34
      },
      "root": "#V164406"
    },
    {
      "V162712": {
        "id": "V162712",
        "indicator": "SPEECHACT",
        "type": "SA_IDENTIFY",
        "word": null,
        "roles": {
          "CONTENT": "#V161285",
          "LEX": "\u201d"
        },
        "start": 36,
        "end": 37
      },
      "V161285": {
        "id": "V161285",
        "indicator": "BARE",
        "type": "REFERENTIAL-SEM",
        "word": "\u201d",
        "roles": {
          "LEX": "\u201d",
          "WNSENSE": "entity%1:03:00"
        },
        "start": 36,
        "end": 37
      },
      "root": "#V162712"
    },
    {
      "V162812": {
        "id": "V162812",
        "indicator": "SPEECHACT",
        "type": "SA_IDENTIFY",
        "word": null,
        "roles": {
          "CONTENT": "#V161116",
          "LEX": "\u201c"
        },
        "start": 0,
        "end": 2
      },
      "V161116": {
        "id": "V161116",
        "indicator": "BARE",
        "type": "REFERENTIAL-SEM",
        "word": "\u201c",
        "roles": {
          "LEX": "\u201c",
          "WNSENSE": "entity%1:03:00"
        },
        "start": 0,
        "end": 2
      },
      "root": "#V162812"
    },
    {
      "V161423": {
        "id": "V161423",
        "indicator": "SPEECHACT",
        "type": "SA_IDENTIFY",
        "word": null,
        "roles": {
          "CONTENT": "#V161128",
          "LEX": "YOU"
        },
        "start": 2,
        "end": 6
      },
      "V161128": {
        "id": "V161128",
        "indicator": "PRO",
        "type": "PERSON",
        "word": "YOU",
        "roles": {
          "PROFORM": "YOU",
          "LEX": "YOU",
          "WNSENSE": "person%1:03:00"
        },
        "start": 2,
        "end": 6
      },
      "root": "#V161423"
    },
    {
      "V164712": {
        "id": "V164712",
        "indicator": "SPEECHACT",
        "type": "SA_TELL",
        "word": null,
        "roles": {
          "PUNCTYPE": "YNQ",
          "CONTENT": "#V161164",
          "LEX": "STUCK"
        },
        "start": 6,
        "end": 36
      },
      "V161164": {
        "id": "V161164",
        "indicator": "F",
        "type": "STAY",
        "word": "STICK",
        "roles": {
          "LOCATION": "#V161181",
          "AGENT": "#V164362",
          "TIME": "#V161150",
          "TENSE": "PAST",
          "LEX": "STUCK",
          "WNSENSE": "stick%2:38:00::"
        },
        "start": 6,
        "end": 34
      },
      "V164362": {
        "id": "V164362",
        "indicator": "THE",
        "type": "QUANTITY-ABSTR",
        "word": null,
        "roles": {
          "FIGURE": "#V161144"
        },
        "start": 6,
        "end": 14
      },
      "V161144": {
        "id": "V161144",
        "indicator": "BARE",
        "type": "LETTER-MAIL",
        "word": "REPLY",
        "roles": {
          "ASSOC-WITH": "#V161137",
          "LEX": "REPLY",
          "WNSENSE": "letter%1:10:00"
        },
        "start": 6,
        "end": 14
      },
      "V161137": {
        "id": "V161137",
        "indicator": "KIND",
        "type": "REFERENTIAL-SEM",
        "word": "\u2019",
        "roles": {
          "LEX": "\u2019",
          "WNSENSE": "entity%1:03:00"
        },
        "start": 6,
        "end": 14
      },
      "V161150": {
        "id": "V161150",
        "indicator": "F",
        "type": "TIME-REL-SO-FAR",
        "word": "STILL",
        "roles": {
          "FIGURE": "#V161164",
          "LEX": "STILL",
          "WNSENSE": "still%4:02:01::"
        },
        "start": 14,
        "end": 20
      },
      "V161181": {
        "id": "V161181",
        "indicator": "F",
        "type": "ON",
        "word": "ON",
        "roles": {
          "GROUND": "#V161373",
          "FIGURE": "#V161164",
          "LEX": "ON"
        },
        "start": 26,
        "end": 34
      },
      "V161373": {
        "id": "V161373",
        "indicator": "THE",
        "type": "QUANTITY-ABSTR",
        "word": null,
        "roles": {
          "FIGURE": "#V161207"
        },
        "start": 29,
        "end": 34
      },
      "V161207": {
        "id": "V161207",
        "indicator": "PRO",
        "type": "REFERENTIAL-SEM",
        "word": "THAT",
        "roles": {
          "PROFORM": "THAT",
          "LEX": "THAT",
          "WNSENSE": "entity%1:03:00"
        },
        "start": 29,
        "end": 34
      },
      "root": "#V164712"
    },
    {
      "V162712": {
        "id": "V162712",
        "indicator": "SPEECHACT",
        "type": "SA_IDENTIFY",
        "word": null,
        "roles": {
          "CONTENT": "#V161285",
          "LEX": "\u201d"
        },
        "start": 36,
        "end": 37
      },
      "V161285": {
        "id": "V161285",
        "indicator": "BARE",
        "type": "REFERENTIAL-SEM",
        "word": "\u201d",
        "roles": {
          "LEX": "\u201d",
          "WNSENSE": "entity%1:03:00"
        },
        "start": 36,
        "end": 37
      },
      "root": "#V162712"
    },
    {
      "V162812": {
        "id": "V162812",
        "indicator": "SPEECHACT",
        "type": "SA_IDENTIFY",
        "word": null,
        "roles": {
          "CONTENT": "#V161116",
          "LEX": "\u201c"
        },
        "start": 0,
        "end": 2
      },
      "V161116": {
        "id": "V161116",
        "indicator": "BARE",
        "type": "REFERENTIAL-SEM",
        "word": "\u201c",
        "roles": {
          "LEX": "\u201c",
          "WNSENSE": "entity%1:03:00"
        },
        "start": 0,
        "end": 2
      },
      "root": "#V162812"
    },
    {
      "V161423": {
        "id": "V161423",
        "indicator": "SPEECHACT",
        "type": "SA_IDENTIFY",
        "word": null,
        "roles": {
          "CONTENT": "#V161128",
          "LEX": "YOU"
        },
        "start": 2,
        "end": 6
      },
      "V161128": {
        "id": "V161128",
        "indicator": "PRO",
        "type": "PERSON",
        "word": "YOU",
        "roles": {
          "PROFORM": "YOU",
          "LEX": "YOU",
          "WNSENSE": "person%1:03:00"
        },
        "start": 2,
        "end": 6
      },
      "root": "#V161423"
    },
    {
      "V164367": {
        "id": "V164367",
        "indicator": "SPEECHACT",
        "type": "SA_TELL",
        "word": null,
        "roles": {
          "PUNCTYPE": "YNQ",
          "CONTENT": "#V161164",
          "LEX": "STUCK"
        },
        "start": 6,
        "end": 36
      },
      "V161164": {
        "id": "V161164",
        "indicator": "F",
        "type": "STAY",
        "word": "STICK",
        "roles": {
          "TIME": "#V161150",
          "AGENT": "#V161144",
          "LOCATION": "#V161181",
          "TENSE": "PAST",
          "LEX": "STUCK",
          "WNSENSE": "stick%2:38:00::"
        },
        "start": 6,
        "end": 34
      },
      "V161144": {
        "id": "V161144",
        "indicator": "BARE",
        "type": "LETTER-MAIL",
        "word": "REPLY",
        "roles": {
          "ASSOC-WITH": "#V161137",
          "LEX": "REPLY",
          "WNSENSE": "letter%1:10:00"
        },
        "start": 6,
        "end": 14
      },
      "V161137": {
        "id": "V161137",
        "indicator": "KIND",
        "type": "REFERENTIAL-SEM",
        "word": "\u2019",
        "roles": {
          "LEX": "\u2019",
          "WNSENSE": "entity%1:03:00"
        },
        "start": 6,
        "end": 14
      },
      "V161150": {
        "id": "V161150",
        "indicator": "F",
        "type": "TIME-REL-SO-FAR",
        "word": "STILL",
        "roles": {
          "FIGURE": "#V161164",
          "LEX": "STILL",
          "WNSENSE": "still%4:02:01::"
        },
        "start": 14,
        "end": 20
      },
      "V161181": {
        "id": "V161181",
        "indicator": "F",
        "type": "ON",
        "word": "ON",
        "roles": {
          "GROUND": "#V161373",
          "FIGURE": "#V161164",
          "LEX": "ON"
        },
        "start": 26,
        "end": 34
      },
      "V161373": {
        "id": "V161373",
        "indicator": "THE",
        "type": "QUANTITY-ABSTR",
        "word": null,
        "roles": {
          "FIGURE": "#V161207"
        },
        "start": 29,
        "end": 34
      },
      "V161207": {
        "id": "V161207",
        "indicator": "PRO",
        "type": "REFERENTIAL-SEM",
        "word": "THAT",
        "roles": {
          "PROFORM": "THAT",
          "LEX": "THAT",
          "WNSENSE": "entity%1:03:00"
        },
        "start": 29,
        "end": 34
      },
      "root": "#V164367"
    },
    {
      "V162789": {
        "id": "V162789",
        "indicator": "SPEECHACT",
        "type": "SA_IDENTIFY",
        "word": null,
        "roles": {
          "CONTENT": "#V162608",
          "LEX": "-"
        },
        "start": 36,
        "end": 37
      },
      "V162608": {
        "id": "V162608",
        "indicator": "THE",
        "type": "QUANTITY-ABSTR",
        "word": null,
        "roles": {
          "FIGURE": "#V161285"
        },
        "start": 36,
        "end": 37
      },
      "V161285": {
        "id": "V161285",
        "indicator": "BARE",
        "type": "REFERENTIAL-SEM",
        "word": "\u201d",
        "roles": {
          "LEX": "\u201d",
          "WNSENSE": "entity%1:03:00"
        },
        "start": 36,
        "end": 37
      },
      "root": "#V162789"
    },
    {
      "V162940": {
        "id": "V162940",
        "indicator": "SPEECHACT",
        "type": "SA_IDENTIFY",
        "word": null,
        "roles": {
          "CONTENT": "#V162759",
          "LEX": "-"
        },
        "start": 0,
        "end": 2
      },
      "V162759": {
        "id": "V162759",
        "indicator": "THE",
        "type": "QUANTITY-ABSTR",
        "word": null,
        "roles": {
          "FIGURE": "#V161116"
        },
        "start": 0,
        "end": 2
      },
      "V161116": {
        "id": "V161116",
        "indicator": "BARE",
        "type": "REFERENTIAL-SEM",
        "word": "\u201c",
        "roles": {
          "LEX": "\u201c",
          "WNSENSE": "entity%1:03:00"
        },
        "start": 0,
        "end": 2
      },
      "root": "#V162940"
    },
    {
      "V161423": {
        "id": "V161423",
        "indicator": "SPEECHACT",
        "type": "SA_IDENTIFY",
        "word": null,
        "roles": {
          "CONTENT": "#V161128",
          "LEX": "YOU"
        },
        "start": 2,
        "end": 6
      },
      "V161128": {
        "id": "V161128",
        "indicator": "PRO",
        "type": "PERSON",
        "word": "YOU",
        "roles": {
          "PROFORM": "YOU",
          "LEX": "YOU",
          "WNSENSE": "person%1:03:00"
        },
        "start": 2,
        "end": 6
      },
      "root": "#V161423"
    },
    {
      "V164367": {
        "id": "V164367",
        "indicator": "SPEECHACT",
        "type": "SA_TELL",
        "word": null,
        "roles": {
          "PUNCTYPE": "YNQ",
          "CONTENT": "#V161164",
          "LEX": "STUCK"
        },
        "start": 6,
        "end": 36
      },
      "V161164": {
        "id": "V161164",
        "indicator": "F",
        "type": "STAY",
        "word": "STICK",
        "roles": {
          "TIME": "#V161150",
          "AGENT": "#V161144",
          "LOCATION": "#V161181",
          "TENSE": "PAST",
          "LEX": "STUCK",
          "WNSENSE": "stick%2:38:00::"
        },
        "start": 6,
        "end": 34
      },
      "V161144": {
        "id": "V161144",
        "indicator": "BARE",
        "type": "LETTER-MAIL",
        "word": "REPLY",
        "roles": {
          "ASSOC-WITH": "#V161137",
          "LEX": "REPLY",
          "WNSENSE": "letter%1:10:00"
        },
        "start": 6,
        "end": 14
      },
      "V161137": {
        "id": "V161137",
        "indicator": "KIND",
        "type": "REFERENTIAL-SEM",
        "word": "\u2019",
        "roles": {
          "LEX": "\u2019",
          "WNSENSE": "entity%1:03:00"
        },
        "start": 6,
        "end": 14
      },
      "V161150": {
        "id": "V161150",
        "indicator": "F",
        "type": "TIME-REL-SO-FAR",
        "word": "STILL",
        "roles": {
          "FIGURE": "#V161164",
          "LEX": "STILL",
          "WNSENSE": "still%4:02:01::"
        },
        "start": 14,
        "end": 20
      },
      "V161181": {
        "id": "V161181",
        "indicator": "F",
        "type": "ON",
        "word": "ON",
        "roles": {
          "GROUND": "#V161373",
          "FIGURE": "#V161164",
          "LEX": "ON"
        },
        "start": 26,
        "end": 34
      },
      "V161373": {
        "id": "V161373",
        "indicator": "THE",
        "type": "QUANTITY-ABSTR",
        "word": null,
        "roles": {
          "FIGURE": "#V161207"
        },
        "start": 29,
        "end": 34
      },
      "V161207": {
        "id": "V161207",
        "indicator": "PRO",
        "type": "REFERENTIAL-SEM",
        "word": "THAT",
        "roles": {
          "PROFORM": "THAT",
          "LEX": "THAT",
          "WNSENSE": "entity%1:03:00"
        },
        "start": 29,
        "end": 34
      },
      "root": "#V164367"
    },
    {
      "V162712": {
        "id": "V162712",
        "indicator": "SPEECHACT",
        "type": "SA_IDENTIFY",
        "word": null,
        "roles": {
          "CONTENT": "#V161285",
          "LEX": "\u201d"
        },
        "start": 36,
        "end": 37
      },
      "V161285": {
        "id": "V161285",
        "indicator": "BARE",
        "type": "REFERENTIAL-SEM",
        "word": "\u201d",
        "roles": {
          "LEX": "\u201d",
          "WNSENSE": "entity%1:03:00"
        },
        "start": 36,
        "end": 37
      },
      "root": "#V162712"
    },
    {
      "V162812": {
        "id": "V162812",
        "indicator": "SPEECHACT",
        "type": "SA_IDENTIFY",
        "word": null,
        "roles": {
          "CONTENT": "#V161116",
          "LEX": "\u201c"
        },
        "start": 0,
        "end": 2
      },
      "V161116": {
        "id": "V161116",
        "indicator": "BARE",
        "type": "REFERENTIAL-SEM",
        "word": "\u201c",
        "roles": {
          "LEX": "\u201c",
          "WNSENSE": "entity%1:03:00"
        },
        "start": 0,
        "end": 2
      },
      "root": "#V162812"
    },
    {
      "V161423": {
        "id": "V161423",
        "indicator": "SPEECHACT",
        "type": "SA_IDENTIFY",
        "word": null,
        "roles": {
          "CONTENT": "#V161128",
          "LEX": "YOU"
        },
        "start": 2,
        "end": 6
      },
      "V161128": {
        "id": "V161128",
        "indicator": "PRO",
        "type": "PERSON",
        "word": "YOU",
        "roles": {
          "PROFORM": "YOU",
          "LEX": "YOU",
          "WNSENSE": "person%1:03:00"
        },
        "start": 2,
        "end": 6
      },
      "root": "#V161423"
    },
    {
      "V164367": {
        "id": "V164367",
        "indicator": "SPEECHACT",
        "type": "SA_TELL",
        "word": null,
        "roles": {
          "PUNCTYPE": "YNQ",
          "CONTENT": "#V161164",
          "LEX": "STUCK"
        },
        "start": 6,
        "end": 36
      },
      "V161164": {
        "id": "V161164",
        "indicator": "F",
        "type": "STAY",
        "word": "STICK",
        "roles": {
          "TIME": "#V161150",
          "AGENT": "#V161144",
          "LOCATION": "#V161181",
          "TENSE": "PAST",
          "LEX": "STUCK",
          "WNSENSE": "stick%2:38:00::"
        },
        "start": 6,
        "end": 34
      },
      "V161144": {
        "id": "V161144",
        "indicator": "BARE",
        "type": "LETTER-MAIL",
        "word": "REPLY",
        "roles": {
          "ASSOC-WITH": "#V161137",
          "LEX": "REPLY",
          "WNSENSE": "letter%1:10:00"
        },
        "start": 6,
        "end": 14
      },
      "V161137": {
        "id": "V161137",
        "indicator": "KIND",
        "type": "REFERENTIAL-SEM",
        "word": "\u2019",
        "roles": {
          "LEX": "\u2019",
          "WNSENSE": "entity%1:03:00"
        },
        "start": 6,
        "end": 14
      },
      "V161150": {
        "id": "V161150",
        "indicator": "F",
        "type": "TIME-REL-SO-FAR",
        "word": "STILL",
        "roles": {
          "FIGURE": "#V161164",
          "LEX": "STILL",
          "WNSENSE": "still%4:02:01::"
        },
        "start": 14,
        "end": 20
      },
      "V161181": {
        "id": "V161181",
        "indicator": "F",
        "type": "ON",
        "word": "ON",
        "roles": {
          "GROUND": "#V161373",
          "FIGURE": "#V161164",
          "LEX": "ON"
        },
        "start": 26,
        "end": 34
      },
      "V161373": {
        "id": "V161373",
        "indicator": "THE",
        "type": "QUANTITY-ABSTR",
        "word": null,
        "roles": {
          "FIGURE": "#V161207"
        },
        "start": 29,
        "end": 34
      },
      "V161207": {
        "id": "V161207",
        "indicator": "PRO",
        "type": "REFERENTIAL-SEM",
        "word": "THAT",
        "roles": {
          "PROFORM": "THAT",
          "LEX": "THAT",
          "WNSENSE": "entity%1:03:00"
        },
        "start": 29,
        "end": 34
      },
      "root": "#V164367"
    },
    {
      "V162792": {
        "id": "V162792",
        "indicator": "SPEECHACT",
        "type": "SA_IDENTIFY",
        "word": null,
        "roles": {
          "CONTENT": "#V161285",
          "LEX": "\u201d"
        },
        "start": 36,
        "end": 37
      },
      "V161285": {
        "id": "V161285",
        "indicator": "BARE",
        "type": "REFERENTIAL-SEM",
        "word": "\u201d",
        "roles": {
          "LEX": "\u201d",
          "WNSENSE": "entity%1:03:00"
        },
        "start": 36,
        "end": 37
      },
      "root": "#V162792"
    },
    {
      "V162946": {
        "id": "V162946",
        "indicator": "SPEECHACT",
        "type": "SA_IDENTIFY",
        "word": null,
        "roles": {
          "CONTENT": "#V161116",
          "LEX": "\u201c"
        },
        "start": 0,
        "end": 2
      },
      "V161116": {
        "id": "V161116",
        "indicator": "BARE",
        "type": "REFERENTIAL-SEM",
        "word": "\u201c",
        "roles": {
          "LEX": "\u201c",
          "WNSENSE": "entity%1:03:00"
        },
        "start": 0,
        "end": 2
      },
      "root": "#V162946"
    },
    {
      "V161423": {
        "id": "V161423",
        "indicator": "SPEECHACT",
        "type": "SA_IDENTIFY",
        "word": null,
        "roles": {
          "CONTENT": "#V161128",
          "LEX": "YOU"
        },
        "start": 2,
        "end": 6
      },
      "V161128": {
        "id": "V161128",
        "indicator": "PRO",
        "type": "PERSON",
        "word": "YOU",
        "roles": {
          "PROFORM": "YOU",
          "LEX": "YOU",
          "WNSENSE": "person%1:03:00"
        },
        "start": 2,
        "end": 6
      },
      "root": "#V161423"
    },
    {
      "V164367": {
        "id": "V164367",
        "indicator": "SPEECHACT",
        "type": "SA_TELL",
        "word": null,
        "roles": {
          "PUNCTYPE": "YNQ",
          "CONTENT": "#V161164",
          "LEX": "STUCK"
        },
        "start": 6,
        "end": 36
      },
      "V161164": {
        "id": "V161164",
        "indicator": "F",
        "type": "STAY",
        "word": "STICK",
        "roles": {
          "TIME": "#V161150",
          "AGENT": "#V161144",
          "LOCATION": "#V161181",
          "TENSE": "PAST",
          "LEX": "STUCK",
          "WNSENSE": "stick%2:38:00::"
        },
        "start": 6,
        "end": 34
      },
      "V161144": {
        "id": "V161144",
        "indicator": "BARE",
        "type": "LETTER-MAIL",
        "word": "REPLY",
        "roles": {
          "ASSOC-WITH": "#V161137",
          "LEX": "REPLY",
          "WNSENSE": "letter%1:10:00"
        },
        "start": 6,
        "end": 14
      },
      "V161137": {
        "id": "V161137",
        "indicator": "KIND",
        "type": "REFERENTIAL-SEM",
        "word": "\u2019",
        "roles": {
          "LEX": "\u2019",
          "WNSENSE": "entity%1:03:00"
        },
        "start": 6,
        "end": 14
      },
      "V161150": {
        "id": "V161150",
        "indicator": "F",
        "type": "TIME-REL-SO-FAR",
        "word": "STILL",
        "roles": {
          "FIGURE": "#V161164",
          "LEX": "STILL",
          "WNSENSE": "still%4:02:01::"
        },
        "start": 14,
        "end": 20
      },
      "V161181": {
        "id": "V161181",
        "indicator": "F",
        "type": "ON",
        "word": "ON",
        "roles": {
          "GROUND": "#V161373",
          "FIGURE": "#V161164",
          "LEX": "ON"
        },
        "start": 26,
        "end": 34
      },
      "V161373": {
        "id": "V161373",
        "indicator": "THE",
        "type": "QUANTITY-ABSTR",
        "word": null,
        "roles": {
          "FIGURE": "#V161207"
        },
        "start": 29,
        "end": 34
      },
      "V161207": {
        "id": "V161207",
        "indicator": "PRO",
        "type": "REFERENTIAL-SEM",
        "word": "THAT",
        "roles": {
          "PROFORM": "THAT",
          "LEX": "THAT",
          "WNSENSE": "entity%1:03:00"
        },
        "start": 29,
        "end": 34
      },
      "root": "#V164367"
    },
    {
      "V162712": {
        "id": "V162712",
        "indicator": "SPEECHACT",
        "type": "SA_IDENTIFY",
        "word": null,
        "roles": {
          "CONTENT": "#V161285",
          "LEX": "\u201d"
        },
        "start": 36,
        "end": 37
      },
      "V161285": {
        "id": "V161285",
        "indicator": "BARE",
        "type": "REFERENTIAL-SEM",
        "word": "\u201d",
        "roles": {
          "LEX": "\u201d",
          "WNSENSE": "entity%1:03:00"
        },
        "start": 36,
        "end": 37
      },
      "root": "#V162712"
    },
    {
      "V162812": {
        "id": "V162812",
        "indicator": "SPEECHACT",
        "type": "SA_IDENTIFY",
        "word": null,
        "roles": {
          "CONTENT": "#V161116",
          "LEX": "\u201c"
        },
        "start": 0,
        "end": 2
      },
      "V161116": {
        "id": "V161116",
        "indicator": "BARE",
        "type": "REFERENTIAL-SEM",
        "word": "\u201c",
        "roles": {
          "LEX": "\u201c",
          "WNSENSE": "entity%1:03:00"
        },
        "start": 0,
        "end": 2
      },
      "root": "#V162812"
    },
    {
      "V161478": {
        "id": "V161478",
        "indicator": "SPEECHACT",
        "type": "SA_IDENTIFY",
        "word": null,
        "roles": {
          "CONTENT": "#V161415",
          "LEX": "-"
        },
        "start": 2,
        "end": 6
      },
      "V161415": {
        "id": "V161415",
        "indicator": "THE",
        "type": "QUANTITY-ABSTR",
        "word": null,
        "roles": {
          "FIGURE": "#V161129"
        },
        "start": 2,
        "end": 6
      },
      "V161129": {
        "id": "V161129",
        "indicator": "PRO-SET",
        "type": "PERSON",
        "word": "YOU",
        "roles": {
          "PROFORM": "YOU",
          "LEX": "YOU",
          "WNSENSE": "person%1:03:00"
        },
        "start": 2,
        "end": 6
      },
      "root": "#V161478"
    },
    {
      "V164367": {
        "id": "V164367",
        "indicator": "SPEECHACT",
        "type": "SA_TELL",
        "word": null,
        "roles": {
          "PUNCTYPE": "YNQ",
          "CONTENT": "#V161164",
          "LEX": "STUCK"
        },
        "start": 6,
        "end": 36
      },
      "V161164": {
        "id": "V161164",
        "indicator": "F",
        "type": "STAY",
        "word": "STICK",
        "roles": {
          "TIME": "#V161150",
          "AGENT": "#V161144",
          "LOCATION": "#V161181",
          "TENSE": "PAST",
          "LEX": "STUCK",
          "WNSENSE": "stick%2:38:00::"
        },
        "start": 6,
        "end": 34
      },
      "V161144": {
        "id": "V161144",
        "indicator": "BARE",
        "type": "LETTER-MAIL",
        "word": "REPLY",
        "roles": {
          "ASSOC-WITH": "#V161137",
          "LEX": "REPLY",
          "WNSENSE": "letter%1:10:00"
        },
        "start": 6,
        "end": 14
      },
      "V161137": {
        "id": "V161137",
        "indicator": "KIND",
        "type": "REFERENTIAL-SEM",
        "word": "\u2019",
        "roles": {
          "LEX": "\u2019",
          "WNSENSE": "entity%1:03:00"
        },
        "start": 6,
        "end": 14
      },
      "V161150": {
        "id": "V161150",
        "indicator": "F",
        "type": "TIME-REL-SO-FAR",
        "word": "STILL",
        "roles": {
          "FIGURE": "#V161164",
          "LEX": "STILL",
          "WNSENSE": "still%4:02:01::"
        },
        "start": 14,
        "end": 20
      },
      "V161181": {
        "id": "V161181",
        "indicator": "F",
        "type": "ON",
        "word": "ON",
        "roles": {
          "GROUND": "#V161373",
          "FIGURE": "#V161164",
          "LEX": "ON"
        },
        "start": 26,
        "end": 34
      },
      "V161373": {
        "id": "V161373",
        "indicator": "THE",
        "type": "QUANTITY-ABSTR",
        "word": null,
        "roles": {
          "FIGURE": "#V161207"
        },
        "start": 29,
        "end": 34
      },
      "V161207": {
        "id": "V161207",
        "indicator": "PRO",
        "type": "REFERENTIAL-SEM",
        "word": "THAT",
        "roles": {
          "PROFORM": "THAT",
          "LEX": "THAT",
          "WNSENSE": "entity%1:03:00"
        },
        "start": 29,
        "end": 34
      },
      "root": "#V164367"
    },
    {
      "V162712": {
        "id": "V162712",
        "indicator": "SPEECHACT",
        "type": "SA_IDENTIFY",
        "word": null,
        "roles": {
          "CONTENT": "#V161285",
          "LEX": "\u201d"
        },
        "start": 36,
        "end": 37
      },
      "V161285": {
        "id": "V161285",
        "indicator": "BARE",
        "type": "REFERENTIAL-SEM",
        "word": "\u201d",
        "roles": {
          "LEX": "\u201d",
          "WNSENSE": "entity%1:03:00"
        },
        "start": 36,
        "end": 37
      },
      "root": "#V162712"
    },
    {
      "V162812": {
        "id": "V162812",
        "indicator": "SPEECHACT",
        "type": "SA_IDENTIFY",
        "word": null,
        "roles": {
          "CONTENT": "#V161116",
          "LEX": "\u201c"
        },
        "start": 0,
        "end": 2
      },
      "V161116": {
        "id": "V161116",
        "indicator": "BARE",
        "type": "REFERENTIAL-SEM",
        "word": "\u201c",
        "roles": {
          "LEX": "\u201c",
          "WNSENSE": "entity%1:03:00"
        },
        "start": 0,
        "end": 2
      },
      "root": "#V162812"
    },
    {
      "V161466": {
        "id": "V161466",
        "indicator": "SPEECHACT",
        "type": "SA_IDENTIFY",
        "word": null,
        "roles": {
          "CONTENT": "#V161129",
          "LEX": "YOU"
        },
        "start": 2,
        "end": 6
      },
      "V161129": {
        "id": "V161129",
        "indicator": "PRO-SET",
        "type": "PERSON",
        "word": "YOU",
        "roles": {
          "PROFORM": "YOU",
          "LEX": "YOU",
          "WNSENSE": "person%1:03:00"
        },
        "start": 2,
        "end": 6
      },
      "root": "#V161466"
    },
    {
      "V164377": {
        "id": "V164377",
        "indicator": "SPEECHACT",
        "type": "SA_TELL",
        "word": null,
        "roles": {
          "PUNCTYPE": "YNQ",
          "CONTENT": "#V161164",
          "LEX": "STUCK"
        },
        "start": 6,
        "end": 36
      },
      "V161164": {
        "id": "V161164",
        "indicator": "F",
        "type": "STAY",
        "word": "STICK",
        "roles": {
          "TIME": "#V161150",
          "AGENT": "#V161144",
          "MOD": "#V161277",
          "TENSE": "PAST",
          "LEX": "STUCK",
          "WNSENSE": "stick%2:38:00::"
        },
        "start": 6,
        "end": 34
      },
      "V161144": {
        "id": "V161144",
        "indicator": "BARE",
        "type": "LETTER-MAIL",
        "word": "REPLY",
        "roles": {
          "ASSOC-WITH": "#V161137",
          "LEX": "REPLY",
          "WNSENSE": "letter%1:10:00"
        },
        "start": 6,
        "end": 14
      },
      "V161137": {
        "id": "V161137",
        "indicator": "KIND",
        "type": "REFERENTIAL-SEM",
        "word": "\u2019",
        "roles": {
          "LEX": "\u2019",
          "WNSENSE": "entity%1:03:00"
        },
        "start": 6,
        "end": 14
      },
      "V161150": {
        "id": "V161150",
        "indicator": "F",
        "type": "TIME-REL-SO-FAR",
        "word": "STILL",
        "roles": {
          "FIGURE": "#V161164",
          "LEX": "STILL",
          "WNSENSE": "still%4:02:01::"
        },
        "start": 14,
        "end": 20
      },
      "V161277": {
        "id": "V161277",
        "indicator": "F",
        "type": "PREDICATE",
        "word": "ON-THAT",
        "roles": {
          "FIGURE": "#V161164",
          "LEX": "ON-THAT",
          "WNSENSE": "on_that%4:02:00"
        },
        "start": 26,
        "end": 34
      },
      "root": "#V164377"
    },
    {
      "V162712": {
        "id": "V162712",
        "indicator": "SPEECHACT",
        "type": "SA_IDENTIFY",
        "word": null,
        "roles": {
          "CONTENT": "#V161285",
          "LEX": "\u201d"
        },
        "start": 36,
        "end": 37
      },
      "V161285": {
        "id": "V161285",
        "indicator": "BARE",
        "type": "REFERENTIAL-SEM",
        "word": "\u201d",
        "roles": {
          "LEX": "\u201d",
          "WNSENSE": "entity%1:03:00"
        },
        "start": 36,
        "end": 37
      },
      "root": "#V162712"
    },
    {
      "V162812": {
        "id": "V162812",
        "indicator": "SPEECHACT",
        "type": "SA_IDENTIFY",
        "word": null,
        "roles": {
          "CONTENT": "#V161116",
          "LEX": "\u201c"
        },
        "start": 0,
        "end": 2
      },
      "V161116": {
        "id": "V161116",
        "indicator": "BARE",
        "type": "REFERENTIAL-SEM",
        "word": "\u201c",
        "roles": {
          "LEX": "\u201c",
          "WNSENSE": "entity%1:03:00"
        },
        "start": 0,
        "end": 2
      },
      "root": "#V162812"
    },
    {
      "V161466": {
        "id": "V161466",
        "indicator": "SPEECHACT",
        "type": "SA_IDENTIFY",
        "word": null,
        "roles": {
          "CONTENT": "#V161129",
          "LEX": "YOU"
        },
        "start": 2,
        "end": 6
      },
      "V161129": {
        "id": "V161129",
        "indicator": "PRO-SET",
        "type": "PERSON",
        "word": "YOU",
        "roles": {
          "PROFORM": "YOU",
          "LEX": "YOU",
          "WNSENSE": "person%1:03:00"
        },
        "start": 2,
        "end": 6
      },
      "root": "#V161466"
    },
    {
      "V164692": {
        "id": "V164692",
        "indicator": "SPEECHACT",
        "type": "SA_TELL",
        "word": null,
        "roles": {
          "PUNCTYPE": "YNQ",
          "CONTENT": "#V161164",
          "LEX": "STUCK"
        },
        "start": 6,
        "end": 36
      },
      "V161164": {
        "id": "V161164",
        "indicator": "F",
        "type": "STAY",
        "word": "STICK",
        "roles": {
          "TIME": "#V161150",
          "AGENT": "#V164362",
          "LOCATION": "#V161181",
          "TENSE": "PAST",
          "LEX": "STUCK",
          "WNSENSE": "stick%2:38:00::"
        },
        "start": 6,
        "end": 34
      },
      "V164362": {
        "id": "V164362",
        "indicator": "THE",
        "type": "QUANTITY-ABSTR",
        "word": null,
        "roles": {
          "FIGURE": "#V161144"
        },
        "start": 6,
        "end": 14
      },
      "V161144": {
        "id": "V161144",
        "indicator": "BARE",
        "type": "LETTER-MAIL",
        "word": "REPLY",
        "roles": {
          "ASSOC-WITH": "#V161137",
          "LEX": "REPLY",
          "WNSENSE": "letter%1:10:00"
        },
        "start": 6,
        "end": 14
      },
      "V161137": {
        "id": "V161137",
        "indicator": "KIND",
        "type": "REFERENTIAL-SEM",
        "word": "\u2019",
        "roles": {
          "LEX": "\u2019",
          "WNSENSE": "entity%1:03:00"
        },
        "start": 6,
        "end": 14
      },
      "V161150": {
        "id": "V161150",
        "indicator": "F",
        "type": "TIME-REL-SO-FAR",
        "word": "STILL",
        "roles": {
          "FIGURE": "#V161164",
          "LEX": "STILL",
          "WNSENSE": "still%4:02:01::"
        },
        "start": 14,
        "end": 20
      },
      "V161181": {
        "id": "V161181",
        "indicator": "F",
        "type": "ON",
        "word": "ON",
        "roles": {
          "GROUND": "#V161373",
          "FIGURE": "#V161164",
          "LEX": "ON"
        },
        "start": 26,
        "end": 34
      },
      "V161373": {
        "id": "V161373",
        "indicator": "THE",
        "type": "QUANTITY-ABSTR",
        "word": null,
        "roles": {
          "FIGURE": "#V161207"
        },
        "start": 29,
        "end": 34
      },
      "V161207": {
        "id": "V161207",
        "indicator": "PRO",
        "type": "REFERENTIAL-SEM",
        "word": "THAT",
        "roles": {
          "PROFORM": "THAT",
          "LEX": "THAT",
          "WNSENSE": "entity%1:03:00"
        },
        "start": 29,
        "end": 34
      },
      "root": "#V164692"
    },
    {
      "V162712": {
        "id": "V162712",
        "indicator": "SPEECHACT",
        "type": "SA_IDENTIFY",
        "word": null,
        "roles": {
          "CONTENT": "#V161285",
          "LEX": "\u201d"
        },
        "start": 36,
        "end": 37
      },
      "V161285": {
        "id": "V161285",
        "indicator": "BARE",
        "type": "REFERENTIAL-SEM",
        "word": "\u201d",
        "roles": {
          "LEX": "\u201d",
          "WNSENSE": "entity%1:03:00"
        },
        "start": 36,
        "end": 37
      },
      "root": "#V162712"
    },
    {
      "V162812": {
        "id": "V162812",
        "indicator": "SPEECHACT",
        "type": "SA_IDENTIFY",
        "word": null,
        "roles": {
          "CONTENT": "#V161116",
          "LEX": "\u201c"
        },
        "start": 0,
        "end": 2
      },
      "V161116": {
        "id": "V161116",
        "indicator": "BARE",
        "type": "REFERENTIAL-SEM",
        "word": "\u201c",
        "roles": {
          "LEX": "\u201c",
          "WNSENSE": "entity%1:03:00"
        },
        "start": 0,
        "end": 2
      },
      "root": "#V162812"
    },
    {
      "V161466": {
        "id": "V161466",
        "indicator": "SPEECHACT",
        "type": "SA_IDENTIFY",
        "word": null,
        "roles": {
          "CONTENT": "#V161129",
          "LEX": "YOU"
        },
        "start": 2,
        "end": 6
      },
      "V161129": {
        "id": "V161129",
        "indicator": "PRO-SET",
        "type": "PERSON",
        "word": "YOU",
        "roles": {
          "PROFORM": "YOU",
          "LEX": "YOU",
          "WNSENSE": "person%1:03:00"
        },
        "start": 2,
        "end": 6
      },
      "root": "#V161466"
    },
    {
      "V164391": {
        "id": "V164391",
        "indicator": "SPEECHACT",
        "type": "SA_TELL",
        "word": null,
        "roles": {
          "PUNCTYPE": "YNQ",
          "CONTENT": "#V161164",
          "LEX": "STUCK"
        },
        "start": 6,
        "end": 36
      },
      "V161164": {
        "id": "V161164",
        "indicator": "F",
        "type": "STAY",
        "word": "STICK",
        "roles": {
          "LOCATION": "#V161181",
          "AGENT": "#V161144",
          "TIME": "#V161150",
          "TENSE": "PAST",
          "LEX": "STUCK",
          "WNSENSE": "stick%2:38:00::"
        },
        "start": 6,
        "end": 34
      },
      "V161144": {
        "id": "V161144",
        "indicator": "BARE",
        "type": "LETTER-MAIL",
        "word": "REPLY",
        "roles": {
          "ASSOC-WITH": "#V161137",
          "LEX": "REPLY",
          "WNSENSE": "letter%1:10:00"
        },
        "start": 6,
        "end": 14
      },
      "V161137": {
        "id": "V161137",
        "indicator": "KIND",
        "type": "REFERENTIAL-SEM",
        "word": "\u2019",
        "roles": {
          "LEX": "\u2019",
          "WNSENSE": "entity%1:03:00"
        },
        "start": 6,
        "end": 14
      },
      "V161150": {
        "id": "V161150",
        "indicator": "F",
        "type": "TIME-REL-SO-FAR",
        "word": "STILL",
        "roles": {
          "FIGURE": "#V161164",
          "LEX": "STILL",
          "WNSENSE": "still%4:02:01::"
        },
        "start": 14,
        "end": 20
      },
      "V161181": {
        "id": "V161181",
        "indicator": "F",
        "type": "ON",
        "word": "ON",
        "roles": {
          "GROUND": "#V161373",
          "FIGURE": "#V161164",
          "LEX": "ON"
        },
        "start": 26,
        "end": 34
      },
      "V161373": {
        "id": "V161373",
        "indicator": "THE",
        "type": "QUANTITY-ABSTR",
        "word": null,
        "roles": {
          "FIGURE": "#V161207"
        },
        "start": 29,
        "end": 34
      },
      "V161207": {
        "id": "V161207",
        "indicator": "PRO",
        "type": "REFERENTIAL-SEM",
        "word": "THAT",
        "roles": {
          "PROFORM": "THAT",
          "LEX": "THAT",
          "WNSENSE": "entity%1:03:00"
        },
        "start": 29,
        "end": 34
      },
      "root": "#V164391"
    },
    {
      "V162712": {
        "id": "V162712",
        "indicator": "SPEECHACT",
        "type": "SA_IDENTIFY",
        "word": null,
        "roles": {
          "CONTENT": "#V161285",
          "LEX": "\u201d"
        },
        "start": 36,
        "end": 37
      },
      "V161285": {
        "id": "V161285",
        "indicator": "BARE",
        "type": "REFERENTIAL-SEM",
        "word": "\u201d",
        "roles": {
          "LEX": "\u201d",
          "WNSENSE": "entity%1:03:00"
        },
        "start": 36,
        "end": 37
      },
      "root": "#V162712"
    }
  ],
  "inputtags": [],
  "debug": [
    "*last-utt-id*=NIL  utt-id+18",
    "*last-utt-id*=18  utt-id+18",
    "*last-utt-id*=18  utt-id+18",
    "*last-utt-id*=18  utt-id+18",
    "*last-utt-id*=18  utt-id+NIL"
  ]
}
