{
  "parse": [
    {
      "V1465091": {
        "id": "V1465091",
        "indicator": "SPEECHACT",
        "type": "SA_TELL",
        "word": null,
        "roles": {
          "PUNCTYPE": "DECL",
          "CONTENT": "#V1464406",
          "LEX": "BLAMED"
        },
        "start": 0,
        "end": 42
      },
      "V1464406": {
        "id": "V1464406",
        "indicator": "F",
        "type": "BLAME",
        "word": "BLAME",
        "roles": {
          "AFFECTED": "#V1464375",
          "REASON": "#V1464412",
          "TENSE": "PAST",
          "PASSIVE": "+",
          "LEX": "BLAMED",
          "WNSENSE": "blame%2:32:00::"
        },
        "start": 0,
        "end": 42
      },
      "V1464375": {
        "id": "V1464375",
        "indicator": "PRO",
        "type": "PERSON",
        "word": "I",
        "roles": {
          "PROFORM": "I",
          "LEX": "I",
          "WNSENSE": "person%1:03:00",
          "COREF": "USER"
        },
        "start": 0,
        "end": 2
      },
      "V1464412": {
        "id": "V1464412",
        "indicator": "F",
        "type": "PURPOSE",
        "word": "FOR",
        "roles": {
          "GROUND": "#V1464438",
          "FIGURE": "#V1464406",
          "LEX": "FOR"
        },
        "start": 13,
        "end": 42
      },
      "V1464438": {
        "id": "V1464438",
        "indicator": "BARE",
        "type": "HAVE",
        "word": "HAVE",
        "roles": {
          "NEUTRAL1": "#V1464494",
          "LEX": "HAVING",
          "WNSENSE": "have%2:40:00::"
        },
        "start": 17,
        "end": 42
      },
      "V1464494": {
        "id": "V1464494",
        "indicator": "A",
        "type": "MALE-CHILD",
        "word": "BOY",
        "roles": {
          "LOCATION": "#V1464502",
          "LEX": "BOY",
          "WNSENSE": "boy%1:18:00::"
        },
        "start": 24,
        "end": 42
      },
      "V1464502": {
        "id": "V1464502",
        "indicator": "F",
        "type": "IN-LOC",
        "word": "IN",
        "roles": {
          "GROUND": "#V1464563",
          "FIGURE": "#V1464494",
          "LEX": "IN"
        },
        "start": 30,
        "end": 42
      },
      "V1464563": {
        "id": "V1464563",
        "indicator": "THE",
        "type": "INTERNAL-ENCLOSURE",
        "word": "ROOM",
        "roles": {
          "ASSOC-POSS": "#V1464560",
          "LEX": "ROOM",
          "WNSENSE": "room%1:06:00::"
        },
        "start": 33,
        "end": 42
      },
      "V1464560": {
        "id": "V1464560",
        "indicator": "PRO",
        "type": "PERSON",
        "word": "OUR",
        "roles": {
          "LEX": "OUR",
          "PROFORM": "OUR",
          "WNSENSE": "person%1:03:00",
          "COREF": "US"
        },
        "start": 33,
        "end": 42
      },
      "root": "#V1465091"
    }
  ],
  "inputtags": [],
  "debug": [
    "*last-utt-id*=NIL  utt-id+243",
    "*last-utt-id*=243  utt-id+NIL"
  ]
}
