{
  "parse": [
    {
      "V529671": {
        "id": "V529671",
        "indicator": "SPEECHACT",
        "type": "SA_IDENTIFY",
        "word": null,
        "roles": {
          "CONTENT": "#V529414",
          "LEX": "HE"
        },
        "start": 0,
        "end": 3
      },
      "V529414": {
        "id": "V529414",
        "indicator": "PRO",
        "type": "MALE-PERSON",
        "word": "HE",
        "roles": {
          "PROFORM": "HE",
          "LEX": "HE",
          "WNSENSE": "man%1:18:00"
        },
        "start": 0,
        "end": 3
      },
      "root": "#V529671"
    },
    {
      "V540509": {
        "id": "V540509",
        "indicator": "SPEECHACT",
        "type": "SA_TELL",
        "word": null,
        "roles": {
          "PUNCTYPE": "DECL",
          "CONTENT": "#V529514",
          "LEX": "IS"
        },
        "start": 3,
        "end": 67
      },
      "V529514": {
        "id": "V529514",
        "indicator": "F",
        "type": "HAVE-PROPERTY",
        "word": "BE",
        "roles": {
          "NEUTRAL": "#V529938",
          "FORMAL": "#V529528",
          "TENSE": "PRES",
          "LEX": "IS",
          "WNSENSE": "be%2:42:03::"
        },
        "start": 3,
        "end": 67
      },
      "V529938": {
        "id": "V529938",
        "indicator": "THE",
        "type": "REFERENTIAL-SEM",
        "word": null,
        "roles": {
          "QUANTITY": "#V529418",
          "SCALE": "DURATION-SCALE",
          "UNIT": "(:* TIME-UNIT SECOND)",
          "AMOUNT": "PLURAL",
          "MOD": "#V529450",
          "LEX": "S"
        },
        "start": 3,
        "end": 56
      },
      "V529418": {
        "id": "V529418",
        "indicator": "A",
        "type": "QUANTITY-ABSTR",
        "word": null,
        "roles": {
          "SCALE": "DURATION-SCALE",
          "UNIT": "(:* TIME-UNIT SECOND)",
          "AMOUNT": "PLURAL",
          "LEX": "S",
          "WNSENSE": "time_unit%1:28:00"
        },
        "start": 3,
        "end": 5
      },
      "V529450": {
        "id": "V529450",
        "indicator": "F",
        "type": "MORE-VAL",
        "word": "GOOD",
        "roles": {
          "COMPAR": "#V529483",
          "ORIENTATION": "MORE",
          "INTENSITY": "MED",
          "FIGURE": "#V529938",
          "SCALE": "ACCEPTABILITY-VAL",
          "DEGREE": "#V529443",
          "LEX": "BETTER"
        },
        "start": 5,
        "end": 56
      },
      "V529443": {
        "id": "V529443",
        "indicator": "F",
        "type": "DEGREE-MODIFIER",
        "word": "NO",
        "roles": {
          "FIGURE": "#V529450",
          "LEX": "NO",
          "WNSENSE": "no%4:02:02::"
        },
        "start": 5,
        "end": 8
      },
      "V529483": {
        "id": "V529483",
        "indicator": "THE",
        "type": "PERSON",
        "word": "NEIGHBOR",
        "roles": {
          "PROFORM": "THAT",
          "MOD": [
            "#V529495",
            "#V529474"
          ],
          "LEX": "NEIGHBOR",
          "WNSENSE": "neighbor%1:18:00::"
        },
        "start": 15,
        "end": 56
      },
      "V529474": {
        "id": "V529474",
        "indicator": "F",
        "type": "OFFENSIVE-VAL",
        "word": "CREEPY",
        "roles": {
          "ORIENTATION": "POS",
          "FIGURE": "#V529483",
          "SCALE": "OFFENSIVENESS-SCALE",
          "LEX": "CREEPY",
          "WNSENSE": "creepy%5:00:00:offensive:01"
        },
        "start": 25,
        "end": 32
      },
      "V529495": {
        "id": "V529495",
        "indicator": "F",
        "type": "FAMILIAR",
        "word": "KNOW",
        "roles": {
          "EXPERIENCER": "#V529486",
          "NEUTRAL": "#V529483",
          "TENSE": "PRES",
          "LEX": "KNOWS",
          "WNSENSE": "know%2:31:00::"
        },
        "start": 41,
        "end": 56
      },
      "V529486": {
        "id": "V529486",
        "indicator": "QUANTIFIER",
        "type": "PERSON",
        "word": "EVERYONE",
        "roles": {
          "QUAN": "EVERYONE",
          "LEX": "EVERYONE",
          "WNSENSE": "person%1:03:00"
        },
        "start": 41,
        "end": 50
      },
      "V529528": {
        "id": "V529528",
        "indicator": "F",
        "type": "STRANGE",
        "word": "STRANGE",
        "roles": {
          "ORIENTATION": "LESS",
          "INTENSITY": "MED",
          "FIGURE": "#V529938",
          "SCALE": "NOT-TYPICAL-SCALE",
          "LEX": "STRANGE",
          "WNSENSE": "strange%3:00:00::"
        },
        "start": 59,
        "end": 67
      },
      "root": "#V540509"
    },
    {
      "V529671": {
        "id": "V529671",
        "indicator": "SPEECHACT",
        "type": "SA_IDENTIFY",
        "word": null,
        "roles": {
          "CONTENT": "#V529414",
          "LEX": "HE"
        },
        "start": 0,
        "end": 3
      },
      "V529414": {
        "id": "V529414",
        "indicator": "PRO",
        "type": "MALE-PERSON",
        "word": "HE",
        "roles": {
          "PROFORM": "HE",
          "LEX": "HE",
          "WNSENSE": "man%1:18:00"
        },
        "start": 0,
        "end": 3
      },
      "root": "#V529671"
    },
    {
      "V540481": {
        "id": "V540481",
        "indicator": "SPEECHACT",
        "type": "SA_TELL",
        "word": null,
        "roles": {
          "PUNCTYPE": "DECL",
          "CONTENT": "#V529514",
          "LEX": "IS"
        },
        "start": 3,
        "end": 68
      },
      "V529514": {
        "id": "V529514",
        "indicator": "F",
        "type": "HAVE-PROPERTY",
        "word": "BE",
        "roles": {
          "NEUTRAL": "#V529939",
          "FORMAL": "#V529528",
          "TENSE": "PRES",
          "LEX": "IS",
          "WNSENSE": "be%2:42:03::"
        },
        "start": 3,
        "end": 67
      },
      "V529939": {
        "id": "V529939",
        "indicator": "THE",
        "type": "REFERENTIAL-SEM",
        "word": null,
        "roles": {
          "SIZE": "#V529418",
          "MOD": "#V529450",
          "LEX": "S"
        },
        "start": 3,
        "end": 56
      },
      "V529418": {
        "id": "V529418",
        "indicator": "A",
        "type": "QUANTITY-ABSTR",
        "word": null,
        "roles": {
          "SCALE": "DURATION-SCALE",
          "UNIT": "(:* TIME-UNIT SECOND)",
          "AMOUNT": "PLURAL",
          "LEX": "S",
          "WNSENSE": "time_unit%1:28:00"
        },
        "start": 3,
        "end": 5
      },
      "V529450": {
        "id": "V529450",
        "indicator": "F",
        "type": "MORE-VAL",
        "word": "GOOD",
        "roles": {
          "COMPAR": "#V529483",
          "ORIENTATION": "MORE",
          "INTENSITY": "MED",
          "FIGURE": "#V529939",
          "SCALE": "ACCEPTABILITY-VAL",
          "DEGREE": "#V529443",
          "LEX": "BETTER"
        },
        "start": 5,
        "end": 56
      },
      "V529443": {
        "id": "V529443",
        "indicator": "F",
        "type": "DEGREE-MODIFIER",
        "word": "NO",
        "roles": {
          "FIGURE": "#V529450",
          "LEX": "NO",
          "WNSENSE": "no%4:02:02::"
        },
        "start": 5,
        "end": 8
      },
      "V529483": {
        "id": "V529483",
        "indicator": "THE",
        "type": "PERSON",
        "word": "NEIGHBOR",
        "roles": {
          "PROFORM": "THAT",
          "MOD": [
            "#V529495",
            "#V529474"
          ],
          "LEX": "NEIGHBOR",
          "WNSENSE": "neighbor%1:18:00::"
        },
        "start": 15,
        "end": 56
      },
      "V529474": {
        "id": "V529474",
        "indicator": "F",
        "type": "OFFENSIVE-VAL",
        "word": "CREEPY",
        "roles": {
          "ORIENTATION": "POS",
          "FIGURE": "#V529483",
          "SCALE": "OFFENSIVENESS-SCALE",
          "LEX": "CREEPY",
          "WNSENSE": "creepy%5:00:00:offensive:01"
        },
        "start": 25,
        "end": 32
      },
      "V529495": {
        "id": "V529495",
        "indicator": "F",
        "type": "FAMILIAR",
        "word": "KNOW",
        "roles": {
          "EXPERIENCER": "#V529486",
          "NEUTRAL": "#V529483",
          "TENSE": "PRES",
          "LEX": "KNOWS",
          "WNSENSE": "know%2:31:00::"
        },
        "start": 41,
        "end": 56
      },
      "V529486": {
        "id": "V529486",
        "indicator": "QUANTIFIER",
        "type": "PERSON",
        "word": "EVERYONE",
        "roles": {
          "QUAN": "EVERYONE",
          "LEX": "EVERYONE",
          "WNSENSE": "person%1:03:00"
        },
        "start": 41,
        "end": 50
      },
      "V529528": {
        "id": "V529528",
        "indicator": "F",
        "type": "STRANGE",
        "word": "STRANGE",
        "roles": {
          "ORIENTATION": "LESS",
          "INTENSITY": "MED",
          "FIGURE": "#V529939",
          "SCALE": "NOT-TYPICAL-SCALE",
          "LEX": "STRANGE",
          "WNSENSE": "strange%3:00:00::"
        },
        "start": 59,
        "end": 67
      },
      "root": "#V540481"
    },
    {
      "V529671": {
        "id": "V529671",
        "indicator": "SPEECHACT",
        "type": "SA_IDENTIFY",
        "word": null,
        "roles": {
          "CONTENT": "#V529414",
          "LEX": "HE"
        },
        "start": 0,
        "end": 3
      },
      "V529414": {
        "id": "V529414",
        "indicator": "PRO",
        "type": "MALE-PERSON",
        "word": "HE",
        "roles": {
          "PROFORM": "HE",
          "LEX": "HE",
          "WNSENSE": "man%1:18:00"
        },
        "start": 0,
        "end": 3
      },
      "root": "#V529671"
    },
    {
      "V540453": {
        "id": "V540453",
        "indicator": "SPEECHACT",
        "type": "SA_TELL",
        "word": null,
        "roles": {
          "PUNCTYPE": "DECL",
          "CONTENT": "#V529514",
          "LEX": "IS"
        },
        "start": 3,
        "end": 68
      },
      "V529514": {
        "id": "V529514",
        "indicator": "F",
        "type": "HAVE-PROPERTY",
        "word": "BE",
        "roles": {
          "NEUTRAL": "#V529940",
          "FORMAL": "#V529528",
          "TENSE": "PRES",
          "LEX": "IS",
          "WNSENSE": "be%2:42:03::"
        },
        "start": 3,
        "end": 67
      },
      "V529940": {
        "id": "V529940",
        "indicator": "THE",
        "type": "REFERENTIAL-SEM",
        "word": null,
        "roles": {
          "QUANTITY": "#V529418",
          "SCALE": "DURATION-SCALE",
          "UNIT": "(:* TIME-UNIT SECOND)",
          "AMOUNT": "PLURAL",
          "MOD": "#V529450",
          "LEX": "S"
        },
        "start": 3,
        "end": 56
      },
      "V529418": {
        "id": "V529418",
        "indicator": "A",
        "type": "QUANTITY-ABSTR",
        "word": null,
        "roles": {
          "SCALE": "DURATION-SCALE",
          "UNIT": "(:* TIME-UNIT SECOND)",
          "AMOUNT": "PLURAL",
          "LEX": "S",
          "WNSENSE": "time_unit%1:28:00"
        },
        "start": 3,
        "end": 5
      },
      "V529450": {
        "id": "V529450",
        "indicator": "F",
        "type": "MORE-VAL",
        "word": "GOOD",
        "roles": {
          "COMPAR": "#V529483",
          "ORIENTATION": "MORE",
          "INTENSITY": "MED",
          "FIGURE": "#V529940",
          "SCALE": "ACCEPTABILITY-VAL",
          "DEGREE": "#V529443",
          "LEX": "BETTER"
        },
        "start": 5,
        "end": 56
      },
      "V529443": {
        "id": "V529443",
        "indicator": "F",
        "type": "DEGREE-MODIFIER",
        "word": "NO",
        "roles": {
          "FIGURE": "#V529450",
          "LEX": "NO",
          "WNSENSE": "no%4:02:02::"
        },
        "start": 5,
        "end": 8
      },
      "V529483": {
        "id": "V529483",
        "indicator": "THE",
        "type": "PERSON",
        "word": "NEIGHBOR",
        "roles": {
          "PROFORM": "THAT",
          "MOD": [
            "#V529495",
            "#V529474"
          ],
          "LEX": "NEIGHBOR",
          "WNSENSE": "neighbor%1:18:00::"
        },
        "start": 15,
        "end": 56
      },
      "V529474": {
        "id": "V529474",
        "indicator": "F",
        "type": "OFFENSIVE-VAL",
        "word": "CREEPY",
        "roles": {
          "ORIENTATION": "POS",
          "FIGURE": "#V529483",
          "SCALE": "OFFENSIVENESS-SCALE",
          "LEX": "CREEPY",
          "WNSENSE": "creepy%5:00:00:offensive:01"
        },
        "start": 25,
        "end": 32
      },
      "V529495": {
        "id": "V529495",
        "indicator": "F",
        "type": "FAMILIAR",
        "word": "KNOW",
        "roles": {
          "EXPERIENCER": "#V529486",
          "NEUTRAL": "#V529483",
          "TENSE": "PRES",
          "LEX": "KNOWS",
          "WNSENSE": "know%2:31:00::"
        },
        "start": 41,
        "end": 56
      },
      "V529486": {
        "id": "V529486",
        "indicator": "QUANTIFIER",
        "type": "PERSON",
        "word": "EVERYONE",
        "roles": {
          "QUAN": "EVERYONE",
          "LEX": "EVERYONE",
          "WNSENSE": "person%1:03:00"
        },
        "start": 41,
        "end": 50
      },
      "V529528": {
        "id": "V529528",
        "indicator": "F",
        "type": "STRANGE",
        "word": "STRANGE",
        "roles": {
          "ORIENTATION": "LESS",
          "INTENSITY": "MED",
          "FIGURE": "#V529940",
          "SCALE": "NOT-TYPICAL-SCALE",
          "LEX": "STRANGE",
          "WNSENSE": "strange%3:00:00::"
        },
        "start": 59,
        "end": 67
      },
      "root": "#V540453"
    },
    {
      "V529671": {
        "id": "V529671",
        "indicator": "SPEECHACT",
        "type": "SA_IDENTIFY",
        "word": null,
        "roles": {
          "CONTENT": "#V529414",
          "LEX": "HE"
        },
        "start": 0,
        "end": 3
      },
      "V529414": {
        "id": "V529414",
        "indicator": "PRO",
        "type": "MALE-PERSON",
        "word": "HE",
        "roles": {
          "PROFORM": "HE",
          "LEX": "HE",
          "WNSENSE": "man%1:18:00"
        },
        "start": 0,
        "end": 3
      },
      "root": "#V529671"
    },
    {
      "V540425": {
        "id": "V540425",
        "indicator": "SPEECHACT",
        "type": "SA_TELL",
        "word": null,
        "roles": {
          "PUNCTYPE": "DECL",
          "CONTENT": "#V529514",
          "LEX": "IS"
        },
        "start": 3,
        "end": 68
      },
      "V529514": {
        "id": "V529514",
        "indicator": "F",
        "type": "HAVE-PROPERTY",
        "word": "BE",
        "roles": {
          "NEUTRAL": "#V529941",
          "FORMAL": "#V529528",
          "TENSE": "PRES",
          "LEX": "IS",
          "WNSENSE": "be%2:42:03::"
        },
        "start": 3,
        "end": 67
      },
      "V529941": {
        "id": "V529941",
        "indicator": "THE",
        "type": "REFERENTIAL-SEM",
        "word": null,
        "roles": {
          "SIZE": "#V529418",
          "MOD": "#V529450",
          "LEX": "S"
        },
        "start": 3,
        "end": 56
      },
      "V529418": {
        "id": "V529418",
        "indicator": "A",
        "type": "QUANTITY-ABSTR",
        "word": null,
        "roles": {
          "SCALE": "DURATION-SCALE",
          "UNIT": "(:* TIME-UNIT SECOND)",
          "AMOUNT": "PLURAL",
          "LEX": "S",
          "WNSENSE": "time_unit%1:28:00"
        },
        "start": 3,
        "end": 5
      },
      "V529450": {
        "id": "V529450",
        "indicator": "F",
        "type": "MORE-VAL",
        "word": "GOOD",
        "roles": {
          "COMPAR": "#V529483",
          "ORIENTATION": "MORE",
          "INTENSITY": "MED",
          "FIGURE": "#V529941",
          "SCALE": "ACCEPTABILITY-VAL",
          "DEGREE": "#V529443",
          "LEX": "BETTER"
        },
        "start": 5,
        "end": 56
      },
      "V529443": {
        "id": "V529443",
        "indicator": "F",
        "type": "DEGREE-MODIFIER",
        "word": "NO",
        "roles": {
          "FIGURE": "#V529450",
          "LEX": "NO",
          "WNSENSE": "no%4:02:02::"
        },
        "start": 5,
        "end": 8
      },
      "V529483": {
        "id": "V529483",
        "indicator": "THE",
        "type": "PERSON",
        "word": "NEIGHBOR",
        "roles": {
          "PROFORM": "THAT",
          "MOD": [
            "#V529495",
            "#V529474"
          ],
          "LEX": "NEIGHBOR",
          "WNSENSE": "neighbor%1:18:00::"
        },
        "start": 15,
        "end": 56
      },
      "V529474": {
        "id": "V529474",
        "indicator": "F",
        "type": "OFFENSIVE-VAL",
        "word": "CREEPY",
        "roles": {
          "ORIENTATION": "POS",
          "FIGURE": "#V529483",
          "SCALE": "OFFENSIVENESS-SCALE",
          "LEX": "CREEPY",
          "WNSENSE": "creepy%5:00:00:offensive:01"
        },
        "start": 25,
        "end": 32
      },
      "V529495": {
        "id": "V529495",
        "indicator": "F",
        "type": "FAMILIAR",
        "word": "KNOW",
        "roles": {
          "EXPERIENCER": "#V529486",
          "NEUTRAL": "#V529483",
          "TENSE": "PRES",
          "LEX": "KNOWS",
          "WNSENSE": "know%2:31:00::"
        },
        "start": 41,
        "end": 56
      },
      "V529486": {
        "id": "V529486",
        "indicator": "QUANTIFIER",
        "type": "PERSON",
        "word": "EVERYONE",
        "roles": {
          "QUAN": "EVERYONE",
          "LEX": "EVERYONE",
          "WNSENSE": "person%1:03:00"
        },
        "start": 41,
        "end": 50
      },
      "V529528": {
        "id": "V529528",
        "indicator": "F",
        "type": "STRANGE",
        "word": "STRANGE",
        "roles": {
          "ORIENTATION": "LESS",
          "INTENSITY": "MED",
          "FIGURE": "#V529941",
          "SCALE": "NOT-TYPICAL-SCALE",
          "LEX": "STRANGE",
          "WNSENSE": "strange%3:00:00::"
        },
        "start": 59,
        "end": 67
      },
      "root": "#V540425"
    },
    {
      "V529671": {
        "id": "V529671",
        "indicator": "SPEECHACT",
        "type": "SA_IDENTIFY",
        "word": null,
        "roles": {
          "CONTENT": "#V529414",
          "LEX": "HE"
        },
        "start": 0,
        "end": 3
      },
      "V529414": {
        "id": "V529414",
        "indicator": "PRO",
        "type": "MALE-PERSON",
        "word": "HE",
        "roles": {
          "PROFORM": "HE",
          "LEX": "HE",
          "WNSENSE": "man%1:18:00"
        },
        "start": 0,
        "end": 3
      },
      "root": "#V529671"
    },
    {
      "V540397": {
        "id": "V540397",
        "indicator": "SPEECHACT",
        "type": "SA_TELL",
        "word": null,
        "roles": {
          "PUNCTYPE": "DECL",
          "CONTENT": "#V529514",
          "LEX": "IS"
        },
        "start": 3,
        "end": 68
      },
      "V529514": {
        "id": "V529514",
        "indicator": "F",
        "type": "HAVE-PROPERTY",
        "word": "BE",
        "roles": {
          "NEUTRAL": "#V529938",
          "FORMAL": "#V529528",
          "TENSE": "PRES",
          "LEX": "IS",
          "WNSENSE": "be%2:42:03::"
        },
        "start": 3,
        "end": 67
      },
      "V529938": {
        "id": "V529938",
        "indicator": "THE",
        "type": "REFERENTIAL-SEM",
        "word": null,
        "roles": {
          "QUANTITY": "#V529418",
          "SCALE": "DURATION-SCALE",
          "UNIT": "(:* TIME-UNIT SECOND)",
          "AMOUNT": "PLURAL",
          "MOD": "#V529450",
          "LEX": "S"
        },
        "start": 3,
        "end": 56
      },
      "V529418": {
        "id": "V529418",
        "indicator": "A",
        "type": "QUANTITY-ABSTR",
        "word": null,
        "roles": {
          "SCALE": "DURATION-SCALE",
          "UNIT": "(:* TIME-UNIT SECOND)",
          "AMOUNT": "PLURAL",
          "LEX": "S",
          "WNSENSE": "time_unit%1:28:00"
        },
        "start": 3,
        "end": 5
      },
      "V529450": {
        "id": "V529450",
        "indicator": "F",
        "type": "MORE-VAL",
        "word": "GOOD",
        "roles": {
          "COMPAR": "#V529483",
          "ORIENTATION": "MORE",
          "INTENSITY": "MED",
          "FIGURE": "#V529938",
          "SCALE": "ACCEPTABILITY-VAL",
          "DEGREE": "#V529444",
          "LEX": "BETTER"
        },
        "start": 5,
        "end": 56
      },
      "V529444": {
        "id": "V529444",
        "indicator": "F",
        "type": "DEGREE-MODIFIER",
        "word": "NO",
        "roles": {
          "FIGURE": "#V529450",
          "LEX": "NO",
          "WNSENSE": "no%4:02:02::"
        },
        "start": 5,
        "end": 8
      },
      "V529483": {
        "id": "V529483",
        "indicator": "THE",
        "type": "PERSON",
        "word": "NEIGHBOR",
        "roles": {
          "PROFORM": "THAT",
          "MOD": [
            "#V529495",
            "#V529474"
          ],
          "LEX": "NEIGHBOR",
          "WNSENSE": "neighbor%1:18:00::"
        },
        "start": 15,
        "end": 56
      },
      "V529474": {
        "id": "V529474",
        "indicator": "F",
        "type": "OFFENSIVE-VAL",
        "word": "CREEPY",
        "roles": {
          "ORIENTATION": "POS",
          "FIGURE": "#V529483",
          "SCALE": "OFFENSIVENESS-SCALE",
          "LEX": "CREEPY",
          "WNSENSE": "creepy%5:00:00:offensive:01"
        },
        "start": 25,
        "end": 32
      },
      "V529495": {
        "id": "V529495",
        "indicator": "F",
        "type": "FAMILIAR",
        "word": "KNOW",
        "roles": {
          "EXPERIENCER": "#V529486",
          "NEUTRAL": "#V529483",
          "TENSE": "PRES",
          "LEX": "KNOWS",
          "WNSENSE": "know%2:31:00::"
        },
        "start": 41,
        "end": 56
      },
      "V529486": {
        "id": "V529486",
        "indicator": "QUANTIFIER",
        "type": "PERSON",
        "word": "EVERYONE",
        "roles": {
          "QUAN": "EVERYONE",
          "LEX": "EVERYONE",
          "WNSENSE": "person%1:03:00"
        },
        "start": 41,
        "end": 50
      },
      "V529528": {
        "id": "V529528",
        "indicator": "F",
        "type": "STRANGE",
        "word": "STRANGE",
        "roles": {
          "ORIENTATION": "LESS",
          "INTENSITY": "MED",
          "FIGURE": "#V529938",
          "SCALE": "NOT-TYPICAL-SCALE",
          "LEX": "STRANGE",
          "WNSENSE": "strange%3:00:00::"
        },
        "start": 59,
        "end": 67
      },
      "root": "#V540397"
    },
    {
      "V529671": {
        "id": "V529671",
        "indicator": "SPEECHACT",
        "type": "SA_IDENTIFY",
        "word": null,
        "roles": {
          "CONTENT": "#V529414",
          "LEX": "HE"
        },
        "start": 0,
        "end": 3
      },
      "V529414": {
        "id": "V529414",
        "indicator": "PRO",
        "type": "MALE-PERSON",
        "word": "HE",
        "roles": {
          "PROFORM": "HE",
          "LEX": "HE",
          "WNSENSE": "man%1:18:00"
        },
        "start": 0,
        "end": 3
      },
      "root": "#V529671"
    },
    {
      "V540369": {
        "id": "V540369",
        "indicator": "SPEECHACT",
        "type": "SA_TELL",
        "word": null,
        "roles": {
          "PUNCTYPE": "DECL",
          "CONTENT": "#V529514",
          "LEX": "IS"
        },
        "start": 3,
        "end": 68
      },
      "V529514": {
        "id": "V529514",
        "indicator": "F",
        "type": "HAVE-PROPERTY",
        "word": "BE",
        "roles": {
          "NEUTRAL": "#V529939",
          "FORMAL": "#V529528",
          "TENSE": "PRES",
          "LEX": "IS",
          "WNSENSE": "be%2:42:03::"
        },
        "start": 3,
        "end": 67
      },
      "V529939": {
        "id": "V529939",
        "indicator": "THE",
        "type": "REFERENTIAL-SEM",
        "word": null,
        "roles": {
          "SIZE": "#V529418",
          "MOD": "#V529450",
          "LEX": "S"
        },
        "start": 3,
        "end": 56
      },
      "V529418": {
        "id": "V529418",
        "indicator": "A",
        "type": "QUANTITY-ABSTR",
        "word": null,
        "roles": {
          "SCALE": "DURATION-SCALE",
          "UNIT": "(:* TIME-UNIT SECOND)",
          "AMOUNT": "PLURAL",
          "LEX": "S",
          "WNSENSE": "time_unit%1:28:00"
        },
        "start": 3,
        "end": 5
      },
      "V529450": {
        "id": "V529450",
        "indicator": "F",
        "type": "MORE-VAL",
        "word": "GOOD",
        "roles": {
          "COMPAR": "#V529483",
          "ORIENTATION": "MORE",
          "INTENSITY": "MED",
          "FIGURE": "#V529939",
          "SCALE": "ACCEPTABILITY-VAL",
          "DEGREE": "#V529444",
          "LEX": "BETTER"
        },
        "start": 5,
        "end": 56
      },
      "V529444": {
        "id": "V529444",
        "indicator": "F",
        "type": "DEGREE-MODIFIER",
        "word": "NO",
        "roles": {
          "FIGURE": "#V529450",
          "LEX": "NO",
          "WNSENSE": "no%4:02:02::"
        },
        "start": 5,
        "end": 8
      },
      "V529483": {
        "id": "V529483",
        "indicator": "THE",
        "type": "PERSON",
        "word": "NEIGHBOR",
        "roles": {
          "PROFORM": "THAT",
          "MOD": [
            "#V529495",
            "#V529474"
          ],
          "LEX": "NEIGHBOR",
          "WNSENSE": "neighbor%1:18:00::"
        },
        "start": 15,
        "end": 56
      },
      "V529474": {
        "id": "V529474",
        "indicator": "F",
        "type": "OFFENSIVE-VAL",
        "word": "CREEPY",
        "roles": {
          "ORIENTATION": "POS",
          "FIGURE": "#V529483",
          "SCALE": "OFFENSIVENESS-SCALE",
          "LEX": "CREEPY",
          "WNSENSE": "creepy%5:00:00:offensive:01"
        },
        "start": 25,
        "end": 32
      },
      "V529495": {
        "id": "V529495",
        "indicator": "F",
        "type": "FAMILIAR",
        "word": "KNOW",
        "roles": {
          "EXPERIENCER": "#V529486",
          "NEUTRAL": "#V529483",
          "TENSE": "PRES",
          "LEX": "KNOWS",
          "WNSENSE": "know%2:31:00::"
        },
        "start": 41,
        "end": 56
      },
      "V529486": {
        "id": "V529486",
        "indicator": "QUANTIFIER",
        "type": "PERSON",
        "word": "EVERYONE",
        "roles": {
          "QUAN": "EVERYONE",
          "LEX": "EVERYONE",
          "WNSENSE": "person%1:03:00"
        },
        "start": 41,
        "end": 50
      },
      "V529528": {
        "id": "V529528",
        "indicator": "F",
        "type": "STRANGE",
        "word": "STRANGE",
        "roles": {
          "ORIENTATION": "LESS",
          "INTENSITY": "MED",
          "FIGURE": "#V529939",
          "SCALE": "NOT-TYPICAL-SCALE",
          "LEX": "STRANGE",
          "WNSENSE": "strange%3:00:00::"
        },
        "start": 59,
        "end": 67
      },
      "root": "#V540369"
    },
    {
      "V529671": {
        "id": "V529671",
        "indicator": "SPEECHACT",
        "type": "SA_IDENTIFY",
        "word": null,
        "roles": {
          "CONTENT": "#V529414",
          "LEX": "HE"
        },
        "start": 0,
        "end": 3
      },
      "V529414": {
        "id": "V529414",
        "indicator": "PRO",
        "type": "MALE-PERSON",
        "word": "HE",
        "roles": {
          "PROFORM": "HE",
          "LEX": "HE",
          "WNSENSE": "man%1:18:00"
        },
        "start": 0,
        "end": 3
      },
      "root": "#V529671"
    },
    {
      "V540341": {
        "id": "V540341",
        "indicator": "SPEECHACT",
        "type": "SA_TELL",
        "word": null,
        "roles": {
          "PUNCTYPE": "DECL",
          "CONTENT": "#V529514",
          "LEX": "IS"
        },
        "start": 3,
        "end": 68
      },
      "V529514": {
        "id": "V529514",
        "indicator": "F",
        "type": "HAVE-PROPERTY",
        "word": "BE",
        "roles": {
          "NEUTRAL": "#V529940",
          "FORMAL": "#V529528",
          "TENSE": "PRES",
          "LEX": "IS",
          "WNSENSE": "be%2:42:03::"
        },
        "start": 3,
        "end": 67
      },
      "V529940": {
        "id": "V529940",
        "indicator": "THE",
        "type": "REFERENTIAL-SEM",
        "word": null,
        "roles": {
          "QUANTITY": "#V529418",
          "SCALE": "DURATION-SCALE",
          "UNIT": "(:* TIME-UNIT SECOND)",
          "AMOUNT": "PLURAL",
          "MOD": "#V529450",
          "LEX": "S"
        },
        "start": 3,
        "end": 56
      },
      "V529418": {
        "id": "V529418",
        "indicator": "A",
        "type": "QUANTITY-ABSTR",
        "word": null,
        "roles": {
          "SCALE": "DURATION-SCALE",
          "UNIT": "(:* TIME-UNIT SECOND)",
          "AMOUNT": "PLURAL",
          "LEX": "S",
          "WNSENSE": "time_unit%1:28:00"
        },
        "start": 3,
        "end": 5
      },
      "V529450": {
        "id": "V529450",
        "indicator": "F",
        "type": "MORE-VAL",
        "word": "GOOD",
        "roles": {
          "COMPAR": "#V529483",
          "ORIENTATION": "MORE",
          "INTENSITY": "MED",
          "FIGURE": "#V529940",
          "SCALE": "ACCEPTABILITY-VAL",
          "DEGREE": "#V529444",
          "LEX": "BETTER"
        },
        "start": 5,
        "end": 56
      },
      "V529444": {
        "id": "V529444",
        "indicator": "F",
        "type": "DEGREE-MODIFIER",
        "word": "NO",
        "roles": {
          "FIGURE": "#V529450",
          "LEX": "NO",
          "WNSENSE": "no%4:02:02::"
        },
        "start": 5,
        "end": 8
      },
      "V529483": {
        "id": "V529483",
        "indicator": "THE",
        "type": "PERSON",
        "word": "NEIGHBOR",
        "roles": {
          "PROFORM": "THAT",
          "MOD": [
            "#V529495",
            "#V529474"
          ],
          "LEX": "NEIGHBOR",
          "WNSENSE": "neighbor%1:18:00::"
        },
        "start": 15,
        "end": 56
      },
      "V529474": {
        "id": "V529474",
        "indicator": "F",
        "type": "OFFENSIVE-VAL",
        "word": "CREEPY",
        "roles": {
          "ORIENTATION": "POS",
          "FIGURE": "#V529483",
          "SCALE": "OFFENSIVENESS-SCALE",
          "LEX": "CREEPY",
          "WNSENSE": "creepy%5:00:00:offensive:01"
        },
        "start": 25,
        "end": 32
      },
      "V529495": {
        "id": "V529495",
        "indicator": "F",
        "type": "FAMILIAR",
        "word": "KNOW",
        "roles": {
          "EXPERIENCER": "#V529486",
          "NEUTRAL": "#V529483",
          "TENSE": "PRES",
          "LEX": "KNOWS",
          "WNSENSE": "know%2:31:00::"
        },
        "start": 41,
        "end": 56
      },
      "V529486": {
        "id": "V529486",
        "indicator": "QUANTIFIER",
        "type": "PERSON",
        "word": "EVERYONE",
        "roles": {
          "QUAN": "EVERYONE",
          "LEX": "EVERYONE",
          "WNSENSE": "person%1:03:00"
        },
        "start": 41,
        "end": 50
      },
      "V529528": {
        "id": "V529528",
        "indicator": "F",
        "type": "STRANGE",
        "word": "STRANGE",
        "roles": {
          "ORIENTATION": "LESS",
          "INTENSITY": "MED",
          "FIGURE": "#V529940",
          "SCALE": "NOT-TYPICAL-SCALE",
          "LEX": "STRANGE",
          "WNSENSE": "strange%3:00:00::"
        },
        "start": 59,
        "end": 67
      },
      "root": "#V540341"
    },
    {
      "V529671": {
        "id": "V529671",
        "indicator": "SPEECHACT",
        "type": "SA_IDENTIFY",
        "word": null,
        "roles": {
          "CONTENT": "#V529414",
          "LEX": "HE"
        },
        "start": 0,
        "end": 3
      },
      "V529414": {
        "id": "V529414",
        "indicator": "PRO",
        "type": "MALE-PERSON",
        "word": "HE",
        "roles": {
          "PROFORM": "HE",
          "LEX": "HE",
          "WNSENSE": "man%1:18:00"
        },
        "start": 0,
        "end": 3
      },
      "root": "#V529671"
    },
    {
      "V540313": {
        "id": "V540313",
        "indicator": "SPEECHACT",
        "type": "SA_TELL",
        "word": null,
        "roles": {
          "PUNCTYPE": "DECL",
          "CONTENT": "#V529514",
          "LEX": "IS"
        },
        "start": 3,
        "end": 68
      },
      "V529514": {
        "id": "V529514",
        "indicator": "F",
        "type": "HAVE-PROPERTY",
        "word": "BE",
        "roles": {
          "NEUTRAL": "#V529941",
          "FORMAL": "#V529528",
          "TENSE": "PRES",
          "LEX": "IS",
          "WNSENSE": "be%2:42:03::"
        },
        "start": 3,
        "end": 67
      },
      "V529941": {
        "id": "V529941",
        "indicator": "THE",
        "type": "REFERENTIAL-SEM",
        "word": null,
        "roles": {
          "SIZE": "#V529418",
          "MOD": "#V529450",
          "LEX": "S"
        },
        "start": 3,
        "end": 56
      },
      "V529418": {
        "id": "V529418",
        "indicator": "A",
        "type": "QUANTITY-ABSTR",
        "word": null,
        "roles": {
          "SCALE": "DURATION-SCALE",
          "UNIT": "(:* TIME-UNIT SECOND)",
          "AMOUNT": "PLURAL",
          "LEX": "S",
          "WNSENSE": "time_unit%1:28:00"
        },
        "start": 3,
        "end": 5
      },
      "V529450": {
        "id": "V529450",
        "indicator": "F",
        "type": "MORE-VAL",
        "word": "GOOD",
        "roles": {
          "COMPAR": "#V529483",
          "ORIENTATION": "MORE",
          "INTENSITY": "MED",
          "FIGURE": "#V529941",
          "SCALE": "ACCEPTABILITY-VAL",
          "DEGREE": "#V529444",
          "LEX": "BETTER"
        },
        "start": 5,
        "end": 56
      },
      "V529444": {
        "id": "V529444",
        "indicator": "F",
        "type": "DEGREE-MODIFIER",
        "word": "NO",
        "roles": {
          "FIGURE": "#V529450",
          "LEX": "NO",
          "WNSENSE": "no%4:02:02::"
        },
        "start": 5,
        "end": 8
      },
      "V529483": {
        "id": "V529483",
        "indicator": "THE",
        "type": "PERSON",
        "word": "NEIGHBOR",
        "roles": {
          "PROFORM": "THAT",
          "MOD": [
            "#V529495",
            "#V529474"
          ],
          "LEX": "NEIGHBOR",
          "WNSENSE": "neighbor%1:18:00::"
        },
        "start": 15,
        "end": 56
      },
      "V529474": {
        "id": "V529474",
        "indicator": "F",
        "type": "OFFENSIVE-VAL",
        "word": "CREEPY",
        "roles": {
          "ORIENTATION": "POS",
          "FIGURE": "#V529483",
          "SCALE": "OFFENSIVENESS-SCALE",
          "LEX": "CREEPY",
          "WNSENSE": "creepy%5:00:00:offensive:01"
        },
        "start": 25,
        "end": 32
      },
      "V529495": {
        "id": "V529495",
        "indicator": "F",
        "type": "FAMILIAR",
        "word": "KNOW",
        "roles": {
          "EXPERIENCER": "#V529486",
          "NEUTRAL": "#V529483",
          "TENSE": "PRES",
          "LEX": "KNOWS",
          "WNSENSE": "know%2:31:00::"
        },
        "start": 41,
        "end": 56
      },
      "V529486": {
        "id": "V529486",
        "indicator": "QUANTIFIER",
        "type": "PERSON",
        "word": "EVERYONE",
        "roles": {
          "QUAN": "EVERYONE",
          "LEX": "EVERYONE",
          "WNSENSE": "person%1:03:00"
        },
        "start": 41,
        "end": 50
      },
      "V529528": {
        "id": "V529528",
        "indicator": "F",
        "type": "STRANGE",
        "word": "STRANGE",
        "roles": {
          "ORIENTATION": "LESS",
          "INTENSITY": "MED",
          "FIGURE": "#V529941",
          "SCALE": "NOT-TYPICAL-SCALE",
          "LEX": "STRANGE",
          "WNSENSE": "strange%3:00:00::"
        },
        "start": 59,
        "end": 67
      },
      "root": "#V540313"
    },
    {
      "V529671": {
        "id": "V529671",
        "indicator": "SPEECHACT",
        "type": "SA_IDENTIFY",
        "word": null,
        "roles": {
          "CONTENT": "#V529414",
          "LEX": "HE"
        },
        "start": 0,
        "end": 3
      },
      "V529414": {
        "id": "V529414",
        "indicator": "PRO",
        "type": "MALE-PERSON",
        "word": "HE",
        "roles": {
          "PROFORM": "HE",
          "LEX": "HE",
          "WNSENSE": "man%1:18:00"
        },
        "start": 0,
        "end": 3
      },
      "root": "#V529671"
    },
    {
      "V540285": {
        "id": "V540285",
        "indicator": "SPEECHACT",
        "type": "SA_TELL",
        "word": null,
        "roles": {
          "PUNCTYPE": "DECL",
          "CONTENT": "#V529514",
          "LEX": "IS"
        },
        "start": 3,
        "end": 68
      },
      "V529514": {
        "id": "V529514",
        "indicator": "F",
        "type": "HAVE-PROPERTY",
        "word": "BE",
        "roles": {
          "NEUTRAL": "#V529938",
          "FORMAL": "#V529528",
          "TENSE": "PRES",
          "LEX": "IS",
          "WNSENSE": "be%2:42:03::"
        },
        "start": 3,
        "end": 67
      },
      "V529938": {
        "id": "V529938",
        "indicator": "THE",
        "type": "REFERENTIAL-SEM",
        "word": null,
        "roles": {
          "QUANTITY": "#V529418",
          "SCALE": "DURATION-SCALE",
          "UNIT": "(:* TIME-UNIT SECOND)",
          "AMOUNT": "PLURAL",
          "MOD": "#V529450",
          "LEX": "S"
        },
        "start": 3,
        "end": 56
      },
      "V529418": {
        "id": "V529418",
        "indicator": "A",
        "type": "QUANTITY-ABSTR",
        "word": null,
        "roles": {
          "SCALE": "DURATION-SCALE",
          "UNIT": "(:* TIME-UNIT SECOND)",
          "AMOUNT": "PLURAL",
          "LEX": "S",
          "WNSENSE": "time_unit%1:28:00"
        },
        "start": 3,
        "end": 5
      },
      "V529450": {
        "id": "V529450",
        "indicator": "F",
        "type": "MORE-VAL",
        "word": "GOOD",
        "roles": {
          "COMPAR": "#V529483",
          "ORIENTATION": "MORE",
          "INTENSITY": "MED",
          "FIGURE": "#V529938",
          "SCALE": "ACCEPTABILITY-VAL",
          "DEGREE": "#V529443",
          "LEX": "BETTER"
        },
        "start": 5,
        "end": 56
      },
      "V529443": {
        "id": "V529443",
        "indicator": "F",
        "type": "DEGREE-MODIFIER",
        "word": "NO",
        "roles": {
          "FIGURE": "#V529450",
          "LEX": "NO",
          "WNSENSE": "no%4:02:02::"
        },
        "start": 5,
        "end": 8
      },
      "V529483": {
        "id": "V529483",
        "indicator": "THE",
        "type": "PERSON",
        "word": "NEIGHBOR",
        "roles": {
          "PROFORM": "THAT",
          "MOD": [
            "#V529495",
            "#V529474"
          ],
          "LEX": "NEIGHBOR",
          "WNSENSE": "neighbor%1:18:00::"
        },
        "start": 15,
        "end": 56
      },
      "V529474": {
        "id": "V529474",
        "indicator": "F",
        "type": "OFFENSIVE-VAL",
        "word": "CREEPY",
        "roles": {
          "ORIENTATION": "POS",
          "FIGURE": "#V529483",
          "SCALE": "OFFENSIVENESS-SCALE",
          "LEX": "CREEPY",
          "WNSENSE": "creepy%5:00:00:offensive:01"
        },
        "start": 25,
        "end": 32
      },
      "V529495": {
        "id": "V529495",
        "indicator": "F",
        "type": "FAMILIAR",
        "word": "KNOW",
        "roles": {
          "EXPERIENCER": "#V529486",
          "NEUTRAL": "#V529483",
          "TENSE": "PRES",
          "LEX": "KNOWS",
          "WNSENSE": "know%2:31:00::"
        },
        "start": 41,
        "end": 56
      },
      "V529486": {
        "id": "V529486",
        "indicator": "QUANTIFIER",
        "type": "PERSON",
        "word": "EVERYONE",
        "roles": {
          "QUAN": "EVERYONE",
          "LEX": "EVERYONE",
          "WNSENSE": "person%1:03:00"
        },
        "start": 41,
        "end": 50
      },
      "V529528": {
        "id": "V529528",
        "indicator": "F",
        "type": "STRANGE",
        "word": "STRANGE",
        "roles": {
          "ORIENTATION": "LESS",
          "INTENSITY": "MED",
          "FIGURE": "#V529938",
          "SCALE": "NOT-TYPICAL-SCALE",
          "LEX": "STRANGE",
          "WNSENSE": "strange%3:00:00::"
        },
        "start": 59,
        "end": 67
      },
      "root": "#V540285"
    },
    {
      "V529671": {
        "id": "V529671",
        "indicator": "SPEECHACT",
        "type": "SA_IDENTIFY",
        "word": null,
        "roles": {
          "CONTENT": "#V529414",
          "LEX": "HE"
        },
        "start": 0,
        "end": 3
      },
      "V529414": {
        "id": "V529414",
        "indicator": "PRO",
        "type": "MALE-PERSON",
        "word": "HE",
        "roles": {
          "PROFORM": "HE",
          "LEX": "HE",
          "WNSENSE": "man%1:18:00"
        },
        "start": 0,
        "end": 3
      },
      "root": "#V529671"
    },
    {
      "V540257": {
        "id": "V540257",
        "indicator": "SPEECHACT",
        "type": "SA_TELL",
        "word": null,
        "roles": {
          "PUNCTYPE": "DECL",
          "CONTENT": "#V529514",
          "LEX": "IS"
        },
        "start": 3,
        "end": 68
      },
      "V529514": {
        "id": "V529514",
        "indicator": "F",
        "type": "HAVE-PROPERTY",
        "word": "BE",
        "roles": {
          "NEUTRAL": "#V529939",
          "FORMAL": "#V529528",
          "TENSE": "PRES",
          "LEX": "IS",
          "WNSENSE": "be%2:42:03::"
        },
        "start": 3,
        "end": 67
      },
      "V529939": {
        "id": "V529939",
        "indicator": "THE",
        "type": "REFERENTIAL-SEM",
        "word": null,
        "roles": {
          "SIZE": "#V529418",
          "MOD": "#V529450",
          "LEX": "S"
        },
        "start": 3,
        "end": 56
      },
      "V529418": {
        "id": "V529418",
        "indicator": "A",
        "type": "QUANTITY-ABSTR",
        "word": null,
        "roles": {
          "SCALE": "DURATION-SCALE",
          "UNIT": "(:* TIME-UNIT SECOND)",
          "AMOUNT": "PLURAL",
          "LEX": "S",
          "WNSENSE": "time_unit%1:28:00"
        },
        "start": 3,
        "end": 5
      },
      "V529450": {
        "id": "V529450",
        "indicator": "F",
        "type": "MORE-VAL",
        "word": "GOOD",
        "roles": {
          "COMPAR": "#V529483",
          "ORIENTATION": "MORE",
          "INTENSITY": "MED",
          "FIGURE": "#V529939",
          "SCALE": "ACCEPTABILITY-VAL",
          "DEGREE": "#V529443",
          "LEX": "BETTER"
        },
        "start": 5,
        "end": 56
      },
      "V529443": {
        "id": "V529443",
        "indicator": "F",
        "type": "DEGREE-MODIFIER",
        "word": "NO",
        "roles": {
          "FIGURE": "#V529450",
          "LEX": "NO",
          "WNSENSE": "no%4:02:02::"
        },
        "start": 5,
        "end": 8
      },
      "V529483": {
        "id": "V529483",
        "indicator": "THE",
        "type": "PERSON",
        "word": "NEIGHBOR",
        "roles": {
          "PROFORM": "THAT",
          "MOD": [
            "#V529495",
            "#V529474"
          ],
          "LEX": "NEIGHBOR",
          "WNSENSE": "neighbor%1:18:00::"
        },
        "start": 15,
        "end": 56
      },
      "V529474": {
        "id": "V529474",
        "indicator": "F",
        "type": "OFFENSIVE-VAL",
        "word": "CREEPY",
        "roles": {
          "ORIENTATION": "POS",
          "FIGURE": "#V529483",
          "SCALE": "OFFENSIVENESS-SCALE",
          "LEX": "CREEPY",
          "WNSENSE": "creepy%5:00:00:offensive:01"
        },
        "start": 25,
        "end": 32
      },
      "V529495": {
        "id": "V529495",
        "indicator": "F",
        "type": "FAMILIAR",
        "word": "KNOW",
        "roles": {
          "EXPERIENCER": "#V529486",
          "NEUTRAL": "#V529483",
          "TENSE": "PRES",
          "LEX": "KNOWS",
          "WNSENSE": "know%2:31:00::"
        },
        "start": 41,
        "end": 56
      },
      "V529486": {
        "id": "V529486",
        "indicator": "QUANTIFIER",
        "type": "PERSON",
        "word": "EVERYONE",
        "roles": {
          "QUAN": "EVERYONE",
          "LEX": "EVERYONE",
          "WNSENSE": "person%1:03:00"
        },
        "start": 41,
        "end": 50
      },
      "V529528": {
        "id": "V529528",
        "indicator": "F",
        "type": "STRANGE",
        "word": "STRANGE",
        "roles": {
          "ORIENTATION": "LESS",
          "INTENSITY": "MED",
          "FIGURE": "#V529939",
          "SCALE": "NOT-TYPICAL-SCALE",
          "LEX": "STRANGE",
          "WNSENSE": "strange%3:00:00::"
        },
        "start": 59,
        "end": 67
      },
      "root": "#V540257"
    },
    {
      "V529671": {
        "id": "V529671",
        "indicator": "SPEECHACT",
        "type": "SA_IDENTIFY",
        "word": null,
        "roles": {
          "CONTENT": "#V529414",
          "LEX": "HE"
        },
        "start": 0,
        "end": 3
      },
      "V529414": {
        "id": "V529414",
        "indicator": "PRO",
        "type": "MALE-PERSON",
        "word": "HE",
        "roles": {
          "PROFORM": "HE",
          "LEX": "HE",
          "WNSENSE": "man%1:18:00"
        },
        "start": 0,
        "end": 3
      },
      "root": "#V529671"
    },
    {
      "V540229": {
        "id": "V540229",
        "indicator": "SPEECHACT",
        "type": "SA_TELL",
        "word": null,
        "roles": {
          "PUNCTYPE": "DECL",
          "CONTENT": "#V529514",
          "LEX": "IS"
        },
        "start": 3,
        "end": 68
      },
      "V529514": {
        "id": "V529514",
        "indicator": "F",
        "type": "HAVE-PROPERTY",
        "word": "BE",
        "roles": {
          "NEUTRAL": "#V529940",
          "FORMAL": "#V529528",
          "TENSE": "PRES",
          "LEX": "IS",
          "WNSENSE": "be%2:42:03::"
        },
        "start": 3,
        "end": 67
      },
      "V529940": {
        "id": "V529940",
        "indicator": "THE",
        "type": "REFERENTIAL-SEM",
        "word": null,
        "roles": {
          "QUANTITY": "#V529418",
          "SCALE": "DURATION-SCALE",
          "UNIT": "(:* TIME-UNIT SECOND)",
          "AMOUNT": "PLURAL",
          "MOD": "#V529450",
          "LEX": "S"
        },
        "start": 3,
        "end": 56
      },
      "V529418": {
        "id": "V529418",
        "indicator": "A",
        "type": "QUANTITY-ABSTR",
        "word": null,
        "roles": {
          "SCALE": "DURATION-SCALE",
          "UNIT": "(:* TIME-UNIT SECOND)",
          "AMOUNT": "PLURAL",
          "LEX": "S",
          "WNSENSE": "time_unit%1:28:00"
        },
        "start": 3,
        "end": 5
      },
      "V529450": {
        "id": "V529450",
        "indicator": "F",
        "type": "MORE-VAL",
        "word": "GOOD",
        "roles": {
          "COMPAR": "#V529483",
          "ORIENTATION": "MORE",
          "INTENSITY": "MED",
          "FIGURE": "#V529940",
          "SCALE": "ACCEPTABILITY-VAL",
          "DEGREE": "#V529443",
          "LEX": "BETTER"
        },
        "start": 5,
        "end": 56
      },
      "V529443": {
        "id": "V529443",
        "indicator": "F",
        "type": "DEGREE-MODIFIER",
        "word": "NO",
        "roles": {
          "FIGURE": "#V529450",
          "LEX": "NO",
          "WNSENSE": "no%4:02:02::"
        },
        "start": 5,
        "end": 8
      },
      "V529483": {
        "id": "V529483",
        "indicator": "THE",
        "type": "PERSON",
        "word": "NEIGHBOR",
        "roles": {
          "PROFORM": "THAT",
          "MOD": [
            "#V529495",
            "#V529474"
          ],
          "LEX": "NEIGHBOR",
          "WNSENSE": "neighbor%1:18:00::"
        },
        "start": 15,
        "end": 56
      },
      "V529474": {
        "id": "V529474",
        "indicator": "F",
        "type": "OFFENSIVE-VAL",
        "word": "CREEPY",
        "roles": {
          "ORIENTATION": "POS",
          "FIGURE": "#V529483",
          "SCALE": "OFFENSIVENESS-SCALE",
          "LEX": "CREEPY",
          "WNSENSE": "creepy%5:00:00:offensive:01"
        },
        "start": 25,
        "end": 32
      },
      "V529495": {
        "id": "V529495",
        "indicator": "F",
        "type": "FAMILIAR",
        "word": "KNOW",
        "roles": {
          "EXPERIENCER": "#V529486",
          "NEUTRAL": "#V529483",
          "TENSE": "PRES",
          "LEX": "KNOWS",
          "WNSENSE": "know%2:31:00::"
        },
        "start": 41,
        "end": 56
      },
      "V529486": {
        "id": "V529486",
        "indicator": "QUANTIFIER",
        "type": "PERSON",
        "word": "EVERYONE",
        "roles": {
          "QUAN": "EVERYONE",
          "LEX": "EVERYONE",
          "WNSENSE": "person%1:03:00"
        },
        "start": 41,
        "end": 50
      },
      "V529528": {
        "id": "V529528",
        "indicator": "F",
        "type": "STRANGE",
        "word": "STRANGE",
        "roles": {
          "ORIENTATION": "LESS",
          "INTENSITY": "MED",
          "FIGURE": "#V529940",
          "SCALE": "NOT-TYPICAL-SCALE",
          "LEX": "STRANGE",
          "WNSENSE": "strange%3:00:00::"
        },
        "start": 59,
        "end": 67
      },
      "root": "#V540229"
    },
    {
      "V529671": {
        "id": "V529671",
        "indicator": "SPEECHACT",
        "type": "SA_IDENTIFY",
        "word": null,
        "roles": {
          "CONTENT": "#V529414",
          "LEX": "HE"
        },
        "start": 0,
        "end": 3
      },
      "V529414": {
        "id": "V529414",
        "indicator": "PRO",
        "type": "MALE-PERSON",
        "word": "HE",
        "roles": {
          "PROFORM": "HE",
          "LEX": "HE",
          "WNSENSE": "man%1:18:00"
        },
        "start": 0,
        "end": 3
      },
      "root": "#V529671"
    },
    {
      "V540201": {
        "id": "V540201",
        "indicator": "SPEECHACT",
        "type": "SA_TELL",
        "word": null,
        "roles": {
          "PUNCTYPE": "DECL",
          "CONTENT": "#V529514",
          "LEX": "IS"
        },
        "start": 3,
        "end": 68
      },
      "V529514": {
        "id": "V529514",
        "indicator": "F",
        "type": "HAVE-PROPERTY",
        "word": "BE",
        "roles": {
          "NEUTRAL": "#V529941",
          "FORMAL": "#V529528",
          "TENSE": "PRES",
          "LEX": "IS",
          "WNSENSE": "be%2:42:03::"
        },
        "start": 3,
        "end": 67
      },
      "V529941": {
        "id": "V529941",
        "indicator": "THE",
        "type": "REFERENTIAL-SEM",
        "word": null,
        "roles": {
          "SIZE": "#V529418",
          "MOD": "#V529450",
          "LEX": "S"
        },
        "start": 3,
        "end": 56
      },
      "V529418": {
        "id": "V529418",
        "indicator": "A",
        "type": "QUANTITY-ABSTR",
        "word": null,
        "roles": {
          "SCALE": "DURATION-SCALE",
          "UNIT": "(:* TIME-UNIT SECOND)",
          "AMOUNT": "PLURAL",
          "LEX": "S",
          "WNSENSE": "time_unit%1:28:00"
        },
        "start": 3,
        "end": 5
      },
      "V529450": {
        "id": "V529450",
        "indicator": "F",
        "type": "MORE-VAL",
        "word": "GOOD",
        "roles": {
          "COMPAR": "#V529483",
          "ORIENTATION": "MORE",
          "INTENSITY": "MED",
          "FIGURE": "#V529941",
          "SCALE": "ACCEPTABILITY-VAL",
          "DEGREE": "#V529443",
          "LEX": "BETTER"
        },
        "start": 5,
        "end": 56
      },
      "V529443": {
        "id": "V529443",
        "indicator": "F",
        "type": "DEGREE-MODIFIER",
        "word": "NO",
        "roles": {
          "FIGURE": "#V529450",
          "LEX": "NO",
          "WNSENSE": "no%4:02:02::"
        },
        "start": 5,
        "end": 8
      },
      "V529483": {
        "id": "V529483",
        "indicator": "THE",
        "type": "PERSON",
        "word": "NEIGHBOR",
        "roles": {
          "PROFORM": "THAT",
          "MOD": [
            "#V529495",
            "#V529474"
          ],
          "LEX": "NEIGHBOR",
          "WNSENSE": "neighbor%1:18:00::"
        },
        "start": 15,
        "end": 56
      },
      "V529474": {
        "id": "V529474",
        "indicator": "F",
        "type": "OFFENSIVE-VAL",
        "word": "CREEPY",
        "roles": {
          "ORIENTATION": "POS",
          "FIGURE": "#V529483",
          "SCALE": "OFFENSIVENESS-SCALE",
          "LEX": "CREEPY",
          "WNSENSE": "creepy%5:00:00:offensive:01"
        },
        "start": 25,
        "end": 32
      },
      "V529495": {
        "id": "V529495",
        "indicator": "F",
        "type": "FAMILIAR",
        "word": "KNOW",
        "roles": {
          "EXPERIENCER": "#V529486",
          "NEUTRAL": "#V529483",
          "TENSE": "PRES",
          "LEX": "KNOWS",
          "WNSENSE": "know%2:31:00::"
        },
        "start": 41,
        "end": 56
      },
      "V529486": {
        "id": "V529486",
        "indicator": "QUANTIFIER",
        "type": "PERSON",
        "word": "EVERYONE",
        "roles": {
          "QUAN": "EVERYONE",
          "LEX": "EVERYONE",
          "WNSENSE": "person%1:03:00"
        },
        "start": 41,
        "end": 50
      },
      "V529528": {
        "id": "V529528",
        "indicator": "F",
        "type": "STRANGE",
        "word": "STRANGE",
        "roles": {
          "ORIENTATION": "LESS",
          "INTENSITY": "MED",
          "FIGURE": "#V529941",
          "SCALE": "NOT-TYPICAL-SCALE",
          "LEX": "STRANGE",
          "WNSENSE": "strange%3:00:00::"
        },
        "start": 59,
        "end": 67
      },
      "root": "#V540201"
    },
    {
      "V529671": {
        "id": "V529671",
        "indicator": "SPEECHACT",
        "type": "SA_IDENTIFY",
        "word": null,
        "roles": {
          "CONTENT": "#V529414",
          "LEX": "HE"
        },
        "start": 0,
        "end": 3
      },
      "V529414": {
        "id": "V529414",
        "indicator": "PRO",
        "type": "MALE-PERSON",
        "word": "HE",
        "roles": {
          "PROFORM": "HE",
          "LEX": "HE",
          "WNSENSE": "man%1:18:00"
        },
        "start": 0,
        "end": 3
      },
      "root": "#V529671"
    },
    {
      "V540173": {
        "id": "V540173",
        "indicator": "SPEECHACT",
        "type": "SA_TELL",
        "word": null,
        "roles": {
          "PUNCTYPE": "DECL",
          "CONTENT": "#V529514",
          "LEX": "IS"
        },
        "start": 3,
        "end": 68
      },
      "V529514": {
        "id": "V529514",
        "indicator": "F",
        "type": "HAVE-PROPERTY",
        "word": "BE",
        "roles": {
          "NEUTRAL": "#V529938",
          "FORMAL": "#V529528",
          "TENSE": "PRES",
          "LEX": "IS",
          "WNSENSE": "be%2:42:03::"
        },
        "start": 3,
        "end": 67
      },
      "V529938": {
        "id": "V529938",
        "indicator": "THE",
        "type": "REFERENTIAL-SEM",
        "word": null,
        "roles": {
          "QUANTITY": "#V529418",
          "SCALE": "DURATION-SCALE",
          "UNIT": "(:* TIME-UNIT SECOND)",
          "AMOUNT": "PLURAL",
          "MOD": "#V529450",
          "LEX": "S"
        },
        "start": 3,
        "end": 56
      },
      "V529418": {
        "id": "V529418",
        "indicator": "A",
        "type": "QUANTITY-ABSTR",
        "word": null,
        "roles": {
          "SCALE": "DURATION-SCALE",
          "UNIT": "(:* TIME-UNIT SECOND)",
          "AMOUNT": "PLURAL",
          "LEX": "S",
          "WNSENSE": "time_unit%1:28:00"
        },
        "start": 3,
        "end": 5
      },
      "V529450": {
        "id": "V529450",
        "indicator": "F",
        "type": "MORE-VAL",
        "word": "GOOD",
        "roles": {
          "COMPAR": "#V529483",
          "ORIENTATION": "MORE",
          "INTENSITY": "MED",
          "FIGURE": "#V529938",
          "SCALE": "ACCEPTABILITY-VAL",
          "DEGREE": "#V529444",
          "LEX": "BETTER"
        },
        "start": 5,
        "end": 56
      },
      "V529444": {
        "id": "V529444",
        "indicator": "F",
        "type": "DEGREE-MODIFIER",
        "word": "NO",
        "roles": {
          "FIGURE": "#V529450",
          "LEX": "NO",
          "WNSENSE": "no%4:02:02::"
        },
        "start": 5,
        "end": 8
      },
      "V529483": {
        "id": "V529483",
        "indicator": "THE",
        "type": "PERSON",
        "word": "NEIGHBOR",
        "roles": {
          "PROFORM": "THAT",
          "MOD": [
            "#V529495",
            "#V529474"
          ],
          "LEX": "NEIGHBOR",
          "WNSENSE": "neighbor%1:18:00::"
        },
        "start": 15,
        "end": 56
      },
      "V529474": {
        "id": "V529474",
        "indicator": "F",
        "type": "OFFENSIVE-VAL",
        "word": "CREEPY",
        "roles": {
          "ORIENTATION": "POS",
          "FIGURE": "#V529483",
          "SCALE": "OFFENSIVENESS-SCALE",
          "LEX": "CREEPY",
          "WNSENSE": "creepy%5:00:00:offensive:01"
        },
        "start": 25,
        "end": 32
      },
      "V529495": {
        "id": "V529495",
        "indicator": "F",
        "type": "FAMILIAR",
        "word": "KNOW",
        "roles": {
          "EXPERIENCER": "#V529486",
          "NEUTRAL": "#V529483",
          "TENSE": "PRES",
          "LEX": "KNOWS",
          "WNSENSE": "know%2:31:00::"
        },
        "start": 41,
        "end": 56
      },
      "V529486": {
        "id": "V529486",
        "indicator": "QUANTIFIER",
        "type": "PERSON",
        "word": "EVERYONE",
        "roles": {
          "QUAN": "EVERYONE",
          "LEX": "EVERYONE",
          "WNSENSE": "person%1:03:00"
        },
        "start": 41,
        "end": 50
      },
      "V529528": {
        "id": "V529528",
        "indicator": "F",
        "type": "STRANGE",
        "word": "STRANGE",
        "roles": {
          "ORIENTATION": "LESS",
          "INTENSITY": "MED",
          "FIGURE": "#V529938",
          "SCALE": "NOT-TYPICAL-SCALE",
          "LEX": "STRANGE",
          "WNSENSE": "strange%3:00:00::"
        },
        "start": 59,
        "end": 67
      },
      "root": "#V540173"
    },
    {
      "V529671": {
        "id": "V529671",
        "indicator": "SPEECHACT",
        "type": "SA_IDENTIFY",
        "word": null,
        "roles": {
          "CONTENT": "#V529414",
          "LEX": "HE"
        },
        "start": 0,
        "end": 3
      },
      "V529414": {
        "id": "V529414",
        "indicator": "PRO",
        "type": "MALE-PERSON",
        "word": "HE",
        "roles": {
          "PROFORM": "HE",
          "LEX": "HE",
          "WNSENSE": "man%1:18:00"
        },
        "start": 0,
        "end": 3
      },
      "root": "#V529671"
    },
    {
      "V540145": {
        "id": "V540145",
        "indicator": "SPEECHACT",
        "type": "SA_TELL",
        "word": null,
        "roles": {
          "PUNCTYPE": "DECL",
          "CONTENT": "#V529514",
          "LEX": "IS"
        },
        "start": 3,
        "end": 68
      },
      "V529514": {
        "id": "V529514",
        "indicator": "F",
        "type": "HAVE-PROPERTY",
        "word": "BE",
        "roles": {
          "NEUTRAL": "#V529939",
          "FORMAL": "#V529528",
          "TENSE": "PRES",
          "LEX": "IS",
          "WNSENSE": "be%2:42:03::"
        },
        "start": 3,
        "end": 67
      },
      "V529939": {
        "id": "V529939",
        "indicator": "THE",
        "type": "REFERENTIAL-SEM",
        "word": null,
        "roles": {
          "SIZE": "#V529418",
          "MOD": "#V529450",
          "LEX": "S"
        },
        "start": 3,
        "end": 56
      },
      "V529418": {
        "id": "V529418",
        "indicator": "A",
        "type": "QUANTITY-ABSTR",
        "word": null,
        "roles": {
          "SCALE": "DURATION-SCALE",
          "UNIT": "(:* TIME-UNIT SECOND)",
          "AMOUNT": "PLURAL",
          "LEX": "S",
          "WNSENSE": "time_unit%1:28:00"
        },
        "start": 3,
        "end": 5
      },
      "V529450": {
        "id": "V529450",
        "indicator": "F",
        "type": "MORE-VAL",
        "word": "GOOD",
        "roles": {
          "COMPAR": "#V529483",
          "ORIENTATION": "MORE",
          "INTENSITY": "MED",
          "FIGURE": "#V529939",
          "SCALE": "ACCEPTABILITY-VAL",
          "DEGREE": "#V529444",
          "LEX": "BETTER"
        },
        "start": 5,
        "end": 56
      },
      "V529444": {
        "id": "V529444",
        "indicator": "F",
        "type": "DEGREE-MODIFIER",
        "word": "NO",
        "roles": {
          "FIGURE": "#V529450",
          "LEX": "NO",
          "WNSENSE": "no%4:02:02::"
        },
        "start": 5,
        "end": 8
      },
      "V529483": {
        "id": "V529483",
        "indicator": "THE",
        "type": "PERSON",
        "word": "NEIGHBOR",
        "roles": {
          "PROFORM": "THAT",
          "MOD": [
            "#V529495",
            "#V529474"
          ],
          "LEX": "NEIGHBOR",
          "WNSENSE": "neighbor%1:18:00::"
        },
        "start": 15,
        "end": 56
      },
      "V529474": {
        "id": "V529474",
        "indicator": "F",
        "type": "OFFENSIVE-VAL",
        "word": "CREEPY",
        "roles": {
          "ORIENTATION": "POS",
          "FIGURE": "#V529483",
          "SCALE": "OFFENSIVENESS-SCALE",
          "LEX": "CREEPY",
          "WNSENSE": "creepy%5:00:00:offensive:01"
        },
        "start": 25,
        "end": 32
      },
      "V529495": {
        "id": "V529495",
        "indicator": "F",
        "type": "FAMILIAR",
        "word": "KNOW",
        "roles": {
          "EXPERIENCER": "#V529486",
          "NEUTRAL": "#V529483",
          "TENSE": "PRES",
          "LEX": "KNOWS",
          "WNSENSE": "know%2:31:00::"
        },
        "start": 41,
        "end": 56
      },
      "V529486": {
        "id": "V529486",
        "indicator": "QUANTIFIER",
        "type": "PERSON",
        "word": "EVERYONE",
        "roles": {
          "QUAN": "EVERYONE",
          "LEX": "EVERYONE",
          "WNSENSE": "person%1:03:00"
        },
        "start": 41,
        "end": 50
      },
      "V529528": {
        "id": "V529528",
        "indicator": "F",
        "type": "STRANGE",
        "word": "STRANGE",
        "roles": {
          "ORIENTATION": "LESS",
          "INTENSITY": "MED",
          "FIGURE": "#V529939",
          "SCALE": "NOT-TYPICAL-SCALE",
          "LEX": "STRANGE",
          "WNSENSE": "strange%3:00:00::"
        },
        "start": 59,
        "end": 67
      },
      "root": "#V540145"
    },
    {
      "V529671": {
        "id": "V529671",
        "indicator": "SPEECHACT",
        "type": "SA_IDENTIFY",
        "word": null,
        "roles": {
          "CONTENT": "#V529414",
          "LEX": "HE"
        },
        "start": 0,
        "end": 3
      },
      "V529414": {
        "id": "V529414",
        "indicator": "PRO",
        "type": "MALE-PERSON",
        "word": "HE",
        "roles": {
          "PROFORM": "HE",
          "LEX": "HE",
          "WNSENSE": "man%1:18:00"
        },
        "start": 0,
        "end": 3
      },
      "root": "#V529671"
    },
    {
      "V540117": {
        "id": "V540117",
        "indicator": "SPEECHACT",
        "type": "SA_TELL",
        "word": null,
        "roles": {
          "PUNCTYPE": "DECL",
          "CONTENT": "#V529514",
          "LEX": "IS"
        },
        "start": 3,
        "end": 68
      },
      "V529514": {
        "id": "V529514",
        "indicator": "F",
        "type": "HAVE-PROPERTY",
        "word": "BE",
        "roles": {
          "NEUTRAL": "#V529940",
          "FORMAL": "#V529528",
          "TENSE": "PRES",
          "LEX": "IS",
          "WNSENSE": "be%2:42:03::"
        },
        "start": 3,
        "end": 67
      },
      "V529940": {
        "id": "V529940",
        "indicator": "THE",
        "type": "REFERENTIAL-SEM",
        "word": null,
        "roles": {
          "QUANTITY": "#V529418",
          "SCALE": "DURATION-SCALE",
          "UNIT": "(:* TIME-UNIT SECOND)",
          "AMOUNT": "PLURAL",
          "MOD": "#V529450",
          "LEX": "S"
        },
        "start": 3,
        "end": 56
      },
      "V529418": {
        "id": "V529418",
        "indicator": "A",
        "type": "QUANTITY-ABSTR",
        "word": null,
        "roles": {
          "SCALE": "DURATION-SCALE",
          "UNIT": "(:* TIME-UNIT SECOND)",
          "AMOUNT": "PLURAL",
          "LEX": "S",
          "WNSENSE": "time_unit%1:28:00"
        },
        "start": 3,
        "end": 5
      },
      "V529450": {
        "id": "V529450",
        "indicator": "F",
        "type": "MORE-VAL",
        "word": "GOOD",
        "roles": {
          "COMPAR": "#V529483",
          "ORIENTATION": "MORE",
          "INTENSITY": "MED",
          "FIGURE": "#V529940",
          "SCALE": "ACCEPTABILITY-VAL",
          "DEGREE": "#V529444",
          "LEX": "BETTER"
        },
        "start": 5,
        "end": 56
      },
      "V529444": {
        "id": "V529444",
        "indicator": "F",
        "type": "DEGREE-MODIFIER",
        "word": "NO",
        "roles": {
          "FIGURE": "#V529450",
          "LEX": "NO",
          "WNSENSE": "no%4:02:02::"
        },
        "start": 5,
        "end": 8
      },
      "V529483": {
        "id": "V529483",
        "indicator": "THE",
        "type": "PERSON",
        "word": "NEIGHBOR",
        "roles": {
          "PROFORM": "THAT",
          "MOD": [
            "#V529495",
            "#V529474"
          ],
          "LEX": "NEIGHBOR",
          "WNSENSE": "neighbor%1:18:00::"
        },
        "start": 15,
        "end": 56
      },
      "V529474": {
        "id": "V529474",
        "indicator": "F",
        "type": "OFFENSIVE-VAL",
        "word": "CREEPY",
        "roles": {
          "ORIENTATION": "POS",
          "FIGURE": "#V529483",
          "SCALE": "OFFENSIVENESS-SCALE",
          "LEX": "CREEPY",
          "WNSENSE": "creepy%5:00:00:offensive:01"
        },
        "start": 25,
        "end": 32
      },
      "V529495": {
        "id": "V529495",
        "indicator": "F",
        "type": "FAMILIAR",
        "word": "KNOW",
        "roles": {
          "EXPERIENCER": "#V529486",
          "NEUTRAL": "#V529483",
          "TENSE": "PRES",
          "LEX": "KNOWS",
          "WNSENSE": "know%2:31:00::"
        },
        "start": 41,
        "end": 56
      },
      "V529486": {
        "id": "V529486",
        "indicator": "QUANTIFIER",
        "type": "PERSON",
        "word": "EVERYONE",
        "roles": {
          "QUAN": "EVERYONE",
          "LEX": "EVERYONE",
          "WNSENSE": "person%1:03:00"
        },
        "start": 41,
        "end": 50
      },
      "V529528": {
        "id": "V529528",
        "indicator": "F",
        "type": "STRANGE",
        "word": "STRANGE",
        "roles": {
          "ORIENTATION": "LESS",
          "INTENSITY": "MED",
          "FIGURE": "#V529940",
          "SCALE": "NOT-TYPICAL-SCALE",
          "LEX": "STRANGE",
          "WNSENSE": "strange%3:00:00::"
        },
        "start": 59,
        "end": 67
      },
      "root": "#V540117"
    },
    {
      "V529671": {
        "id": "V529671",
        "indicator": "SPEECHACT",
        "type": "SA_IDENTIFY",
        "word": null,
        "roles": {
          "CONTENT": "#V529414",
          "LEX": "HE"
        },
        "start": 0,
        "end": 3
      },
      "V529414": {
        "id": "V529414",
        "indicator": "PRO",
        "type": "MALE-PERSON",
        "word": "HE",
        "roles": {
          "PROFORM": "HE",
          "LEX": "HE",
          "WNSENSE": "man%1:18:00"
        },
        "start": 0,
        "end": 3
      },
      "root": "#V529671"
    },
    {
      "V540089": {
        "id": "V540089",
        "indicator": "SPEECHACT",
        "type": "SA_TELL",
        "word": null,
        "roles": {
          "PUNCTYPE": "DECL",
          "CONTENT": "#V529514",
          "LEX": "IS"
        },
        "start": 3,
        "end": 68
      },
      "V529514": {
        "id": "V529514",
        "indicator": "F",
        "type": "HAVE-PROPERTY",
        "word": "BE",
        "roles": {
          "NEUTRAL": "#V529941",
          "FORMAL": "#V529528",
          "TENSE": "PRES",
          "LEX": "IS",
          "WNSENSE": "be%2:42:03::"
        },
        "start": 3,
        "end": 67
      },
      "V529941": {
        "id": "V529941",
        "indicator": "THE",
        "type": "REFERENTIAL-SEM",
        "word": null,
        "roles": {
          "SIZE": "#V529418",
          "MOD": "#V529450",
          "LEX": "S"
        },
        "start": 3,
        "end": 56
      },
      "V529418": {
        "id": "V529418",
        "indicator": "A",
        "type": "QUANTITY-ABSTR",
        "word": null,
        "roles": {
          "SCALE": "DURATION-SCALE",
          "UNIT": "(:* TIME-UNIT SECOND)",
          "AMOUNT": "PLURAL",
          "LEX": "S",
          "WNSENSE": "time_unit%1:28:00"
        },
        "start": 3,
        "end": 5
      },
      "V529450": {
        "id": "V529450",
        "indicator": "F",
        "type": "MORE-VAL",
        "word": "GOOD",
        "roles": {
          "COMPAR": "#V529483",
          "ORIENTATION": "MORE",
          "INTENSITY": "MED",
          "FIGURE": "#V529941",
          "SCALE": "ACCEPTABILITY-VAL",
          "DEGREE": "#V529444",
          "LEX": "BETTER"
        },
        "start": 5,
        "end": 56
      },
      "V529444": {
        "id": "V529444",
        "indicator": "F",
        "type": "DEGREE-MODIFIER",
        "word": "NO",
        "roles": {
          "FIGURE": "#V529450",
          "LEX": "NO",
          "WNSENSE": "no%4:02:02::"
        },
        "start": 5,
        "end": 8
      },
      "V529483": {
        "id": "V529483",
        "indicator": "THE",
        "type": "PERSON",
        "word": "NEIGHBOR",
        "roles": {
          "PROFORM": "THAT",
          "MOD": [
            "#V529495",
            "#V529474"
          ],
          "LEX": "NEIGHBOR",
          "WNSENSE": "neighbor%1:18:00::"
        },
        "start": 15,
        "end": 56
      },
      "V529474": {
        "id": "V529474",
        "indicator": "F",
        "type": "OFFENSIVE-VAL",
        "word": "CREEPY",
        "roles": {
          "ORIENTATION": "POS",
          "FIGURE": "#V529483",
          "SCALE": "OFFENSIVENESS-SCALE",
          "LEX": "CREEPY",
          "WNSENSE": "creepy%5:00:00:offensive:01"
        },
        "start": 25,
        "end": 32
      },
      "V529495": {
        "id": "V529495",
        "indicator": "F",
        "type": "FAMILIAR",
        "word": "KNOW",
        "roles": {
          "EXPERIENCER": "#V529486",
          "NEUTRAL": "#V529483",
          "TENSE": "PRES",
          "LEX": "KNOWS",
          "WNSENSE": "know%2:31:00::"
        },
        "start": 41,
        "end": 56
      },
      "V529486": {
        "id": "V529486",
        "indicator": "QUANTIFIER",
        "type": "PERSON",
        "word": "EVERYONE",
        "roles": {
          "QUAN": "EVERYONE",
          "LEX": "EVERYONE",
          "WNSENSE": "person%1:03:00"
        },
        "start": 41,
        "end": 50
      },
      "V529528": {
        "id": "V529528",
        "indicator": "F",
        "type": "STRANGE",
        "word": "STRANGE",
        "roles": {
          "ORIENTATION": "LESS",
          "INTENSITY": "MED",
          "FIGURE": "#V529941",
          "SCALE": "NOT-TYPICAL-SCALE",
          "LEX": "STRANGE",
          "WNSENSE": "strange%3:00:00::"
        },
        "start": 59,
        "end": 67
      },
      "root": "#V540089"
    },
    {
      "V529671": {
        "id": "V529671",
        "indicator": "SPEECHACT",
        "type": "SA_IDENTIFY",
        "word": null,
        "roles": {
          "CONTENT": "#V529414",
          "LEX": "HE"
        },
        "start": 0,
        "end": 3
      },
      "V529414": {
        "id": "V529414",
        "indicator": "PRO",
        "type": "MALE-PERSON",
        "word": "HE",
        "roles": {
          "PROFORM": "HE",
          "LEX": "HE",
          "WNSENSE": "man%1:18:00"
        },
        "start": 0,
        "end": 3
      },
      "root": "#V529671"
    },
    {
      "V540061": {
        "id": "V540061",
        "indicator": "SPEECHACT",
        "type": "SA_TELL",
        "word": null,
        "roles": {
          "PUNCTYPE": "DECL",
          "CONTENT": "#V529514",
          "LEX": "IS"
        },
        "start": 3,
        "end": 68
      },
      "V529514": {
        "id": "V529514",
        "indicator": "F",
        "type": "HAVE-PROPERTY",
        "word": "BE",
        "roles": {
          "NEUTRAL": "#V529938",
          "FORMAL": "#V529528",
          "TENSE": "PRES",
          "LEX": "IS",
          "WNSENSE": "be%2:42:03::"
        },
        "start": 3,
        "end": 67
      },
      "V529938": {
        "id": "V529938",
        "indicator": "THE",
        "type": "REFERENTIAL-SEM",
        "word": null,
        "roles": {
          "QUANTITY": "#V529418",
          "SCALE": "DURATION-SCALE",
          "UNIT": "(:* TIME-UNIT SECOND)",
          "AMOUNT": "PLURAL",
          "MOD": "#V529450",
          "LEX": "S"
        },
        "start": 3,
        "end": 56
      },
      "V529418": {
        "id": "V529418",
        "indicator": "A",
        "type": "QUANTITY-ABSTR",
        "word": null,
        "roles": {
          "SCALE": "DURATION-SCALE",
          "UNIT": "(:* TIME-UNIT SECOND)",
          "AMOUNT": "PLURAL",
          "LEX": "S",
          "WNSENSE": "time_unit%1:28:00"
        },
        "start": 3,
        "end": 5
      },
      "V529450": {
        "id": "V529450",
        "indicator": "F",
        "type": "MORE-VAL",
        "word": "GOOD",
        "roles": {
          "COMPAR": "#V529483",
          "ORIENTATION": "MORE",
          "INTENSITY": "MED",
          "FIGURE": "#V529938",
          "SCALE": "ACCEPTABILITY-VAL",
          "DEGREE": "#V529443",
          "LEX": "BETTER"
        },
        "start": 5,
        "end": 56
      },
      "V529443": {
        "id": "V529443",
        "indicator": "F",
        "type": "DEGREE-MODIFIER",
        "word": "NO",
        "roles": {
          "FIGURE": "#V529450",
          "LEX": "NO",
          "WNSENSE": "no%4:02:02::"
        },
        "start": 5,
        "end": 8
      },
      "V529483": {
        "id": "V529483",
        "indicator": "THE",
        "type": "PERSON",
        "word": "NEIGHBOR",
        "roles": {
          "PROFORM": "THAT",
          "MOD": [
            "#V529496",
            "#V529474"
          ],
          "LEX": "NEIGHBOR",
          "WNSENSE": "neighbor%1:18:00::"
        },
        "start": 15,
        "end": 56
      },
      "V529474": {
        "id": "V529474",
        "indicator": "F",
        "type": "OFFENSIVE-VAL",
        "word": "CREEPY",
        "roles": {
          "ORIENTATION": "POS",
          "FIGURE": "#V529483",
          "SCALE": "OFFENSIVENESS-SCALE",
          "LEX": "CREEPY",
          "WNSENSE": "creepy%5:00:00:offensive:01"
        },
        "start": 25,
        "end": 32
      },
      "V529496": {
        "id": "V529496",
        "indicator": "F",
        "type": "KNOW",
        "word": "KNOW",
        "roles": {
          "EXPERIENCER": "#V529486",
          "NEUTRAL": "#V529483",
          "TENSE": "PRES",
          "LEX": "KNOWS",
          "WNSENSE": "know%2:31:01::"
        },
        "start": 41,
        "end": 56
      },
      "V529486": {
        "id": "V529486",
        "indicator": "QUANTIFIER",
        "type": "PERSON",
        "word": "EVERYONE",
        "roles": {
          "QUAN": "EVERYONE",
          "LEX": "EVERYONE",
          "WNSENSE": "person%1:03:00"
        },
        "start": 41,
        "end": 50
      },
      "V529528": {
        "id": "V529528",
        "indicator": "F",
        "type": "STRANGE",
        "word": "STRANGE",
        "roles": {
          "ORIENTATION": "LESS",
          "INTENSITY": "MED",
          "FIGURE": "#V529938",
          "SCALE": "NOT-TYPICAL-SCALE",
          "LEX": "STRANGE",
          "WNSENSE": "strange%3:00:00::"
        },
        "start": 59,
        "end": 67
      },
      "root": "#V540061"
    },
    {
      "V529671": {
        "id": "V529671",
        "indicator": "SPEECHACT",
        "type": "SA_IDENTIFY",
        "word": null,
        "roles": {
          "CONTENT": "#V529414",
          "LEX": "HE"
        },
        "start": 0,
        "end": 3
      },
      "V529414": {
        "id": "V529414",
        "indicator": "PRO",
        "type": "MALE-PERSON",
        "word": "HE",
        "roles": {
          "PROFORM": "HE",
          "LEX": "HE",
          "WNSENSE": "man%1:18:00"
        },
        "start": 0,
        "end": 3
      },
      "root": "#V529671"
    },
    {
      "V540033": {
        "id": "V540033",
        "indicator": "SPEECHACT",
        "type": "SA_TELL",
        "word": null,
        "roles": {
          "PUNCTYPE": "DECL",
          "CONTENT": "#V529514",
          "LEX": "IS"
        },
        "start": 3,
        "end": 68
      },
      "V529514": {
        "id": "V529514",
        "indicator": "F",
        "type": "HAVE-PROPERTY",
        "word": "BE",
        "roles": {
          "NEUTRAL": "#V529939",
          "FORMAL": "#V529528",
          "TENSE": "PRES",
          "LEX": "IS",
          "WNSENSE": "be%2:42:03::"
        },
        "start": 3,
        "end": 67
      },
      "V529939": {
        "id": "V529939",
        "indicator": "THE",
        "type": "REFERENTIAL-SEM",
        "word": null,
        "roles": {
          "SIZE": "#V529418",
          "MOD": "#V529450",
          "LEX": "S"
        },
        "start": 3,
        "end": 56
      },
      "V529418": {
        "id": "V529418",
        "indicator": "A",
        "type": "QUANTITY-ABSTR",
        "word": null,
        "roles": {
          "SCALE": "DURATION-SCALE",
          "UNIT": "(:* TIME-UNIT SECOND)",
          "AMOUNT": "PLURAL",
          "LEX": "S",
          "WNSENSE": "time_unit%1:28:00"
        },
        "start": 3,
        "end": 5
      },
      "V529450": {
        "id": "V529450",
        "indicator": "F",
        "type": "MORE-VAL",
        "word": "GOOD",
        "roles": {
          "COMPAR": "#V529483",
          "ORIENTATION": "MORE",
          "INTENSITY": "MED",
          "FIGURE": "#V529939",
          "SCALE": "ACCEPTABILITY-VAL",
          "DEGREE": "#V529443",
          "LEX": "BETTER"
        },
        "start": 5,
        "end": 56
      },
      "V529443": {
        "id": "V529443",
        "indicator": "F",
        "type": "DEGREE-MODIFIER",
        "word": "NO",
        "roles": {
          "FIGURE": "#V529450",
          "LEX": "NO",
          "WNSENSE": "no%4:02:02::"
        },
        "start": 5,
        "end": 8
      },
      "V529483": {
        "id": "V529483",
        "indicator": "THE",
        "type": "PERSON",
        "word": "NEIGHBOR",
        "roles": {
          "PROFORM": "THAT",
          "MOD": [
            "#V529496",
            "#V529474"
          ],
          "LEX": "NEIGHBOR",
          "WNSENSE": "neighbor%1:18:00::"
        },
        "start": 15,
        "end": 56
      },
      "V529474": {
        "id": "V529474",
        "indicator": "F",
        "type": "OFFENSIVE-VAL",
        "word": "CREEPY",
        "roles": {
          "ORIENTATION": "POS",
          "FIGURE": "#V529483",
          "SCALE": "OFFENSIVENESS-SCALE",
          "LEX": "CREEPY",
          "WNSENSE": "creepy%5:00:00:offensive:01"
        },
        "start": 25,
        "end": 32
      },
      "V529496": {
        "id": "V529496",
        "indicator": "F",
        "type": "KNOW",
        "word": "KNOW",
        "roles": {
          "EXPERIENCER": "#V529486",
          "NEUTRAL": "#V529483",
          "TENSE": "PRES",
          "LEX": "KNOWS",
          "WNSENSE": "know%2:31:01::"
        },
        "start": 41,
        "end": 56
      },
      "V529486": {
        "id": "V529486",
        "indicator": "QUANTIFIER",
        "type": "PERSON",
        "word": "EVERYONE",
        "roles": {
          "QUAN": "EVERYONE",
          "LEX": "EVERYONE",
          "WNSENSE": "person%1:03:00"
        },
        "start": 41,
        "end": 50
      },
      "V529528": {
        "id": "V529528",
        "indicator": "F",
        "type": "STRANGE",
        "word": "STRANGE",
        "roles": {
          "ORIENTATION": "LESS",
          "INTENSITY": "MED",
          "FIGURE": "#V529939",
          "SCALE": "NOT-TYPICAL-SCALE",
          "LEX": "STRANGE",
          "WNSENSE": "strange%3:00:00::"
        },
        "start": 59,
        "end": 67
      },
      "root": "#V540033"
    },
    {
      "V529671": {
        "id": "V529671",
        "indicator": "SPEECHACT",
        "type": "SA_IDENTIFY",
        "word": null,
        "roles": {
          "CONTENT": "#V529414",
          "LEX": "HE"
        },
        "start": 0,
        "end": 3
      },
      "V529414": {
        "id": "V529414",
        "indicator": "PRO",
        "type": "MALE-PERSON",
        "word": "HE",
        "roles": {
          "PROFORM": "HE",
          "LEX": "HE",
          "WNSENSE": "man%1:18:00"
        },
        "start": 0,
        "end": 3
      },
      "root": "#V529671"
    },
    {
      "V540005": {
        "id": "V540005",
        "indicator": "SPEECHACT",
        "type": "SA_TELL",
        "word": null,
        "roles": {
          "PUNCTYPE": "DECL",
          "CONTENT": "#V529514",
          "LEX": "IS"
        },
        "start": 3,
        "end": 68
      },
      "V529514": {
        "id": "V529514",
        "indicator": "F",
        "type": "HAVE-PROPERTY",
        "word": "BE",
        "roles": {
          "NEUTRAL": "#V529940",
          "FORMAL": "#V529528",
          "TENSE": "PRES",
          "LEX": "IS",
          "WNSENSE": "be%2:42:03::"
        },
        "start": 3,
        "end": 67
      },
      "V529940": {
        "id": "V529940",
        "indicator": "THE",
        "type": "REFERENTIAL-SEM",
        "word": null,
        "roles": {
          "QUANTITY": "#V529418",
          "SCALE": "DURATION-SCALE",
          "UNIT": "(:* TIME-UNIT SECOND)",
          "AMOUNT": "PLURAL",
          "MOD": "#V529450",
          "LEX": "S"
        },
        "start": 3,
        "end": 56
      },
      "V529418": {
        "id": "V529418",
        "indicator": "A",
        "type": "QUANTITY-ABSTR",
        "word": null,
        "roles": {
          "SCALE": "DURATION-SCALE",
          "UNIT": "(:* TIME-UNIT SECOND)",
          "AMOUNT": "PLURAL",
          "LEX": "S",
          "WNSENSE": "time_unit%1:28:00"
        },
        "start": 3,
        "end": 5
      },
      "V529450": {
        "id": "V529450",
        "indicator": "F",
        "type": "MORE-VAL",
        "word": "GOOD",
        "roles": {
          "COMPAR": "#V529483",
          "ORIENTATION": "MORE",
          "INTENSITY": "MED",
          "FIGURE": "#V529940",
          "SCALE": "ACCEPTABILITY-VAL",
          "DEGREE": "#V529443",
          "LEX": "BETTER"
        },
        "start": 5,
        "end": 56
      },
      "V529443": {
        "id": "V529443",
        "indicator": "F",
        "type": "DEGREE-MODIFIER",
        "word": "NO",
        "roles": {
          "FIGURE": "#V529450",
          "LEX": "NO",
          "WNSENSE": "no%4:02:02::"
        },
        "start": 5,
        "end": 8
      },
      "V529483": {
        "id": "V529483",
        "indicator": "THE",
        "type": "PERSON",
        "word": "NEIGHBOR",
        "roles": {
          "PROFORM": "THAT",
          "MOD": [
            "#V529496",
            "#V529474"
          ],
          "LEX": "NEIGHBOR",
          "WNSENSE": "neighbor%1:18:00::"
        },
        "start": 15,
        "end": 56
      },
      "V529474": {
        "id": "V529474",
        "indicator": "F",
        "type": "OFFENSIVE-VAL",
        "word": "CREEPY",
        "roles": {
          "ORIENTATION": "POS",
          "FIGURE": "#V529483",
          "SCALE": "OFFENSIVENESS-SCALE",
          "LEX": "CREEPY",
          "WNSENSE": "creepy%5:00:00:offensive:01"
        },
        "start": 25,
        "end": 32
      },
      "V529496": {
        "id": "V529496",
        "indicator": "F",
        "type": "KNOW",
        "word": "KNOW",
        "roles": {
          "EXPERIENCER": "#V529486",
          "NEUTRAL": "#V529483",
          "TENSE": "PRES",
          "LEX": "KNOWS",
          "WNSENSE": "know%2:31:01::"
        },
        "start": 41,
        "end": 56
      },
      "V529486": {
        "id": "V529486",
        "indicator": "QUANTIFIER",
        "type": "PERSON",
        "word": "EVERYONE",
        "roles": {
          "QUAN": "EVERYONE",
          "LEX": "EVERYONE",
          "WNSENSE": "person%1:03:00"
        },
        "start": 41,
        "end": 50
      },
      "V529528": {
        "id": "V529528",
        "indicator": "F",
        "type": "STRANGE",
        "word": "STRANGE",
        "roles": {
          "ORIENTATION": "LESS",
          "INTENSITY": "MED",
          "FIGURE": "#V529940",
          "SCALE": "NOT-TYPICAL-SCALE",
          "LEX": "STRANGE",
          "WNSENSE": "strange%3:00:00::"
        },
        "start": 59,
        "end": 67
      },
      "root": "#V540005"
    },
    {
      "V529671": {
        "id": "V529671",
        "indicator": "SPEECHACT",
        "type": "SA_IDENTIFY",
        "word": null,
        "roles": {
          "CONTENT": "#V529414",
          "LEX": "HE"
        },
        "start": 0,
        "end": 3
      },
      "V529414": {
        "id": "V529414",
        "indicator": "PRO",
        "type": "MALE-PERSON",
        "word": "HE",
        "roles": {
          "PROFORM": "HE",
          "LEX": "HE",
          "WNSENSE": "man%1:18:00"
        },
        "start": 0,
        "end": 3
      },
      "root": "#V529671"
    },
    {
      "V539977": {
        "id": "V539977",
        "indicator": "SPEECHACT",
        "type": "SA_TELL",
        "word": null,
        "roles": {
          "PUNCTYPE": "DECL",
          "CONTENT": "#V529514",
          "LEX": "IS"
        },
        "start": 3,
        "end": 68
      },
      "V529514": {
        "id": "V529514",
        "indicator": "F",
        "type": "HAVE-PROPERTY",
        "word": "BE",
        "roles": {
          "NEUTRAL": "#V529941",
          "FORMAL": "#V529528",
          "TENSE": "PRES",
          "LEX": "IS",
          "WNSENSE": "be%2:42:03::"
        },
        "start": 3,
        "end": 67
      },
      "V529941": {
        "id": "V529941",
        "indicator": "THE",
        "type": "REFERENTIAL-SEM",
        "word": null,
        "roles": {
          "SIZE": "#V529418",
          "MOD": "#V529450",
          "LEX": "S"
        },
        "start": 3,
        "end": 56
      },
      "V529418": {
        "id": "V529418",
        "indicator": "A",
        "type": "QUANTITY-ABSTR",
        "word": null,
        "roles": {
          "SCALE": "DURATION-SCALE",
          "UNIT": "(:* TIME-UNIT SECOND)",
          "AMOUNT": "PLURAL",
          "LEX": "S",
          "WNSENSE": "time_unit%1:28:00"
        },
        "start": 3,
        "end": 5
      },
      "V529450": {
        "id": "V529450",
        "indicator": "F",
        "type": "MORE-VAL",
        "word": "GOOD",
        "roles": {
          "COMPAR": "#V529483",
          "ORIENTATION": "MORE",
          "INTENSITY": "MED",
          "FIGURE": "#V529941",
          "SCALE": "ACCEPTABILITY-VAL",
          "DEGREE": "#V529443",
          "LEX": "BETTER"
        },
        "start": 5,
        "end": 56
      },
      "V529443": {
        "id": "V529443",
        "indicator": "F",
        "type": "DEGREE-MODIFIER",
        "word": "NO",
        "roles": {
          "FIGURE": "#V529450",
          "LEX": "NO",
          "WNSENSE": "no%4:02:02::"
        },
        "start": 5,
        "end": 8
      },
      "V529483": {
        "id": "V529483",
        "indicator": "THE",
        "type": "PERSON",
        "word": "NEIGHBOR",
        "roles": {
          "PROFORM": "THAT",
          "MOD": [
            "#V529496",
            "#V529474"
          ],
          "LEX": "NEIGHBOR",
          "WNSENSE": "neighbor%1:18:00::"
        },
        "start": 15,
        "end": 56
      },
      "V529474": {
        "id": "V529474",
        "indicator": "F",
        "type": "OFFENSIVE-VAL",
        "word": "CREEPY",
        "roles": {
          "ORIENTATION": "POS",
          "FIGURE": "#V529483",
          "SCALE": "OFFENSIVENESS-SCALE",
          "LEX": "CREEPY",
          "WNSENSE": "creepy%5:00:00:offensive:01"
        },
        "start": 25,
        "end": 32
      },
      "V529496": {
        "id": "V529496",
        "indicator": "F",
        "type": "KNOW",
        "word": "KNOW",
        "roles": {
          "EXPERIENCER": "#V529486",
          "NEUTRAL": "#V529483",
          "TENSE": "PRES",
          "LEX": "KNOWS",
          "WNSENSE": "know%2:31:01::"
        },
        "start": 41,
        "end": 56
      },
      "V529486": {
        "id": "V529486",
        "indicator": "QUANTIFIER",
        "type": "PERSON",
        "word": "EVERYONE",
        "roles": {
          "QUAN": "EVERYONE",
          "LEX": "EVERYONE",
          "WNSENSE": "person%1:03:00"
        },
        "start": 41,
        "end": 50
      },
      "V529528": {
        "id": "V529528",
        "indicator": "F",
        "type": "STRANGE",
        "word": "STRANGE",
        "roles": {
          "ORIENTATION": "LESS",
          "INTENSITY": "MED",
          "FIGURE": "#V529941",
          "SCALE": "NOT-TYPICAL-SCALE",
          "LEX": "STRANGE",
          "WNSENSE": "strange%3:00:00::"
        },
        "start": 59,
        "end": 67
      },
      "root": "#V539977"
    }
  ],
  "inputtags": [],
  "debug": [
    "*last-utt-id*=NIL  utt-id+89",
    "*last-utt-id*=89  utt-id+89",
    "*last-utt-id*=89  utt-id+NIL"
  ]
}
