{
  "parse": [
    {
      "V829492": {
        "id": "V829492",
        "indicator": "SPEECHACT",
        "type": "SA_IDENTIFY",
        "word": null,
        "roles": {
          "CONTENT": "#V829221",
          "LEX": "WISH"
        },
        "start": 0,
        "end": 5
      },
      "V829221": {
        "id": "V829221",
        "indicator": "BARE",
        "type": "REQUEST",
        "word": "WISH",
        "roles": {
          "LEX": "WISH",
          "WNSENSE": "wish%1:10:00::"
        },
        "start": 0,
        "end": 5
      },
      "root": "#V829492"
    },
    {
      "V829336": {
        "id": "V829336",
        "indicator": "SPEECHACT",
        "type": "SA_IDENTIFY",
        "word": null,
        "roles": {
          "CONTENT": "#V829241",
          "LEX": "THEY"
        },
        "start": 5,
        "end": 10
      },
      "V829241": {
        "id": "V829241",
        "indicator": "PRO-SET",
        "type": "REFERENTIAL-SEM",
        "word": "THEY",
        "roles": {
          "PROFORM": "THEY",
          "LEX": "THEY",
          "WNSENSE": "entity%1:03:00"
        },
        "start": 5,
        "end": 10
      },
      "root": "#V829336"
    },
    {
      "V829699": {
        "id": "V829699",
        "indicator": "SPEECHACT",
        "type": "SA_TELL",
        "word": null,
        "roles": {
          "PUNCTYPE": "DECL",
          "CONTENT": "#V829261",
          "LEX": "LISTENED"
        },
        "start": 10,
        "end": 21
      },
      "V829261": {
        "id": "V829261",
        "indicator": "F",
        "type": "ACTIVE-PERCEPTION",
        "word": "LISTEN",
        "roles": {
          "AGENT": "#V829661",
          "TENSE": "PAST",
          "LEX": "LISTENED",
          "WNSENSE": "look%2:39:00"
        },
        "start": 10,
        "end": 21
      },
      "V829661": {
        "id": "V829661",
        "indicator": "THE",
        "type": "SEQUENCE",
        "word": null,
        "roles": {
          "NAME-OF": "(D)",
          "VAL": "(D)",
          "LEX": "D"
        },
        "start": 10,
        "end": 12
      },
      "root": "#V829699"
    },
    {
      "V829490": {
        "id": "V829490",
        "indicator": "SPEECHACT",
        "type": "SA_IDENTIFY",
        "word": null,
        "roles": {
          "CONTENT": "#V829219",
          "LEX": "WISH"
        },
        "start": 0,
        "end": 5
      },
      "V829219": {
        "id": "V829219",
        "indicator": "BARE",
        "type": "REQUEST",
        "word": "WISH",
        "roles": {
          "LEX": "WISH",
          "WNSENSE": "wish%1:10:00::"
        },
        "start": 0,
        "end": 5
      },
      "root": "#V829490"
    },
    {
      "V829336": {
        "id": "V829336",
        "indicator": "SPEECHACT",
        "type": "SA_IDENTIFY",
        "word": null,
        "roles": {
          "CONTENT": "#V829241",
          "LEX": "THEY"
        },
        "start": 5,
        "end": 10
      },
      "V829241": {
        "id": "V829241",
        "indicator": "PRO-SET",
        "type": "REFERENTIAL-SEM",
        "word": "THEY",
        "roles": {
          "PROFORM": "THEY",
          "LEX": "THEY",
          "WNSENSE": "entity%1:03:00"
        },
        "start": 5,
        "end": 10
      },
      "root": "#V829336"
    },
    {
      "V829699": {
        "id": "V829699",
        "indicator": "SPEECHACT",
        "type": "SA_TELL",
        "word": null,
        "roles": {
          "PUNCTYPE": "DECL",
          "CONTENT": "#V829261",
          "LEX": "LISTENED"
        },
        "start": 10,
        "end": 22
      },
      "V829261": {
        "id": "V829261",
        "indicator": "F",
        "type": "ACTIVE-PERCEPTION",
        "word": "LISTEN",
        "roles": {
          "AGENT": "#V829661",
          "TENSE": "PAST",
          "LEX": "LISTENED",
          "WNSENSE": "look%2:39:00"
        },
        "start": 10,
        "end": 21
      },
      "V829661": {
        "id": "V829661",
        "indicator": "THE",
        "type": "SEQUENCE",
        "word": null,
        "roles": {
          "NAME-OF": "(D)",
          "VAL": "(D)",
          "LEX": "D"
        },
        "start": 10,
        "end": 12
      },
      "root": "#V829699"
    },
    {
      "V829488": {
        "id": "V829488",
        "indicator": "SPEECHACT",
        "type": "SA_IDENTIFY",
        "word": null,
        "roles": {
          "CONTENT": "#V829217",
          "LEX": "WISH"
        },
        "start": 0,
        "end": 5
      },
      "V829217": {
        "id": "V829217",
        "indicator": "BARE",
        "type": "REQUEST",
        "word": "WISH",
        "roles": {
          "LEX": "WISH",
          "WNSENSE": "wish%1:10:00::"
        },
        "start": 0,
        "end": 5
      },
      "root": "#V829488"
    },
    {
      "V829336": {
        "id": "V829336",
        "indicator": "SPEECHACT",
        "type": "SA_IDENTIFY",
        "word": null,
        "roles": {
          "CONTENT": "#V829241",
          "LEX": "THEY"
        },
        "start": 5,
        "end": 10
      },
      "V829241": {
        "id": "V829241",
        "indicator": "PRO-SET",
        "type": "REFERENTIAL-SEM",
        "word": "THEY",
        "roles": {
          "PROFORM": "THEY",
          "LEX": "THEY",
          "WNSENSE": "entity%1:03:00"
        },
        "start": 5,
        "end": 10
      },
      "root": "#V829336"
    },
    {
      "V829699": {
        "id": "V829699",
        "indicator": "SPEECHACT",
        "type": "SA_TELL",
        "word": null,
        "roles": {
          "PUNCTYPE": "DECL",
          "CONTENT": "#V829261",
          "LEX": "LISTENED"
        },
        "start": 10,
        "end": 22
      },
      "V829261": {
        "id": "V829261",
        "indicator": "F",
        "type": "ACTIVE-PERCEPTION",
        "word": "LISTEN",
        "roles": {
          "AGENT": "#V829661",
          "TENSE": "PAST",
          "LEX": "LISTENED",
          "WNSENSE": "look%2:39:00"
        },
        "start": 10,
        "end": 21
      },
      "V829661": {
        "id": "V829661",
        "indicator": "THE",
        "type": "SEQUENCE",
        "word": null,
        "roles": {
          "NAME-OF": "(D)",
          "VAL": "(D)",
          "LEX": "D"
        },
        "start": 10,
        "end": 12
      },
      "root": "#V829699"
    },
    {
      "V829486": {
        "id": "V829486",
        "indicator": "SPEECHACT",
        "type": "SA_IDENTIFY",
        "word": null,
        "roles": {
          "CONTENT": "#V829215",
          "LEX": "WISH"
        },
        "start": 0,
        "end": 5
      },
      "V829215": {
        "id": "V829215",
        "indicator": "BARE",
        "type": "REQUEST",
        "word": "WISH",
        "roles": {
          "LEX": "WISH",
          "WNSENSE": "wish%1:10:00::"
        },
        "start": 0,
        "end": 5
      },
      "root": "#V829486"
    },
    {
      "V829336": {
        "id": "V829336",
        "indicator": "SPEECHACT",
        "type": "SA_IDENTIFY",
        "word": null,
        "roles": {
          "CONTENT": "#V829241",
          "LEX": "THEY"
        },
        "start": 5,
        "end": 10
      },
      "V829241": {
        "id": "V829241",
        "indicator": "PRO-SET",
        "type": "REFERENTIAL-SEM",
        "word": "THEY",
        "roles": {
          "PROFORM": "THEY",
          "LEX": "THEY",
          "WNSENSE": "entity%1:03:00"
        },
        "start": 5,
        "end": 10
      },
      "root": "#V829336"
    },
    {
      "V829699": {
        "id": "V829699",
        "indicator": "SPEECHACT",
        "type": "SA_TELL",
        "word": null,
        "roles": {
          "PUNCTYPE": "DECL",
          "CONTENT": "#V829261",
          "LEX": "LISTENED"
        },
        "start": 10,
        "end": 22
      },
      "V829261": {
        "id": "V829261",
        "indicator": "F",
        "type": "ACTIVE-PERCEPTION",
        "word": "LISTEN",
        "roles": {
          "AGENT": "#V829661",
          "TENSE": "PAST",
          "LEX": "LISTENED",
          "WNSENSE": "look%2:39:00"
        },
        "start": 10,
        "end": 21
      },
      "V829661": {
        "id": "V829661",
        "indicator": "THE",
        "type": "SEQUENCE",
        "word": null,
        "roles": {
          "NAME-OF": "(D)",
          "VAL": "(D)",
          "LEX": "D"
        },
        "start": 10,
        "end": 12
      },
      "root": "#V829699"
    },
    {
      "V829484": {
        "id": "V829484",
        "indicator": "SPEECHACT",
        "type": "SA_IDENTIFY",
        "word": null,
        "roles": {
          "CONTENT": "#V829213",
          "LEX": "WISH"
        },
        "start": 0,
        "end": 5
      },
      "V829213": {
        "id": "V829213",
        "indicator": "BARE",
        "type": "REQUEST",
        "word": "WISH",
        "roles": {
          "LEX": "WISH",
          "WNSENSE": "wish%1:10:00::"
        },
        "start": 0,
        "end": 5
      },
      "root": "#V829484"
    },
    {
      "V829336": {
        "id": "V829336",
        "indicator": "SPEECHACT",
        "type": "SA_IDENTIFY",
        "word": null,
        "roles": {
          "CONTENT": "#V829241",
          "LEX": "THEY"
        },
        "start": 5,
        "end": 10
      },
      "V829241": {
        "id": "V829241",
        "indicator": "PRO-SET",
        "type": "REFERENTIAL-SEM",
        "word": "THEY",
        "roles": {
          "PROFORM": "THEY",
          "LEX": "THEY",
          "WNSENSE": "entity%1:03:00"
        },
        "start": 5,
        "end": 10
      },
      "root": "#V829336"
    },
    {
      "V829699": {
        "id": "V829699",
        "indicator": "SPEECHACT",
        "type": "SA_TELL",
        "word": null,
        "roles": {
          "PUNCTYPE": "DECL",
          "CONTENT": "#V829261",
          "LEX": "LISTENED"
        },
        "start": 10,
        "end": 22
      },
      "V829261": {
        "id": "V829261",
        "indicator": "F",
        "type": "ACTIVE-PERCEPTION",
        "word": "LISTEN",
        "roles": {
          "AGENT": "#V829661",
          "TENSE": "PAST",
          "LEX": "LISTENED",
          "WNSENSE": "look%2:39:00"
        },
        "start": 10,
        "end": 21
      },
      "V829661": {
        "id": "V829661",
        "indicator": "THE",
        "type": "SEQUENCE",
        "word": null,
        "roles": {
          "NAME-OF": "(D)",
          "VAL": "(D)",
          "LEX": "D"
        },
        "start": 10,
        "end": 12
      },
      "root": "#V829699"
    },
    {
      "V829482": {
        "id": "V829482",
        "indicator": "SPEECHACT",
        "type": "SA_IDENTIFY",
        "word": null,
        "roles": {
          "CONTENT": "#V829211",
          "LEX": "WISH"
        },
        "start": 0,
        "end": 5
      },
      "V829211": {
        "id": "V829211",
        "indicator": "BARE",
        "type": "REQUEST",
        "word": "WISH",
        "roles": {
          "LEX": "WISH",
          "WNSENSE": "wish%1:10:00::"
        },
        "start": 0,
        "end": 5
      },
      "root": "#V829482"
    },
    {
      "V829336": {
        "id": "V829336",
        "indicator": "SPEECHACT",
        "type": "SA_IDENTIFY",
        "word": null,
        "roles": {
          "CONTENT": "#V829241",
          "LEX": "THEY"
        },
        "start": 5,
        "end": 10
      },
      "V829241": {
        "id": "V829241",
        "indicator": "PRO-SET",
        "type": "REFERENTIAL-SEM",
        "word": "THEY",
        "roles": {
          "PROFORM": "THEY",
          "LEX": "THEY",
          "WNSENSE": "entity%1:03:00"
        },
        "start": 5,
        "end": 10
      },
      "root": "#V829336"
    },
    {
      "V829699": {
        "id": "V829699",
        "indicator": "SPEECHACT",
        "type": "SA_TELL",
        "word": null,
        "roles": {
          "PUNCTYPE": "DECL",
          "CONTENT": "#V829261",
          "LEX": "LISTENED"
        },
        "start": 10,
        "end": 22
      },
      "V829261": {
        "id": "V829261",
        "indicator": "F",
        "type": "ACTIVE-PERCEPTION",
        "word": "LISTEN",
        "roles": {
          "AGENT": "#V829661",
          "TENSE": "PAST",
          "LEX": "LISTENED",
          "WNSENSE": "look%2:39:00"
        },
        "start": 10,
        "end": 21
      },
      "V829661": {
        "id": "V829661",
        "indicator": "THE",
        "type": "SEQUENCE",
        "word": null,
        "roles": {
          "NAME-OF": "(D)",
          "VAL": "(D)",
          "LEX": "D"
        },
        "start": 10,
        "end": 12
      },
      "root": "#V829699"
    },
    {
      "V829480": {
        "id": "V829480",
        "indicator": "SPEECHACT",
        "type": "SA_IDENTIFY",
        "word": null,
        "roles": {
          "CONTENT": "#V829209",
          "LEX": "WISH"
        },
        "start": 0,
        "end": 5
      },
      "V829209": {
        "id": "V829209",
        "indicator": "BARE",
        "type": "REQUEST",
        "word": "WISH",
        "roles": {
          "LEX": "WISH",
          "WNSENSE": "wish%1:10:00::"
        },
        "start": 0,
        "end": 5
      },
      "root": "#V829480"
    },
    {
      "V829336": {
        "id": "V829336",
        "indicator": "SPEECHACT",
        "type": "SA_IDENTIFY",
        "word": null,
        "roles": {
          "CONTENT": "#V829241",
          "LEX": "THEY"
        },
        "start": 5,
        "end": 10
      },
      "V829241": {
        "id": "V829241",
        "indicator": "PRO-SET",
        "type": "REFERENTIAL-SEM",
        "word": "THEY",
        "roles": {
          "PROFORM": "THEY",
          "LEX": "THEY",
          "WNSENSE": "entity%1:03:00"
        },
        "start": 5,
        "end": 10
      },
      "root": "#V829336"
    },
    {
      "V829699": {
        "id": "V829699",
        "indicator": "SPEECHACT",
        "type": "SA_TELL",
        "word": null,
        "roles": {
          "PUNCTYPE": "DECL",
          "CONTENT": "#V829261",
          "LEX": "LISTENED"
        },
        "start": 10,
        "end": 22
      },
      "V829261": {
        "id": "V829261",
        "indicator": "F",
        "type": "ACTIVE-PERCEPTION",
        "word": "LISTEN",
        "roles": {
          "AGENT": "#V829661",
          "TENSE": "PAST",
          "LEX": "LISTENED",
          "WNSENSE": "look%2:39:00"
        },
        "start": 10,
        "end": 21
      },
      "V829661": {
        "id": "V829661",
        "indicator": "THE",
        "type": "SEQUENCE",
        "word": null,
        "roles": {
          "NAME-OF": "(D)",
          "VAL": "(D)",
          "LEX": "D"
        },
        "start": 10,
        "end": 12
      },
      "root": "#V829699"
    },
    {
      "V829478": {
        "id": "V829478",
        "indicator": "SPEECHACT",
        "type": "SA_IDENTIFY",
        "word": null,
        "roles": {
          "CONTENT": "#V829207",
          "LEX": "WISH"
        },
        "start": 0,
        "end": 5
      },
      "V829207": {
        "id": "V829207",
        "indicator": "BARE",
        "type": "REQUEST",
        "word": "WISH",
        "roles": {
          "LEX": "WISH",
          "WNSENSE": "wish%1:10:00::"
        },
        "start": 0,
        "end": 5
      },
      "root": "#V829478"
    },
    {
      "V829336": {
        "id": "V829336",
        "indicator": "SPEECHACT",
        "type": "SA_IDENTIFY",
        "word": null,
        "roles": {
          "CONTENT": "#V829241",
          "LEX": "THEY"
        },
        "start": 5,
        "end": 10
      },
      "V829241": {
        "id": "V829241",
        "indicator": "PRO-SET",
        "type": "REFERENTIAL-SEM",
        "word": "THEY",
        "roles": {
          "PROFORM": "THEY",
          "LEX": "THEY",
          "WNSENSE": "entity%1:03:00"
        },
        "start": 5,
        "end": 10
      },
      "root": "#V829336"
    },
    {
      "V829699": {
        "id": "V829699",
        "indicator": "SPEECHACT",
        "type": "SA_TELL",
        "word": null,
        "roles": {
          "PUNCTYPE": "DECL",
          "CONTENT": "#V829261",
          "LEX": "LISTENED"
        },
        "start": 10,
        "end": 22
      },
      "V829261": {
        "id": "V829261",
        "indicator": "F",
        "type": "ACTIVE-PERCEPTION",
        "word": "LISTEN",
        "roles": {
          "AGENT": "#V829661",
          "TENSE": "PAST",
          "LEX": "LISTENED",
          "WNSENSE": "look%2:39:00"
        },
        "start": 10,
        "end": 21
      },
      "V829661": {
        "id": "V829661",
        "indicator": "THE",
        "type": "SEQUENCE",
        "word": null,
        "roles": {
          "NAME-OF": "(D)",
          "VAL": "(D)",
          "LEX": "D"
        },
        "start": 10,
        "end": 12
      },
      "root": "#V829699"
    },
    {
      "V829476": {
        "id": "V829476",
        "indicator": "SPEECHACT",
        "type": "SA_IDENTIFY",
        "word": null,
        "roles": {
          "CONTENT": "#V829205",
          "LEX": "WISH"
        },
        "start": 0,
        "end": 5
      },
      "V829205": {
        "id": "V829205",
        "indicator": "BARE",
        "type": "REQUEST",
        "word": "WISH",
        "roles": {
          "LEX": "WISH",
          "WNSENSE": "wish%1:10:00::"
        },
        "start": 0,
        "end": 5
      },
      "root": "#V829476"
    },
    {
      "V829336": {
        "id": "V829336",
        "indicator": "SPEECHACT",
        "type": "SA_IDENTIFY",
        "word": null,
        "roles": {
          "CONTENT": "#V829241",
          "LEX": "THEY"
        },
        "start": 5,
        "end": 10
      },
      "V829241": {
        "id": "V829241",
        "indicator": "PRO-SET",
        "type": "REFERENTIAL-SEM",
        "word": "THEY",
        "roles": {
          "PROFORM": "THEY",
          "LEX": "THEY",
          "WNSENSE": "entity%1:03:00"
        },
        "start": 5,
        "end": 10
      },
      "root": "#V829336"
    },
    {
      "V829699": {
        "id": "V829699",
        "indicator": "SPEECHACT",
        "type": "SA_TELL",
        "word": null,
        "roles": {
          "PUNCTYPE": "DECL",
          "CONTENT": "#V829261",
          "LEX": "LISTENED"
        },
        "start": 10,
        "end": 22
      },
      "V829261": {
        "id": "V829261",
        "indicator": "F",
        "type": "ACTIVE-PERCEPTION",
        "word": "LISTEN",
        "roles": {
          "AGENT": "#V829661",
          "TENSE": "PAST",
          "LEX": "LISTENED",
          "WNSENSE": "look%2:39:00"
        },
        "start": 10,
        "end": 21
      },
      "V829661": {
        "id": "V829661",
        "indicator": "THE",
        "type": "SEQUENCE",
        "word": null,
        "roles": {
          "NAME-OF": "(D)",
          "VAL": "(D)",
          "LEX": "D"
        },
        "start": 10,
        "end": 12
      },
      "root": "#V829699"
    },
    {
      "V829474": {
        "id": "V829474",
        "indicator": "SPEECHACT",
        "type": "SA_IDENTIFY",
        "word": null,
        "roles": {
          "CONTENT": "#V829203",
          "LEX": "WISH"
        },
        "start": 0,
        "end": 5
      },
      "V829203": {
        "id": "V829203",
        "indicator": "BARE",
        "type": "REQUEST",
        "word": "WISH",
        "roles": {
          "LEX": "WISH",
          "WNSENSE": "wish%1:10:00::"
        },
        "start": 0,
        "end": 5
      },
      "root": "#V829474"
    },
    {
      "V829336": {
        "id": "V829336",
        "indicator": "SPEECHACT",
        "type": "SA_IDENTIFY",
        "word": null,
        "roles": {
          "CONTENT": "#V829241",
          "LEX": "THEY"
        },
        "start": 5,
        "end": 10
      },
      "V829241": {
        "id": "V829241",
        "indicator": "PRO-SET",
        "type": "REFERENTIAL-SEM",
        "word": "THEY",
        "roles": {
          "PROFORM": "THEY",
          "LEX": "THEY",
          "WNSENSE": "entity%1:03:00"
        },
        "start": 5,
        "end": 10
      },
      "root": "#V829336"
    },
    {
      "V829699": {
        "id": "V829699",
        "indicator": "SPEECHACT",
        "type": "SA_TELL",
        "word": null,
        "roles": {
          "PUNCTYPE": "DECL",
          "CONTENT": "#V829261",
          "LEX": "LISTENED"
        },
        "start": 10,
        "end": 22
      },
      "V829261": {
        "id": "V829261",
        "indicator": "F",
        "type": "ACTIVE-PERCEPTION",
        "word": "LISTEN",
        "roles": {
          "AGENT": "#V829661",
          "TENSE": "PAST",
          "LEX": "LISTENED",
          "WNSENSE": "look%2:39:00"
        },
        "start": 10,
        "end": 21
      },
      "V829661": {
        "id": "V829661",
        "indicator": "THE",
        "type": "SEQUENCE",
        "word": null,
        "roles": {
          "NAME-OF": "(D)",
          "VAL": "(D)",
          "LEX": "D"
        },
        "start": 10,
        "end": 12
      },
      "root": "#V829699"
    },
    {
      "V829472": {
        "id": "V829472",
        "indicator": "SPEECHACT",
        "type": "SA_IDENTIFY",
        "word": null,
        "roles": {
          "CONTENT": "#V829201",
          "LEX": "WISH"
        },
        "start": 0,
        "end": 5
      },
      "V829201": {
        "id": "V829201",
        "indicator": "BARE",
        "type": "REQUEST",
        "word": "WISH",
        "roles": {
          "LEX": "WISH",
          "WNSENSE": "wish%1:10:00::"
        },
        "start": 0,
        "end": 5
      },
      "root": "#V829472"
    },
    {
      "V829336": {
        "id": "V829336",
        "indicator": "SPEECHACT",
        "type": "SA_IDENTIFY",
        "word": null,
        "roles": {
          "CONTENT": "#V829241",
          "LEX": "THEY"
        },
        "start": 5,
        "end": 10
      },
      "V829241": {
        "id": "V829241",
        "indicator": "PRO-SET",
        "type": "REFERENTIAL-SEM",
        "word": "THEY",
        "roles": {
          "PROFORM": "THEY",
          "LEX": "THEY",
          "WNSENSE": "entity%1:03:00"
        },
        "start": 5,
        "end": 10
      },
      "root": "#V829336"
    },
    {
      "V829699": {
        "id": "V829699",
        "indicator": "SPEECHACT",
        "type": "SA_TELL",
        "word": null,
        "roles": {
          "PUNCTYPE": "DECL",
          "CONTENT": "#V829261",
          "LEX": "LISTENED"
        },
        "start": 10,
        "end": 22
      },
      "V829261": {
        "id": "V829261",
        "indicator": "F",
        "type": "ACTIVE-PERCEPTION",
        "word": "LISTEN",
        "roles": {
          "AGENT": "#V829661",
          "TENSE": "PAST",
          "LEX": "LISTENED",
          "WNSENSE": "look%2:39:00"
        },
        "start": 10,
        "end": 21
      },
      "V829661": {
        "id": "V829661",
        "indicator": "THE",
        "type": "SEQUENCE",
        "word": null,
        "roles": {
          "NAME-OF": "(D)",
          "VAL": "(D)",
          "LEX": "D"
        },
        "start": 10,
        "end": 12
      },
      "root": "#V829699"
    },
    {
      "V829470": {
        "id": "V829470",
        "indicator": "SPEECHACT",
        "type": "SA_IDENTIFY",
        "word": null,
        "roles": {
          "CONTENT": "#V829199",
          "LEX": "WISH"
        },
        "start": 0,
        "end": 5
      },
      "V829199": {
        "id": "V829199",
        "indicator": "BARE",
        "type": "REQUEST",
        "word": "WISH",
        "roles": {
          "LEX": "WISH",
          "WNSENSE": "wish%1:10:00::"
        },
        "start": 0,
        "end": 5
      },
      "root": "#V829470"
    },
    {
      "V829336": {
        "id": "V829336",
        "indicator": "SPEECHACT",
        "type": "SA_IDENTIFY",
        "word": null,
        "roles": {
          "CONTENT": "#V829241",
          "LEX": "THEY"
        },
        "start": 5,
        "end": 10
      },
      "V829241": {
        "id": "V829241",
        "indicator": "PRO-SET",
        "type": "REFERENTIAL-SEM",
        "word": "THEY",
        "roles": {
          "PROFORM": "THEY",
          "LEX": "THEY",
          "WNSENSE": "entity%1:03:00"
        },
        "start": 5,
        "end": 10
      },
      "root": "#V829336"
    },
    {
      "V829699": {
        "id": "V829699",
        "indicator": "SPEECHACT",
        "type": "SA_TELL",
        "word": null,
        "roles": {
          "PUNCTYPE": "DECL",
          "CONTENT": "#V829261",
          "LEX": "LISTENED"
        },
        "start": 10,
        "end": 22
      },
      "V829261": {
        "id": "V829261",
        "indicator": "F",
        "type": "ACTIVE-PERCEPTION",
        "word": "LISTEN",
        "roles": {
          "AGENT": "#V829661",
          "TENSE": "PAST",
          "LEX": "LISTENED",
          "WNSENSE": "look%2:39:00"
        },
        "start": 10,
        "end": 21
      },
      "V829661": {
        "id": "V829661",
        "indicator": "THE",
        "type": "SEQUENCE",
        "word": null,
        "roles": {
          "NAME-OF": "(D)",
          "VAL": "(D)",
          "LEX": "D"
        },
        "start": 10,
        "end": 12
      },
      "root": "#V829699"
    },
    {
      "V829468": {
        "id": "V829468",
        "indicator": "SPEECHACT",
        "type": "SA_IDENTIFY",
        "word": null,
        "roles": {
          "CONTENT": "#V829197",
          "LEX": "WISH"
        },
        "start": 0,
        "end": 5
      },
      "V829197": {
        "id": "V829197",
        "indicator": "BARE",
        "type": "REQUEST",
        "word": "WISH",
        "roles": {
          "LEX": "WISH",
          "WNSENSE": "wish%1:10:00::"
        },
        "start": 0,
        "end": 5
      },
      "root": "#V829468"
    },
    {
      "V829336": {
        "id": "V829336",
        "indicator": "SPEECHACT",
        "type": "SA_IDENTIFY",
        "word": null,
        "roles": {
          "CONTENT": "#V829241",
          "LEX": "THEY"
        },
        "start": 5,
        "end": 10
      },
      "V829241": {
        "id": "V829241",
        "indicator": "PRO-SET",
        "type": "REFERENTIAL-SEM",
        "word": "THEY",
        "roles": {
          "PROFORM": "THEY",
          "LEX": "THEY",
          "WNSENSE": "entity%1:03:00"
        },
        "start": 5,
        "end": 10
      },
      "root": "#V829336"
    },
    {
      "V829699": {
        "id": "V829699",
        "indicator": "SPEECHACT",
        "type": "SA_TELL",
        "word": null,
        "roles": {
          "PUNCTYPE": "DECL",
          "CONTENT": "#V829261",
          "LEX": "LISTENED"
        },
        "start": 10,
        "end": 22
      },
      "V829261": {
        "id": "V829261",
        "indicator": "F",
        "type": "ACTIVE-PERCEPTION",
        "word": "LISTEN",
        "roles": {
          "AGENT": "#V829661",
          "TENSE": "PAST",
          "LEX": "LISTENED",
          "WNSENSE": "look%2:39:00"
        },
        "start": 10,
        "end": 21
      },
      "V829661": {
        "id": "V829661",
        "indicator": "THE",
        "type": "SEQUENCE",
        "word": null,
        "roles": {
          "NAME-OF": "(D)",
          "VAL": "(D)",
          "LEX": "D"
        },
        "start": 10,
        "end": 12
      },
      "root": "#V829699"
    },
    {
      "V829492": {
        "id": "V829492",
        "indicator": "SPEECHACT",
        "type": "SA_IDENTIFY",
        "word": null,
        "roles": {
          "CONTENT": "#V829221",
          "LEX": "WISH"
        },
        "start": 0,
        "end": 5
      },
      "V829221": {
        "id": "V829221",
        "indicator": "BARE",
        "type": "REQUEST",
        "word": "WISH",
        "roles": {
          "LEX": "WISH",
          "WNSENSE": "wish%1:10:00::"
        },
        "start": 0,
        "end": 5
      },
      "root": "#V829492"
    },
    {
      "V829367": {
        "id": "V829367",
        "indicator": "SPEECHACT",
        "type": "SA_IDENTIFY",
        "word": null,
        "roles": {
          "CONTENT": "#V829301",
          "LEX": "-"
        },
        "start": 5,
        "end": 10
      },
      "V829301": {
        "id": "V829301",
        "indicator": "THE",
        "type": "QUANTITY-ABSTR",
        "word": null,
        "roles": {
          "FIGURE": "#V829241"
        },
        "start": 5,
        "end": 10
      },
      "V829241": {
        "id": "V829241",
        "indicator": "PRO-SET",
        "type": "REFERENTIAL-SEM",
        "word": "THEY",
        "roles": {
          "PROFORM": "THEY",
          "LEX": "THEY",
          "WNSENSE": "entity%1:03:00"
        },
        "start": 5,
        "end": 10
      },
      "root": "#V829367"
    },
    {
      "V829699": {
        "id": "V829699",
        "indicator": "SPEECHACT",
        "type": "SA_TELL",
        "word": null,
        "roles": {
          "PUNCTYPE": "DECL",
          "CONTENT": "#V829261",
          "LEX": "LISTENED"
        },
        "start": 10,
        "end": 22
      },
      "V829261": {
        "id": "V829261",
        "indicator": "F",
        "type": "ACTIVE-PERCEPTION",
        "word": "LISTEN",
        "roles": {
          "AGENT": "#V829661",
          "TENSE": "PAST",
          "LEX": "LISTENED",
          "WNSENSE": "look%2:39:00"
        },
        "start": 10,
        "end": 21
      },
      "V829661": {
        "id": "V829661",
        "indicator": "THE",
        "type": "SEQUENCE",
        "word": null,
        "roles": {
          "NAME-OF": "(D)",
          "VAL": "(D)",
          "LEX": "D"
        },
        "start": 10,
        "end": 12
      },
      "root": "#V829699"
    },
    {
      "V829490": {
        "id": "V829490",
        "indicator": "SPEECHACT",
        "type": "SA_IDENTIFY",
        "word": null,
        "roles": {
          "CONTENT": "#V829219",
          "LEX": "WISH"
        },
        "start": 0,
        "end": 5
      },
      "V829219": {
        "id": "V829219",
        "indicator": "BARE",
        "type": "REQUEST",
        "word": "WISH",
        "roles": {
          "LEX": "WISH",
          "WNSENSE": "wish%1:10:00::"
        },
        "start": 0,
        "end": 5
      },
      "root": "#V829490"
    },
    {
      "V829367": {
        "id": "V829367",
        "indicator": "SPEECHACT",
        "type": "SA_IDENTIFY",
        "word": null,
        "roles": {
          "CONTENT": "#V829301",
          "LEX": "-"
        },
        "start": 5,
        "end": 10
      },
      "V829301": {
        "id": "V829301",
        "indicator": "THE",
        "type": "QUANTITY-ABSTR",
        "word": null,
        "roles": {
          "FIGURE": "#V829241"
        },
        "start": 5,
        "end": 10
      },
      "V829241": {
        "id": "V829241",
        "indicator": "PRO-SET",
        "type": "REFERENTIAL-SEM",
        "word": "THEY",
        "roles": {
          "PROFORM": "THEY",
          "LEX": "THEY",
          "WNSENSE": "entity%1:03:00"
        },
        "start": 5,
        "end": 10
      },
      "root": "#V829367"
    },
    {
      "V829699": {
        "id": "V829699",
        "indicator": "SPEECHACT",
        "type": "SA_TELL",
        "word": null,
        "roles": {
          "PUNCTYPE": "DECL",
          "CONTENT": "#V829261",
          "LEX": "LISTENED"
        },
        "start": 10,
        "end": 22
      },
      "V829261": {
        "id": "V829261",
        "indicator": "F",
        "type": "ACTIVE-PERCEPTION",
        "word": "LISTEN",
        "roles": {
          "AGENT": "#V829661",
          "TENSE": "PAST",
          "LEX": "LISTENED",
          "WNSENSE": "look%2:39:00"
        },
        "start": 10,
        "end": 21
      },
      "V829661": {
        "id": "V829661",
        "indicator": "THE",
        "type": "SEQUENCE",
        "word": null,
        "roles": {
          "NAME-OF": "(D)",
          "VAL": "(D)",
          "LEX": "D"
        },
        "start": 10,
        "end": 12
      },
      "root": "#V829699"
    },
    {
      "V829488": {
        "id": "V829488",
        "indicator": "SPEECHACT",
        "type": "SA_IDENTIFY",
        "word": null,
        "roles": {
          "CONTENT": "#V829217",
          "LEX": "WISH"
        },
        "start": 0,
        "end": 5
      },
      "V829217": {
        "id": "V829217",
        "indicator": "BARE",
        "type": "REQUEST",
        "word": "WISH",
        "roles": {
          "LEX": "WISH",
          "WNSENSE": "wish%1:10:00::"
        },
        "start": 0,
        "end": 5
      },
      "root": "#V829488"
    },
    {
      "V829367": {
        "id": "V829367",
        "indicator": "SPEECHACT",
        "type": "SA_IDENTIFY",
        "word": null,
        "roles": {
          "CONTENT": "#V829301",
          "LEX": "-"
        },
        "start": 5,
        "end": 10
      },
      "V829301": {
        "id": "V829301",
        "indicator": "THE",
        "type": "QUANTITY-ABSTR",
        "word": null,
        "roles": {
          "FIGURE": "#V829241"
        },
        "start": 5,
        "end": 10
      },
      "V829241": {
        "id": "V829241",
        "indicator": "PRO-SET",
        "type": "REFERENTIAL-SEM",
        "word": "THEY",
        "roles": {
          "PROFORM": "THEY",
          "LEX": "THEY",
          "WNSENSE": "entity%1:03:00"
        },
        "start": 5,
        "end": 10
      },
      "root": "#V829367"
    },
    {
      "V829699": {
        "id": "V829699",
        "indicator": "SPEECHACT",
        "type": "SA_TELL",
        "word": null,
        "roles": {
          "PUNCTYPE": "DECL",
          "CONTENT": "#V829261",
          "LEX": "LISTENED"
        },
        "start": 10,
        "end": 22
      },
      "V829261": {
        "id": "V829261",
        "indicator": "F",
        "type": "ACTIVE-PERCEPTION",
        "word": "LISTEN",
        "roles": {
          "AGENT": "#V829661",
          "TENSE": "PAST",
          "LEX": "LISTENED",
          "WNSENSE": "look%2:39:00"
        },
        "start": 10,
        "end": 21
      },
      "V829661": {
        "id": "V829661",
        "indicator": "THE",
        "type": "SEQUENCE",
        "word": null,
        "roles": {
          "NAME-OF": "(D)",
          "VAL": "(D)",
          "LEX": "D"
        },
        "start": 10,
        "end": 12
      },
      "root": "#V829699"
    },
    {
      "V829486": {
        "id": "V829486",
        "indicator": "SPEECHACT",
        "type": "SA_IDENTIFY",
        "word": null,
        "roles": {
          "CONTENT": "#V829215",
          "LEX": "WISH"
        },
        "start": 0,
        "end": 5
      },
      "V829215": {
        "id": "V829215",
        "indicator": "BARE",
        "type": "REQUEST",
        "word": "WISH",
        "roles": {
          "LEX": "WISH",
          "WNSENSE": "wish%1:10:00::"
        },
        "start": 0,
        "end": 5
      },
      "root": "#V829486"
    },
    {
      "V829367": {
        "id": "V829367",
        "indicator": "SPEECHACT",
        "type": "SA_IDENTIFY",
        "word": null,
        "roles": {
          "CONTENT": "#V829301",
          "LEX": "-"
        },
        "start": 5,
        "end": 10
      },
      "V829301": {
        "id": "V829301",
        "indicator": "THE",
        "type": "QUANTITY-ABSTR",
        "word": null,
        "roles": {
          "FIGURE": "#V829241"
        },
        "start": 5,
        "end": 10
      },
      "V829241": {
        "id": "V829241",
        "indicator": "PRO-SET",
        "type": "REFERENTIAL-SEM",
        "word": "THEY",
        "roles": {
          "PROFORM": "THEY",
          "LEX": "THEY",
          "WNSENSE": "entity%1:03:00"
        },
        "start": 5,
        "end": 10
      },
      "root": "#V829367"
    },
    {
      "V829699": {
        "id": "V829699",
        "indicator": "SPEECHACT",
        "type": "SA_TELL",
        "word": null,
        "roles": {
          "PUNCTYPE": "DECL",
          "CONTENT": "#V829261",
          "LEX": "LISTENED"
        },
        "start": 10,
        "end": 22
      },
      "V829261": {
        "id": "V829261",
        "indicator": "F",
        "type": "ACTIVE-PERCEPTION",
        "word": "LISTEN",
        "roles": {
          "AGENT": "#V829661",
          "TENSE": "PAST",
          "LEX": "LISTENED",
          "WNSENSE": "look%2:39:00"
        },
        "start": 10,
        "end": 21
      },
      "V829661": {
        "id": "V829661",
        "indicator": "THE",
        "type": "SEQUENCE",
        "word": null,
        "roles": {
          "NAME-OF": "(D)",
          "VAL": "(D)",
          "LEX": "D"
        },
        "start": 10,
        "end": 12
      },
      "root": "#V829699"
    },
    {
      "V829484": {
        "id": "V829484",
        "indicator": "SPEECHACT",
        "type": "SA_IDENTIFY",
        "word": null,
        "roles": {
          "CONTENT": "#V829213",
          "LEX": "WISH"
        },
        "start": 0,
        "end": 5
      },
      "V829213": {
        "id": "V829213",
        "indicator": "BARE",
        "type": "REQUEST",
        "word": "WISH",
        "roles": {
          "LEX": "WISH",
          "WNSENSE": "wish%1:10:00::"
        },
        "start": 0,
        "end": 5
      },
      "root": "#V829484"
    },
    {
      "V829367": {
        "id": "V829367",
        "indicator": "SPEECHACT",
        "type": "SA_IDENTIFY",
        "word": null,
        "roles": {
          "CONTENT": "#V829301",
          "LEX": "-"
        },
        "start": 5,
        "end": 10
      },
      "V829301": {
        "id": "V829301",
        "indicator": "THE",
        "type": "QUANTITY-ABSTR",
        "word": null,
        "roles": {
          "FIGURE": "#V829241"
        },
        "start": 5,
        "end": 10
      },
      "V829241": {
        "id": "V829241",
        "indicator": "PRO-SET",
        "type": "REFERENTIAL-SEM",
        "word": "THEY",
        "roles": {
          "PROFORM": "THEY",
          "LEX": "THEY",
          "WNSENSE": "entity%1:03:00"
        },
        "start": 5,
        "end": 10
      },
      "root": "#V829367"
    },
    {
      "V829699": {
        "id": "V829699",
        "indicator": "SPEECHACT",
        "type": "SA_TELL",
        "word": null,
        "roles": {
          "PUNCTYPE": "DECL",
          "CONTENT": "#V829261",
          "LEX": "LISTENED"
        },
        "start": 10,
        "end": 22
      },
      "V829261": {
        "id": "V829261",
        "indicator": "F",
        "type": "ACTIVE-PERCEPTION",
        "word": "LISTEN",
        "roles": {
          "AGENT": "#V829661",
          "TENSE": "PAST",
          "LEX": "LISTENED",
          "WNSENSE": "look%2:39:00"
        },
        "start": 10,
        "end": 21
      },
      "V829661": {
        "id": "V829661",
        "indicator": "THE",
        "type": "SEQUENCE",
        "word": null,
        "roles": {
          "NAME-OF": "(D)",
          "VAL": "(D)",
          "LEX": "D"
        },
        "start": 10,
        "end": 12
      },
      "root": "#V829699"
    },
    {
      "V829482": {
        "id": "V829482",
        "indicator": "SPEECHACT",
        "type": "SA_IDENTIFY",
        "word": null,
        "roles": {
          "CONTENT": "#V829211",
          "LEX": "WISH"
        },
        "start": 0,
        "end": 5
      },
      "V829211": {
        "id": "V829211",
        "indicator": "BARE",
        "type": "REQUEST",
        "word": "WISH",
        "roles": {
          "LEX": "WISH",
          "WNSENSE": "wish%1:10:00::"
        },
        "start": 0,
        "end": 5
      },
      "root": "#V829482"
    },
    {
      "V829367": {
        "id": "V829367",
        "indicator": "SPEECHACT",
        "type": "SA_IDENTIFY",
        "word": null,
        "roles": {
          "CONTENT": "#V829301",
          "LEX": "-"
        },
        "start": 5,
        "end": 10
      },
      "V829301": {
        "id": "V829301",
        "indicator": "THE",
        "type": "QUANTITY-ABSTR",
        "word": null,
        "roles": {
          "FIGURE": "#V829241"
        },
        "start": 5,
        "end": 10
      },
      "V829241": {
        "id": "V829241",
        "indicator": "PRO-SET",
        "type": "REFERENTIAL-SEM",
        "word": "THEY",
        "roles": {
          "PROFORM": "THEY",
          "LEX": "THEY",
          "WNSENSE": "entity%1:03:00"
        },
        "start": 5,
        "end": 10
      },
      "root": "#V829367"
    },
    {
      "V829699": {
        "id": "V829699",
        "indicator": "SPEECHACT",
        "type": "SA_TELL",
        "word": null,
        "roles": {
          "PUNCTYPE": "DECL",
          "CONTENT": "#V829261",
          "LEX": "LISTENED"
        },
        "start": 10,
        "end": 22
      },
      "V829261": {
        "id": "V829261",
        "indicator": "F",
        "type": "ACTIVE-PERCEPTION",
        "word": "LISTEN",
        "roles": {
          "AGENT": "#V829661",
          "TENSE": "PAST",
          "LEX": "LISTENED",
          "WNSENSE": "look%2:39:00"
        },
        "start": 10,
        "end": 21
      },
      "V829661": {
        "id": "V829661",
        "indicator": "THE",
        "type": "SEQUENCE",
        "word": null,
        "roles": {
          "NAME-OF": "(D)",
          "VAL": "(D)",
          "LEX": "D"
        },
        "start": 10,
        "end": 12
      },
      "root": "#V829699"
    },
    {
      "V829480": {
        "id": "V829480",
        "indicator": "SPEECHACT",
        "type": "SA_IDENTIFY",
        "word": null,
        "roles": {
          "CONTENT": "#V829209",
          "LEX": "WISH"
        },
        "start": 0,
        "end": 5
      },
      "V829209": {
        "id": "V829209",
        "indicator": "BARE",
        "type": "REQUEST",
        "word": "WISH",
        "roles": {
          "LEX": "WISH",
          "WNSENSE": "wish%1:10:00::"
        },
        "start": 0,
        "end": 5
      },
      "root": "#V829480"
    },
    {
      "V829367": {
        "id": "V829367",
        "indicator": "SPEECHACT",
        "type": "SA_IDENTIFY",
        "word": null,
        "roles": {
          "CONTENT": "#V829301",
          "LEX": "-"
        },
        "start": 5,
        "end": 10
      },
      "V829301": {
        "id": "V829301",
        "indicator": "THE",
        "type": "QUANTITY-ABSTR",
        "word": null,
        "roles": {
          "FIGURE": "#V829241"
        },
        "start": 5,
        "end": 10
      },
      "V829241": {
        "id": "V829241",
        "indicator": "PRO-SET",
        "type": "REFERENTIAL-SEM",
        "word": "THEY",
        "roles": {
          "PROFORM": "THEY",
          "LEX": "THEY",
          "WNSENSE": "entity%1:03:00"
        },
        "start": 5,
        "end": 10
      },
      "root": "#V829367"
    },
    {
      "V829699": {
        "id": "V829699",
        "indicator": "SPEECHACT",
        "type": "SA_TELL",
        "word": null,
        "roles": {
          "PUNCTYPE": "DECL",
          "CONTENT": "#V829261",
          "LEX": "LISTENED"
        },
        "start": 10,
        "end": 22
      },
      "V829261": {
        "id": "V829261",
        "indicator": "F",
        "type": "ACTIVE-PERCEPTION",
        "word": "LISTEN",
        "roles": {
          "AGENT": "#V829661",
          "TENSE": "PAST",
          "LEX": "LISTENED",
          "WNSENSE": "look%2:39:00"
        },
        "start": 10,
        "end": 21
      },
      "V829661": {
        "id": "V829661",
        "indicator": "THE",
        "type": "SEQUENCE",
        "word": null,
        "roles": {
          "NAME-OF": "(D)",
          "VAL": "(D)",
          "LEX": "D"
        },
        "start": 10,
        "end": 12
      },
      "root": "#V829699"
    }
  ],
  "inputtags": [],
  "debug": [
    "*last-utt-id*=NIL  utt-id+160",
    "*last-utt-id*=160  utt-id+160",
    "*last-utt-id*=160  utt-id+160",
    "*last-utt-id*=160  utt-id+NIL"
  ]
}
