{
  "parse": [
    {
      "V1772046": {
        "id": "V1772046",
        "indicator": "SPEECHACT",
        "type": "SA_IDENTIFY",
        "word": null,
        "roles": {
          "PUNCTYPE": "DECL",
          "CONTENT": "#V1772034",
          "LEX": "-"
        },
        "start": 0,
        "end": 34
      },
      "V1772034": {
        "id": "V1772034",
        "indicator": "THE",
        "type": "QUANTITY-ABSTR",
        "word": null,
        "roles": {
          "FIGURE": "#V1769898"
        },
        "start": 0,
        "end": 34
      },
      "V1769898": {
        "id": "V1769898",
        "indicator": "WH-TERM",
        "type": "REFERENTIAL-SEM",
        "word": "WHAT",
        "roles": {
          "SUCHTHAT": "#V1770012",
          "PROFORM": "WHAT",
          "LEX": "WHAT",
          "WNSENSE": "entity%1:03:00"
        },
        "start": 0,
        "end": 34
      },
      "V1770012": {
        "id": "V1770012",
        "indicator": "F",
        "type": "FAIL",
        "word": "MESSED-UP",
        "roles": {
          "AGENT": "#V1769912",
          "NEUTRAL": "#V1769898",
          "TENSE": "PAST",
          "LEX": "MESSED-UP",
          "WNSENSE": "mess_up%2:41:00"
        },
        "start": 6,
        "end": 34
      },
      "V1769912": {
        "id": "V1769912",
        "indicator": "THE",
        "type": "BODILY-PROCESS",
        "word": "FUCK",
        "roles": {
          "MOD": "#V1769926",
          "LEX": "FUCK",
          "WNSENSE": "fuck%1:04:00::"
        },
        "start": 6,
        "end": 24
      },
      "V1769926": {
        "id": "V1769926",
        "indicator": "F",
        "type": "BE",
        "word": "BE",
        "roles": {
          "NEUTRAL": "#V1769916",
          "NEUTRAL1": "#V1769912",
          "TENSE": "PRES",
          "LEX": "IS",
          "WNSENSE": "be%2:42:06::"
        },
        "start": 16,
        "end": 24
      },
      "V1769916": {
        "id": "V1769916",
        "indicator": "PRO",
        "type": "REFERENTIAL-SEM",
        "word": "THIS",
        "roles": {
          "PROFORM": "THIS",
          "LEX": "THIS",
          "WNSENSE": "entity%1:03:00"
        },
        "start": 16,
        "end": 21
      },
      "root": "#V1772046"
    },
    {
      "V1772582": {
        "id": "V1772582",
        "indicator": "SPEECHACT",
        "type": "SA_IDENTIFY",
        "word": null,
        "roles": {
          "CONTENT": "#V1772579",
          "LEX": "-"
        },
        "start": 36,
        "end": 36
      },
      "V1772579": {
        "id": "V1772579",
        "indicator": "THE",
        "type": "QUANTITY-ABSTR",
        "word": null,
        "roles": {
          "FIGURE": "#V1772574",
          "COREF": "#V1772034"
        },
        "start": 36,
        "end": 36
      },
      "V1772574": {
        "id": "V1772574",
        "indicator": "BARE",
        "type": "REFERENTIAL-SEM",
        "word": "|...|",
        "roles": {
          "LEX": "|...|",
          "WNSENSE": "entity%1:03:00"
        },
        "start": 36,
        "end": 36
      },
      "root": "#V1772582"
    }
  ],
  "inputtags": [],
  "debug": [
    "*last-utt-id*=NIL  utt-id+345",
    "*last-utt-id*=345  utt-id+NIL",
    "*last-utt-id*=NIL  utt-id+346",
    "*last-utt-id*=346  utt-id+NIL"
  ]
}
