{
  "parse": [
    {
      "V683113": {
        "id": "V683113",
        "indicator": "F",
        "type": "SUCK",
        "word": "SUCK",
        "roles": {
          "AGENT": "#V683104",
          "TENSE": "PRES",
          "LEX": "SUCK",
          "WNSENSE": "suck%1:04:00::"
        },
        "start": 1,
        "end": 8
      },
      "V683104": {
        "id": "V683104",
        "indicator": "PRO",
        "type": "PERSON",
        "word": "YOU",
        "roles": {
          "PROFORM": "YOU",
          "LEX": "YOU",
          "WNSENSE": "person%1:03:00",
          "COREF": "SYS"
        },
        "start": 1,
        "end": 5
      },
      "root": "#V683113"
    }
  ],
  "inputtags": [],
  "debug": [
    "*last-utt-id*=NIL  utt-id+132",
    "*last-utt-id*=132  utt-id+NIL"
  ]
}
