{
  "parse": [
    {
      "V674396": {
        "id": "V674396",
        "indicator": "SPEECHACT",
        "type": "SA_WH-QUESTION",
        "word": null,
        "roles": {
          "PUNCTYPE": "YNQ",
          "CONTENT": "#V673425",
          "FOCUS": "#V673569",
          "LEX": "THINK"
        },
        "start": 0,
        "end": 53
      },
      "V673425": {
        "id": "V673425",
        "indicator": "F",
        "type": "BELIEVE",
        "word": "THINK",
        "roles": {
          "EXPERIENCER": "#V673417",
          "FORMAL": "#V673467",
          "MOD": "#V673395",
          "TENSE": "PRES",
          "MODALITY": "(:* DO DO)",
          "LEX": "THINK",
          "WNSENSE": "think%2:31:01::"
        },
        "start": 0,
        "end": 53
      },
      "V673395": {
        "id": "V673395",
        "indicator": "F",
        "type": "REASON-FOR",
        "word": "WHY",
        "roles": {
          "GROUND": "#V673569",
          "FIGURE": "#V673425",
          "LEX": "WHY"
        },
        "start": 0,
        "end": 4
      },
      "V673569": {
        "id": "V673569",
        "indicator": "WH-TERM",
        "type": "REASON",
        "word": null,
        "roles": {
          "PROFORM": "WHY",
          "SUCHTHAT": "#V673395"
        },
        "start": 0,
        "end": 4
      },
      "V673417": {
        "id": "V673417",
        "indicator": "INDEF-SET",
        "type": "MALE-PERSON",
        "word": "MAN",
        "roles": {
          "MOD": "#V673414",
          "LEX": "MEN",
          "WNSENSE": "man%1:18:00::"
        },
        "start": 7,
        "end": 19
      },
      "V673414": {
        "id": "V673414",
        "indicator": "F",
        "type": "STRANGE",
        "word": "STRANGE",
        "roles": {
          "ORIENTATION": "LESS",
          "INTENSITY": "MED",
          "FIGURE": "#V673417",
          "SCALE": "NOT-TYPICAL-SCALE",
          "LEX": "STRANGE",
          "WNSENSE": "strange%3:00:00::"
        },
        "start": 7,
        "end": 15
      },
      "V673467": {
        "id": "V673467",
        "indicator": "F",
        "type": "HAVE-PROPERTY",
        "word": null,
        "roles": {
          "FORMAL": "#V673481",
          "PROP": "+",
          "TENSE": "PRES",
          "LEX": "^S",
          "WNSENSE": "be%2:42:03::"
        },
        "start": 25,
        "end": 53
      },
      "V673439": {
        "id": "V673439",
        "indicator": "PRO",
        "type": "EXPLETIVE",
        "word": null,
        "roles": {
          "PROFORM": "IT",
          "LEX": "IT"
        },
        "start": 25,
        "end": 28
      },
      "V673481": {
        "id": "V673481",
        "indicator": "F",
        "type": "GOOD",
        "word": "OKAY",
        "roles": {
          "ORIENTATION": "MORE",
          "INTENSITY": "LO",
          "FIGURE": "#V673519",
          "SCALE": "GOODNESS-SCALE",
          "LEX": "OKAY",
          "WNSENSE": "okay%5:00:00:satisfactory:00"
        },
        "start": 31,
        "end": 53
      },
      "V673519": {
        "id": "V673519",
        "indicator": "F",
        "type": "CONNECTED",
        "word": "TOUCH",
        "roles": {
          "NEUTRAL1": "#V673913",
          "VFORM": "BASE",
          "LEX": "TOUCH",
          "WNSENSE": "touch%2:35:01::"
        },
        "start": 36,
        "end": 53
      },
      "V673913": {
        "id": "V673913",
        "indicator": "THE",
        "type": "QUANTITY-ABSTR",
        "word": null,
        "roles": {
          "FIGURE": "#V673532"
        },
        "start": 45,
        "end": 53
      },
      "V673532": {
        "id": "V673532",
        "indicator": "THE-SET",
        "type": "ATTRIBUTE",
        "word": "TATS",
        "roles": {
          "ASSOC-POSS": "#V673528",
          "LEX": "TATS",
          "WNSENSE": "dimension%1:09:00"
        },
        "start": 45,
        "end": 53
      },
      "V673528": {
        "id": "V673528",
        "indicator": "PRO",
        "type": "PERSON",
        "word": "MY",
        "roles": {
          "LEX": "MY",
          "PROFORM": "MY",
          "WNSENSE": "person%1:03:00",
          "COREF": "USER"
        },
        "start": 45,
        "end": 53
      },
      "root": "#V674396"
    }
  ],
  "inputtags": [],
  "debug": [
    "*last-utt-id*=NIL  utt-id+116",
    "*last-utt-id*=116  utt-id+NIL"
  ]
}
