{
  "parse": [
    {
      "V201063": {
        "id": "V201063",
        "indicator": "SA-SEQ",
        "type": "SPEECH-ACT",
        "word": null,
        "roles": {
          "ACT": "#V200991",
          "ACT1": "#V201103",
          "LEX": "TIME"
        },
        "start": 0,
        "end": 15
      },
      "V200991": {
        "id": "V200991",
        "indicator": "SPEECHACT",
        "type": "SA_RESPONSE",
        "word": null,
        "roles": {
          "CONTENT": "POS",
          "LEX": "YES"
        },
        "start": 0,
        "end": 4
      },
      "V201103": {
        "id": "V201103",
        "indicator": "SPEECHACT",
        "type": "SA_WH-QUESTION",
        "word": null,
        "roles": {
          "CONTENT": "#V200972",
          "FOCUS": "#V200972",
          "PUNCTYPE": "YNQ",
          "LEX": "TIME"
        },
        "start": 4,
        "end": 15
      },
      "V200972": {
        "id": "V200972",
        "indicator": "WH-TERM",
        "type": "TIME-OBJECT",
        "word": "TIME",
        "roles": {
          "QUAN": "WHICH",
          "SCALE": "TIME-LOC-SCALE",
          "LEX": "TIME"
        },
        "start": 4,
        "end": 15
      },
      "root": "#V201063"
    }
  ],
  "inputtags": [],
  "debug": [
    "*last-utt-id*=NIL  utt-id+36",
    "*last-utt-id*=36  utt-id+36",
    "*last-utt-id*=36  utt-id+NIL"
  ]
}
