{
  "parse": [
    {
      "V2275078": {
        "id": "V2275078",
        "indicator": "SPEECHACT",
        "type": "SA_TELL",
        "word": null,
        "roles": {
          "CONTENT": "#V2274976",
          "LEX": "WATCH"
        },
        "start": 0,
        "end": 4
      },
      "V2274976": {
        "id": "V2274976",
        "indicator": "F",
        "type": "SCRUTINY",
        "word": "WATCH",
        "roles": {
          "AGENT": "#V2275079",
          "TENSE": "PRES",
          "LEX": "WATCH",
          "WNSENSE": "watch%1:04:00::"
        },
        "start": 0,
        "end": 4
      },
      "V2275079": {
        "id": "V2275079",
        "indicator": "IMPRO",
        "type": "REFERENTIAL-SEM",
        "word": null,
        "roles": {
          "PROFORM": "SUBJ"
        },
        "start": 0,
        "end": 4
      },
      "root": "#V2275078"
    }
  ],
  "inputtags": [],
  "debug": [
    "*last-utt-id*=NIL  utt-id+363",
    "*last-utt-id*=363  utt-id+NIL"
  ]
}
