{
  "parse": [
    {
      "V696420": {
        "id": "V696420",
        "indicator": "SPEECHACT",
        "type": "SA_TELL",
        "word": null,
        "roles": {
          "CONTENT": "#V694775",
          "MOD": "#V694705",
          "LEX": "IS"
        },
        "start": 0,
        "end": 51
      },
      "V694705": {
        "id": "V694705",
        "indicator": "F",
        "type": "CONJUNCT",
        "word": "BUT",
        "roles": {
          "FIGURE": "#V696420",
          "LEX": "BUT",
          "WNSENSE": "but%4:02:01::"
        },
        "start": 0,
        "end": 4
      },
      "V694775": {
        "id": "V694775",
        "indicator": "F",
        "type": "BE",
        "word": "BE",
        "roles": {
          "TIME": [
            "#V694711",
            "#V694789"
          ],
          "NEUTRAL": "#V694766",
          "NEUTRAL1": "#V694802",
          "TENSE": "PRES",
          "LEX": "IS"
        },
        "start": 4,
        "end": 51
      },
      "V694711": {
        "id": "V694711",
        "indicator": "F",
        "type": "SINCE",
        "word": "SINCE",
        "roles": {
          "GROUND": "#V695349",
          "FIGURE": "#V694775",
          "LEX": "SINCE"
        },
        "start": 4,
        "end": 33
      },
      "V695349": {
        "id": "V695349",
        "indicator": "THE",
        "type": "QUANTITY-ABSTR",
        "word": null,
        "roles": {
          "FIGURE": "#V694763"
        },
        "start": 10,
        "end": 33
      },
      "V694763": {
        "id": "V694763",
        "indicator": "BARE",
        "type": "MALE-PERSON",
        "word": "MAN",
        "roles": {
          "ASSOC-WITH1": "#V694720",
          "ASSOC-WITH": "#V694738",
          "LEX": "MAN",
          "WNSENSE": "man%1:18:00::"
        },
        "start": 10,
        "end": 33
      },
      "V694720": {
        "id": "V694720",
        "indicator": "KIND",
        "type": "CONTENT",
        "word": "MESSAGE",
        "roles": {
          "MOD": "#V694717",
          "LEX": "MESSAGE",
          "WNSENSE": "message%1:10:00::"
        },
        "start": 10,
        "end": 33
      },
      "V694717": {
        "id": "V694717",
        "indicator": "F",
        "type": "INSTANTANEOUS-VAL",
        "word": "INSTANT",
        "roles": {
          "FIGURE": "#V694720",
          "SCALE": "SPEED-SCALE",
          "LEX": "INSTANT",
          "WNSENSE": "instant%5:00:00:fast:01"
        },
        "start": 10,
        "end": 19
      },
      "V694738": {
        "id": "V694738",
        "indicator": "THE",
        "type": "LETTER-SYMBOL",
        "word": null,
        "roles": {
          "NAME-OF": "A",
          "LEX": "A",
          "WNSENSE": "a%1:10:00::"
        },
        "start": 27,
        "end": 29
      },
      "V694766": {
        "id": "V694766",
        "indicator": "PRO",
        "type": "MALE-PERSON",
        "word": "HE",
        "roles": {
          "PROFORM": "HE",
          "LEX": "HE",
          "WNSENSE": "man%1:18:00",
          "COREF": "#V694763"
        },
        "start": 33,
        "end": 36
      },
      "V694789": {
        "id": "V694789",
        "indicator": "F",
        "type": "TIME-REL-SO-FAR",
        "word": "STILL",
        "roles": {
          "FIGURE": "#V694775",
          "LEX": "STILL",
          "WNSENSE": "still%4:02:01::"
        },
        "start": 39,
        "end": 45
      },
      "V694802": {
        "id": "V694802",
        "indicator": "THE",
        "type": "PROFESSIONAL",
        "word": "BOSS",
        "roles": {
          "ASSOC-POSS": "#V694799",
          "LEX": "BOSS",
          "WNSENSE": "professional%1:18:00"
        },
        "start": 45,
        "end": 51
      },
      "V694799": {
        "id": "V694799",
        "indicator": "PRO",
        "type": "PERSON",
        "word": "MY",
        "roles": {
          "LEX": "MY",
          "PROFORM": "MY",
          "WNSENSE": "person%1:03:00",
          "COREF": "USER"
        },
        "start": 45,
        "end": 51
      },
      "root": "#V696420"
    }
  ],
  "inputtags": [],
  "debug": [
    "*last-utt-id*=NIL  utt-id+120",
    "*last-utt-id*=120  utt-id+NIL"
  ]
}
