{
  "parse": [
    {
      "V1222205": {
        "id": "V1222205",
        "indicator": "SPEECHACT",
        "type": "SA_TELL",
        "word": null,
        "roles": {
          "PUNCTYPE": "DECL",
          "CONTENT": "#V1217350",
          "LEX": "ARE"
        },
        "start": 0,
        "end": 52
      },
      "V1217350": {
        "id": "V1217350",
        "indicator": "F",
        "type": "BE",
        "word": "BE",
        "roles": {
          "NEUTRAL": "#V1217342",
          "NEUTRAL1": "#V1217524",
          "TIME": "#V1217911",
          "TENSE": "PRES",
          "LEX": "ARE",
          "WNSENSE": "be%2:42:06::"
        },
        "start": 0,
        "end": 52
      },
      "V1217342": {
        "id": "V1217342",
        "indicator": "THE-SET",
        "type": "COMPOSITION",
        "word": "STORY",
        "roles": {
          "LEX": "STORIES",
          "WNSENSE": "composition%1:07:01"
        },
        "start": 0,
        "end": 12
      },
      "V1217524": {
        "id": "V1217524",
        "indicator": "THE",
        "type": "REFERENTIAL-SEM",
        "word": null,
        "roles": {
          "MOD": "#V1217377",
          "LEX": "THE"
        },
        "start": 16,
        "end": 39
      },
      "V1217377": {
        "id": "V1217377",
        "indicator": "F",
        "type": "SIMILAR",
        "word": "SAME",
        "roles": {
          "GROUND": "#V1217394",
          "FIGURE": "#V1217524",
          "SCALE": "SIMILAR-SCALE",
          "LEX": "SAME",
          "WNSENSE": "same%3:00:04::"
        },
        "start": 20,
        "end": 39
      },
      "V1217394": {
        "id": "V1217394",
        "indicator": "THE-SET",
        "type": "OBJECTIVE-INFLUENCE",
        "word": "EFFECTS",
        "roles": {
          "LEX": "EFFECTS",
          "WNSENSE": "force%1:07:01"
        },
        "start": 27,
        "end": 39
      },
      "V1217911": {
        "id": "V1217911",
        "indicator": "F",
        "type": "IMPLICIT-OVERLAP",
        "word": null,
        "roles": {
          "FIGURE": "#V1217350",
          "GROUND": "#V1217411",
          "LEX": "LASTING"
        },
        "start": 39,
        "end": 52
      },
      "V1217411": {
        "id": "V1217411",
        "indicator": "F",
        "type": "TAKE-TIME",
        "word": "LAST",
        "roles": {
          "MOD": "#V1217404",
          "VFORM": "ING",
          "LEX": "LASTING",
          "WNSENSE": "take%2:40:06"
        },
        "start": 39,
        "end": 52
      },
      "V1217404": {
        "id": "V1217404",
        "indicator": "F",
        "type": "PREDICATE",
        "word": "LONG",
        "roles": {
          "FIGURE": "#V1217411",
          "LEX": "LONG",
          "WNSENSE": "long%4:02:00::"
        },
        "start": 39,
        "end": 44
      },
      "root": "#V1222205"
    }
  ],
  "inputtags": [],
  "debug": [
    "*last-utt-id*=NIL  utt-id+215",
    "*last-utt-id*=215  utt-id+NIL"
  ]
}
