{
  "parse": [
    {
      "V2577581": {
        "id": "V2577581",
        "indicator": "SPEECHACT",
        "type": "SA_IDENTIFY",
        "word": null,
        "roles": {
          "PUNCTYPE": "DECL",
          "CONTENT": "#V2577224",
          "LEX": "MESSAGE"
        },
        "start": 0,
        "end": 22
      },
      "V2577224": {
        "id": "V2577224",
        "indicator": "BARE",
        "type": "CONTENT",
        "word": "MESSAGE",
        "roles": {
          "MOD": [
            "#V2577232",
            "#V2577221"
          ],
          "LEX": "MESSAGE",
          "WNSENSE": "message%1:10:00::"
        },
        "start": 0,
        "end": 22
      },
      "V2577221": {
        "id": "V2577221",
        "indicator": "F",
        "type": "INSTANTANEOUS-VAL",
        "word": "INSTANT",
        "roles": {
          "FIGURE": "#V2577224",
          "SCALE": "SPEED-SCALE",
          "LEX": "INSTANT",
          "WNSENSE": "instant%5:00:00:fast:01"
        },
        "start": 0,
        "end": 9
      },
      "V2577232": {
        "id": "V2577232",
        "indicator": "F",
        "type": "OBJECTIVE-INFLUENCE",
        "word": "DO",
        "roles": {
          "RESULT": "#V2577224",
          "VFORM": "PASSIVE",
          "LEX": "DONE",
          "WNSENSE": "force%1:07:01"
        },
        "start": 17,
        "end": 22
      },
      "root": "#V2577581"
    }
  ],
  "inputtags": [],
  "debug": [
    "*last-utt-id*=NIL  utt-id+477",
    "*last-utt-id*=477  utt-id+NIL"
  ]
}
