{
  "parse": [
    {
      "V2398056": {
        "id": "V2398056",
        "indicator": "SPEECHACT",
        "type": "SA_IDENTIFY",
        "word": null,
        "roles": {
          "PUNCTYPE": "DECL",
          "CONTENT": "#V2398053",
          "LEX": "-"
        },
        "start": 0,
        "end": 14
      },
      "V2398053": {
        "id": "V2398053",
        "indicator": "THE",
        "type": "QUANTITY-ABSTR",
        "word": null,
        "roles": {
          "FIGURE": "#V2398038"
        },
        "start": 0,
        "end": 14
      },
      "V2398038": {
        "id": "V2398038",
        "indicator": "A",
        "type": "REFERENTIAL-SEM",
        "word": null,
        "roles": {
          "SIZE": "#V2397460",
          "LEX": "S"
        },
        "start": 0,
        "end": 14
      },
      "V2397460": {
        "id": "V2397460",
        "indicator": "A",
        "type": "QUANTITY-ABSTR",
        "word": null,
        "roles": {
          "SCALE": "DURATION-SCALE",
          "UNIT": "(:* TIME-UNIT SECOND)",
          "AMOUNT": "PLURAL",
          "MOD": [
            "#V2397447",
            "#V2397496"
          ],
          "LEX": "S",
          "WNSENSE": "time_unit%1:28:00"
        },
        "start": 0,
        "end": 14
      },
      "V2397447": {
        "id": "V2397447",
        "indicator": "F",
        "type": "EARLY-IN-PROCESS",
        "word": "EARLY",
        "roles": {
          "FIGURE": "#V2397460",
          "LEX": "EARLY",
          "WNSENSE": "early%3:00:02::"
        },
        "start": 0,
        "end": 7
      },
      "V2397496": {
        "id": "V2397496",
        "indicator": "F",
        "type": "ASSOC-WITH",
        "word": null,
        "roles": {
          "FIGURE": "#V2397460",
          "GROUND": "#V2397452",
          "LEX": "\u2019"
        },
        "start": 7,
        "end": 12
      },
      "V2397452": {
        "id": "V2397452",
        "indicator": "KIND",
        "type": "REFERENTIAL-SEM",
        "word": "\u2019",
        "roles": {
          "AMOUNT": "80"
        },
        "start": 7,
        "end": 12
      },
      "root": "#V2398056"
    }
  ],
  "inputtags": [],
  "debug": [
    "*last-utt-id*=NIL  utt-id+401",
    "*last-utt-id*=401  utt-id+NIL"
  ]
}
