{
  "parse": [
    {
      "V1141622": {
        "id": "V1141622",
        "indicator": "SPEECHACT",
        "type": "SA_IDENTIFY",
        "word": null,
        "roles": {
          "CONTENT": "#V1141584",
          "LEX": "ALL"
        },
        "start": 0,
        "end": 4
      },
      "V1141584": {
        "id": "V1141584",
        "indicator": "INDEF-SET",
        "type": "REFERENTIAL-SEM",
        "word": null,
        "roles": {
          "SIZE": "UNIVERSAL",
          "LEX": "ALL"
        },
        "start": 0,
        "end": 4
      },
      "root": "#V1141622"
    },
    {
      "V1141626": {
        "id": "V1141626",
        "indicator": "SPEECHACT",
        "type": "SA_PRED-FRAGMENT",
        "word": null,
        "roles": {
          "PUNCTYPE": "DECL",
          "CONTENT": "#V1141567",
          "LEX": "OF"
        },
        "start": 4,
        "end": 10
      },
      "V1141567": {
        "id": "V1141567",
        "indicator": "F",
        "type": "ASSOC-WITH",
        "word": "OF",
        "roles": {
          "GROUND": "#V1141575",
          "FIGURE": "#V1141627",
          "LEX": "OF"
        },
        "start": 4,
        "end": 10
      },
      "V1141627": {
        "id": "V1141627",
        "indicator": "IMPRO",
        "type": "ANY-SEM",
        "word": null,
        "roles": {},
        "start": 4,
        "end": 10
      },
      "V1141575": {
        "id": "V1141575",
        "indicator": "PRO-SET",
        "type": "PERSON",
        "word": "US",
        "roles": {
          "PROFORM": "US",
          "LEX": "US",
          "WNSENSE": "person%1:03:00",
          "COREF": "US"
        },
        "start": 7,
        "end": 10
      },
      "root": "#V1141626"
    },
    {
      "V1141624": {
        "id": "V1141624",
        "indicator": "SPEECHACT",
        "type": "SA_IDENTIFY",
        "word": null,
        "roles": {
          "CONTENT": "#V1141610",
          "LEX": "-"
        },
        "start": 0,
        "end": 4
      },
      "V1141610": {
        "id": "V1141610",
        "indicator": "THE",
        "type": "QUANTITY-ABSTR",
        "word": null,
        "roles": {
          "FIGURE": "#V1141584"
        },
        "start": 0,
        "end": 4
      },
      "V1141584": {
        "id": "V1141584",
        "indicator": "INDEF-SET",
        "type": "REFERENTIAL-SEM",
        "word": null,
        "roles": {
          "SIZE": "UNIVERSAL",
          "LEX": "ALL"
        },
        "start": 0,
        "end": 4
      },
      "root": "#V1141624"
    },
    {
      "V1141626": {
        "id": "V1141626",
        "indicator": "SPEECHACT",
        "type": "SA_PRED-FRAGMENT",
        "word": null,
        "roles": {
          "PUNCTYPE": "DECL",
          "CONTENT": "#V1141567",
          "LEX": "OF"
        },
        "start": 4,
        "end": 11
      },
      "V1141567": {
        "id": "V1141567",
        "indicator": "F",
        "type": "ASSOC-WITH",
        "word": "OF",
        "roles": {
          "GROUND": "#V1141575",
          "FIGURE": "#V1141627",
          "LEX": "OF"
        },
        "start": 4,
        "end": 10
      },
      "V1141627": {
        "id": "V1141627",
        "indicator": "IMPRO",
        "type": "ANY-SEM",
        "word": null,
        "roles": {},
        "start": 4,
        "end": 10
      },
      "V1141575": {
        "id": "V1141575",
        "indicator": "PRO-SET",
        "type": "PERSON",
        "word": "US",
        "roles": {
          "PROFORM": "US",
          "LEX": "US",
          "WNSENSE": "person%1:03:00"
        },
        "start": 7,
        "end": 10
      },
      "root": "#V1141626"
    },
    {
      "V1141622": {
        "id": "V1141622",
        "indicator": "SPEECHACT",
        "type": "SA_IDENTIFY",
        "word": null,
        "roles": {
          "CONTENT": "#V1141584",
          "LEX": "ALL"
        },
        "start": 0,
        "end": 4
      },
      "V1141584": {
        "id": "V1141584",
        "indicator": "INDEF-SET",
        "type": "REFERENTIAL-SEM",
        "word": null,
        "roles": {
          "SIZE": "UNIVERSAL",
          "LEX": "ALL"
        },
        "start": 0,
        "end": 4
      },
      "root": "#V1141622"
    },
    {
      "V1141639": {
        "id": "V1141639",
        "indicator": "SPEECHACT",
        "type": "SA_PRED-FRAGMENT",
        "word": null,
        "roles": {
          "PUNCTYPE": "DECL",
          "CONTENT": "#V1141567",
          "LEX": "OF"
        },
        "start": 4,
        "end": 11
      },
      "V1141567": {
        "id": "V1141567",
        "indicator": "F",
        "type": "ASSOC-WITH",
        "word": "OF",
        "roles": {
          "GROUND": "#V1141590",
          "FIGURE": "#V1141640",
          "LEX": "OF"
        },
        "start": 4,
        "end": 10
      },
      "V1141640": {
        "id": "V1141640",
        "indicator": "IMPRO",
        "type": "ANY-SEM",
        "word": null,
        "roles": {},
        "start": 4,
        "end": 10
      },
      "V1141590": {
        "id": "V1141590",
        "indicator": "THE",
        "type": "QUANTITY-ABSTR",
        "word": null,
        "roles": {
          "FIGURE": "#V1141575"
        },
        "start": 7,
        "end": 10
      },
      "V1141575": {
        "id": "V1141575",
        "indicator": "PRO-SET",
        "type": "PERSON",
        "word": "US",
        "roles": {
          "PROFORM": "US",
          "LEX": "US",
          "WNSENSE": "person%1:03:00"
        },
        "start": 7,
        "end": 10
      },
      "root": "#V1141639"
    },
    {
      "V1141624": {
        "id": "V1141624",
        "indicator": "SPEECHACT",
        "type": "SA_IDENTIFY",
        "word": null,
        "roles": {
          "CONTENT": "#V1141610",
          "LEX": "-"
        },
        "start": 0,
        "end": 4
      },
      "V1141610": {
        "id": "V1141610",
        "indicator": "THE",
        "type": "QUANTITY-ABSTR",
        "word": null,
        "roles": {
          "FIGURE": "#V1141584"
        },
        "start": 0,
        "end": 4
      },
      "V1141584": {
        "id": "V1141584",
        "indicator": "INDEF-SET",
        "type": "REFERENTIAL-SEM",
        "word": null,
        "roles": {
          "SIZE": "UNIVERSAL",
          "LEX": "ALL"
        },
        "start": 0,
        "end": 4
      },
      "root": "#V1141624"
    },
    {
      "V1141639": {
        "id": "V1141639",
        "indicator": "SPEECHACT",
        "type": "SA_PRED-FRAGMENT",
        "word": null,
        "roles": {
          "PUNCTYPE": "DECL",
          "CONTENT": "#V1141567",
          "LEX": "OF"
        },
        "start": 4,
        "end": 11
      },
      "V1141567": {
        "id": "V1141567",
        "indicator": "F",
        "type": "ASSOC-WITH",
        "word": "OF",
        "roles": {
          "GROUND": "#V1141590",
          "FIGURE": "#V1141640",
          "LEX": "OF"
        },
        "start": 4,
        "end": 10
      },
      "V1141640": {
        "id": "V1141640",
        "indicator": "IMPRO",
        "type": "ANY-SEM",
        "word": null,
        "roles": {},
        "start": 4,
        "end": 10
      },
      "V1141590": {
        "id": "V1141590",
        "indicator": "THE",
        "type": "QUANTITY-ABSTR",
        "word": null,
        "roles": {
          "FIGURE": "#V1141575"
        },
        "start": 7,
        "end": 10
      },
      "V1141575": {
        "id": "V1141575",
        "indicator": "PRO-SET",
        "type": "PERSON",
        "word": "US",
        "roles": {
          "PROFORM": "US",
          "LEX": "US",
          "WNSENSE": "person%1:03:00"
        },
        "start": 7,
        "end": 10
      },
      "root": "#V1141639"
    },
    {
      "V1141645": {
        "id": "V1141645",
        "indicator": "SPEECHACT",
        "type": "SA_IDENTIFY",
        "word": null,
        "roles": {
          "CONTENT": "#V1141633",
          "LEX": "-"
        },
        "start": 0,
        "end": 4
      },
      "V1141633": {
        "id": "V1141633",
        "indicator": "THE",
        "type": "QUANTITY-ABSTR",
        "word": null,
        "roles": {
          "FIGURE": "#V1141586"
        },
        "start": 0,
        "end": 4
      },
      "V1141586": {
        "id": "V1141586",
        "indicator": "A",
        "type": "REFERENTIAL-SEM",
        "word": null,
        "roles": {
          "QUAN": "UNIVERSAL",
          "LEX": "ALL"
        },
        "start": 0,
        "end": 4
      },
      "root": "#V1141645"
    },
    {
      "V1141626": {
        "id": "V1141626",
        "indicator": "SPEECHACT",
        "type": "SA_PRED-FRAGMENT",
        "word": null,
        "roles": {
          "PUNCTYPE": "DECL",
          "CONTENT": "#V1141567",
          "LEX": "OF"
        },
        "start": 4,
        "end": 11
      },
      "V1141567": {
        "id": "V1141567",
        "indicator": "F",
        "type": "ASSOC-WITH",
        "word": "OF",
        "roles": {
          "GROUND": "#V1141575",
          "FIGURE": "#V1141627",
          "LEX": "OF"
        },
        "start": 4,
        "end": 10
      },
      "V1141627": {
        "id": "V1141627",
        "indicator": "IMPRO",
        "type": "ANY-SEM",
        "word": null,
        "roles": {},
        "start": 4,
        "end": 10
      },
      "V1141575": {
        "id": "V1141575",
        "indicator": "PRO-SET",
        "type": "PERSON",
        "word": "US",
        "roles": {
          "PROFORM": "US",
          "LEX": "US",
          "WNSENSE": "person%1:03:00"
        },
        "start": 7,
        "end": 10
      },
      "root": "#V1141626"
    },
    {
      "V1141648": {
        "id": "V1141648",
        "indicator": "SPEECHACT",
        "type": "SA_IDENTIFY",
        "word": null,
        "roles": {
          "CONTENT": "#V1141586",
          "LEX": "ALL"
        },
        "start": 0,
        "end": 4
      },
      "V1141586": {
        "id": "V1141586",
        "indicator": "A",
        "type": "REFERENTIAL-SEM",
        "word": null,
        "roles": {
          "QUAN": "UNIVERSAL",
          "LEX": "ALL"
        },
        "start": 0,
        "end": 4
      },
      "root": "#V1141648"
    },
    {
      "V1141626": {
        "id": "V1141626",
        "indicator": "SPEECHACT",
        "type": "SA_PRED-FRAGMENT",
        "word": null,
        "roles": {
          "PUNCTYPE": "DECL",
          "CONTENT": "#V1141567",
          "LEX": "OF"
        },
        "start": 4,
        "end": 11
      },
      "V1141567": {
        "id": "V1141567",
        "indicator": "F",
        "type": "ASSOC-WITH",
        "word": "OF",
        "roles": {
          "GROUND": "#V1141575",
          "FIGURE": "#V1141627",
          "LEX": "OF"
        },
        "start": 4,
        "end": 10
      },
      "V1141627": {
        "id": "V1141627",
        "indicator": "IMPRO",
        "type": "ANY-SEM",
        "word": null,
        "roles": {},
        "start": 4,
        "end": 10
      },
      "V1141575": {
        "id": "V1141575",
        "indicator": "PRO-SET",
        "type": "PERSON",
        "word": "US",
        "roles": {
          "PROFORM": "US",
          "LEX": "US",
          "WNSENSE": "person%1:03:00"
        },
        "start": 7,
        "end": 10
      },
      "root": "#V1141626"
    },
    {
      "V1141645": {
        "id": "V1141645",
        "indicator": "SPEECHACT",
        "type": "SA_IDENTIFY",
        "word": null,
        "roles": {
          "CONTENT": "#V1141633",
          "LEX": "-"
        },
        "start": 0,
        "end": 4
      },
      "V1141633": {
        "id": "V1141633",
        "indicator": "THE",
        "type": "QUANTITY-ABSTR",
        "word": null,
        "roles": {
          "FIGURE": "#V1141586"
        },
        "start": 0,
        "end": 4
      },
      "V1141586": {
        "id": "V1141586",
        "indicator": "A",
        "type": "REFERENTIAL-SEM",
        "word": null,
        "roles": {
          "QUAN": "UNIVERSAL",
          "LEX": "ALL"
        },
        "start": 0,
        "end": 4
      },
      "root": "#V1141645"
    },
    {
      "V1141639": {
        "id": "V1141639",
        "indicator": "SPEECHACT",
        "type": "SA_PRED-FRAGMENT",
        "word": null,
        "roles": {
          "PUNCTYPE": "DECL",
          "CONTENT": "#V1141567",
          "LEX": "OF"
        },
        "start": 4,
        "end": 11
      },
      "V1141567": {
        "id": "V1141567",
        "indicator": "F",
        "type": "ASSOC-WITH",
        "word": "OF",
        "roles": {
          "GROUND": "#V1141590",
          "FIGURE": "#V1141640",
          "LEX": "OF"
        },
        "start": 4,
        "end": 10
      },
      "V1141640": {
        "id": "V1141640",
        "indicator": "IMPRO",
        "type": "ANY-SEM",
        "word": null,
        "roles": {},
        "start": 4,
        "end": 10
      },
      "V1141590": {
        "id": "V1141590",
        "indicator": "THE",
        "type": "QUANTITY-ABSTR",
        "word": null,
        "roles": {
          "FIGURE": "#V1141575"
        },
        "start": 7,
        "end": 10
      },
      "V1141575": {
        "id": "V1141575",
        "indicator": "PRO-SET",
        "type": "PERSON",
        "word": "US",
        "roles": {
          "PROFORM": "US",
          "LEX": "US",
          "WNSENSE": "person%1:03:00"
        },
        "start": 7,
        "end": 10
      },
      "root": "#V1141639"
    },
    {
      "V1141648": {
        "id": "V1141648",
        "indicator": "SPEECHACT",
        "type": "SA_IDENTIFY",
        "word": null,
        "roles": {
          "CONTENT": "#V1141586",
          "LEX": "ALL"
        },
        "start": 0,
        "end": 4
      },
      "V1141586": {
        "id": "V1141586",
        "indicator": "A",
        "type": "REFERENTIAL-SEM",
        "word": null,
        "roles": {
          "QUAN": "UNIVERSAL",
          "LEX": "ALL"
        },
        "start": 0,
        "end": 4
      },
      "root": "#V1141648"
    },
    {
      "V1141639": {
        "id": "V1141639",
        "indicator": "SPEECHACT",
        "type": "SA_PRED-FRAGMENT",
        "word": null,
        "roles": {
          "PUNCTYPE": "DECL",
          "CONTENT": "#V1141567",
          "LEX": "OF"
        },
        "start": 4,
        "end": 11
      },
      "V1141567": {
        "id": "V1141567",
        "indicator": "F",
        "type": "ASSOC-WITH",
        "word": "OF",
        "roles": {
          "GROUND": "#V1141590",
          "FIGURE": "#V1141640",
          "LEX": "OF"
        },
        "start": 4,
        "end": 10
      },
      "V1141640": {
        "id": "V1141640",
        "indicator": "IMPRO",
        "type": "ANY-SEM",
        "word": null,
        "roles": {},
        "start": 4,
        "end": 10
      },
      "V1141590": {
        "id": "V1141590",
        "indicator": "THE",
        "type": "QUANTITY-ABSTR",
        "word": null,
        "roles": {
          "FIGURE": "#V1141575"
        },
        "start": 7,
        "end": 10
      },
      "V1141575": {
        "id": "V1141575",
        "indicator": "PRO-SET",
        "type": "PERSON",
        "word": "US",
        "roles": {
          "PROFORM": "US",
          "LEX": "US",
          "WNSENSE": "person%1:03:00"
        },
        "start": 7,
        "end": 10
      },
      "root": "#V1141639"
    },
    {
      "V1141550": {
        "id": "V1141550",
        "indicator": "A",
        "type": "NUMBER",
        "word": null,
        "roles": {
          "VALUE": "UNIVERSAL"
        },
        "start": 0,
        "end": 4
      },
      "root": "#V1141550"
    },
    {
      "V1141626": {
        "id": "V1141626",
        "indicator": "SPEECHACT",
        "type": "SA_PRED-FRAGMENT",
        "word": null,
        "roles": {
          "PUNCTYPE": "DECL",
          "CONTENT": "#V1141567",
          "LEX": "OF"
        },
        "start": 4,
        "end": 11
      },
      "V1141567": {
        "id": "V1141567",
        "indicator": "F",
        "type": "ASSOC-WITH",
        "word": "OF",
        "roles": {
          "GROUND": "#V1141575",
          "FIGURE": "#V1141627",
          "LEX": "OF"
        },
        "start": 4,
        "end": 10
      },
      "V1141627": {
        "id": "V1141627",
        "indicator": "IMPRO",
        "type": "ANY-SEM",
        "word": null,
        "roles": {},
        "start": 4,
        "end": 10
      },
      "V1141575": {
        "id": "V1141575",
        "indicator": "PRO-SET",
        "type": "PERSON",
        "word": "US",
        "roles": {
          "PROFORM": "US",
          "LEX": "US",
          "WNSENSE": "person%1:03:00"
        },
        "start": 7,
        "end": 10
      },
      "root": "#V1141626"
    },
    {
      "V1141550": {
        "id": "V1141550",
        "indicator": "A",
        "type": "NUMBER",
        "word": null,
        "roles": {
          "VALUE": "UNIVERSAL"
        },
        "start": 0,
        "end": 4
      },
      "root": "#V1141550"
    },
    {
      "V1141639": {
        "id": "V1141639",
        "indicator": "SPEECHACT",
        "type": "SA_PRED-FRAGMENT",
        "word": null,
        "roles": {
          "PUNCTYPE": "DECL",
          "CONTENT": "#V1141567",
          "LEX": "OF"
        },
        "start": 4,
        "end": 11
      },
      "V1141567": {
        "id": "V1141567",
        "indicator": "F",
        "type": "ASSOC-WITH",
        "word": "OF",
        "roles": {
          "GROUND": "#V1141590",
          "FIGURE": "#V1141640",
          "LEX": "OF"
        },
        "start": 4,
        "end": 10
      },
      "V1141640": {
        "id": "V1141640",
        "indicator": "IMPRO",
        "type": "ANY-SEM",
        "word": null,
        "roles": {},
        "start": 4,
        "end": 10
      },
      "V1141590": {
        "id": "V1141590",
        "indicator": "THE",
        "type": "QUANTITY-ABSTR",
        "word": null,
        "roles": {
          "FIGURE": "#V1141575"
        },
        "start": 7,
        "end": 10
      },
      "V1141575": {
        "id": "V1141575",
        "indicator": "PRO-SET",
        "type": "PERSON",
        "word": "US",
        "roles": {
          "PROFORM": "US",
          "LEX": "US",
          "WNSENSE": "person%1:03:00"
        },
        "start": 7,
        "end": 10
      },
      "root": "#V1141639"
    },
    {
      "V1141584": {
        "id": "V1141584",
        "indicator": "INDEF-SET",
        "type": "REFERENTIAL-SEM",
        "word": null,
        "roles": {
          "SIZE": "UNIVERSAL",
          "LEX": "ALL"
        },
        "start": 0,
        "end": 4
      },
      "root": "#V1141584"
    },
    {
      "V1141626": {
        "id": "V1141626",
        "indicator": "SPEECHACT",
        "type": "SA_PRED-FRAGMENT",
        "word": null,
        "roles": {
          "PUNCTYPE": "DECL",
          "CONTENT": "#V1141567",
          "LEX": "OF"
        },
        "start": 4,
        "end": 11
      },
      "V1141567": {
        "id": "V1141567",
        "indicator": "F",
        "type": "ASSOC-WITH",
        "word": "OF",
        "roles": {
          "GROUND": "#V1141575",
          "FIGURE": "#V1141627",
          "LEX": "OF"
        },
        "start": 4,
        "end": 10
      },
      "V1141627": {
        "id": "V1141627",
        "indicator": "IMPRO",
        "type": "ANY-SEM",
        "word": null,
        "roles": {},
        "start": 4,
        "end": 10
      },
      "V1141575": {
        "id": "V1141575",
        "indicator": "PRO-SET",
        "type": "PERSON",
        "word": "US",
        "roles": {
          "PROFORM": "US",
          "LEX": "US",
          "WNSENSE": "person%1:03:00"
        },
        "start": 7,
        "end": 10
      },
      "root": "#V1141626"
    },
    {
      "V1141610": {
        "id": "V1141610",
        "indicator": "THE",
        "type": "QUANTITY-ABSTR",
        "word": null,
        "roles": {
          "FIGURE": "#V1141584"
        },
        "start": 0,
        "end": 4
      },
      "V1141584": {
        "id": "V1141584",
        "indicator": "INDEF-SET",
        "type": "REFERENTIAL-SEM",
        "word": null,
        "roles": {
          "SIZE": "UNIVERSAL",
          "LEX": "ALL"
        },
        "start": 0,
        "end": 4
      },
      "root": "#V1141610"
    },
    {
      "V1141626": {
        "id": "V1141626",
        "indicator": "SPEECHACT",
        "type": "SA_PRED-FRAGMENT",
        "word": null,
        "roles": {
          "PUNCTYPE": "DECL",
          "CONTENT": "#V1141567",
          "LEX": "OF"
        },
        "start": 4,
        "end": 11
      },
      "V1141567": {
        "id": "V1141567",
        "indicator": "F",
        "type": "ASSOC-WITH",
        "word": "OF",
        "roles": {
          "GROUND": "#V1141575",
          "FIGURE": "#V1141627",
          "LEX": "OF"
        },
        "start": 4,
        "end": 10
      },
      "V1141627": {
        "id": "V1141627",
        "indicator": "IMPRO",
        "type": "ANY-SEM",
        "word": null,
        "roles": {},
        "start": 4,
        "end": 10
      },
      "V1141575": {
        "id": "V1141575",
        "indicator": "PRO-SET",
        "type": "PERSON",
        "word": "US",
        "roles": {
          "PROFORM": "US",
          "LEX": "US",
          "WNSENSE": "person%1:03:00"
        },
        "start": 7,
        "end": 10
      },
      "root": "#V1141626"
    },
    {
      "V1141584": {
        "id": "V1141584",
        "indicator": "INDEF-SET",
        "type": "REFERENTIAL-SEM",
        "word": null,
        "roles": {
          "SIZE": "UNIVERSAL",
          "LEX": "ALL"
        },
        "start": 0,
        "end": 4
      },
      "root": "#V1141584"
    },
    {
      "V1141639": {
        "id": "V1141639",
        "indicator": "SPEECHACT",
        "type": "SA_PRED-FRAGMENT",
        "word": null,
        "roles": {
          "PUNCTYPE": "DECL",
          "CONTENT": "#V1141567",
          "LEX": "OF"
        },
        "start": 4,
        "end": 11
      },
      "V1141567": {
        "id": "V1141567",
        "indicator": "F",
        "type": "ASSOC-WITH",
        "word": "OF",
        "roles": {
          "GROUND": "#V1141590",
          "FIGURE": "#V1141640",
          "LEX": "OF"
        },
        "start": 4,
        "end": 10
      },
      "V1141640": {
        "id": "V1141640",
        "indicator": "IMPRO",
        "type": "ANY-SEM",
        "word": null,
        "roles": {},
        "start": 4,
        "end": 10
      },
      "V1141590": {
        "id": "V1141590",
        "indicator": "THE",
        "type": "QUANTITY-ABSTR",
        "word": null,
        "roles": {
          "FIGURE": "#V1141575"
        },
        "start": 7,
        "end": 10
      },
      "V1141575": {
        "id": "V1141575",
        "indicator": "PRO-SET",
        "type": "PERSON",
        "word": "US",
        "roles": {
          "PROFORM": "US",
          "LEX": "US",
          "WNSENSE": "person%1:03:00"
        },
        "start": 7,
        "end": 10
      },
      "root": "#V1141639"
    },
    {
      "V1141610": {
        "id": "V1141610",
        "indicator": "THE",
        "type": "QUANTITY-ABSTR",
        "word": null,
        "roles": {
          "FIGURE": "#V1141584"
        },
        "start": 0,
        "end": 4
      },
      "V1141584": {
        "id": "V1141584",
        "indicator": "INDEF-SET",
        "type": "REFERENTIAL-SEM",
        "word": null,
        "roles": {
          "SIZE": "UNIVERSAL",
          "LEX": "ALL"
        },
        "start": 0,
        "end": 4
      },
      "root": "#V1141610"
    },
    {
      "V1141639": {
        "id": "V1141639",
        "indicator": "SPEECHACT",
        "type": "SA_PRED-FRAGMENT",
        "word": null,
        "roles": {
          "PUNCTYPE": "DECL",
          "CONTENT": "#V1141567",
          "LEX": "OF"
        },
        "start": 4,
        "end": 11
      },
      "V1141567": {
        "id": "V1141567",
        "indicator": "F",
        "type": "ASSOC-WITH",
        "word": "OF",
        "roles": {
          "GROUND": "#V1141590",
          "FIGURE": "#V1141640",
          "LEX": "OF"
        },
        "start": 4,
        "end": 10
      },
      "V1141640": {
        "id": "V1141640",
        "indicator": "IMPRO",
        "type": "ANY-SEM",
        "word": null,
        "roles": {},
        "start": 4,
        "end": 10
      },
      "V1141590": {
        "id": "V1141590",
        "indicator": "THE",
        "type": "QUANTITY-ABSTR",
        "word": null,
        "roles": {
          "FIGURE": "#V1141575"
        },
        "start": 7,
        "end": 10
      },
      "V1141575": {
        "id": "V1141575",
        "indicator": "PRO-SET",
        "type": "PERSON",
        "word": "US",
        "roles": {
          "PROFORM": "US",
          "LEX": "US",
          "WNSENSE": "person%1:03:00"
        },
        "start": 7,
        "end": 10
      },
      "root": "#V1141639"
    },
    {
      "V1141633": {
        "id": "V1141633",
        "indicator": "THE",
        "type": "QUANTITY-ABSTR",
        "word": null,
        "roles": {
          "FIGURE": "#V1141586"
        },
        "start": 0,
        "end": 4
      },
      "V1141586": {
        "id": "V1141586",
        "indicator": "A",
        "type": "REFERENTIAL-SEM",
        "word": null,
        "roles": {
          "QUAN": "UNIVERSAL",
          "LEX": "ALL"
        },
        "start": 0,
        "end": 4
      },
      "root": "#V1141633"
    },
    {
      "V1141626": {
        "id": "V1141626",
        "indicator": "SPEECHACT",
        "type": "SA_PRED-FRAGMENT",
        "word": null,
        "roles": {
          "PUNCTYPE": "DECL",
          "CONTENT": "#V1141567",
          "LEX": "OF"
        },
        "start": 4,
        "end": 11
      },
      "V1141567": {
        "id": "V1141567",
        "indicator": "F",
        "type": "ASSOC-WITH",
        "word": "OF",
        "roles": {
          "GROUND": "#V1141575",
          "FIGURE": "#V1141627",
          "LEX": "OF"
        },
        "start": 4,
        "end": 10
      },
      "V1141627": {
        "id": "V1141627",
        "indicator": "IMPRO",
        "type": "ANY-SEM",
        "word": null,
        "roles": {},
        "start": 4,
        "end": 10
      },
      "V1141575": {
        "id": "V1141575",
        "indicator": "PRO-SET",
        "type": "PERSON",
        "word": "US",
        "roles": {
          "PROFORM": "US",
          "LEX": "US",
          "WNSENSE": "person%1:03:00"
        },
        "start": 7,
        "end": 10
      },
      "root": "#V1141626"
    },
    {
      "V1141586": {
        "id": "V1141586",
        "indicator": "A",
        "type": "REFERENTIAL-SEM",
        "word": null,
        "roles": {
          "QUAN": "UNIVERSAL",
          "LEX": "ALL"
        },
        "start": 0,
        "end": 4
      },
      "root": "#V1141586"
    },
    {
      "V1141626": {
        "id": "V1141626",
        "indicator": "SPEECHACT",
        "type": "SA_PRED-FRAGMENT",
        "word": null,
        "roles": {
          "PUNCTYPE": "DECL",
          "CONTENT": "#V1141567",
          "LEX": "OF"
        },
        "start": 4,
        "end": 11
      },
      "V1141567": {
        "id": "V1141567",
        "indicator": "F",
        "type": "ASSOC-WITH",
        "word": "OF",
        "roles": {
          "GROUND": "#V1141575",
          "FIGURE": "#V1141627",
          "LEX": "OF"
        },
        "start": 4,
        "end": 10
      },
      "V1141627": {
        "id": "V1141627",
        "indicator": "IMPRO",
        "type": "ANY-SEM",
        "word": null,
        "roles": {},
        "start": 4,
        "end": 10
      },
      "V1141575": {
        "id": "V1141575",
        "indicator": "PRO-SET",
        "type": "PERSON",
        "word": "US",
        "roles": {
          "PROFORM": "US",
          "LEX": "US",
          "WNSENSE": "person%1:03:00"
        },
        "start": 7,
        "end": 10
      },
      "root": "#V1141626"
    },
    {
      "V1141633": {
        "id": "V1141633",
        "indicator": "THE",
        "type": "QUANTITY-ABSTR",
        "word": null,
        "roles": {
          "FIGURE": "#V1141586"
        },
        "start": 0,
        "end": 4
      },
      "V1141586": {
        "id": "V1141586",
        "indicator": "A",
        "type": "REFERENTIAL-SEM",
        "word": null,
        "roles": {
          "QUAN": "UNIVERSAL",
          "LEX": "ALL"
        },
        "start": 0,
        "end": 4
      },
      "root": "#V1141633"
    },
    {
      "V1141639": {
        "id": "V1141639",
        "indicator": "SPEECHACT",
        "type": "SA_PRED-FRAGMENT",
        "word": null,
        "roles": {
          "PUNCTYPE": "DECL",
          "CONTENT": "#V1141567",
          "LEX": "OF"
        },
        "start": 4,
        "end": 11
      },
      "V1141567": {
        "id": "V1141567",
        "indicator": "F",
        "type": "ASSOC-WITH",
        "word": "OF",
        "roles": {
          "GROUND": "#V1141590",
          "FIGURE": "#V1141640",
          "LEX": "OF"
        },
        "start": 4,
        "end": 10
      },
      "V1141640": {
        "id": "V1141640",
        "indicator": "IMPRO",
        "type": "ANY-SEM",
        "word": null,
        "roles": {},
        "start": 4,
        "end": 10
      },
      "V1141590": {
        "id": "V1141590",
        "indicator": "THE",
        "type": "QUANTITY-ABSTR",
        "word": null,
        "roles": {
          "FIGURE": "#V1141575"
        },
        "start": 7,
        "end": 10
      },
      "V1141575": {
        "id": "V1141575",
        "indicator": "PRO-SET",
        "type": "PERSON",
        "word": "US",
        "roles": {
          "PROFORM": "US",
          "LEX": "US",
          "WNSENSE": "person%1:03:00"
        },
        "start": 7,
        "end": 10
      },
      "root": "#V1141639"
    },
    {
      "V1141586": {
        "id": "V1141586",
        "indicator": "A",
        "type": "REFERENTIAL-SEM",
        "word": null,
        "roles": {
          "QUAN": "UNIVERSAL",
          "LEX": "ALL"
        },
        "start": 0,
        "end": 4
      },
      "root": "#V1141586"
    },
    {
      "V1141639": {
        "id": "V1141639",
        "indicator": "SPEECHACT",
        "type": "SA_PRED-FRAGMENT",
        "word": null,
        "roles": {
          "PUNCTYPE": "DECL",
          "CONTENT": "#V1141567",
          "LEX": "OF"
        },
        "start": 4,
        "end": 11
      },
      "V1141567": {
        "id": "V1141567",
        "indicator": "F",
        "type": "ASSOC-WITH",
        "word": "OF",
        "roles": {
          "GROUND": "#V1141590",
          "FIGURE": "#V1141640",
          "LEX": "OF"
        },
        "start": 4,
        "end": 10
      },
      "V1141640": {
        "id": "V1141640",
        "indicator": "IMPRO",
        "type": "ANY-SEM",
        "word": null,
        "roles": {},
        "start": 4,
        "end": 10
      },
      "V1141590": {
        "id": "V1141590",
        "indicator": "THE",
        "type": "QUANTITY-ABSTR",
        "word": null,
        "roles": {
          "FIGURE": "#V1141575"
        },
        "start": 7,
        "end": 10
      },
      "V1141575": {
        "id": "V1141575",
        "indicator": "PRO-SET",
        "type": "PERSON",
        "word": "US",
        "roles": {
          "PROFORM": "US",
          "LEX": "US",
          "WNSENSE": "person%1:03:00"
        },
        "start": 7,
        "end": 10
      },
      "root": "#V1141639"
    },
    {
      "V1141555": {
        "id": "V1141555",
        "indicator": "F",
        "type": "MODIFIER",
        "word": "ALL",
        "roles": {
          "LEX": "ALL"
        },
        "start": 0,
        "end": 4
      },
      "root": "#V1141555"
    },
    {
      "V1141626": {
        "id": "V1141626",
        "indicator": "SPEECHACT",
        "type": "SA_PRED-FRAGMENT",
        "word": null,
        "roles": {
          "PUNCTYPE": "DECL",
          "CONTENT": "#V1141567",
          "LEX": "OF"
        },
        "start": 4,
        "end": 11
      },
      "V1141567": {
        "id": "V1141567",
        "indicator": "F",
        "type": "ASSOC-WITH",
        "word": "OF",
        "roles": {
          "GROUND": "#V1141575",
          "FIGURE": "#V1141627",
          "LEX": "OF"
        },
        "start": 4,
        "end": 10
      },
      "V1141627": {
        "id": "V1141627",
        "indicator": "IMPRO",
        "type": "ANY-SEM",
        "word": null,
        "roles": {},
        "start": 4,
        "end": 10
      },
      "V1141575": {
        "id": "V1141575",
        "indicator": "PRO-SET",
        "type": "PERSON",
        "word": "US",
        "roles": {
          "PROFORM": "US",
          "LEX": "US",
          "WNSENSE": "person%1:03:00"
        },
        "start": 7,
        "end": 10
      },
      "root": "#V1141626"
    },
    {
      "V1141555": {
        "id": "V1141555",
        "indicator": "F",
        "type": "MODIFIER",
        "word": "ALL",
        "roles": {
          "LEX": "ALL"
        },
        "start": 0,
        "end": 4
      },
      "root": "#V1141555"
    },
    {
      "V1141639": {
        "id": "V1141639",
        "indicator": "SPEECHACT",
        "type": "SA_PRED-FRAGMENT",
        "word": null,
        "roles": {
          "PUNCTYPE": "DECL",
          "CONTENT": "#V1141567",
          "LEX": "OF"
        },
        "start": 4,
        "end": 11
      },
      "V1141567": {
        "id": "V1141567",
        "indicator": "F",
        "type": "ASSOC-WITH",
        "word": "OF",
        "roles": {
          "GROUND": "#V1141590",
          "FIGURE": "#V1141640",
          "LEX": "OF"
        },
        "start": 4,
        "end": 10
      },
      "V1141640": {
        "id": "V1141640",
        "indicator": "IMPRO",
        "type": "ANY-SEM",
        "word": null,
        "roles": {},
        "start": 4,
        "end": 10
      },
      "V1141590": {
        "id": "V1141590",
        "indicator": "THE",
        "type": "QUANTITY-ABSTR",
        "word": null,
        "roles": {
          "FIGURE": "#V1141575"
        },
        "start": 7,
        "end": 10
      },
      "V1141575": {
        "id": "V1141575",
        "indicator": "PRO-SET",
        "type": "PERSON",
        "word": "US",
        "roles": {
          "PROFORM": "US",
          "LEX": "US",
          "WNSENSE": "person%1:03:00"
        },
        "start": 7,
        "end": 10
      },
      "root": "#V1141639"
    }
  ],
  "inputtags": [],
  "debug": [
    "*last-utt-id*=NIL  utt-id+228",
    "*last-utt-id*=228  utt-id+228",
    "*last-utt-id*=228  utt-id+NIL"
  ]
}
