{
  "parse": [
    {
      "V2624861": {
        "id": "V2624861",
        "indicator": "SPEECHACT",
        "type": "SA_TELL",
        "word": null,
        "roles": {
          "PUNCTYPE": "DECL",
          "CONTENT": "#V2618923",
          "LEX": "WAS"
        },
        "start": 0,
        "end": 58
      },
      "V2618923": {
        "id": "V2618923",
        "indicator": "F",
        "type": "BE",
        "word": "BE",
        "roles": {
          "NEUTRAL": "#V2618913",
          "NEUTRAL1": "#V2624854",
          "TENSE": "PAST",
          "LEX": "WAS",
          "WNSENSE": "be%2:42:06::"
        },
        "start": 0,
        "end": 58
      },
      "V2618913": {
        "id": "V2618913",
        "indicator": "PRO",
        "type": "REFERENTIAL-SEM",
        "word": "IT",
        "roles": {
          "PROFORM": "IT",
          "LEX": "IT",
          "WNSENSE": "entity%1:03:00",
          "COREF": "#V2618935"
        },
        "start": 0,
        "end": 3
      },
      "V2624854": {
        "id": "V2624854",
        "indicator": "THE",
        "type": "QUANTITY-ABSTR",
        "word": null,
        "roles": {
          "FIGURE": "#V2619049"
        },
        "start": 7,
        "end": 58
      },
      "V2619049": {
        "id": "V2619049",
        "indicator": "BARE",
        "type": "CRITICIZE",
        "word": "ASSAULT",
        "roles": {
          "ASSOC-WITH": "#V2619304",
          "LEX": "ASSAULT",
          "WNSENSE": "knock%2:32:02"
        },
        "start": 7,
        "end": 58
      },
      "V2619304": {
        "id": "V2619304",
        "indicator": "THE",
        "type": "TIME-LOC",
        "word": null,
        "roles": {
          "MOD": "#V2618943"
        },
        "start": 7,
        "end": 48
      },
      "V2618943": {
        "id": "V2618943",
        "indicator": "F",
        "type": "BEFORE",
        "word": "BEFORE",
        "roles": {
          "EXTENT": "#V2618935",
          "GROUND": "#V2618995",
          "FIGURE": "#V2619304"
        },
        "start": 7,
        "end": 48
      },
      "V2618935": {
        "id": "V2618935",
        "indicator": "A",
        "type": "QUANTITY-ABSTR",
        "word": null,
        "roles": {
          "SCALE": "DURATION-SCALE",
          "UNIT": "(:* YEAR-DURATION YEAR)",
          "AMOUNT": "PLURAL",
          "LEX": "YEARS",
          "WNSENSE": "year%1:28:00"
        },
        "start": 7,
        "end": 13
      },
      "V2618995": {
        "id": "V2618995",
        "indicator": "F",
        "type": "NAMING",
        "word": "CALL",
        "roles": {
          "AGENT": "#V2618966",
          "NEUTRAL": "#V2619008",
          "FORMAL": "#V2619016",
          "TENSE": "PRES",
          "MODALITY": "(:* CONDITIONAL COULD)",
          "LEX": "CALL",
          "WNSENSE": "call%2:32:02::"
        },
        "start": 20,
        "end": 48
      },
      "V2618966": {
        "id": "V2618966",
        "indicator": "PRO",
        "type": "PERSON",
        "word": "I",
        "roles": {
          "PROFORM": "I",
          "LEX": "I",
          "WNSENSE": "person%1:03:00",
          "COREF": "USER"
        },
        "start": 20,
        "end": 22
      },
      "V2619008": {
        "id": "V2619008",
        "indicator": "PRO",
        "type": "REFERENTIAL-SEM",
        "word": "IT",
        "roles": {
          "PROFORM": "IT",
          "LEX": "IT",
          "WNSENSE": "entity%1:03:00",
          "COREF": "#V2624854"
        },
        "start": 33,
        "end": 36
      },
      "V2619016": {
        "id": "V2619016",
        "indicator": "WH-TERM",
        "type": "REFERENTIAL-SEM",
        "word": "WHAT",
        "roles": {
          "SUCHTHAT": "#V2619034",
          "PROFORM": "WHAT",
          "LEX": "WHAT",
          "WNSENSE": "entity%1:03:00"
        },
        "start": 36,
        "end": 48
      },
      "V2619034": {
        "id": "V2619034",
        "indicator": "F",
        "type": "BE",
        "word": "BE",
        "roles": {
          "NEUTRAL": "#V2619024",
          "NEUTRAL1": "#V2619016",
          "TENSE": "PAST",
          "LEX": "WAS",
          "WNSENSE": "be%2:42:06::"
        },
        "start": 41,
        "end": 48
      },
      "V2619024": {
        "id": "V2619024",
        "indicator": "PRO",
        "type": "REFERENTIAL-SEM",
        "word": "IT",
        "roles": {
          "PROFORM": "IT",
          "LEX": "IT",
          "WNSENSE": "entity%1:03:00",
          "COREF": "#V2624854"
        },
        "start": 41,
        "end": 44
      },
      "root": "#V2624861"
    }
  ],
  "inputtags": [],
  "debug": [
    "Reference resolution to times not implemented yet",
    "*last-utt-id*=NIL  utt-id+485",
    "*last-utt-id*=485  utt-id+NIL"
  ]
}
