{
  "parse": [
    {
      "V1605244": {
        "id": "V1605244",
        "indicator": "SPEECHACT",
        "type": "SA_TELL",
        "word": null,
        "roles": {
          "CONTENT": "#V1604231",
          "LEX": "FELT"
        },
        "start": 0,
        "end": 42
      },
      "V1604231": {
        "id": "V1604231",
        "indicator": "F",
        "type": "EXPERIENCER-EMOTION",
        "word": "FEEL",
        "roles": {
          "EXPERIENCER": "#V1604213",
          "FORMAL": "#V1604607",
          "REASON": "#V1604279",
          "TENSE": "PAST",
          "LEX": "FELT",
          "WNSENSE": "feel%2:37:00::"
        },
        "start": 0,
        "end": 42
      },
      "V1604213": {
        "id": "V1604213",
        "indicator": "PRO",
        "type": "PERSON",
        "word": "I",
        "roles": {
          "PROFORM": "I",
          "LEX": "I",
          "WNSENSE": "person%1:03:00",
          "COREF": "USER"
        },
        "start": 0,
        "end": 2
      },
      "V1604607": {
        "id": "V1604607",
        "indicator": "F",
        "type": "PROPERTY-VAL",
        "word": null,
        "roles": {
          "SEQUENCE": "#V1604248",
          "SEQUENCE1": "#V1604264",
          "OPERATOR": "AND",
          "LEX": "-",
          "WNSENSE": "ashamed%3:00:00::"
        },
        "start": 7,
        "end": 29
      },
      "V1604248": {
        "id": "V1604248",
        "indicator": "F",
        "type": "DIRTY-VAL",
        "word": "DIRTY",
        "roles": {
          "FIGURE": "#V1604213",
          "SCALE": "UNCLEAN-SCALE",
          "DEGREE": "#V1604243",
          "LEX": "DIRTY"
        },
        "start": 7,
        "end": 17
      },
      "V1604243": {
        "id": "V1604243",
        "indicator": "F",
        "type": "DEGREE-MODIFIER-HIGH",
        "word": "TOO",
        "roles": {
          "FIGURE": "#V1604248",
          "LEX": "TOO",
          "WNSENSE": "too%4:02:00::"
        },
        "start": 7,
        "end": 11
      },
      "V1604264": {
        "id": "V1604264",
        "indicator": "F",
        "type": "SORRY",
        "word": "ASHAMED",
        "roles": {
          "FIGURE": "#V1604213",
          "SCALE": "REGRET-SCALE",
          "LEX": "ASHAMED",
          "WNSENSE": "ashamed%3:00:00::"
        },
        "start": 21,
        "end": 29
      },
      "V1604279": {
        "id": "V1604279",
        "indicator": "F",
        "type": "PURPOSE",
        "word": "TO",
        "roles": {
          "GROUND": "#V1604305",
          "FIGURE": "#V1604231",
          "LEX": "TO"
        },
        "start": 29,
        "end": 42
      },
      "V1604305": {
        "id": "V1604305",
        "indicator": "F",
        "type": "VISUAL-DISPLAY",
        "word": "BRING-UP",
        "roles": {
          "AFFECTED": "#V1604323",
          "VFORM": "BASE",
          "LEX": "BRING",
          "WNSENSE": "bring_on%2:36:01"
        },
        "start": 32,
        "end": 42
      },
      "V1604323": {
        "id": "V1604323",
        "indicator": "PRO",
        "type": "REFERENTIAL-SEM",
        "word": "IT",
        "roles": {
          "PROFORM": "IT",
          "LEX": "IT",
          "WNSENSE": "entity%1:03:00",
          "COREF": "#V1604231"
        },
        "start": 38,
        "end": 41
      },
      "root": "#V1605244"
    }
  ],
  "inputtags": [],
  "debug": [
    "*last-utt-id*=NIL  utt-id+278",
    "*last-utt-id*=278  utt-id+NIL"
  ]
}
