{
  "parse": [
    {
      "V263864": {
        "id": "V263864",
        "indicator": "SPEECHACT",
        "type": "SA_TELL",
        "word": null,
        "roles": {
          "PUNCTYPE": "DECL",
          "CONTENT": "#V263782",
          "LEX": "DID"
        },
        "start": 1,
        "end": 11
      },
      "V263782": {
        "id": "V263782",
        "indicator": "F",
        "type": "ELLIPSIS",
        "word": null,
        "roles": {
          "NEUTRAL": "#V263761",
          "TENSE": "PAST",
          "NEGATION": "+",
          "MODALITY": "(:* DO DO)",
          "LEX": "DID"
        },
        "start": 1,
        "end": 11
      },
      "V263761": {
        "id": "V263761",
        "indicator": "PRO",
        "type": "PERSON",
        "word": "I",
        "roles": {
          "PROFORM": "I",
          "LEX": "I",
          "WNSENSE": "person%1:03:00",
          "COREF": "USER"
        },
        "start": 1,
        "end": 3
      },
      "root": "#V263864"
    }
  ],
  "inputtags": [],
  "debug": [
    "*last-utt-id*=NIL  utt-id+40",
    "*last-utt-id*=40  utt-id+NIL"
  ]
}
