{
  "parse": [
    {
      "V2920289": {
        "id": "V2920289",
        "indicator": "SPEECHACT",
        "type": "SA_IDENTIFY",
        "word": null,
        "roles": {
          "CONTENT": "#V2920222",
          "LEX": "TIME"
        },
        "start": 0,
        "end": 9
      },
      "V2920222": {
        "id": "V2920222",
        "indicator": "QUANTIFIER",
        "type": "TIME-OBJECT",
        "word": "TIME",
        "roles": {
          "QUAN": "EVERY",
          "SCALE": "TIME-LOC-SCALE",
          "LEX": "TIME"
        },
        "start": 0,
        "end": 9
      },
      "root": "#V2920289"
    }
  ],
  "inputtags": [],
  "debug": [
    "*last-utt-id*=NIL  utt-id+507",
    "*last-utt-id*=507  utt-id+NIL"
  ]
}
