{
  "parse": [
    {
      "V2721202": {
        "id": "V2721202",
        "indicator": "SPEECHACT",
        "type": "SA_THANK",
        "word": null,
        "roles": {
          "PUNCTYPE": "DECL",
          "REASON": "#V2721184",
          "LEX": "-"
        },
        "start": 0,
        "end": 19
      },
      "V2721184": {
        "id": "V2721184",
        "indicator": "THE",
        "type": "QUANTITY-ABSTR",
        "word": null,
        "roles": {
          "FIGURE": "#V2721161",
          "LEX": "-"
        },
        "start": 10,
        "end": 19
      },
      "V2721161": {
        "id": "V2721161",
        "indicator": "PRO",
        "type": "REFERENTIAL-SEM",
        "word": "THIS",
        "roles": {
          "PROFORM": "THIS",
          "LEX": "THIS",
          "WNSENSE": "entity%1:03:00"
        },
        "start": 14,
        "end": 19
      },
      "root": "#V2721202"
    }
  ],
  "inputtags": [],
  "debug": [
    "*last-utt-id*=NIL  utt-id+513",
    "*last-utt-id*=513  utt-id+NIL"
  ]
}
