{
  "parse": [
    {
      "V1246238": {
        "id": "V1246238",
        "indicator": "SPEECHACT",
        "type": "SA_TELL",
        "word": null,
        "roles": {
          "PUNCTYPE": "DECL",
          "CONTENT": "#V1245764",
          "LEX": "DO-"
        },
        "start": 3,
        "end": 19
      },
      "V1245764": {
        "id": "V1245764",
        "indicator": "F",
        "type": "EXECUTE",
        "word": "DO",
        "roles": {
          "AGENT": "#V1246239",
          "NEUTRAL": "#V1245817",
          "TENSE": "PRES",
          "LEX": "DO-",
          "WNSENSE": "do%2:41:01::"
        },
        "start": 3,
        "end": 19
      },
      "V1246239": {
        "id": "V1246239",
        "indicator": "IMPRO",
        "type": "REFERENTIAL-SEM",
        "word": null,
        "roles": {
          "PROFORM": "SUBJ"
        },
        "start": 3,
        "end": 19
      },
      "V1245817": {
        "id": "V1245817",
        "indicator": "A",
        "type": "WORKING",
        "word": "JOB",
        "roles": {
          "MOD": "#V1245810",
          "LEX": "JOB",
          "WNSENSE": "work%2:41:05"
        },
        "start": 6,
        "end": 19
      },
      "V1245810": {
        "id": "V1245810",
        "indicator": "F",
        "type": "MORE-VAL",
        "word": "GOOD",
        "roles": {
          "ORIENTATION": "MORE",
          "INTENSITY": "MED",
          "FIGURE": "#V1245817",
          "SCALE": "ACCEPTABILITY-VAL",
          "LEX": "BETTER",
          "WNSENSE": "better%3:00:00::"
        },
        "start": 8,
        "end": 15
      },
      "root": "#V1246238"
    }
  ],
  "inputtags": [],
  "debug": [
    "constit-match failed on (% W::V (W::COMP3-MAP -) (W::IOBJ-MAP -)",
    "                           (W::DOBJ-MAP ONT::NEUTRAL) (W::SUBJ-MAP ONT::AGENT)",
    "                           (W::COMP3 (% - (W::VAR -)))",
    "                           (W::DOBJ (% W::NP (W::AGR W::|3S|)",
    "                                       (W::CASE ?11602:(W::OBJ))",
    "                                       (W::VAR V1245817)",
    "                                       (W::SEM ?7:(F::SITUATION (F::TYPE ?#:TT16784315384:(ONT::PROCEDURE))))",
    "                                       (W::GAP -) (W::SORT W::PRED)",
    "                                       (W::GERUND -)))",
    "                           (W::DOBJ ?#:LOBJ315385:((% W::NP (W::GAP -)",
    "                                                      (W::LF (% W::DESCRIPTION (W::STATUS ONT::BARE)",
    "                                                                (W::VAR V1245817)",
    "                                                                (W::SORT W::INDIVIDUAL)",
    "                                                                (W::CLASS (:* ONT::WORKING W::JOB))",
    "                                                                (W::CONSTRAINT (% & (- -)))",
    "                                                                (W::SEM ?242:(F::SITUATION (F::TYPE ONT::WORKING)",
    "                                                                              (F::KR-TYPE ((WN \"work%2:41:05\")))",
    "                                                                              (F::TRAJECTORY -)",
    "                                                                              (F::INTENTIONAL -)",
    "                                                                              (F::INFORMATION F::MENTAL-CONSTRUCT)",
    "                                                                              (F::CONTAINER -)",
    "                                                                              (F::ORIGIN F::ANY-ORIGIN)",
    "                                                                              (F::TANGIBLE +)",
    "                                                                              (F::SCALE ?640)",
    "                                                                              (F::ASPECT F::UNBOUNDED)",
    "                                                                              (F::TIME-SPAN F::EXTENDED)",
    "                                                                              (F::CAUSE F::FORCE)",
    "                                                                              (F::LOCATIVE -)",
    "                                                                              (F::IOBJ -)))",
    "                                                                (W::TRANSFORM -)))",
    "                                                      (W::SORT W::PRED)",
    "                                                      (W::SUBJVAR -)",
    "                                                      (W::LEX W::JOB)",
    "                                                      (W::VAR V1245817)",
    "                                                      (W::AGR W::|3S|)",
    "                                                      (W::CASE ?11602:(W::OBJ))",
    "                                                      (W::SEM ?7:(F::SITUATION (F::TYPE ?#:TT16784315384:(ONT::PROCEDURE)))))))",
    "                           (W::PART (% - (W::VAR -)))",
    "                           (W::SUBJ (% W::NP (W::LEX ?10217) (W::AGR ?10218)",
    "                                       (W::VAR (% W::*PRO* (W::SEM ?30067)",
    "                                                  (W::GAP ?30066)",
    "                                                  (W::CLASS ONT::REFERENTIAL-SEM)",
    "                                                  (W::VAR V1246822)",
    "                                                  (W::CONSTRAINT (% & (W::PROFORM W::SUBJ)))))",
    "                                       (W::SEM ?5:(F::PHYS-OBJ (F::INTENTIONAL +)",
    "                                                   (F::ORIGIN F::HUMAN)))",
    "                                       (W::GAP -)))",
    "                           (W::SUBJ ?#:LSUBJ315375:((% W::NP (W::GAP -)",
    "                                                       (W::LF ?#:LSUBJLF315368)",
    "                                                       (W::SORT ?#:LSUBJSORT315369)",
    "                                                       (W::SUBJVAR ?#:LSUBJSUBJVAR315370)",
    "                                                       (W::LEX ?10217)",
    "                                                       (W::VAR (% W::*PRO* (W::SEM ?30067)",
    "                                                                  (W::GAP ?30066)",
    "                                                                  (W::CLASS ONT::REFERENTIAL-SEM)",
    "                                                                  (W::VAR V1246822)",
    "                                                                  (W::CONSTRAINT (% & (W::PROFORM W::SUBJ)))))",
    "                                                       (W::AGR ?10218)",
    "                                                       (W::CASE ?#:LSUBJCASE315374)",
    "                                                       (W::SEM ?5:(F::PHYS-OBJ (F::INTENTIONAL +)",
    "                                                                   (F::ORIGIN F::HUMAN))))))",
    "                           (W::TMA -) (W::VFORM ?136122:(W::PRES))",
    "                           (W::SEM ?230:(F::SITUATION (F::KR-TYPE ((WN \"do%2:41:01::\" \"do%2:36:01::\" \"do%2:41:04::\")))",
    "                                         (F::TRAJECTORY -) (F::INTENTIONAL -)",
    "                                         (F::INFORMATION F::MENTAL-CONSTRUCT)",
    "                                         (F::CONTAINER -)",
    "                                         (F::ORIGIN F::ANY-ORIGIN)",
    "                                         (F::TANGIBLE +)",
    "                                         (F::ASPECT F::UNBOUNDED)",
    "                                         (F::TIME-SPAN F::EXTENDED)",
    "                                         (F::CAUSE F::FORCE) (F::LOCATIVE -)",
    "                                         (F::IOBJ -)))",
    "                           (W::LF (:* ONT::EXECUTE W::DO)) (W::AUX -)",
    "                           (W::VAR V1245764) (W::AGR ?136123:(W::|1S| W::|1P|))",
    "                           (W::NEG -) (W::IOBJ (% - (W::VAR -))) (W::CONT -)",
    "                           (W::TENSE-PRO -) (W::MODAL -) (W::AUXNAME -)",
    "                           (W::LEX W::DO-) (W::ORIG-LEX -) (W::HEADCAT W::V)",
    "                           (W::TRANSFORM -) (W::ADVBL-NEEDED -) (W::PASSIVE -)",
    "                           (W::PASSIVE-MAP -)",
    "                           (W::TEMPLATE LXM::AGENT-NEUTRAL-XP-TEMPL)",
    "                           (W::RESULT ?3:(?#:RES11678536352315363:(F::ABSTR-OBJ) NIL))) and (% W::V (W::GAP ?9)",
    "                                                                                               (W::VC +)",
    "                                                                                               (W::PART (% - (W::VAR -)))",
    "                                                                                               (W::COMP3 (% - (W::VAR -)))",
    "                                                                                               (W::IOBJ (% - (W::VAR -)))",
    "                                                                                               (W::MORPH (:FORMS (LXM::-VB)))",
    "                                                                                               (W::VAR V1245764)",
    "                                                                                               (W::LEX W::DO-)",
    "                                                                                               (W::INPUT W::DO-)",
    "                                                                                               (W::RESULT ?3:(?#:RES11678536352315363:(F::ABSTR-OBJ) NIL))",
    "                                                                                               (W::LF (:* ONT::EXECUTE W::DO))",
    "                                                                                               (W::SEM ?4:(F::SITUATION (F::TYPE ONT::EXECUTE)",
    "                                                                                                           (F::KR-TYPE ((WN \"do%2:41:01::\" \"do%2:36:01::\" \"do%2:41:04::\")))",
    "                                                                                                           (F::TRAJECTORY -)",
    "                                                                                                           (F::INTENTIONAL -)",
    "                                                                                                           (F::INFORMATION F::MENTAL-CONSTRUCT)",
    "                                                                                                           (F::CONTAINER -)",
    "                                                                                                           (F::ORIGIN F::ANY-ORIGIN)",
    "                                                                                                           (F::TANGIBLE +)",
    "                                                                                                           (F::ASPECT F::UNBOUNDED)",
    "                                                                                                           (F::TIME-SPAN F::EXTENDED)",
    "                                                                                                           (F::CAUSE F::FORCE)",
    "                                                                                                           (F::LOCATIVE -)",
    "                                                                                                           (F::IOBJ -)))",
    "                                                                                               (W::COERCE -)",
    "                                                                                               (W::TEMPLATE LXM::AGENT-NEUTRAL-XP-TEMPL)",
    "                                                                                               (W::NOMSUBJPREPS ?#:SUBJP315364:(W::BY))",
    "                                                                                               (W::NOMOBJPREPS ?#:OBJP315365:(W::OF))",
    "                                                                                               (W::VFORM ?#:X1245760315366:(W::BASE",
    "                                                                                                                            W::PRES))",
    "                                                                                               (W::AGR ?#:Y1245761315367:(W::|1S|",
    "                                                                                                                          W::|2S|",
    "                                                                                                                          W::|1P|",
    "                                                                                                                          W::|2P|",
    "                                                                                                                          W::|3P|))",
    "                                                                                               (W::SUBJ-MAP ONT::AGENT)",
    "                                                                                               (W::SUBJ ?#:LSUBJ315375:((% W::NP (W::GAP ?6)",
    "                                                                                                                           (W::LF ?#:LSUBJLF315368)",
    "                                                                                                                           (W::SORT ?#:LSUBJSORT315369)",
    "                                                                                                                           (W::SUBJVAR ?#:LSUBJSUBJVAR315370)",
    "                                                                                                                           (W::LEX ?#:LSUBJLEX315371)",
    "                                                                                                                           (W::VAR ?#:LSUBJVAR315372)",
    "                                                                                                                           (W::AGR ?#:LSUBJAGR315373)",
    "                                                                                                                           (W::CASE ?#:LSUBJCASE315374)",
    "                                                                                                                           (W::SEM ?5:(F::PHYS-OBJ (F::INTENTIONAL +)",
    "                                                                                                                                       (F::ORIGIN F::HUMAN))))))",
    "                                                                                               (W::DOBJ-MAP ONT::NEUTRAL)",
    "                                                                                               (W::DOBJ ?#:LOBJ315385:((% W::NP (W::GAP ?8)",
    "                                                                                                                          (W::LF ?#:LOBJLF315376)",
    "                                                                                                                          (W::SORT ?!#:!XX315377:(W::UNIT-MEASURE))",
    "                                                                                                                          (W::SUBJVAR ?#:LOBJSUBJVAR315378)",
    "                                                                                                                          (W::LEX ?#:LOBJLEX315379)",
    "                                                                                                                          (W::VAR ?#:LOBJVAR315380)",
    "                                                                                                                          (W::AGR ?#:LOBJAGR315381)",
    "                                                                                                                          (W::CASE ?#:LOBJCASE315382)",
    "                                                                                                                          (W::SEM ?7:(?#:THM16783315383:(F::ABSTR-OBJ",
    "                                                                                                                                                         F::SITUATION) (F::TYPE ?#:TT16784315384:(ONT::PROCEDURE)))))))",
    "                                                                                               (W::HEADCAT W::V))",
    "constit-match failed on (% W::V (W::COMP3-MAP -) (W::IOBJ-MAP -)",
    "                           (W::DOBJ-MAP ONT::NEUTRAL) (W::SUBJ-MAP ONT::AGENT)",
    "                           (W::COMP3 (% - (W::VAR -)))",
    "                           (W::DOBJ (% W::NP (W::AGR W::|3S|)",
    "                                       (W::CASE ?12613:(W::OBJ))",
    "                                       (W::VAR V1245817)",
    "                                       (W::SEM ?7:(F::SITUATION (F::TYPE ?#:TT16784315384:(ONT::PROCEDURE))))",
    "                                       (W::GAP -) (W::SORT W::PRED)",
    "                                       (W::GERUND -)))",
    "                           (W::DOBJ ?#:LOBJ315385:((% W::NP (W::GAP -)",
    "                                                      (W::LF (% W::DESCRIPTION (W::STATUS ONT::BARE)",
    "                                                                (W::VAR V1245817)",
    "                                                                (W::SORT W::INDIVIDUAL)",
    "                                                                (W::CLASS (:* ONT::WORKING W::JOB))",
    "                                                                (W::CONSTRAINT (% & (- -)))",
    "                                                                (W::SEM ?242:(F::SITUATION (F::TYPE ONT::WORKING)",
    "                                                                              (F::KR-TYPE ((WN \"work%2:41:05\")))",
    "                                                                              (F::TRAJECTORY -)",
    "                                                                              (F::INTENTIONAL -)",
    "                                                                              (F::INFORMATION F::MENTAL-CONSTRUCT)",
    "                                                                              (F::CONTAINER -)",
    "                                                                              (F::ORIGIN F::ANY-ORIGIN)",
    "                                                                              (F::TANGIBLE +)",
    "                                                                              (F::SCALE ?640)",
    "                                                                              (F::ASPECT F::UNBOUNDED)",
    "                                                                              (F::TIME-SPAN F::EXTENDED)",
    "                                                                              (F::CAUSE F::FORCE)",
    "                                                                              (F::LOCATIVE -)",
    "                                                                              (F::IOBJ -)))",
    "                                                                (W::TRANSFORM -)))",
    "                                                      (W::SORT W::PRED)",
    "                                                      (W::SUBJVAR -)",
    "                                                      (W::LEX W::JOB)",
    "                                                      (W::VAR V1245817)",
    "                                                      (W::AGR W::|3S|)",
    "                                                      (W::CASE ?12613:(W::OBJ))",
    "                                                      (W::SEM ?7:(F::SITUATION (F::TYPE ?#:TT16784315384:(ONT::PROCEDURE)))))))",
    "                           (W::PART (% - (W::VAR -)))",
    "                           (W::SUBJ (% W::NP (W::LEX ?10217) (W::AGR ?10218)",
    "                                       (W::VAR (% W::*PRO* (W::SEM ?31323)",
    "                                                  (W::GAP ?31322)",
    "                                                  (W::CLASS ONT::REFERENTIAL-SEM)",
    "                                                  (W::VAR V1246879)",
    "                                                  (W::CONSTRAINT (% & (W::PROFORM W::SUBJ)))))",
    "                                       (W::SEM ?5:(F::PHYS-OBJ (F::INTENTIONAL +)",
    "                                                   (F::ORIGIN F::HUMAN)))",
    "                                       (W::GAP -)))",
    "                           (W::SUBJ ?#:LSUBJ315375:((% W::NP (W::GAP -)",
    "                                                       (W::LF ?#:LSUBJLF315368)",
    "                                                       (W::SORT ?#:LSUBJSORT315369)",
    "                                                       (W::SUBJVAR ?#:LSUBJSUBJVAR315370)",
    "                                                       (W::LEX ?10217)",
    "                                                       (W::VAR (% W::*PRO* (W::SEM ?31323)",
    "                                                                  (W::GAP ?31322)",
    "                                                                  (W::CLASS ONT::REFERENTIAL-SEM)",
    "                                                                  (W::VAR V1246879)",
    "                                                                  (W::CONSTRAINT (% & (W::PROFORM W::SUBJ)))))",
    "                                                       (W::AGR ?10218)",
    "                                                       (W::CASE ?#:LSUBJCASE315374)",
    "                                                       (W::SEM ?5:(F::PHYS-OBJ (F::INTENTIONAL +)",
    "                                                                   (F::ORIGIN F::HUMAN))))))",
    "                           (W::TMA -) (W::VFORM ?136158:(W::PRES))",
    "                           (W::SEM ?230:(F::SITUATION (F::KR-TYPE ((WN \"do%2:41:01::\" \"do%2:36:01::\" \"do%2:41:04::\")))",
    "                                         (F::TRAJECTORY -) (F::INTENTIONAL -)",
    "                                         (F::INFORMATION F::MENTAL-CONSTRUCT)",
    "                                         (F::CONTAINER -)",
    "                                         (F::ORIGIN F::ANY-ORIGIN)",
    "                                         (F::TANGIBLE +)",
    "                                         (F::ASPECT F::UNBOUNDED)",
    "                                         (F::TIME-SPAN F::EXTENDED)",
    "                                         (F::CAUSE F::FORCE) (F::LOCATIVE -)",
    "                                         (F::IOBJ -)))",
    "                           (W::LF (:* ONT::EXECUTE W::DO)) (W::AUX -)",
    "                           (W::VAR V1245764) (W::AGR ?136159:(W::|1S| W::|1P|))",
    "                           (W::NEG -) (W::IOBJ (% - (W::VAR -))) (W::CONT -)",
    "                           (W::TENSE-PRO -) (W::MODAL -) (W::AUXNAME -)",
    "                           (W::LEX W::DO-) (W::ORIG-LEX -) (W::HEADCAT W::V)",
    "                           (W::TRANSFORM -) (W::ADVBL-NEEDED -) (W::PASSIVE -)",
    "                           (W::PASSIVE-MAP -)",
    "                           (W::TEMPLATE LXM::AGENT-NEUTRAL-XP-TEMPL)",
    "                           (W::RESULT ?3:(?#:RES11678536352315363:(F::ABSTR-OBJ) NIL))) and (% W::V (W::GAP ?9)",
    "                                                                                               (W::VC +)",
    "                                                                                               (W::PART (% - (W::VAR -)))",
    "                                                                                               (W::COMP3 (% - (W::VAR -)))",
    "                                                                                               (W::IOBJ (% - (W::VAR -)))",
    "                                                                                               (W::MORPH (:FORMS (LXM::-VB)))",
    "                                                                                               (W::VAR V1245764)",
    "                                                                                               (W::LEX W::DO-)",
    "                                                                                               (W::INPUT W::DO-)",
    "                                                                                               (W::RESULT ?3:(?#:RES11678536352315363:(F::ABSTR-OBJ) NIL))",
    "                                                                                               (W::LF (:* ONT::EXECUTE W::DO))",
    "                                                                                               (W::SEM ?4:(F::SITUATION (F::TYPE ONT::EXECUTE)",
    "                                                                                                           (F::KR-TYPE ((WN \"do%2:41:01::\" \"do%2:36:01::\" \"do%2:41:04::\")))",
    "                                                                                                           (F::TRAJECTORY -)",
    "                                                                                                           (F::INTENTIONAL -)",
    "                                                                                                           (F::INFORMATION F::MENTAL-CONSTRUCT)",
    "                                                                                                           (F::CONTAINER -)",
    "                                                                                                           (F::ORIGIN F::ANY-ORIGIN)",
    "                                                                                                           (F::TANGIBLE +)",
    "                                                                                                           (F::ASPECT F::UNBOUNDED)",
    "                                                                                                           (F::TIME-SPAN F::EXTENDED)",
    "                                                                                                           (F::CAUSE F::FORCE)",
    "                                                                                                           (F::LOCATIVE -)",
    "                                                                                                           (F::IOBJ -)))",
    "                                                                                               (W::COERCE -)",
    "                                                                                               (W::TEMPLATE LXM::AGENT-NEUTRAL-XP-TEMPL)",
    "                                                                                               (W::NOMSUBJPREPS ?#:SUBJP315364:(W::BY))",
    "                                                                                               (W::NOMOBJPREPS ?#:OBJP315365:(W::OF))",
    "                                                                                               (W::VFORM ?#:X1245760315366:(W::BASE",
    "                                                                                                                            W::PRES))",
    "                                                                                               (W::AGR ?#:Y1245761315367:(W::|1S|",
    "                                                                                                                          W::|2S|",
    "                                                                                                                          W::|1P|",
    "                                                                                                                          W::|2P|",
    "                                                                                                                          W::|3P|))",
    "                                                                                               (W::SUBJ-MAP ONT::AGENT)",
    "                                                                                               (W::SUBJ ?#:LSUBJ315375:((% W::NP (W::GAP ?6)",
    "                                                                                                                           (W::LF ?#:LSUBJLF315368)",
    "                                                                                                                           (W::SORT ?#:LSUBJSORT315369)",
    "                                                                                                                           (W::SUBJVAR ?#:LSUBJSUBJVAR315370)",
    "                                                                                                                           (W::LEX ?#:LSUBJLEX315371)",
    "                                                                                                                           (W::VAR ?#:LSUBJVAR315372)",
    "                                                                                                                           (W::AGR ?#:LSUBJAGR315373)",
    "                                                                                                                           (W::CASE ?#:LSUBJCASE315374)",
    "                                                                                                                           (W::SEM ?5:(F::PHYS-OBJ (F::INTENTIONAL +)",
    "                                                                                                                                       (F::ORIGIN F::HUMAN))))))",
    "                                                                                               (W::DOBJ-MAP ONT::NEUTRAL)",
    "                                                                                               (W::DOBJ ?#:LOBJ315385:((% W::NP (W::GAP ?8)",
    "                                                                                                                          (W::LF ?#:LOBJLF315376)",
    "                                                                                                                          (W::SORT ?!#:!XX315377:(W::UNIT-MEASURE))",
    "                                                                                                                          (W::SUBJVAR ?#:LOBJSUBJVAR315378)",
    "                                                                                                                          (W::LEX ?#:LOBJLEX315379)",
    "                                                                                                                          (W::VAR ?#:LOBJVAR315380)",
    "                                                                                                                          (W::AGR ?#:LOBJAGR315381)",
    "                                                                                                                          (W::CASE ?#:LOBJCASE315382)",
    "                                                                                                                          (W::SEM ?7:(?#:THM16783315383:(F::ABSTR-OBJ",
    "                                                                                                                                                         F::SITUATION) (F::TYPE ?#:TT16784315384:(ONT::PROCEDURE)))))))",
    "                                                                                               (W::HEADCAT W::V))",
    "constit-match failed on (% W::V (W::COMP3-MAP -) (W::IOBJ-MAP -)",
    "                           (W::DOBJ-MAP ONT::NEUTRAL) (W::SUBJ-MAP ONT::AGENT)",
    "                           (W::COMP3 (% - (W::VAR -)))",
    "                           (W::DOBJ (% W::NP (W::AGR W::|3S|)",
    "                                       (W::CASE ?11600:(W::OBJ))",
    "                                       (W::VAR V1245889)",
    "                                       (W::SEM ?7:(F::ABSTR-OBJ (F::TYPE ?#:TT16784315384:(ONT::PROCEDURE))))",
    "                                       (W::GAP -) (W::SORT W::PRED)",
    "                                       (W::GERUND -)))",
    "                           (W::DOBJ ?#:LOBJ315385:((% W::NP (W::GAP -)",
    "                                                      (W::LF (% W::DESCRIPTION (W::STATUS ONT::DEFINITE)",
    "                                                                (W::VAR V1245889)",
    "                                                                (W::CLASS ONT::QUANTITY-ABSTR)",
    "                                                                (W::SORT W::PRED)",
    "                                                                (W::CONSTRAINT (% & (W::FIGURE V1245817)))",
    "                                                                (W::SEM ?2889:(F::ABSTR-OBJ (F::TYPE ONT::QUANTITY-ABSTR)",
    "                                                                               (F::INTENTIONAL -)",
    "                                                                               (F::INFORMATION -)",
    "                                                                               (F::CONTAINER -)",
    "                                                                               (F::ORIGIN F::ANY-ORIGIN)",
    "                                                                               (F::TANGIBLE -)",
    "                                                                               (F::SCALE ONT::LINEAR-EXTENT-SCALE)",
    "                                                                               (F::MEASURE-FUNCTION -)",
    "                                                                               (F::GRADABILITY -)",
    "                                                                               (F::INTENSITY -)",
    "                                                                               (F::ORIENTATION -)))))",
    "                                                      (W::SORT W::PRED)",
    "                                                      (W::SUBJVAR -) (W::LEX -)",
    "                                                      (W::VAR V1245889)",
    "                                                      (W::AGR W::|3S|)",
    "                                                      (W::CASE ?11600:(W::OBJ))",
    "                                                      (W::SEM ?7:(F::ABSTR-OBJ (F::TYPE ?#:TT16784315384:(ONT::PROCEDURE)))))))",
    "                           (W::PART (% - (W::VAR -)))",
    "                           (W::SUBJ (% W::NP (W::LEX ?10217) (W::AGR ?10218)",
    "                                       (W::VAR (% W::*PRO* (W::SEM ?31913)",
    "                                                  (W::GAP ?31912)",
    "                                                  (W::CLASS ONT::REFERENTIAL-SEM)",
    "                                                  (W::VAR V1246905)",
    "                                                  (W::CONSTRAINT (% & (W::PROFORM W::SUBJ)))))",
    "                                       (W::SEM ?5:(F::PHYS-OBJ (F::INTENTIONAL +)",
    "                                                   (F::ORIGIN F::HUMAN)))",
    "                                       (W::GAP -)))",
    "                           (W::SUBJ ?#:LSUBJ315375:((% W::NP (W::GAP -)",
    "                                                       (W::LF ?#:LSUBJLF315368)",
    "                                                       (W::SORT ?#:LSUBJSORT315369)",
    "                                                       (W::SUBJVAR ?#:LSUBJSUBJVAR315370)",
    "                                                       (W::LEX ?10217)",
    "                                                       (W::VAR (% W::*PRO* (W::SEM ?31913)",
    "                                                                  (W::GAP ?31912)",
    "                                                                  (W::CLASS ONT::REFERENTIAL-SEM)",
    "                                                                  (W::VAR V1246905)",
    "                                                                  (W::CONSTRAINT (% & (W::PROFORM W::SUBJ)))))",
    "                                                       (W::AGR ?10218)",
    "                                                       (W::CASE ?#:LSUBJCASE315374)",
    "                                                       (W::SEM ?5:(F::PHYS-OBJ (F::INTENTIONAL +)",
    "                                                                   (F::ORIGIN F::HUMAN))))))",
    "                           (W::TMA -) (W::VFORM ?136202:(W::PRES))",
    "                           (W::SEM ?230:(F::SITUATION (F::KR-TYPE ((WN \"do%2:41:01::\" \"do%2:36:01::\" \"do%2:41:04::\")))",
    "                                         (F::TRAJECTORY -) (F::INTENTIONAL -)",
    "                                         (F::INFORMATION F::MENTAL-CONSTRUCT)",
    "                                         (F::CONTAINER -)",
    "                                         (F::ORIGIN F::ANY-ORIGIN)",
    "                                         (F::TANGIBLE +)",
    "                                         (F::ASPECT F::UNBOUNDED)",
    "                                         (F::TIME-SPAN F::EXTENDED)",
    "                                         (F::CAUSE F::FORCE) (F::LOCATIVE -)",
    "                                         (F::IOBJ -)))",
    "                           (W::LF (:* ONT::EXECUTE W::DO)) (W::AUX -)",
    "                           (W::VAR V1245764) (W::AGR ?136203:(W::|1S| W::|1P|))",
    "                           (W::NEG -) (W::IOBJ (% - (W::VAR -))) (W::CONT -)",
    "                           (W::TENSE-PRO -) (W::MODAL -) (W::AUXNAME -)",
    "                           (W::LEX W::DO-) (W::ORIG-LEX -) (W::HEADCAT W::V)",
    "                           (W::TRANSFORM -) (W::ADVBL-NEEDED -) (W::PASSIVE -)",
    "                           (W::PASSIVE-MAP -)",
    "                           (W::TEMPLATE LXM::AGENT-NEUTRAL-XP-TEMPL)",
    "                           (W::RESULT ?3:(?#:RES11678536352315363:(F::ABSTR-OBJ) NIL))) and (% W::V (W::GAP ?9)",
    "                                                                                               (W::VC +)",
    "                                                                                               (W::PART (% - (W::VAR -)))",
    "                                                                                               (W::COMP3 (% - (W::VAR -)))",
    "                                                                                               (W::IOBJ (% - (W::VAR -)))",
    "                                                                                               (W::MORPH (:FORMS (LXM::-VB)))",
    "                                                                                               (W::VAR V1245764)",
    "                                                                                               (W::LEX W::DO-)",
    "                                                                                               (W::INPUT W::DO-)",
    "                                                                                               (W::RESULT ?3:(?#:RES11678536352315363:(F::ABSTR-OBJ) NIL))",
    "                                                                                               (W::LF (:* ONT::EXECUTE W::DO))",
    "                                                                                               (W::SEM ?4:(F::SITUATION (F::TYPE ONT::EXECUTE)",
    "                                                                                                           (F::KR-TYPE ((WN \"do%2:41:01::\" \"do%2:36:01::\" \"do%2:41:04::\")))",
    "                                                                                                           (F::TRAJECTORY -)",
    "                                                                                                           (F::INTENTIONAL -)",
    "                                                                                                           (F::INFORMATION F::MENTAL-CONSTRUCT)",
    "                                                                                                           (F::CONTAINER -)",
    "                                                                                                           (F::ORIGIN F::ANY-ORIGIN)",
    "                                                                                                           (F::TANGIBLE +)",
    "                                                                                                           (F::ASPECT F::UNBOUNDED)",
    "                                                                                                           (F::TIME-SPAN F::EXTENDED)",
    "                                                                                                           (F::CAUSE F::FORCE)",
    "                                                                                                           (F::LOCATIVE -)",
    "                                                                                                           (F::IOBJ -)))",
    "                                                                                               (W::COERCE -)",
    "                                                                                               (W::TEMPLATE LXM::AGENT-NEUTRAL-XP-TEMPL)",
    "                                                                                               (W::NOMSUBJPREPS ?#:SUBJP315364:(W::BY))",
    "                                                                                               (W::NOMOBJPREPS ?#:OBJP315365:(W::OF))",
    "                                                                                               (W::VFORM ?#:X1245760315366:(W::BASE",
    "                                                                                                                            W::PRES))",
    "                                                                                               (W::AGR ?#:Y1245761315367:(W::|1S|",
    "                                                                                                                          W::|2S|",
    "                                                                                                                          W::|1P|",
    "                                                                                                                          W::|2P|",
    "                                                                                                                          W::|3P|))",
    "                                                                                               (W::SUBJ-MAP ONT::AGENT)",
    "                                                                                               (W::SUBJ ?#:LSUBJ315375:((% W::NP (W::GAP ?6)",
    "                                                                                                                           (W::LF ?#:LSUBJLF315368)",
    "                                                                                                                           (W::SORT ?#:LSUBJSORT315369)",
    "                                                                                                                           (W::SUBJVAR ?#:LSUBJSUBJVAR315370)",
    "                                                                                                                           (W::LEX ?#:LSUBJLEX315371)",
    "                                                                                                                           (W::VAR ?#:LSUBJVAR315372)",
    "                                                                                                                           (W::AGR ?#:LSUBJAGR315373)",
    "                                                                                                                           (W::CASE ?#:LSUBJCASE315374)",
    "                                                                                                                           (W::SEM ?5:(F::PHYS-OBJ (F::INTENTIONAL +)",
    "                                                                                                                                       (F::ORIGIN F::HUMAN))))))",
    "                                                                                               (W::DOBJ-MAP ONT::NEUTRAL)",
    "                                                                                               (W::DOBJ ?#:LOBJ315385:((% W::NP (W::GAP ?8)",
    "                                                                                                                          (W::LF ?#:LOBJLF315376)",
    "                                                                                                                          (W::SORT ?!#:!XX315377:(W::UNIT-MEASURE))",
    "                                                                                                                          (W::SUBJVAR ?#:LOBJSUBJVAR315378)",
    "                                                                                                                          (W::LEX ?#:LOBJLEX315379)",
    "                                                                                                                          (W::VAR ?#:LOBJVAR315380)",
    "                                                                                                                          (W::AGR ?#:LOBJAGR315381)",
    "                                                                                                                          (W::CASE ?#:LOBJCASE315382)",
    "                                                                                                                          (W::SEM ?7:(?#:THM16783315383:(F::ABSTR-OBJ",
    "                                                                                                                                                         F::SITUATION) (F::TYPE ?#:TT16784315384:(ONT::PROCEDURE)))))))",
    "                                                                                               (W::HEADCAT W::V))",
    "constit-match failed on (% W::V (W::COMP3-MAP -) (W::IOBJ-MAP -)",
    "                           (W::DOBJ-MAP ONT::NEUTRAL) (W::SUBJ-MAP ONT::AGENT)",
    "                           (W::COMP3 (% - (W::VAR -)))",
    "                           (W::DOBJ (% W::NP (W::AGR W::|3S|)",
    "                                       (W::CASE ?12611:(W::OBJ))",
    "                                       (W::VAR V1245889)",
    "                                       (W::SEM ?7:(F::ABSTR-OBJ (F::TYPE ?#:TT16784315384:(ONT::PROCEDURE))))",
    "                                       (W::GAP -) (W::SORT W::PRED)",
    "                                       (W::GERUND -)))",
    "                           (W::DOBJ ?#:LOBJ315385:((% W::NP (W::GAP -)",
    "                                                      (W::LF (% W::DESCRIPTION (W::STATUS ONT::DEFINITE)",
    "                                                                (W::VAR V1245889)",
    "                                                                (W::CLASS ONT::QUANTITY-ABSTR)",
    "                                                                (W::SORT W::PRED)",
    "                                                                (W::CONSTRAINT (% & (W::FIGURE V1245817)))",
    "                                                                (W::SEM ?2889:(F::ABSTR-OBJ (F::TYPE ONT::QUANTITY-ABSTR)",
    "                                                                               (F::INTENTIONAL -)",
    "                                                                               (F::INFORMATION -)",
    "                                                                               (F::CONTAINER -)",
    "                                                                               (F::ORIGIN F::ANY-ORIGIN)",
    "                                                                               (F::TANGIBLE -)",
    "                                                                               (F::SCALE ONT::LINEAR-EXTENT-SCALE)",
    "                                                                               (F::MEASURE-FUNCTION -)",
    "                                                                               (F::GRADABILITY -)",
    "                                                                               (F::INTENSITY -)",
    "                                                                               (F::ORIENTATION -)))))",
    "                                                      (W::SORT W::PRED)",
    "                                                      (W::SUBJVAR -) (W::LEX -)",
    "                                                      (W::VAR V1245889)",
    "                                                      (W::AGR W::|3S|)",
    "                                                      (W::CASE ?12611:(W::OBJ))",
    "                                                      (W::SEM ?7:(F::ABSTR-OBJ (F::TYPE ?#:TT16784315384:(ONT::PROCEDURE)))))))",
    "                           (W::PART (% - (W::VAR -)))",
    "                           (W::SUBJ (% W::NP (W::LEX ?10217) (W::AGR ?10218)",
    "                                       (W::VAR (% W::*PRO* (W::SEM ?32778)",
    "                                                  (W::GAP ?32777)",
    "                                                  (W::CLASS ONT::REFERENTIAL-SEM)",
    "                                                  (W::VAR V1246939)",
    "                                                  (W::CONSTRAINT (% & (W::PROFORM W::SUBJ)))))",
    "                                       (W::SEM ?5:(F::PHYS-OBJ (F::INTENTIONAL +)",
    "                                                   (F::ORIGIN F::HUMAN)))",
    "                                       (W::GAP -)))",
    "                           (W::SUBJ ?#:LSUBJ315375:((% W::NP (W::GAP -)",
    "                                                       (W::LF ?#:LSUBJLF315368)",
    "                                                       (W::SORT ?#:LSUBJSORT315369)",
    "                                                       (W::SUBJVAR ?#:LSUBJSUBJVAR315370)",
    "                                                       (W::LEX ?10217)",
    "                                                       (W::VAR (% W::*PRO* (W::SEM ?32778)",
    "                                                                  (W::GAP ?32777)",
    "                                                                  (W::CLASS ONT::REFERENTIAL-SEM)",
    "                                                                  (W::VAR V1246939)",
    "                                                                  (W::CONSTRAINT (% & (W::PROFORM W::SUBJ)))))",
    "                                                       (W::AGR ?10218)",
    "                                                       (W::CASE ?#:LSUBJCASE315374)",
    "                                                       (W::SEM ?5:(F::PHYS-OBJ (F::INTENTIONAL +)",
    "                                                                   (F::ORIGIN F::HUMAN))))))",
    "                           (W::TMA -) (W::VFORM ?136243:(W::PRES))",
    "                           (W::SEM ?230:(F::SITUATION (F::KR-TYPE ((WN \"do%2:41:01::\" \"do%2:36:01::\" \"do%2:41:04::\")))",
    "                                         (F::TRAJECTORY -) (F::INTENTIONAL -)",
    "                                         (F::INFORMATION F::MENTAL-CONSTRUCT)",
    "                                         (F::CONTAINER -)",
    "                                         (F::ORIGIN F::ANY-ORIGIN)",
    "                                         (F::TANGIBLE +)",
    "                                         (F::ASPECT F::UNBOUNDED)",
    "                                         (F::TIME-SPAN F::EXTENDED)",
    "                                         (F::CAUSE F::FORCE) (F::LOCATIVE -)",
    "                                         (F::IOBJ -)))",
    "                           (W::LF (:* ONT::EXECUTE W::DO)) (W::AUX -)",
    "                           (W::VAR V1245764) (W::AGR ?136244:(W::|1S| W::|1P|))",
    "                           (W::NEG -) (W::IOBJ (% - (W::VAR -))) (W::CONT -)",
    "                           (W::TENSE-PRO -) (W::MODAL -) (W::AUXNAME -)",
    "                           (W::LEX W::DO-) (W::ORIG-LEX -) (W::HEADCAT W::V)",
    "                           (W::TRANSFORM -) (W::ADVBL-NEEDED -) (W::PASSIVE -)",
    "                           (W::PASSIVE-MAP -)",
    "                           (W::TEMPLATE LXM::AGENT-NEUTRAL-XP-TEMPL)",
    "                           (W::RESULT ?3:(?#:RES11678536352315363:(F::ABSTR-OBJ) NIL))) and (% W::V (W::GAP ?9)",
    "                                                                                               (W::VC +)",
    "                                                                                               (W::PART (% - (W::VAR -)))",
    "                                                                                               (W::COMP3 (% - (W::VAR -)))",
    "                                                                                               (W::IOBJ (% - (W::VAR -)))",
    "                                                                                               (W::MORPH (:FORMS (LXM::-VB)))",
    "                                                                                               (W::VAR V1245764)",
    "                                                                                               (W::LEX W::DO-)",
    "                                                                                               (W::INPUT W::DO-)",
    "                                                                                               (W::RESULT ?3:(?#:RES11678536352315363:(F::ABSTR-OBJ) NIL))",
    "                                                                                               (W::LF (:* ONT::EXECUTE W::DO))",
    "                                                                                               (W::SEM ?4:(F::SITUATION (F::TYPE ONT::EXECUTE)",
    "                                                                                                           (F::KR-TYPE ((WN \"do%2:41:01::\" \"do%2:36:01::\" \"do%2:41:04::\")))",
    "                                                                                                           (F::TRAJECTORY -)",
    "                                                                                                           (F::INTENTIONAL -)",
    "                                                                                                           (F::INFORMATION F::MENTAL-CONSTRUCT)",
    "                                                                                                           (F::CONTAINER -)",
    "                                                                                                           (F::ORIGIN F::ANY-ORIGIN)",
    "                                                                                                           (F::TANGIBLE +)",
    "                                                                                                           (F::ASPECT F::UNBOUNDED)",
    "                                                                                                           (F::TIME-SPAN F::EXTENDED)",
    "                                                                                                           (F::CAUSE F::FORCE)",
    "                                                                                                           (F::LOCATIVE -)",
    "                                                                                                           (F::IOBJ -)))",
    "                                                                                               (W::COERCE -)",
    "                                                                                               (W::TEMPLATE LXM::AGENT-NEUTRAL-XP-TEMPL)",
    "                                                                                               (W::NOMSUBJPREPS ?#:SUBJP315364:(W::BY))",
    "                                                                                               (W::NOMOBJPREPS ?#:OBJP315365:(W::OF))",
    "                                                                                               (W::VFORM ?#:X1245760315366:(W::BASE",
    "                                                                                                                            W::PRES))",
    "                                                                                               (W::AGR ?#:Y1245761315367:(W::|1S|",
    "                                                                                                                          W::|2S|",
    "                                                                                                                          W::|1P|",
    "                                                                                                                          W::|2P|",
    "                                                                                                                          W::|3P|))",
    "                                                                                               (W::SUBJ-MAP ONT::AGENT)",
    "                                                                                               (W::SUBJ ?#:LSUBJ315375:((% W::NP (W::GAP ?6)",
    "                                                                                                                           (W::LF ?#:LSUBJLF315368)",
    "                                                                                                                           (W::SORT ?#:LSUBJSORT315369)",
    "                                                                                                                           (W::SUBJVAR ?#:LSUBJSUBJVAR315370)",
    "                                                                                                                           (W::LEX ?#:LSUBJLEX315371)",
    "                                                                                                                           (W::VAR ?#:LSUBJVAR315372)",
    "                                                                                                                           (W::AGR ?#:LSUBJAGR315373)",
    "                                                                                                                           (W::CASE ?#:LSUBJCASE315374)",
    "                                                                                                                           (W::SEM ?5:(F::PHYS-OBJ (F::INTENTIONAL +)",
    "                                                                                                                                       (F::ORIGIN F::HUMAN))))))",
    "                                                                                               (W::DOBJ-MAP ONT::NEUTRAL)",
    "                                                                                               (W::DOBJ ?#:LOBJ315385:((% W::NP (W::GAP ?8)",
    "                                                                                                                          (W::LF ?#:LOBJLF315376)",
    "                                                                                                                          (W::SORT ?!#:!XX315377:(W::UNIT-MEASURE))",
    "                                                                                                                          (W::SUBJVAR ?#:LOBJSUBJVAR315378)",
    "                                                                                                                          (W::LEX ?#:LOBJLEX315379)",
    "                                                                                                                          (W::VAR ?#:LOBJVAR315380)",
    "                                                                                                                          (W::AGR ?#:LOBJAGR315381)",
    "                                                                                                                          (W::CASE ?#:LOBJCASE315382)",
    "                                                                                                                          (W::SEM ?7:(?#:THM16783315383:(F::ABSTR-OBJ",
    "                                                                                                                                                         F::SITUATION) (F::TYPE ?#:TT16784315384:(ONT::PROCEDURE)))))))",
    "                                                                                               (W::HEADCAT W::V))",
    "*last-utt-id*=NIL  utt-id+241",
    "*last-utt-id*=241  utt-id+NIL"
  ]
}
