{
  "parse": [
    {
      "V401871": {
        "id": "V401871",
        "indicator": "SPEECHACT",
        "type": "SA_IDENTIFY",
        "word": null,
        "roles": {
          "PUNCTYPE": "DECL",
          "CONTENT": "#V401502",
          "LEX": "SHAKING"
        },
        "start": 0,
        "end": 27
      },
      "V401502": {
        "id": "V401502",
        "indicator": "BARE",
        "type": "EVOKE-EXCITEMENT",
        "word": "SHAKE",
        "roles": {
          "AFFECTED": "#V401513",
          "LEX": "SHAKING",
          "WNSENSE": "shake%2:37:00::"
        },
        "start": 0,
        "end": 27
      },
      "V401513": {
        "id": "V401513",
        "indicator": "THE",
        "type": "EXTERNAL-BODY-PART",
        "word": "HEAD",
        "roles": {
          "ASSOC-POSS": "#V401507",
          "MOD": "#V401527",
          "LEX": "HEAD",
          "WNSENSE": "head%1:17:01::"
        },
        "start": 9,
        "end": 27
      },
      "V401507": {
        "id": "V401507",
        "indicator": "PRO",
        "type": "PERSON",
        "word": "MY",
        "roles": {
          "LEX": "MY",
          "PROFORM": "MY",
          "WNSENSE": "person%1:03:00",
          "COREF": "USER"
        },
        "start": 9,
        "end": 27
      },
      "V401527": {
        "id": "V401527",
        "indicator": "F",
        "type": "TYPICAL-VAL",
        "word": "EVERYDAY",
        "roles": {
          "FIGURE": "#V401513",
          "SCALE": "TYPICAL-SCALE",
          "LEX": "EVERYDAY",
          "WNSENSE": "everyday%5:00:00:ordinary:00"
        },
        "start": 18,
        "end": 27
      },
      "root": "#V401871"
    }
  ],
  "inputtags": [],
  "debug": [
    "*last-utt-id*=NIL  utt-id+84",
    "*last-utt-id*=84  utt-id+NIL"
  ]
}
