{
  "parse": [
    {
      "V2432901": {
        "id": "V2432901",
        "indicator": "SPEECHACT",
        "type": "SA_TELL",
        "word": null,
        "roles": {
          "PUNCTYPE": "DECL",
          "CONTENT": "#V2432127",
          "LEX": "WORKED-IN"
        },
        "start": 0,
        "end": 43
      },
      "V2432127": {
        "id": "V2432127",
        "indicator": "F",
        "type": "ADD-INCLUDE",
        "word": "WORKED-IN",
        "roles": {
          "AGENT": "#V2431965",
          "RESULT": "#V2432717",
          "EXTENT": "#V2432203",
          "TENSE": "PAST",
          "LEX": "WORKED-IN",
          "WNSENSE": "work_in%2:30:00"
        },
        "start": 0,
        "end": 43
      },
      "V2431965": {
        "id": "V2431965",
        "indicator": "PRO",
        "type": "PERSON",
        "word": "I",
        "roles": {
          "PROFORM": "I",
          "LEX": "I",
          "WNSENSE": "person%1:03:00",
          "COREF": "USER"
        },
        "start": 0,
        "end": 2
      },
      "V2432717": {
        "id": "V2432717",
        "indicator": "THE",
        "type": "QUANTITY-ABSTR",
        "word": null,
        "roles": {
          "FIGURE": "#V2432193"
        },
        "start": 12,
        "end": 29
      },
      "V2432193": {
        "id": "V2432193",
        "indicator": "THE",
        "type": "ENTERPRISE",
        "word": "INDUSTRY",
        "roles": {
          "ASSOC-WITH": "#V2432186",
          "LEX": "INDUSTRY",
          "WNSENSE": "industry%1:14:00::"
        },
        "start": 12,
        "end": 29
      },
      "V2432186": {
        "id": "V2432186",
        "indicator": "KIND",
        "type": "BAR-MEASURE",
        "word": "BAR",
        "roles": {
          "LEX": "BAR",
          "WNSENSE": "bar%1:10:00::"
        },
        "start": 12,
        "end": 29
      },
      "V2432203": {
        "id": "V2432203",
        "indicator": "F",
        "type": "TIME-DURATION-REL",
        "word": "FOR",
        "roles": {
          "GROUND": "#V2432226",
          "FIGURE": "#V2432127",
          "LEX": "FOR"
        },
        "start": 29,
        "end": 43
      },
      "V2432226": {
        "id": "V2432226",
        "indicator": "A",
        "type": "QUANTITY-ABSTR",
        "word": null,
        "roles": {
          "SCALE": "DURATION-SCALE",
          "UNIT": "(:* YEAR-DURATION YEAR)",
          "AMOUNT": "#V2432224",
          "LEX": "YEARS",
          "WNSENSE": "year%1:28:00"
        },
        "start": 34,
        "end": 43
      },
      "V2432224": {
        "id": "V2432224",
        "indicator": "A",
        "type": "NUMBER",
        "word": null,
        "roles": {
          "VALUE": "20"
        },
        "start": 34,
        "end": 43
      },
      "root": "#V2432901"
    }
  ],
  "inputtags": [],
  "debug": [
    "*last-utt-id*=NIL  utt-id+409",
    "*last-utt-id*=409  utt-id+NIL"
  ]
}
