{
  "parse": [
    {
      "V801272": {
        "id": "V801272",
        "indicator": "SPEECHACT",
        "type": "SA_IDENTIFY",
        "word": null,
        "roles": {
          "CONTENT": "#V798962",
          "LEX": "(MESSAGE 61)"
        },
        "start": 0,
        "end": 28
      },
      "V798962": {
        "id": "V798962",
        "indicator": "BARE",
        "type": "CONTENT",
        "word": "MESSAGE",
        "roles": {
          "MOD": [
            "#V798970",
            "#V798959"
          ],
          "LEX": "(MESSAGE 61)",
          "WNSENSE": "message%1:10:00::"
        },
        "start": 0,
        "end": 28
      },
      "V798959": {
        "id": "V798959",
        "indicator": "F",
        "type": "INSTANTANEOUS-VAL",
        "word": "INSTANT",
        "roles": {
          "FIGURE": "#V798962",
          "SCALE": "SPEED-SCALE",
          "LEX": "INSTANT",
          "WNSENSE": "instant%5:00:00:fast:01"
        },
        "start": 0,
        "end": 9
      },
      "V798970": {
        "id": "V798970",
        "indicator": "F",
        "type": "ABUSE",
        "word": "ABUSE",
        "roles": {
          "AFFECTED": "#V798962",
          "VFORM": "PASSIVE",
          "LEX": "ABUSED",
          "WNSENSE": "abuse%2:41:00::"
        },
        "start": 21,
        "end": 28
      },
      "root": "#V801272"
    },
    {
      "V798991": {
        "id": "V798991",
        "indicator": "F",
        "type": "ACTIVE-ON",
        "word": "ON",
        "roles": {
          "SCALE": "DOMAIN",
          "LEX": "ON",
          "WNSENSE": "on%3:00:00::"
        },
        "start": 28,
        "end": 31
      },
      "root": "#V798991"
    },
    {
      "V799037": {
        "id": "V799037",
        "indicator": "F",
        "type": "COMPLETELY",
        "word": "UP",
        "roles": {
          "LEX": "UP",
          "WNSENSE": "up%4:02:05::"
        },
        "start": 31,
        "end": 34
      },
      "root": "#V799037"
    },
    {
      "V799052": {
        "id": "V799052",
        "indicator": "F",
        "type": "SINCE",
        "word": "SINCE",
        "roles": {
          "GROUND": "#V799080",
          "LEX": "SINCE"
        },
        "start": 34,
        "end": 75
      },
      "V799080": {
        "id": "V799080",
        "indicator": "BARE",
        "type": "MEDICAL-EVENT",
        "word": "THERAPY",
        "roles": {
          "SCALE": "#V799110",
          "ASSOC-WITH1": "#V799062",
          "ASSOC-WITH": "#V799074",
          "LOCATION": "#V799088",
          "LEX": "THERAPY",
          "WNSENSE": "therapy%1:04:00::"
        },
        "start": 40,
        "end": 75
      },
      "V799074": {
        "id": "V799074",
        "indicator": "KIND",
        "type": "YEAR",
        "word": "YEAR",
        "roles": {
          "SIZE": [
            "#V799068",
            "#V799071"
          ],
          "SCALE": "TIME-LOC-SCALE",
          "LEX": "YEARS",
          "WNSENSE": "year%1:28:01::"
        },
        "start": 40,
        "end": 75
      },
      "V799062": {
        "id": "V799062",
        "indicator": "KIND",
        "type": "AGE-SCALE",
        "word": "AGE",
        "roles": {
          "SCALE": "TIME-MEASURE-SCALE",
          "LEX": "AGE",
          "WNSENSE": "age%1:07:00::"
        },
        "start": 40,
        "end": 75
      },
      "V799068": {
        "id": "V799068",
        "indicator": "A",
        "type": "NUMBER",
        "word": null,
        "roles": {
          "VALUE": "4"
        },
        "start": 45,
        "end": 48
      },
      "V799071": {
        "id": "V799071",
        "indicator": "A",
        "type": "NUMBER",
        "word": null,
        "roles": {
          "VALUE": "7"
        },
        "start": 48,
        "end": 50
      },
      "V799088": {
        "id": "V799088",
        "indicator": "F",
        "type": "DIRECTION-BACKWARD",
        "word": "BACK",
        "roles": {
          "FIGURE": "#V799080",
          "LEX": "BACK",
          "WNSENSE": "back%4:02:00::"
        },
        "start": 64,
        "end": 69
      },
      "V799110": {
        "id": "V799110",
        "indicator": "F",
        "type": "IN-SCALE",
        "word": "IN",
        "roles": {
          "GROUND": "#V799164",
          "FIGURE": "#V799080",
          "LEX": "IN"
        },
        "start": 69,
        "end": 75
      },
      "V799164": {
        "id": "V799164",
        "indicator": "PRO",
        "type": "REFERENTIAL-SEM",
        "word": "IT",
        "roles": {
          "PROFORM": "IT",
          "LEX": "IT",
          "WNSENSE": "entity%1:03:00"
        },
        "start": 72,
        "end": 75
      },
      "root": "#V799052"
    },
    {
      "V801272": {
        "id": "V801272",
        "indicator": "SPEECHACT",
        "type": "SA_IDENTIFY",
        "word": null,
        "roles": {
          "CONTENT": "#V798962",
          "LEX": "(MESSAGE 61)"
        },
        "start": 0,
        "end": 28
      },
      "V798962": {
        "id": "V798962",
        "indicator": "BARE",
        "type": "CONTENT",
        "word": "MESSAGE",
        "roles": {
          "MOD": [
            "#V798970",
            "#V798959"
          ],
          "LEX": "(MESSAGE 61)",
          "WNSENSE": "message%1:10:00::"
        },
        "start": 0,
        "end": 28
      },
      "V798959": {
        "id": "V798959",
        "indicator": "F",
        "type": "INSTANTANEOUS-VAL",
        "word": "INSTANT",
        "roles": {
          "FIGURE": "#V798962",
          "SCALE": "SPEED-SCALE",
          "LEX": "INSTANT",
          "WNSENSE": "instant%5:00:00:fast:01"
        },
        "start": 0,
        "end": 9
      },
      "V798970": {
        "id": "V798970",
        "indicator": "F",
        "type": "ABUSE",
        "word": "ABUSE",
        "roles": {
          "AFFECTED": "#V798962",
          "VFORM": "PASSIVE",
          "LEX": "ABUSED",
          "WNSENSE": "abuse%2:41:00::"
        },
        "start": 21,
        "end": 28
      },
      "root": "#V801272"
    },
    {
      "V798991": {
        "id": "V798991",
        "indicator": "F",
        "type": "ACTIVE-ON",
        "word": "ON",
        "roles": {
          "SCALE": "DOMAIN",
          "LEX": "ON",
          "WNSENSE": "on%3:00:00::"
        },
        "start": 28,
        "end": 31
      },
      "root": "#V798991"
    },
    {
      "V799037": {
        "id": "V799037",
        "indicator": "F",
        "type": "COMPLETELY",
        "word": "UP",
        "roles": {
          "LEX": "UP",
          "WNSENSE": "up%4:02:05::"
        },
        "start": 31,
        "end": 34
      },
      "root": "#V799037"
    },
    {
      "V799053": {
        "id": "V799053",
        "indicator": "F",
        "type": "SINCE",
        "word": "SINCE",
        "roles": {
          "GROUND": "#V799080",
          "LEX": "SINCE"
        },
        "start": 34,
        "end": 75
      },
      "V799080": {
        "id": "V799080",
        "indicator": "BARE",
        "type": "MEDICAL-EVENT",
        "word": "THERAPY",
        "roles": {
          "SCALE": "#V799110",
          "ASSOC-WITH1": "#V799062",
          "ASSOC-WITH": "#V799074",
          "LOCATION": "#V799088",
          "LEX": "THERAPY",
          "WNSENSE": "therapy%1:04:00::"
        },
        "start": 40,
        "end": 75
      },
      "V799074": {
        "id": "V799074",
        "indicator": "KIND",
        "type": "YEAR",
        "word": "YEAR",
        "roles": {
          "SIZE": [
            "#V799068",
            "#V799071"
          ],
          "SCALE": "TIME-LOC-SCALE",
          "LEX": "YEARS",
          "WNSENSE": "year%1:28:01::"
        },
        "start": 40,
        "end": 75
      },
      "V799062": {
        "id": "V799062",
        "indicator": "KIND",
        "type": "AGE-SCALE",
        "word": "AGE",
        "roles": {
          "SCALE": "TIME-MEASURE-SCALE",
          "LEX": "AGE",
          "WNSENSE": "age%1:07:00::"
        },
        "start": 40,
        "end": 75
      },
      "V799068": {
        "id": "V799068",
        "indicator": "A",
        "type": "NUMBER",
        "word": null,
        "roles": {
          "VALUE": "4"
        },
        "start": 45,
        "end": 48
      },
      "V799071": {
        "id": "V799071",
        "indicator": "A",
        "type": "NUMBER",
        "word": null,
        "roles": {
          "VALUE": "7"
        },
        "start": 48,
        "end": 50
      },
      "V799088": {
        "id": "V799088",
        "indicator": "F",
        "type": "DIRECTION-BACKWARD",
        "word": "BACK",
        "roles": {
          "FIGURE": "#V799080",
          "LEX": "BACK",
          "WNSENSE": "back%4:02:00::"
        },
        "start": 64,
        "end": 69
      },
      "V799110": {
        "id": "V799110",
        "indicator": "F",
        "type": "IN-SCALE",
        "word": "IN",
        "roles": {
          "GROUND": "#V799164",
          "FIGURE": "#V799080",
          "LEX": "IN"
        },
        "start": 69,
        "end": 75
      },
      "V799164": {
        "id": "V799164",
        "indicator": "PRO",
        "type": "REFERENTIAL-SEM",
        "word": "IT",
        "roles": {
          "PROFORM": "IT",
          "LEX": "IT",
          "WNSENSE": "entity%1:03:00"
        },
        "start": 72,
        "end": 75
      },
      "root": "#V799053"
    },
    {
      "V801272": {
        "id": "V801272",
        "indicator": "SPEECHACT",
        "type": "SA_IDENTIFY",
        "word": null,
        "roles": {
          "CONTENT": "#V798962",
          "LEX": "(MESSAGE 61)"
        },
        "start": 0,
        "end": 28
      },
      "V798962": {
        "id": "V798962",
        "indicator": "BARE",
        "type": "CONTENT",
        "word": "MESSAGE",
        "roles": {
          "MOD": [
            "#V798970",
            "#V798959"
          ],
          "LEX": "(MESSAGE 61)",
          "WNSENSE": "message%1:10:00::"
        },
        "start": 0,
        "end": 28
      },
      "V798959": {
        "id": "V798959",
        "indicator": "F",
        "type": "INSTANTANEOUS-VAL",
        "word": "INSTANT",
        "roles": {
          "FIGURE": "#V798962",
          "SCALE": "SPEED-SCALE",
          "LEX": "INSTANT",
          "WNSENSE": "instant%5:00:00:fast:01"
        },
        "start": 0,
        "end": 9
      },
      "V798970": {
        "id": "V798970",
        "indicator": "F",
        "type": "ABUSE",
        "word": "ABUSE",
        "roles": {
          "AFFECTED": "#V798962",
          "VFORM": "PASSIVE",
          "LEX": "ABUSED",
          "WNSENSE": "abuse%2:41:00::"
        },
        "start": 21,
        "end": 28
      },
      "root": "#V801272"
    },
    {
      "V798991": {
        "id": "V798991",
        "indicator": "F",
        "type": "ACTIVE-ON",
        "word": "ON",
        "roles": {
          "SCALE": "DOMAIN",
          "LEX": "ON",
          "WNSENSE": "on%3:00:00::"
        },
        "start": 28,
        "end": 31
      },
      "root": "#V798991"
    },
    {
      "V799037": {
        "id": "V799037",
        "indicator": "F",
        "type": "COMPLETELY",
        "word": "UP",
        "roles": {
          "LEX": "UP",
          "WNSENSE": "up%4:02:05::"
        },
        "start": 31,
        "end": 34
      },
      "root": "#V799037"
    },
    {
      "V799052": {
        "id": "V799052",
        "indicator": "F",
        "type": "SINCE",
        "word": "SINCE",
        "roles": {
          "GROUND": "#V799080",
          "LEX": "SINCE"
        },
        "start": 34,
        "end": 75
      },
      "V799080": {
        "id": "V799080",
        "indicator": "BARE",
        "type": "MEDICAL-EVENT",
        "word": "THERAPY",
        "roles": {
          "LOCATION": [
            "#V799105",
            "#V799088"
          ],
          "ASSOC-WITH1": "#V799062",
          "ASSOC-WITH": "#V799074",
          "LEX": "THERAPY",
          "WNSENSE": "therapy%1:04:00::"
        },
        "start": 40,
        "end": 75
      },
      "V799074": {
        "id": "V799074",
        "indicator": "KIND",
        "type": "YEAR",
        "word": "YEAR",
        "roles": {
          "SIZE": [
            "#V799068",
            "#V799071"
          ],
          "SCALE": "TIME-LOC-SCALE",
          "LEX": "YEARS",
          "WNSENSE": "year%1:28:01::"
        },
        "start": 40,
        "end": 75
      },
      "V799062": {
        "id": "V799062",
        "indicator": "KIND",
        "type": "AGE-SCALE",
        "word": "AGE",
        "roles": {
          "SCALE": "TIME-MEASURE-SCALE",
          "LEX": "AGE",
          "WNSENSE": "age%1:07:00::"
        },
        "start": 40,
        "end": 75
      },
      "V799068": {
        "id": "V799068",
        "indicator": "A",
        "type": "NUMBER",
        "word": null,
        "roles": {
          "VALUE": "4"
        },
        "start": 45,
        "end": 48
      },
      "V799071": {
        "id": "V799071",
        "indicator": "A",
        "type": "NUMBER",
        "word": null,
        "roles": {
          "VALUE": "7"
        },
        "start": 48,
        "end": 50
      },
      "V799088": {
        "id": "V799088",
        "indicator": "F",
        "type": "DIRECTION-BACKWARD",
        "word": "BACK",
        "roles": {
          "FIGURE": "#V799080",
          "LEX": "BACK",
          "WNSENSE": "back%4:02:00::"
        },
        "start": 64,
        "end": 69
      },
      "V799105": {
        "id": "V799105",
        "indicator": "F",
        "type": "IN-LOC",
        "word": "IN",
        "roles": {
          "GROUND": "#V799164",
          "FIGURE": "#V799080",
          "LEX": "IN"
        },
        "start": 69,
        "end": 75
      },
      "V799164": {
        "id": "V799164",
        "indicator": "PRO",
        "type": "REFERENTIAL-SEM",
        "word": "IT",
        "roles": {
          "PROFORM": "IT",
          "LEX": "IT",
          "WNSENSE": "entity%1:03:00"
        },
        "start": 72,
        "end": 75
      },
      "root": "#V799052"
    },
    {
      "V801272": {
        "id": "V801272",
        "indicator": "SPEECHACT",
        "type": "SA_IDENTIFY",
        "word": null,
        "roles": {
          "CONTENT": "#V798962",
          "LEX": "(MESSAGE 61)"
        },
        "start": 0,
        "end": 28
      },
      "V798962": {
        "id": "V798962",
        "indicator": "BARE",
        "type": "CONTENT",
        "word": "MESSAGE",
        "roles": {
          "MOD": [
            "#V798970",
            "#V798959"
          ],
          "LEX": "(MESSAGE 61)",
          "WNSENSE": "message%1:10:00::"
        },
        "start": 0,
        "end": 28
      },
      "V798959": {
        "id": "V798959",
        "indicator": "F",
        "type": "INSTANTANEOUS-VAL",
        "word": "INSTANT",
        "roles": {
          "FIGURE": "#V798962",
          "SCALE": "SPEED-SCALE",
          "LEX": "INSTANT",
          "WNSENSE": "instant%5:00:00:fast:01"
        },
        "start": 0,
        "end": 9
      },
      "V798970": {
        "id": "V798970",
        "indicator": "F",
        "type": "ABUSE",
        "word": "ABUSE",
        "roles": {
          "AFFECTED": "#V798962",
          "VFORM": "PASSIVE",
          "LEX": "ABUSED",
          "WNSENSE": "abuse%2:41:00::"
        },
        "start": 21,
        "end": 28
      },
      "root": "#V801272"
    },
    {
      "V798991": {
        "id": "V798991",
        "indicator": "F",
        "type": "ACTIVE-ON",
        "word": "ON",
        "roles": {
          "SCALE": "DOMAIN",
          "LEX": "ON",
          "WNSENSE": "on%3:00:00::"
        },
        "start": 28,
        "end": 31
      },
      "root": "#V798991"
    },
    {
      "V799037": {
        "id": "V799037",
        "indicator": "F",
        "type": "COMPLETELY",
        "word": "UP",
        "roles": {
          "LEX": "UP",
          "WNSENSE": "up%4:02:05::"
        },
        "start": 31,
        "end": 34
      },
      "root": "#V799037"
    },
    {
      "V799053": {
        "id": "V799053",
        "indicator": "F",
        "type": "SINCE",
        "word": "SINCE",
        "roles": {
          "GROUND": "#V799080",
          "LEX": "SINCE"
        },
        "start": 34,
        "end": 75
      },
      "V799080": {
        "id": "V799080",
        "indicator": "BARE",
        "type": "MEDICAL-EVENT",
        "word": "THERAPY",
        "roles": {
          "LOCATION": [
            "#V799105",
            "#V799088"
          ],
          "ASSOC-WITH1": "#V799062",
          "ASSOC-WITH": "#V799074",
          "LEX": "THERAPY",
          "WNSENSE": "therapy%1:04:00::"
        },
        "start": 40,
        "end": 75
      },
      "V799074": {
        "id": "V799074",
        "indicator": "KIND",
        "type": "YEAR",
        "word": "YEAR",
        "roles": {
          "SIZE": [
            "#V799068",
            "#V799071"
          ],
          "SCALE": "TIME-LOC-SCALE",
          "LEX": "YEARS",
          "WNSENSE": "year%1:28:01::"
        },
        "start": 40,
        "end": 75
      },
      "V799062": {
        "id": "V799062",
        "indicator": "KIND",
        "type": "AGE-SCALE",
        "word": "AGE",
        "roles": {
          "SCALE": "TIME-MEASURE-SCALE",
          "LEX": "AGE",
          "WNSENSE": "age%1:07:00::"
        },
        "start": 40,
        "end": 75
      },
      "V799068": {
        "id": "V799068",
        "indicator": "A",
        "type": "NUMBER",
        "word": null,
        "roles": {
          "VALUE": "4"
        },
        "start": 45,
        "end": 48
      },
      "V799071": {
        "id": "V799071",
        "indicator": "A",
        "type": "NUMBER",
        "word": null,
        "roles": {
          "VALUE": "7"
        },
        "start": 48,
        "end": 50
      },
      "V799088": {
        "id": "V799088",
        "indicator": "F",
        "type": "DIRECTION-BACKWARD",
        "word": "BACK",
        "roles": {
          "FIGURE": "#V799080",
          "LEX": "BACK",
          "WNSENSE": "back%4:02:00::"
        },
        "start": 64,
        "end": 69
      },
      "V799105": {
        "id": "V799105",
        "indicator": "F",
        "type": "IN-LOC",
        "word": "IN",
        "roles": {
          "GROUND": "#V799164",
          "FIGURE": "#V799080",
          "LEX": "IN"
        },
        "start": 69,
        "end": 75
      },
      "V799164": {
        "id": "V799164",
        "indicator": "PRO",
        "type": "REFERENTIAL-SEM",
        "word": "IT",
        "roles": {
          "PROFORM": "IT",
          "LEX": "IT",
          "WNSENSE": "entity%1:03:00"
        },
        "start": 72,
        "end": 75
      },
      "root": "#V799053"
    },
    {
      "V801272": {
        "id": "V801272",
        "indicator": "SPEECHACT",
        "type": "SA_IDENTIFY",
        "word": null,
        "roles": {
          "CONTENT": "#V798962",
          "LEX": "(MESSAGE 61)"
        },
        "start": 0,
        "end": 28
      },
      "V798962": {
        "id": "V798962",
        "indicator": "BARE",
        "type": "CONTENT",
        "word": "MESSAGE",
        "roles": {
          "MOD": [
            "#V798970",
            "#V798959"
          ],
          "LEX": "(MESSAGE 61)",
          "WNSENSE": "message%1:10:00::"
        },
        "start": 0,
        "end": 28
      },
      "V798959": {
        "id": "V798959",
        "indicator": "F",
        "type": "INSTANTANEOUS-VAL",
        "word": "INSTANT",
        "roles": {
          "FIGURE": "#V798962",
          "SCALE": "SPEED-SCALE",
          "LEX": "INSTANT",
          "WNSENSE": "instant%5:00:00:fast:01"
        },
        "start": 0,
        "end": 9
      },
      "V798970": {
        "id": "V798970",
        "indicator": "F",
        "type": "ABUSE",
        "word": "ABUSE",
        "roles": {
          "AFFECTED": "#V798962",
          "VFORM": "PASSIVE",
          "LEX": "ABUSED",
          "WNSENSE": "abuse%2:41:00::"
        },
        "start": 21,
        "end": 28
      },
      "root": "#V801272"
    },
    {
      "V798991": {
        "id": "V798991",
        "indicator": "F",
        "type": "ACTIVE-ON",
        "word": "ON",
        "roles": {
          "SCALE": "DOMAIN",
          "LEX": "ON",
          "WNSENSE": "on%3:00:00::"
        },
        "start": 28,
        "end": 31
      },
      "root": "#V798991"
    },
    {
      "V799037": {
        "id": "V799037",
        "indicator": "F",
        "type": "COMPLETELY",
        "word": "UP",
        "roles": {
          "LEX": "UP",
          "WNSENSE": "up%4:02:05::"
        },
        "start": 31,
        "end": 34
      },
      "root": "#V799037"
    },
    {
      "V799052": {
        "id": "V799052",
        "indicator": "F",
        "type": "SINCE",
        "word": "SINCE",
        "roles": {
          "GROUND": "#V799080",
          "LEX": "SINCE"
        },
        "start": 34,
        "end": 75
      },
      "V799080": {
        "id": "V799080",
        "indicator": "BARE",
        "type": "MEDICAL-EVENT",
        "word": "THERAPY",
        "roles": {
          "MOD": "#V799102",
          "ASSOC-WITH1": "#V799062",
          "ASSOC-WITH": "#V799074",
          "LOCATION": "#V799088",
          "LEX": "THERAPY",
          "WNSENSE": "therapy%1:04:00::"
        },
        "start": 40,
        "end": 75
      },
      "V799074": {
        "id": "V799074",
        "indicator": "KIND",
        "type": "YEAR",
        "word": "YEAR",
        "roles": {
          "SIZE": [
            "#V799068",
            "#V799071"
          ],
          "SCALE": "TIME-LOC-SCALE",
          "LEX": "YEARS",
          "WNSENSE": "year%1:28:01::"
        },
        "start": 40,
        "end": 75
      },
      "V799062": {
        "id": "V799062",
        "indicator": "KIND",
        "type": "AGE-SCALE",
        "word": "AGE",
        "roles": {
          "SCALE": "TIME-MEASURE-SCALE",
          "LEX": "AGE",
          "WNSENSE": "age%1:07:00::"
        },
        "start": 40,
        "end": 75
      },
      "V799068": {
        "id": "V799068",
        "indicator": "A",
        "type": "NUMBER",
        "word": null,
        "roles": {
          "VALUE": "4"
        },
        "start": 45,
        "end": 48
      },
      "V799071": {
        "id": "V799071",
        "indicator": "A",
        "type": "NUMBER",
        "word": null,
        "roles": {
          "VALUE": "7"
        },
        "start": 48,
        "end": 50
      },
      "V799088": {
        "id": "V799088",
        "indicator": "F",
        "type": "DIRECTION-BACKWARD",
        "word": "BACK",
        "roles": {
          "FIGURE": "#V799080",
          "LEX": "BACK",
          "WNSENSE": "back%4:02:00::"
        },
        "start": 64,
        "end": 69
      },
      "V799102": {
        "id": "V799102",
        "indicator": "F",
        "type": "SITUATED-IN",
        "word": "IN",
        "roles": {
          "GROUND": "#V799164",
          "FIGURE": "#V799080",
          "LEX": "IN"
        },
        "start": 69,
        "end": 75
      },
      "V799164": {
        "id": "V799164",
        "indicator": "PRO",
        "type": "REFERENTIAL-SEM",
        "word": "IT",
        "roles": {
          "PROFORM": "IT",
          "LEX": "IT",
          "WNSENSE": "entity%1:03:00"
        },
        "start": 72,
        "end": 75
      },
      "root": "#V799052"
    },
    {
      "V801272": {
        "id": "V801272",
        "indicator": "SPEECHACT",
        "type": "SA_IDENTIFY",
        "word": null,
        "roles": {
          "CONTENT": "#V798962",
          "LEX": "(MESSAGE 61)"
        },
        "start": 0,
        "end": 28
      },
      "V798962": {
        "id": "V798962",
        "indicator": "BARE",
        "type": "CONTENT",
        "word": "MESSAGE",
        "roles": {
          "MOD": [
            "#V798970",
            "#V798959"
          ],
          "LEX": "(MESSAGE 61)",
          "WNSENSE": "message%1:10:00::"
        },
        "start": 0,
        "end": 28
      },
      "V798959": {
        "id": "V798959",
        "indicator": "F",
        "type": "INSTANTANEOUS-VAL",
        "word": "INSTANT",
        "roles": {
          "FIGURE": "#V798962",
          "SCALE": "SPEED-SCALE",
          "LEX": "INSTANT",
          "WNSENSE": "instant%5:00:00:fast:01"
        },
        "start": 0,
        "end": 9
      },
      "V798970": {
        "id": "V798970",
        "indicator": "F",
        "type": "ABUSE",
        "word": "ABUSE",
        "roles": {
          "AFFECTED": "#V798962",
          "VFORM": "PASSIVE",
          "LEX": "ABUSED",
          "WNSENSE": "abuse%2:41:00::"
        },
        "start": 21,
        "end": 28
      },
      "root": "#V801272"
    },
    {
      "V798991": {
        "id": "V798991",
        "indicator": "F",
        "type": "ACTIVE-ON",
        "word": "ON",
        "roles": {
          "SCALE": "DOMAIN",
          "LEX": "ON",
          "WNSENSE": "on%3:00:00::"
        },
        "start": 28,
        "end": 31
      },
      "root": "#V798991"
    },
    {
      "V799037": {
        "id": "V799037",
        "indicator": "F",
        "type": "COMPLETELY",
        "word": "UP",
        "roles": {
          "LEX": "UP",
          "WNSENSE": "up%4:02:05::"
        },
        "start": 31,
        "end": 34
      },
      "root": "#V799037"
    },
    {
      "V799053": {
        "id": "V799053",
        "indicator": "F",
        "type": "SINCE",
        "word": "SINCE",
        "roles": {
          "GROUND": "#V799080",
          "LEX": "SINCE"
        },
        "start": 34,
        "end": 75
      },
      "V799080": {
        "id": "V799080",
        "indicator": "BARE",
        "type": "MEDICAL-EVENT",
        "word": "THERAPY",
        "roles": {
          "MOD": "#V799102",
          "ASSOC-WITH1": "#V799062",
          "ASSOC-WITH": "#V799074",
          "LOCATION": "#V799088",
          "LEX": "THERAPY",
          "WNSENSE": "therapy%1:04:00::"
        },
        "start": 40,
        "end": 75
      },
      "V799074": {
        "id": "V799074",
        "indicator": "KIND",
        "type": "YEAR",
        "word": "YEAR",
        "roles": {
          "SIZE": [
            "#V799068",
            "#V799071"
          ],
          "SCALE": "TIME-LOC-SCALE",
          "LEX": "YEARS",
          "WNSENSE": "year%1:28:01::"
        },
        "start": 40,
        "end": 75
      },
      "V799062": {
        "id": "V799062",
        "indicator": "KIND",
        "type": "AGE-SCALE",
        "word": "AGE",
        "roles": {
          "SCALE": "TIME-MEASURE-SCALE",
          "LEX": "AGE",
          "WNSENSE": "age%1:07:00::"
        },
        "start": 40,
        "end": 75
      },
      "V799068": {
        "id": "V799068",
        "indicator": "A",
        "type": "NUMBER",
        "word": null,
        "roles": {
          "VALUE": "4"
        },
        "start": 45,
        "end": 48
      },
      "V799071": {
        "id": "V799071",
        "indicator": "A",
        "type": "NUMBER",
        "word": null,
        "roles": {
          "VALUE": "7"
        },
        "start": 48,
        "end": 50
      },
      "V799088": {
        "id": "V799088",
        "indicator": "F",
        "type": "DIRECTION-BACKWARD",
        "word": "BACK",
        "roles": {
          "FIGURE": "#V799080",
          "LEX": "BACK",
          "WNSENSE": "back%4:02:00::"
        },
        "start": 64,
        "end": 69
      },
      "V799102": {
        "id": "V799102",
        "indicator": "F",
        "type": "SITUATED-IN",
        "word": "IN",
        "roles": {
          "GROUND": "#V799164",
          "FIGURE": "#V799080",
          "LEX": "IN"
        },
        "start": 69,
        "end": 75
      },
      "V799164": {
        "id": "V799164",
        "indicator": "PRO",
        "type": "REFERENTIAL-SEM",
        "word": "IT",
        "roles": {
          "PROFORM": "IT",
          "LEX": "IT",
          "WNSENSE": "entity%1:03:00"
        },
        "start": 72,
        "end": 75
      },
      "root": "#V799053"
    },
    {
      "V801272": {
        "id": "V801272",
        "indicator": "SPEECHACT",
        "type": "SA_IDENTIFY",
        "word": null,
        "roles": {
          "CONTENT": "#V798962",
          "LEX": "(MESSAGE 61)"
        },
        "start": 0,
        "end": 28
      },
      "V798962": {
        "id": "V798962",
        "indicator": "BARE",
        "type": "CONTENT",
        "word": "MESSAGE",
        "roles": {
          "MOD": [
            "#V798970",
            "#V798959"
          ],
          "LEX": "(MESSAGE 61)",
          "WNSENSE": "message%1:10:00::"
        },
        "start": 0,
        "end": 28
      },
      "V798959": {
        "id": "V798959",
        "indicator": "F",
        "type": "INSTANTANEOUS-VAL",
        "word": "INSTANT",
        "roles": {
          "FIGURE": "#V798962",
          "SCALE": "SPEED-SCALE",
          "LEX": "INSTANT",
          "WNSENSE": "instant%5:00:00:fast:01"
        },
        "start": 0,
        "end": 9
      },
      "V798970": {
        "id": "V798970",
        "indicator": "F",
        "type": "ABUSE",
        "word": "ABUSE",
        "roles": {
          "AFFECTED": "#V798962",
          "VFORM": "PASSIVE",
          "LEX": "ABUSED",
          "WNSENSE": "abuse%2:41:00::"
        },
        "start": 21,
        "end": 28
      },
      "root": "#V801272"
    },
    {
      "V798991": {
        "id": "V798991",
        "indicator": "F",
        "type": "ACTIVE-ON",
        "word": "ON",
        "roles": {
          "SCALE": "DOMAIN",
          "LEX": "ON",
          "WNSENSE": "on%3:00:00::"
        },
        "start": 28,
        "end": 31
      },
      "root": "#V798991"
    },
    {
      "V799037": {
        "id": "V799037",
        "indicator": "F",
        "type": "COMPLETELY",
        "word": "UP",
        "roles": {
          "LEX": "UP",
          "WNSENSE": "up%4:02:05::"
        },
        "start": 31,
        "end": 34
      },
      "root": "#V799037"
    },
    {
      "V799052": {
        "id": "V799052",
        "indicator": "F",
        "type": "SINCE",
        "word": "SINCE",
        "roles": {
          "GROUND": "#V799080",
          "LEX": "SINCE"
        },
        "start": 34,
        "end": 75
      },
      "V799080": {
        "id": "V799080",
        "indicator": "BARE",
        "type": "MEDICAL-EVENT",
        "word": "THERAPY",
        "roles": {
          "SCALE": "#V799110",
          "ASSOC-WITH1": "#V799062",
          "ASSOC-WITH": "#V799075",
          "LOCATION": "#V799088",
          "LEX": "THERAPY",
          "WNSENSE": "therapy%1:04:00::"
        },
        "start": 40,
        "end": 75
      },
      "V799075": {
        "id": "V799075",
        "indicator": "KIND",
        "type": "YEAR",
        "word": "YEAR",
        "roles": {
          "SIZE": [
            "#V799068",
            "#V799071"
          ],
          "SCALE": "TIME-LOC-SCALE",
          "LEX": "YEARS",
          "WNSENSE": "year%1:28:01::"
        },
        "start": 40,
        "end": 75
      },
      "V799062": {
        "id": "V799062",
        "indicator": "KIND",
        "type": "AGE-SCALE",
        "word": "AGE",
        "roles": {
          "SCALE": "TIME-MEASURE-SCALE",
          "LEX": "AGE",
          "WNSENSE": "age%1:07:00::"
        },
        "start": 40,
        "end": 75
      },
      "V799068": {
        "id": "V799068",
        "indicator": "A",
        "type": "NUMBER",
        "word": null,
        "roles": {
          "VALUE": "4"
        },
        "start": 45,
        "end": 48
      },
      "V799071": {
        "id": "V799071",
        "indicator": "A",
        "type": "NUMBER",
        "word": null,
        "roles": {
          "VALUE": "7"
        },
        "start": 48,
        "end": 50
      },
      "V799088": {
        "id": "V799088",
        "indicator": "F",
        "type": "DIRECTION-BACKWARD",
        "word": "BACK",
        "roles": {
          "FIGURE": "#V799080",
          "LEX": "BACK",
          "WNSENSE": "back%4:02:00::"
        },
        "start": 64,
        "end": 69
      },
      "V799110": {
        "id": "V799110",
        "indicator": "F",
        "type": "IN-SCALE",
        "word": "IN",
        "roles": {
          "GROUND": "#V799164",
          "FIGURE": "#V799080",
          "LEX": "IN"
        },
        "start": 69,
        "end": 75
      },
      "V799164": {
        "id": "V799164",
        "indicator": "PRO",
        "type": "REFERENTIAL-SEM",
        "word": "IT",
        "roles": {
          "PROFORM": "IT",
          "LEX": "IT",
          "WNSENSE": "entity%1:03:00"
        },
        "start": 72,
        "end": 75
      },
      "root": "#V799052"
    },
    {
      "V801272": {
        "id": "V801272",
        "indicator": "SPEECHACT",
        "type": "SA_IDENTIFY",
        "word": null,
        "roles": {
          "CONTENT": "#V798962",
          "LEX": "(MESSAGE 61)"
        },
        "start": 0,
        "end": 28
      },
      "V798962": {
        "id": "V798962",
        "indicator": "BARE",
        "type": "CONTENT",
        "word": "MESSAGE",
        "roles": {
          "MOD": [
            "#V798970",
            "#V798959"
          ],
          "LEX": "(MESSAGE 61)",
          "WNSENSE": "message%1:10:00::"
        },
        "start": 0,
        "end": 28
      },
      "V798959": {
        "id": "V798959",
        "indicator": "F",
        "type": "INSTANTANEOUS-VAL",
        "word": "INSTANT",
        "roles": {
          "FIGURE": "#V798962",
          "SCALE": "SPEED-SCALE",
          "LEX": "INSTANT",
          "WNSENSE": "instant%5:00:00:fast:01"
        },
        "start": 0,
        "end": 9
      },
      "V798970": {
        "id": "V798970",
        "indicator": "F",
        "type": "ABUSE",
        "word": "ABUSE",
        "roles": {
          "AFFECTED": "#V798962",
          "VFORM": "PASSIVE",
          "LEX": "ABUSED",
          "WNSENSE": "abuse%2:41:00::"
        },
        "start": 21,
        "end": 28
      },
      "root": "#V801272"
    },
    {
      "V798991": {
        "id": "V798991",
        "indicator": "F",
        "type": "ACTIVE-ON",
        "word": "ON",
        "roles": {
          "SCALE": "DOMAIN",
          "LEX": "ON",
          "WNSENSE": "on%3:00:00::"
        },
        "start": 28,
        "end": 31
      },
      "root": "#V798991"
    },
    {
      "V799037": {
        "id": "V799037",
        "indicator": "F",
        "type": "COMPLETELY",
        "word": "UP",
        "roles": {
          "LEX": "UP",
          "WNSENSE": "up%4:02:05::"
        },
        "start": 31,
        "end": 34
      },
      "root": "#V799037"
    },
    {
      "V799053": {
        "id": "V799053",
        "indicator": "F",
        "type": "SINCE",
        "word": "SINCE",
        "roles": {
          "GROUND": "#V799080",
          "LEX": "SINCE"
        },
        "start": 34,
        "end": 75
      },
      "V799080": {
        "id": "V799080",
        "indicator": "BARE",
        "type": "MEDICAL-EVENT",
        "word": "THERAPY",
        "roles": {
          "SCALE": "#V799110",
          "ASSOC-WITH1": "#V799062",
          "ASSOC-WITH": "#V799075",
          "LOCATION": "#V799088",
          "LEX": "THERAPY",
          "WNSENSE": "therapy%1:04:00::"
        },
        "start": 40,
        "end": 75
      },
      "V799075": {
        "id": "V799075",
        "indicator": "KIND",
        "type": "YEAR",
        "word": "YEAR",
        "roles": {
          "SIZE": [
            "#V799068",
            "#V799071"
          ],
          "SCALE": "TIME-LOC-SCALE",
          "LEX": "YEARS",
          "WNSENSE": "year%1:28:01::"
        },
        "start": 40,
        "end": 75
      },
      "V799062": {
        "id": "V799062",
        "indicator": "KIND",
        "type": "AGE-SCALE",
        "word": "AGE",
        "roles": {
          "SCALE": "TIME-MEASURE-SCALE",
          "LEX": "AGE",
          "WNSENSE": "age%1:07:00::"
        },
        "start": 40,
        "end": 75
      },
      "V799068": {
        "id": "V799068",
        "indicator": "A",
        "type": "NUMBER",
        "word": null,
        "roles": {
          "VALUE": "4"
        },
        "start": 45,
        "end": 48
      },
      "V799071": {
        "id": "V799071",
        "indicator": "A",
        "type": "NUMBER",
        "word": null,
        "roles": {
          "VALUE": "7"
        },
        "start": 48,
        "end": 50
      },
      "V799088": {
        "id": "V799088",
        "indicator": "F",
        "type": "DIRECTION-BACKWARD",
        "word": "BACK",
        "roles": {
          "FIGURE": "#V799080",
          "LEX": "BACK",
          "WNSENSE": "back%4:02:00::"
        },
        "start": 64,
        "end": 69
      },
      "V799110": {
        "id": "V799110",
        "indicator": "F",
        "type": "IN-SCALE",
        "word": "IN",
        "roles": {
          "GROUND": "#V799164",
          "FIGURE": "#V799080",
          "LEX": "IN"
        },
        "start": 69,
        "end": 75
      },
      "V799164": {
        "id": "V799164",
        "indicator": "PRO",
        "type": "REFERENTIAL-SEM",
        "word": "IT",
        "roles": {
          "PROFORM": "IT",
          "LEX": "IT",
          "WNSENSE": "entity%1:03:00"
        },
        "start": 72,
        "end": 75
      },
      "root": "#V799053"
    },
    {
      "V801272": {
        "id": "V801272",
        "indicator": "SPEECHACT",
        "type": "SA_IDENTIFY",
        "word": null,
        "roles": {
          "CONTENT": "#V798962",
          "LEX": "(MESSAGE 61)"
        },
        "start": 0,
        "end": 28
      },
      "V798962": {
        "id": "V798962",
        "indicator": "BARE",
        "type": "CONTENT",
        "word": "MESSAGE",
        "roles": {
          "MOD": [
            "#V798970",
            "#V798959"
          ],
          "LEX": "(MESSAGE 61)",
          "WNSENSE": "message%1:10:00::"
        },
        "start": 0,
        "end": 28
      },
      "V798959": {
        "id": "V798959",
        "indicator": "F",
        "type": "INSTANTANEOUS-VAL",
        "word": "INSTANT",
        "roles": {
          "FIGURE": "#V798962",
          "SCALE": "SPEED-SCALE",
          "LEX": "INSTANT",
          "WNSENSE": "instant%5:00:00:fast:01"
        },
        "start": 0,
        "end": 9
      },
      "V798970": {
        "id": "V798970",
        "indicator": "F",
        "type": "ABUSE",
        "word": "ABUSE",
        "roles": {
          "AFFECTED": "#V798962",
          "VFORM": "PASSIVE",
          "LEX": "ABUSED",
          "WNSENSE": "abuse%2:41:00::"
        },
        "start": 21,
        "end": 28
      },
      "root": "#V801272"
    },
    {
      "V798991": {
        "id": "V798991",
        "indicator": "F",
        "type": "ACTIVE-ON",
        "word": "ON",
        "roles": {
          "SCALE": "DOMAIN",
          "LEX": "ON",
          "WNSENSE": "on%3:00:00::"
        },
        "start": 28,
        "end": 31
      },
      "root": "#V798991"
    },
    {
      "V799037": {
        "id": "V799037",
        "indicator": "F",
        "type": "COMPLETELY",
        "word": "UP",
        "roles": {
          "LEX": "UP",
          "WNSENSE": "up%4:02:05::"
        },
        "start": 31,
        "end": 34
      },
      "root": "#V799037"
    },
    {
      "V799052": {
        "id": "V799052",
        "indicator": "F",
        "type": "SINCE",
        "word": "SINCE",
        "roles": {
          "GROUND": "#V799080",
          "LEX": "SINCE"
        },
        "start": 34,
        "end": 75
      },
      "V799080": {
        "id": "V799080",
        "indicator": "BARE",
        "type": "MEDICAL-EVENT",
        "word": "THERAPY",
        "roles": {
          "LOCATION": [
            "#V799105",
            "#V799088"
          ],
          "ASSOC-WITH1": "#V799062",
          "ASSOC-WITH": "#V799075",
          "LEX": "THERAPY",
          "WNSENSE": "therapy%1:04:00::"
        },
        "start": 40,
        "end": 75
      },
      "V799075": {
        "id": "V799075",
        "indicator": "KIND",
        "type": "YEAR",
        "word": "YEAR",
        "roles": {
          "SIZE": [
            "#V799068",
            "#V799071"
          ],
          "SCALE": "TIME-LOC-SCALE",
          "LEX": "YEARS",
          "WNSENSE": "year%1:28:01::"
        },
        "start": 40,
        "end": 75
      },
      "V799062": {
        "id": "V799062",
        "indicator": "KIND",
        "type": "AGE-SCALE",
        "word": "AGE",
        "roles": {
          "SCALE": "TIME-MEASURE-SCALE",
          "LEX": "AGE",
          "WNSENSE": "age%1:07:00::"
        },
        "start": 40,
        "end": 75
      },
      "V799068": {
        "id": "V799068",
        "indicator": "A",
        "type": "NUMBER",
        "word": null,
        "roles": {
          "VALUE": "4"
        },
        "start": 45,
        "end": 48
      },
      "V799071": {
        "id": "V799071",
        "indicator": "A",
        "type": "NUMBER",
        "word": null,
        "roles": {
          "VALUE": "7"
        },
        "start": 48,
        "end": 50
      },
      "V799088": {
        "id": "V799088",
        "indicator": "F",
        "type": "DIRECTION-BACKWARD",
        "word": "BACK",
        "roles": {
          "FIGURE": "#V799080",
          "LEX": "BACK",
          "WNSENSE": "back%4:02:00::"
        },
        "start": 64,
        "end": 69
      },
      "V799105": {
        "id": "V799105",
        "indicator": "F",
        "type": "IN-LOC",
        "word": "IN",
        "roles": {
          "GROUND": "#V799164",
          "FIGURE": "#V799080",
          "LEX": "IN"
        },
        "start": 69,
        "end": 75
      },
      "V799164": {
        "id": "V799164",
        "indicator": "PRO",
        "type": "REFERENTIAL-SEM",
        "word": "IT",
        "roles": {
          "PROFORM": "IT",
          "LEX": "IT",
          "WNSENSE": "entity%1:03:00"
        },
        "start": 72,
        "end": 75
      },
      "root": "#V799052"
    },
    {
      "V801272": {
        "id": "V801272",
        "indicator": "SPEECHACT",
        "type": "SA_IDENTIFY",
        "word": null,
        "roles": {
          "CONTENT": "#V798962",
          "LEX": "(MESSAGE 61)"
        },
        "start": 0,
        "end": 28
      },
      "V798962": {
        "id": "V798962",
        "indicator": "BARE",
        "type": "CONTENT",
        "word": "MESSAGE",
        "roles": {
          "MOD": [
            "#V798970",
            "#V798959"
          ],
          "LEX": "(MESSAGE 61)",
          "WNSENSE": "message%1:10:00::"
        },
        "start": 0,
        "end": 28
      },
      "V798959": {
        "id": "V798959",
        "indicator": "F",
        "type": "INSTANTANEOUS-VAL",
        "word": "INSTANT",
        "roles": {
          "FIGURE": "#V798962",
          "SCALE": "SPEED-SCALE",
          "LEX": "INSTANT",
          "WNSENSE": "instant%5:00:00:fast:01"
        },
        "start": 0,
        "end": 9
      },
      "V798970": {
        "id": "V798970",
        "indicator": "F",
        "type": "ABUSE",
        "word": "ABUSE",
        "roles": {
          "AFFECTED": "#V798962",
          "VFORM": "PASSIVE",
          "LEX": "ABUSED",
          "WNSENSE": "abuse%2:41:00::"
        },
        "start": 21,
        "end": 28
      },
      "root": "#V801272"
    },
    {
      "V798991": {
        "id": "V798991",
        "indicator": "F",
        "type": "ACTIVE-ON",
        "word": "ON",
        "roles": {
          "SCALE": "DOMAIN",
          "LEX": "ON",
          "WNSENSE": "on%3:00:00::"
        },
        "start": 28,
        "end": 31
      },
      "root": "#V798991"
    },
    {
      "V799037": {
        "id": "V799037",
        "indicator": "F",
        "type": "COMPLETELY",
        "word": "UP",
        "roles": {
          "LEX": "UP",
          "WNSENSE": "up%4:02:05::"
        },
        "start": 31,
        "end": 34
      },
      "root": "#V799037"
    },
    {
      "V799053": {
        "id": "V799053",
        "indicator": "F",
        "type": "SINCE",
        "word": "SINCE",
        "roles": {
          "GROUND": "#V799080",
          "LEX": "SINCE"
        },
        "start": 34,
        "end": 75
      },
      "V799080": {
        "id": "V799080",
        "indicator": "BARE",
        "type": "MEDICAL-EVENT",
        "word": "THERAPY",
        "roles": {
          "LOCATION": [
            "#V799105",
            "#V799088"
          ],
          "ASSOC-WITH1": "#V799062",
          "ASSOC-WITH": "#V799075",
          "LEX": "THERAPY",
          "WNSENSE": "therapy%1:04:00::"
        },
        "start": 40,
        "end": 75
      },
      "V799075": {
        "id": "V799075",
        "indicator": "KIND",
        "type": "YEAR",
        "word": "YEAR",
        "roles": {
          "SIZE": [
            "#V799068",
            "#V799071"
          ],
          "SCALE": "TIME-LOC-SCALE",
          "LEX": "YEARS",
          "WNSENSE": "year%1:28:01::"
        },
        "start": 40,
        "end": 75
      },
      "V799062": {
        "id": "V799062",
        "indicator": "KIND",
        "type": "AGE-SCALE",
        "word": "AGE",
        "roles": {
          "SCALE": "TIME-MEASURE-SCALE",
          "LEX": "AGE",
          "WNSENSE": "age%1:07:00::"
        },
        "start": 40,
        "end": 75
      },
      "V799068": {
        "id": "V799068",
        "indicator": "A",
        "type": "NUMBER",
        "word": null,
        "roles": {
          "VALUE": "4"
        },
        "start": 45,
        "end": 48
      },
      "V799071": {
        "id": "V799071",
        "indicator": "A",
        "type": "NUMBER",
        "word": null,
        "roles": {
          "VALUE": "7"
        },
        "start": 48,
        "end": 50
      },
      "V799088": {
        "id": "V799088",
        "indicator": "F",
        "type": "DIRECTION-BACKWARD",
        "word": "BACK",
        "roles": {
          "FIGURE": "#V799080",
          "LEX": "BACK",
          "WNSENSE": "back%4:02:00::"
        },
        "start": 64,
        "end": 69
      },
      "V799105": {
        "id": "V799105",
        "indicator": "F",
        "type": "IN-LOC",
        "word": "IN",
        "roles": {
          "GROUND": "#V799164",
          "FIGURE": "#V799080",
          "LEX": "IN"
        },
        "start": 69,
        "end": 75
      },
      "V799164": {
        "id": "V799164",
        "indicator": "PRO",
        "type": "REFERENTIAL-SEM",
        "word": "IT",
        "roles": {
          "PROFORM": "IT",
          "LEX": "IT",
          "WNSENSE": "entity%1:03:00"
        },
        "start": 72,
        "end": 75
      },
      "root": "#V799053"
    },
    {
      "V801272": {
        "id": "V801272",
        "indicator": "SPEECHACT",
        "type": "SA_IDENTIFY",
        "word": null,
        "roles": {
          "CONTENT": "#V798962",
          "LEX": "(MESSAGE 61)"
        },
        "start": 0,
        "end": 28
      },
      "V798962": {
        "id": "V798962",
        "indicator": "BARE",
        "type": "CONTENT",
        "word": "MESSAGE",
        "roles": {
          "MOD": [
            "#V798970",
            "#V798959"
          ],
          "LEX": "(MESSAGE 61)",
          "WNSENSE": "message%1:10:00::"
        },
        "start": 0,
        "end": 28
      },
      "V798959": {
        "id": "V798959",
        "indicator": "F",
        "type": "INSTANTANEOUS-VAL",
        "word": "INSTANT",
        "roles": {
          "FIGURE": "#V798962",
          "SCALE": "SPEED-SCALE",
          "LEX": "INSTANT",
          "WNSENSE": "instant%5:00:00:fast:01"
        },
        "start": 0,
        "end": 9
      },
      "V798970": {
        "id": "V798970",
        "indicator": "F",
        "type": "ABUSE",
        "word": "ABUSE",
        "roles": {
          "AFFECTED": "#V798962",
          "VFORM": "PASSIVE",
          "LEX": "ABUSED",
          "WNSENSE": "abuse%2:41:00::"
        },
        "start": 21,
        "end": 28
      },
      "root": "#V801272"
    },
    {
      "V798991": {
        "id": "V798991",
        "indicator": "F",
        "type": "ACTIVE-ON",
        "word": "ON",
        "roles": {
          "SCALE": "DOMAIN",
          "LEX": "ON",
          "WNSENSE": "on%3:00:00::"
        },
        "start": 28,
        "end": 31
      },
      "root": "#V798991"
    },
    {
      "V799037": {
        "id": "V799037",
        "indicator": "F",
        "type": "COMPLETELY",
        "word": "UP",
        "roles": {
          "LEX": "UP",
          "WNSENSE": "up%4:02:05::"
        },
        "start": 31,
        "end": 34
      },
      "root": "#V799037"
    },
    {
      "V799052": {
        "id": "V799052",
        "indicator": "F",
        "type": "SINCE",
        "word": "SINCE",
        "roles": {
          "GROUND": "#V799080",
          "LEX": "SINCE"
        },
        "start": 34,
        "end": 75
      },
      "V799080": {
        "id": "V799080",
        "indicator": "BARE",
        "type": "MEDICAL-EVENT",
        "word": "THERAPY",
        "roles": {
          "MOD": "#V799102",
          "ASSOC-WITH1": "#V799062",
          "ASSOC-WITH": "#V799075",
          "LOCATION": "#V799088",
          "LEX": "THERAPY",
          "WNSENSE": "therapy%1:04:00::"
        },
        "start": 40,
        "end": 75
      },
      "V799075": {
        "id": "V799075",
        "indicator": "KIND",
        "type": "YEAR",
        "word": "YEAR",
        "roles": {
          "SIZE": [
            "#V799068",
            "#V799071"
          ],
          "SCALE": "TIME-LOC-SCALE",
          "LEX": "YEARS",
          "WNSENSE": "year%1:28:01::"
        },
        "start": 40,
        "end": 75
      },
      "V799062": {
        "id": "V799062",
        "indicator": "KIND",
        "type": "AGE-SCALE",
        "word": "AGE",
        "roles": {
          "SCALE": "TIME-MEASURE-SCALE",
          "LEX": "AGE",
          "WNSENSE": "age%1:07:00::"
        },
        "start": 40,
        "end": 75
      },
      "V799068": {
        "id": "V799068",
        "indicator": "A",
        "type": "NUMBER",
        "word": null,
        "roles": {
          "VALUE": "4"
        },
        "start": 45,
        "end": 48
      },
      "V799071": {
        "id": "V799071",
        "indicator": "A",
        "type": "NUMBER",
        "word": null,
        "roles": {
          "VALUE": "7"
        },
        "start": 48,
        "end": 50
      },
      "V799088": {
        "id": "V799088",
        "indicator": "F",
        "type": "DIRECTION-BACKWARD",
        "word": "BACK",
        "roles": {
          "FIGURE": "#V799080",
          "LEX": "BACK",
          "WNSENSE": "back%4:02:00::"
        },
        "start": 64,
        "end": 69
      },
      "V799102": {
        "id": "V799102",
        "indicator": "F",
        "type": "SITUATED-IN",
        "word": "IN",
        "roles": {
          "GROUND": "#V799164",
          "FIGURE": "#V799080",
          "LEX": "IN"
        },
        "start": 69,
        "end": 75
      },
      "V799164": {
        "id": "V799164",
        "indicator": "PRO",
        "type": "REFERENTIAL-SEM",
        "word": "IT",
        "roles": {
          "PROFORM": "IT",
          "LEX": "IT",
          "WNSENSE": "entity%1:03:00"
        },
        "start": 72,
        "end": 75
      },
      "root": "#V799052"
    },
    {
      "V801272": {
        "id": "V801272",
        "indicator": "SPEECHACT",
        "type": "SA_IDENTIFY",
        "word": null,
        "roles": {
          "CONTENT": "#V798962",
          "LEX": "(MESSAGE 61)"
        },
        "start": 0,
        "end": 28
      },
      "V798962": {
        "id": "V798962",
        "indicator": "BARE",
        "type": "CONTENT",
        "word": "MESSAGE",
        "roles": {
          "MOD": [
            "#V798970",
            "#V798959"
          ],
          "LEX": "(MESSAGE 61)",
          "WNSENSE": "message%1:10:00::"
        },
        "start": 0,
        "end": 28
      },
      "V798959": {
        "id": "V798959",
        "indicator": "F",
        "type": "INSTANTANEOUS-VAL",
        "word": "INSTANT",
        "roles": {
          "FIGURE": "#V798962",
          "SCALE": "SPEED-SCALE",
          "LEX": "INSTANT",
          "WNSENSE": "instant%5:00:00:fast:01"
        },
        "start": 0,
        "end": 9
      },
      "V798970": {
        "id": "V798970",
        "indicator": "F",
        "type": "ABUSE",
        "word": "ABUSE",
        "roles": {
          "AFFECTED": "#V798962",
          "VFORM": "PASSIVE",
          "LEX": "ABUSED",
          "WNSENSE": "abuse%2:41:00::"
        },
        "start": 21,
        "end": 28
      },
      "root": "#V801272"
    },
    {
      "V798991": {
        "id": "V798991",
        "indicator": "F",
        "type": "ACTIVE-ON",
        "word": "ON",
        "roles": {
          "SCALE": "DOMAIN",
          "LEX": "ON",
          "WNSENSE": "on%3:00:00::"
        },
        "start": 28,
        "end": 31
      },
      "root": "#V798991"
    },
    {
      "V799037": {
        "id": "V799037",
        "indicator": "F",
        "type": "COMPLETELY",
        "word": "UP",
        "roles": {
          "LEX": "UP",
          "WNSENSE": "up%4:02:05::"
        },
        "start": 31,
        "end": 34
      },
      "root": "#V799037"
    },
    {
      "V799053": {
        "id": "V799053",
        "indicator": "F",
        "type": "SINCE",
        "word": "SINCE",
        "roles": {
          "GROUND": "#V799080",
          "LEX": "SINCE"
        },
        "start": 34,
        "end": 75
      },
      "V799080": {
        "id": "V799080",
        "indicator": "BARE",
        "type": "MEDICAL-EVENT",
        "word": "THERAPY",
        "roles": {
          "MOD": "#V799102",
          "ASSOC-WITH1": "#V799062",
          "ASSOC-WITH": "#V799075",
          "LOCATION": "#V799088",
          "LEX": "THERAPY",
          "WNSENSE": "therapy%1:04:00::"
        },
        "start": 40,
        "end": 75
      },
      "V799075": {
        "id": "V799075",
        "indicator": "KIND",
        "type": "YEAR",
        "word": "YEAR",
        "roles": {
          "SIZE": [
            "#V799068",
            "#V799071"
          ],
          "SCALE": "TIME-LOC-SCALE",
          "LEX": "YEARS",
          "WNSENSE": "year%1:28:01::"
        },
        "start": 40,
        "end": 75
      },
      "V799062": {
        "id": "V799062",
        "indicator": "KIND",
        "type": "AGE-SCALE",
        "word": "AGE",
        "roles": {
          "SCALE": "TIME-MEASURE-SCALE",
          "LEX": "AGE",
          "WNSENSE": "age%1:07:00::"
        },
        "start": 40,
        "end": 75
      },
      "V799068": {
        "id": "V799068",
        "indicator": "A",
        "type": "NUMBER",
        "word": null,
        "roles": {
          "VALUE": "4"
        },
        "start": 45,
        "end": 48
      },
      "V799071": {
        "id": "V799071",
        "indicator": "A",
        "type": "NUMBER",
        "word": null,
        "roles": {
          "VALUE": "7"
        },
        "start": 48,
        "end": 50
      },
      "V799088": {
        "id": "V799088",
        "indicator": "F",
        "type": "DIRECTION-BACKWARD",
        "word": "BACK",
        "roles": {
          "FIGURE": "#V799080",
          "LEX": "BACK",
          "WNSENSE": "back%4:02:00::"
        },
        "start": 64,
        "end": 69
      },
      "V799102": {
        "id": "V799102",
        "indicator": "F",
        "type": "SITUATED-IN",
        "word": "IN",
        "roles": {
          "GROUND": "#V799164",
          "FIGURE": "#V799080",
          "LEX": "IN"
        },
        "start": 69,
        "end": 75
      },
      "V799164": {
        "id": "V799164",
        "indicator": "PRO",
        "type": "REFERENTIAL-SEM",
        "word": "IT",
        "roles": {
          "PROFORM": "IT",
          "LEX": "IT",
          "WNSENSE": "entity%1:03:00"
        },
        "start": 72,
        "end": 75
      },
      "root": "#V799053"
    },
    {
      "V801272": {
        "id": "V801272",
        "indicator": "SPEECHACT",
        "type": "SA_IDENTIFY",
        "word": null,
        "roles": {
          "CONTENT": "#V798962",
          "LEX": "(MESSAGE 61)"
        },
        "start": 0,
        "end": 28
      },
      "V798962": {
        "id": "V798962",
        "indicator": "BARE",
        "type": "CONTENT",
        "word": "MESSAGE",
        "roles": {
          "MOD": [
            "#V798970",
            "#V798959"
          ],
          "LEX": "(MESSAGE 61)",
          "WNSENSE": "message%1:10:00::"
        },
        "start": 0,
        "end": 28
      },
      "V798959": {
        "id": "V798959",
        "indicator": "F",
        "type": "INSTANTANEOUS-VAL",
        "word": "INSTANT",
        "roles": {
          "FIGURE": "#V798962",
          "SCALE": "SPEED-SCALE",
          "LEX": "INSTANT",
          "WNSENSE": "instant%5:00:00:fast:01"
        },
        "start": 0,
        "end": 9
      },
      "V798970": {
        "id": "V798970",
        "indicator": "F",
        "type": "ABUSE",
        "word": "ABUSE",
        "roles": {
          "AFFECTED": "#V798962",
          "VFORM": "PASSIVE",
          "LEX": "ABUSED",
          "WNSENSE": "abuse%2:41:00::"
        },
        "start": 21,
        "end": 28
      },
      "root": "#V801272"
    },
    {
      "V798991": {
        "id": "V798991",
        "indicator": "F",
        "type": "ACTIVE-ON",
        "word": "ON",
        "roles": {
          "SCALE": "DOMAIN",
          "LEX": "ON",
          "WNSENSE": "on%3:00:00::"
        },
        "start": 28,
        "end": 31
      },
      "root": "#V798991"
    },
    {
      "V799036": {
        "id": "V799036",
        "indicator": "F",
        "type": "DIRECTION-UP",
        "word": "UP",
        "roles": {
          "LEX": "UP"
        },
        "start": 31,
        "end": 34
      },
      "root": "#V799036"
    },
    {
      "V799052": {
        "id": "V799052",
        "indicator": "F",
        "type": "SINCE",
        "word": "SINCE",
        "roles": {
          "GROUND": "#V799080",
          "LEX": "SINCE"
        },
        "start": 34,
        "end": 75
      },
      "V799080": {
        "id": "V799080",
        "indicator": "BARE",
        "type": "MEDICAL-EVENT",
        "word": "THERAPY",
        "roles": {
          "SCALE": "#V799110",
          "ASSOC-WITH1": "#V799062",
          "ASSOC-WITH": "#V799074",
          "LOCATION": "#V799088",
          "LEX": "THERAPY",
          "WNSENSE": "therapy%1:04:00::"
        },
        "start": 40,
        "end": 75
      },
      "V799074": {
        "id": "V799074",
        "indicator": "KIND",
        "type": "YEAR",
        "word": "YEAR",
        "roles": {
          "SIZE": [
            "#V799068",
            "#V799071"
          ],
          "SCALE": "TIME-LOC-SCALE",
          "LEX": "YEARS",
          "WNSENSE": "year%1:28:01::"
        },
        "start": 40,
        "end": 75
      },
      "V799062": {
        "id": "V799062",
        "indicator": "KIND",
        "type": "AGE-SCALE",
        "word": "AGE",
        "roles": {
          "SCALE": "TIME-MEASURE-SCALE",
          "LEX": "AGE",
          "WNSENSE": "age%1:07:00::"
        },
        "start": 40,
        "end": 75
      },
      "V799068": {
        "id": "V799068",
        "indicator": "A",
        "type": "NUMBER",
        "word": null,
        "roles": {
          "VALUE": "4"
        },
        "start": 45,
        "end": 48
      },
      "V799071": {
        "id": "V799071",
        "indicator": "A",
        "type": "NUMBER",
        "word": null,
        "roles": {
          "VALUE": "7"
        },
        "start": 48,
        "end": 50
      },
      "V799088": {
        "id": "V799088",
        "indicator": "F",
        "type": "DIRECTION-BACKWARD",
        "word": "BACK",
        "roles": {
          "FIGURE": "#V799080",
          "LEX": "BACK",
          "WNSENSE": "back%4:02:00::"
        },
        "start": 64,
        "end": 69
      },
      "V799110": {
        "id": "V799110",
        "indicator": "F",
        "type": "IN-SCALE",
        "word": "IN",
        "roles": {
          "GROUND": "#V799164",
          "FIGURE": "#V799080",
          "LEX": "IN"
        },
        "start": 69,
        "end": 75
      },
      "V799164": {
        "id": "V799164",
        "indicator": "PRO",
        "type": "REFERENTIAL-SEM",
        "word": "IT",
        "roles": {
          "PROFORM": "IT",
          "LEX": "IT",
          "WNSENSE": "entity%1:03:00"
        },
        "start": 72,
        "end": 75
      },
      "root": "#V799052"
    },
    {
      "V801272": {
        "id": "V801272",
        "indicator": "SPEECHACT",
        "type": "SA_IDENTIFY",
        "word": null,
        "roles": {
          "CONTENT": "#V798962",
          "LEX": "(MESSAGE 61)"
        },
        "start": 0,
        "end": 28
      },
      "V798962": {
        "id": "V798962",
        "indicator": "BARE",
        "type": "CONTENT",
        "word": "MESSAGE",
        "roles": {
          "MOD": [
            "#V798970",
            "#V798959"
          ],
          "LEX": "(MESSAGE 61)",
          "WNSENSE": "message%1:10:00::"
        },
        "start": 0,
        "end": 28
      },
      "V798959": {
        "id": "V798959",
        "indicator": "F",
        "type": "INSTANTANEOUS-VAL",
        "word": "INSTANT",
        "roles": {
          "FIGURE": "#V798962",
          "SCALE": "SPEED-SCALE",
          "LEX": "INSTANT",
          "WNSENSE": "instant%5:00:00:fast:01"
        },
        "start": 0,
        "end": 9
      },
      "V798970": {
        "id": "V798970",
        "indicator": "F",
        "type": "ABUSE",
        "word": "ABUSE",
        "roles": {
          "AFFECTED": "#V798962",
          "VFORM": "PASSIVE",
          "LEX": "ABUSED",
          "WNSENSE": "abuse%2:41:00::"
        },
        "start": 21,
        "end": 28
      },
      "root": "#V801272"
    },
    {
      "V798991": {
        "id": "V798991",
        "indicator": "F",
        "type": "ACTIVE-ON",
        "word": "ON",
        "roles": {
          "SCALE": "DOMAIN",
          "LEX": "ON",
          "WNSENSE": "on%3:00:00::"
        },
        "start": 28,
        "end": 31
      },
      "root": "#V798991"
    },
    {
      "V799036": {
        "id": "V799036",
        "indicator": "F",
        "type": "DIRECTION-UP",
        "word": "UP",
        "roles": {
          "LEX": "UP"
        },
        "start": 31,
        "end": 34
      },
      "root": "#V799036"
    },
    {
      "V799053": {
        "id": "V799053",
        "indicator": "F",
        "type": "SINCE",
        "word": "SINCE",
        "roles": {
          "GROUND": "#V799080",
          "LEX": "SINCE"
        },
        "start": 34,
        "end": 75
      },
      "V799080": {
        "id": "V799080",
        "indicator": "BARE",
        "type": "MEDICAL-EVENT",
        "word": "THERAPY",
        "roles": {
          "SCALE": "#V799110",
          "ASSOC-WITH1": "#V799062",
          "ASSOC-WITH": "#V799074",
          "LOCATION": "#V799088",
          "LEX": "THERAPY",
          "WNSENSE": "therapy%1:04:00::"
        },
        "start": 40,
        "end": 75
      },
      "V799074": {
        "id": "V799074",
        "indicator": "KIND",
        "type": "YEAR",
        "word": "YEAR",
        "roles": {
          "SIZE": [
            "#V799068",
            "#V799071"
          ],
          "SCALE": "TIME-LOC-SCALE",
          "LEX": "YEARS",
          "WNSENSE": "year%1:28:01::"
        },
        "start": 40,
        "end": 75
      },
      "V799062": {
        "id": "V799062",
        "indicator": "KIND",
        "type": "AGE-SCALE",
        "word": "AGE",
        "roles": {
          "SCALE": "TIME-MEASURE-SCALE",
          "LEX": "AGE",
          "WNSENSE": "age%1:07:00::"
        },
        "start": 40,
        "end": 75
      },
      "V799068": {
        "id": "V799068",
        "indicator": "A",
        "type": "NUMBER",
        "word": null,
        "roles": {
          "VALUE": "4"
        },
        "start": 45,
        "end": 48
      },
      "V799071": {
        "id": "V799071",
        "indicator": "A",
        "type": "NUMBER",
        "word": null,
        "roles": {
          "VALUE": "7"
        },
        "start": 48,
        "end": 50
      },
      "V799088": {
        "id": "V799088",
        "indicator": "F",
        "type": "DIRECTION-BACKWARD",
        "word": "BACK",
        "roles": {
          "FIGURE": "#V799080",
          "LEX": "BACK",
          "WNSENSE": "back%4:02:00::"
        },
        "start": 64,
        "end": 69
      },
      "V799110": {
        "id": "V799110",
        "indicator": "F",
        "type": "IN-SCALE",
        "word": "IN",
        "roles": {
          "GROUND": "#V799164",
          "FIGURE": "#V799080",
          "LEX": "IN"
        },
        "start": 69,
        "end": 75
      },
      "V799164": {
        "id": "V799164",
        "indicator": "PRO",
        "type": "REFERENTIAL-SEM",
        "word": "IT",
        "roles": {
          "PROFORM": "IT",
          "LEX": "IT",
          "WNSENSE": "entity%1:03:00"
        },
        "start": 72,
        "end": 75
      },
      "root": "#V799053"
    },
    {
      "V801272": {
        "id": "V801272",
        "indicator": "SPEECHACT",
        "type": "SA_IDENTIFY",
        "word": null,
        "roles": {
          "CONTENT": "#V798962",
          "LEX": "(MESSAGE 61)"
        },
        "start": 0,
        "end": 28
      },
      "V798962": {
        "id": "V798962",
        "indicator": "BARE",
        "type": "CONTENT",
        "word": "MESSAGE",
        "roles": {
          "MOD": [
            "#V798970",
            "#V798959"
          ],
          "LEX": "(MESSAGE 61)",
          "WNSENSE": "message%1:10:00::"
        },
        "start": 0,
        "end": 28
      },
      "V798959": {
        "id": "V798959",
        "indicator": "F",
        "type": "INSTANTANEOUS-VAL",
        "word": "INSTANT",
        "roles": {
          "FIGURE": "#V798962",
          "SCALE": "SPEED-SCALE",
          "LEX": "INSTANT",
          "WNSENSE": "instant%5:00:00:fast:01"
        },
        "start": 0,
        "end": 9
      },
      "V798970": {
        "id": "V798970",
        "indicator": "F",
        "type": "ABUSE",
        "word": "ABUSE",
        "roles": {
          "AFFECTED": "#V798962",
          "VFORM": "PASSIVE",
          "LEX": "ABUSED",
          "WNSENSE": "abuse%2:41:00::"
        },
        "start": 21,
        "end": 28
      },
      "root": "#V801272"
    },
    {
      "V798991": {
        "id": "V798991",
        "indicator": "F",
        "type": "ACTIVE-ON",
        "word": "ON",
        "roles": {
          "SCALE": "DOMAIN",
          "LEX": "ON",
          "WNSENSE": "on%3:00:00::"
        },
        "start": 28,
        "end": 31
      },
      "root": "#V798991"
    },
    {
      "V799036": {
        "id": "V799036",
        "indicator": "F",
        "type": "DIRECTION-UP",
        "word": "UP",
        "roles": {
          "LEX": "UP"
        },
        "start": 31,
        "end": 34
      },
      "root": "#V799036"
    },
    {
      "V799052": {
        "id": "V799052",
        "indicator": "F",
        "type": "SINCE",
        "word": "SINCE",
        "roles": {
          "GROUND": "#V799080",
          "LEX": "SINCE"
        },
        "start": 34,
        "end": 75
      },
      "V799080": {
        "id": "V799080",
        "indicator": "BARE",
        "type": "MEDICAL-EVENT",
        "word": "THERAPY",
        "roles": {
          "LOCATION": [
            "#V799105",
            "#V799088"
          ],
          "ASSOC-WITH1": "#V799062",
          "ASSOC-WITH": "#V799074",
          "LEX": "THERAPY",
          "WNSENSE": "therapy%1:04:00::"
        },
        "start": 40,
        "end": 75
      },
      "V799074": {
        "id": "V799074",
        "indicator": "KIND",
        "type": "YEAR",
        "word": "YEAR",
        "roles": {
          "SIZE": [
            "#V799068",
            "#V799071"
          ],
          "SCALE": "TIME-LOC-SCALE",
          "LEX": "YEARS",
          "WNSENSE": "year%1:28:01::"
        },
        "start": 40,
        "end": 75
      },
      "V799062": {
        "id": "V799062",
        "indicator": "KIND",
        "type": "AGE-SCALE",
        "word": "AGE",
        "roles": {
          "SCALE": "TIME-MEASURE-SCALE",
          "LEX": "AGE",
          "WNSENSE": "age%1:07:00::"
        },
        "start": 40,
        "end": 75
      },
      "V799068": {
        "id": "V799068",
        "indicator": "A",
        "type": "NUMBER",
        "word": null,
        "roles": {
          "VALUE": "4"
        },
        "start": 45,
        "end": 48
      },
      "V799071": {
        "id": "V799071",
        "indicator": "A",
        "type": "NUMBER",
        "word": null,
        "roles": {
          "VALUE": "7"
        },
        "start": 48,
        "end": 50
      },
      "V799088": {
        "id": "V799088",
        "indicator": "F",
        "type": "DIRECTION-BACKWARD",
        "word": "BACK",
        "roles": {
          "FIGURE": "#V799080",
          "LEX": "BACK",
          "WNSENSE": "back%4:02:00::"
        },
        "start": 64,
        "end": 69
      },
      "V799105": {
        "id": "V799105",
        "indicator": "F",
        "type": "IN-LOC",
        "word": "IN",
        "roles": {
          "GROUND": "#V799164",
          "FIGURE": "#V799080",
          "LEX": "IN"
        },
        "start": 69,
        "end": 75
      },
      "V799164": {
        "id": "V799164",
        "indicator": "PRO",
        "type": "REFERENTIAL-SEM",
        "word": "IT",
        "roles": {
          "PROFORM": "IT",
          "LEX": "IT",
          "WNSENSE": "entity%1:03:00"
        },
        "start": 72,
        "end": 75
      },
      "root": "#V799052"
    },
    {
      "V801272": {
        "id": "V801272",
        "indicator": "SPEECHACT",
        "type": "SA_IDENTIFY",
        "word": null,
        "roles": {
          "CONTENT": "#V798962",
          "LEX": "(MESSAGE 61)"
        },
        "start": 0,
        "end": 28
      },
      "V798962": {
        "id": "V798962",
        "indicator": "BARE",
        "type": "CONTENT",
        "word": "MESSAGE",
        "roles": {
          "MOD": [
            "#V798970",
            "#V798959"
          ],
          "LEX": "(MESSAGE 61)",
          "WNSENSE": "message%1:10:00::"
        },
        "start": 0,
        "end": 28
      },
      "V798959": {
        "id": "V798959",
        "indicator": "F",
        "type": "INSTANTANEOUS-VAL",
        "word": "INSTANT",
        "roles": {
          "FIGURE": "#V798962",
          "SCALE": "SPEED-SCALE",
          "LEX": "INSTANT",
          "WNSENSE": "instant%5:00:00:fast:01"
        },
        "start": 0,
        "end": 9
      },
      "V798970": {
        "id": "V798970",
        "indicator": "F",
        "type": "ABUSE",
        "word": "ABUSE",
        "roles": {
          "AFFECTED": "#V798962",
          "VFORM": "PASSIVE",
          "LEX": "ABUSED",
          "WNSENSE": "abuse%2:41:00::"
        },
        "start": 21,
        "end": 28
      },
      "root": "#V801272"
    },
    {
      "V798991": {
        "id": "V798991",
        "indicator": "F",
        "type": "ACTIVE-ON",
        "word": "ON",
        "roles": {
          "SCALE": "DOMAIN",
          "LEX": "ON",
          "WNSENSE": "on%3:00:00::"
        },
        "start": 28,
        "end": 31
      },
      "root": "#V798991"
    },
    {
      "V799036": {
        "id": "V799036",
        "indicator": "F",
        "type": "DIRECTION-UP",
        "word": "UP",
        "roles": {
          "LEX": "UP"
        },
        "start": 31,
        "end": 34
      },
      "root": "#V799036"
    },
    {
      "V799053": {
        "id": "V799053",
        "indicator": "F",
        "type": "SINCE",
        "word": "SINCE",
        "roles": {
          "GROUND": "#V799080",
          "LEX": "SINCE"
        },
        "start": 34,
        "end": 75
      },
      "V799080": {
        "id": "V799080",
        "indicator": "BARE",
        "type": "MEDICAL-EVENT",
        "word": "THERAPY",
        "roles": {
          "LOCATION": [
            "#V799105",
            "#V799088"
          ],
          "ASSOC-WITH1": "#V799062",
          "ASSOC-WITH": "#V799074",
          "LEX": "THERAPY",
          "WNSENSE": "therapy%1:04:00::"
        },
        "start": 40,
        "end": 75
      },
      "V799074": {
        "id": "V799074",
        "indicator": "KIND",
        "type": "YEAR",
        "word": "YEAR",
        "roles": {
          "SIZE": [
            "#V799068",
            "#V799071"
          ],
          "SCALE": "TIME-LOC-SCALE",
          "LEX": "YEARS",
          "WNSENSE": "year%1:28:01::"
        },
        "start": 40,
        "end": 75
      },
      "V799062": {
        "id": "V799062",
        "indicator": "KIND",
        "type": "AGE-SCALE",
        "word": "AGE",
        "roles": {
          "SCALE": "TIME-MEASURE-SCALE",
          "LEX": "AGE",
          "WNSENSE": "age%1:07:00::"
        },
        "start": 40,
        "end": 75
      },
      "V799068": {
        "id": "V799068",
        "indicator": "A",
        "type": "NUMBER",
        "word": null,
        "roles": {
          "VALUE": "4"
        },
        "start": 45,
        "end": 48
      },
      "V799071": {
        "id": "V799071",
        "indicator": "A",
        "type": "NUMBER",
        "word": null,
        "roles": {
          "VALUE": "7"
        },
        "start": 48,
        "end": 50
      },
      "V799088": {
        "id": "V799088",
        "indicator": "F",
        "type": "DIRECTION-BACKWARD",
        "word": "BACK",
        "roles": {
          "FIGURE": "#V799080",
          "LEX": "BACK",
          "WNSENSE": "back%4:02:00::"
        },
        "start": 64,
        "end": 69
      },
      "V799105": {
        "id": "V799105",
        "indicator": "F",
        "type": "IN-LOC",
        "word": "IN",
        "roles": {
          "GROUND": "#V799164",
          "FIGURE": "#V799080",
          "LEX": "IN"
        },
        "start": 69,
        "end": 75
      },
      "V799164": {
        "id": "V799164",
        "indicator": "PRO",
        "type": "REFERENTIAL-SEM",
        "word": "IT",
        "roles": {
          "PROFORM": "IT",
          "LEX": "IT",
          "WNSENSE": "entity%1:03:00"
        },
        "start": 72,
        "end": 75
      },
      "root": "#V799053"
    },
    {
      "V801272": {
        "id": "V801272",
        "indicator": "SPEECHACT",
        "type": "SA_IDENTIFY",
        "word": null,
        "roles": {
          "CONTENT": "#V798962",
          "LEX": "(MESSAGE 61)"
        },
        "start": 0,
        "end": 28
      },
      "V798962": {
        "id": "V798962",
        "indicator": "BARE",
        "type": "CONTENT",
        "word": "MESSAGE",
        "roles": {
          "MOD": [
            "#V798970",
            "#V798959"
          ],
          "LEX": "(MESSAGE 61)",
          "WNSENSE": "message%1:10:00::"
        },
        "start": 0,
        "end": 28
      },
      "V798959": {
        "id": "V798959",
        "indicator": "F",
        "type": "INSTANTANEOUS-VAL",
        "word": "INSTANT",
        "roles": {
          "FIGURE": "#V798962",
          "SCALE": "SPEED-SCALE",
          "LEX": "INSTANT",
          "WNSENSE": "instant%5:00:00:fast:01"
        },
        "start": 0,
        "end": 9
      },
      "V798970": {
        "id": "V798970",
        "indicator": "F",
        "type": "ABUSE",
        "word": "ABUSE",
        "roles": {
          "AFFECTED": "#V798962",
          "VFORM": "PASSIVE",
          "LEX": "ABUSED",
          "WNSENSE": "abuse%2:41:00::"
        },
        "start": 21,
        "end": 28
      },
      "root": "#V801272"
    },
    {
      "V798991": {
        "id": "V798991",
        "indicator": "F",
        "type": "ACTIVE-ON",
        "word": "ON",
        "roles": {
          "SCALE": "DOMAIN",
          "LEX": "ON",
          "WNSENSE": "on%3:00:00::"
        },
        "start": 28,
        "end": 31
      },
      "root": "#V798991"
    },
    {
      "V799036": {
        "id": "V799036",
        "indicator": "F",
        "type": "DIRECTION-UP",
        "word": "UP",
        "roles": {
          "LEX": "UP"
        },
        "start": 31,
        "end": 34
      },
      "root": "#V799036"
    },
    {
      "V799052": {
        "id": "V799052",
        "indicator": "F",
        "type": "SINCE",
        "word": "SINCE",
        "roles": {
          "GROUND": "#V799080",
          "LEX": "SINCE"
        },
        "start": 34,
        "end": 75
      },
      "V799080": {
        "id": "V799080",
        "indicator": "BARE",
        "type": "MEDICAL-EVENT",
        "word": "THERAPY",
        "roles": {
          "MOD": "#V799102",
          "ASSOC-WITH1": "#V799062",
          "ASSOC-WITH": "#V799074",
          "LOCATION": "#V799088",
          "LEX": "THERAPY",
          "WNSENSE": "therapy%1:04:00::"
        },
        "start": 40,
        "end": 75
      },
      "V799074": {
        "id": "V799074",
        "indicator": "KIND",
        "type": "YEAR",
        "word": "YEAR",
        "roles": {
          "SIZE": [
            "#V799068",
            "#V799071"
          ],
          "SCALE": "TIME-LOC-SCALE",
          "LEX": "YEARS",
          "WNSENSE": "year%1:28:01::"
        },
        "start": 40,
        "end": 75
      },
      "V799062": {
        "id": "V799062",
        "indicator": "KIND",
        "type": "AGE-SCALE",
        "word": "AGE",
        "roles": {
          "SCALE": "TIME-MEASURE-SCALE",
          "LEX": "AGE",
          "WNSENSE": "age%1:07:00::"
        },
        "start": 40,
        "end": 75
      },
      "V799068": {
        "id": "V799068",
        "indicator": "A",
        "type": "NUMBER",
        "word": null,
        "roles": {
          "VALUE": "4"
        },
        "start": 45,
        "end": 48
      },
      "V799071": {
        "id": "V799071",
        "indicator": "A",
        "type": "NUMBER",
        "word": null,
        "roles": {
          "VALUE": "7"
        },
        "start": 48,
        "end": 50
      },
      "V799088": {
        "id": "V799088",
        "indicator": "F",
        "type": "DIRECTION-BACKWARD",
        "word": "BACK",
        "roles": {
          "FIGURE": "#V799080",
          "LEX": "BACK",
          "WNSENSE": "back%4:02:00::"
        },
        "start": 64,
        "end": 69
      },
      "V799102": {
        "id": "V799102",
        "indicator": "F",
        "type": "SITUATED-IN",
        "word": "IN",
        "roles": {
          "GROUND": "#V799164",
          "FIGURE": "#V799080",
          "LEX": "IN"
        },
        "start": 69,
        "end": 75
      },
      "V799164": {
        "id": "V799164",
        "indicator": "PRO",
        "type": "REFERENTIAL-SEM",
        "word": "IT",
        "roles": {
          "PROFORM": "IT",
          "LEX": "IT",
          "WNSENSE": "entity%1:03:00"
        },
        "start": 72,
        "end": 75
      },
      "root": "#V799052"
    },
    {
      "V801272": {
        "id": "V801272",
        "indicator": "SPEECHACT",
        "type": "SA_IDENTIFY",
        "word": null,
        "roles": {
          "CONTENT": "#V798962",
          "LEX": "(MESSAGE 61)"
        },
        "start": 0,
        "end": 28
      },
      "V798962": {
        "id": "V798962",
        "indicator": "BARE",
        "type": "CONTENT",
        "word": "MESSAGE",
        "roles": {
          "MOD": [
            "#V798970",
            "#V798959"
          ],
          "LEX": "(MESSAGE 61)",
          "WNSENSE": "message%1:10:00::"
        },
        "start": 0,
        "end": 28
      },
      "V798959": {
        "id": "V798959",
        "indicator": "F",
        "type": "INSTANTANEOUS-VAL",
        "word": "INSTANT",
        "roles": {
          "FIGURE": "#V798962",
          "SCALE": "SPEED-SCALE",
          "LEX": "INSTANT",
          "WNSENSE": "instant%5:00:00:fast:01"
        },
        "start": 0,
        "end": 9
      },
      "V798970": {
        "id": "V798970",
        "indicator": "F",
        "type": "ABUSE",
        "word": "ABUSE",
        "roles": {
          "AFFECTED": "#V798962",
          "VFORM": "PASSIVE",
          "LEX": "ABUSED",
          "WNSENSE": "abuse%2:41:00::"
        },
        "start": 21,
        "end": 28
      },
      "root": "#V801272"
    },
    {
      "V798991": {
        "id": "V798991",
        "indicator": "F",
        "type": "ACTIVE-ON",
        "word": "ON",
        "roles": {
          "SCALE": "DOMAIN",
          "LEX": "ON",
          "WNSENSE": "on%3:00:00::"
        },
        "start": 28,
        "end": 31
      },
      "root": "#V798991"
    },
    {
      "V799036": {
        "id": "V799036",
        "indicator": "F",
        "type": "DIRECTION-UP",
        "word": "UP",
        "roles": {
          "LEX": "UP"
        },
        "start": 31,
        "end": 34
      },
      "root": "#V799036"
    },
    {
      "V799053": {
        "id": "V799053",
        "indicator": "F",
        "type": "SINCE",
        "word": "SINCE",
        "roles": {
          "GROUND": "#V799080",
          "LEX": "SINCE"
        },
        "start": 34,
        "end": 75
      },
      "V799080": {
        "id": "V799080",
        "indicator": "BARE",
        "type": "MEDICAL-EVENT",
        "word": "THERAPY",
        "roles": {
          "MOD": "#V799102",
          "ASSOC-WITH1": "#V799062",
          "ASSOC-WITH": "#V799074",
          "LOCATION": "#V799088",
          "LEX": "THERAPY",
          "WNSENSE": "therapy%1:04:00::"
        },
        "start": 40,
        "end": 75
      },
      "V799074": {
        "id": "V799074",
        "indicator": "KIND",
        "type": "YEAR",
        "word": "YEAR",
        "roles": {
          "SIZE": [
            "#V799068",
            "#V799071"
          ],
          "SCALE": "TIME-LOC-SCALE",
          "LEX": "YEARS",
          "WNSENSE": "year%1:28:01::"
        },
        "start": 40,
        "end": 75
      },
      "V799062": {
        "id": "V799062",
        "indicator": "KIND",
        "type": "AGE-SCALE",
        "word": "AGE",
        "roles": {
          "SCALE": "TIME-MEASURE-SCALE",
          "LEX": "AGE",
          "WNSENSE": "age%1:07:00::"
        },
        "start": 40,
        "end": 75
      },
      "V799068": {
        "id": "V799068",
        "indicator": "A",
        "type": "NUMBER",
        "word": null,
        "roles": {
          "VALUE": "4"
        },
        "start": 45,
        "end": 48
      },
      "V799071": {
        "id": "V799071",
        "indicator": "A",
        "type": "NUMBER",
        "word": null,
        "roles": {
          "VALUE": "7"
        },
        "start": 48,
        "end": 50
      },
      "V799088": {
        "id": "V799088",
        "indicator": "F",
        "type": "DIRECTION-BACKWARD",
        "word": "BACK",
        "roles": {
          "FIGURE": "#V799080",
          "LEX": "BACK",
          "WNSENSE": "back%4:02:00::"
        },
        "start": 64,
        "end": 69
      },
      "V799102": {
        "id": "V799102",
        "indicator": "F",
        "type": "SITUATED-IN",
        "word": "IN",
        "roles": {
          "GROUND": "#V799164",
          "FIGURE": "#V799080",
          "LEX": "IN"
        },
        "start": 69,
        "end": 75
      },
      "V799164": {
        "id": "V799164",
        "indicator": "PRO",
        "type": "REFERENTIAL-SEM",
        "word": "IT",
        "roles": {
          "PROFORM": "IT",
          "LEX": "IT",
          "WNSENSE": "entity%1:03:00"
        },
        "start": 72,
        "end": 75
      },
      "root": "#V799053"
    },
    {
      "V801272": {
        "id": "V801272",
        "indicator": "SPEECHACT",
        "type": "SA_IDENTIFY",
        "word": null,
        "roles": {
          "CONTENT": "#V798962",
          "LEX": "(MESSAGE 61)"
        },
        "start": 0,
        "end": 28
      },
      "V798962": {
        "id": "V798962",
        "indicator": "BARE",
        "type": "CONTENT",
        "word": "MESSAGE",
        "roles": {
          "MOD": [
            "#V798970",
            "#V798959"
          ],
          "LEX": "(MESSAGE 61)",
          "WNSENSE": "message%1:10:00::"
        },
        "start": 0,
        "end": 28
      },
      "V798959": {
        "id": "V798959",
        "indicator": "F",
        "type": "INSTANTANEOUS-VAL",
        "word": "INSTANT",
        "roles": {
          "FIGURE": "#V798962",
          "SCALE": "SPEED-SCALE",
          "LEX": "INSTANT",
          "WNSENSE": "instant%5:00:00:fast:01"
        },
        "start": 0,
        "end": 9
      },
      "V798970": {
        "id": "V798970",
        "indicator": "F",
        "type": "ABUSE",
        "word": "ABUSE",
        "roles": {
          "AFFECTED": "#V798962",
          "VFORM": "PASSIVE",
          "LEX": "ABUSED",
          "WNSENSE": "abuse%2:41:00::"
        },
        "start": 21,
        "end": 28
      },
      "root": "#V801272"
    },
    {
      "V798991": {
        "id": "V798991",
        "indicator": "F",
        "type": "ACTIVE-ON",
        "word": "ON",
        "roles": {
          "SCALE": "DOMAIN",
          "LEX": "ON",
          "WNSENSE": "on%3:00:00::"
        },
        "start": 28,
        "end": 31
      },
      "root": "#V798991"
    },
    {
      "V799036": {
        "id": "V799036",
        "indicator": "F",
        "type": "DIRECTION-UP",
        "word": "UP",
        "roles": {
          "LEX": "UP"
        },
        "start": 31,
        "end": 34
      },
      "root": "#V799036"
    },
    {
      "V799052": {
        "id": "V799052",
        "indicator": "F",
        "type": "SINCE",
        "word": "SINCE",
        "roles": {
          "GROUND": "#V799080",
          "LEX": "SINCE"
        },
        "start": 34,
        "end": 75
      },
      "V799080": {
        "id": "V799080",
        "indicator": "BARE",
        "type": "MEDICAL-EVENT",
        "word": "THERAPY",
        "roles": {
          "SCALE": "#V799110",
          "ASSOC-WITH1": "#V799062",
          "ASSOC-WITH": "#V799075",
          "LOCATION": "#V799088",
          "LEX": "THERAPY",
          "WNSENSE": "therapy%1:04:00::"
        },
        "start": 40,
        "end": 75
      },
      "V799075": {
        "id": "V799075",
        "indicator": "KIND",
        "type": "YEAR",
        "word": "YEAR",
        "roles": {
          "SIZE": [
            "#V799068",
            "#V799071"
          ],
          "SCALE": "TIME-LOC-SCALE",
          "LEX": "YEARS",
          "WNSENSE": "year%1:28:01::"
        },
        "start": 40,
        "end": 75
      },
      "V799062": {
        "id": "V799062",
        "indicator": "KIND",
        "type": "AGE-SCALE",
        "word": "AGE",
        "roles": {
          "SCALE": "TIME-MEASURE-SCALE",
          "LEX": "AGE",
          "WNSENSE": "age%1:07:00::"
        },
        "start": 40,
        "end": 75
      },
      "V799068": {
        "id": "V799068",
        "indicator": "A",
        "type": "NUMBER",
        "word": null,
        "roles": {
          "VALUE": "4"
        },
        "start": 45,
        "end": 48
      },
      "V799071": {
        "id": "V799071",
        "indicator": "A",
        "type": "NUMBER",
        "word": null,
        "roles": {
          "VALUE": "7"
        },
        "start": 48,
        "end": 50
      },
      "V799088": {
        "id": "V799088",
        "indicator": "F",
        "type": "DIRECTION-BACKWARD",
        "word": "BACK",
        "roles": {
          "FIGURE": "#V799080",
          "LEX": "BACK",
          "WNSENSE": "back%4:02:00::"
        },
        "start": 64,
        "end": 69
      },
      "V799110": {
        "id": "V799110",
        "indicator": "F",
        "type": "IN-SCALE",
        "word": "IN",
        "roles": {
          "GROUND": "#V799164",
          "FIGURE": "#V799080",
          "LEX": "IN"
        },
        "start": 69,
        "end": 75
      },
      "V799164": {
        "id": "V799164",
        "indicator": "PRO",
        "type": "REFERENTIAL-SEM",
        "word": "IT",
        "roles": {
          "PROFORM": "IT",
          "LEX": "IT",
          "WNSENSE": "entity%1:03:00"
        },
        "start": 72,
        "end": 75
      },
      "root": "#V799052"
    },
    {
      "V801272": {
        "id": "V801272",
        "indicator": "SPEECHACT",
        "type": "SA_IDENTIFY",
        "word": null,
        "roles": {
          "CONTENT": "#V798962",
          "LEX": "(MESSAGE 61)"
        },
        "start": 0,
        "end": 28
      },
      "V798962": {
        "id": "V798962",
        "indicator": "BARE",
        "type": "CONTENT",
        "word": "MESSAGE",
        "roles": {
          "MOD": [
            "#V798970",
            "#V798959"
          ],
          "LEX": "(MESSAGE 61)",
          "WNSENSE": "message%1:10:00::"
        },
        "start": 0,
        "end": 28
      },
      "V798959": {
        "id": "V798959",
        "indicator": "F",
        "type": "INSTANTANEOUS-VAL",
        "word": "INSTANT",
        "roles": {
          "FIGURE": "#V798962",
          "SCALE": "SPEED-SCALE",
          "LEX": "INSTANT",
          "WNSENSE": "instant%5:00:00:fast:01"
        },
        "start": 0,
        "end": 9
      },
      "V798970": {
        "id": "V798970",
        "indicator": "F",
        "type": "ABUSE",
        "word": "ABUSE",
        "roles": {
          "AFFECTED": "#V798962",
          "VFORM": "PASSIVE",
          "LEX": "ABUSED",
          "WNSENSE": "abuse%2:41:00::"
        },
        "start": 21,
        "end": 28
      },
      "root": "#V801272"
    },
    {
      "V798991": {
        "id": "V798991",
        "indicator": "F",
        "type": "ACTIVE-ON",
        "word": "ON",
        "roles": {
          "SCALE": "DOMAIN",
          "LEX": "ON",
          "WNSENSE": "on%3:00:00::"
        },
        "start": 28,
        "end": 31
      },
      "root": "#V798991"
    },
    {
      "V799036": {
        "id": "V799036",
        "indicator": "F",
        "type": "DIRECTION-UP",
        "word": "UP",
        "roles": {
          "LEX": "UP"
        },
        "start": 31,
        "end": 34
      },
      "root": "#V799036"
    },
    {
      "V799053": {
        "id": "V799053",
        "indicator": "F",
        "type": "SINCE",
        "word": "SINCE",
        "roles": {
          "GROUND": "#V799080",
          "LEX": "SINCE"
        },
        "start": 34,
        "end": 75
      },
      "V799080": {
        "id": "V799080",
        "indicator": "BARE",
        "type": "MEDICAL-EVENT",
        "word": "THERAPY",
        "roles": {
          "SCALE": "#V799110",
          "ASSOC-WITH1": "#V799062",
          "ASSOC-WITH": "#V799075",
          "LOCATION": "#V799088",
          "LEX": "THERAPY",
          "WNSENSE": "therapy%1:04:00::"
        },
        "start": 40,
        "end": 75
      },
      "V799075": {
        "id": "V799075",
        "indicator": "KIND",
        "type": "YEAR",
        "word": "YEAR",
        "roles": {
          "SIZE": [
            "#V799068",
            "#V799071"
          ],
          "SCALE": "TIME-LOC-SCALE",
          "LEX": "YEARS",
          "WNSENSE": "year%1:28:01::"
        },
        "start": 40,
        "end": 75
      },
      "V799062": {
        "id": "V799062",
        "indicator": "KIND",
        "type": "AGE-SCALE",
        "word": "AGE",
        "roles": {
          "SCALE": "TIME-MEASURE-SCALE",
          "LEX": "AGE",
          "WNSENSE": "age%1:07:00::"
        },
        "start": 40,
        "end": 75
      },
      "V799068": {
        "id": "V799068",
        "indicator": "A",
        "type": "NUMBER",
        "word": null,
        "roles": {
          "VALUE": "4"
        },
        "start": 45,
        "end": 48
      },
      "V799071": {
        "id": "V799071",
        "indicator": "A",
        "type": "NUMBER",
        "word": null,
        "roles": {
          "VALUE": "7"
        },
        "start": 48,
        "end": 50
      },
      "V799088": {
        "id": "V799088",
        "indicator": "F",
        "type": "DIRECTION-BACKWARD",
        "word": "BACK",
        "roles": {
          "FIGURE": "#V799080",
          "LEX": "BACK",
          "WNSENSE": "back%4:02:00::"
        },
        "start": 64,
        "end": 69
      },
      "V799110": {
        "id": "V799110",
        "indicator": "F",
        "type": "IN-SCALE",
        "word": "IN",
        "roles": {
          "GROUND": "#V799164",
          "FIGURE": "#V799080",
          "LEX": "IN"
        },
        "start": 69,
        "end": 75
      },
      "V799164": {
        "id": "V799164",
        "indicator": "PRO",
        "type": "REFERENTIAL-SEM",
        "word": "IT",
        "roles": {
          "PROFORM": "IT",
          "LEX": "IT",
          "WNSENSE": "entity%1:03:00"
        },
        "start": 72,
        "end": 75
      },
      "root": "#V799053"
    }
  ],
  "inputtags": [],
  "debug": [
    "*last-utt-id*=NIL  utt-id+162",
    "*last-utt-id*=162  utt-id+162",
    "*last-utt-id*=162  utt-id+162",
    "*last-utt-id*=162  utt-id+162",
    "*last-utt-id*=162  utt-id+NIL"
  ]
}
