{
  "parse": [
    {
      "V2624203": {
        "id": "V2624203",
        "indicator": "SPEECHACT",
        "type": "SA_REQUEST",
        "word": null,
        "roles": {
          "CONTENT": "#V2615566",
          "LEX": "DON"
        },
        "start": 0,
        "end": 7
      },
      "V2615566": {
        "id": "V2615566",
        "indicator": "F",
        "type": "PUT-ON",
        "word": "DON",
        "roles": {
          "AGENT": "#V2624199",
          "AFFECTED": "#V2615584",
          "TENSE": "PRES",
          "VFORM": "BASE",
          "LEX": "DON",
          "WNSENSE": "don%2:29:00::"
        },
        "start": 0,
        "end": 7
      },
      "V2624199": {
        "id": "V2624199",
        "indicator": "IMPRO",
        "type": "PERSON",
        "word": null,
        "roles": {
          "PROFORM": "*YOU*",
          "COREF": "SYS"
        },
        "start": 0,
        "end": 7
      },
      "V2615584": {
        "id": "V2615584",
        "indicator": "BARE",
        "type": "REFERENTIAL-SEM",
        "word": "^T",
        "roles": {
          "LEX": "^T",
          "WNSENSE": "entity%1:03:00"
        },
        "start": 4,
        "end": 7
      },
      "root": "#V2624203"
    },
    {
      "V2625079": {
        "id": "V2625079",
        "indicator": "SPEECHACT",
        "type": "SA_TELL",
        "word": null,
        "roles": {
          "PUNCTYPE": "DECL",
          "CONTENT": "#V2615595",
          "LEX": "TOUCH"
        },
        "start": 7,
        "end": 52
      },
      "V2615595": {
        "id": "V2615595",
        "indicator": "F",
        "type": "TOUCH",
        "word": "TOUCH",
        "roles": {
          "MOD": "#V2615638",
          "RESULT": "#V2615609",
          "AGENT": "#V2625080",
          "AFFECTED": "#V2615603",
          "FREQUENCY": "#V2615587",
          "TENSE": "PRES",
          "LEX": "TOUCH",
          "WNSENSE": "touch%1:04:00::"
        },
        "start": 7,
        "end": 52
      },
      "V2625080": {
        "id": "V2625080",
        "indicator": "IMPRO",
        "type": "REFERENTIAL-SEM",
        "word": null,
        "roles": {
          "PROFORM": "SUBJ",
          "COREF": "#V2615584"
        },
        "start": 7,
        "end": 52
      },
      "V2615587": {
        "id": "V2615587",
        "indicator": "F",
        "type": "FREQUENCY",
        "word": "EVER",
        "roles": {
          "FIGURE": "#V2615595",
          "LEX": "EVER",
          "WNSENSE": "ever%4:02:04::"
        },
        "start": 7,
        "end": 12
      },
      "V2615603": {
        "id": "V2615603",
        "indicator": "PRO",
        "type": "PERSON",
        "word": "SOMEONE",
        "roles": {
          "PROFORM": "SOMEONE",
          "LEX": "SOMEONE",
          "WNSENSE": "someone%1:03:00::"
        },
        "start": 18,
        "end": 26
      },
      "V2615609": {
        "id": "V2615609",
        "indicator": "F",
        "type": "SIMILAR",
        "word": "LIKE",
        "roles": {
          "GROUND": "#V2615630",
          "FIGURE": "#V2615603",
          "SCALE": "SIMILAR-SCALE",
          "LEX": "LIKE",
          "WNSENSE": "like%5:00:00:same:00"
        },
        "start": 26,
        "end": 36
      },
      "V2615630": {
        "id": "V2615630",
        "indicator": "PRO",
        "type": "REFERENTIAL-SEM",
        "word": "THAT",
        "roles": {
          "PROFORM": "THAT",
          "LEX": "THAT",
          "WNSENSE": "entity%1:03:00",
          "COREF": "#V2615566"
        },
        "start": 31,
        "end": 36
      },
      "V2615638": {
        "id": "V2615638",
        "indicator": "F",
        "type": "WITHOUT",
        "word": "WITHOUT",
        "roles": {
          "GROUND": "#V2615649",
          "FIGURE": "#V2615595",
          "LEX": "WITHOUT"
        },
        "start": 36,
        "end": 52
      },
      "V2615649": {
        "id": "V2615649",
        "indicator": "BARE",
        "type": "RIGHT-PERMISSION",
        "word": "CONSENT",
        "roles": {
          "LEX": "CONSENT",
          "WNSENSE": "consent%1:10:00::"
        },
        "start": 44,
        "end": 52
      },
      "root": "#V2625079"
    },
    {
      "V2624203": {
        "id": "V2624203",
        "indicator": "SPEECHACT",
        "type": "SA_REQUEST",
        "word": null,
        "roles": {
          "CONTENT": "#V2615566",
          "LEX": "DON"
        },
        "start": 0,
        "end": 7
      },
      "V2615566": {
        "id": "V2615566",
        "indicator": "F",
        "type": "PUT-ON",
        "word": "DON",
        "roles": {
          "AGENT": "#V2624199",
          "AFFECTED": "#V2615584",
          "TENSE": "PRES",
          "VFORM": "BASE",
          "LEX": "DON",
          "WNSENSE": "don%2:29:00::"
        },
        "start": 0,
        "end": 7
      },
      "V2624199": {
        "id": "V2624199",
        "indicator": "IMPRO",
        "type": "PERSON",
        "word": null,
        "roles": {
          "PROFORM": "*YOU*"
        },
        "start": 0,
        "end": 7
      },
      "V2615584": {
        "id": "V2615584",
        "indicator": "BARE",
        "type": "REFERENTIAL-SEM",
        "word": "^T",
        "roles": {
          "LEX": "^T",
          "WNSENSE": "entity%1:03:00"
        },
        "start": 4,
        "end": 7
      },
      "root": "#V2624203"
    },
    {
      "V2625076": {
        "id": "V2625076",
        "indicator": "SPEECHACT",
        "type": "SA_TELL",
        "word": null,
        "roles": {
          "PUNCTYPE": "DECL",
          "CONTENT": "#V2615595",
          "LEX": "TOUCH"
        },
        "start": 7,
        "end": 53
      },
      "V2615595": {
        "id": "V2615595",
        "indicator": "F",
        "type": "TOUCH",
        "word": "TOUCH",
        "roles": {
          "MOD": "#V2615638",
          "RESULT": "#V2615609",
          "AGENT": "#V2625077",
          "AFFECTED": "#V2615603",
          "FREQUENCY": "#V2615587",
          "TENSE": "PRES",
          "LEX": "TOUCH",
          "WNSENSE": "touch%1:04:00::"
        },
        "start": 7,
        "end": 52
      },
      "V2625077": {
        "id": "V2625077",
        "indicator": "IMPRO",
        "type": "REFERENTIAL-SEM",
        "word": null,
        "roles": {
          "PROFORM": "SUBJ"
        },
        "start": 7,
        "end": 52
      },
      "V2615587": {
        "id": "V2615587",
        "indicator": "F",
        "type": "FREQUENCY",
        "word": "EVER",
        "roles": {
          "FIGURE": "#V2615595",
          "LEX": "EVER",
          "WNSENSE": "ever%4:02:04::"
        },
        "start": 7,
        "end": 12
      },
      "V2615603": {
        "id": "V2615603",
        "indicator": "PRO",
        "type": "PERSON",
        "word": "SOMEONE",
        "roles": {
          "PROFORM": "SOMEONE",
          "LEX": "SOMEONE",
          "WNSENSE": "someone%1:03:00::"
        },
        "start": 18,
        "end": 26
      },
      "V2615609": {
        "id": "V2615609",
        "indicator": "F",
        "type": "SIMILAR",
        "word": "LIKE",
        "roles": {
          "GROUND": "#V2615630",
          "FIGURE": "#V2615603",
          "SCALE": "SIMILAR-SCALE",
          "LEX": "LIKE",
          "WNSENSE": "like%5:00:00:same:00"
        },
        "start": 26,
        "end": 36
      },
      "V2615630": {
        "id": "V2615630",
        "indicator": "PRO",
        "type": "REFERENTIAL-SEM",
        "word": "THAT",
        "roles": {
          "PROFORM": "THAT",
          "LEX": "THAT",
          "WNSENSE": "entity%1:03:00"
        },
        "start": 31,
        "end": 36
      },
      "V2615638": {
        "id": "V2615638",
        "indicator": "F",
        "type": "WITHOUT",
        "word": "WITHOUT",
        "roles": {
          "GROUND": "#V2615651",
          "FIGURE": "#V2615595",
          "LEX": "WITHOUT"
        },
        "start": 36,
        "end": 52
      },
      "V2615651": {
        "id": "V2615651",
        "indicator": "BARE",
        "type": "RIGHT-PERMISSION",
        "word": "CONSENT",
        "roles": {
          "LEX": "CONSENT",
          "WNSENSE": "consent%1:10:00::"
        },
        "start": 44,
        "end": 52
      },
      "root": "#V2625076"
    },
    {
      "V2624203": {
        "id": "V2624203",
        "indicator": "SPEECHACT",
        "type": "SA_REQUEST",
        "word": null,
        "roles": {
          "CONTENT": "#V2615566",
          "LEX": "DON"
        },
        "start": 0,
        "end": 7
      },
      "V2615566": {
        "id": "V2615566",
        "indicator": "F",
        "type": "PUT-ON",
        "word": "DON",
        "roles": {
          "AGENT": "#V2624199",
          "AFFECTED": "#V2615584",
          "TENSE": "PRES",
          "VFORM": "BASE",
          "LEX": "DON",
          "WNSENSE": "don%2:29:00::"
        },
        "start": 0,
        "end": 7
      },
      "V2624199": {
        "id": "V2624199",
        "indicator": "IMPRO",
        "type": "PERSON",
        "word": null,
        "roles": {
          "PROFORM": "*YOU*"
        },
        "start": 0,
        "end": 7
      },
      "V2615584": {
        "id": "V2615584",
        "indicator": "BARE",
        "type": "REFERENTIAL-SEM",
        "word": "^T",
        "roles": {
          "LEX": "^T",
          "WNSENSE": "entity%1:03:00"
        },
        "start": 4,
        "end": 7
      },
      "root": "#V2624203"
    },
    {
      "V2625073": {
        "id": "V2625073",
        "indicator": "SPEECHACT",
        "type": "SA_TELL",
        "word": null,
        "roles": {
          "PUNCTYPE": "DECL",
          "CONTENT": "#V2615595",
          "LEX": "TOUCH"
        },
        "start": 7,
        "end": 53
      },
      "V2615595": {
        "id": "V2615595",
        "indicator": "F",
        "type": "TOUCH",
        "word": "TOUCH",
        "roles": {
          "FREQUENCY": "#V2615587",
          "RESULT": "#V2615609",
          "AGENT": "#V2625074",
          "AFFECTED": "#V2615603",
          "MOD": "#V2615638",
          "TENSE": "PRES",
          "LEX": "TOUCH",
          "WNSENSE": "touch%1:04:00::"
        },
        "start": 7,
        "end": 52
      },
      "V2625074": {
        "id": "V2625074",
        "indicator": "IMPRO",
        "type": "REFERENTIAL-SEM",
        "word": null,
        "roles": {
          "PROFORM": "SUBJ"
        },
        "start": 7,
        "end": 52
      },
      "V2615587": {
        "id": "V2615587",
        "indicator": "F",
        "type": "FREQUENCY",
        "word": "EVER",
        "roles": {
          "FIGURE": "#V2615595",
          "LEX": "EVER",
          "WNSENSE": "ever%4:02:04::"
        },
        "start": 7,
        "end": 12
      },
      "V2615603": {
        "id": "V2615603",
        "indicator": "PRO",
        "type": "PERSON",
        "word": "SOMEONE",
        "roles": {
          "PROFORM": "SOMEONE",
          "LEX": "SOMEONE",
          "WNSENSE": "someone%1:03:00::"
        },
        "start": 18,
        "end": 26
      },
      "V2615609": {
        "id": "V2615609",
        "indicator": "F",
        "type": "SIMILAR",
        "word": "LIKE",
        "roles": {
          "GROUND": "#V2615630",
          "FIGURE": "#V2615603",
          "SCALE": "SIMILAR-SCALE",
          "LEX": "LIKE",
          "WNSENSE": "like%5:00:00:same:00"
        },
        "start": 26,
        "end": 36
      },
      "V2615630": {
        "id": "V2615630",
        "indicator": "PRO",
        "type": "REFERENTIAL-SEM",
        "word": "THAT",
        "roles": {
          "PROFORM": "THAT",
          "LEX": "THAT",
          "WNSENSE": "entity%1:03:00"
        },
        "start": 31,
        "end": 36
      },
      "V2615638": {
        "id": "V2615638",
        "indicator": "F",
        "type": "WITHOUT",
        "word": "WITHOUT",
        "roles": {
          "GROUND": "#V2615649",
          "FIGURE": "#V2615595",
          "LEX": "WITHOUT"
        },
        "start": 36,
        "end": 52
      },
      "V2615649": {
        "id": "V2615649",
        "indicator": "BARE",
        "type": "RIGHT-PERMISSION",
        "word": "CONSENT",
        "roles": {
          "LEX": "CONSENT",
          "WNSENSE": "consent%1:10:00::"
        },
        "start": 44,
        "end": 52
      },
      "root": "#V2625073"
    },
    {
      "V2624203": {
        "id": "V2624203",
        "indicator": "SPEECHACT",
        "type": "SA_REQUEST",
        "word": null,
        "roles": {
          "CONTENT": "#V2615566",
          "LEX": "DON"
        },
        "start": 0,
        "end": 7
      },
      "V2615566": {
        "id": "V2615566",
        "indicator": "F",
        "type": "PUT-ON",
        "word": "DON",
        "roles": {
          "AGENT": "#V2624199",
          "AFFECTED": "#V2615584",
          "TENSE": "PRES",
          "VFORM": "BASE",
          "LEX": "DON",
          "WNSENSE": "don%2:29:00::"
        },
        "start": 0,
        "end": 7
      },
      "V2624199": {
        "id": "V2624199",
        "indicator": "IMPRO",
        "type": "PERSON",
        "word": null,
        "roles": {
          "PROFORM": "*YOU*"
        },
        "start": 0,
        "end": 7
      },
      "V2615584": {
        "id": "V2615584",
        "indicator": "BARE",
        "type": "REFERENTIAL-SEM",
        "word": "^T",
        "roles": {
          "LEX": "^T",
          "WNSENSE": "entity%1:03:00"
        },
        "start": 4,
        "end": 7
      },
      "root": "#V2624203"
    },
    {
      "V2625070": {
        "id": "V2625070",
        "indicator": "SPEECHACT",
        "type": "SA_TELL",
        "word": null,
        "roles": {
          "PUNCTYPE": "DECL",
          "CONTENT": "#V2615595",
          "LEX": "TOUCH"
        },
        "start": 7,
        "end": 53
      },
      "V2615595": {
        "id": "V2615595",
        "indicator": "F",
        "type": "TOUCH",
        "word": "TOUCH",
        "roles": {
          "FREQUENCY": "#V2615587",
          "RESULT": "#V2615609",
          "AGENT": "#V2625071",
          "AFFECTED": "#V2615603",
          "MOD": "#V2615638",
          "TENSE": "PRES",
          "LEX": "TOUCH",
          "WNSENSE": "touch%1:04:00::"
        },
        "start": 7,
        "end": 52
      },
      "V2625071": {
        "id": "V2625071",
        "indicator": "IMPRO",
        "type": "REFERENTIAL-SEM",
        "word": null,
        "roles": {
          "PROFORM": "SUBJ"
        },
        "start": 7,
        "end": 52
      },
      "V2615587": {
        "id": "V2615587",
        "indicator": "F",
        "type": "FREQUENCY",
        "word": "EVER",
        "roles": {
          "FIGURE": "#V2615595",
          "LEX": "EVER",
          "WNSENSE": "ever%4:02:04::"
        },
        "start": 7,
        "end": 12
      },
      "V2615603": {
        "id": "V2615603",
        "indicator": "PRO",
        "type": "PERSON",
        "word": "SOMEONE",
        "roles": {
          "PROFORM": "SOMEONE",
          "LEX": "SOMEONE",
          "WNSENSE": "someone%1:03:00::"
        },
        "start": 18,
        "end": 26
      },
      "V2615609": {
        "id": "V2615609",
        "indicator": "F",
        "type": "SIMILAR",
        "word": "LIKE",
        "roles": {
          "GROUND": "#V2615630",
          "FIGURE": "#V2615603",
          "SCALE": "SIMILAR-SCALE",
          "LEX": "LIKE",
          "WNSENSE": "like%5:00:00:same:00"
        },
        "start": 26,
        "end": 36
      },
      "V2615630": {
        "id": "V2615630",
        "indicator": "PRO",
        "type": "REFERENTIAL-SEM",
        "word": "THAT",
        "roles": {
          "PROFORM": "THAT",
          "LEX": "THAT",
          "WNSENSE": "entity%1:03:00"
        },
        "start": 31,
        "end": 36
      },
      "V2615638": {
        "id": "V2615638",
        "indicator": "F",
        "type": "WITHOUT",
        "word": "WITHOUT",
        "roles": {
          "GROUND": "#V2615651",
          "FIGURE": "#V2615595",
          "LEX": "WITHOUT"
        },
        "start": 36,
        "end": 52
      },
      "V2615651": {
        "id": "V2615651",
        "indicator": "BARE",
        "type": "RIGHT-PERMISSION",
        "word": "CONSENT",
        "roles": {
          "LEX": "CONSENT",
          "WNSENSE": "consent%1:10:00::"
        },
        "start": 44,
        "end": 52
      },
      "root": "#V2625070"
    },
    {
      "V2624203": {
        "id": "V2624203",
        "indicator": "SPEECHACT",
        "type": "SA_REQUEST",
        "word": null,
        "roles": {
          "CONTENT": "#V2615566",
          "LEX": "DON"
        },
        "start": 0,
        "end": 7
      },
      "V2615566": {
        "id": "V2615566",
        "indicator": "F",
        "type": "PUT-ON",
        "word": "DON",
        "roles": {
          "AGENT": "#V2624199",
          "AFFECTED": "#V2615584",
          "TENSE": "PRES",
          "VFORM": "BASE",
          "LEX": "DON",
          "WNSENSE": "don%2:29:00::"
        },
        "start": 0,
        "end": 7
      },
      "V2624199": {
        "id": "V2624199",
        "indicator": "IMPRO",
        "type": "PERSON",
        "word": null,
        "roles": {
          "PROFORM": "*YOU*"
        },
        "start": 0,
        "end": 7
      },
      "V2615584": {
        "id": "V2615584",
        "indicator": "BARE",
        "type": "REFERENTIAL-SEM",
        "word": "^T",
        "roles": {
          "LEX": "^T",
          "WNSENSE": "entity%1:03:00"
        },
        "start": 4,
        "end": 7
      },
      "root": "#V2624203"
    },
    {
      "V2625130": {
        "id": "V2625130",
        "indicator": "SPEECHACT",
        "type": "SA_TELL",
        "word": null,
        "roles": {
          "PUNCTYPE": "DECL",
          "CONTENT": "#V2615595",
          "LEX": "TOUCH"
        },
        "start": 7,
        "end": 53
      },
      "V2615595": {
        "id": "V2615595",
        "indicator": "F",
        "type": "TOUCH",
        "word": "TOUCH",
        "roles": {
          "MOD": "#V2615638",
          "RESULT": "#V2615609",
          "AGENT": "#V2625131",
          "AFFECTED": "#V2615603",
          "FREQUENCY": "#V2615587",
          "TENSE": "PRES",
          "LEX": "TOUCH",
          "WNSENSE": "touch%1:04:00::"
        },
        "start": 7,
        "end": 52
      },
      "V2625131": {
        "id": "V2625131",
        "indicator": "IMPRO",
        "type": "REFERENTIAL-SEM",
        "word": null,
        "roles": {
          "PROFORM": "SUBJ"
        },
        "start": 7,
        "end": 52
      },
      "V2615587": {
        "id": "V2615587",
        "indicator": "F",
        "type": "FREQUENCY",
        "word": "EVER",
        "roles": {
          "FIGURE": "#V2615595",
          "LEX": "EVER",
          "WNSENSE": "ever%4:02:04::"
        },
        "start": 7,
        "end": 12
      },
      "V2615603": {
        "id": "V2615603",
        "indicator": "PRO",
        "type": "PERSON",
        "word": "SOMEONE",
        "roles": {
          "PROFORM": "SOMEONE",
          "LEX": "SOMEONE",
          "WNSENSE": "someone%1:03:00::"
        },
        "start": 18,
        "end": 26
      },
      "V2615609": {
        "id": "V2615609",
        "indicator": "F",
        "type": "SIMILAR",
        "word": "LIKE",
        "roles": {
          "GROUND": "#V2615630",
          "FIGURE": "#V2615603",
          "SCALE": "SIMILAR-SCALE",
          "LEX": "LIKE",
          "WNSENSE": "like%5:00:00:same:00"
        },
        "start": 26,
        "end": 36
      },
      "V2615630": {
        "id": "V2615630",
        "indicator": "PRO",
        "type": "REFERENTIAL-SEM",
        "word": "THAT",
        "roles": {
          "PROFORM": "THAT",
          "LEX": "THAT",
          "WNSENSE": "entity%1:03:00"
        },
        "start": 31,
        "end": 36
      },
      "V2615638": {
        "id": "V2615638",
        "indicator": "F",
        "type": "WITHOUT",
        "word": "WITHOUT",
        "roles": {
          "GROUND": "#V2615841",
          "FIGURE": "#V2615595",
          "LEX": "WITHOUT"
        },
        "start": 36,
        "end": 52
      },
      "V2615841": {
        "id": "V2615841",
        "indicator": "THE",
        "type": "QUANTITY-ABSTR",
        "word": null,
        "roles": {
          "FIGURE": "#V2615649"
        },
        "start": 44,
        "end": 52
      },
      "V2615649": {
        "id": "V2615649",
        "indicator": "BARE",
        "type": "RIGHT-PERMISSION",
        "word": "CONSENT",
        "roles": {
          "LEX": "CONSENT",
          "WNSENSE": "consent%1:10:00::"
        },
        "start": 44,
        "end": 52
      },
      "root": "#V2625130"
    },
    {
      "V2624203": {
        "id": "V2624203",
        "indicator": "SPEECHACT",
        "type": "SA_REQUEST",
        "word": null,
        "roles": {
          "CONTENT": "#V2615566",
          "LEX": "DON"
        },
        "start": 0,
        "end": 7
      },
      "V2615566": {
        "id": "V2615566",
        "indicator": "F",
        "type": "PUT-ON",
        "word": "DON",
        "roles": {
          "AGENT": "#V2624199",
          "AFFECTED": "#V2615584",
          "TENSE": "PRES",
          "VFORM": "BASE",
          "LEX": "DON",
          "WNSENSE": "don%2:29:00::"
        },
        "start": 0,
        "end": 7
      },
      "V2624199": {
        "id": "V2624199",
        "indicator": "IMPRO",
        "type": "PERSON",
        "word": null,
        "roles": {
          "PROFORM": "*YOU*"
        },
        "start": 0,
        "end": 7
      },
      "V2615584": {
        "id": "V2615584",
        "indicator": "BARE",
        "type": "REFERENTIAL-SEM",
        "word": "^T",
        "roles": {
          "LEX": "^T",
          "WNSENSE": "entity%1:03:00"
        },
        "start": 4,
        "end": 7
      },
      "root": "#V2624203"
    },
    {
      "V2625127": {
        "id": "V2625127",
        "indicator": "SPEECHACT",
        "type": "SA_TELL",
        "word": null,
        "roles": {
          "PUNCTYPE": "DECL",
          "CONTENT": "#V2615595",
          "LEX": "TOUCH"
        },
        "start": 7,
        "end": 53
      },
      "V2615595": {
        "id": "V2615595",
        "indicator": "F",
        "type": "TOUCH",
        "word": "TOUCH",
        "roles": {
          "MOD": "#V2615638",
          "RESULT": "#V2615609",
          "AGENT": "#V2625128",
          "AFFECTED": "#V2615603",
          "FREQUENCY": "#V2615587",
          "TENSE": "PRES",
          "LEX": "TOUCH",
          "WNSENSE": "touch%1:04:00::"
        },
        "start": 7,
        "end": 52
      },
      "V2625128": {
        "id": "V2625128",
        "indicator": "IMPRO",
        "type": "REFERENTIAL-SEM",
        "word": null,
        "roles": {
          "PROFORM": "SUBJ"
        },
        "start": 7,
        "end": 52
      },
      "V2615587": {
        "id": "V2615587",
        "indicator": "F",
        "type": "FREQUENCY",
        "word": "EVER",
        "roles": {
          "FIGURE": "#V2615595",
          "LEX": "EVER",
          "WNSENSE": "ever%4:02:04::"
        },
        "start": 7,
        "end": 12
      },
      "V2615603": {
        "id": "V2615603",
        "indicator": "PRO",
        "type": "PERSON",
        "word": "SOMEONE",
        "roles": {
          "PROFORM": "SOMEONE",
          "LEX": "SOMEONE",
          "WNSENSE": "someone%1:03:00::"
        },
        "start": 18,
        "end": 26
      },
      "V2615609": {
        "id": "V2615609",
        "indicator": "F",
        "type": "SIMILAR",
        "word": "LIKE",
        "roles": {
          "GROUND": "#V2615630",
          "FIGURE": "#V2615603",
          "SCALE": "SIMILAR-SCALE",
          "LEX": "LIKE",
          "WNSENSE": "like%5:00:00:same:00"
        },
        "start": 26,
        "end": 36
      },
      "V2615630": {
        "id": "V2615630",
        "indicator": "PRO",
        "type": "REFERENTIAL-SEM",
        "word": "THAT",
        "roles": {
          "PROFORM": "THAT",
          "LEX": "THAT",
          "WNSENSE": "entity%1:03:00"
        },
        "start": 31,
        "end": 36
      },
      "V2615638": {
        "id": "V2615638",
        "indicator": "F",
        "type": "WITHOUT",
        "word": "WITHOUT",
        "roles": {
          "GROUND": "#V2615845",
          "FIGURE": "#V2615595",
          "LEX": "WITHOUT"
        },
        "start": 36,
        "end": 52
      },
      "V2615845": {
        "id": "V2615845",
        "indicator": "THE",
        "type": "QUANTITY-ABSTR",
        "word": null,
        "roles": {
          "FIGURE": "#V2615651"
        },
        "start": 44,
        "end": 52
      },
      "V2615651": {
        "id": "V2615651",
        "indicator": "BARE",
        "type": "RIGHT-PERMISSION",
        "word": "CONSENT",
        "roles": {
          "LEX": "CONSENT",
          "WNSENSE": "consent%1:10:00::"
        },
        "start": 44,
        "end": 52
      },
      "root": "#V2625127"
    },
    {
      "V2624203": {
        "id": "V2624203",
        "indicator": "SPEECHACT",
        "type": "SA_REQUEST",
        "word": null,
        "roles": {
          "CONTENT": "#V2615566",
          "LEX": "DON"
        },
        "start": 0,
        "end": 7
      },
      "V2615566": {
        "id": "V2615566",
        "indicator": "F",
        "type": "PUT-ON",
        "word": "DON",
        "roles": {
          "AGENT": "#V2624199",
          "AFFECTED": "#V2615584",
          "TENSE": "PRES",
          "VFORM": "BASE",
          "LEX": "DON",
          "WNSENSE": "don%2:29:00::"
        },
        "start": 0,
        "end": 7
      },
      "V2624199": {
        "id": "V2624199",
        "indicator": "IMPRO",
        "type": "PERSON",
        "word": null,
        "roles": {
          "PROFORM": "*YOU*"
        },
        "start": 0,
        "end": 7
      },
      "V2615584": {
        "id": "V2615584",
        "indicator": "BARE",
        "type": "REFERENTIAL-SEM",
        "word": "^T",
        "roles": {
          "LEX": "^T",
          "WNSENSE": "entity%1:03:00"
        },
        "start": 4,
        "end": 7
      },
      "root": "#V2624203"
    },
    {
      "V2625124": {
        "id": "V2625124",
        "indicator": "SPEECHACT",
        "type": "SA_TELL",
        "word": null,
        "roles": {
          "PUNCTYPE": "DECL",
          "CONTENT": "#V2615595",
          "LEX": "TOUCH"
        },
        "start": 7,
        "end": 53
      },
      "V2615595": {
        "id": "V2615595",
        "indicator": "F",
        "type": "TOUCH",
        "word": "TOUCH",
        "roles": {
          "FREQUENCY": "#V2615587",
          "RESULT": "#V2615609",
          "AGENT": "#V2625125",
          "AFFECTED": "#V2615603",
          "MOD": "#V2615638",
          "TENSE": "PRES",
          "LEX": "TOUCH",
          "WNSENSE": "touch%1:04:00::"
        },
        "start": 7,
        "end": 52
      },
      "V2625125": {
        "id": "V2625125",
        "indicator": "IMPRO",
        "type": "REFERENTIAL-SEM",
        "word": null,
        "roles": {
          "PROFORM": "SUBJ"
        },
        "start": 7,
        "end": 52
      },
      "V2615587": {
        "id": "V2615587",
        "indicator": "F",
        "type": "FREQUENCY",
        "word": "EVER",
        "roles": {
          "FIGURE": "#V2615595",
          "LEX": "EVER",
          "WNSENSE": "ever%4:02:04::"
        },
        "start": 7,
        "end": 12
      },
      "V2615603": {
        "id": "V2615603",
        "indicator": "PRO",
        "type": "PERSON",
        "word": "SOMEONE",
        "roles": {
          "PROFORM": "SOMEONE",
          "LEX": "SOMEONE",
          "WNSENSE": "someone%1:03:00::"
        },
        "start": 18,
        "end": 26
      },
      "V2615609": {
        "id": "V2615609",
        "indicator": "F",
        "type": "SIMILAR",
        "word": "LIKE",
        "roles": {
          "GROUND": "#V2615630",
          "FIGURE": "#V2615603",
          "SCALE": "SIMILAR-SCALE",
          "LEX": "LIKE",
          "WNSENSE": "like%5:00:00:same:00"
        },
        "start": 26,
        "end": 36
      },
      "V2615630": {
        "id": "V2615630",
        "indicator": "PRO",
        "type": "REFERENTIAL-SEM",
        "word": "THAT",
        "roles": {
          "PROFORM": "THAT",
          "LEX": "THAT",
          "WNSENSE": "entity%1:03:00"
        },
        "start": 31,
        "end": 36
      },
      "V2615638": {
        "id": "V2615638",
        "indicator": "F",
        "type": "WITHOUT",
        "word": "WITHOUT",
        "roles": {
          "GROUND": "#V2615841",
          "FIGURE": "#V2615595",
          "LEX": "WITHOUT"
        },
        "start": 36,
        "end": 52
      },
      "V2615841": {
        "id": "V2615841",
        "indicator": "THE",
        "type": "QUANTITY-ABSTR",
        "word": null,
        "roles": {
          "FIGURE": "#V2615649"
        },
        "start": 44,
        "end": 52
      },
      "V2615649": {
        "id": "V2615649",
        "indicator": "BARE",
        "type": "RIGHT-PERMISSION",
        "word": "CONSENT",
        "roles": {
          "LEX": "CONSENT",
          "WNSENSE": "consent%1:10:00::"
        },
        "start": 44,
        "end": 52
      },
      "root": "#V2625124"
    },
    {
      "V2624203": {
        "id": "V2624203",
        "indicator": "SPEECHACT",
        "type": "SA_REQUEST",
        "word": null,
        "roles": {
          "CONTENT": "#V2615566",
          "LEX": "DON"
        },
        "start": 0,
        "end": 7
      },
      "V2615566": {
        "id": "V2615566",
        "indicator": "F",
        "type": "PUT-ON",
        "word": "DON",
        "roles": {
          "AGENT": "#V2624199",
          "AFFECTED": "#V2615584",
          "TENSE": "PRES",
          "VFORM": "BASE",
          "LEX": "DON",
          "WNSENSE": "don%2:29:00::"
        },
        "start": 0,
        "end": 7
      },
      "V2624199": {
        "id": "V2624199",
        "indicator": "IMPRO",
        "type": "PERSON",
        "word": null,
        "roles": {
          "PROFORM": "*YOU*"
        },
        "start": 0,
        "end": 7
      },
      "V2615584": {
        "id": "V2615584",
        "indicator": "BARE",
        "type": "REFERENTIAL-SEM",
        "word": "^T",
        "roles": {
          "LEX": "^T",
          "WNSENSE": "entity%1:03:00"
        },
        "start": 4,
        "end": 7
      },
      "root": "#V2624203"
    },
    {
      "V2625121": {
        "id": "V2625121",
        "indicator": "SPEECHACT",
        "type": "SA_TELL",
        "word": null,
        "roles": {
          "PUNCTYPE": "DECL",
          "CONTENT": "#V2615595",
          "LEX": "TOUCH"
        },
        "start": 7,
        "end": 53
      },
      "V2615595": {
        "id": "V2615595",
        "indicator": "F",
        "type": "TOUCH",
        "word": "TOUCH",
        "roles": {
          "FREQUENCY": "#V2615587",
          "RESULT": "#V2615609",
          "AGENT": "#V2625122",
          "AFFECTED": "#V2615603",
          "MOD": "#V2615638",
          "TENSE": "PRES",
          "LEX": "TOUCH",
          "WNSENSE": "touch%1:04:00::"
        },
        "start": 7,
        "end": 52
      },
      "V2625122": {
        "id": "V2625122",
        "indicator": "IMPRO",
        "type": "REFERENTIAL-SEM",
        "word": null,
        "roles": {
          "PROFORM": "SUBJ"
        },
        "start": 7,
        "end": 52
      },
      "V2615587": {
        "id": "V2615587",
        "indicator": "F",
        "type": "FREQUENCY",
        "word": "EVER",
        "roles": {
          "FIGURE": "#V2615595",
          "LEX": "EVER",
          "WNSENSE": "ever%4:02:04::"
        },
        "start": 7,
        "end": 12
      },
      "V2615603": {
        "id": "V2615603",
        "indicator": "PRO",
        "type": "PERSON",
        "word": "SOMEONE",
        "roles": {
          "PROFORM": "SOMEONE",
          "LEX": "SOMEONE",
          "WNSENSE": "someone%1:03:00::"
        },
        "start": 18,
        "end": 26
      },
      "V2615609": {
        "id": "V2615609",
        "indicator": "F",
        "type": "SIMILAR",
        "word": "LIKE",
        "roles": {
          "GROUND": "#V2615630",
          "FIGURE": "#V2615603",
          "SCALE": "SIMILAR-SCALE",
          "LEX": "LIKE",
          "WNSENSE": "like%5:00:00:same:00"
        },
        "start": 26,
        "end": 36
      },
      "V2615630": {
        "id": "V2615630",
        "indicator": "PRO",
        "type": "REFERENTIAL-SEM",
        "word": "THAT",
        "roles": {
          "PROFORM": "THAT",
          "LEX": "THAT",
          "WNSENSE": "entity%1:03:00"
        },
        "start": 31,
        "end": 36
      },
      "V2615638": {
        "id": "V2615638",
        "indicator": "F",
        "type": "WITHOUT",
        "word": "WITHOUT",
        "roles": {
          "GROUND": "#V2615845",
          "FIGURE": "#V2615595",
          "LEX": "WITHOUT"
        },
        "start": 36,
        "end": 52
      },
      "V2615845": {
        "id": "V2615845",
        "indicator": "THE",
        "type": "QUANTITY-ABSTR",
        "word": null,
        "roles": {
          "FIGURE": "#V2615651"
        },
        "start": 44,
        "end": 52
      },
      "V2615651": {
        "id": "V2615651",
        "indicator": "BARE",
        "type": "RIGHT-PERMISSION",
        "word": "CONSENT",
        "roles": {
          "LEX": "CONSENT",
          "WNSENSE": "consent%1:10:00::"
        },
        "start": 44,
        "end": 52
      },
      "root": "#V2625121"
    },
    {
      "V2624203": {
        "id": "V2624203",
        "indicator": "SPEECHACT",
        "type": "SA_REQUEST",
        "word": null,
        "roles": {
          "CONTENT": "#V2615566",
          "LEX": "DON"
        },
        "start": 0,
        "end": 7
      },
      "V2615566": {
        "id": "V2615566",
        "indicator": "F",
        "type": "PUT-ON",
        "word": "DON",
        "roles": {
          "AGENT": "#V2624199",
          "AFFECTED": "#V2615584",
          "TENSE": "PRES",
          "VFORM": "BASE",
          "LEX": "DON",
          "WNSENSE": "don%2:29:00::"
        },
        "start": 0,
        "end": 7
      },
      "V2624199": {
        "id": "V2624199",
        "indicator": "IMPRO",
        "type": "PERSON",
        "word": null,
        "roles": {
          "PROFORM": "*YOU*"
        },
        "start": 0,
        "end": 7
      },
      "V2615584": {
        "id": "V2615584",
        "indicator": "BARE",
        "type": "REFERENTIAL-SEM",
        "word": "^T",
        "roles": {
          "LEX": "^T",
          "WNSENSE": "entity%1:03:00"
        },
        "start": 4,
        "end": 7
      },
      "root": "#V2624203"
    },
    {
      "V2625397": {
        "id": "V2625397",
        "indicator": "SPEECHACT",
        "type": "SA_TELL",
        "word": null,
        "roles": {
          "PUNCTYPE": "DECL",
          "CONTENT": "#V2615595",
          "LEX": "TOUCH"
        },
        "start": 7,
        "end": 53
      },
      "V2615595": {
        "id": "V2615595",
        "indicator": "F",
        "type": "TOUCH",
        "word": "TOUCH",
        "roles": {
          "MOD": "#V2615638",
          "RESULT": "#V2615609",
          "AGENT": "#V2625398",
          "AFFECTED": "#V2615603",
          "FREQUENCY": "#V2615587",
          "TENSE": "PRES",
          "LEX": "TOUCH",
          "WNSENSE": "touch%1:04:00::"
        },
        "start": 7,
        "end": 52
      },
      "V2625398": {
        "id": "V2625398",
        "indicator": "IMPRO",
        "type": "REFERENTIAL-SEM",
        "word": null,
        "roles": {
          "PROFORM": "SUBJ"
        },
        "start": 7,
        "end": 52
      },
      "V2615587": {
        "id": "V2615587",
        "indicator": "F",
        "type": "FREQUENCY",
        "word": "EVER",
        "roles": {
          "FIGURE": "#V2615595",
          "LEX": "EVER",
          "WNSENSE": "ever%4:02:04::"
        },
        "start": 7,
        "end": 12
      },
      "V2615603": {
        "id": "V2615603",
        "indicator": "PRO",
        "type": "PERSON",
        "word": "SOMEONE",
        "roles": {
          "PROFORM": "SOMEONE",
          "LEX": "SOMEONE",
          "WNSENSE": "someone%1:03:00::"
        },
        "start": 18,
        "end": 26
      },
      "V2615609": {
        "id": "V2615609",
        "indicator": "F",
        "type": "SIMILAR",
        "word": "LIKE",
        "roles": {
          "GROUND": "#V2615701",
          "FIGURE": "#V2615603",
          "SCALE": "SIMILAR-SCALE",
          "LEX": "LIKE",
          "WNSENSE": "like%5:00:00:same:00"
        },
        "start": 26,
        "end": 36
      },
      "V2615701": {
        "id": "V2615701",
        "indicator": "THE",
        "type": "QUANTITY-ABSTR",
        "word": null,
        "roles": {
          "FIGURE": "#V2615630"
        },
        "start": 31,
        "end": 36
      },
      "V2615630": {
        "id": "V2615630",
        "indicator": "PRO",
        "type": "REFERENTIAL-SEM",
        "word": "THAT",
        "roles": {
          "PROFORM": "THAT",
          "LEX": "THAT",
          "WNSENSE": "entity%1:03:00"
        },
        "start": 31,
        "end": 36
      },
      "V2615638": {
        "id": "V2615638",
        "indicator": "F",
        "type": "WITHOUT",
        "word": "WITHOUT",
        "roles": {
          "GROUND": "#V2615649",
          "FIGURE": "#V2615595",
          "LEX": "WITHOUT"
        },
        "start": 36,
        "end": 52
      },
      "V2615649": {
        "id": "V2615649",
        "indicator": "BARE",
        "type": "RIGHT-PERMISSION",
        "word": "CONSENT",
        "roles": {
          "LEX": "CONSENT",
          "WNSENSE": "consent%1:10:00::"
        },
        "start": 44,
        "end": 52
      },
      "root": "#V2625397"
    },
    {
      "V2624203": {
        "id": "V2624203",
        "indicator": "SPEECHACT",
        "type": "SA_REQUEST",
        "word": null,
        "roles": {
          "CONTENT": "#V2615566",
          "LEX": "DON"
        },
        "start": 0,
        "end": 7
      },
      "V2615566": {
        "id": "V2615566",
        "indicator": "F",
        "type": "PUT-ON",
        "word": "DON",
        "roles": {
          "AGENT": "#V2624199",
          "AFFECTED": "#V2615584",
          "TENSE": "PRES",
          "VFORM": "BASE",
          "LEX": "DON",
          "WNSENSE": "don%2:29:00::"
        },
        "start": 0,
        "end": 7
      },
      "V2624199": {
        "id": "V2624199",
        "indicator": "IMPRO",
        "type": "PERSON",
        "word": null,
        "roles": {
          "PROFORM": "*YOU*"
        },
        "start": 0,
        "end": 7
      },
      "V2615584": {
        "id": "V2615584",
        "indicator": "BARE",
        "type": "REFERENTIAL-SEM",
        "word": "^T",
        "roles": {
          "LEX": "^T",
          "WNSENSE": "entity%1:03:00"
        },
        "start": 4,
        "end": 7
      },
      "root": "#V2624203"
    },
    {
      "V2625394": {
        "id": "V2625394",
        "indicator": "SPEECHACT",
        "type": "SA_TELL",
        "word": null,
        "roles": {
          "PUNCTYPE": "DECL",
          "CONTENT": "#V2615595",
          "LEX": "TOUCH"
        },
        "start": 7,
        "end": 53
      },
      "V2615595": {
        "id": "V2615595",
        "indicator": "F",
        "type": "TOUCH",
        "word": "TOUCH",
        "roles": {
          "MOD": "#V2615638",
          "RESULT": "#V2615609",
          "AGENT": "#V2625395",
          "AFFECTED": "#V2615603",
          "FREQUENCY": "#V2615587",
          "TENSE": "PRES",
          "LEX": "TOUCH",
          "WNSENSE": "touch%1:04:00::"
        },
        "start": 7,
        "end": 52
      },
      "V2625395": {
        "id": "V2625395",
        "indicator": "IMPRO",
        "type": "REFERENTIAL-SEM",
        "word": null,
        "roles": {
          "PROFORM": "SUBJ"
        },
        "start": 7,
        "end": 52
      },
      "V2615587": {
        "id": "V2615587",
        "indicator": "F",
        "type": "FREQUENCY",
        "word": "EVER",
        "roles": {
          "FIGURE": "#V2615595",
          "LEX": "EVER",
          "WNSENSE": "ever%4:02:04::"
        },
        "start": 7,
        "end": 12
      },
      "V2615603": {
        "id": "V2615603",
        "indicator": "PRO",
        "type": "PERSON",
        "word": "SOMEONE",
        "roles": {
          "PROFORM": "SOMEONE",
          "LEX": "SOMEONE",
          "WNSENSE": "someone%1:03:00::"
        },
        "start": 18,
        "end": 26
      },
      "V2615609": {
        "id": "V2615609",
        "indicator": "F",
        "type": "SIMILAR",
        "word": "LIKE",
        "roles": {
          "GROUND": "#V2615701",
          "FIGURE": "#V2615603",
          "SCALE": "SIMILAR-SCALE",
          "LEX": "LIKE",
          "WNSENSE": "like%5:00:00:same:00"
        },
        "start": 26,
        "end": 36
      },
      "V2615701": {
        "id": "V2615701",
        "indicator": "THE",
        "type": "QUANTITY-ABSTR",
        "word": null,
        "roles": {
          "FIGURE": "#V2615630"
        },
        "start": 31,
        "end": 36
      },
      "V2615630": {
        "id": "V2615630",
        "indicator": "PRO",
        "type": "REFERENTIAL-SEM",
        "word": "THAT",
        "roles": {
          "PROFORM": "THAT",
          "LEX": "THAT",
          "WNSENSE": "entity%1:03:00"
        },
        "start": 31,
        "end": 36
      },
      "V2615638": {
        "id": "V2615638",
        "indicator": "F",
        "type": "WITHOUT",
        "word": "WITHOUT",
        "roles": {
          "GROUND": "#V2615651",
          "FIGURE": "#V2615595",
          "LEX": "WITHOUT"
        },
        "start": 36,
        "end": 52
      },
      "V2615651": {
        "id": "V2615651",
        "indicator": "BARE",
        "type": "RIGHT-PERMISSION",
        "word": "CONSENT",
        "roles": {
          "LEX": "CONSENT",
          "WNSENSE": "consent%1:10:00::"
        },
        "start": 44,
        "end": 52
      },
      "root": "#V2625394"
    },
    {
      "V2624203": {
        "id": "V2624203",
        "indicator": "SPEECHACT",
        "type": "SA_REQUEST",
        "word": null,
        "roles": {
          "CONTENT": "#V2615566",
          "LEX": "DON"
        },
        "start": 0,
        "end": 7
      },
      "V2615566": {
        "id": "V2615566",
        "indicator": "F",
        "type": "PUT-ON",
        "word": "DON",
        "roles": {
          "AGENT": "#V2624199",
          "AFFECTED": "#V2615584",
          "TENSE": "PRES",
          "VFORM": "BASE",
          "LEX": "DON",
          "WNSENSE": "don%2:29:00::"
        },
        "start": 0,
        "end": 7
      },
      "V2624199": {
        "id": "V2624199",
        "indicator": "IMPRO",
        "type": "PERSON",
        "word": null,
        "roles": {
          "PROFORM": "*YOU*"
        },
        "start": 0,
        "end": 7
      },
      "V2615584": {
        "id": "V2615584",
        "indicator": "BARE",
        "type": "REFERENTIAL-SEM",
        "word": "^T",
        "roles": {
          "LEX": "^T",
          "WNSENSE": "entity%1:03:00"
        },
        "start": 4,
        "end": 7
      },
      "root": "#V2624203"
    },
    {
      "V2625391": {
        "id": "V2625391",
        "indicator": "SPEECHACT",
        "type": "SA_TELL",
        "word": null,
        "roles": {
          "PUNCTYPE": "DECL",
          "CONTENT": "#V2615595",
          "LEX": "TOUCH"
        },
        "start": 7,
        "end": 53
      },
      "V2615595": {
        "id": "V2615595",
        "indicator": "F",
        "type": "TOUCH",
        "word": "TOUCH",
        "roles": {
          "FREQUENCY": "#V2615587",
          "RESULT": "#V2615609",
          "AGENT": "#V2625392",
          "AFFECTED": "#V2615603",
          "MOD": "#V2615638",
          "TENSE": "PRES",
          "LEX": "TOUCH",
          "WNSENSE": "touch%1:04:00::"
        },
        "start": 7,
        "end": 52
      },
      "V2625392": {
        "id": "V2625392",
        "indicator": "IMPRO",
        "type": "REFERENTIAL-SEM",
        "word": null,
        "roles": {
          "PROFORM": "SUBJ"
        },
        "start": 7,
        "end": 52
      },
      "V2615587": {
        "id": "V2615587",
        "indicator": "F",
        "type": "FREQUENCY",
        "word": "EVER",
        "roles": {
          "FIGURE": "#V2615595",
          "LEX": "EVER",
          "WNSENSE": "ever%4:02:04::"
        },
        "start": 7,
        "end": 12
      },
      "V2615603": {
        "id": "V2615603",
        "indicator": "PRO",
        "type": "PERSON",
        "word": "SOMEONE",
        "roles": {
          "PROFORM": "SOMEONE",
          "LEX": "SOMEONE",
          "WNSENSE": "someone%1:03:00::"
        },
        "start": 18,
        "end": 26
      },
      "V2615609": {
        "id": "V2615609",
        "indicator": "F",
        "type": "SIMILAR",
        "word": "LIKE",
        "roles": {
          "GROUND": "#V2615701",
          "FIGURE": "#V2615603",
          "SCALE": "SIMILAR-SCALE",
          "LEX": "LIKE",
          "WNSENSE": "like%5:00:00:same:00"
        },
        "start": 26,
        "end": 36
      },
      "V2615701": {
        "id": "V2615701",
        "indicator": "THE",
        "type": "QUANTITY-ABSTR",
        "word": null,
        "roles": {
          "FIGURE": "#V2615630"
        },
        "start": 31,
        "end": 36
      },
      "V2615630": {
        "id": "V2615630",
        "indicator": "PRO",
        "type": "REFERENTIAL-SEM",
        "word": "THAT",
        "roles": {
          "PROFORM": "THAT",
          "LEX": "THAT",
          "WNSENSE": "entity%1:03:00"
        },
        "start": 31,
        "end": 36
      },
      "V2615638": {
        "id": "V2615638",
        "indicator": "F",
        "type": "WITHOUT",
        "word": "WITHOUT",
        "roles": {
          "GROUND": "#V2615649",
          "FIGURE": "#V2615595",
          "LEX": "WITHOUT"
        },
        "start": 36,
        "end": 52
      },
      "V2615649": {
        "id": "V2615649",
        "indicator": "BARE",
        "type": "RIGHT-PERMISSION",
        "word": "CONSENT",
        "roles": {
          "LEX": "CONSENT",
          "WNSENSE": "consent%1:10:00::"
        },
        "start": 44,
        "end": 52
      },
      "root": "#V2625391"
    },
    {
      "V2624203": {
        "id": "V2624203",
        "indicator": "SPEECHACT",
        "type": "SA_REQUEST",
        "word": null,
        "roles": {
          "CONTENT": "#V2615566",
          "LEX": "DON"
        },
        "start": 0,
        "end": 7
      },
      "V2615566": {
        "id": "V2615566",
        "indicator": "F",
        "type": "PUT-ON",
        "word": "DON",
        "roles": {
          "AGENT": "#V2624199",
          "AFFECTED": "#V2615584",
          "TENSE": "PRES",
          "VFORM": "BASE",
          "LEX": "DON",
          "WNSENSE": "don%2:29:00::"
        },
        "start": 0,
        "end": 7
      },
      "V2624199": {
        "id": "V2624199",
        "indicator": "IMPRO",
        "type": "PERSON",
        "word": null,
        "roles": {
          "PROFORM": "*YOU*"
        },
        "start": 0,
        "end": 7
      },
      "V2615584": {
        "id": "V2615584",
        "indicator": "BARE",
        "type": "REFERENTIAL-SEM",
        "word": "^T",
        "roles": {
          "LEX": "^T",
          "WNSENSE": "entity%1:03:00"
        },
        "start": 4,
        "end": 7
      },
      "root": "#V2624203"
    },
    {
      "V2625388": {
        "id": "V2625388",
        "indicator": "SPEECHACT",
        "type": "SA_TELL",
        "word": null,
        "roles": {
          "PUNCTYPE": "DECL",
          "CONTENT": "#V2615595",
          "LEX": "TOUCH"
        },
        "start": 7,
        "end": 53
      },
      "V2615595": {
        "id": "V2615595",
        "indicator": "F",
        "type": "TOUCH",
        "word": "TOUCH",
        "roles": {
          "FREQUENCY": "#V2615587",
          "RESULT": "#V2615609",
          "AGENT": "#V2625389",
          "AFFECTED": "#V2615603",
          "MOD": "#V2615638",
          "TENSE": "PRES",
          "LEX": "TOUCH",
          "WNSENSE": "touch%1:04:00::"
        },
        "start": 7,
        "end": 52
      },
      "V2625389": {
        "id": "V2625389",
        "indicator": "IMPRO",
        "type": "REFERENTIAL-SEM",
        "word": null,
        "roles": {
          "PROFORM": "SUBJ"
        },
        "start": 7,
        "end": 52
      },
      "V2615587": {
        "id": "V2615587",
        "indicator": "F",
        "type": "FREQUENCY",
        "word": "EVER",
        "roles": {
          "FIGURE": "#V2615595",
          "LEX": "EVER",
          "WNSENSE": "ever%4:02:04::"
        },
        "start": 7,
        "end": 12
      },
      "V2615603": {
        "id": "V2615603",
        "indicator": "PRO",
        "type": "PERSON",
        "word": "SOMEONE",
        "roles": {
          "PROFORM": "SOMEONE",
          "LEX": "SOMEONE",
          "WNSENSE": "someone%1:03:00::"
        },
        "start": 18,
        "end": 26
      },
      "V2615609": {
        "id": "V2615609",
        "indicator": "F",
        "type": "SIMILAR",
        "word": "LIKE",
        "roles": {
          "GROUND": "#V2615701",
          "FIGURE": "#V2615603",
          "SCALE": "SIMILAR-SCALE",
          "LEX": "LIKE",
          "WNSENSE": "like%5:00:00:same:00"
        },
        "start": 26,
        "end": 36
      },
      "V2615701": {
        "id": "V2615701",
        "indicator": "THE",
        "type": "QUANTITY-ABSTR",
        "word": null,
        "roles": {
          "FIGURE": "#V2615630"
        },
        "start": 31,
        "end": 36
      },
      "V2615630": {
        "id": "V2615630",
        "indicator": "PRO",
        "type": "REFERENTIAL-SEM",
        "word": "THAT",
        "roles": {
          "PROFORM": "THAT",
          "LEX": "THAT",
          "WNSENSE": "entity%1:03:00"
        },
        "start": 31,
        "end": 36
      },
      "V2615638": {
        "id": "V2615638",
        "indicator": "F",
        "type": "WITHOUT",
        "word": "WITHOUT",
        "roles": {
          "GROUND": "#V2615651",
          "FIGURE": "#V2615595",
          "LEX": "WITHOUT"
        },
        "start": 36,
        "end": 52
      },
      "V2615651": {
        "id": "V2615651",
        "indicator": "BARE",
        "type": "RIGHT-PERMISSION",
        "word": "CONSENT",
        "roles": {
          "LEX": "CONSENT",
          "WNSENSE": "consent%1:10:00::"
        },
        "start": 44,
        "end": 52
      },
      "root": "#V2625388"
    },
    {
      "V2624203": {
        "id": "V2624203",
        "indicator": "SPEECHACT",
        "type": "SA_REQUEST",
        "word": null,
        "roles": {
          "CONTENT": "#V2615566",
          "LEX": "DON"
        },
        "start": 0,
        "end": 7
      },
      "V2615566": {
        "id": "V2615566",
        "indicator": "F",
        "type": "PUT-ON",
        "word": "DON",
        "roles": {
          "AGENT": "#V2624199",
          "AFFECTED": "#V2615584",
          "TENSE": "PRES",
          "VFORM": "BASE",
          "LEX": "DON",
          "WNSENSE": "don%2:29:00::"
        },
        "start": 0,
        "end": 7
      },
      "V2624199": {
        "id": "V2624199",
        "indicator": "IMPRO",
        "type": "PERSON",
        "word": null,
        "roles": {
          "PROFORM": "*YOU*"
        },
        "start": 0,
        "end": 7
      },
      "V2615584": {
        "id": "V2615584",
        "indicator": "BARE",
        "type": "REFERENTIAL-SEM",
        "word": "^T",
        "roles": {
          "LEX": "^T",
          "WNSENSE": "entity%1:03:00"
        },
        "start": 4,
        "end": 7
      },
      "root": "#V2624203"
    },
    {
      "V2625409": {
        "id": "V2625409",
        "indicator": "SPEECHACT",
        "type": "SA_TELL",
        "word": null,
        "roles": {
          "PUNCTYPE": "DECL",
          "CONTENT": "#V2615595",
          "LEX": "TOUCH"
        },
        "start": 7,
        "end": 53
      },
      "V2615595": {
        "id": "V2615595",
        "indicator": "F",
        "type": "TOUCH",
        "word": "TOUCH",
        "roles": {
          "MOD": "#V2615638",
          "RESULT": "#V2615609",
          "AGENT": "#V2625410",
          "AFFECTED": "#V2615603",
          "FREQUENCY": "#V2615587",
          "TENSE": "PRES",
          "LEX": "TOUCH",
          "WNSENSE": "touch%1:04:00::"
        },
        "start": 7,
        "end": 52
      },
      "V2625410": {
        "id": "V2625410",
        "indicator": "IMPRO",
        "type": "REFERENTIAL-SEM",
        "word": null,
        "roles": {
          "PROFORM": "SUBJ"
        },
        "start": 7,
        "end": 52
      },
      "V2615587": {
        "id": "V2615587",
        "indicator": "F",
        "type": "FREQUENCY",
        "word": "EVER",
        "roles": {
          "FIGURE": "#V2615595",
          "LEX": "EVER",
          "WNSENSE": "ever%4:02:04::"
        },
        "start": 7,
        "end": 12
      },
      "V2615603": {
        "id": "V2615603",
        "indicator": "PRO",
        "type": "PERSON",
        "word": "SOMEONE",
        "roles": {
          "PROFORM": "SOMEONE",
          "LEX": "SOMEONE",
          "WNSENSE": "someone%1:03:00::"
        },
        "start": 18,
        "end": 26
      },
      "V2615609": {
        "id": "V2615609",
        "indicator": "F",
        "type": "SIMILAR",
        "word": "LIKE",
        "roles": {
          "GROUND": "#V2615701",
          "FIGURE": "#V2615603",
          "SCALE": "SIMILAR-SCALE",
          "LEX": "LIKE",
          "WNSENSE": "like%5:00:00:same:00"
        },
        "start": 26,
        "end": 36
      },
      "V2615701": {
        "id": "V2615701",
        "indicator": "THE",
        "type": "QUANTITY-ABSTR",
        "word": null,
        "roles": {
          "FIGURE": "#V2615630"
        },
        "start": 31,
        "end": 36
      },
      "V2615630": {
        "id": "V2615630",
        "indicator": "PRO",
        "type": "REFERENTIAL-SEM",
        "word": "THAT",
        "roles": {
          "PROFORM": "THAT",
          "LEX": "THAT",
          "WNSENSE": "entity%1:03:00"
        },
        "start": 31,
        "end": 36
      },
      "V2615638": {
        "id": "V2615638",
        "indicator": "F",
        "type": "WITHOUT",
        "word": "WITHOUT",
        "roles": {
          "GROUND": "#V2615841",
          "FIGURE": "#V2615595",
          "LEX": "WITHOUT"
        },
        "start": 36,
        "end": 52
      },
      "V2615841": {
        "id": "V2615841",
        "indicator": "THE",
        "type": "QUANTITY-ABSTR",
        "word": null,
        "roles": {
          "FIGURE": "#V2615649"
        },
        "start": 44,
        "end": 52
      },
      "V2615649": {
        "id": "V2615649",
        "indicator": "BARE",
        "type": "RIGHT-PERMISSION",
        "word": "CONSENT",
        "roles": {
          "LEX": "CONSENT",
          "WNSENSE": "consent%1:10:00::"
        },
        "start": 44,
        "end": 52
      },
      "root": "#V2625409"
    },
    {
      "V2624203": {
        "id": "V2624203",
        "indicator": "SPEECHACT",
        "type": "SA_REQUEST",
        "word": null,
        "roles": {
          "CONTENT": "#V2615566",
          "LEX": "DON"
        },
        "start": 0,
        "end": 7
      },
      "V2615566": {
        "id": "V2615566",
        "indicator": "F",
        "type": "PUT-ON",
        "word": "DON",
        "roles": {
          "AGENT": "#V2624199",
          "AFFECTED": "#V2615584",
          "TENSE": "PRES",
          "VFORM": "BASE",
          "LEX": "DON",
          "WNSENSE": "don%2:29:00::"
        },
        "start": 0,
        "end": 7
      },
      "V2624199": {
        "id": "V2624199",
        "indicator": "IMPRO",
        "type": "PERSON",
        "word": null,
        "roles": {
          "PROFORM": "*YOU*"
        },
        "start": 0,
        "end": 7
      },
      "V2615584": {
        "id": "V2615584",
        "indicator": "BARE",
        "type": "REFERENTIAL-SEM",
        "word": "^T",
        "roles": {
          "LEX": "^T",
          "WNSENSE": "entity%1:03:00"
        },
        "start": 4,
        "end": 7
      },
      "root": "#V2624203"
    },
    {
      "V2625406": {
        "id": "V2625406",
        "indicator": "SPEECHACT",
        "type": "SA_TELL",
        "word": null,
        "roles": {
          "PUNCTYPE": "DECL",
          "CONTENT": "#V2615595",
          "LEX": "TOUCH"
        },
        "start": 7,
        "end": 53
      },
      "V2615595": {
        "id": "V2615595",
        "indicator": "F",
        "type": "TOUCH",
        "word": "TOUCH",
        "roles": {
          "MOD": "#V2615638",
          "RESULT": "#V2615609",
          "AGENT": "#V2625407",
          "AFFECTED": "#V2615603",
          "FREQUENCY": "#V2615587",
          "TENSE": "PRES",
          "LEX": "TOUCH",
          "WNSENSE": "touch%1:04:00::"
        },
        "start": 7,
        "end": 52
      },
      "V2625407": {
        "id": "V2625407",
        "indicator": "IMPRO",
        "type": "REFERENTIAL-SEM",
        "word": null,
        "roles": {
          "PROFORM": "SUBJ"
        },
        "start": 7,
        "end": 52
      },
      "V2615587": {
        "id": "V2615587",
        "indicator": "F",
        "type": "FREQUENCY",
        "word": "EVER",
        "roles": {
          "FIGURE": "#V2615595",
          "LEX": "EVER",
          "WNSENSE": "ever%4:02:04::"
        },
        "start": 7,
        "end": 12
      },
      "V2615603": {
        "id": "V2615603",
        "indicator": "PRO",
        "type": "PERSON",
        "word": "SOMEONE",
        "roles": {
          "PROFORM": "SOMEONE",
          "LEX": "SOMEONE",
          "WNSENSE": "someone%1:03:00::"
        },
        "start": 18,
        "end": 26
      },
      "V2615609": {
        "id": "V2615609",
        "indicator": "F",
        "type": "SIMILAR",
        "word": "LIKE",
        "roles": {
          "GROUND": "#V2615701",
          "FIGURE": "#V2615603",
          "SCALE": "SIMILAR-SCALE",
          "LEX": "LIKE",
          "WNSENSE": "like%5:00:00:same:00"
        },
        "start": 26,
        "end": 36
      },
      "V2615701": {
        "id": "V2615701",
        "indicator": "THE",
        "type": "QUANTITY-ABSTR",
        "word": null,
        "roles": {
          "FIGURE": "#V2615630"
        },
        "start": 31,
        "end": 36
      },
      "V2615630": {
        "id": "V2615630",
        "indicator": "PRO",
        "type": "REFERENTIAL-SEM",
        "word": "THAT",
        "roles": {
          "PROFORM": "THAT",
          "LEX": "THAT",
          "WNSENSE": "entity%1:03:00"
        },
        "start": 31,
        "end": 36
      },
      "V2615638": {
        "id": "V2615638",
        "indicator": "F",
        "type": "WITHOUT",
        "word": "WITHOUT",
        "roles": {
          "GROUND": "#V2615845",
          "FIGURE": "#V2615595",
          "LEX": "WITHOUT"
        },
        "start": 36,
        "end": 52
      },
      "V2615845": {
        "id": "V2615845",
        "indicator": "THE",
        "type": "QUANTITY-ABSTR",
        "word": null,
        "roles": {
          "FIGURE": "#V2615651"
        },
        "start": 44,
        "end": 52
      },
      "V2615651": {
        "id": "V2615651",
        "indicator": "BARE",
        "type": "RIGHT-PERMISSION",
        "word": "CONSENT",
        "roles": {
          "LEX": "CONSENT",
          "WNSENSE": "consent%1:10:00::"
        },
        "start": 44,
        "end": 52
      },
      "root": "#V2625406"
    },
    {
      "V2624203": {
        "id": "V2624203",
        "indicator": "SPEECHACT",
        "type": "SA_REQUEST",
        "word": null,
        "roles": {
          "CONTENT": "#V2615566",
          "LEX": "DON"
        },
        "start": 0,
        "end": 7
      },
      "V2615566": {
        "id": "V2615566",
        "indicator": "F",
        "type": "PUT-ON",
        "word": "DON",
        "roles": {
          "AGENT": "#V2624199",
          "AFFECTED": "#V2615584",
          "TENSE": "PRES",
          "VFORM": "BASE",
          "LEX": "DON",
          "WNSENSE": "don%2:29:00::"
        },
        "start": 0,
        "end": 7
      },
      "V2624199": {
        "id": "V2624199",
        "indicator": "IMPRO",
        "type": "PERSON",
        "word": null,
        "roles": {
          "PROFORM": "*YOU*"
        },
        "start": 0,
        "end": 7
      },
      "V2615584": {
        "id": "V2615584",
        "indicator": "BARE",
        "type": "REFERENTIAL-SEM",
        "word": "^T",
        "roles": {
          "LEX": "^T",
          "WNSENSE": "entity%1:03:00"
        },
        "start": 4,
        "end": 7
      },
      "root": "#V2624203"
    },
    {
      "V2625403": {
        "id": "V2625403",
        "indicator": "SPEECHACT",
        "type": "SA_TELL",
        "word": null,
        "roles": {
          "PUNCTYPE": "DECL",
          "CONTENT": "#V2615595",
          "LEX": "TOUCH"
        },
        "start": 7,
        "end": 53
      },
      "V2615595": {
        "id": "V2615595",
        "indicator": "F",
        "type": "TOUCH",
        "word": "TOUCH",
        "roles": {
          "FREQUENCY": "#V2615587",
          "RESULT": "#V2615609",
          "AGENT": "#V2625404",
          "AFFECTED": "#V2615603",
          "MOD": "#V2615638",
          "TENSE": "PRES",
          "LEX": "TOUCH",
          "WNSENSE": "touch%1:04:00::"
        },
        "start": 7,
        "end": 52
      },
      "V2625404": {
        "id": "V2625404",
        "indicator": "IMPRO",
        "type": "REFERENTIAL-SEM",
        "word": null,
        "roles": {
          "PROFORM": "SUBJ"
        },
        "start": 7,
        "end": 52
      },
      "V2615587": {
        "id": "V2615587",
        "indicator": "F",
        "type": "FREQUENCY",
        "word": "EVER",
        "roles": {
          "FIGURE": "#V2615595",
          "LEX": "EVER",
          "WNSENSE": "ever%4:02:04::"
        },
        "start": 7,
        "end": 12
      },
      "V2615603": {
        "id": "V2615603",
        "indicator": "PRO",
        "type": "PERSON",
        "word": "SOMEONE",
        "roles": {
          "PROFORM": "SOMEONE",
          "LEX": "SOMEONE",
          "WNSENSE": "someone%1:03:00::"
        },
        "start": 18,
        "end": 26
      },
      "V2615609": {
        "id": "V2615609",
        "indicator": "F",
        "type": "SIMILAR",
        "word": "LIKE",
        "roles": {
          "GROUND": "#V2615701",
          "FIGURE": "#V2615603",
          "SCALE": "SIMILAR-SCALE",
          "LEX": "LIKE",
          "WNSENSE": "like%5:00:00:same:00"
        },
        "start": 26,
        "end": 36
      },
      "V2615701": {
        "id": "V2615701",
        "indicator": "THE",
        "type": "QUANTITY-ABSTR",
        "word": null,
        "roles": {
          "FIGURE": "#V2615630"
        },
        "start": 31,
        "end": 36
      },
      "V2615630": {
        "id": "V2615630",
        "indicator": "PRO",
        "type": "REFERENTIAL-SEM",
        "word": "THAT",
        "roles": {
          "PROFORM": "THAT",
          "LEX": "THAT",
          "WNSENSE": "entity%1:03:00"
        },
        "start": 31,
        "end": 36
      },
      "V2615638": {
        "id": "V2615638",
        "indicator": "F",
        "type": "WITHOUT",
        "word": "WITHOUT",
        "roles": {
          "GROUND": "#V2615841",
          "FIGURE": "#V2615595",
          "LEX": "WITHOUT"
        },
        "start": 36,
        "end": 52
      },
      "V2615841": {
        "id": "V2615841",
        "indicator": "THE",
        "type": "QUANTITY-ABSTR",
        "word": null,
        "roles": {
          "FIGURE": "#V2615649"
        },
        "start": 44,
        "end": 52
      },
      "V2615649": {
        "id": "V2615649",
        "indicator": "BARE",
        "type": "RIGHT-PERMISSION",
        "word": "CONSENT",
        "roles": {
          "LEX": "CONSENT",
          "WNSENSE": "consent%1:10:00::"
        },
        "start": 44,
        "end": 52
      },
      "root": "#V2625403"
    },
    {
      "V2624203": {
        "id": "V2624203",
        "indicator": "SPEECHACT",
        "type": "SA_REQUEST",
        "word": null,
        "roles": {
          "CONTENT": "#V2615566",
          "LEX": "DON"
        },
        "start": 0,
        "end": 7
      },
      "V2615566": {
        "id": "V2615566",
        "indicator": "F",
        "type": "PUT-ON",
        "word": "DON",
        "roles": {
          "AGENT": "#V2624199",
          "AFFECTED": "#V2615584",
          "TENSE": "PRES",
          "VFORM": "BASE",
          "LEX": "DON",
          "WNSENSE": "don%2:29:00::"
        },
        "start": 0,
        "end": 7
      },
      "V2624199": {
        "id": "V2624199",
        "indicator": "IMPRO",
        "type": "PERSON",
        "word": null,
        "roles": {
          "PROFORM": "*YOU*"
        },
        "start": 0,
        "end": 7
      },
      "V2615584": {
        "id": "V2615584",
        "indicator": "BARE",
        "type": "REFERENTIAL-SEM",
        "word": "^T",
        "roles": {
          "LEX": "^T",
          "WNSENSE": "entity%1:03:00"
        },
        "start": 4,
        "end": 7
      },
      "root": "#V2624203"
    },
    {
      "V2625400": {
        "id": "V2625400",
        "indicator": "SPEECHACT",
        "type": "SA_TELL",
        "word": null,
        "roles": {
          "PUNCTYPE": "DECL",
          "CONTENT": "#V2615595",
          "LEX": "TOUCH"
        },
        "start": 7,
        "end": 53
      },
      "V2615595": {
        "id": "V2615595",
        "indicator": "F",
        "type": "TOUCH",
        "word": "TOUCH",
        "roles": {
          "FREQUENCY": "#V2615587",
          "RESULT": "#V2615609",
          "AGENT": "#V2625401",
          "AFFECTED": "#V2615603",
          "MOD": "#V2615638",
          "TENSE": "PRES",
          "LEX": "TOUCH",
          "WNSENSE": "touch%1:04:00::"
        },
        "start": 7,
        "end": 52
      },
      "V2625401": {
        "id": "V2625401",
        "indicator": "IMPRO",
        "type": "REFERENTIAL-SEM",
        "word": null,
        "roles": {
          "PROFORM": "SUBJ"
        },
        "start": 7,
        "end": 52
      },
      "V2615587": {
        "id": "V2615587",
        "indicator": "F",
        "type": "FREQUENCY",
        "word": "EVER",
        "roles": {
          "FIGURE": "#V2615595",
          "LEX": "EVER",
          "WNSENSE": "ever%4:02:04::"
        },
        "start": 7,
        "end": 12
      },
      "V2615603": {
        "id": "V2615603",
        "indicator": "PRO",
        "type": "PERSON",
        "word": "SOMEONE",
        "roles": {
          "PROFORM": "SOMEONE",
          "LEX": "SOMEONE",
          "WNSENSE": "someone%1:03:00::"
        },
        "start": 18,
        "end": 26
      },
      "V2615609": {
        "id": "V2615609",
        "indicator": "F",
        "type": "SIMILAR",
        "word": "LIKE",
        "roles": {
          "GROUND": "#V2615701",
          "FIGURE": "#V2615603",
          "SCALE": "SIMILAR-SCALE",
          "LEX": "LIKE",
          "WNSENSE": "like%5:00:00:same:00"
        },
        "start": 26,
        "end": 36
      },
      "V2615701": {
        "id": "V2615701",
        "indicator": "THE",
        "type": "QUANTITY-ABSTR",
        "word": null,
        "roles": {
          "FIGURE": "#V2615630"
        },
        "start": 31,
        "end": 36
      },
      "V2615630": {
        "id": "V2615630",
        "indicator": "PRO",
        "type": "REFERENTIAL-SEM",
        "word": "THAT",
        "roles": {
          "PROFORM": "THAT",
          "LEX": "THAT",
          "WNSENSE": "entity%1:03:00"
        },
        "start": 31,
        "end": 36
      },
      "V2615638": {
        "id": "V2615638",
        "indicator": "F",
        "type": "WITHOUT",
        "word": "WITHOUT",
        "roles": {
          "GROUND": "#V2615845",
          "FIGURE": "#V2615595",
          "LEX": "WITHOUT"
        },
        "start": 36,
        "end": 52
      },
      "V2615845": {
        "id": "V2615845",
        "indicator": "THE",
        "type": "QUANTITY-ABSTR",
        "word": null,
        "roles": {
          "FIGURE": "#V2615651"
        },
        "start": 44,
        "end": 52
      },
      "V2615651": {
        "id": "V2615651",
        "indicator": "BARE",
        "type": "RIGHT-PERMISSION",
        "word": "CONSENT",
        "roles": {
          "LEX": "CONSENT",
          "WNSENSE": "consent%1:10:00::"
        },
        "start": 44,
        "end": 52
      },
      "root": "#V2625400"
    },
    {
      "V2624203": {
        "id": "V2624203",
        "indicator": "SPEECHACT",
        "type": "SA_REQUEST",
        "word": null,
        "roles": {
          "CONTENT": "#V2615566",
          "LEX": "DON"
        },
        "start": 0,
        "end": 7
      },
      "V2615566": {
        "id": "V2615566",
        "indicator": "F",
        "type": "PUT-ON",
        "word": "DON",
        "roles": {
          "AGENT": "#V2624199",
          "AFFECTED": "#V2615584",
          "TENSE": "PRES",
          "VFORM": "BASE",
          "LEX": "DON",
          "WNSENSE": "don%2:29:00::"
        },
        "start": 0,
        "end": 7
      },
      "V2624199": {
        "id": "V2624199",
        "indicator": "IMPRO",
        "type": "PERSON",
        "word": null,
        "roles": {
          "PROFORM": "*YOU*"
        },
        "start": 0,
        "end": 7
      },
      "V2615584": {
        "id": "V2615584",
        "indicator": "BARE",
        "type": "REFERENTIAL-SEM",
        "word": "^T",
        "roles": {
          "LEX": "^T",
          "WNSENSE": "entity%1:03:00"
        },
        "start": 4,
        "end": 7
      },
      "root": "#V2624203"
    },
    {
      "V2625517": {
        "id": "V2625517",
        "indicator": "SPEECHACT",
        "type": "SA_TELL",
        "word": null,
        "roles": {
          "PUNCTYPE": "DECL",
          "CONTENT": "#V2615595",
          "LEX": "TOUCH"
        },
        "start": 7,
        "end": 53
      },
      "V2615595": {
        "id": "V2615595",
        "indicator": "F",
        "type": "TOUCH",
        "word": "TOUCH",
        "roles": {
          "MOD": "#V2615638",
          "RESULT": "#V2615609",
          "AGENT": "#V2625518",
          "AFFECTED": "#V2615603",
          "FREQUENCY": "#V2615587",
          "TENSE": "PRES",
          "LEX": "TOUCH",
          "WNSENSE": "touch%1:04:00::"
        },
        "start": 7,
        "end": 52
      },
      "V2625518": {
        "id": "V2625518",
        "indicator": "IMPRO",
        "type": "REFERENTIAL-SEM",
        "word": null,
        "roles": {
          "PROFORM": "SUBJ"
        },
        "start": 7,
        "end": 52
      },
      "V2615587": {
        "id": "V2615587",
        "indicator": "F",
        "type": "FREQUENCY",
        "word": "EVER",
        "roles": {
          "FIGURE": "#V2615595",
          "LEX": "EVER",
          "WNSENSE": "ever%4:02:04::"
        },
        "start": 7,
        "end": 12
      },
      "V2615603": {
        "id": "V2615603",
        "indicator": "PRO",
        "type": "PERSON",
        "word": "SOMEONE",
        "roles": {
          "PROFORM": "SOMEONE",
          "LEX": "SOMEONE",
          "WNSENSE": "someone%1:03:00::"
        },
        "start": 18,
        "end": 26
      },
      "V2615609": {
        "id": "V2615609",
        "indicator": "F",
        "type": "SIMILAR",
        "word": "LIKE",
        "roles": {
          "GROUND": "#V2615630",
          "FIGURE": "#V2615603",
          "SCALE": "SIMILAR-SCALE",
          "LEX": "LIKE",
          "WNSENSE": "like%5:00:00:same:00"
        },
        "start": 26,
        "end": 36
      },
      "V2615630": {
        "id": "V2615630",
        "indicator": "PRO",
        "type": "REFERENTIAL-SEM",
        "word": "THAT",
        "roles": {
          "PROFORM": "THAT",
          "LEX": "THAT",
          "WNSENSE": "entity%1:03:00"
        },
        "start": 31,
        "end": 36
      },
      "V2615638": {
        "id": "V2615638",
        "indicator": "F",
        "type": "WITHOUT",
        "word": "WITHOUT",
        "roles": {
          "GROUND": "#V2615913",
          "FIGURE": "#V2615595",
          "LEX": "WITHOUT"
        },
        "start": 36,
        "end": 52
      },
      "V2615913": {
        "id": "V2615913",
        "indicator": "THE",
        "type": "QUANTITY-ABSTR",
        "word": null,
        "roles": {
          "FIGURE": "#V2615647"
        },
        "start": 44,
        "end": 52
      },
      "V2615647": {
        "id": "V2615647",
        "indicator": "BARE",
        "type": "RIGHT-PERMISSION",
        "word": "CONSENT",
        "roles": {
          "LEX": "CONSENT",
          "WNSENSE": "consent%1:10:00::"
        },
        "start": 44,
        "end": 52
      },
      "root": "#V2625517"
    },
    {
      "V2624203": {
        "id": "V2624203",
        "indicator": "SPEECHACT",
        "type": "SA_REQUEST",
        "word": null,
        "roles": {
          "CONTENT": "#V2615566",
          "LEX": "DON"
        },
        "start": 0,
        "end": 7
      },
      "V2615566": {
        "id": "V2615566",
        "indicator": "F",
        "type": "PUT-ON",
        "word": "DON",
        "roles": {
          "AGENT": "#V2624199",
          "AFFECTED": "#V2615584",
          "TENSE": "PRES",
          "VFORM": "BASE",
          "LEX": "DON",
          "WNSENSE": "don%2:29:00::"
        },
        "start": 0,
        "end": 7
      },
      "V2624199": {
        "id": "V2624199",
        "indicator": "IMPRO",
        "type": "PERSON",
        "word": null,
        "roles": {
          "PROFORM": "*YOU*"
        },
        "start": 0,
        "end": 7
      },
      "V2615584": {
        "id": "V2615584",
        "indicator": "BARE",
        "type": "REFERENTIAL-SEM",
        "word": "^T",
        "roles": {
          "LEX": "^T",
          "WNSENSE": "entity%1:03:00"
        },
        "start": 4,
        "end": 7
      },
      "root": "#V2624203"
    },
    {
      "V2625514": {
        "id": "V2625514",
        "indicator": "SPEECHACT",
        "type": "SA_TELL",
        "word": null,
        "roles": {
          "PUNCTYPE": "DECL",
          "CONTENT": "#V2615595",
          "LEX": "TOUCH"
        },
        "start": 7,
        "end": 53
      },
      "V2615595": {
        "id": "V2615595",
        "indicator": "F",
        "type": "TOUCH",
        "word": "TOUCH",
        "roles": {
          "FREQUENCY": "#V2615587",
          "RESULT": "#V2615609",
          "AGENT": "#V2625515",
          "AFFECTED": "#V2615603",
          "MOD": "#V2615638",
          "TENSE": "PRES",
          "LEX": "TOUCH",
          "WNSENSE": "touch%1:04:00::"
        },
        "start": 7,
        "end": 52
      },
      "V2625515": {
        "id": "V2625515",
        "indicator": "IMPRO",
        "type": "REFERENTIAL-SEM",
        "word": null,
        "roles": {
          "PROFORM": "SUBJ"
        },
        "start": 7,
        "end": 52
      },
      "V2615587": {
        "id": "V2615587",
        "indicator": "F",
        "type": "FREQUENCY",
        "word": "EVER",
        "roles": {
          "FIGURE": "#V2615595",
          "LEX": "EVER",
          "WNSENSE": "ever%4:02:04::"
        },
        "start": 7,
        "end": 12
      },
      "V2615603": {
        "id": "V2615603",
        "indicator": "PRO",
        "type": "PERSON",
        "word": "SOMEONE",
        "roles": {
          "PROFORM": "SOMEONE",
          "LEX": "SOMEONE",
          "WNSENSE": "someone%1:03:00::"
        },
        "start": 18,
        "end": 26
      },
      "V2615609": {
        "id": "V2615609",
        "indicator": "F",
        "type": "SIMILAR",
        "word": "LIKE",
        "roles": {
          "GROUND": "#V2615630",
          "FIGURE": "#V2615603",
          "SCALE": "SIMILAR-SCALE",
          "LEX": "LIKE",
          "WNSENSE": "like%5:00:00:same:00"
        },
        "start": 26,
        "end": 36
      },
      "V2615630": {
        "id": "V2615630",
        "indicator": "PRO",
        "type": "REFERENTIAL-SEM",
        "word": "THAT",
        "roles": {
          "PROFORM": "THAT",
          "LEX": "THAT",
          "WNSENSE": "entity%1:03:00"
        },
        "start": 31,
        "end": 36
      },
      "V2615638": {
        "id": "V2615638",
        "indicator": "F",
        "type": "WITHOUT",
        "word": "WITHOUT",
        "roles": {
          "GROUND": "#V2615913",
          "FIGURE": "#V2615595",
          "LEX": "WITHOUT"
        },
        "start": 36,
        "end": 52
      },
      "V2615913": {
        "id": "V2615913",
        "indicator": "THE",
        "type": "QUANTITY-ABSTR",
        "word": null,
        "roles": {
          "FIGURE": "#V2615647"
        },
        "start": 44,
        "end": 52
      },
      "V2615647": {
        "id": "V2615647",
        "indicator": "BARE",
        "type": "RIGHT-PERMISSION",
        "word": "CONSENT",
        "roles": {
          "LEX": "CONSENT",
          "WNSENSE": "consent%1:10:00::"
        },
        "start": 44,
        "end": 52
      },
      "root": "#V2625514"
    },
    {
      "V2624203": {
        "id": "V2624203",
        "indicator": "SPEECHACT",
        "type": "SA_REQUEST",
        "word": null,
        "roles": {
          "CONTENT": "#V2615566",
          "LEX": "DON"
        },
        "start": 0,
        "end": 7
      },
      "V2615566": {
        "id": "V2615566",
        "indicator": "F",
        "type": "PUT-ON",
        "word": "DON",
        "roles": {
          "AGENT": "#V2624199",
          "AFFECTED": "#V2615584",
          "TENSE": "PRES",
          "VFORM": "BASE",
          "LEX": "DON",
          "WNSENSE": "don%2:29:00::"
        },
        "start": 0,
        "end": 7
      },
      "V2624199": {
        "id": "V2624199",
        "indicator": "IMPRO",
        "type": "PERSON",
        "word": null,
        "roles": {
          "PROFORM": "*YOU*"
        },
        "start": 0,
        "end": 7
      },
      "V2615584": {
        "id": "V2615584",
        "indicator": "BARE",
        "type": "REFERENTIAL-SEM",
        "word": "^T",
        "roles": {
          "LEX": "^T",
          "WNSENSE": "entity%1:03:00"
        },
        "start": 4,
        "end": 7
      },
      "root": "#V2624203"
    },
    {
      "V2625615": {
        "id": "V2625615",
        "indicator": "SPEECHACT",
        "type": "SA_TELL",
        "word": null,
        "roles": {
          "PUNCTYPE": "DECL",
          "CONTENT": "#V2615595",
          "LEX": "TOUCH"
        },
        "start": 7,
        "end": 53
      },
      "V2615595": {
        "id": "V2615595",
        "indicator": "F",
        "type": "TOUCH",
        "word": "TOUCH",
        "roles": {
          "MOD": "#V2615638",
          "RESULT": "#V2615609",
          "AGENT": "#V2625616",
          "AFFECTED": "#V2615603",
          "FREQUENCY": "#V2615587",
          "TENSE": "PRES",
          "LEX": "TOUCH",
          "WNSENSE": "touch%1:04:00::"
        },
        "start": 7,
        "end": 52
      },
      "V2625616": {
        "id": "V2625616",
        "indicator": "IMPRO",
        "type": "REFERENTIAL-SEM",
        "word": null,
        "roles": {
          "PROFORM": "SUBJ"
        },
        "start": 7,
        "end": 52
      },
      "V2615587": {
        "id": "V2615587",
        "indicator": "F",
        "type": "FREQUENCY",
        "word": "EVER",
        "roles": {
          "FIGURE": "#V2615595",
          "LEX": "EVER",
          "WNSENSE": "ever%4:02:04::"
        },
        "start": 7,
        "end": 12
      },
      "V2615603": {
        "id": "V2615603",
        "indicator": "PRO",
        "type": "PERSON",
        "word": "SOMEONE",
        "roles": {
          "PROFORM": "SOMEONE",
          "LEX": "SOMEONE",
          "WNSENSE": "someone%1:03:00::"
        },
        "start": 18,
        "end": 26
      },
      "V2615609": {
        "id": "V2615609",
        "indicator": "F",
        "type": "SIMILAR",
        "word": "LIKE",
        "roles": {
          "GROUND": "#V2615630",
          "FIGURE": "#V2615603",
          "SCALE": "SIMILAR-SCALE",
          "LEX": "LIKE",
          "WNSENSE": "like%5:00:00:same:00"
        },
        "start": 26,
        "end": 36
      },
      "V2615630": {
        "id": "V2615630",
        "indicator": "PRO",
        "type": "REFERENTIAL-SEM",
        "word": "THAT",
        "roles": {
          "PROFORM": "THAT",
          "LEX": "THAT",
          "WNSENSE": "entity%1:03:00"
        },
        "start": 31,
        "end": 36
      },
      "V2615638": {
        "id": "V2615638",
        "indicator": "F",
        "type": "WITHOUT",
        "word": "WITHOUT",
        "roles": {
          "GROUND": "#V2615647",
          "FIGURE": "#V2615595",
          "LEX": "WITHOUT"
        },
        "start": 36,
        "end": 52
      },
      "V2615647": {
        "id": "V2615647",
        "indicator": "BARE",
        "type": "RIGHT-PERMISSION",
        "word": "CONSENT",
        "roles": {
          "LEX": "CONSENT",
          "WNSENSE": "consent%1:10:00::"
        },
        "start": 44,
        "end": 52
      },
      "root": "#V2625615"
    },
    {
      "V2624203": {
        "id": "V2624203",
        "indicator": "SPEECHACT",
        "type": "SA_REQUEST",
        "word": null,
        "roles": {
          "CONTENT": "#V2615566",
          "LEX": "DON"
        },
        "start": 0,
        "end": 7
      },
      "V2615566": {
        "id": "V2615566",
        "indicator": "F",
        "type": "PUT-ON",
        "word": "DON",
        "roles": {
          "AGENT": "#V2624199",
          "AFFECTED": "#V2615584",
          "TENSE": "PRES",
          "VFORM": "BASE",
          "LEX": "DON",
          "WNSENSE": "don%2:29:00::"
        },
        "start": 0,
        "end": 7
      },
      "V2624199": {
        "id": "V2624199",
        "indicator": "IMPRO",
        "type": "PERSON",
        "word": null,
        "roles": {
          "PROFORM": "*YOU*"
        },
        "start": 0,
        "end": 7
      },
      "V2615584": {
        "id": "V2615584",
        "indicator": "BARE",
        "type": "REFERENTIAL-SEM",
        "word": "^T",
        "roles": {
          "LEX": "^T",
          "WNSENSE": "entity%1:03:00"
        },
        "start": 4,
        "end": 7
      },
      "root": "#V2624203"
    },
    {
      "V2625612": {
        "id": "V2625612",
        "indicator": "SPEECHACT",
        "type": "SA_TELL",
        "word": null,
        "roles": {
          "PUNCTYPE": "DECL",
          "CONTENT": "#V2615595",
          "LEX": "TOUCH"
        },
        "start": 7,
        "end": 53
      },
      "V2615595": {
        "id": "V2615595",
        "indicator": "F",
        "type": "TOUCH",
        "word": "TOUCH",
        "roles": {
          "FREQUENCY": "#V2615587",
          "RESULT": "#V2615609",
          "AGENT": "#V2625613",
          "AFFECTED": "#V2615603",
          "MOD": "#V2615638",
          "TENSE": "PRES",
          "LEX": "TOUCH",
          "WNSENSE": "touch%1:04:00::"
        },
        "start": 7,
        "end": 52
      },
      "V2625613": {
        "id": "V2625613",
        "indicator": "IMPRO",
        "type": "REFERENTIAL-SEM",
        "word": null,
        "roles": {
          "PROFORM": "SUBJ"
        },
        "start": 7,
        "end": 52
      },
      "V2615587": {
        "id": "V2615587",
        "indicator": "F",
        "type": "FREQUENCY",
        "word": "EVER",
        "roles": {
          "FIGURE": "#V2615595",
          "LEX": "EVER",
          "WNSENSE": "ever%4:02:04::"
        },
        "start": 7,
        "end": 12
      },
      "V2615603": {
        "id": "V2615603",
        "indicator": "PRO",
        "type": "PERSON",
        "word": "SOMEONE",
        "roles": {
          "PROFORM": "SOMEONE",
          "LEX": "SOMEONE",
          "WNSENSE": "someone%1:03:00::"
        },
        "start": 18,
        "end": 26
      },
      "V2615609": {
        "id": "V2615609",
        "indicator": "F",
        "type": "SIMILAR",
        "word": "LIKE",
        "roles": {
          "GROUND": "#V2615630",
          "FIGURE": "#V2615603",
          "SCALE": "SIMILAR-SCALE",
          "LEX": "LIKE",
          "WNSENSE": "like%5:00:00:same:00"
        },
        "start": 26,
        "end": 36
      },
      "V2615630": {
        "id": "V2615630",
        "indicator": "PRO",
        "type": "REFERENTIAL-SEM",
        "word": "THAT",
        "roles": {
          "PROFORM": "THAT",
          "LEX": "THAT",
          "WNSENSE": "entity%1:03:00"
        },
        "start": 31,
        "end": 36
      },
      "V2615638": {
        "id": "V2615638",
        "indicator": "F",
        "type": "WITHOUT",
        "word": "WITHOUT",
        "roles": {
          "GROUND": "#V2615647",
          "FIGURE": "#V2615595",
          "LEX": "WITHOUT"
        },
        "start": 36,
        "end": 52
      },
      "V2615647": {
        "id": "V2615647",
        "indicator": "BARE",
        "type": "RIGHT-PERMISSION",
        "word": "CONSENT",
        "roles": {
          "LEX": "CONSENT",
          "WNSENSE": "consent%1:10:00::"
        },
        "start": 44,
        "end": 52
      },
      "root": "#V2625612"
    }
  ],
  "inputtags": [],
  "debug": [
    "*last-utt-id*=NIL  utt-id+503",
    "*last-utt-id*=503  utt-id+503",
    "*last-utt-id*=503  utt-id+NIL"
  ]
}
