{
  "parse": [
    {
      "V1303458": {
        "id": "V1303458",
        "indicator": "SPEECHACT",
        "type": "SA_TELL",
        "word": null,
        "roles": {
          "PUNCTYPE": "DECL",
          "CONTENT": "#V1302146",
          "MOD": "#V1302318",
          "LEX": "SADDENS"
        },
        "start": 2,
        "end": 64
      },
      "V1302146": {
        "id": "V1302146",
        "indicator": "F",
        "type": "EVOKE-SADNESS",
        "word": "SADDEN",
        "roles": {
          "AGENT": "#V1302140",
          "AFFECTED": "#V1302149",
          "REASON": "#V1302161",
          "TENSE": "PRES",
          "LEX": "SADDENS",
          "WNSENSE": "sadden%2:37:01::"
        },
        "start": 2,
        "end": 56
      },
      "V1302140": {
        "id": "V1302140",
        "indicator": "PRO",
        "type": "REFERENTIAL-SEM",
        "word": "IT",
        "roles": {
          "PROFORM": "IT",
          "LEX": "IT",
          "WNSENSE": "entity%1:03:00",
          "COREF": "#V1302299"
        },
        "start": 2,
        "end": 5
      },
      "V1302149": {
        "id": "V1302149",
        "indicator": "PRO",
        "type": "PERSON",
        "word": "ME",
        "roles": {
          "PROFORM": "ME",
          "LEX": "ME",
          "WNSENSE": "person%1:03:00",
          "COREF": "USER"
        },
        "start": 13,
        "end": 16
      },
      "V1302161": {
        "id": "V1302161",
        "indicator": "F",
        "type": "PURPOSE",
        "word": "TO",
        "roles": {
          "GROUND": "#V1302186",
          "FIGURE": "#V1302146",
          "LEX": "TO"
        },
        "start": 16,
        "end": 56
      },
      "V1302186": {
        "id": "V1302186",
        "indicator": "F",
        "type": "ACTIVE-PERCEPTION",
        "word": "SEE",
        "roles": {
          "NEUTRAL": "#V1302402",
          "FORMAL": "#V1302299",
          "DEGREE": "#V1302205",
          "VFORM": "BASE",
          "LEX": "SEE",
          "WNSENSE": "see%2:39:00::"
        },
        "start": 19,
        "end": 56
      },
      "V1302205": {
        "id": "V1302205",
        "indicator": "F",
        "type": "DEGREE-MODIFIER-HIGH-EVENT",
        "word": "SO",
        "roles": {
          "FIGURE": "#V1302186",
          "LEX": "SO",
          "WNSENSE": "so%4:02:00::"
        },
        "start": 23,
        "end": 26
      },
      "V1302402": {
        "id": "V1302402",
        "indicator": "INDEF-SET",
        "type": "REFERENTIAL-SEM",
        "word": null,
        "roles": {
          "SIZE": "MANY",
          "LEX": "MANY"
        },
        "start": 26,
        "end": 31
      },
      "V1302299": {
        "id": "V1302299",
        "indicator": "F",
        "type": "NONVERBAL-SAY",
        "word": "TWEET",
        "roles": {
          "AGENT": "#V1302402",
          "NEUTRAL": "#V1302303",
          "LOCATION": "#V1302226",
          "VFORM": "ING",
          "LEX": "TWEETING"
        },
        "start": 31,
        "end": 56
      },
      "V1302226": {
        "id": "V1302226",
        "indicator": "F",
        "type": "IN-LOC",
        "word": "IN",
        "roles": {
          "GROUND": "#V1302292",
          "FIGURE": "#V1302299",
          "LEX": "IN"
        },
        "start": 31,
        "end": 42
      },
      "V1302292": {
        "id": "V1302292",
        "indicator": "THE",
        "type": "FEED",
        "word": "FEED",
        "roles": {
          "ASSOC-POSS": "#V1302284",
          "LEX": "FEED"
        },
        "start": 34,
        "end": 42
      },
      "V1302284": {
        "id": "V1302284",
        "indicator": "PRO",
        "type": "PERSON",
        "word": "MY",
        "roles": {
          "LEX": "MY",
          "PROFORM": "MY",
          "WNSENSE": "person%1:03:00",
          "COREF": "USER"
        },
        "start": 34,
        "end": 42
      },
      "V1302303": {
        "id": "V1302303",
        "indicator": "PRO",
        "type": "REFERENTIAL-SEM",
        "word": "THIS",
        "roles": {
          "PROFORM": "THIS",
          "LEX": "THIS",
          "WNSENSE": "entity%1:03:00"
        },
        "start": 51,
        "end": 56
      },
      "V1302318": {
        "id": "V1302318",
        "indicator": "F",
        "type": "ADDITIVE",
        "word": "AS-WELL",
        "roles": {
          "FIGURE": "#V1303458",
          "LEX": "AS-WELL"
        },
        "start": 56,
        "end": 64
      },
      "root": "#V1303458"
    }
  ],
  "inputtags": [],
  "debug": [
    "*last-utt-id*=NIL  utt-id+269",
    "*last-utt-id*=269  utt-id+NIL"
  ]
}
