{
  "parse": [
    {
      "V1412263": {
        "id": "V1412263",
        "indicator": "SPEECHACT",
        "type": "SA_IDENTIFY",
        "word": null,
        "roles": {
          "CONTENT": "#V1412166",
          "LEX": "HE"
        },
        "start": 0,
        "end": 3
      },
      "V1412166": {
        "id": "V1412166",
        "indicator": "PRO",
        "type": "MALE-PERSON",
        "word": "HE",
        "roles": {
          "PROFORM": "HE",
          "LEX": "HE",
          "WNSENSE": "man%1:18:00"
        },
        "start": 0,
        "end": 3
      },
      "root": "#V1412263"
    },
    {
      "V1412325": {
        "id": "V1412325",
        "indicator": "SPEECHACT",
        "type": "SA_IDENTIFY",
        "word": null,
        "roles": {
          "CONTENT": "#V1412170",
          "LEX": "S"
        },
        "start": 3,
        "end": 5
      },
      "V1412170": {
        "id": "V1412170",
        "indicator": "A",
        "type": "QUANTITY-ABSTR",
        "word": null,
        "roles": {
          "SCALE": "DURATION-SCALE",
          "UNIT": "(:* TIME-UNIT SECOND)",
          "AMOUNT": "PLURAL",
          "LEX": "S",
          "WNSENSE": "time_unit%1:28:00"
        },
        "start": 3,
        "end": 5
      },
      "root": "#V1412325"
    },
    {
      "V1412513": {
        "id": "V1412513",
        "indicator": "SPEECHACT",
        "type": "SA_PRED-FRAGMENT",
        "word": null,
        "roles": {
          "PUNCTYPE": "DECL",
          "CONTENT": "#V1412212",
          "MOD": "#V1412184",
          "LEX": "NOW"
        },
        "start": 5,
        "end": 22
      },
      "V1412184": {
        "id": "V1412184",
        "indicator": "F",
        "type": "LIKELY-VAL",
        "word": "PROBABLY",
        "roles": {
          "FIGURE": "#V1412513",
          "SCALE": "LIKELY-SCALE",
          "LEX": "PROBABLY",
          "WNSENSE": "expected%3:00:00::"
        },
        "start": 5,
        "end": 14
      },
      "V1412212": {
        "id": "V1412212",
        "indicator": "F",
        "type": "NOW",
        "word": "NOW",
        "roles": {
          "FIGURE": "#V1412514",
          "MOD": "#V1412195",
          "LEX": "NOW",
          "WNSENSE": "now%4:02:05::"
        },
        "start": 14,
        "end": 22
      },
      "V1412514": {
        "id": "V1412514",
        "indicator": "IMPRO",
        "type": "ANY-SEM",
        "word": null,
        "roles": {
          "COREF": "#V1412170"
        },
        "start": 14,
        "end": 22
      },
      "V1412195": {
        "id": "V1412195",
        "indicator": "F",
        "type": "LOCATION-DISTANCE-MODIFIER",
        "word": "OUT",
        "roles": {
          "FIGURE": "#V1412212",
          "LEX": "OUT",
          "WNSENSE": "out%4:02:03::"
        },
        "start": 14,
        "end": 18
      },
      "root": "#V1412513"
    },
    {
      "V1412263": {
        "id": "V1412263",
        "indicator": "SPEECHACT",
        "type": "SA_IDENTIFY",
        "word": null,
        "roles": {
          "CONTENT": "#V1412166",
          "LEX": "HE"
        },
        "start": 0,
        "end": 3
      },
      "V1412166": {
        "id": "V1412166",
        "indicator": "PRO",
        "type": "MALE-PERSON",
        "word": "HE",
        "roles": {
          "PROFORM": "HE",
          "LEX": "HE",
          "WNSENSE": "man%1:18:00"
        },
        "start": 0,
        "end": 3
      },
      "root": "#V1412263"
    },
    {
      "V1412322": {
        "id": "V1412322",
        "indicator": "SPEECHACT",
        "type": "SA_IDENTIFY",
        "word": null,
        "roles": {
          "CONTENT": "#V1412170",
          "LEX": "S"
        },
        "start": 3,
        "end": 5
      },
      "V1412170": {
        "id": "V1412170",
        "indicator": "A",
        "type": "QUANTITY-ABSTR",
        "word": null,
        "roles": {
          "SCALE": "DURATION-SCALE",
          "UNIT": "(:* TIME-UNIT SECOND)",
          "AMOUNT": "PLURAL",
          "LEX": "S",
          "WNSENSE": "time_unit%1:28:00"
        },
        "start": 3,
        "end": 5
      },
      "root": "#V1412322"
    },
    {
      "V1412513": {
        "id": "V1412513",
        "indicator": "SPEECHACT",
        "type": "SA_PRED-FRAGMENT",
        "word": null,
        "roles": {
          "PUNCTYPE": "DECL",
          "CONTENT": "#V1412212",
          "MOD": "#V1412184",
          "LEX": "NOW"
        },
        "start": 5,
        "end": 23
      },
      "V1412184": {
        "id": "V1412184",
        "indicator": "F",
        "type": "LIKELY-VAL",
        "word": "PROBABLY",
        "roles": {
          "FIGURE": "#V1412513",
          "SCALE": "LIKELY-SCALE",
          "LEX": "PROBABLY",
          "WNSENSE": "expected%3:00:00::"
        },
        "start": 5,
        "end": 14
      },
      "V1412212": {
        "id": "V1412212",
        "indicator": "F",
        "type": "NOW",
        "word": "NOW",
        "roles": {
          "FIGURE": "#V1412514",
          "MOD": "#V1412195",
          "LEX": "NOW",
          "WNSENSE": "now%4:02:05::"
        },
        "start": 14,
        "end": 22
      },
      "V1412514": {
        "id": "V1412514",
        "indicator": "IMPRO",
        "type": "ANY-SEM",
        "word": null,
        "roles": {},
        "start": 14,
        "end": 22
      },
      "V1412195": {
        "id": "V1412195",
        "indicator": "F",
        "type": "LOCATION-DISTANCE-MODIFIER",
        "word": "OUT",
        "roles": {
          "FIGURE": "#V1412212",
          "LEX": "OUT",
          "WNSENSE": "out%4:02:03::"
        },
        "start": 14,
        "end": 18
      },
      "root": "#V1412513"
    },
    {
      "V1412266": {
        "id": "V1412266",
        "indicator": "SPEECHACT",
        "type": "SA_IDENTIFY",
        "word": null,
        "roles": {
          "CONTENT": "#V1412233",
          "LEX": "-"
        },
        "start": 0,
        "end": 3
      },
      "V1412233": {
        "id": "V1412233",
        "indicator": "THE",
        "type": "QUANTITY-ABSTR",
        "word": null,
        "roles": {
          "FIGURE": "#V1412166"
        },
        "start": 0,
        "end": 3
      },
      "V1412166": {
        "id": "V1412166",
        "indicator": "PRO",
        "type": "MALE-PERSON",
        "word": "HE",
        "roles": {
          "PROFORM": "HE",
          "LEX": "HE",
          "WNSENSE": "man%1:18:00"
        },
        "start": 0,
        "end": 3
      },
      "root": "#V1412266"
    },
    {
      "V1412325": {
        "id": "V1412325",
        "indicator": "SPEECHACT",
        "type": "SA_IDENTIFY",
        "word": null,
        "roles": {
          "CONTENT": "#V1412170",
          "LEX": "S"
        },
        "start": 3,
        "end": 5
      },
      "V1412170": {
        "id": "V1412170",
        "indicator": "A",
        "type": "QUANTITY-ABSTR",
        "word": null,
        "roles": {
          "SCALE": "DURATION-SCALE",
          "UNIT": "(:* TIME-UNIT SECOND)",
          "AMOUNT": "PLURAL",
          "LEX": "S",
          "WNSENSE": "time_unit%1:28:00"
        },
        "start": 3,
        "end": 5
      },
      "root": "#V1412325"
    },
    {
      "V1412513": {
        "id": "V1412513",
        "indicator": "SPEECHACT",
        "type": "SA_PRED-FRAGMENT",
        "word": null,
        "roles": {
          "PUNCTYPE": "DECL",
          "CONTENT": "#V1412212",
          "MOD": "#V1412184",
          "LEX": "NOW"
        },
        "start": 5,
        "end": 23
      },
      "V1412184": {
        "id": "V1412184",
        "indicator": "F",
        "type": "LIKELY-VAL",
        "word": "PROBABLY",
        "roles": {
          "FIGURE": "#V1412513",
          "SCALE": "LIKELY-SCALE",
          "LEX": "PROBABLY",
          "WNSENSE": "expected%3:00:00::"
        },
        "start": 5,
        "end": 14
      },
      "V1412212": {
        "id": "V1412212",
        "indicator": "F",
        "type": "NOW",
        "word": "NOW",
        "roles": {
          "FIGURE": "#V1412514",
          "MOD": "#V1412195",
          "LEX": "NOW",
          "WNSENSE": "now%4:02:05::"
        },
        "start": 14,
        "end": 22
      },
      "V1412514": {
        "id": "V1412514",
        "indicator": "IMPRO",
        "type": "ANY-SEM",
        "word": null,
        "roles": {},
        "start": 14,
        "end": 22
      },
      "V1412195": {
        "id": "V1412195",
        "indicator": "F",
        "type": "LOCATION-DISTANCE-MODIFIER",
        "word": "OUT",
        "roles": {
          "FIGURE": "#V1412212",
          "LEX": "OUT",
          "WNSENSE": "out%4:02:03::"
        },
        "start": 14,
        "end": 18
      },
      "root": "#V1412513"
    },
    {
      "V1412266": {
        "id": "V1412266",
        "indicator": "SPEECHACT",
        "type": "SA_IDENTIFY",
        "word": null,
        "roles": {
          "CONTENT": "#V1412233",
          "LEX": "-"
        },
        "start": 0,
        "end": 3
      },
      "V1412233": {
        "id": "V1412233",
        "indicator": "THE",
        "type": "QUANTITY-ABSTR",
        "word": null,
        "roles": {
          "FIGURE": "#V1412166"
        },
        "start": 0,
        "end": 3
      },
      "V1412166": {
        "id": "V1412166",
        "indicator": "PRO",
        "type": "MALE-PERSON",
        "word": "HE",
        "roles": {
          "PROFORM": "HE",
          "LEX": "HE",
          "WNSENSE": "man%1:18:00"
        },
        "start": 0,
        "end": 3
      },
      "root": "#V1412266"
    },
    {
      "V1412322": {
        "id": "V1412322",
        "indicator": "SPEECHACT",
        "type": "SA_IDENTIFY",
        "word": null,
        "roles": {
          "CONTENT": "#V1412170",
          "LEX": "S"
        },
        "start": 3,
        "end": 5
      },
      "V1412170": {
        "id": "V1412170",
        "indicator": "A",
        "type": "QUANTITY-ABSTR",
        "word": null,
        "roles": {
          "SCALE": "DURATION-SCALE",
          "UNIT": "(:* TIME-UNIT SECOND)",
          "AMOUNT": "PLURAL",
          "LEX": "S",
          "WNSENSE": "time_unit%1:28:00"
        },
        "start": 3,
        "end": 5
      },
      "root": "#V1412322"
    },
    {
      "V1412513": {
        "id": "V1412513",
        "indicator": "SPEECHACT",
        "type": "SA_PRED-FRAGMENT",
        "word": null,
        "roles": {
          "PUNCTYPE": "DECL",
          "CONTENT": "#V1412212",
          "MOD": "#V1412184",
          "LEX": "NOW"
        },
        "start": 5,
        "end": 23
      },
      "V1412184": {
        "id": "V1412184",
        "indicator": "F",
        "type": "LIKELY-VAL",
        "word": "PROBABLY",
        "roles": {
          "FIGURE": "#V1412513",
          "SCALE": "LIKELY-SCALE",
          "LEX": "PROBABLY",
          "WNSENSE": "expected%3:00:00::"
        },
        "start": 5,
        "end": 14
      },
      "V1412212": {
        "id": "V1412212",
        "indicator": "F",
        "type": "NOW",
        "word": "NOW",
        "roles": {
          "FIGURE": "#V1412514",
          "MOD": "#V1412195",
          "LEX": "NOW",
          "WNSENSE": "now%4:02:05::"
        },
        "start": 14,
        "end": 22
      },
      "V1412514": {
        "id": "V1412514",
        "indicator": "IMPRO",
        "type": "ANY-SEM",
        "word": null,
        "roles": {},
        "start": 14,
        "end": 22
      },
      "V1412195": {
        "id": "V1412195",
        "indicator": "F",
        "type": "LOCATION-DISTANCE-MODIFIER",
        "word": "OUT",
        "roles": {
          "FIGURE": "#V1412212",
          "LEX": "OUT",
          "WNSENSE": "out%4:02:03::"
        },
        "start": 14,
        "end": 18
      },
      "root": "#V1412513"
    },
    {
      "V1412263": {
        "id": "V1412263",
        "indicator": "SPEECHACT",
        "type": "SA_IDENTIFY",
        "word": null,
        "roles": {
          "CONTENT": "#V1412166",
          "LEX": "HE"
        },
        "start": 0,
        "end": 3
      },
      "V1412166": {
        "id": "V1412166",
        "indicator": "PRO",
        "type": "MALE-PERSON",
        "word": "HE",
        "roles": {
          "PROFORM": "HE",
          "LEX": "HE",
          "WNSENSE": "man%1:18:00"
        },
        "start": 0,
        "end": 3
      },
      "root": "#V1412263"
    },
    {
      "V1412325": {
        "id": "V1412325",
        "indicator": "SPEECHACT",
        "type": "SA_IDENTIFY",
        "word": null,
        "roles": {
          "CONTENT": "#V1412170",
          "MOD": "#V1412184",
          "LEX": "S"
        },
        "start": 3,
        "end": 14
      },
      "V1412170": {
        "id": "V1412170",
        "indicator": "A",
        "type": "QUANTITY-ABSTR",
        "word": null,
        "roles": {
          "SCALE": "DURATION-SCALE",
          "UNIT": "(:* TIME-UNIT SECOND)",
          "AMOUNT": "PLURAL",
          "LEX": "S",
          "WNSENSE": "time_unit%1:28:00"
        },
        "start": 3,
        "end": 5
      },
      "V1412184": {
        "id": "V1412184",
        "indicator": "F",
        "type": "LIKELY-VAL",
        "word": "PROBABLY",
        "roles": {
          "FIGURE": "#V1412325",
          "SCALE": "LIKELY-SCALE",
          "LEX": "PROBABLY",
          "WNSENSE": "expected%3:00:00::"
        },
        "start": 5,
        "end": 14
      },
      "root": "#V1412325"
    },
    {
      "V1412513": {
        "id": "V1412513",
        "indicator": "SPEECHACT",
        "type": "SA_PRED-FRAGMENT",
        "word": null,
        "roles": {
          "PUNCTYPE": "DECL",
          "CONTENT": "#V1412212",
          "LEX": "NOW"
        },
        "start": 14,
        "end": 23
      },
      "V1412212": {
        "id": "V1412212",
        "indicator": "F",
        "type": "NOW",
        "word": "NOW",
        "roles": {
          "FIGURE": "#V1412514",
          "MOD": "#V1412195",
          "LEX": "NOW",
          "WNSENSE": "now%4:02:05::"
        },
        "start": 14,
        "end": 22
      },
      "V1412514": {
        "id": "V1412514",
        "indicator": "IMPRO",
        "type": "ANY-SEM",
        "word": null,
        "roles": {},
        "start": 14,
        "end": 22
      },
      "V1412195": {
        "id": "V1412195",
        "indicator": "F",
        "type": "LOCATION-DISTANCE-MODIFIER",
        "word": "OUT",
        "roles": {
          "FIGURE": "#V1412212",
          "LEX": "OUT",
          "WNSENSE": "out%4:02:03::"
        },
        "start": 14,
        "end": 18
      },
      "root": "#V1412513"
    },
    {
      "V1412263": {
        "id": "V1412263",
        "indicator": "SPEECHACT",
        "type": "SA_IDENTIFY",
        "word": null,
        "roles": {
          "CONTENT": "#V1412166",
          "LEX": "HE"
        },
        "start": 0,
        "end": 3
      },
      "V1412166": {
        "id": "V1412166",
        "indicator": "PRO",
        "type": "MALE-PERSON",
        "word": "HE",
        "roles": {
          "PROFORM": "HE",
          "LEX": "HE",
          "WNSENSE": "man%1:18:00"
        },
        "start": 0,
        "end": 3
      },
      "root": "#V1412263"
    },
    {
      "V1412322": {
        "id": "V1412322",
        "indicator": "SPEECHACT",
        "type": "SA_IDENTIFY",
        "word": null,
        "roles": {
          "CONTENT": "#V1412170",
          "MOD": "#V1412184",
          "LEX": "S"
        },
        "start": 3,
        "end": 14
      },
      "V1412170": {
        "id": "V1412170",
        "indicator": "A",
        "type": "QUANTITY-ABSTR",
        "word": null,
        "roles": {
          "SCALE": "DURATION-SCALE",
          "UNIT": "(:* TIME-UNIT SECOND)",
          "AMOUNT": "PLURAL",
          "LEX": "S",
          "WNSENSE": "time_unit%1:28:00"
        },
        "start": 3,
        "end": 5
      },
      "V1412184": {
        "id": "V1412184",
        "indicator": "F",
        "type": "LIKELY-VAL",
        "word": "PROBABLY",
        "roles": {
          "FIGURE": "#V1412322",
          "SCALE": "LIKELY-SCALE",
          "LEX": "PROBABLY",
          "WNSENSE": "expected%3:00:00::"
        },
        "start": 5,
        "end": 14
      },
      "root": "#V1412322"
    },
    {
      "V1412513": {
        "id": "V1412513",
        "indicator": "SPEECHACT",
        "type": "SA_PRED-FRAGMENT",
        "word": null,
        "roles": {
          "PUNCTYPE": "DECL",
          "CONTENT": "#V1412212",
          "LEX": "NOW"
        },
        "start": 14,
        "end": 23
      },
      "V1412212": {
        "id": "V1412212",
        "indicator": "F",
        "type": "NOW",
        "word": "NOW",
        "roles": {
          "FIGURE": "#V1412514",
          "MOD": "#V1412195",
          "LEX": "NOW",
          "WNSENSE": "now%4:02:05::"
        },
        "start": 14,
        "end": 22
      },
      "V1412514": {
        "id": "V1412514",
        "indicator": "IMPRO",
        "type": "ANY-SEM",
        "word": null,
        "roles": {},
        "start": 14,
        "end": 22
      },
      "V1412195": {
        "id": "V1412195",
        "indicator": "F",
        "type": "LOCATION-DISTANCE-MODIFIER",
        "word": "OUT",
        "roles": {
          "FIGURE": "#V1412212",
          "LEX": "OUT",
          "WNSENSE": "out%4:02:03::"
        },
        "start": 14,
        "end": 18
      },
      "root": "#V1412513"
    },
    {
      "V1412263": {
        "id": "V1412263",
        "indicator": "SPEECHACT",
        "type": "SA_IDENTIFY",
        "word": null,
        "roles": {
          "CONTENT": "#V1412166",
          "LEX": "HE"
        },
        "start": 0,
        "end": 3
      },
      "V1412166": {
        "id": "V1412166",
        "indicator": "PRO",
        "type": "MALE-PERSON",
        "word": "HE",
        "roles": {
          "PROFORM": "HE",
          "LEX": "HE",
          "WNSENSE": "man%1:18:00"
        },
        "start": 0,
        "end": 3
      },
      "root": "#V1412263"
    },
    {
      "V1412341": {
        "id": "V1412341",
        "indicator": "SPEECHACT",
        "type": "SA_IDENTIFY",
        "word": null,
        "roles": {
          "CONTENT": "#V1412291",
          "LEX": "-"
        },
        "start": 3,
        "end": 5
      },
      "V1412291": {
        "id": "V1412291",
        "indicator": "THE",
        "type": "QUANTITY-ABSTR",
        "word": null,
        "roles": {
          "FIGURE": "#V1412170"
        },
        "start": 3,
        "end": 5
      },
      "V1412170": {
        "id": "V1412170",
        "indicator": "A",
        "type": "QUANTITY-ABSTR",
        "word": null,
        "roles": {
          "SCALE": "DURATION-SCALE",
          "UNIT": "(:* TIME-UNIT SECOND)",
          "AMOUNT": "PLURAL",
          "LEX": "S",
          "WNSENSE": "time_unit%1:28:00"
        },
        "start": 3,
        "end": 5
      },
      "root": "#V1412341"
    },
    {
      "V1412513": {
        "id": "V1412513",
        "indicator": "SPEECHACT",
        "type": "SA_PRED-FRAGMENT",
        "word": null,
        "roles": {
          "PUNCTYPE": "DECL",
          "CONTENT": "#V1412212",
          "MOD": "#V1412184",
          "LEX": "NOW"
        },
        "start": 5,
        "end": 23
      },
      "V1412184": {
        "id": "V1412184",
        "indicator": "F",
        "type": "LIKELY-VAL",
        "word": "PROBABLY",
        "roles": {
          "FIGURE": "#V1412513",
          "SCALE": "LIKELY-SCALE",
          "LEX": "PROBABLY",
          "WNSENSE": "expected%3:00:00::"
        },
        "start": 5,
        "end": 14
      },
      "V1412212": {
        "id": "V1412212",
        "indicator": "F",
        "type": "NOW",
        "word": "NOW",
        "roles": {
          "FIGURE": "#V1412514",
          "MOD": "#V1412195",
          "LEX": "NOW",
          "WNSENSE": "now%4:02:05::"
        },
        "start": 14,
        "end": 22
      },
      "V1412514": {
        "id": "V1412514",
        "indicator": "IMPRO",
        "type": "ANY-SEM",
        "word": null,
        "roles": {},
        "start": 14,
        "end": 22
      },
      "V1412195": {
        "id": "V1412195",
        "indicator": "F",
        "type": "LOCATION-DISTANCE-MODIFIER",
        "word": "OUT",
        "roles": {
          "FIGURE": "#V1412212",
          "LEX": "OUT",
          "WNSENSE": "out%4:02:03::"
        },
        "start": 14,
        "end": 18
      },
      "root": "#V1412513"
    },
    {
      "V1412263": {
        "id": "V1412263",
        "indicator": "SPEECHACT",
        "type": "SA_IDENTIFY",
        "word": null,
        "roles": {
          "CONTENT": "#V1412166",
          "LEX": "HE"
        },
        "start": 0,
        "end": 3
      },
      "V1412166": {
        "id": "V1412166",
        "indicator": "PRO",
        "type": "MALE-PERSON",
        "word": "HE",
        "roles": {
          "PROFORM": "HE",
          "LEX": "HE",
          "WNSENSE": "man%1:18:00"
        },
        "start": 0,
        "end": 3
      },
      "root": "#V1412263"
    },
    {
      "V1412338": {
        "id": "V1412338",
        "indicator": "SPEECHACT",
        "type": "SA_IDENTIFY",
        "word": null,
        "roles": {
          "CONTENT": "#V1412283",
          "LEX": "-"
        },
        "start": 3,
        "end": 5
      },
      "V1412283": {
        "id": "V1412283",
        "indicator": "THE",
        "type": "QUANTITY-ABSTR",
        "word": null,
        "roles": {
          "FIGURE": "#V1412170"
        },
        "start": 3,
        "end": 5
      },
      "V1412170": {
        "id": "V1412170",
        "indicator": "A",
        "type": "QUANTITY-ABSTR",
        "word": null,
        "roles": {
          "SCALE": "DURATION-SCALE",
          "UNIT": "(:* TIME-UNIT SECOND)",
          "AMOUNT": "PLURAL",
          "LEX": "S",
          "WNSENSE": "time_unit%1:28:00"
        },
        "start": 3,
        "end": 5
      },
      "root": "#V1412338"
    },
    {
      "V1412513": {
        "id": "V1412513",
        "indicator": "SPEECHACT",
        "type": "SA_PRED-FRAGMENT",
        "word": null,
        "roles": {
          "PUNCTYPE": "DECL",
          "CONTENT": "#V1412212",
          "MOD": "#V1412184",
          "LEX": "NOW"
        },
        "start": 5,
        "end": 23
      },
      "V1412184": {
        "id": "V1412184",
        "indicator": "F",
        "type": "LIKELY-VAL",
        "word": "PROBABLY",
        "roles": {
          "FIGURE": "#V1412513",
          "SCALE": "LIKELY-SCALE",
          "LEX": "PROBABLY",
          "WNSENSE": "expected%3:00:00::"
        },
        "start": 5,
        "end": 14
      },
      "V1412212": {
        "id": "V1412212",
        "indicator": "F",
        "type": "NOW",
        "word": "NOW",
        "roles": {
          "FIGURE": "#V1412514",
          "MOD": "#V1412195",
          "LEX": "NOW",
          "WNSENSE": "now%4:02:05::"
        },
        "start": 14,
        "end": 22
      },
      "V1412514": {
        "id": "V1412514",
        "indicator": "IMPRO",
        "type": "ANY-SEM",
        "word": null,
        "roles": {},
        "start": 14,
        "end": 22
      },
      "V1412195": {
        "id": "V1412195",
        "indicator": "F",
        "type": "LOCATION-DISTANCE-MODIFIER",
        "word": "OUT",
        "roles": {
          "FIGURE": "#V1412212",
          "LEX": "OUT",
          "WNSENSE": "out%4:02:03::"
        },
        "start": 14,
        "end": 18
      },
      "root": "#V1412513"
    },
    {
      "V1412266": {
        "id": "V1412266",
        "indicator": "SPEECHACT",
        "type": "SA_IDENTIFY",
        "word": null,
        "roles": {
          "CONTENT": "#V1412233",
          "LEX": "-"
        },
        "start": 0,
        "end": 3
      },
      "V1412233": {
        "id": "V1412233",
        "indicator": "THE",
        "type": "QUANTITY-ABSTR",
        "word": null,
        "roles": {
          "FIGURE": "#V1412166"
        },
        "start": 0,
        "end": 3
      },
      "V1412166": {
        "id": "V1412166",
        "indicator": "PRO",
        "type": "MALE-PERSON",
        "word": "HE",
        "roles": {
          "PROFORM": "HE",
          "LEX": "HE",
          "WNSENSE": "man%1:18:00"
        },
        "start": 0,
        "end": 3
      },
      "root": "#V1412266"
    },
    {
      "V1412325": {
        "id": "V1412325",
        "indicator": "SPEECHACT",
        "type": "SA_IDENTIFY",
        "word": null,
        "roles": {
          "CONTENT": "#V1412170",
          "MOD": "#V1412184",
          "LEX": "S"
        },
        "start": 3,
        "end": 14
      },
      "V1412170": {
        "id": "V1412170",
        "indicator": "A",
        "type": "QUANTITY-ABSTR",
        "word": null,
        "roles": {
          "SCALE": "DURATION-SCALE",
          "UNIT": "(:* TIME-UNIT SECOND)",
          "AMOUNT": "PLURAL",
          "LEX": "S",
          "WNSENSE": "time_unit%1:28:00"
        },
        "start": 3,
        "end": 5
      },
      "V1412184": {
        "id": "V1412184",
        "indicator": "F",
        "type": "LIKELY-VAL",
        "word": "PROBABLY",
        "roles": {
          "FIGURE": "#V1412325",
          "SCALE": "LIKELY-SCALE",
          "LEX": "PROBABLY",
          "WNSENSE": "expected%3:00:00::"
        },
        "start": 5,
        "end": 14
      },
      "root": "#V1412325"
    },
    {
      "V1412513": {
        "id": "V1412513",
        "indicator": "SPEECHACT",
        "type": "SA_PRED-FRAGMENT",
        "word": null,
        "roles": {
          "PUNCTYPE": "DECL",
          "CONTENT": "#V1412212",
          "LEX": "NOW"
        },
        "start": 14,
        "end": 23
      },
      "V1412212": {
        "id": "V1412212",
        "indicator": "F",
        "type": "NOW",
        "word": "NOW",
        "roles": {
          "FIGURE": "#V1412514",
          "MOD": "#V1412195",
          "LEX": "NOW",
          "WNSENSE": "now%4:02:05::"
        },
        "start": 14,
        "end": 22
      },
      "V1412514": {
        "id": "V1412514",
        "indicator": "IMPRO",
        "type": "ANY-SEM",
        "word": null,
        "roles": {},
        "start": 14,
        "end": 22
      },
      "V1412195": {
        "id": "V1412195",
        "indicator": "F",
        "type": "LOCATION-DISTANCE-MODIFIER",
        "word": "OUT",
        "roles": {
          "FIGURE": "#V1412212",
          "LEX": "OUT",
          "WNSENSE": "out%4:02:03::"
        },
        "start": 14,
        "end": 18
      },
      "root": "#V1412513"
    },
    {
      "V1412266": {
        "id": "V1412266",
        "indicator": "SPEECHACT",
        "type": "SA_IDENTIFY",
        "word": null,
        "roles": {
          "CONTENT": "#V1412233",
          "LEX": "-"
        },
        "start": 0,
        "end": 3
      },
      "V1412233": {
        "id": "V1412233",
        "indicator": "THE",
        "type": "QUANTITY-ABSTR",
        "word": null,
        "roles": {
          "FIGURE": "#V1412166"
        },
        "start": 0,
        "end": 3
      },
      "V1412166": {
        "id": "V1412166",
        "indicator": "PRO",
        "type": "MALE-PERSON",
        "word": "HE",
        "roles": {
          "PROFORM": "HE",
          "LEX": "HE",
          "WNSENSE": "man%1:18:00"
        },
        "start": 0,
        "end": 3
      },
      "root": "#V1412266"
    },
    {
      "V1412322": {
        "id": "V1412322",
        "indicator": "SPEECHACT",
        "type": "SA_IDENTIFY",
        "word": null,
        "roles": {
          "CONTENT": "#V1412170",
          "MOD": "#V1412184",
          "LEX": "S"
        },
        "start": 3,
        "end": 14
      },
      "V1412170": {
        "id": "V1412170",
        "indicator": "A",
        "type": "QUANTITY-ABSTR",
        "word": null,
        "roles": {
          "SCALE": "DURATION-SCALE",
          "UNIT": "(:* TIME-UNIT SECOND)",
          "AMOUNT": "PLURAL",
          "LEX": "S",
          "WNSENSE": "time_unit%1:28:00"
        },
        "start": 3,
        "end": 5
      },
      "V1412184": {
        "id": "V1412184",
        "indicator": "F",
        "type": "LIKELY-VAL",
        "word": "PROBABLY",
        "roles": {
          "FIGURE": "#V1412322",
          "SCALE": "LIKELY-SCALE",
          "LEX": "PROBABLY",
          "WNSENSE": "expected%3:00:00::"
        },
        "start": 5,
        "end": 14
      },
      "root": "#V1412322"
    },
    {
      "V1412513": {
        "id": "V1412513",
        "indicator": "SPEECHACT",
        "type": "SA_PRED-FRAGMENT",
        "word": null,
        "roles": {
          "PUNCTYPE": "DECL",
          "CONTENT": "#V1412212",
          "LEX": "NOW"
        },
        "start": 14,
        "end": 23
      },
      "V1412212": {
        "id": "V1412212",
        "indicator": "F",
        "type": "NOW",
        "word": "NOW",
        "roles": {
          "FIGURE": "#V1412514",
          "MOD": "#V1412195",
          "LEX": "NOW",
          "WNSENSE": "now%4:02:05::"
        },
        "start": 14,
        "end": 22
      },
      "V1412514": {
        "id": "V1412514",
        "indicator": "IMPRO",
        "type": "ANY-SEM",
        "word": null,
        "roles": {},
        "start": 14,
        "end": 22
      },
      "V1412195": {
        "id": "V1412195",
        "indicator": "F",
        "type": "LOCATION-DISTANCE-MODIFIER",
        "word": "OUT",
        "roles": {
          "FIGURE": "#V1412212",
          "LEX": "OUT",
          "WNSENSE": "out%4:02:03::"
        },
        "start": 14,
        "end": 18
      },
      "root": "#V1412513"
    },
    {
      "V1412266": {
        "id": "V1412266",
        "indicator": "SPEECHACT",
        "type": "SA_IDENTIFY",
        "word": null,
        "roles": {
          "CONTENT": "#V1412233",
          "LEX": "-"
        },
        "start": 0,
        "end": 3
      },
      "V1412233": {
        "id": "V1412233",
        "indicator": "THE",
        "type": "QUANTITY-ABSTR",
        "word": null,
        "roles": {
          "FIGURE": "#V1412166"
        },
        "start": 0,
        "end": 3
      },
      "V1412166": {
        "id": "V1412166",
        "indicator": "PRO",
        "type": "MALE-PERSON",
        "word": "HE",
        "roles": {
          "PROFORM": "HE",
          "LEX": "HE",
          "WNSENSE": "man%1:18:00"
        },
        "start": 0,
        "end": 3
      },
      "root": "#V1412266"
    },
    {
      "V1412341": {
        "id": "V1412341",
        "indicator": "SPEECHACT",
        "type": "SA_IDENTIFY",
        "word": null,
        "roles": {
          "CONTENT": "#V1412291",
          "LEX": "-"
        },
        "start": 3,
        "end": 5
      },
      "V1412291": {
        "id": "V1412291",
        "indicator": "THE",
        "type": "QUANTITY-ABSTR",
        "word": null,
        "roles": {
          "FIGURE": "#V1412170"
        },
        "start": 3,
        "end": 5
      },
      "V1412170": {
        "id": "V1412170",
        "indicator": "A",
        "type": "QUANTITY-ABSTR",
        "word": null,
        "roles": {
          "SCALE": "DURATION-SCALE",
          "UNIT": "(:* TIME-UNIT SECOND)",
          "AMOUNT": "PLURAL",
          "LEX": "S",
          "WNSENSE": "time_unit%1:28:00"
        },
        "start": 3,
        "end": 5
      },
      "root": "#V1412341"
    },
    {
      "V1412513": {
        "id": "V1412513",
        "indicator": "SPEECHACT",
        "type": "SA_PRED-FRAGMENT",
        "word": null,
        "roles": {
          "PUNCTYPE": "DECL",
          "CONTENT": "#V1412212",
          "MOD": "#V1412184",
          "LEX": "NOW"
        },
        "start": 5,
        "end": 23
      },
      "V1412184": {
        "id": "V1412184",
        "indicator": "F",
        "type": "LIKELY-VAL",
        "word": "PROBABLY",
        "roles": {
          "FIGURE": "#V1412513",
          "SCALE": "LIKELY-SCALE",
          "LEX": "PROBABLY",
          "WNSENSE": "expected%3:00:00::"
        },
        "start": 5,
        "end": 14
      },
      "V1412212": {
        "id": "V1412212",
        "indicator": "F",
        "type": "NOW",
        "word": "NOW",
        "roles": {
          "FIGURE": "#V1412514",
          "MOD": "#V1412195",
          "LEX": "NOW",
          "WNSENSE": "now%4:02:05::"
        },
        "start": 14,
        "end": 22
      },
      "V1412514": {
        "id": "V1412514",
        "indicator": "IMPRO",
        "type": "ANY-SEM",
        "word": null,
        "roles": {},
        "start": 14,
        "end": 22
      },
      "V1412195": {
        "id": "V1412195",
        "indicator": "F",
        "type": "LOCATION-DISTANCE-MODIFIER",
        "word": "OUT",
        "roles": {
          "FIGURE": "#V1412212",
          "LEX": "OUT",
          "WNSENSE": "out%4:02:03::"
        },
        "start": 14,
        "end": 18
      },
      "root": "#V1412513"
    },
    {
      "V1412266": {
        "id": "V1412266",
        "indicator": "SPEECHACT",
        "type": "SA_IDENTIFY",
        "word": null,
        "roles": {
          "CONTENT": "#V1412233",
          "LEX": "-"
        },
        "start": 0,
        "end": 3
      },
      "V1412233": {
        "id": "V1412233",
        "indicator": "THE",
        "type": "QUANTITY-ABSTR",
        "word": null,
        "roles": {
          "FIGURE": "#V1412166"
        },
        "start": 0,
        "end": 3
      },
      "V1412166": {
        "id": "V1412166",
        "indicator": "PRO",
        "type": "MALE-PERSON",
        "word": "HE",
        "roles": {
          "PROFORM": "HE",
          "LEX": "HE",
          "WNSENSE": "man%1:18:00"
        },
        "start": 0,
        "end": 3
      },
      "root": "#V1412266"
    },
    {
      "V1412338": {
        "id": "V1412338",
        "indicator": "SPEECHACT",
        "type": "SA_IDENTIFY",
        "word": null,
        "roles": {
          "CONTENT": "#V1412283",
          "LEX": "-"
        },
        "start": 3,
        "end": 5
      },
      "V1412283": {
        "id": "V1412283",
        "indicator": "THE",
        "type": "QUANTITY-ABSTR",
        "word": null,
        "roles": {
          "FIGURE": "#V1412170"
        },
        "start": 3,
        "end": 5
      },
      "V1412170": {
        "id": "V1412170",
        "indicator": "A",
        "type": "QUANTITY-ABSTR",
        "word": null,
        "roles": {
          "SCALE": "DURATION-SCALE",
          "UNIT": "(:* TIME-UNIT SECOND)",
          "AMOUNT": "PLURAL",
          "LEX": "S",
          "WNSENSE": "time_unit%1:28:00"
        },
        "start": 3,
        "end": 5
      },
      "root": "#V1412338"
    },
    {
      "V1412513": {
        "id": "V1412513",
        "indicator": "SPEECHACT",
        "type": "SA_PRED-FRAGMENT",
        "word": null,
        "roles": {
          "PUNCTYPE": "DECL",
          "CONTENT": "#V1412212",
          "MOD": "#V1412184",
          "LEX": "NOW"
        },
        "start": 5,
        "end": 23
      },
      "V1412184": {
        "id": "V1412184",
        "indicator": "F",
        "type": "LIKELY-VAL",
        "word": "PROBABLY",
        "roles": {
          "FIGURE": "#V1412513",
          "SCALE": "LIKELY-SCALE",
          "LEX": "PROBABLY",
          "WNSENSE": "expected%3:00:00::"
        },
        "start": 5,
        "end": 14
      },
      "V1412212": {
        "id": "V1412212",
        "indicator": "F",
        "type": "NOW",
        "word": "NOW",
        "roles": {
          "FIGURE": "#V1412514",
          "MOD": "#V1412195",
          "LEX": "NOW",
          "WNSENSE": "now%4:02:05::"
        },
        "start": 14,
        "end": 22
      },
      "V1412514": {
        "id": "V1412514",
        "indicator": "IMPRO",
        "type": "ANY-SEM",
        "word": null,
        "roles": {},
        "start": 14,
        "end": 22
      },
      "V1412195": {
        "id": "V1412195",
        "indicator": "F",
        "type": "LOCATION-DISTANCE-MODIFIER",
        "word": "OUT",
        "roles": {
          "FIGURE": "#V1412212",
          "LEX": "OUT",
          "WNSENSE": "out%4:02:03::"
        },
        "start": 14,
        "end": 18
      },
      "root": "#V1412513"
    },
    {
      "V1412263": {
        "id": "V1412263",
        "indicator": "SPEECHACT",
        "type": "SA_IDENTIFY",
        "word": null,
        "roles": {
          "CONTENT": "#V1412166",
          "LEX": "HE"
        },
        "start": 0,
        "end": 3
      },
      "V1412166": {
        "id": "V1412166",
        "indicator": "PRO",
        "type": "MALE-PERSON",
        "word": "HE",
        "roles": {
          "PROFORM": "HE",
          "LEX": "HE",
          "WNSENSE": "man%1:18:00"
        },
        "start": 0,
        "end": 3
      },
      "root": "#V1412263"
    },
    {
      "V1412355": {
        "id": "V1412355",
        "indicator": "SPEECHACT",
        "type": "SA_IDENTIFY",
        "word": null,
        "roles": {
          "CONTENT": "#V1412169",
          "LEX": "S"
        },
        "start": 3,
        "end": 5
      },
      "V1412169": {
        "id": "V1412169",
        "indicator": "THE",
        "type": "LETTER-SYMBOL",
        "word": null,
        "roles": {
          "NAME-OF": "S",
          "LEX": "S",
          "WNSENSE": "s%1:10:00::"
        },
        "start": 3,
        "end": 5
      },
      "root": "#V1412355"
    },
    {
      "V1412513": {
        "id": "V1412513",
        "indicator": "SPEECHACT",
        "type": "SA_PRED-FRAGMENT",
        "word": null,
        "roles": {
          "PUNCTYPE": "DECL",
          "CONTENT": "#V1412212",
          "MOD": "#V1412184",
          "LEX": "NOW"
        },
        "start": 5,
        "end": 23
      },
      "V1412184": {
        "id": "V1412184",
        "indicator": "F",
        "type": "LIKELY-VAL",
        "word": "PROBABLY",
        "roles": {
          "FIGURE": "#V1412513",
          "SCALE": "LIKELY-SCALE",
          "LEX": "PROBABLY",
          "WNSENSE": "expected%3:00:00::"
        },
        "start": 5,
        "end": 14
      },
      "V1412212": {
        "id": "V1412212",
        "indicator": "F",
        "type": "NOW",
        "word": "NOW",
        "roles": {
          "FIGURE": "#V1412514",
          "MOD": "#V1412195",
          "LEX": "NOW",
          "WNSENSE": "now%4:02:05::"
        },
        "start": 14,
        "end": 22
      },
      "V1412514": {
        "id": "V1412514",
        "indicator": "IMPRO",
        "type": "ANY-SEM",
        "word": null,
        "roles": {},
        "start": 14,
        "end": 22
      },
      "V1412195": {
        "id": "V1412195",
        "indicator": "F",
        "type": "LOCATION-DISTANCE-MODIFIER",
        "word": "OUT",
        "roles": {
          "FIGURE": "#V1412212",
          "LEX": "OUT",
          "WNSENSE": "out%4:02:03::"
        },
        "start": 14,
        "end": 18
      },
      "root": "#V1412513"
    },
    {
      "V1412266": {
        "id": "V1412266",
        "indicator": "SPEECHACT",
        "type": "SA_IDENTIFY",
        "word": null,
        "roles": {
          "CONTENT": "#V1412233",
          "LEX": "-"
        },
        "start": 0,
        "end": 3
      },
      "V1412233": {
        "id": "V1412233",
        "indicator": "THE",
        "type": "QUANTITY-ABSTR",
        "word": null,
        "roles": {
          "FIGURE": "#V1412166"
        },
        "start": 0,
        "end": 3
      },
      "V1412166": {
        "id": "V1412166",
        "indicator": "PRO",
        "type": "MALE-PERSON",
        "word": "HE",
        "roles": {
          "PROFORM": "HE",
          "LEX": "HE",
          "WNSENSE": "man%1:18:00"
        },
        "start": 0,
        "end": 3
      },
      "root": "#V1412266"
    },
    {
      "V1412355": {
        "id": "V1412355",
        "indicator": "SPEECHACT",
        "type": "SA_IDENTIFY",
        "word": null,
        "roles": {
          "CONTENT": "#V1412169",
          "LEX": "S"
        },
        "start": 3,
        "end": 5
      },
      "V1412169": {
        "id": "V1412169",
        "indicator": "THE",
        "type": "LETTER-SYMBOL",
        "word": null,
        "roles": {
          "NAME-OF": "S",
          "LEX": "S",
          "WNSENSE": "s%1:10:00::"
        },
        "start": 3,
        "end": 5
      },
      "root": "#V1412355"
    },
    {
      "V1412513": {
        "id": "V1412513",
        "indicator": "SPEECHACT",
        "type": "SA_PRED-FRAGMENT",
        "word": null,
        "roles": {
          "PUNCTYPE": "DECL",
          "CONTENT": "#V1412212",
          "MOD": "#V1412184",
          "LEX": "NOW"
        },
        "start": 5,
        "end": 23
      },
      "V1412184": {
        "id": "V1412184",
        "indicator": "F",
        "type": "LIKELY-VAL",
        "word": "PROBABLY",
        "roles": {
          "FIGURE": "#V1412513",
          "SCALE": "LIKELY-SCALE",
          "LEX": "PROBABLY",
          "WNSENSE": "expected%3:00:00::"
        },
        "start": 5,
        "end": 14
      },
      "V1412212": {
        "id": "V1412212",
        "indicator": "F",
        "type": "NOW",
        "word": "NOW",
        "roles": {
          "FIGURE": "#V1412514",
          "MOD": "#V1412195",
          "LEX": "NOW",
          "WNSENSE": "now%4:02:05::"
        },
        "start": 14,
        "end": 22
      },
      "V1412514": {
        "id": "V1412514",
        "indicator": "IMPRO",
        "type": "ANY-SEM",
        "word": null,
        "roles": {},
        "start": 14,
        "end": 22
      },
      "V1412195": {
        "id": "V1412195",
        "indicator": "F",
        "type": "LOCATION-DISTANCE-MODIFIER",
        "word": "OUT",
        "roles": {
          "FIGURE": "#V1412212",
          "LEX": "OUT",
          "WNSENSE": "out%4:02:03::"
        },
        "start": 14,
        "end": 18
      },
      "root": "#V1412513"
    },
    {
      "V1412263": {
        "id": "V1412263",
        "indicator": "SPEECHACT",
        "type": "SA_IDENTIFY",
        "word": null,
        "roles": {
          "CONTENT": "#V1412166",
          "LEX": "HE"
        },
        "start": 0,
        "end": 3
      },
      "V1412166": {
        "id": "V1412166",
        "indicator": "PRO",
        "type": "MALE-PERSON",
        "word": "HE",
        "roles": {
          "PROFORM": "HE",
          "LEX": "HE",
          "WNSENSE": "man%1:18:00"
        },
        "start": 0,
        "end": 3
      },
      "root": "#V1412263"
    },
    {
      "V1412341": {
        "id": "V1412341",
        "indicator": "SPEECHACT",
        "type": "SA_IDENTIFY",
        "word": null,
        "roles": {
          "CONTENT": "#V1412291",
          "MOD": "#V1412184",
          "LEX": "-"
        },
        "start": 3,
        "end": 14
      },
      "V1412291": {
        "id": "V1412291",
        "indicator": "THE",
        "type": "QUANTITY-ABSTR",
        "word": null,
        "roles": {
          "FIGURE": "#V1412170"
        },
        "start": 3,
        "end": 5
      },
      "V1412170": {
        "id": "V1412170",
        "indicator": "A",
        "type": "QUANTITY-ABSTR",
        "word": null,
        "roles": {
          "SCALE": "DURATION-SCALE",
          "UNIT": "(:* TIME-UNIT SECOND)",
          "AMOUNT": "PLURAL",
          "LEX": "S",
          "WNSENSE": "time_unit%1:28:00"
        },
        "start": 3,
        "end": 5
      },
      "V1412184": {
        "id": "V1412184",
        "indicator": "F",
        "type": "LIKELY-VAL",
        "word": "PROBABLY",
        "roles": {
          "FIGURE": "#V1412341",
          "SCALE": "LIKELY-SCALE",
          "LEX": "PROBABLY",
          "WNSENSE": "expected%3:00:00::"
        },
        "start": 5,
        "end": 14
      },
      "root": "#V1412341"
    },
    {
      "V1412513": {
        "id": "V1412513",
        "indicator": "SPEECHACT",
        "type": "SA_PRED-FRAGMENT",
        "word": null,
        "roles": {
          "PUNCTYPE": "DECL",
          "CONTENT": "#V1412212",
          "LEX": "NOW"
        },
        "start": 14,
        "end": 23
      },
      "V1412212": {
        "id": "V1412212",
        "indicator": "F",
        "type": "NOW",
        "word": "NOW",
        "roles": {
          "FIGURE": "#V1412514",
          "MOD": "#V1412195",
          "LEX": "NOW",
          "WNSENSE": "now%4:02:05::"
        },
        "start": 14,
        "end": 22
      },
      "V1412514": {
        "id": "V1412514",
        "indicator": "IMPRO",
        "type": "ANY-SEM",
        "word": null,
        "roles": {},
        "start": 14,
        "end": 22
      },
      "V1412195": {
        "id": "V1412195",
        "indicator": "F",
        "type": "LOCATION-DISTANCE-MODIFIER",
        "word": "OUT",
        "roles": {
          "FIGURE": "#V1412212",
          "LEX": "OUT",
          "WNSENSE": "out%4:02:03::"
        },
        "start": 14,
        "end": 18
      },
      "root": "#V1412513"
    },
    {
      "V1412263": {
        "id": "V1412263",
        "indicator": "SPEECHACT",
        "type": "SA_IDENTIFY",
        "word": null,
        "roles": {
          "CONTENT": "#V1412166",
          "LEX": "HE"
        },
        "start": 0,
        "end": 3
      },
      "V1412166": {
        "id": "V1412166",
        "indicator": "PRO",
        "type": "MALE-PERSON",
        "word": "HE",
        "roles": {
          "PROFORM": "HE",
          "LEX": "HE",
          "WNSENSE": "man%1:18:00"
        },
        "start": 0,
        "end": 3
      },
      "root": "#V1412263"
    },
    {
      "V1412338": {
        "id": "V1412338",
        "indicator": "SPEECHACT",
        "type": "SA_IDENTIFY",
        "word": null,
        "roles": {
          "CONTENT": "#V1412283",
          "MOD": "#V1412184",
          "LEX": "-"
        },
        "start": 3,
        "end": 14
      },
      "V1412283": {
        "id": "V1412283",
        "indicator": "THE",
        "type": "QUANTITY-ABSTR",
        "word": null,
        "roles": {
          "FIGURE": "#V1412170"
        },
        "start": 3,
        "end": 5
      },
      "V1412170": {
        "id": "V1412170",
        "indicator": "A",
        "type": "QUANTITY-ABSTR",
        "word": null,
        "roles": {
          "SCALE": "DURATION-SCALE",
          "UNIT": "(:* TIME-UNIT SECOND)",
          "AMOUNT": "PLURAL",
          "LEX": "S",
          "WNSENSE": "time_unit%1:28:00"
        },
        "start": 3,
        "end": 5
      },
      "V1412184": {
        "id": "V1412184",
        "indicator": "F",
        "type": "LIKELY-VAL",
        "word": "PROBABLY",
        "roles": {
          "FIGURE": "#V1412338",
          "SCALE": "LIKELY-SCALE",
          "LEX": "PROBABLY",
          "WNSENSE": "expected%3:00:00::"
        },
        "start": 5,
        "end": 14
      },
      "root": "#V1412338"
    },
    {
      "V1412513": {
        "id": "V1412513",
        "indicator": "SPEECHACT",
        "type": "SA_PRED-FRAGMENT",
        "word": null,
        "roles": {
          "PUNCTYPE": "DECL",
          "CONTENT": "#V1412212",
          "LEX": "NOW"
        },
        "start": 14,
        "end": 23
      },
      "V1412212": {
        "id": "V1412212",
        "indicator": "F",
        "type": "NOW",
        "word": "NOW",
        "roles": {
          "FIGURE": "#V1412514",
          "MOD": "#V1412195",
          "LEX": "NOW",
          "WNSENSE": "now%4:02:05::"
        },
        "start": 14,
        "end": 22
      },
      "V1412514": {
        "id": "V1412514",
        "indicator": "IMPRO",
        "type": "ANY-SEM",
        "word": null,
        "roles": {},
        "start": 14,
        "end": 22
      },
      "V1412195": {
        "id": "V1412195",
        "indicator": "F",
        "type": "LOCATION-DISTANCE-MODIFIER",
        "word": "OUT",
        "roles": {
          "FIGURE": "#V1412212",
          "LEX": "OUT",
          "WNSENSE": "out%4:02:03::"
        },
        "start": 14,
        "end": 18
      },
      "root": "#V1412513"
    },
    {
      "V1412263": {
        "id": "V1412263",
        "indicator": "SPEECHACT",
        "type": "SA_IDENTIFY",
        "word": null,
        "roles": {
          "CONTENT": "#V1412166",
          "LEX": "HE"
        },
        "start": 0,
        "end": 3
      },
      "V1412166": {
        "id": "V1412166",
        "indicator": "PRO",
        "type": "MALE-PERSON",
        "word": "HE",
        "roles": {
          "PROFORM": "HE",
          "LEX": "HE",
          "WNSENSE": "man%1:18:00"
        },
        "start": 0,
        "end": 3
      },
      "root": "#V1412263"
    },
    {
      "V1412378": {
        "id": "V1412378",
        "indicator": "SPEECHACT",
        "type": "SA_IDENTIFY",
        "word": null,
        "roles": {
          "CONTENT": "#V1412345",
          "LEX": "S"
        },
        "start": 3,
        "end": 5
      },
      "V1412345": {
        "id": "V1412345",
        "indicator": "THE",
        "type": "TIME-LOC",
        "word": null,
        "roles": {
          "DAY-OF-WEEK": "#V1412302",
          "LEX": "S"
        },
        "start": 3,
        "end": 5
      },
      "V1412302": {
        "id": "V1412302",
        "indicator": "THE",
        "type": "SEQUENCE",
        "word": null,
        "roles": {
          "NAME-OF": "(S)",
          "VAL": "(S)",
          "LEX": "S"
        },
        "start": 3,
        "end": 5
      },
      "root": "#V1412378"
    },
    {
      "V1412513": {
        "id": "V1412513",
        "indicator": "SPEECHACT",
        "type": "SA_PRED-FRAGMENT",
        "word": null,
        "roles": {
          "PUNCTYPE": "DECL",
          "CONTENT": "#V1412212",
          "MOD": "#V1412184",
          "LEX": "NOW"
        },
        "start": 5,
        "end": 23
      },
      "V1412184": {
        "id": "V1412184",
        "indicator": "F",
        "type": "LIKELY-VAL",
        "word": "PROBABLY",
        "roles": {
          "FIGURE": "#V1412513",
          "SCALE": "LIKELY-SCALE",
          "LEX": "PROBABLY",
          "WNSENSE": "expected%3:00:00::"
        },
        "start": 5,
        "end": 14
      },
      "V1412212": {
        "id": "V1412212",
        "indicator": "F",
        "type": "NOW",
        "word": "NOW",
        "roles": {
          "FIGURE": "#V1412514",
          "MOD": "#V1412195",
          "LEX": "NOW",
          "WNSENSE": "now%4:02:05::"
        },
        "start": 14,
        "end": 22
      },
      "V1412514": {
        "id": "V1412514",
        "indicator": "IMPRO",
        "type": "ANY-SEM",
        "word": null,
        "roles": {},
        "start": 14,
        "end": 22
      },
      "V1412195": {
        "id": "V1412195",
        "indicator": "F",
        "type": "LOCATION-DISTANCE-MODIFIER",
        "word": "OUT",
        "roles": {
          "FIGURE": "#V1412212",
          "LEX": "OUT",
          "WNSENSE": "out%4:02:03::"
        },
        "start": 14,
        "end": 18
      },
      "root": "#V1412513"
    },
    {
      "V1412266": {
        "id": "V1412266",
        "indicator": "SPEECHACT",
        "type": "SA_IDENTIFY",
        "word": null,
        "roles": {
          "CONTENT": "#V1412233",
          "LEX": "-"
        },
        "start": 0,
        "end": 3
      },
      "V1412233": {
        "id": "V1412233",
        "indicator": "THE",
        "type": "QUANTITY-ABSTR",
        "word": null,
        "roles": {
          "FIGURE": "#V1412166"
        },
        "start": 0,
        "end": 3
      },
      "V1412166": {
        "id": "V1412166",
        "indicator": "PRO",
        "type": "MALE-PERSON",
        "word": "HE",
        "roles": {
          "PROFORM": "HE",
          "LEX": "HE",
          "WNSENSE": "man%1:18:00"
        },
        "start": 0,
        "end": 3
      },
      "root": "#V1412266"
    },
    {
      "V1412341": {
        "id": "V1412341",
        "indicator": "SPEECHACT",
        "type": "SA_IDENTIFY",
        "word": null,
        "roles": {
          "CONTENT": "#V1412291",
          "MOD": "#V1412184",
          "LEX": "-"
        },
        "start": 3,
        "end": 14
      },
      "V1412291": {
        "id": "V1412291",
        "indicator": "THE",
        "type": "QUANTITY-ABSTR",
        "word": null,
        "roles": {
          "FIGURE": "#V1412170"
        },
        "start": 3,
        "end": 5
      },
      "V1412170": {
        "id": "V1412170",
        "indicator": "A",
        "type": "QUANTITY-ABSTR",
        "word": null,
        "roles": {
          "SCALE": "DURATION-SCALE",
          "UNIT": "(:* TIME-UNIT SECOND)",
          "AMOUNT": "PLURAL",
          "LEX": "S",
          "WNSENSE": "time_unit%1:28:00"
        },
        "start": 3,
        "end": 5
      },
      "V1412184": {
        "id": "V1412184",
        "indicator": "F",
        "type": "LIKELY-VAL",
        "word": "PROBABLY",
        "roles": {
          "FIGURE": "#V1412341",
          "SCALE": "LIKELY-SCALE",
          "LEX": "PROBABLY",
          "WNSENSE": "expected%3:00:00::"
        },
        "start": 5,
        "end": 14
      },
      "root": "#V1412341"
    },
    {
      "V1412513": {
        "id": "V1412513",
        "indicator": "SPEECHACT",
        "type": "SA_PRED-FRAGMENT",
        "word": null,
        "roles": {
          "PUNCTYPE": "DECL",
          "CONTENT": "#V1412212",
          "LEX": "NOW"
        },
        "start": 14,
        "end": 23
      },
      "V1412212": {
        "id": "V1412212",
        "indicator": "F",
        "type": "NOW",
        "word": "NOW",
        "roles": {
          "FIGURE": "#V1412514",
          "MOD": "#V1412195",
          "LEX": "NOW",
          "WNSENSE": "now%4:02:05::"
        },
        "start": 14,
        "end": 22
      },
      "V1412514": {
        "id": "V1412514",
        "indicator": "IMPRO",
        "type": "ANY-SEM",
        "word": null,
        "roles": {},
        "start": 14,
        "end": 22
      },
      "V1412195": {
        "id": "V1412195",
        "indicator": "F",
        "type": "LOCATION-DISTANCE-MODIFIER",
        "word": "OUT",
        "roles": {
          "FIGURE": "#V1412212",
          "LEX": "OUT",
          "WNSENSE": "out%4:02:03::"
        },
        "start": 14,
        "end": 18
      },
      "root": "#V1412513"
    },
    {
      "V1412266": {
        "id": "V1412266",
        "indicator": "SPEECHACT",
        "type": "SA_IDENTIFY",
        "word": null,
        "roles": {
          "CONTENT": "#V1412233",
          "LEX": "-"
        },
        "start": 0,
        "end": 3
      },
      "V1412233": {
        "id": "V1412233",
        "indicator": "THE",
        "type": "QUANTITY-ABSTR",
        "word": null,
        "roles": {
          "FIGURE": "#V1412166"
        },
        "start": 0,
        "end": 3
      },
      "V1412166": {
        "id": "V1412166",
        "indicator": "PRO",
        "type": "MALE-PERSON",
        "word": "HE",
        "roles": {
          "PROFORM": "HE",
          "LEX": "HE",
          "WNSENSE": "man%1:18:00"
        },
        "start": 0,
        "end": 3
      },
      "root": "#V1412266"
    },
    {
      "V1412338": {
        "id": "V1412338",
        "indicator": "SPEECHACT",
        "type": "SA_IDENTIFY",
        "word": null,
        "roles": {
          "CONTENT": "#V1412283",
          "MOD": "#V1412184",
          "LEX": "-"
        },
        "start": 3,
        "end": 14
      },
      "V1412283": {
        "id": "V1412283",
        "indicator": "THE",
        "type": "QUANTITY-ABSTR",
        "word": null,
        "roles": {
          "FIGURE": "#V1412170"
        },
        "start": 3,
        "end": 5
      },
      "V1412170": {
        "id": "V1412170",
        "indicator": "A",
        "type": "QUANTITY-ABSTR",
        "word": null,
        "roles": {
          "SCALE": "DURATION-SCALE",
          "UNIT": "(:* TIME-UNIT SECOND)",
          "AMOUNT": "PLURAL",
          "LEX": "S",
          "WNSENSE": "time_unit%1:28:00"
        },
        "start": 3,
        "end": 5
      },
      "V1412184": {
        "id": "V1412184",
        "indicator": "F",
        "type": "LIKELY-VAL",
        "word": "PROBABLY",
        "roles": {
          "FIGURE": "#V1412338",
          "SCALE": "LIKELY-SCALE",
          "LEX": "PROBABLY",
          "WNSENSE": "expected%3:00:00::"
        },
        "start": 5,
        "end": 14
      },
      "root": "#V1412338"
    },
    {
      "V1412513": {
        "id": "V1412513",
        "indicator": "SPEECHACT",
        "type": "SA_PRED-FRAGMENT",
        "word": null,
        "roles": {
          "PUNCTYPE": "DECL",
          "CONTENT": "#V1412212",
          "LEX": "NOW"
        },
        "start": 14,
        "end": 23
      },
      "V1412212": {
        "id": "V1412212",
        "indicator": "F",
        "type": "NOW",
        "word": "NOW",
        "roles": {
          "FIGURE": "#V1412514",
          "MOD": "#V1412195",
          "LEX": "NOW",
          "WNSENSE": "now%4:02:05::"
        },
        "start": 14,
        "end": 22
      },
      "V1412514": {
        "id": "V1412514",
        "indicator": "IMPRO",
        "type": "ANY-SEM",
        "word": null,
        "roles": {},
        "start": 14,
        "end": 22
      },
      "V1412195": {
        "id": "V1412195",
        "indicator": "F",
        "type": "LOCATION-DISTANCE-MODIFIER",
        "word": "OUT",
        "roles": {
          "FIGURE": "#V1412212",
          "LEX": "OUT",
          "WNSENSE": "out%4:02:03::"
        },
        "start": 14,
        "end": 18
      },
      "root": "#V1412513"
    },
    {
      "V1412266": {
        "id": "V1412266",
        "indicator": "SPEECHACT",
        "type": "SA_IDENTIFY",
        "word": null,
        "roles": {
          "CONTENT": "#V1412233",
          "LEX": "-"
        },
        "start": 0,
        "end": 3
      },
      "V1412233": {
        "id": "V1412233",
        "indicator": "THE",
        "type": "QUANTITY-ABSTR",
        "word": null,
        "roles": {
          "FIGURE": "#V1412166"
        },
        "start": 0,
        "end": 3
      },
      "V1412166": {
        "id": "V1412166",
        "indicator": "PRO",
        "type": "MALE-PERSON",
        "word": "HE",
        "roles": {
          "PROFORM": "HE",
          "LEX": "HE",
          "WNSENSE": "man%1:18:00"
        },
        "start": 0,
        "end": 3
      },
      "root": "#V1412266"
    },
    {
      "V1412378": {
        "id": "V1412378",
        "indicator": "SPEECHACT",
        "type": "SA_IDENTIFY",
        "word": null,
        "roles": {
          "CONTENT": "#V1412345",
          "LEX": "S"
        },
        "start": 3,
        "end": 5
      },
      "V1412345": {
        "id": "V1412345",
        "indicator": "THE",
        "type": "TIME-LOC",
        "word": null,
        "roles": {
          "DAY-OF-WEEK": "#V1412302",
          "LEX": "S"
        },
        "start": 3,
        "end": 5
      },
      "V1412302": {
        "id": "V1412302",
        "indicator": "THE",
        "type": "SEQUENCE",
        "word": null,
        "roles": {
          "NAME-OF": "(S)",
          "VAL": "(S)",
          "LEX": "S"
        },
        "start": 3,
        "end": 5
      },
      "root": "#V1412378"
    },
    {
      "V1412513": {
        "id": "V1412513",
        "indicator": "SPEECHACT",
        "type": "SA_PRED-FRAGMENT",
        "word": null,
        "roles": {
          "PUNCTYPE": "DECL",
          "CONTENT": "#V1412212",
          "MOD": "#V1412184",
          "LEX": "NOW"
        },
        "start": 5,
        "end": 23
      },
      "V1412184": {
        "id": "V1412184",
        "indicator": "F",
        "type": "LIKELY-VAL",
        "word": "PROBABLY",
        "roles": {
          "FIGURE": "#V1412513",
          "SCALE": "LIKELY-SCALE",
          "LEX": "PROBABLY",
          "WNSENSE": "expected%3:00:00::"
        },
        "start": 5,
        "end": 14
      },
      "V1412212": {
        "id": "V1412212",
        "indicator": "F",
        "type": "NOW",
        "word": "NOW",
        "roles": {
          "FIGURE": "#V1412514",
          "MOD": "#V1412195",
          "LEX": "NOW",
          "WNSENSE": "now%4:02:05::"
        },
        "start": 14,
        "end": 22
      },
      "V1412514": {
        "id": "V1412514",
        "indicator": "IMPRO",
        "type": "ANY-SEM",
        "word": null,
        "roles": {},
        "start": 14,
        "end": 22
      },
      "V1412195": {
        "id": "V1412195",
        "indicator": "F",
        "type": "LOCATION-DISTANCE-MODIFIER",
        "word": "OUT",
        "roles": {
          "FIGURE": "#V1412212",
          "LEX": "OUT",
          "WNSENSE": "out%4:02:03::"
        },
        "start": 14,
        "end": 18
      },
      "root": "#V1412513"
    }
  ],
  "inputtags": [],
  "debug": [
    "*last-utt-id*=NIL  utt-id+291",
    "*last-utt-id*=291  utt-id+291",
    "*last-utt-id*=291  utt-id+291",
    "*last-utt-id*=291  utt-id+NIL"
  ]
}
