{
  "parse": [
    {
      "V1735717": {
        "id": "V1735717",
        "indicator": "F",
        "type": "SITUATION-ROOT",
        "word": null,
        "roles": {
          "OPERATOR": "(AND)",
          "SEQUENCE": "#V1735195",
          "SEQUENCE1": "#V1735240",
          "REASON": "#V1735348",
          "TENSE": "PAST",
          "LEX": "PUNC-AND"
        },
        "start": 0,
        "end": 72
      },
      "V1735240": {
        "id": "V1735240",
        "indicator": "F",
        "type": "ALLOW",
        "word": "LET",
        "roles": {
          "AGENT": "#V1735190",
          "AFFECTED": "#V1735273",
          "FORMAL": "#V1735278",
          "LEX": "LET",
          "WNSENSE": "let%2:41:00::"
        },
        "start": 0,
        "end": 72
      },
      "V1735195": {
        "id": "V1735195",
        "indicator": "F",
        "type": "ACTIVE-PERCEPTION",
        "word": "SEE",
        "roles": {
          "EXPERIENCER": "#V1735190",
          "NEUTRAL": "#V1735225",
          "LEX": "SAW",
          "WNSENSE": "see%2:39:00::"
        },
        "start": 0,
        "end": 72
      },
      "V1735190": {
        "id": "V1735190",
        "indicator": "A",
        "type": "FRIEND",
        "word": "FRIEND",
        "roles": {
          "MOD": "#V1735185",
          "LEX": "FRIEND",
          "WNSENSE": "friend%1:18:00::"
        },
        "start": 0,
        "end": 14
      },
      "V1735185": {
        "id": "V1735185",
        "indicator": "F",
        "type": "OLD-VAL",
        "word": "OLD",
        "roles": {
          "FIGURE": "#V1735190",
          "SCALE": "AGE-SCALE",
          "LEX": "OLD",
          "WNSENSE": "old%3:00:02::"
        },
        "start": 3,
        "end": 7
      },
      "V1735225": {
        "id": "V1735225",
        "indicator": "THE",
        "type": "LOC-AS-POINT",
        "word": "POST",
        "roles": {
          "ASSOC-POSS": "#V1735212",
          "LEX": "POST",
          "WNSENSE": "post%1:15:00::"
        },
        "start": 18,
        "end": 26
      },
      "V1735212": {
        "id": "V1735212",
        "indicator": "PRO",
        "type": "PERSON",
        "word": "MY",
        "roles": {
          "LEX": "MY",
          "PROFORM": "MY",
          "WNSENSE": "person%1:03:00",
          "COREF": "USER"
        },
        "start": 18,
        "end": 26
      },
      "V1735273": {
        "id": "V1735273",
        "indicator": "PRO",
        "type": "PERSON",
        "word": "ME",
        "roles": {
          "PROFORM": "ME",
          "LEX": "ME",
          "WNSENSE": "person%1:03:00",
          "COREF": "USER"
        },
        "start": 32,
        "end": 35
      },
      "V1735278": {
        "id": "V1735278",
        "indicator": "F",
        "type": "KNOW",
        "word": "KNOW",
        "roles": {
          "EXPERIENCER": "#V1735273",
          "FORMAL": "#V1735305",
          "VFORM": "BASE",
          "LEX": "KNOW",
          "WNSENSE": "know%2:31:01::"
        },
        "start": 35,
        "end": 60
      },
      "V1735305": {
        "id": "V1735305",
        "indicator": "F",
        "type": "GIVING",
        "word": "GIVE",
        "roles": {
          "AGENT": "#V1735298",
          "AFFECTED-RESULT": "#V1735331",
          "AFFECTED": "#V1735336",
          "PROP": "+",
          "TENSE": "PAST",
          "LEX": "GAVE",
          "WNSENSE": "give%2:40:03::"
        },
        "start": 40,
        "end": 60
      },
      "V1735298": {
        "id": "V1735298",
        "indicator": "PRO",
        "type": "REFERENTIAL-SEM",
        "word": "IT",
        "roles": {
          "PROFORM": "IT",
          "LEX": "IT",
          "WNSENSE": "entity%1:03:00",
          "COREF": "#V1735225"
        },
        "start": 40,
        "end": 43
      },
      "V1735331": {
        "id": "V1735331",
        "indicator": "PRO",
        "type": "FEMALE-PERSON",
        "word": "HER",
        "roles": {
          "PROFORM": "HER",
          "LEX": "HER",
          "WNSENSE": "woman%1:18:00",
          "COREF": "#V1735190"
        },
        "start": 48,
        "end": 52
      },
      "V1735336": {
        "id": "V1735336",
        "indicator": "BARE",
        "type": "COURAGE-SCALE",
        "word": "COURAGE",
        "roles": {
          "LEX": "COURAGE",
          "WNSENSE": "courage%1:07:00::"
        },
        "start": 52,
        "end": 60
      },
      "V1735348": {
        "id": "V1735348",
        "indicator": "F",
        "type": "PURPOSE",
        "word": "TO",
        "roles": {
          "GROUND": "#V1735371",
          "FIGURE": "#V1735717",
          "LEX": "TO"
        },
        "start": 60,
        "end": 72
      },
      "V1735371": {
        "id": "V1735371",
        "indicator": "F",
        "type": "SEND",
        "word": "POST",
        "roles": {
          "MOD": "#V1735376",
          "VFORM": "BASE",
          "LEX": "POST",
          "WNSENSE": "post%2:32:02::"
        },
        "start": 63,
        "end": 72
      },
      "V1735376": {
        "id": "V1735376",
        "indicator": "F",
        "type": "ADDITIVE",
        "word": "TOO",
        "roles": {
          "FIGURE": "#V1735371",
          "LEX": "TOO",
          "WNSENSE": "too%4:02:00::"
        },
        "start": 68,
        "end": 72
      },
      "root": "#V1735717"
    }
  ],
  "inputtags": [],
  "debug": [
    "*last-utt-id*=NIL  utt-id+311",
    "*last-utt-id*=311  utt-id+NIL"
  ]
}
