{
  "parse": [
    {
      "V485366": {
        "id": "V485366",
        "indicator": "SPEECHACT",
        "type": "SA_TELL",
        "word": null,
        "roles": {
          "PUNCTYPE": "DECL",
          "CONTENT": "#V485266",
          "LEX": "FORGET"
        },
        "start": 0,
        "end": 10
      },
      "V485266": {
        "id": "V485266",
        "indicator": "F",
        "type": "FORGET",
        "word": "FORGET",
        "roles": {
          "AGENT": "#V485258",
          "TENSE": "PRES",
          "LEX": "FORGET",
          "WNSENSE": "forget%2:31:01::"
        },
        "start": 0,
        "end": 10
      },
      "V485258": {
        "id": "V485258",
        "indicator": "PRO-SET",
        "type": "PERSON",
        "word": "WE",
        "roles": {
          "PROFORM": "WE",
          "LEX": "WE",
          "WNSENSE": "person%1:03:00",
          "COREF": "US"
        },
        "start": 0,
        "end": 3
      },
      "root": "#V485366"
    }
  ],
  "inputtags": [],
  "debug": [
    "*last-utt-id*=NIL  utt-id+82",
    "*last-utt-id*=82  utt-id+NIL"
  ]
}
