{
  "parse": [
    {
      "V2212934": {
        "id": "V2212934",
        "indicator": "SPEECHACT",
        "type": "SA_TELL",
        "word": null,
        "roles": {
          "PUNCTYPE": "DECL",
          "CONTENT": "#V2212083",
          "LEX": "STANDING"
        },
        "start": 0,
        "end": 68
      },
      "V2212083": {
        "id": "V2212083",
        "indicator": "F",
        "type": "BE-AT-LOC",
        "word": "STAND",
        "roles": {
          "TIME": "#V2212123",
          "NEUTRAL": "#V2212050",
          "LOCATION": "#V2212089",
          "TENSE": "PAST",
          "PROGR": "+",
          "LEX": "STANDING",
          "WNSENSE": "sit%2:35:00"
        },
        "start": 0,
        "end": 68
      },
      "V2212050": {
        "id": "V2212050",
        "indicator": "PRO",
        "type": "PERSON",
        "word": "I",
        "roles": {
          "PROFORM": "I",
          "LEX": "I",
          "WNSENSE": "person%1:03:00",
          "COREF": "USER"
        },
        "start": 0,
        "end": 2
      },
      "V2212089": {
        "id": "V2212089",
        "indicator": "F",
        "type": "OUTSIDE",
        "word": "OUTSIDE",
        "roles": {
          "GROUND": "#V2212110",
          "FIGURE": "#V2212083",
          "LEX": "OUTSIDE",
          "WNSENSE": "outside%4:02:00::"
        },
        "start": 15,
        "end": 33
      },
      "V2212110": {
        "id": "V2212110",
        "indicator": "THE",
        "type": "CABINET",
        "word": "LOCKER",
        "roles": {
          "ASSOC-POSS": "#V2212105",
          "LEX": "LOCKER",
          "WNSENSE": "locker%1:06:00::"
        },
        "start": 23,
        "end": 33
      },
      "V2212105": {
        "id": "V2212105",
        "indicator": "PRO",
        "type": "PERSON",
        "word": "MY",
        "roles": {
          "LEX": "MY",
          "PROFORM": "MY",
          "WNSENSE": "person%1:03:00",
          "COREF": "USER"
        },
        "start": 23,
        "end": 33
      },
      "V2212123": {
        "id": "V2212123",
        "indicator": "F",
        "type": "WHEN-WHILE",
        "word": "WHEN",
        "roles": {
          "GROUND": "#V2212183",
          "FIGURE": "#V2212083",
          "LEX": "WHEN"
        },
        "start": 33,
        "end": 68
      },
      "V2212183": {
        "id": "V2212183",
        "indicator": "F",
        "type": "ACQUIRE",
        "word": "GRAB",
        "roles": {
          "AGENT": "#V2212178",
          "AFFECTED": "#V2212189",
          "TENSE": "PAST",
          "LEX": "GRABBED",
          "WNSENSE": "grab%2:40:00::"
        },
        "start": 38,
        "end": 68
      },
      "V2212178": {
        "id": "V2212178",
        "indicator": "A",
        "type": "PERSON",
        "word": "CLASSMATE",
        "roles": {
          "LEX": "CLASSMATE",
          "WNSENSE": "classmate%1:18:00::"
        },
        "start": 38,
        "end": 50
      },
      "V2212189": {
        "id": "V2212189",
        "indicator": "THE",
        "type": "EXTERNAL-BODY-PART",
        "word": "BREAST",
        "roles": {
          "ASSOC-POSS": "#V2212186",
          "LEX": "BREAST",
          "WNSENSE": "breast%1:08:01::"
        },
        "start": 58,
        "end": 68
      },
      "V2212186": {
        "id": "V2212186",
        "indicator": "PRO",
        "type": "PERSON",
        "word": "MY",
        "roles": {
          "LEX": "MY",
          "PROFORM": "MY",
          "WNSENSE": "person%1:03:00",
          "COREF": "USER"
        },
        "start": 58,
        "end": 68
      },
      "root": "#V2212934"
    }
  ],
  "inputtags": [],
  "debug": [
    "*last-utt-id*=NIL  utt-id+380",
    "*last-utt-id*=380  utt-id+NIL"
  ]
}
