{
  "parse": [
    {
      "V1955854": {
        "id": "V1955854",
        "indicator": "SPEECHACT",
        "type": "SA_IDENTIFY",
        "word": null,
        "roles": {
          "PUNCTYPE": "DECL",
          "CONTENT": "#V1955566",
          "LEX": "(DAD 2)"
        },
        "start": 0,
        "end": 15
      },
      "V1955566": {
        "id": "V1955566",
        "indicator": "BARE",
        "type": "FAMILY-RELATION",
        "word": "DAD",
        "roles": {
          "ASSOC-WITH": "#V1955562",
          "NAME-OF": "(DAD 2)",
          "LEX": "(DAD 2)",
          "WNSENSE": "dad%1:18:00::"
        },
        "start": 0,
        "end": 15
      },
      "V1955562": {
        "id": "V1955562",
        "indicator": "KIND",
        "type": "FRIEND",
        "word": "FRIEND",
        "roles": {
          "WNSENSE": "friend%1:18:00::"
        },
        "start": 0,
        "end": 15
      },
      "root": "#V1955854"
    }
  ],
  "inputtags": [],
  "debug": [
    "*last-utt-id*=NIL  utt-id+355",
    "*last-utt-id*=355  utt-id+NIL"
  ]
}
