{
  "parse": [
    {
      "V1937544": {
        "id": "V1937544",
        "indicator": "SPEECHACT",
        "type": "SA_WH-QUESTION",
        "word": null,
        "roles": {
          "CONTENT": "#V1935048",
          "FOCUS": "#V1935184",
          "MOD": "#V1935002",
          "LEX": "WAS"
        },
        "start": 0,
        "end": 20
      },
      "V1935002": {
        "id": "V1935002",
        "indicator": "F",
        "type": "AGAIN",
        "word": "AGAIN",
        "roles": {
          "FIGURE": "#V1937544",
          "LEX": "AGAIN",
          "WNSENSE": "again%4:02:00::"
        },
        "start": 0,
        "end": 6
      },
      "V1935048": {
        "id": "V1935048",
        "indicator": "F",
        "type": "HAVE-PROPERTY",
        "word": "BE",
        "roles": {
          "NEUTRAL": "#V1935107",
          "FORMAL": "#V1935010",
          "TIME": "#V1935984",
          "LEX": "WAS"
        },
        "start": 6,
        "end": 20
      },
      "V1935010": {
        "id": "V1935010",
        "indicator": "F",
        "type": "EVENT-TIME-REL",
        "word": "WHEN",
        "roles": {
          "GROUND": "#V1935184",
          "FIGURE": "#V1935107",
          "LEX": "WHEN"
        },
        "start": 6,
        "end": 11
      },
      "V1935184": {
        "id": "V1935184",
        "indicator": "WH-TERM",
        "type": "TIME-POINT",
        "word": null,
        "roles": {
          "PROFORM": "WHEN",
          "SUCHTHAT": "#V1935010"
        },
        "start": 6,
        "end": 11
      },
      "V1935984": {
        "id": "V1935984",
        "indicator": "F",
        "type": "TIME-SPAN-REL",
        "word": null,
        "roles": {
          "FIGURE": "#V1935048",
          "GROUND": "#V1935997"
        },
        "start": 11,
        "end": 13
      },
      "V1935997": {
        "id": "V1935997",
        "indicator": "THE",
        "type": "TIME-LOC",
        "word": null,
        "roles": {
          "DAY-OF-WEEK": "#V1935773",
          "LEX": "I"
        },
        "start": 11,
        "end": 13
      },
      "V1935773": {
        "id": "V1935773",
        "indicator": "THE",
        "type": "SEQUENCE",
        "word": null,
        "roles": {
          "NAME-OF": "(I)",
          "VAL": "(I)",
          "LEX": "I"
        },
        "start": 11,
        "end": 13
      },
      "V1935107": {
        "id": "V1935107",
        "indicator": "BARE",
        "type": "LENGTH-UNIT",
        "word": "INCH",
        "roles": {
          "LEX": "IN",
          "WNSENSE": "inch%1:23:00::"
        },
        "start": 17,
        "end": 20
      },
      "root": "#V1937544"
    },
    {
      "V1935962": {
        "id": "V1935962",
        "indicator": "SPEECHACT",
        "type": "SA_IDENTIFY",
        "word": null,
        "roles": {
          "PUNCTYPE": "DECL",
          "CONTENT": "#V1935858",
          "LEX": "S"
        },
        "start": 24,
        "end": 31
      },
      "V1935858": {
        "id": "V1935858",
        "indicator": "THE",
        "type": "TIME-LOC",
        "word": null,
        "roles": {
          "DAY-OF-WEEK": "#V1935406",
          "LEX": "S"
        },
        "start": 24,
        "end": 31
      },
      "V1935406": {
        "id": "V1935406",
        "indicator": "THE",
        "type": "SEQUENCE",
        "word": null,
        "roles": {
          "NAME-OF": "(2 0 S)",
          "VAL": "(2 0 S)",
          "LEX": "S"
        },
        "start": 24,
        "end": 31
      },
      "root": "#V1935962"
    },
    {
      "V1937544": {
        "id": "V1937544",
        "indicator": "SPEECHACT",
        "type": "SA_WH-QUESTION",
        "word": null,
        "roles": {
          "CONTENT": "#V1935048",
          "FOCUS": "#V1935184",
          "MOD": "#V1935002",
          "LEX": "WAS"
        },
        "start": 0,
        "end": 20
      },
      "V1935002": {
        "id": "V1935002",
        "indicator": "F",
        "type": "AGAIN",
        "word": "AGAIN",
        "roles": {
          "FIGURE": "#V1937544",
          "LEX": "AGAIN",
          "WNSENSE": "again%4:02:00::"
        },
        "start": 0,
        "end": 6
      },
      "V1935048": {
        "id": "V1935048",
        "indicator": "F",
        "type": "HAVE-PROPERTY",
        "word": "BE",
        "roles": {
          "NEUTRAL": "#V1935107",
          "FORMAL": "#V1935010",
          "TIME": "#V1935984",
          "LEX": "WAS"
        },
        "start": 6,
        "end": 20
      },
      "V1935010": {
        "id": "V1935010",
        "indicator": "F",
        "type": "EVENT-TIME-REL",
        "word": "WHEN",
        "roles": {
          "GROUND": "#V1935184",
          "FIGURE": "#V1935107",
          "LEX": "WHEN"
        },
        "start": 6,
        "end": 11
      },
      "V1935184": {
        "id": "V1935184",
        "indicator": "WH-TERM",
        "type": "TIME-POINT",
        "word": null,
        "roles": {
          "PROFORM": "WHEN",
          "SUCHTHAT": "#V1935010"
        },
        "start": 6,
        "end": 11
      },
      "V1935984": {
        "id": "V1935984",
        "indicator": "F",
        "type": "TIME-SPAN-REL",
        "word": null,
        "roles": {
          "FIGURE": "#V1935048",
          "GROUND": "#V1935997"
        },
        "start": 11,
        "end": 13
      },
      "V1935997": {
        "id": "V1935997",
        "indicator": "THE",
        "type": "TIME-LOC",
        "word": null,
        "roles": {
          "DAY-OF-WEEK": "#V1935773",
          "LEX": "I"
        },
        "start": 11,
        "end": 13
      },
      "V1935773": {
        "id": "V1935773",
        "indicator": "THE",
        "type": "SEQUENCE",
        "word": null,
        "roles": {
          "NAME-OF": "(I)",
          "VAL": "(I)",
          "LEX": "I"
        },
        "start": 11,
        "end": 13
      },
      "V1935107": {
        "id": "V1935107",
        "indicator": "BARE",
        "type": "LENGTH-UNIT",
        "word": "INCH",
        "roles": {
          "LEX": "IN",
          "WNSENSE": "inch%1:23:00::"
        },
        "start": 17,
        "end": 20
      },
      "root": "#V1937544"
    },
    {
      "V1935962": {
        "id": "V1935962",
        "indicator": "SPEECHACT",
        "type": "SA_IDENTIFY",
        "word": null,
        "roles": {
          "PUNCTYPE": "DECL",
          "CONTENT": "#V1935858",
          "LEX": "S"
        },
        "start": 24,
        "end": 32
      },
      "V1935858": {
        "id": "V1935858",
        "indicator": "THE",
        "type": "TIME-LOC",
        "word": null,
        "roles": {
          "DAY-OF-WEEK": "#V1935406",
          "LEX": "S"
        },
        "start": 24,
        "end": 31
      },
      "V1935406": {
        "id": "V1935406",
        "indicator": "THE",
        "type": "SEQUENCE",
        "word": null,
        "roles": {
          "NAME-OF": "(2 0 S)",
          "VAL": "(2 0 S)",
          "LEX": "S"
        },
        "start": 24,
        "end": 31
      },
      "root": "#V1935962"
    },
    {
      "V1937544": {
        "id": "V1937544",
        "indicator": "SPEECHACT",
        "type": "SA_WH-QUESTION",
        "word": null,
        "roles": {
          "CONTENT": "#V1935048",
          "FOCUS": "#V1935184",
          "MOD": "#V1935002",
          "LEX": "WAS"
        },
        "start": 0,
        "end": 20
      },
      "V1935002": {
        "id": "V1935002",
        "indicator": "F",
        "type": "AGAIN",
        "word": "AGAIN",
        "roles": {
          "FIGURE": "#V1937544",
          "LEX": "AGAIN",
          "WNSENSE": "again%4:02:00::"
        },
        "start": 0,
        "end": 6
      },
      "V1935048": {
        "id": "V1935048",
        "indicator": "F",
        "type": "HAVE-PROPERTY",
        "word": "BE",
        "roles": {
          "NEUTRAL": "#V1935107",
          "FORMAL": "#V1935010",
          "TIME": "#V1935984",
          "LEX": "WAS"
        },
        "start": 6,
        "end": 20
      },
      "V1935010": {
        "id": "V1935010",
        "indicator": "F",
        "type": "EVENT-TIME-REL",
        "word": "WHEN",
        "roles": {
          "GROUND": "#V1935184",
          "FIGURE": "#V1935107",
          "LEX": "WHEN"
        },
        "start": 6,
        "end": 11
      },
      "V1935184": {
        "id": "V1935184",
        "indicator": "WH-TERM",
        "type": "TIME-POINT",
        "word": null,
        "roles": {
          "PROFORM": "WHEN",
          "SUCHTHAT": "#V1935010"
        },
        "start": 6,
        "end": 11
      },
      "V1935984": {
        "id": "V1935984",
        "indicator": "F",
        "type": "TIME-SPAN-REL",
        "word": null,
        "roles": {
          "FIGURE": "#V1935048",
          "GROUND": "#V1935997"
        },
        "start": 11,
        "end": 13
      },
      "V1935997": {
        "id": "V1935997",
        "indicator": "THE",
        "type": "TIME-LOC",
        "word": null,
        "roles": {
          "DAY-OF-WEEK": "#V1935773",
          "LEX": "I"
        },
        "start": 11,
        "end": 13
      },
      "V1935773": {
        "id": "V1935773",
        "indicator": "THE",
        "type": "SEQUENCE",
        "word": null,
        "roles": {
          "NAME-OF": "(I)",
          "VAL": "(I)",
          "LEX": "I"
        },
        "start": 11,
        "end": 13
      },
      "V1935107": {
        "id": "V1935107",
        "indicator": "BARE",
        "type": "LENGTH-UNIT",
        "word": "INCH",
        "roles": {
          "LEX": "IN",
          "WNSENSE": "inch%1:23:00::"
        },
        "start": 17,
        "end": 20
      },
      "root": "#V1937544"
    },
    {
      "V1935962": {
        "id": "V1935962",
        "indicator": "SPEECHACT",
        "type": "SA_IDENTIFY",
        "word": null,
        "roles": {
          "PUNCTYPE": "DECL",
          "CONTENT": "#V1935858",
          "LEX": "S"
        },
        "start": 24,
        "end": 32
      },
      "V1935858": {
        "id": "V1935858",
        "indicator": "THE",
        "type": "TIME-LOC",
        "word": null,
        "roles": {
          "DAY-OF-WEEK": "#V1935406",
          "LEX": "S"
        },
        "start": 24,
        "end": 31
      },
      "V1935406": {
        "id": "V1935406",
        "indicator": "THE",
        "type": "SEQUENCE",
        "word": null,
        "roles": {
          "NAME-OF": "(2 0 S)",
          "VAL": "(2 0 S)",
          "LEX": "S"
        },
        "start": 24,
        "end": 31
      },
      "root": "#V1935962"
    },
    {
      "V1937544": {
        "id": "V1937544",
        "indicator": "SPEECHACT",
        "type": "SA_WH-QUESTION",
        "word": null,
        "roles": {
          "CONTENT": "#V1935048",
          "FOCUS": "#V1935184",
          "MOD": "#V1935002",
          "LEX": "WAS"
        },
        "start": 0,
        "end": 20
      },
      "V1935002": {
        "id": "V1935002",
        "indicator": "F",
        "type": "AGAIN",
        "word": "AGAIN",
        "roles": {
          "FIGURE": "#V1937544",
          "LEX": "AGAIN",
          "WNSENSE": "again%4:02:00::"
        },
        "start": 0,
        "end": 6
      },
      "V1935048": {
        "id": "V1935048",
        "indicator": "F",
        "type": "HAVE-PROPERTY",
        "word": "BE",
        "roles": {
          "NEUTRAL": "#V1935107",
          "FORMAL": "#V1935010",
          "TIME": "#V1935984",
          "LEX": "WAS"
        },
        "start": 6,
        "end": 20
      },
      "V1935010": {
        "id": "V1935010",
        "indicator": "F",
        "type": "EVENT-TIME-REL",
        "word": "WHEN",
        "roles": {
          "GROUND": "#V1935184",
          "FIGURE": "#V1935107",
          "LEX": "WHEN"
        },
        "start": 6,
        "end": 11
      },
      "V1935184": {
        "id": "V1935184",
        "indicator": "WH-TERM",
        "type": "TIME-POINT",
        "word": null,
        "roles": {
          "PROFORM": "WHEN",
          "SUCHTHAT": "#V1935010"
        },
        "start": 6,
        "end": 11
      },
      "V1935984": {
        "id": "V1935984",
        "indicator": "F",
        "type": "TIME-SPAN-REL",
        "word": null,
        "roles": {
          "FIGURE": "#V1935048",
          "GROUND": "#V1935997"
        },
        "start": 11,
        "end": 13
      },
      "V1935997": {
        "id": "V1935997",
        "indicator": "THE",
        "type": "TIME-LOC",
        "word": null,
        "roles": {
          "DAY-OF-WEEK": "#V1935773",
          "LEX": "I"
        },
        "start": 11,
        "end": 13
      },
      "V1935773": {
        "id": "V1935773",
        "indicator": "THE",
        "type": "SEQUENCE",
        "word": null,
        "roles": {
          "NAME-OF": "(I)",
          "VAL": "(I)",
          "LEX": "I"
        },
        "start": 11,
        "end": 13
      },
      "V1935107": {
        "id": "V1935107",
        "indicator": "BARE",
        "type": "LENGTH-UNIT",
        "word": "INCH",
        "roles": {
          "LEX": "IN",
          "WNSENSE": "inch%1:23:00::"
        },
        "start": 17,
        "end": 20
      },
      "root": "#V1937544"
    },
    {
      "V1935962": {
        "id": "V1935962",
        "indicator": "SPEECHACT",
        "type": "SA_IDENTIFY",
        "word": null,
        "roles": {
          "PUNCTYPE": "DECL",
          "CONTENT": "#V1935858",
          "LEX": "S"
        },
        "start": 24,
        "end": 32
      },
      "V1935858": {
        "id": "V1935858",
        "indicator": "THE",
        "type": "TIME-LOC",
        "word": null,
        "roles": {
          "DAY-OF-WEEK": "#V1935406",
          "LEX": "S"
        },
        "start": 24,
        "end": 31
      },
      "V1935406": {
        "id": "V1935406",
        "indicator": "THE",
        "type": "SEQUENCE",
        "word": null,
        "roles": {
          "NAME-OF": "(2 0 S)",
          "VAL": "(2 0 S)",
          "LEX": "S"
        },
        "start": 24,
        "end": 31
      },
      "root": "#V1935962"
    },
    {
      "V1937544": {
        "id": "V1937544",
        "indicator": "SPEECHACT",
        "type": "SA_WH-QUESTION",
        "word": null,
        "roles": {
          "CONTENT": "#V1935048",
          "FOCUS": "#V1935184",
          "MOD": "#V1935002",
          "LEX": "WAS"
        },
        "start": 0,
        "end": 20
      },
      "V1935002": {
        "id": "V1935002",
        "indicator": "F",
        "type": "AGAIN",
        "word": "AGAIN",
        "roles": {
          "FIGURE": "#V1937544",
          "LEX": "AGAIN",
          "WNSENSE": "again%4:02:00::"
        },
        "start": 0,
        "end": 6
      },
      "V1935048": {
        "id": "V1935048",
        "indicator": "F",
        "type": "HAVE-PROPERTY",
        "word": "BE",
        "roles": {
          "NEUTRAL": "#V1935107",
          "FORMAL": "#V1935010",
          "TIME": "#V1935984",
          "LEX": "WAS"
        },
        "start": 6,
        "end": 20
      },
      "V1935010": {
        "id": "V1935010",
        "indicator": "F",
        "type": "EVENT-TIME-REL",
        "word": "WHEN",
        "roles": {
          "GROUND": "#V1935184",
          "FIGURE": "#V1935107",
          "LEX": "WHEN"
        },
        "start": 6,
        "end": 11
      },
      "V1935184": {
        "id": "V1935184",
        "indicator": "WH-TERM",
        "type": "TIME-POINT",
        "word": null,
        "roles": {
          "PROFORM": "WHEN",
          "SUCHTHAT": "#V1935010"
        },
        "start": 6,
        "end": 11
      },
      "V1935984": {
        "id": "V1935984",
        "indicator": "F",
        "type": "TIME-SPAN-REL",
        "word": null,
        "roles": {
          "FIGURE": "#V1935048",
          "GROUND": "#V1935997"
        },
        "start": 11,
        "end": 13
      },
      "V1935997": {
        "id": "V1935997",
        "indicator": "THE",
        "type": "TIME-LOC",
        "word": null,
        "roles": {
          "DAY-OF-WEEK": "#V1935773",
          "LEX": "I"
        },
        "start": 11,
        "end": 13
      },
      "V1935773": {
        "id": "V1935773",
        "indicator": "THE",
        "type": "SEQUENCE",
        "word": null,
        "roles": {
          "NAME-OF": "(I)",
          "VAL": "(I)",
          "LEX": "I"
        },
        "start": 11,
        "end": 13
      },
      "V1935107": {
        "id": "V1935107",
        "indicator": "BARE",
        "type": "LENGTH-UNIT",
        "word": "INCH",
        "roles": {
          "LEX": "IN",
          "WNSENSE": "inch%1:23:00::"
        },
        "start": 17,
        "end": 20
      },
      "root": "#V1937544"
    },
    {
      "V1936038": {
        "id": "V1936038",
        "indicator": "SPEECHACT",
        "type": "SA_IDENTIFY",
        "word": null,
        "roles": {
          "PUNCTYPE": "DECL",
          "CONTENT": "#V1935484",
          "LEX": "TWO"
        },
        "start": 24,
        "end": 32
      },
      "V1935484": {
        "id": "V1935484",
        "indicator": "THE",
        "type": "REFERENTIAL-SEM",
        "word": null,
        "roles": {
          "SIZE": "#V1935128",
          "MOD": "#V1935208",
          "LEX": "TWO"
        },
        "start": 24,
        "end": 31
      },
      "V1935128": {
        "id": "V1935128",
        "indicator": "A",
        "type": "NUMBER",
        "word": null,
        "roles": {
          "VALUE": "2",
          "LEX": "TWO"
        },
        "start": 24,
        "end": 27
      },
      "V1935208": {
        "id": "V1935208",
        "indicator": "F",
        "type": "ASSOC-WITH",
        "word": null,
        "roles": {
          "FIGURE": "#V1935484",
          "GROUND": "#V1935131",
          "LEX": "S",
          "WNSENSE": "time_unit%1:28:00"
        },
        "start": 27,
        "end": 31
      },
      "V1935131": {
        "id": "V1935131",
        "indicator": "A",
        "type": "QUANTITY-ABSTR",
        "word": null,
        "roles": {
          "UNIT": "(:* TIME-UNIT SECOND)",
          "AMOUNT": "0"
        },
        "start": 27,
        "end": 31
      },
      "root": "#V1936038"
    },
    {
      "V1937544": {
        "id": "V1937544",
        "indicator": "SPEECHACT",
        "type": "SA_WH-QUESTION",
        "word": null,
        "roles": {
          "CONTENT": "#V1935048",
          "FOCUS": "#V1935184",
          "MOD": "#V1935002",
          "LEX": "WAS"
        },
        "start": 0,
        "end": 20
      },
      "V1935002": {
        "id": "V1935002",
        "indicator": "F",
        "type": "AGAIN",
        "word": "AGAIN",
        "roles": {
          "FIGURE": "#V1937544",
          "LEX": "AGAIN",
          "WNSENSE": "again%4:02:00::"
        },
        "start": 0,
        "end": 6
      },
      "V1935048": {
        "id": "V1935048",
        "indicator": "F",
        "type": "HAVE-PROPERTY",
        "word": "BE",
        "roles": {
          "NEUTRAL": "#V1935107",
          "FORMAL": "#V1935010",
          "TIME": "#V1935984",
          "LEX": "WAS"
        },
        "start": 6,
        "end": 20
      },
      "V1935010": {
        "id": "V1935010",
        "indicator": "F",
        "type": "EVENT-TIME-REL",
        "word": "WHEN",
        "roles": {
          "GROUND": "#V1935184",
          "FIGURE": "#V1935107",
          "LEX": "WHEN"
        },
        "start": 6,
        "end": 11
      },
      "V1935184": {
        "id": "V1935184",
        "indicator": "WH-TERM",
        "type": "TIME-POINT",
        "word": null,
        "roles": {
          "PROFORM": "WHEN",
          "SUCHTHAT": "#V1935010"
        },
        "start": 6,
        "end": 11
      },
      "V1935984": {
        "id": "V1935984",
        "indicator": "F",
        "type": "TIME-SPAN-REL",
        "word": null,
        "roles": {
          "FIGURE": "#V1935048",
          "GROUND": "#V1935997"
        },
        "start": 11,
        "end": 13
      },
      "V1935997": {
        "id": "V1935997",
        "indicator": "THE",
        "type": "TIME-LOC",
        "word": null,
        "roles": {
          "DAY-OF-WEEK": "#V1935773",
          "LEX": "I"
        },
        "start": 11,
        "end": 13
      },
      "V1935773": {
        "id": "V1935773",
        "indicator": "THE",
        "type": "SEQUENCE",
        "word": null,
        "roles": {
          "NAME-OF": "(I)",
          "VAL": "(I)",
          "LEX": "I"
        },
        "start": 11,
        "end": 13
      },
      "V1935107": {
        "id": "V1935107",
        "indicator": "BARE",
        "type": "LENGTH-UNIT",
        "word": "INCH",
        "roles": {
          "LEX": "IN",
          "WNSENSE": "inch%1:23:00::"
        },
        "start": 17,
        "end": 20
      },
      "root": "#V1937544"
    },
    {
      "V1936036": {
        "id": "V1936036",
        "indicator": "SPEECHACT",
        "type": "SA_IDENTIFY",
        "word": null,
        "roles": {
          "PUNCTYPE": "DECL",
          "CONTENT": "#V1935484",
          "LEX": "TWO"
        },
        "start": 24,
        "end": 32
      },
      "V1935484": {
        "id": "V1935484",
        "indicator": "THE",
        "type": "REFERENTIAL-SEM",
        "word": null,
        "roles": {
          "SIZE": "#V1935128",
          "MOD": "#V1935208",
          "LEX": "TWO"
        },
        "start": 24,
        "end": 31
      },
      "V1935128": {
        "id": "V1935128",
        "indicator": "A",
        "type": "NUMBER",
        "word": null,
        "roles": {
          "VALUE": "2",
          "LEX": "TWO"
        },
        "start": 24,
        "end": 27
      },
      "V1935208": {
        "id": "V1935208",
        "indicator": "F",
        "type": "ASSOC-WITH",
        "word": null,
        "roles": {
          "FIGURE": "#V1935484",
          "GROUND": "#V1935131",
          "LEX": "S",
          "WNSENSE": "time_unit%1:28:00"
        },
        "start": 27,
        "end": 31
      },
      "V1935131": {
        "id": "V1935131",
        "indicator": "A",
        "type": "QUANTITY-ABSTR",
        "word": null,
        "roles": {
          "UNIT": "(:* TIME-UNIT SECOND)",
          "AMOUNT": "0"
        },
        "start": 27,
        "end": 31
      },
      "root": "#V1936036"
    },
    {
      "V1937544": {
        "id": "V1937544",
        "indicator": "SPEECHACT",
        "type": "SA_WH-QUESTION",
        "word": null,
        "roles": {
          "CONTENT": "#V1935048",
          "FOCUS": "#V1935184",
          "MOD": "#V1935002",
          "LEX": "WAS"
        },
        "start": 0,
        "end": 20
      },
      "V1935002": {
        "id": "V1935002",
        "indicator": "F",
        "type": "AGAIN",
        "word": "AGAIN",
        "roles": {
          "FIGURE": "#V1937544",
          "LEX": "AGAIN",
          "WNSENSE": "again%4:02:00::"
        },
        "start": 0,
        "end": 6
      },
      "V1935048": {
        "id": "V1935048",
        "indicator": "F",
        "type": "HAVE-PROPERTY",
        "word": "BE",
        "roles": {
          "NEUTRAL": "#V1935107",
          "FORMAL": "#V1935010",
          "TIME": "#V1935984",
          "LEX": "WAS"
        },
        "start": 6,
        "end": 20
      },
      "V1935010": {
        "id": "V1935010",
        "indicator": "F",
        "type": "EVENT-TIME-REL",
        "word": "WHEN",
        "roles": {
          "GROUND": "#V1935184",
          "FIGURE": "#V1935107",
          "LEX": "WHEN"
        },
        "start": 6,
        "end": 11
      },
      "V1935184": {
        "id": "V1935184",
        "indicator": "WH-TERM",
        "type": "TIME-POINT",
        "word": null,
        "roles": {
          "PROFORM": "WHEN",
          "SUCHTHAT": "#V1935010"
        },
        "start": 6,
        "end": 11
      },
      "V1935984": {
        "id": "V1935984",
        "indicator": "F",
        "type": "TIME-SPAN-REL",
        "word": null,
        "roles": {
          "FIGURE": "#V1935048",
          "GROUND": "#V1935997"
        },
        "start": 11,
        "end": 13
      },
      "V1935997": {
        "id": "V1935997",
        "indicator": "THE",
        "type": "TIME-LOC",
        "word": null,
        "roles": {
          "DAY-OF-WEEK": "#V1935773",
          "LEX": "I"
        },
        "start": 11,
        "end": 13
      },
      "V1935773": {
        "id": "V1935773",
        "indicator": "THE",
        "type": "SEQUENCE",
        "word": null,
        "roles": {
          "NAME-OF": "(I)",
          "VAL": "(I)",
          "LEX": "I"
        },
        "start": 11,
        "end": 13
      },
      "V1935107": {
        "id": "V1935107",
        "indicator": "BARE",
        "type": "LENGTH-UNIT",
        "word": "INCH",
        "roles": {
          "LEX": "IN",
          "WNSENSE": "inch%1:23:00::"
        },
        "start": 17,
        "end": 20
      },
      "root": "#V1937544"
    },
    {
      "V1936038": {
        "id": "V1936038",
        "indicator": "SPEECHACT",
        "type": "SA_IDENTIFY",
        "word": null,
        "roles": {
          "PUNCTYPE": "DECL",
          "CONTENT": "#V1935484",
          "LEX": "TWO"
        },
        "start": 24,
        "end": 32
      },
      "V1935484": {
        "id": "V1935484",
        "indicator": "THE",
        "type": "REFERENTIAL-SEM",
        "word": null,
        "roles": {
          "SIZE": "#V1935128",
          "MOD": "#V1935208",
          "LEX": "TWO"
        },
        "start": 24,
        "end": 31
      },
      "V1935128": {
        "id": "V1935128",
        "indicator": "A",
        "type": "NUMBER",
        "word": null,
        "roles": {
          "VALUE": "2",
          "LEX": "TWO"
        },
        "start": 24,
        "end": 27
      },
      "V1935208": {
        "id": "V1935208",
        "indicator": "F",
        "type": "ASSOC-WITH",
        "word": null,
        "roles": {
          "FIGURE": "#V1935484",
          "GROUND": "#V1935131",
          "LEX": "S",
          "WNSENSE": "time_unit%1:28:00"
        },
        "start": 27,
        "end": 31
      },
      "V1935131": {
        "id": "V1935131",
        "indicator": "A",
        "type": "QUANTITY-ABSTR",
        "word": null,
        "roles": {
          "UNIT": "(:* TIME-UNIT SECOND)",
          "AMOUNT": "0"
        },
        "start": 27,
        "end": 31
      },
      "root": "#V1936038"
    },
    {
      "V1937544": {
        "id": "V1937544",
        "indicator": "SPEECHACT",
        "type": "SA_WH-QUESTION",
        "word": null,
        "roles": {
          "CONTENT": "#V1935048",
          "FOCUS": "#V1935184",
          "MOD": "#V1935002",
          "LEX": "WAS"
        },
        "start": 0,
        "end": 20
      },
      "V1935002": {
        "id": "V1935002",
        "indicator": "F",
        "type": "AGAIN",
        "word": "AGAIN",
        "roles": {
          "FIGURE": "#V1937544",
          "LEX": "AGAIN",
          "WNSENSE": "again%4:02:00::"
        },
        "start": 0,
        "end": 6
      },
      "V1935048": {
        "id": "V1935048",
        "indicator": "F",
        "type": "HAVE-PROPERTY",
        "word": "BE",
        "roles": {
          "NEUTRAL": "#V1935107",
          "FORMAL": "#V1935010",
          "TIME": "#V1935984",
          "LEX": "WAS"
        },
        "start": 6,
        "end": 20
      },
      "V1935010": {
        "id": "V1935010",
        "indicator": "F",
        "type": "EVENT-TIME-REL",
        "word": "WHEN",
        "roles": {
          "GROUND": "#V1935184",
          "FIGURE": "#V1935107",
          "LEX": "WHEN"
        },
        "start": 6,
        "end": 11
      },
      "V1935184": {
        "id": "V1935184",
        "indicator": "WH-TERM",
        "type": "TIME-POINT",
        "word": null,
        "roles": {
          "PROFORM": "WHEN",
          "SUCHTHAT": "#V1935010"
        },
        "start": 6,
        "end": 11
      },
      "V1935984": {
        "id": "V1935984",
        "indicator": "F",
        "type": "TIME-SPAN-REL",
        "word": null,
        "roles": {
          "FIGURE": "#V1935048",
          "GROUND": "#V1935997"
        },
        "start": 11,
        "end": 13
      },
      "V1935997": {
        "id": "V1935997",
        "indicator": "THE",
        "type": "TIME-LOC",
        "word": null,
        "roles": {
          "DAY-OF-WEEK": "#V1935773",
          "LEX": "I"
        },
        "start": 11,
        "end": 13
      },
      "V1935773": {
        "id": "V1935773",
        "indicator": "THE",
        "type": "SEQUENCE",
        "word": null,
        "roles": {
          "NAME-OF": "(I)",
          "VAL": "(I)",
          "LEX": "I"
        },
        "start": 11,
        "end": 13
      },
      "V1935107": {
        "id": "V1935107",
        "indicator": "BARE",
        "type": "LENGTH-UNIT",
        "word": "INCH",
        "roles": {
          "LEX": "IN",
          "WNSENSE": "inch%1:23:00::"
        },
        "start": 17,
        "end": 20
      },
      "root": "#V1937544"
    },
    {
      "V1936036": {
        "id": "V1936036",
        "indicator": "SPEECHACT",
        "type": "SA_IDENTIFY",
        "word": null,
        "roles": {
          "PUNCTYPE": "DECL",
          "CONTENT": "#V1935484",
          "LEX": "TWO"
        },
        "start": 24,
        "end": 32
      },
      "V1935484": {
        "id": "V1935484",
        "indicator": "THE",
        "type": "REFERENTIAL-SEM",
        "word": null,
        "roles": {
          "SIZE": "#V1935128",
          "MOD": "#V1935208",
          "LEX": "TWO"
        },
        "start": 24,
        "end": 31
      },
      "V1935128": {
        "id": "V1935128",
        "indicator": "A",
        "type": "NUMBER",
        "word": null,
        "roles": {
          "VALUE": "2",
          "LEX": "TWO"
        },
        "start": 24,
        "end": 27
      },
      "V1935208": {
        "id": "V1935208",
        "indicator": "F",
        "type": "ASSOC-WITH",
        "word": null,
        "roles": {
          "FIGURE": "#V1935484",
          "GROUND": "#V1935131",
          "LEX": "S",
          "WNSENSE": "time_unit%1:28:00"
        },
        "start": 27,
        "end": 31
      },
      "V1935131": {
        "id": "V1935131",
        "indicator": "A",
        "type": "QUANTITY-ABSTR",
        "word": null,
        "roles": {
          "UNIT": "(:* TIME-UNIT SECOND)",
          "AMOUNT": "0"
        },
        "start": 27,
        "end": 31
      },
      "root": "#V1936036"
    },
    {
      "V1937544": {
        "id": "V1937544",
        "indicator": "SPEECHACT",
        "type": "SA_WH-QUESTION",
        "word": null,
        "roles": {
          "CONTENT": "#V1935048",
          "FOCUS": "#V1935184",
          "MOD": "#V1935002",
          "LEX": "WAS"
        },
        "start": 0,
        "end": 20
      },
      "V1935002": {
        "id": "V1935002",
        "indicator": "F",
        "type": "AGAIN",
        "word": "AGAIN",
        "roles": {
          "FIGURE": "#V1937544",
          "LEX": "AGAIN",
          "WNSENSE": "again%4:02:00::"
        },
        "start": 0,
        "end": 6
      },
      "V1935048": {
        "id": "V1935048",
        "indicator": "F",
        "type": "HAVE-PROPERTY",
        "word": "BE",
        "roles": {
          "NEUTRAL": "#V1935107",
          "FORMAL": "#V1935010",
          "TIME": "#V1935984",
          "LEX": "WAS"
        },
        "start": 6,
        "end": 20
      },
      "V1935010": {
        "id": "V1935010",
        "indicator": "F",
        "type": "EVENT-TIME-REL",
        "word": "WHEN",
        "roles": {
          "GROUND": "#V1935184",
          "FIGURE": "#V1935107",
          "LEX": "WHEN"
        },
        "start": 6,
        "end": 11
      },
      "V1935184": {
        "id": "V1935184",
        "indicator": "WH-TERM",
        "type": "TIME-POINT",
        "word": null,
        "roles": {
          "PROFORM": "WHEN",
          "SUCHTHAT": "#V1935010"
        },
        "start": 6,
        "end": 11
      },
      "V1935984": {
        "id": "V1935984",
        "indicator": "F",
        "type": "TIME-SPAN-REL",
        "word": null,
        "roles": {
          "FIGURE": "#V1935048",
          "GROUND": "#V1935997"
        },
        "start": 11,
        "end": 13
      },
      "V1935997": {
        "id": "V1935997",
        "indicator": "THE",
        "type": "TIME-LOC",
        "word": null,
        "roles": {
          "DAY-OF-WEEK": "#V1935773",
          "LEX": "I"
        },
        "start": 11,
        "end": 13
      },
      "V1935773": {
        "id": "V1935773",
        "indicator": "THE",
        "type": "SEQUENCE",
        "word": null,
        "roles": {
          "NAME-OF": "(I)",
          "VAL": "(I)",
          "LEX": "I"
        },
        "start": 11,
        "end": 13
      },
      "V1935107": {
        "id": "V1935107",
        "indicator": "BARE",
        "type": "LENGTH-UNIT",
        "word": "INCH",
        "roles": {
          "LEX": "IN",
          "WNSENSE": "inch%1:23:00::"
        },
        "start": 17,
        "end": 20
      },
      "root": "#V1937544"
    },
    {
      "V1936038": {
        "id": "V1936038",
        "indicator": "SPEECHACT",
        "type": "SA_IDENTIFY",
        "word": null,
        "roles": {
          "PUNCTYPE": "DECL",
          "CONTENT": "#V1935484",
          "LEX": "TWO"
        },
        "start": 24,
        "end": 32
      },
      "V1935484": {
        "id": "V1935484",
        "indicator": "THE",
        "type": "REFERENTIAL-SEM",
        "word": null,
        "roles": {
          "SIZE": "#V1935128",
          "MOD": "#V1935208",
          "LEX": "TWO"
        },
        "start": 24,
        "end": 31
      },
      "V1935128": {
        "id": "V1935128",
        "indicator": "A",
        "type": "NUMBER",
        "word": null,
        "roles": {
          "VALUE": "2",
          "LEX": "TWO"
        },
        "start": 24,
        "end": 27
      },
      "V1935208": {
        "id": "V1935208",
        "indicator": "F",
        "type": "ASSOC-WITH",
        "word": null,
        "roles": {
          "FIGURE": "#V1935484",
          "GROUND": "#V1935131",
          "LEX": "S",
          "WNSENSE": "time_unit%1:28:00"
        },
        "start": 27,
        "end": 31
      },
      "V1935131": {
        "id": "V1935131",
        "indicator": "A",
        "type": "QUANTITY-ABSTR",
        "word": null,
        "roles": {
          "UNIT": "(:* TIME-UNIT SECOND)",
          "AMOUNT": "0"
        },
        "start": 27,
        "end": 31
      },
      "root": "#V1936038"
    },
    {
      "V1937544": {
        "id": "V1937544",
        "indicator": "SPEECHACT",
        "type": "SA_WH-QUESTION",
        "word": null,
        "roles": {
          "CONTENT": "#V1935048",
          "FOCUS": "#V1935184",
          "MOD": "#V1935002",
          "LEX": "WAS"
        },
        "start": 0,
        "end": 20
      },
      "V1935002": {
        "id": "V1935002",
        "indicator": "F",
        "type": "AGAIN",
        "word": "AGAIN",
        "roles": {
          "FIGURE": "#V1937544",
          "LEX": "AGAIN",
          "WNSENSE": "again%4:02:00::"
        },
        "start": 0,
        "end": 6
      },
      "V1935048": {
        "id": "V1935048",
        "indicator": "F",
        "type": "HAVE-PROPERTY",
        "word": "BE",
        "roles": {
          "NEUTRAL": "#V1935107",
          "FORMAL": "#V1935010",
          "TIME": "#V1935984",
          "LEX": "WAS"
        },
        "start": 6,
        "end": 20
      },
      "V1935010": {
        "id": "V1935010",
        "indicator": "F",
        "type": "EVENT-TIME-REL",
        "word": "WHEN",
        "roles": {
          "GROUND": "#V1935184",
          "FIGURE": "#V1935107",
          "LEX": "WHEN"
        },
        "start": 6,
        "end": 11
      },
      "V1935184": {
        "id": "V1935184",
        "indicator": "WH-TERM",
        "type": "TIME-POINT",
        "word": null,
        "roles": {
          "PROFORM": "WHEN",
          "SUCHTHAT": "#V1935010"
        },
        "start": 6,
        "end": 11
      },
      "V1935984": {
        "id": "V1935984",
        "indicator": "F",
        "type": "TIME-SPAN-REL",
        "word": null,
        "roles": {
          "FIGURE": "#V1935048",
          "GROUND": "#V1935997"
        },
        "start": 11,
        "end": 13
      },
      "V1935997": {
        "id": "V1935997",
        "indicator": "THE",
        "type": "TIME-LOC",
        "word": null,
        "roles": {
          "DAY-OF-WEEK": "#V1935773",
          "LEX": "I"
        },
        "start": 11,
        "end": 13
      },
      "V1935773": {
        "id": "V1935773",
        "indicator": "THE",
        "type": "SEQUENCE",
        "word": null,
        "roles": {
          "NAME-OF": "(I)",
          "VAL": "(I)",
          "LEX": "I"
        },
        "start": 11,
        "end": 13
      },
      "V1935107": {
        "id": "V1935107",
        "indicator": "BARE",
        "type": "LENGTH-UNIT",
        "word": "INCH",
        "roles": {
          "LEX": "IN",
          "WNSENSE": "inch%1:23:00::"
        },
        "start": 17,
        "end": 20
      },
      "root": "#V1937544"
    },
    {
      "V1936036": {
        "id": "V1936036",
        "indicator": "SPEECHACT",
        "type": "SA_IDENTIFY",
        "word": null,
        "roles": {
          "PUNCTYPE": "DECL",
          "CONTENT": "#V1935484",
          "LEX": "TWO"
        },
        "start": 24,
        "end": 32
      },
      "V1935484": {
        "id": "V1935484",
        "indicator": "THE",
        "type": "REFERENTIAL-SEM",
        "word": null,
        "roles": {
          "SIZE": "#V1935128",
          "MOD": "#V1935208",
          "LEX": "TWO"
        },
        "start": 24,
        "end": 31
      },
      "V1935128": {
        "id": "V1935128",
        "indicator": "A",
        "type": "NUMBER",
        "word": null,
        "roles": {
          "VALUE": "2",
          "LEX": "TWO"
        },
        "start": 24,
        "end": 27
      },
      "V1935208": {
        "id": "V1935208",
        "indicator": "F",
        "type": "ASSOC-WITH",
        "word": null,
        "roles": {
          "FIGURE": "#V1935484",
          "GROUND": "#V1935131",
          "LEX": "S",
          "WNSENSE": "time_unit%1:28:00"
        },
        "start": 27,
        "end": 31
      },
      "V1935131": {
        "id": "V1935131",
        "indicator": "A",
        "type": "QUANTITY-ABSTR",
        "word": null,
        "roles": {
          "UNIT": "(:* TIME-UNIT SECOND)",
          "AMOUNT": "0"
        },
        "start": 27,
        "end": 31
      },
      "root": "#V1936036"
    },
    {
      "V1937544": {
        "id": "V1937544",
        "indicator": "SPEECHACT",
        "type": "SA_WH-QUESTION",
        "word": null,
        "roles": {
          "CONTENT": "#V1935048",
          "FOCUS": "#V1935184",
          "MOD": "#V1935002",
          "LEX": "WAS"
        },
        "start": 0,
        "end": 20
      },
      "V1935002": {
        "id": "V1935002",
        "indicator": "F",
        "type": "AGAIN",
        "word": "AGAIN",
        "roles": {
          "FIGURE": "#V1937544",
          "LEX": "AGAIN",
          "WNSENSE": "again%4:02:00::"
        },
        "start": 0,
        "end": 6
      },
      "V1935048": {
        "id": "V1935048",
        "indicator": "F",
        "type": "HAVE-PROPERTY",
        "word": "BE",
        "roles": {
          "NEUTRAL": "#V1935107",
          "FORMAL": "#V1935010",
          "TIME": "#V1935984",
          "LEX": "WAS"
        },
        "start": 6,
        "end": 20
      },
      "V1935010": {
        "id": "V1935010",
        "indicator": "F",
        "type": "EVENT-TIME-REL",
        "word": "WHEN",
        "roles": {
          "GROUND": "#V1935184",
          "FIGURE": "#V1935107",
          "LEX": "WHEN"
        },
        "start": 6,
        "end": 11
      },
      "V1935184": {
        "id": "V1935184",
        "indicator": "WH-TERM",
        "type": "TIME-POINT",
        "word": null,
        "roles": {
          "PROFORM": "WHEN",
          "SUCHTHAT": "#V1935010"
        },
        "start": 6,
        "end": 11
      },
      "V1935984": {
        "id": "V1935984",
        "indicator": "F",
        "type": "TIME-SPAN-REL",
        "word": null,
        "roles": {
          "FIGURE": "#V1935048",
          "GROUND": "#V1935997"
        },
        "start": 11,
        "end": 13
      },
      "V1935997": {
        "id": "V1935997",
        "indicator": "THE",
        "type": "TIME-LOC",
        "word": null,
        "roles": {
          "DAY-OF-WEEK": "#V1935773",
          "LEX": "I"
        },
        "start": 11,
        "end": 13
      },
      "V1935773": {
        "id": "V1935773",
        "indicator": "THE",
        "type": "SEQUENCE",
        "word": null,
        "roles": {
          "NAME-OF": "(I)",
          "VAL": "(I)",
          "LEX": "I"
        },
        "start": 11,
        "end": 13
      },
      "V1935107": {
        "id": "V1935107",
        "indicator": "BARE",
        "type": "LENGTH-UNIT",
        "word": "INCH",
        "roles": {
          "LEX": "IN",
          "WNSENSE": "inch%1:23:00::"
        },
        "start": 17,
        "end": 20
      },
      "root": "#V1937544"
    },
    {
      "V1936038": {
        "id": "V1936038",
        "indicator": "SPEECHACT",
        "type": "SA_IDENTIFY",
        "word": null,
        "roles": {
          "PUNCTYPE": "DECL",
          "CONTENT": "#V1935484",
          "LEX": "TWO"
        },
        "start": 24,
        "end": 32
      },
      "V1935484": {
        "id": "V1935484",
        "indicator": "THE",
        "type": "REFERENTIAL-SEM",
        "word": null,
        "roles": {
          "SIZE": "#V1935128",
          "MOD": "#V1935208",
          "LEX": "TWO"
        },
        "start": 24,
        "end": 31
      },
      "V1935128": {
        "id": "V1935128",
        "indicator": "A",
        "type": "NUMBER",
        "word": null,
        "roles": {
          "VALUE": "2",
          "LEX": "TWO"
        },
        "start": 24,
        "end": 27
      },
      "V1935208": {
        "id": "V1935208",
        "indicator": "F",
        "type": "ASSOC-WITH",
        "word": null,
        "roles": {
          "FIGURE": "#V1935484",
          "GROUND": "#V1935131",
          "LEX": "S",
          "WNSENSE": "time_unit%1:28:00"
        },
        "start": 27,
        "end": 31
      },
      "V1935131": {
        "id": "V1935131",
        "indicator": "A",
        "type": "QUANTITY-ABSTR",
        "word": null,
        "roles": {
          "UNIT": "(:* TIME-UNIT SECOND)",
          "AMOUNT": "0"
        },
        "start": 27,
        "end": 31
      },
      "root": "#V1936038"
    },
    {
      "V1937544": {
        "id": "V1937544",
        "indicator": "SPEECHACT",
        "type": "SA_WH-QUESTION",
        "word": null,
        "roles": {
          "CONTENT": "#V1935048",
          "FOCUS": "#V1935184",
          "MOD": "#V1935002",
          "LEX": "WAS"
        },
        "start": 0,
        "end": 20
      },
      "V1935002": {
        "id": "V1935002",
        "indicator": "F",
        "type": "AGAIN",
        "word": "AGAIN",
        "roles": {
          "FIGURE": "#V1937544",
          "LEX": "AGAIN",
          "WNSENSE": "again%4:02:00::"
        },
        "start": 0,
        "end": 6
      },
      "V1935048": {
        "id": "V1935048",
        "indicator": "F",
        "type": "HAVE-PROPERTY",
        "word": "BE",
        "roles": {
          "NEUTRAL": "#V1935107",
          "FORMAL": "#V1935010",
          "TIME": "#V1935984",
          "LEX": "WAS"
        },
        "start": 6,
        "end": 20
      },
      "V1935010": {
        "id": "V1935010",
        "indicator": "F",
        "type": "EVENT-TIME-REL",
        "word": "WHEN",
        "roles": {
          "GROUND": "#V1935184",
          "FIGURE": "#V1935107",
          "LEX": "WHEN"
        },
        "start": 6,
        "end": 11
      },
      "V1935184": {
        "id": "V1935184",
        "indicator": "WH-TERM",
        "type": "TIME-POINT",
        "word": null,
        "roles": {
          "PROFORM": "WHEN",
          "SUCHTHAT": "#V1935010"
        },
        "start": 6,
        "end": 11
      },
      "V1935984": {
        "id": "V1935984",
        "indicator": "F",
        "type": "TIME-SPAN-REL",
        "word": null,
        "roles": {
          "FIGURE": "#V1935048",
          "GROUND": "#V1935997"
        },
        "start": 11,
        "end": 13
      },
      "V1935997": {
        "id": "V1935997",
        "indicator": "THE",
        "type": "TIME-LOC",
        "word": null,
        "roles": {
          "DAY-OF-WEEK": "#V1935773",
          "LEX": "I"
        },
        "start": 11,
        "end": 13
      },
      "V1935773": {
        "id": "V1935773",
        "indicator": "THE",
        "type": "SEQUENCE",
        "word": null,
        "roles": {
          "NAME-OF": "(I)",
          "VAL": "(I)",
          "LEX": "I"
        },
        "start": 11,
        "end": 13
      },
      "V1935107": {
        "id": "V1935107",
        "indicator": "BARE",
        "type": "LENGTH-UNIT",
        "word": "INCH",
        "roles": {
          "LEX": "IN",
          "WNSENSE": "inch%1:23:00::"
        },
        "start": 17,
        "end": 20
      },
      "root": "#V1937544"
    },
    {
      "V1936036": {
        "id": "V1936036",
        "indicator": "SPEECHACT",
        "type": "SA_IDENTIFY",
        "word": null,
        "roles": {
          "PUNCTYPE": "DECL",
          "CONTENT": "#V1935484",
          "LEX": "TWO"
        },
        "start": 24,
        "end": 32
      },
      "V1935484": {
        "id": "V1935484",
        "indicator": "THE",
        "type": "REFERENTIAL-SEM",
        "word": null,
        "roles": {
          "SIZE": "#V1935128",
          "MOD": "#V1935208",
          "LEX": "TWO"
        },
        "start": 24,
        "end": 31
      },
      "V1935128": {
        "id": "V1935128",
        "indicator": "A",
        "type": "NUMBER",
        "word": null,
        "roles": {
          "VALUE": "2",
          "LEX": "TWO"
        },
        "start": 24,
        "end": 27
      },
      "V1935208": {
        "id": "V1935208",
        "indicator": "F",
        "type": "ASSOC-WITH",
        "word": null,
        "roles": {
          "FIGURE": "#V1935484",
          "GROUND": "#V1935131",
          "LEX": "S",
          "WNSENSE": "time_unit%1:28:00"
        },
        "start": 27,
        "end": 31
      },
      "V1935131": {
        "id": "V1935131",
        "indicator": "A",
        "type": "QUANTITY-ABSTR",
        "word": null,
        "roles": {
          "UNIT": "(:* TIME-UNIT SECOND)",
          "AMOUNT": "0"
        },
        "start": 27,
        "end": 31
      },
      "root": "#V1936036"
    },
    {
      "V1937582": {
        "id": "V1937582",
        "indicator": "SPEECHACT",
        "type": "SA_WH-QUESTION",
        "word": null,
        "roles": {
          "CONTENT": "#V1935048",
          "FOCUS": "#V1935184",
          "MOD": "#V1935002",
          "LEX": "WAS"
        },
        "start": 0,
        "end": 20
      },
      "V1935002": {
        "id": "V1935002",
        "indicator": "F",
        "type": "AGAIN",
        "word": "AGAIN",
        "roles": {
          "FIGURE": "#V1937582",
          "LEX": "AGAIN",
          "WNSENSE": "again%4:02:00::"
        },
        "start": 0,
        "end": 6
      },
      "V1935048": {
        "id": "V1935048",
        "indicator": "F",
        "type": "HAVE-PROPERTY",
        "word": "BE",
        "roles": {
          "NEUTRAL": "#V1936313",
          "FORMAL": "#V1935010",
          "TIME": "#V1935984",
          "LEX": "WAS"
        },
        "start": 6,
        "end": 20
      },
      "V1935010": {
        "id": "V1935010",
        "indicator": "F",
        "type": "EVENT-TIME-REL",
        "word": "WHEN",
        "roles": {
          "GROUND": "#V1935184",
          "FIGURE": "#V1936313",
          "LEX": "WHEN"
        },
        "start": 6,
        "end": 11
      },
      "V1935184": {
        "id": "V1935184",
        "indicator": "WH-TERM",
        "type": "TIME-POINT",
        "word": null,
        "roles": {
          "PROFORM": "WHEN",
          "SUCHTHAT": "#V1935010"
        },
        "start": 6,
        "end": 11
      },
      "V1935984": {
        "id": "V1935984",
        "indicator": "F",
        "type": "TIME-SPAN-REL",
        "word": null,
        "roles": {
          "FIGURE": "#V1935048",
          "GROUND": "#V1935997"
        },
        "start": 11,
        "end": 13
      },
      "V1935997": {
        "id": "V1935997",
        "indicator": "THE",
        "type": "TIME-LOC",
        "word": null,
        "roles": {
          "DAY-OF-WEEK": "#V1935773",
          "LEX": "I"
        },
        "start": 11,
        "end": 13
      },
      "V1935773": {
        "id": "V1935773",
        "indicator": "THE",
        "type": "SEQUENCE",
        "word": null,
        "roles": {
          "NAME-OF": "(I)",
          "VAL": "(I)",
          "LEX": "I"
        },
        "start": 11,
        "end": 13
      },
      "V1936313": {
        "id": "V1936313",
        "indicator": "THE",
        "type": "QUANTITY-ABSTR",
        "word": null,
        "roles": {
          "FIGURE": "#V1935107"
        },
        "start": 17,
        "end": 20
      },
      "V1935107": {
        "id": "V1935107",
        "indicator": "BARE",
        "type": "LENGTH-UNIT",
        "word": "INCH",
        "roles": {
          "LEX": "IN",
          "WNSENSE": "inch%1:23:00::"
        },
        "start": 17,
        "end": 20
      },
      "root": "#V1937582"
    },
    {
      "V1935962": {
        "id": "V1935962",
        "indicator": "SPEECHACT",
        "type": "SA_IDENTIFY",
        "word": null,
        "roles": {
          "PUNCTYPE": "DECL",
          "CONTENT": "#V1935858",
          "LEX": "S"
        },
        "start": 24,
        "end": 32
      },
      "V1935858": {
        "id": "V1935858",
        "indicator": "THE",
        "type": "TIME-LOC",
        "word": null,
        "roles": {
          "DAY-OF-WEEK": "#V1935406",
          "LEX": "S"
        },
        "start": 24,
        "end": 31
      },
      "V1935406": {
        "id": "V1935406",
        "indicator": "THE",
        "type": "SEQUENCE",
        "word": null,
        "roles": {
          "NAME-OF": "(2 0 S)",
          "VAL": "(2 0 S)",
          "LEX": "S"
        },
        "start": 24,
        "end": 31
      },
      "root": "#V1935962"
    },
    {
      "V1937582": {
        "id": "V1937582",
        "indicator": "SPEECHACT",
        "type": "SA_WH-QUESTION",
        "word": null,
        "roles": {
          "CONTENT": "#V1935048",
          "FOCUS": "#V1935184",
          "MOD": "#V1935002",
          "LEX": "WAS"
        },
        "start": 0,
        "end": 20
      },
      "V1935002": {
        "id": "V1935002",
        "indicator": "F",
        "type": "AGAIN",
        "word": "AGAIN",
        "roles": {
          "FIGURE": "#V1937582",
          "LEX": "AGAIN",
          "WNSENSE": "again%4:02:00::"
        },
        "start": 0,
        "end": 6
      },
      "V1935048": {
        "id": "V1935048",
        "indicator": "F",
        "type": "HAVE-PROPERTY",
        "word": "BE",
        "roles": {
          "NEUTRAL": "#V1936313",
          "FORMAL": "#V1935010",
          "TIME": "#V1935984",
          "LEX": "WAS"
        },
        "start": 6,
        "end": 20
      },
      "V1935010": {
        "id": "V1935010",
        "indicator": "F",
        "type": "EVENT-TIME-REL",
        "word": "WHEN",
        "roles": {
          "GROUND": "#V1935184",
          "FIGURE": "#V1936313",
          "LEX": "WHEN"
        },
        "start": 6,
        "end": 11
      },
      "V1935184": {
        "id": "V1935184",
        "indicator": "WH-TERM",
        "type": "TIME-POINT",
        "word": null,
        "roles": {
          "PROFORM": "WHEN",
          "SUCHTHAT": "#V1935010"
        },
        "start": 6,
        "end": 11
      },
      "V1935984": {
        "id": "V1935984",
        "indicator": "F",
        "type": "TIME-SPAN-REL",
        "word": null,
        "roles": {
          "FIGURE": "#V1935048",
          "GROUND": "#V1935997"
        },
        "start": 11,
        "end": 13
      },
      "V1935997": {
        "id": "V1935997",
        "indicator": "THE",
        "type": "TIME-LOC",
        "word": null,
        "roles": {
          "DAY-OF-WEEK": "#V1935773",
          "LEX": "I"
        },
        "start": 11,
        "end": 13
      },
      "V1935773": {
        "id": "V1935773",
        "indicator": "THE",
        "type": "SEQUENCE",
        "word": null,
        "roles": {
          "NAME-OF": "(I)",
          "VAL": "(I)",
          "LEX": "I"
        },
        "start": 11,
        "end": 13
      },
      "V1936313": {
        "id": "V1936313",
        "indicator": "THE",
        "type": "QUANTITY-ABSTR",
        "word": null,
        "roles": {
          "FIGURE": "#V1935107"
        },
        "start": 17,
        "end": 20
      },
      "V1935107": {
        "id": "V1935107",
        "indicator": "BARE",
        "type": "LENGTH-UNIT",
        "word": "INCH",
        "roles": {
          "LEX": "IN",
          "WNSENSE": "inch%1:23:00::"
        },
        "start": 17,
        "end": 20
      },
      "root": "#V1937582"
    },
    {
      "V1935962": {
        "id": "V1935962",
        "indicator": "SPEECHACT",
        "type": "SA_IDENTIFY",
        "word": null,
        "roles": {
          "PUNCTYPE": "DECL",
          "CONTENT": "#V1935858",
          "LEX": "S"
        },
        "start": 24,
        "end": 32
      },
      "V1935858": {
        "id": "V1935858",
        "indicator": "THE",
        "type": "TIME-LOC",
        "word": null,
        "roles": {
          "DAY-OF-WEEK": "#V1935406",
          "LEX": "S"
        },
        "start": 24,
        "end": 31
      },
      "V1935406": {
        "id": "V1935406",
        "indicator": "THE",
        "type": "SEQUENCE",
        "word": null,
        "roles": {
          "NAME-OF": "(2 0 S)",
          "VAL": "(2 0 S)",
          "LEX": "S"
        },
        "start": 24,
        "end": 31
      },
      "root": "#V1935962"
    },
    {
      "V1937582": {
        "id": "V1937582",
        "indicator": "SPEECHACT",
        "type": "SA_WH-QUESTION",
        "word": null,
        "roles": {
          "CONTENT": "#V1935048",
          "FOCUS": "#V1935184",
          "MOD": "#V1935002",
          "LEX": "WAS"
        },
        "start": 0,
        "end": 20
      },
      "V1935002": {
        "id": "V1935002",
        "indicator": "F",
        "type": "AGAIN",
        "word": "AGAIN",
        "roles": {
          "FIGURE": "#V1937582",
          "LEX": "AGAIN",
          "WNSENSE": "again%4:02:00::"
        },
        "start": 0,
        "end": 6
      },
      "V1935048": {
        "id": "V1935048",
        "indicator": "F",
        "type": "HAVE-PROPERTY",
        "word": "BE",
        "roles": {
          "NEUTRAL": "#V1936313",
          "FORMAL": "#V1935010",
          "TIME": "#V1935984",
          "LEX": "WAS"
        },
        "start": 6,
        "end": 20
      },
      "V1935010": {
        "id": "V1935010",
        "indicator": "F",
        "type": "EVENT-TIME-REL",
        "word": "WHEN",
        "roles": {
          "GROUND": "#V1935184",
          "FIGURE": "#V1936313",
          "LEX": "WHEN"
        },
        "start": 6,
        "end": 11
      },
      "V1935184": {
        "id": "V1935184",
        "indicator": "WH-TERM",
        "type": "TIME-POINT",
        "word": null,
        "roles": {
          "PROFORM": "WHEN",
          "SUCHTHAT": "#V1935010"
        },
        "start": 6,
        "end": 11
      },
      "V1935984": {
        "id": "V1935984",
        "indicator": "F",
        "type": "TIME-SPAN-REL",
        "word": null,
        "roles": {
          "FIGURE": "#V1935048",
          "GROUND": "#V1935997"
        },
        "start": 11,
        "end": 13
      },
      "V1935997": {
        "id": "V1935997",
        "indicator": "THE",
        "type": "TIME-LOC",
        "word": null,
        "roles": {
          "DAY-OF-WEEK": "#V1935773",
          "LEX": "I"
        },
        "start": 11,
        "end": 13
      },
      "V1935773": {
        "id": "V1935773",
        "indicator": "THE",
        "type": "SEQUENCE",
        "word": null,
        "roles": {
          "NAME-OF": "(I)",
          "VAL": "(I)",
          "LEX": "I"
        },
        "start": 11,
        "end": 13
      },
      "V1936313": {
        "id": "V1936313",
        "indicator": "THE",
        "type": "QUANTITY-ABSTR",
        "word": null,
        "roles": {
          "FIGURE": "#V1935107"
        },
        "start": 17,
        "end": 20
      },
      "V1935107": {
        "id": "V1935107",
        "indicator": "BARE",
        "type": "LENGTH-UNIT",
        "word": "INCH",
        "roles": {
          "LEX": "IN",
          "WNSENSE": "inch%1:23:00::"
        },
        "start": 17,
        "end": 20
      },
      "root": "#V1937582"
    },
    {
      "V1935962": {
        "id": "V1935962",
        "indicator": "SPEECHACT",
        "type": "SA_IDENTIFY",
        "word": null,
        "roles": {
          "PUNCTYPE": "DECL",
          "CONTENT": "#V1935858",
          "LEX": "S"
        },
        "start": 24,
        "end": 32
      },
      "V1935858": {
        "id": "V1935858",
        "indicator": "THE",
        "type": "TIME-LOC",
        "word": null,
        "roles": {
          "DAY-OF-WEEK": "#V1935406",
          "LEX": "S"
        },
        "start": 24,
        "end": 31
      },
      "V1935406": {
        "id": "V1935406",
        "indicator": "THE",
        "type": "SEQUENCE",
        "word": null,
        "roles": {
          "NAME-OF": "(2 0 S)",
          "VAL": "(2 0 S)",
          "LEX": "S"
        },
        "start": 24,
        "end": 31
      },
      "root": "#V1935962"
    },
    {
      "V1937582": {
        "id": "V1937582",
        "indicator": "SPEECHACT",
        "type": "SA_WH-QUESTION",
        "word": null,
        "roles": {
          "CONTENT": "#V1935048",
          "FOCUS": "#V1935184",
          "MOD": "#V1935002",
          "LEX": "WAS"
        },
        "start": 0,
        "end": 20
      },
      "V1935002": {
        "id": "V1935002",
        "indicator": "F",
        "type": "AGAIN",
        "word": "AGAIN",
        "roles": {
          "FIGURE": "#V1937582",
          "LEX": "AGAIN",
          "WNSENSE": "again%4:02:00::"
        },
        "start": 0,
        "end": 6
      },
      "V1935048": {
        "id": "V1935048",
        "indicator": "F",
        "type": "HAVE-PROPERTY",
        "word": "BE",
        "roles": {
          "NEUTRAL": "#V1936313",
          "FORMAL": "#V1935010",
          "TIME": "#V1935984",
          "LEX": "WAS"
        },
        "start": 6,
        "end": 20
      },
      "V1935010": {
        "id": "V1935010",
        "indicator": "F",
        "type": "EVENT-TIME-REL",
        "word": "WHEN",
        "roles": {
          "GROUND": "#V1935184",
          "FIGURE": "#V1936313",
          "LEX": "WHEN"
        },
        "start": 6,
        "end": 11
      },
      "V1935184": {
        "id": "V1935184",
        "indicator": "WH-TERM",
        "type": "TIME-POINT",
        "word": null,
        "roles": {
          "PROFORM": "WHEN",
          "SUCHTHAT": "#V1935010"
        },
        "start": 6,
        "end": 11
      },
      "V1935984": {
        "id": "V1935984",
        "indicator": "F",
        "type": "TIME-SPAN-REL",
        "word": null,
        "roles": {
          "FIGURE": "#V1935048",
          "GROUND": "#V1935997"
        },
        "start": 11,
        "end": 13
      },
      "V1935997": {
        "id": "V1935997",
        "indicator": "THE",
        "type": "TIME-LOC",
        "word": null,
        "roles": {
          "DAY-OF-WEEK": "#V1935773",
          "LEX": "I"
        },
        "start": 11,
        "end": 13
      },
      "V1935773": {
        "id": "V1935773",
        "indicator": "THE",
        "type": "SEQUENCE",
        "word": null,
        "roles": {
          "NAME-OF": "(I)",
          "VAL": "(I)",
          "LEX": "I"
        },
        "start": 11,
        "end": 13
      },
      "V1936313": {
        "id": "V1936313",
        "indicator": "THE",
        "type": "QUANTITY-ABSTR",
        "word": null,
        "roles": {
          "FIGURE": "#V1935107"
        },
        "start": 17,
        "end": 20
      },
      "V1935107": {
        "id": "V1935107",
        "indicator": "BARE",
        "type": "LENGTH-UNIT",
        "word": "INCH",
        "roles": {
          "LEX": "IN",
          "WNSENSE": "inch%1:23:00::"
        },
        "start": 17,
        "end": 20
      },
      "root": "#V1937582"
    },
    {
      "V1935962": {
        "id": "V1935962",
        "indicator": "SPEECHACT",
        "type": "SA_IDENTIFY",
        "word": null,
        "roles": {
          "PUNCTYPE": "DECL",
          "CONTENT": "#V1935858",
          "LEX": "S"
        },
        "start": 24,
        "end": 32
      },
      "V1935858": {
        "id": "V1935858",
        "indicator": "THE",
        "type": "TIME-LOC",
        "word": null,
        "roles": {
          "DAY-OF-WEEK": "#V1935406",
          "LEX": "S"
        },
        "start": 24,
        "end": 31
      },
      "V1935406": {
        "id": "V1935406",
        "indicator": "THE",
        "type": "SEQUENCE",
        "word": null,
        "roles": {
          "NAME-OF": "(2 0 S)",
          "VAL": "(2 0 S)",
          "LEX": "S"
        },
        "start": 24,
        "end": 31
      },
      "root": "#V1935962"
    },
    {
      "V1937544": {
        "id": "V1937544",
        "indicator": "SPEECHACT",
        "type": "SA_WH-QUESTION",
        "word": null,
        "roles": {
          "CONTENT": "#V1935048",
          "FOCUS": "#V1935184",
          "MOD": "#V1935002",
          "LEX": "WAS"
        },
        "start": 0,
        "end": 20
      },
      "V1935002": {
        "id": "V1935002",
        "indicator": "F",
        "type": "AGAIN",
        "word": "AGAIN",
        "roles": {
          "FIGURE": "#V1937544",
          "LEX": "AGAIN",
          "WNSENSE": "again%4:02:00::"
        },
        "start": 0,
        "end": 6
      },
      "V1935048": {
        "id": "V1935048",
        "indicator": "F",
        "type": "HAVE-PROPERTY",
        "word": "BE",
        "roles": {
          "NEUTRAL": "#V1935107",
          "FORMAL": "#V1935010",
          "TIME": "#V1935984",
          "LEX": "WAS"
        },
        "start": 6,
        "end": 20
      },
      "V1935010": {
        "id": "V1935010",
        "indicator": "F",
        "type": "EVENT-TIME-REL",
        "word": "WHEN",
        "roles": {
          "GROUND": "#V1935184",
          "FIGURE": "#V1935107",
          "LEX": "WHEN"
        },
        "start": 6,
        "end": 11
      },
      "V1935184": {
        "id": "V1935184",
        "indicator": "WH-TERM",
        "type": "TIME-POINT",
        "word": null,
        "roles": {
          "PROFORM": "WHEN",
          "SUCHTHAT": "#V1935010"
        },
        "start": 6,
        "end": 11
      },
      "V1935984": {
        "id": "V1935984",
        "indicator": "F",
        "type": "TIME-SPAN-REL",
        "word": null,
        "roles": {
          "FIGURE": "#V1935048",
          "GROUND": "#V1935997"
        },
        "start": 11,
        "end": 13
      },
      "V1935997": {
        "id": "V1935997",
        "indicator": "THE",
        "type": "TIME-LOC",
        "word": null,
        "roles": {
          "DAY-OF-WEEK": "#V1935773",
          "LEX": "I"
        },
        "start": 11,
        "end": 13
      },
      "V1935773": {
        "id": "V1935773",
        "indicator": "THE",
        "type": "SEQUENCE",
        "word": null,
        "roles": {
          "NAME-OF": "(I)",
          "VAL": "(I)",
          "LEX": "I"
        },
        "start": 11,
        "end": 13
      },
      "V1935107": {
        "id": "V1935107",
        "indicator": "BARE",
        "type": "LENGTH-UNIT",
        "word": "INCH",
        "roles": {
          "LEX": "IN",
          "WNSENSE": "inch%1:23:00::"
        },
        "start": 17,
        "end": 20
      },
      "root": "#V1937544"
    },
    {
      "V1936063": {
        "id": "V1936063",
        "indicator": "SPEECHACT",
        "type": "SA_IDENTIFY",
        "word": null,
        "roles": {
          "PUNCTYPE": "DECL",
          "CONTENT": "#V1935406",
          "LEX": "S"
        },
        "start": 24,
        "end": 32
      },
      "V1935406": {
        "id": "V1935406",
        "indicator": "THE",
        "type": "SEQUENCE",
        "word": null,
        "roles": {
          "NAME-OF": "(2 0 S)",
          "VAL": "(2 0 S)",
          "LEX": "S"
        },
        "start": 24,
        "end": 31
      },
      "root": "#V1936063"
    },
    {
      "V1937544": {
        "id": "V1937544",
        "indicator": "SPEECHACT",
        "type": "SA_WH-QUESTION",
        "word": null,
        "roles": {
          "CONTENT": "#V1935048",
          "FOCUS": "#V1935184",
          "MOD": "#V1935002",
          "LEX": "WAS"
        },
        "start": 0,
        "end": 20
      },
      "V1935002": {
        "id": "V1935002",
        "indicator": "F",
        "type": "AGAIN",
        "word": "AGAIN",
        "roles": {
          "FIGURE": "#V1937544",
          "LEX": "AGAIN",
          "WNSENSE": "again%4:02:00::"
        },
        "start": 0,
        "end": 6
      },
      "V1935048": {
        "id": "V1935048",
        "indicator": "F",
        "type": "HAVE-PROPERTY",
        "word": "BE",
        "roles": {
          "NEUTRAL": "#V1935107",
          "FORMAL": "#V1935010",
          "TIME": "#V1935984",
          "LEX": "WAS"
        },
        "start": 6,
        "end": 20
      },
      "V1935010": {
        "id": "V1935010",
        "indicator": "F",
        "type": "EVENT-TIME-REL",
        "word": "WHEN",
        "roles": {
          "GROUND": "#V1935184",
          "FIGURE": "#V1935107",
          "LEX": "WHEN"
        },
        "start": 6,
        "end": 11
      },
      "V1935184": {
        "id": "V1935184",
        "indicator": "WH-TERM",
        "type": "TIME-POINT",
        "word": null,
        "roles": {
          "PROFORM": "WHEN",
          "SUCHTHAT": "#V1935010"
        },
        "start": 6,
        "end": 11
      },
      "V1935984": {
        "id": "V1935984",
        "indicator": "F",
        "type": "TIME-SPAN-REL",
        "word": null,
        "roles": {
          "FIGURE": "#V1935048",
          "GROUND": "#V1935997"
        },
        "start": 11,
        "end": 13
      },
      "V1935997": {
        "id": "V1935997",
        "indicator": "THE",
        "type": "TIME-LOC",
        "word": null,
        "roles": {
          "DAY-OF-WEEK": "#V1935773",
          "LEX": "I"
        },
        "start": 11,
        "end": 13
      },
      "V1935773": {
        "id": "V1935773",
        "indicator": "THE",
        "type": "SEQUENCE",
        "word": null,
        "roles": {
          "NAME-OF": "(I)",
          "VAL": "(I)",
          "LEX": "I"
        },
        "start": 11,
        "end": 13
      },
      "V1935107": {
        "id": "V1935107",
        "indicator": "BARE",
        "type": "LENGTH-UNIT",
        "word": "INCH",
        "roles": {
          "LEX": "IN",
          "WNSENSE": "inch%1:23:00::"
        },
        "start": 17,
        "end": 20
      },
      "root": "#V1937544"
    },
    {
      "V1936063": {
        "id": "V1936063",
        "indicator": "SPEECHACT",
        "type": "SA_IDENTIFY",
        "word": null,
        "roles": {
          "PUNCTYPE": "DECL",
          "CONTENT": "#V1935406",
          "LEX": "S"
        },
        "start": 24,
        "end": 32
      },
      "V1935406": {
        "id": "V1935406",
        "indicator": "THE",
        "type": "SEQUENCE",
        "word": null,
        "roles": {
          "NAME-OF": "(2 0 S)",
          "VAL": "(2 0 S)",
          "LEX": "S"
        },
        "start": 24,
        "end": 31
      },
      "root": "#V1936063"
    },
    {
      "V1937544": {
        "id": "V1937544",
        "indicator": "SPEECHACT",
        "type": "SA_WH-QUESTION",
        "word": null,
        "roles": {
          "CONTENT": "#V1935048",
          "FOCUS": "#V1935184",
          "MOD": "#V1935002",
          "LEX": "WAS"
        },
        "start": 0,
        "end": 20
      },
      "V1935002": {
        "id": "V1935002",
        "indicator": "F",
        "type": "AGAIN",
        "word": "AGAIN",
        "roles": {
          "FIGURE": "#V1937544",
          "LEX": "AGAIN",
          "WNSENSE": "again%4:02:00::"
        },
        "start": 0,
        "end": 6
      },
      "V1935048": {
        "id": "V1935048",
        "indicator": "F",
        "type": "HAVE-PROPERTY",
        "word": "BE",
        "roles": {
          "NEUTRAL": "#V1935107",
          "FORMAL": "#V1935010",
          "TIME": "#V1935984",
          "LEX": "WAS"
        },
        "start": 6,
        "end": 20
      },
      "V1935010": {
        "id": "V1935010",
        "indicator": "F",
        "type": "EVENT-TIME-REL",
        "word": "WHEN",
        "roles": {
          "GROUND": "#V1935184",
          "FIGURE": "#V1935107",
          "LEX": "WHEN"
        },
        "start": 6,
        "end": 11
      },
      "V1935184": {
        "id": "V1935184",
        "indicator": "WH-TERM",
        "type": "TIME-POINT",
        "word": null,
        "roles": {
          "PROFORM": "WHEN",
          "SUCHTHAT": "#V1935010"
        },
        "start": 6,
        "end": 11
      },
      "V1935984": {
        "id": "V1935984",
        "indicator": "F",
        "type": "TIME-SPAN-REL",
        "word": null,
        "roles": {
          "FIGURE": "#V1935048",
          "GROUND": "#V1935997"
        },
        "start": 11,
        "end": 13
      },
      "V1935997": {
        "id": "V1935997",
        "indicator": "THE",
        "type": "TIME-LOC",
        "word": null,
        "roles": {
          "DAY-OF-WEEK": "#V1935773",
          "LEX": "I"
        },
        "start": 11,
        "end": 13
      },
      "V1935773": {
        "id": "V1935773",
        "indicator": "THE",
        "type": "SEQUENCE",
        "word": null,
        "roles": {
          "NAME-OF": "(I)",
          "VAL": "(I)",
          "LEX": "I"
        },
        "start": 11,
        "end": 13
      },
      "V1935107": {
        "id": "V1935107",
        "indicator": "BARE",
        "type": "LENGTH-UNIT",
        "word": "INCH",
        "roles": {
          "LEX": "IN",
          "WNSENSE": "inch%1:23:00::"
        },
        "start": 17,
        "end": 20
      },
      "root": "#V1937544"
    },
    {
      "V1936063": {
        "id": "V1936063",
        "indicator": "SPEECHACT",
        "type": "SA_IDENTIFY",
        "word": null,
        "roles": {
          "PUNCTYPE": "DECL",
          "CONTENT": "#V1935406",
          "LEX": "S"
        },
        "start": 24,
        "end": 32
      },
      "V1935406": {
        "id": "V1935406",
        "indicator": "THE",
        "type": "SEQUENCE",
        "word": null,
        "roles": {
          "NAME-OF": "(2 0 S)",
          "VAL": "(2 0 S)",
          "LEX": "S"
        },
        "start": 24,
        "end": 31
      },
      "root": "#V1936063"
    },
    {
      "V1937544": {
        "id": "V1937544",
        "indicator": "SPEECHACT",
        "type": "SA_WH-QUESTION",
        "word": null,
        "roles": {
          "CONTENT": "#V1935048",
          "FOCUS": "#V1935184",
          "MOD": "#V1935002",
          "LEX": "WAS"
        },
        "start": 0,
        "end": 20
      },
      "V1935002": {
        "id": "V1935002",
        "indicator": "F",
        "type": "AGAIN",
        "word": "AGAIN",
        "roles": {
          "FIGURE": "#V1937544",
          "LEX": "AGAIN",
          "WNSENSE": "again%4:02:00::"
        },
        "start": 0,
        "end": 6
      },
      "V1935048": {
        "id": "V1935048",
        "indicator": "F",
        "type": "HAVE-PROPERTY",
        "word": "BE",
        "roles": {
          "NEUTRAL": "#V1935107",
          "FORMAL": "#V1935010",
          "TIME": "#V1935984",
          "LEX": "WAS"
        },
        "start": 6,
        "end": 20
      },
      "V1935010": {
        "id": "V1935010",
        "indicator": "F",
        "type": "EVENT-TIME-REL",
        "word": "WHEN",
        "roles": {
          "GROUND": "#V1935184",
          "FIGURE": "#V1935107",
          "LEX": "WHEN"
        },
        "start": 6,
        "end": 11
      },
      "V1935184": {
        "id": "V1935184",
        "indicator": "WH-TERM",
        "type": "TIME-POINT",
        "word": null,
        "roles": {
          "PROFORM": "WHEN",
          "SUCHTHAT": "#V1935010"
        },
        "start": 6,
        "end": 11
      },
      "V1935984": {
        "id": "V1935984",
        "indicator": "F",
        "type": "TIME-SPAN-REL",
        "word": null,
        "roles": {
          "FIGURE": "#V1935048",
          "GROUND": "#V1935997"
        },
        "start": 11,
        "end": 13
      },
      "V1935997": {
        "id": "V1935997",
        "indicator": "THE",
        "type": "TIME-LOC",
        "word": null,
        "roles": {
          "DAY-OF-WEEK": "#V1935773",
          "LEX": "I"
        },
        "start": 11,
        "end": 13
      },
      "V1935773": {
        "id": "V1935773",
        "indicator": "THE",
        "type": "SEQUENCE",
        "word": null,
        "roles": {
          "NAME-OF": "(I)",
          "VAL": "(I)",
          "LEX": "I"
        },
        "start": 11,
        "end": 13
      },
      "V1935107": {
        "id": "V1935107",
        "indicator": "BARE",
        "type": "LENGTH-UNIT",
        "word": "INCH",
        "roles": {
          "LEX": "IN",
          "WNSENSE": "inch%1:23:00::"
        },
        "start": 17,
        "end": 20
      },
      "root": "#V1937544"
    },
    {
      "V1936063": {
        "id": "V1936063",
        "indicator": "SPEECHACT",
        "type": "SA_IDENTIFY",
        "word": null,
        "roles": {
          "PUNCTYPE": "DECL",
          "CONTENT": "#V1935406",
          "LEX": "S"
        },
        "start": 24,
        "end": 32
      },
      "V1935406": {
        "id": "V1935406",
        "indicator": "THE",
        "type": "SEQUENCE",
        "word": null,
        "roles": {
          "NAME-OF": "(2 0 S)",
          "VAL": "(2 0 S)",
          "LEX": "S"
        },
        "start": 24,
        "end": 31
      },
      "root": "#V1936063"
    }
  ],
  "inputtags": [],
  "debug": [
    "Reference resolution to times not implemented yet",
    "*last-utt-id*=NIL  utt-id+331Reference resolution to times not implemented yet",
    "*last-utt-id*=331  utt-id+331",
    "*last-utt-id*=331  utt-id+NIL"
  ]
}
