{
  "parse": [
    {
      "V1855025": {
        "id": "V1855025",
        "indicator": "SPEECHACT",
        "type": "SA_TELL",
        "word": null,
        "roles": {
          "CONTENT": "#V1845906",
          "LEX": "AND"
        },
        "start": 0,
        "end": 65
      },
      "V1845906": {
        "id": "V1845906",
        "indicator": "F",
        "type": "EVENT-OF-ACTION",
        "word": null,
        "roles": {
          "OPERATOR": "AND",
          "SEQUENCE": "#V1843226",
          "SEQUENCE1": "#V1843254",
          "TENSE": "PRES",
          "LEX": "AND"
        },
        "start": 0,
        "end": 65
      },
      "V1843254": {
        "id": "V1843254",
        "indicator": "F",
        "type": "TELL",
        "word": "TELL",
        "roles": {
          "AGENT": "#V1843220",
          "NEUTRAL": "#V1843586",
          "MOD": "#V1843246",
          "LEX": "TELL",
          "WNSENSE": "tell%2:32:04::"
        },
        "start": 0,
        "end": 65
      },
      "V1843226": {
        "id": "V1843226",
        "indicator": "F",
        "type": "JOINING",
        "word": "UNITE",
        "roles": {
          "AGENT": "#V1843220",
          "AFFECTED": "#V1843586",
          "LOCATION": "#V1843230",
          "LEX": "UNITE",
          "WNSENSE": "conjoin%2:35:00"
        },
        "start": 0,
        "end": 65
      },
      "V1843220": {
        "id": "V1843220",
        "indicator": "INDEF-SET",
        "type": "FEMALE-PERSON",
        "word": "WOMAN",
        "roles": {
          "LEX": "WOMEN",
          "WNSENSE": "woman%1:18:00::"
        },
        "start": 0,
        "end": 6
      },
      "V1843230": {
        "id": "V1843230",
        "indicator": "F",
        "type": "BACK-OF",
        "word": "BEHIND",
        "roles": {
          "GROUND": "#V1843407",
          "FIGURE": "#V1843226",
          "LEX": "BEHIND",
          "WNSENSE": "behind%4:02:00::"
        },
        "start": 12,
        "end": 19
      },
      "V1843407": {
        "id": "V1843407",
        "indicator": "IMPRO",
        "type": "ANY-SEM",
        "word": null,
        "roles": {
          "COREF": "#V1843586"
        },
        "start": 12,
        "end": 19
      },
      "V1843246": {
        "id": "V1843246",
        "indicator": "F",
        "type": "LAST-VAL",
        "word": "FINALLY",
        "roles": {
          "FIGURE": "#V1843254",
          "SCALE": "RELATIONAL-PROPERTY-SCALE",
          "LEX": "FINALLY",
          "WNSENSE": "closing%3:00:00::"
        },
        "start": 23,
        "end": 31
      },
      "V1843586": {
        "id": "V1843586",
        "indicator": "THE",
        "type": "QUANTITY-ABSTR",
        "word": null,
        "roles": {
          "FIGURE": "#V1843287"
        },
        "start": 36,
        "end": 65
      },
      "V1843287": {
        "id": "V1843287",
        "indicator": "THE-SET",
        "type": "COMPOSITION",
        "word": "STORY",
        "roles": {
          "ASSOC-POSS": "#V1843264",
          "ASSOC-WITH": "#V1843284",
          "LEX": "STORIES",
          "WNSENSE": "composition%1:07:01"
        },
        "start": 36,
        "end": 65
      },
      "V1843284": {
        "id": "V1843284",
        "indicator": "KIND",
        "type": "CRIMINAL-ACTIVITY",
        "word": "SEXUAL-ASSAULT",
        "roles": {
          "LEX": "SEXUAL-ASSAULT",
          "WNSENSE": "sexual_assault%1:04:00"
        },
        "start": 36,
        "end": 65
      },
      "V1843264": {
        "id": "V1843264",
        "indicator": "PRO",
        "type": "REFERENTIAL-SEM",
        "word": "THEIR",
        "roles": {
          "LEX": "THEIR",
          "PROFORM": "THEIR",
          "WNSENSE": "entity%1:03:00",
          "COREF": "#V1843220"
        },
        "start": 36,
        "end": 65
      },
      "root": "#V1855025"
    }
  ],
  "inputtags": [],
  "debug": [
    "*last-utt-id*=NIL  utt-id+313",
    "*last-utt-id*=313  utt-id+NIL"
  ]
}
