{
  "parse": [
    {
      "V1617027": {
        "id": "V1617027",
        "indicator": "SPEECHACT",
        "type": "SA_TELL",
        "word": null,
        "roles": {
          "CONTENT": "#V1615926",
          "LEX": "THINK"
        },
        "start": 0,
        "end": 18
      },
      "V1615926": {
        "id": "V1615926",
        "indicator": "F",
        "type": "COGITATION",
        "word": "THINK",
        "roles": {
          "AGENT": "#V1615908",
          "FORMAL": "#V1616022",
          "TENSE": "PRES",
          "LEX": "THINK",
          "WNSENSE": "think%1:09:00::"
        },
        "start": 0,
        "end": 18
      },
      "V1615908": {
        "id": "V1615908",
        "indicator": "PRO",
        "type": "PERSON",
        "word": "I",
        "roles": {
          "PROFORM": "I",
          "LEX": "I",
          "WNSENSE": "person%1:03:00",
          "COREF": "USER"
        },
        "start": 0,
        "end": 2
      },
      "V1616022": {
        "id": "V1616022",
        "indicator": "INDEF-SET",
        "type": "OTHER",
        "word": "OTHERS",
        "roles": {
          "LEX": "OTHERS",
          "WNSENSE": "other%3:00:00"
        },
        "start": 8,
        "end": 18
      },
      "root": "#V1617027"
    },
    {
      "V1618192": {
        "id": "V1618192",
        "indicator": "SPEECHACT",
        "type": "SA_TELL",
        "word": null,
        "roles": {
          "PUNCTYPE": "DECL",
          "CONTENT": "#V1616030",
          "LEX": "STUCK"
        },
        "start": 18,
        "end": 61
      },
      "V1616030": {
        "id": "V1616030",
        "indicator": "F",
        "type": "PENETRATE",
        "word": "STICK",
        "roles": {
          "AGENT": "#V1618193",
          "AFFECTED": "#V1616126",
          "MOD": "#V1616042",
          "TENSE": "PAST",
          "LEX": "STUCK",
          "WNSENSE": "stick%2:35:04::"
        },
        "start": 18,
        "end": 61
      },
      "V1618193": {
        "id": "V1618193",
        "indicator": "IMPRO",
        "type": "REFERENTIAL-SEM",
        "word": null,
        "roles": {
          "PROFORM": "SUBJ",
          "COREF": "#V1616112"
        },
        "start": 18,
        "end": 61
      },
      "V1616042": {
        "id": "V1616042",
        "indicator": "F",
        "type": "SITUATED-IN",
        "word": "IN",
        "roles": {
          "GROUND": "#V1616112",
          "FIGURE": "#V1616030",
          "LEX": "IN"
        },
        "start": 24,
        "end": 45
      },
      "V1616112": {
        "id": "V1616112",
        "indicator": "BARE",
        "type": "BURN",
        "word": "SMOULDERING",
        "roles": {
          "MOD": "#V1616118",
          "LEX": "SMOULDERING",
          "WNSENSE": "scorch%2:30:07"
        },
        "start": 27,
        "end": 45
      },
      "V1616118": {
        "id": "V1616118",
        "indicator": "F",
        "type": "SEQUENCE-POSITION",
        "word": "THIRD",
        "roles": {
          "FIGURE": "#V1616112",
          "LEX": "THIRD",
          "WNSENSE": "third%1:24:00::"
        },
        "start": 39,
        "end": 45
      },
      "V1616126": {
        "id": "V1616126",
        "indicator": "INDEF-SET",
        "type": "COUNTRY",
        "word": "COUNTRY",
        "roles": {
          "ASSOC-WITH": "#V1616123",
          "LEX": "COUNTRIES",
          "WNSENSE": "country%1:14:00::"
        },
        "start": 45,
        "end": 61
      },
      "V1616123": {
        "id": "V1616123",
        "indicator": "KIND",
        "type": "GEO-FORMATION",
        "word": "WORLD",
        "roles": {
          "LEX": "WORLD",
          "WNSENSE": "world%1:17:00::"
        },
        "start": 45,
        "end": 61
      },
      "root": "#V1618192"
    },
    {
      "V1617032": {
        "id": "V1617032",
        "indicator": "SPEECHACT",
        "type": "SA_TELL",
        "word": null,
        "roles": {
          "CONTENT": "#V1615926",
          "LEX": "THINK"
        },
        "start": 0,
        "end": 18
      },
      "V1615926": {
        "id": "V1615926",
        "indicator": "F",
        "type": "COGITATION",
        "word": "THINK",
        "roles": {
          "AGENT": "#V1615908",
          "FORMAL": "#V1616246",
          "TENSE": "PRES",
          "LEX": "THINK",
          "WNSENSE": "think%1:09:00::"
        },
        "start": 0,
        "end": 18
      },
      "V1615908": {
        "id": "V1615908",
        "indicator": "PRO",
        "type": "PERSON",
        "word": "I",
        "roles": {
          "PROFORM": "I",
          "LEX": "I",
          "WNSENSE": "person%1:03:00"
        },
        "start": 0,
        "end": 2
      },
      "V1616246": {
        "id": "V1616246",
        "indicator": "THE",
        "type": "QUANTITY-ABSTR",
        "word": null,
        "roles": {
          "FIGURE": "#V1616022",
          "LEX": "-"
        },
        "start": 8,
        "end": 18
      },
      "V1616022": {
        "id": "V1616022",
        "indicator": "INDEF-SET",
        "type": "OTHER",
        "word": "OTHERS",
        "roles": {
          "LEX": "OTHERS",
          "WNSENSE": "other%3:00:00"
        },
        "start": 11,
        "end": 18
      },
      "root": "#V1617032"
    },
    {
      "V1618192": {
        "id": "V1618192",
        "indicator": "SPEECHACT",
        "type": "SA_TELL",
        "word": null,
        "roles": {
          "PUNCTYPE": "DECL",
          "CONTENT": "#V1616030",
          "LEX": "STUCK"
        },
        "start": 18,
        "end": 62
      },
      "V1616030": {
        "id": "V1616030",
        "indicator": "F",
        "type": "PENETRATE",
        "word": "STICK",
        "roles": {
          "AGENT": "#V1618193",
          "AFFECTED": "#V1616126",
          "MOD": "#V1616042",
          "TENSE": "PAST",
          "LEX": "STUCK",
          "WNSENSE": "stick%2:35:04::"
        },
        "start": 18,
        "end": 61
      },
      "V1618193": {
        "id": "V1618193",
        "indicator": "IMPRO",
        "type": "REFERENTIAL-SEM",
        "word": null,
        "roles": {
          "PROFORM": "SUBJ"
        },
        "start": 18,
        "end": 61
      },
      "V1616042": {
        "id": "V1616042",
        "indicator": "F",
        "type": "SITUATED-IN",
        "word": "IN",
        "roles": {
          "GROUND": "#V1616112",
          "FIGURE": "#V1616030",
          "LEX": "IN"
        },
        "start": 24,
        "end": 45
      },
      "V1616112": {
        "id": "V1616112",
        "indicator": "BARE",
        "type": "BURN",
        "word": "SMOULDERING",
        "roles": {
          "MOD": "#V1616118",
          "LEX": "SMOULDERING",
          "WNSENSE": "scorch%2:30:07"
        },
        "start": 27,
        "end": 45
      },
      "V1616118": {
        "id": "V1616118",
        "indicator": "F",
        "type": "SEQUENCE-POSITION",
        "word": "THIRD",
        "roles": {
          "FIGURE": "#V1616112",
          "LEX": "THIRD",
          "WNSENSE": "third%1:24:00::"
        },
        "start": 39,
        "end": 45
      },
      "V1616126": {
        "id": "V1616126",
        "indicator": "INDEF-SET",
        "type": "COUNTRY",
        "word": "COUNTRY",
        "roles": {
          "ASSOC-WITH": "#V1616123",
          "LEX": "COUNTRIES",
          "WNSENSE": "country%1:14:00::"
        },
        "start": 45,
        "end": 61
      },
      "V1616123": {
        "id": "V1616123",
        "indicator": "KIND",
        "type": "GEO-FORMATION",
        "word": "WORLD",
        "roles": {
          "LEX": "WORLD",
          "WNSENSE": "world%1:17:00::"
        },
        "start": 45,
        "end": 61
      },
      "root": "#V1618192"
    },
    {
      "V1617027": {
        "id": "V1617027",
        "indicator": "SPEECHACT",
        "type": "SA_TELL",
        "word": null,
        "roles": {
          "CONTENT": "#V1615926",
          "LEX": "THINK"
        },
        "start": 0,
        "end": 18
      },
      "V1615926": {
        "id": "V1615926",
        "indicator": "F",
        "type": "COGITATION",
        "word": "THINK",
        "roles": {
          "AGENT": "#V1615908",
          "FORMAL": "#V1616022",
          "TENSE": "PRES",
          "LEX": "THINK",
          "WNSENSE": "think%1:09:00::"
        },
        "start": 0,
        "end": 18
      },
      "V1615908": {
        "id": "V1615908",
        "indicator": "PRO",
        "type": "PERSON",
        "word": "I",
        "roles": {
          "PROFORM": "I",
          "LEX": "I",
          "WNSENSE": "person%1:03:00"
        },
        "start": 0,
        "end": 2
      },
      "V1616022": {
        "id": "V1616022",
        "indicator": "INDEF-SET",
        "type": "OTHER",
        "word": "OTHERS",
        "roles": {
          "LEX": "OTHERS",
          "WNSENSE": "other%3:00:00"
        },
        "start": 8,
        "end": 18
      },
      "root": "#V1617027"
    },
    {
      "V1618192": {
        "id": "V1618192",
        "indicator": "SPEECHACT",
        "type": "SA_TELL",
        "word": null,
        "roles": {
          "CONTENT": "#V1616030",
          "LEX": "STUCK"
        },
        "start": 18,
        "end": 61
      },
      "V1616030": {
        "id": "V1616030",
        "indicator": "F",
        "type": "PENETRATE",
        "word": "STICK",
        "roles": {
          "AGENT": "#V1618193",
          "AFFECTED": "#V1616126",
          "MOD": "#V1616042",
          "TENSE": "PAST",
          "LEX": "STUCK",
          "WNSENSE": "stick%2:35:04::"
        },
        "start": 18,
        "end": 61
      },
      "V1618193": {
        "id": "V1618193",
        "indicator": "IMPRO",
        "type": "REFERENTIAL-SEM",
        "word": null,
        "roles": {
          "PROFORM": "SUBJ"
        },
        "start": 18,
        "end": 61
      },
      "V1616042": {
        "id": "V1616042",
        "indicator": "F",
        "type": "SITUATED-IN",
        "word": "IN",
        "roles": {
          "GROUND": "#V1616112",
          "FIGURE": "#V1616030",
          "LEX": "IN"
        },
        "start": 24,
        "end": 45
      },
      "V1616112": {
        "id": "V1616112",
        "indicator": "BARE",
        "type": "BURN",
        "word": "SMOULDERING",
        "roles": {
          "MOD": "#V1616118",
          "LEX": "SMOULDERING",
          "WNSENSE": "scorch%2:30:07"
        },
        "start": 27,
        "end": 45
      },
      "V1616118": {
        "id": "V1616118",
        "indicator": "F",
        "type": "SEQUENCE-POSITION",
        "word": "THIRD",
        "roles": {
          "FIGURE": "#V1616112",
          "LEX": "THIRD",
          "WNSENSE": "third%1:24:00::"
        },
        "start": 39,
        "end": 45
      },
      "V1616126": {
        "id": "V1616126",
        "indicator": "INDEF-SET",
        "type": "COUNTRY",
        "word": "COUNTRY",
        "roles": {
          "ASSOC-WITH": "#V1616123",
          "LEX": "COUNTRIES",
          "WNSENSE": "country%1:14:00::"
        },
        "start": 45,
        "end": 61
      },
      "V1616123": {
        "id": "V1616123",
        "indicator": "KIND",
        "type": "GEO-FORMATION",
        "word": "WORLD",
        "roles": {
          "LEX": "WORLD",
          "WNSENSE": "world%1:17:00::"
        },
        "start": 45,
        "end": 61
      },
      "root": "#V1618192"
    },
    {
      "V1617032": {
        "id": "V1617032",
        "indicator": "SPEECHACT",
        "type": "SA_TELL",
        "word": null,
        "roles": {
          "CONTENT": "#V1615926",
          "LEX": "THINK"
        },
        "start": 0,
        "end": 18
      },
      "V1615926": {
        "id": "V1615926",
        "indicator": "F",
        "type": "COGITATION",
        "word": "THINK",
        "roles": {
          "AGENT": "#V1615908",
          "FORMAL": "#V1616246",
          "TENSE": "PRES",
          "LEX": "THINK",
          "WNSENSE": "think%1:09:00::"
        },
        "start": 0,
        "end": 18
      },
      "V1615908": {
        "id": "V1615908",
        "indicator": "PRO",
        "type": "PERSON",
        "word": "I",
        "roles": {
          "PROFORM": "I",
          "LEX": "I",
          "WNSENSE": "person%1:03:00"
        },
        "start": 0,
        "end": 2
      },
      "V1616246": {
        "id": "V1616246",
        "indicator": "THE",
        "type": "QUANTITY-ABSTR",
        "word": null,
        "roles": {
          "FIGURE": "#V1616022",
          "LEX": "-"
        },
        "start": 8,
        "end": 18
      },
      "V1616022": {
        "id": "V1616022",
        "indicator": "INDEF-SET",
        "type": "OTHER",
        "word": "OTHERS",
        "roles": {
          "LEX": "OTHERS",
          "WNSENSE": "other%3:00:00"
        },
        "start": 11,
        "end": 18
      },
      "root": "#V1617032"
    },
    {
      "V1618192": {
        "id": "V1618192",
        "indicator": "SPEECHACT",
        "type": "SA_TELL",
        "word": null,
        "roles": {
          "CONTENT": "#V1616030",
          "LEX": "STUCK"
        },
        "start": 18,
        "end": 61
      },
      "V1616030": {
        "id": "V1616030",
        "indicator": "F",
        "type": "PENETRATE",
        "word": "STICK",
        "roles": {
          "AGENT": "#V1618193",
          "AFFECTED": "#V1616126",
          "MOD": "#V1616042",
          "TENSE": "PAST",
          "LEX": "STUCK",
          "WNSENSE": "stick%2:35:04::"
        },
        "start": 18,
        "end": 61
      },
      "V1618193": {
        "id": "V1618193",
        "indicator": "IMPRO",
        "type": "REFERENTIAL-SEM",
        "word": null,
        "roles": {
          "PROFORM": "SUBJ"
        },
        "start": 18,
        "end": 61
      },
      "V1616042": {
        "id": "V1616042",
        "indicator": "F",
        "type": "SITUATED-IN",
        "word": "IN",
        "roles": {
          "GROUND": "#V1616112",
          "FIGURE": "#V1616030",
          "LEX": "IN"
        },
        "start": 24,
        "end": 45
      },
      "V1616112": {
        "id": "V1616112",
        "indicator": "BARE",
        "type": "BURN",
        "word": "SMOULDERING",
        "roles": {
          "MOD": "#V1616118",
          "LEX": "SMOULDERING",
          "WNSENSE": "scorch%2:30:07"
        },
        "start": 27,
        "end": 45
      },
      "V1616118": {
        "id": "V1616118",
        "indicator": "F",
        "type": "SEQUENCE-POSITION",
        "word": "THIRD",
        "roles": {
          "FIGURE": "#V1616112",
          "LEX": "THIRD",
          "WNSENSE": "third%1:24:00::"
        },
        "start": 39,
        "end": 45
      },
      "V1616126": {
        "id": "V1616126",
        "indicator": "INDEF-SET",
        "type": "COUNTRY",
        "word": "COUNTRY",
        "roles": {
          "ASSOC-WITH": "#V1616123",
          "LEX": "COUNTRIES",
          "WNSENSE": "country%1:14:00::"
        },
        "start": 45,
        "end": 61
      },
      "V1616123": {
        "id": "V1616123",
        "indicator": "KIND",
        "type": "GEO-FORMATION",
        "word": "WORLD",
        "roles": {
          "LEX": "WORLD",
          "WNSENSE": "world%1:17:00::"
        },
        "start": 45,
        "end": 61
      },
      "root": "#V1618192"
    },
    {
      "V1624485": {
        "id": "V1624485",
        "indicator": "SPEECHACT",
        "type": "SA_IDENTIFY",
        "word": null,
        "roles": {
          "CONTENT": "#V1624478",
          "LEX": "-"
        },
        "start": 0,
        "end": 18
      },
      "V1624478": {
        "id": "V1624478",
        "indicator": "THE",
        "type": "QUANTITY-ABSTR",
        "word": null,
        "roles": {
          "FIGURE": "#V1615932"
        },
        "start": 0,
        "end": 18
      },
      "V1615932": {
        "id": "V1615932",
        "indicator": "BARE",
        "type": "COGITATION",
        "word": "THINK",
        "roles": {
          "ASSOC-WITH": "#V1615907",
          "FORMAL": "#V1616022",
          "LEX": "THINK",
          "WNSENSE": "think%1:09:00::"
        },
        "start": 0,
        "end": 18
      },
      "V1615907": {
        "id": "V1615907",
        "indicator": "THE",
        "type": "LETTER-SYMBOL",
        "word": null,
        "roles": {
          "NAME-OF": "I",
          "LEX": "I",
          "WNSENSE": "i%1:10:00::"
        },
        "start": 0,
        "end": 2
      },
      "V1616022": {
        "id": "V1616022",
        "indicator": "INDEF-SET",
        "type": "OTHER",
        "word": "OTHERS",
        "roles": {
          "LEX": "OTHERS",
          "WNSENSE": "other%3:00:00"
        },
        "start": 8,
        "end": 18
      },
      "root": "#V1624485"
    },
    {
      "V1618192": {
        "id": "V1618192",
        "indicator": "SPEECHACT",
        "type": "SA_TELL",
        "word": null,
        "roles": {
          "PUNCTYPE": "DECL",
          "CONTENT": "#V1616030",
          "LEX": "STUCK"
        },
        "start": 18,
        "end": 62
      },
      "V1616030": {
        "id": "V1616030",
        "indicator": "F",
        "type": "PENETRATE",
        "word": "STICK",
        "roles": {
          "AGENT": "#V1618193",
          "AFFECTED": "#V1616126",
          "MOD": "#V1616042",
          "TENSE": "PAST",
          "LEX": "STUCK",
          "WNSENSE": "stick%2:35:04::"
        },
        "start": 18,
        "end": 61
      },
      "V1618193": {
        "id": "V1618193",
        "indicator": "IMPRO",
        "type": "REFERENTIAL-SEM",
        "word": null,
        "roles": {
          "PROFORM": "SUBJ"
        },
        "start": 18,
        "end": 61
      },
      "V1616042": {
        "id": "V1616042",
        "indicator": "F",
        "type": "SITUATED-IN",
        "word": "IN",
        "roles": {
          "GROUND": "#V1616112",
          "FIGURE": "#V1616030",
          "LEX": "IN"
        },
        "start": 24,
        "end": 45
      },
      "V1616112": {
        "id": "V1616112",
        "indicator": "BARE",
        "type": "BURN",
        "word": "SMOULDERING",
        "roles": {
          "MOD": "#V1616118",
          "LEX": "SMOULDERING",
          "WNSENSE": "scorch%2:30:07"
        },
        "start": 27,
        "end": 45
      },
      "V1616118": {
        "id": "V1616118",
        "indicator": "F",
        "type": "SEQUENCE-POSITION",
        "word": "THIRD",
        "roles": {
          "FIGURE": "#V1616112",
          "LEX": "THIRD",
          "WNSENSE": "third%1:24:00::"
        },
        "start": 39,
        "end": 45
      },
      "V1616126": {
        "id": "V1616126",
        "indicator": "INDEF-SET",
        "type": "COUNTRY",
        "word": "COUNTRY",
        "roles": {
          "ASSOC-WITH": "#V1616123",
          "LEX": "COUNTRIES",
          "WNSENSE": "country%1:14:00::"
        },
        "start": 45,
        "end": 61
      },
      "V1616123": {
        "id": "V1616123",
        "indicator": "KIND",
        "type": "GEO-FORMATION",
        "word": "WORLD",
        "roles": {
          "LEX": "WORLD",
          "WNSENSE": "world%1:17:00::"
        },
        "start": 45,
        "end": 61
      },
      "root": "#V1618192"
    },
    {
      "V1624338": {
        "id": "V1624338",
        "indicator": "SPEECHACT",
        "type": "SA_IDENTIFY",
        "word": null,
        "roles": {
          "CONTENT": "#V1624331",
          "LEX": "-"
        },
        "start": 0,
        "end": 18
      },
      "V1624331": {
        "id": "V1624331",
        "indicator": "THE",
        "type": "QUANTITY-ABSTR",
        "word": null,
        "roles": {
          "FIGURE": "#V1615934"
        },
        "start": 0,
        "end": 18
      },
      "V1615934": {
        "id": "V1615934",
        "indicator": "BARE",
        "type": "COGITATION",
        "word": "THINK",
        "roles": {
          "ASSOC-WITH": "#V1615907",
          "FORMAL": "#V1616022",
          "LEX": "THINK",
          "WNSENSE": "think%1:09:00::"
        },
        "start": 0,
        "end": 18
      },
      "V1615907": {
        "id": "V1615907",
        "indicator": "THE",
        "type": "LETTER-SYMBOL",
        "word": null,
        "roles": {
          "NAME-OF": "I",
          "LEX": "I",
          "WNSENSE": "i%1:10:00::"
        },
        "start": 0,
        "end": 2
      },
      "V1616022": {
        "id": "V1616022",
        "indicator": "INDEF-SET",
        "type": "OTHER",
        "word": "OTHERS",
        "roles": {
          "LEX": "OTHERS",
          "WNSENSE": "other%3:00:00"
        },
        "start": 8,
        "end": 18
      },
      "root": "#V1624338"
    },
    {
      "V1618192": {
        "id": "V1618192",
        "indicator": "SPEECHACT",
        "type": "SA_TELL",
        "word": null,
        "roles": {
          "PUNCTYPE": "DECL",
          "CONTENT": "#V1616030",
          "LEX": "STUCK"
        },
        "start": 18,
        "end": 62
      },
      "V1616030": {
        "id": "V1616030",
        "indicator": "F",
        "type": "PENETRATE",
        "word": "STICK",
        "roles": {
          "AGENT": "#V1618193",
          "AFFECTED": "#V1616126",
          "MOD": "#V1616042",
          "TENSE": "PAST",
          "LEX": "STUCK",
          "WNSENSE": "stick%2:35:04::"
        },
        "start": 18,
        "end": 61
      },
      "V1618193": {
        "id": "V1618193",
        "indicator": "IMPRO",
        "type": "REFERENTIAL-SEM",
        "word": null,
        "roles": {
          "PROFORM": "SUBJ"
        },
        "start": 18,
        "end": 61
      },
      "V1616042": {
        "id": "V1616042",
        "indicator": "F",
        "type": "SITUATED-IN",
        "word": "IN",
        "roles": {
          "GROUND": "#V1616112",
          "FIGURE": "#V1616030",
          "LEX": "IN"
        },
        "start": 24,
        "end": 45
      },
      "V1616112": {
        "id": "V1616112",
        "indicator": "BARE",
        "type": "BURN",
        "word": "SMOULDERING",
        "roles": {
          "MOD": "#V1616118",
          "LEX": "SMOULDERING",
          "WNSENSE": "scorch%2:30:07"
        },
        "start": 27,
        "end": 45
      },
      "V1616118": {
        "id": "V1616118",
        "indicator": "F",
        "type": "SEQUENCE-POSITION",
        "word": "THIRD",
        "roles": {
          "FIGURE": "#V1616112",
          "LEX": "THIRD",
          "WNSENSE": "third%1:24:00::"
        },
        "start": 39,
        "end": 45
      },
      "V1616126": {
        "id": "V1616126",
        "indicator": "INDEF-SET",
        "type": "COUNTRY",
        "word": "COUNTRY",
        "roles": {
          "ASSOC-WITH": "#V1616123",
          "LEX": "COUNTRIES",
          "WNSENSE": "country%1:14:00::"
        },
        "start": 45,
        "end": 61
      },
      "V1616123": {
        "id": "V1616123",
        "indicator": "KIND",
        "type": "GEO-FORMATION",
        "word": "WORLD",
        "roles": {
          "LEX": "WORLD",
          "WNSENSE": "world%1:17:00::"
        },
        "start": 45,
        "end": 61
      },
      "root": "#V1618192"
    },
    {
      "V1624191": {
        "id": "V1624191",
        "indicator": "SPEECHACT",
        "type": "SA_IDENTIFY",
        "word": null,
        "roles": {
          "CONTENT": "#V1624184",
          "LEX": "-"
        },
        "start": 0,
        "end": 18
      },
      "V1624184": {
        "id": "V1624184",
        "indicator": "THE",
        "type": "QUANTITY-ABSTR",
        "word": null,
        "roles": {
          "FIGURE": "#V1615936"
        },
        "start": 0,
        "end": 18
      },
      "V1615936": {
        "id": "V1615936",
        "indicator": "BARE",
        "type": "COGITATION",
        "word": "THINK",
        "roles": {
          "ASSOC-WITH": "#V1615907",
          "FORMAL": "#V1616022",
          "LEX": "THINK",
          "WNSENSE": "think%1:09:00::"
        },
        "start": 0,
        "end": 18
      },
      "V1615907": {
        "id": "V1615907",
        "indicator": "THE",
        "type": "LETTER-SYMBOL",
        "word": null,
        "roles": {
          "NAME-OF": "I",
          "LEX": "I",
          "WNSENSE": "i%1:10:00::"
        },
        "start": 0,
        "end": 2
      },
      "V1616022": {
        "id": "V1616022",
        "indicator": "INDEF-SET",
        "type": "OTHER",
        "word": "OTHERS",
        "roles": {
          "LEX": "OTHERS",
          "WNSENSE": "other%3:00:00"
        },
        "start": 8,
        "end": 18
      },
      "root": "#V1624191"
    },
    {
      "V1618192": {
        "id": "V1618192",
        "indicator": "SPEECHACT",
        "type": "SA_TELL",
        "word": null,
        "roles": {
          "PUNCTYPE": "DECL",
          "CONTENT": "#V1616030",
          "LEX": "STUCK"
        },
        "start": 18,
        "end": 62
      },
      "V1616030": {
        "id": "V1616030",
        "indicator": "F",
        "type": "PENETRATE",
        "word": "STICK",
        "roles": {
          "AGENT": "#V1618193",
          "AFFECTED": "#V1616126",
          "MOD": "#V1616042",
          "TENSE": "PAST",
          "LEX": "STUCK",
          "WNSENSE": "stick%2:35:04::"
        },
        "start": 18,
        "end": 61
      },
      "V1618193": {
        "id": "V1618193",
        "indicator": "IMPRO",
        "type": "REFERENTIAL-SEM",
        "word": null,
        "roles": {
          "PROFORM": "SUBJ"
        },
        "start": 18,
        "end": 61
      },
      "V1616042": {
        "id": "V1616042",
        "indicator": "F",
        "type": "SITUATED-IN",
        "word": "IN",
        "roles": {
          "GROUND": "#V1616112",
          "FIGURE": "#V1616030",
          "LEX": "IN"
        },
        "start": 24,
        "end": 45
      },
      "V1616112": {
        "id": "V1616112",
        "indicator": "BARE",
        "type": "BURN",
        "word": "SMOULDERING",
        "roles": {
          "MOD": "#V1616118",
          "LEX": "SMOULDERING",
          "WNSENSE": "scorch%2:30:07"
        },
        "start": 27,
        "end": 45
      },
      "V1616118": {
        "id": "V1616118",
        "indicator": "F",
        "type": "SEQUENCE-POSITION",
        "word": "THIRD",
        "roles": {
          "FIGURE": "#V1616112",
          "LEX": "THIRD",
          "WNSENSE": "third%1:24:00::"
        },
        "start": 39,
        "end": 45
      },
      "V1616126": {
        "id": "V1616126",
        "indicator": "INDEF-SET",
        "type": "COUNTRY",
        "word": "COUNTRY",
        "roles": {
          "ASSOC-WITH": "#V1616123",
          "LEX": "COUNTRIES",
          "WNSENSE": "country%1:14:00::"
        },
        "start": 45,
        "end": 61
      },
      "V1616123": {
        "id": "V1616123",
        "indicator": "KIND",
        "type": "GEO-FORMATION",
        "word": "WORLD",
        "roles": {
          "LEX": "WORLD",
          "WNSENSE": "world%1:17:00::"
        },
        "start": 45,
        "end": 61
      },
      "root": "#V1618192"
    },
    {
      "V1624044": {
        "id": "V1624044",
        "indicator": "SPEECHACT",
        "type": "SA_IDENTIFY",
        "word": null,
        "roles": {
          "CONTENT": "#V1624037",
          "LEX": "-"
        },
        "start": 0,
        "end": 18
      },
      "V1624037": {
        "id": "V1624037",
        "indicator": "THE",
        "type": "QUANTITY-ABSTR",
        "word": null,
        "roles": {
          "FIGURE": "#V1615938"
        },
        "start": 0,
        "end": 18
      },
      "V1615938": {
        "id": "V1615938",
        "indicator": "BARE",
        "type": "COGITATION",
        "word": "THINK",
        "roles": {
          "ASSOC-WITH": "#V1615907",
          "FORMAL": "#V1616022",
          "LEX": "THINK",
          "WNSENSE": "think%1:09:00::"
        },
        "start": 0,
        "end": 18
      },
      "V1615907": {
        "id": "V1615907",
        "indicator": "THE",
        "type": "LETTER-SYMBOL",
        "word": null,
        "roles": {
          "NAME-OF": "I",
          "LEX": "I",
          "WNSENSE": "i%1:10:00::"
        },
        "start": 0,
        "end": 2
      },
      "V1616022": {
        "id": "V1616022",
        "indicator": "INDEF-SET",
        "type": "OTHER",
        "word": "OTHERS",
        "roles": {
          "LEX": "OTHERS",
          "WNSENSE": "other%3:00:00"
        },
        "start": 8,
        "end": 18
      },
      "root": "#V1624044"
    },
    {
      "V1618192": {
        "id": "V1618192",
        "indicator": "SPEECHACT",
        "type": "SA_TELL",
        "word": null,
        "roles": {
          "PUNCTYPE": "DECL",
          "CONTENT": "#V1616030",
          "LEX": "STUCK"
        },
        "start": 18,
        "end": 62
      },
      "V1616030": {
        "id": "V1616030",
        "indicator": "F",
        "type": "PENETRATE",
        "word": "STICK",
        "roles": {
          "AGENT": "#V1618193",
          "AFFECTED": "#V1616126",
          "MOD": "#V1616042",
          "TENSE": "PAST",
          "LEX": "STUCK",
          "WNSENSE": "stick%2:35:04::"
        },
        "start": 18,
        "end": 61
      },
      "V1618193": {
        "id": "V1618193",
        "indicator": "IMPRO",
        "type": "REFERENTIAL-SEM",
        "word": null,
        "roles": {
          "PROFORM": "SUBJ"
        },
        "start": 18,
        "end": 61
      },
      "V1616042": {
        "id": "V1616042",
        "indicator": "F",
        "type": "SITUATED-IN",
        "word": "IN",
        "roles": {
          "GROUND": "#V1616112",
          "FIGURE": "#V1616030",
          "LEX": "IN"
        },
        "start": 24,
        "end": 45
      },
      "V1616112": {
        "id": "V1616112",
        "indicator": "BARE",
        "type": "BURN",
        "word": "SMOULDERING",
        "roles": {
          "MOD": "#V1616118",
          "LEX": "SMOULDERING",
          "WNSENSE": "scorch%2:30:07"
        },
        "start": 27,
        "end": 45
      },
      "V1616118": {
        "id": "V1616118",
        "indicator": "F",
        "type": "SEQUENCE-POSITION",
        "word": "THIRD",
        "roles": {
          "FIGURE": "#V1616112",
          "LEX": "THIRD",
          "WNSENSE": "third%1:24:00::"
        },
        "start": 39,
        "end": 45
      },
      "V1616126": {
        "id": "V1616126",
        "indicator": "INDEF-SET",
        "type": "COUNTRY",
        "word": "COUNTRY",
        "roles": {
          "ASSOC-WITH": "#V1616123",
          "LEX": "COUNTRIES",
          "WNSENSE": "country%1:14:00::"
        },
        "start": 45,
        "end": 61
      },
      "V1616123": {
        "id": "V1616123",
        "indicator": "KIND",
        "type": "GEO-FORMATION",
        "word": "WORLD",
        "roles": {
          "LEX": "WORLD",
          "WNSENSE": "world%1:17:00::"
        },
        "start": 45,
        "end": 61
      },
      "root": "#V1618192"
    },
    {
      "V1625909": {
        "id": "V1625909",
        "indicator": "SPEECHACT",
        "type": "SA_IDENTIFY",
        "word": null,
        "roles": {
          "CONTENT": "#V1625902",
          "LEX": "-"
        },
        "start": 0,
        "end": 18
      },
      "V1625902": {
        "id": "V1625902",
        "indicator": "THE",
        "type": "QUANTITY-ABSTR",
        "word": null,
        "roles": {
          "FIGURE": "#V1615932"
        },
        "start": 0,
        "end": 18
      },
      "V1615932": {
        "id": "V1615932",
        "indicator": "BARE",
        "type": "COGITATION",
        "word": "THINK",
        "roles": {
          "ASSOC-WITH": "#V1615907",
          "FORMAL": "#V1616246",
          "LEX": "THINK",
          "WNSENSE": "think%1:09:00::"
        },
        "start": 0,
        "end": 18
      },
      "V1615907": {
        "id": "V1615907",
        "indicator": "THE",
        "type": "LETTER-SYMBOL",
        "word": null,
        "roles": {
          "NAME-OF": "I",
          "LEX": "I",
          "WNSENSE": "i%1:10:00::"
        },
        "start": 0,
        "end": 2
      },
      "V1616246": {
        "id": "V1616246",
        "indicator": "THE",
        "type": "QUANTITY-ABSTR",
        "word": null,
        "roles": {
          "FIGURE": "#V1616022",
          "LEX": "-"
        },
        "start": 8,
        "end": 18
      },
      "V1616022": {
        "id": "V1616022",
        "indicator": "INDEF-SET",
        "type": "OTHER",
        "word": "OTHERS",
        "roles": {
          "LEX": "OTHERS",
          "WNSENSE": "other%3:00:00"
        },
        "start": 11,
        "end": 18
      },
      "root": "#V1625909"
    },
    {
      "V1618192": {
        "id": "V1618192",
        "indicator": "SPEECHACT",
        "type": "SA_TELL",
        "word": null,
        "roles": {
          "PUNCTYPE": "DECL",
          "CONTENT": "#V1616030",
          "LEX": "STUCK"
        },
        "start": 18,
        "end": 62
      },
      "V1616030": {
        "id": "V1616030",
        "indicator": "F",
        "type": "PENETRATE",
        "word": "STICK",
        "roles": {
          "AGENT": "#V1618193",
          "AFFECTED": "#V1616126",
          "MOD": "#V1616042",
          "TENSE": "PAST",
          "LEX": "STUCK",
          "WNSENSE": "stick%2:35:04::"
        },
        "start": 18,
        "end": 61
      },
      "V1618193": {
        "id": "V1618193",
        "indicator": "IMPRO",
        "type": "REFERENTIAL-SEM",
        "word": null,
        "roles": {
          "PROFORM": "SUBJ"
        },
        "start": 18,
        "end": 61
      },
      "V1616042": {
        "id": "V1616042",
        "indicator": "F",
        "type": "SITUATED-IN",
        "word": "IN",
        "roles": {
          "GROUND": "#V1616112",
          "FIGURE": "#V1616030",
          "LEX": "IN"
        },
        "start": 24,
        "end": 45
      },
      "V1616112": {
        "id": "V1616112",
        "indicator": "BARE",
        "type": "BURN",
        "word": "SMOULDERING",
        "roles": {
          "MOD": "#V1616118",
          "LEX": "SMOULDERING",
          "WNSENSE": "scorch%2:30:07"
        },
        "start": 27,
        "end": 45
      },
      "V1616118": {
        "id": "V1616118",
        "indicator": "F",
        "type": "SEQUENCE-POSITION",
        "word": "THIRD",
        "roles": {
          "FIGURE": "#V1616112",
          "LEX": "THIRD",
          "WNSENSE": "third%1:24:00::"
        },
        "start": 39,
        "end": 45
      },
      "V1616126": {
        "id": "V1616126",
        "indicator": "INDEF-SET",
        "type": "COUNTRY",
        "word": "COUNTRY",
        "roles": {
          "ASSOC-WITH": "#V1616123",
          "LEX": "COUNTRIES",
          "WNSENSE": "country%1:14:00::"
        },
        "start": 45,
        "end": 61
      },
      "V1616123": {
        "id": "V1616123",
        "indicator": "KIND",
        "type": "GEO-FORMATION",
        "word": "WORLD",
        "roles": {
          "LEX": "WORLD",
          "WNSENSE": "world%1:17:00::"
        },
        "start": 45,
        "end": 61
      },
      "root": "#V1618192"
    },
    {
      "V1625735": {
        "id": "V1625735",
        "indicator": "SPEECHACT",
        "type": "SA_IDENTIFY",
        "word": null,
        "roles": {
          "CONTENT": "#V1625728",
          "LEX": "-"
        },
        "start": 0,
        "end": 18
      },
      "V1625728": {
        "id": "V1625728",
        "indicator": "THE",
        "type": "QUANTITY-ABSTR",
        "word": null,
        "roles": {
          "FIGURE": "#V1615934"
        },
        "start": 0,
        "end": 18
      },
      "V1615934": {
        "id": "V1615934",
        "indicator": "BARE",
        "type": "COGITATION",
        "word": "THINK",
        "roles": {
          "ASSOC-WITH": "#V1615907",
          "FORMAL": "#V1616246",
          "LEX": "THINK",
          "WNSENSE": "think%1:09:00::"
        },
        "start": 0,
        "end": 18
      },
      "V1615907": {
        "id": "V1615907",
        "indicator": "THE",
        "type": "LETTER-SYMBOL",
        "word": null,
        "roles": {
          "NAME-OF": "I",
          "LEX": "I",
          "WNSENSE": "i%1:10:00::"
        },
        "start": 0,
        "end": 2
      },
      "V1616246": {
        "id": "V1616246",
        "indicator": "THE",
        "type": "QUANTITY-ABSTR",
        "word": null,
        "roles": {
          "FIGURE": "#V1616022",
          "LEX": "-"
        },
        "start": 8,
        "end": 18
      },
      "V1616022": {
        "id": "V1616022",
        "indicator": "INDEF-SET",
        "type": "OTHER",
        "word": "OTHERS",
        "roles": {
          "LEX": "OTHERS",
          "WNSENSE": "other%3:00:00"
        },
        "start": 11,
        "end": 18
      },
      "root": "#V1625735"
    },
    {
      "V1618192": {
        "id": "V1618192",
        "indicator": "SPEECHACT",
        "type": "SA_TELL",
        "word": null,
        "roles": {
          "PUNCTYPE": "DECL",
          "CONTENT": "#V1616030",
          "LEX": "STUCK"
        },
        "start": 18,
        "end": 62
      },
      "V1616030": {
        "id": "V1616030",
        "indicator": "F",
        "type": "PENETRATE",
        "word": "STICK",
        "roles": {
          "AGENT": "#V1618193",
          "AFFECTED": "#V1616126",
          "MOD": "#V1616042",
          "TENSE": "PAST",
          "LEX": "STUCK",
          "WNSENSE": "stick%2:35:04::"
        },
        "start": 18,
        "end": 61
      },
      "V1618193": {
        "id": "V1618193",
        "indicator": "IMPRO",
        "type": "REFERENTIAL-SEM",
        "word": null,
        "roles": {
          "PROFORM": "SUBJ"
        },
        "start": 18,
        "end": 61
      },
      "V1616042": {
        "id": "V1616042",
        "indicator": "F",
        "type": "SITUATED-IN",
        "word": "IN",
        "roles": {
          "GROUND": "#V1616112",
          "FIGURE": "#V1616030",
          "LEX": "IN"
        },
        "start": 24,
        "end": 45
      },
      "V1616112": {
        "id": "V1616112",
        "indicator": "BARE",
        "type": "BURN",
        "word": "SMOULDERING",
        "roles": {
          "MOD": "#V1616118",
          "LEX": "SMOULDERING",
          "WNSENSE": "scorch%2:30:07"
        },
        "start": 27,
        "end": 45
      },
      "V1616118": {
        "id": "V1616118",
        "indicator": "F",
        "type": "SEQUENCE-POSITION",
        "word": "THIRD",
        "roles": {
          "FIGURE": "#V1616112",
          "LEX": "THIRD",
          "WNSENSE": "third%1:24:00::"
        },
        "start": 39,
        "end": 45
      },
      "V1616126": {
        "id": "V1616126",
        "indicator": "INDEF-SET",
        "type": "COUNTRY",
        "word": "COUNTRY",
        "roles": {
          "ASSOC-WITH": "#V1616123",
          "LEX": "COUNTRIES",
          "WNSENSE": "country%1:14:00::"
        },
        "start": 45,
        "end": 61
      },
      "V1616123": {
        "id": "V1616123",
        "indicator": "KIND",
        "type": "GEO-FORMATION",
        "word": "WORLD",
        "roles": {
          "LEX": "WORLD",
          "WNSENSE": "world%1:17:00::"
        },
        "start": 45,
        "end": 61
      },
      "root": "#V1618192"
    },
    {
      "V1625561": {
        "id": "V1625561",
        "indicator": "SPEECHACT",
        "type": "SA_IDENTIFY",
        "word": null,
        "roles": {
          "CONTENT": "#V1625554",
          "LEX": "-"
        },
        "start": 0,
        "end": 18
      },
      "V1625554": {
        "id": "V1625554",
        "indicator": "THE",
        "type": "QUANTITY-ABSTR",
        "word": null,
        "roles": {
          "FIGURE": "#V1615936"
        },
        "start": 0,
        "end": 18
      },
      "V1615936": {
        "id": "V1615936",
        "indicator": "BARE",
        "type": "COGITATION",
        "word": "THINK",
        "roles": {
          "ASSOC-WITH": "#V1615907",
          "FORMAL": "#V1616246",
          "LEX": "THINK",
          "WNSENSE": "think%1:09:00::"
        },
        "start": 0,
        "end": 18
      },
      "V1615907": {
        "id": "V1615907",
        "indicator": "THE",
        "type": "LETTER-SYMBOL",
        "word": null,
        "roles": {
          "NAME-OF": "I",
          "LEX": "I",
          "WNSENSE": "i%1:10:00::"
        },
        "start": 0,
        "end": 2
      },
      "V1616246": {
        "id": "V1616246",
        "indicator": "THE",
        "type": "QUANTITY-ABSTR",
        "word": null,
        "roles": {
          "FIGURE": "#V1616022",
          "LEX": "-"
        },
        "start": 8,
        "end": 18
      },
      "V1616022": {
        "id": "V1616022",
        "indicator": "INDEF-SET",
        "type": "OTHER",
        "word": "OTHERS",
        "roles": {
          "LEX": "OTHERS",
          "WNSENSE": "other%3:00:00"
        },
        "start": 11,
        "end": 18
      },
      "root": "#V1625561"
    },
    {
      "V1618192": {
        "id": "V1618192",
        "indicator": "SPEECHACT",
        "type": "SA_TELL",
        "word": null,
        "roles": {
          "PUNCTYPE": "DECL",
          "CONTENT": "#V1616030",
          "LEX": "STUCK"
        },
        "start": 18,
        "end": 62
      },
      "V1616030": {
        "id": "V1616030",
        "indicator": "F",
        "type": "PENETRATE",
        "word": "STICK",
        "roles": {
          "AGENT": "#V1618193",
          "AFFECTED": "#V1616126",
          "MOD": "#V1616042",
          "TENSE": "PAST",
          "LEX": "STUCK",
          "WNSENSE": "stick%2:35:04::"
        },
        "start": 18,
        "end": 61
      },
      "V1618193": {
        "id": "V1618193",
        "indicator": "IMPRO",
        "type": "REFERENTIAL-SEM",
        "word": null,
        "roles": {
          "PROFORM": "SUBJ"
        },
        "start": 18,
        "end": 61
      },
      "V1616042": {
        "id": "V1616042",
        "indicator": "F",
        "type": "SITUATED-IN",
        "word": "IN",
        "roles": {
          "GROUND": "#V1616112",
          "FIGURE": "#V1616030",
          "LEX": "IN"
        },
        "start": 24,
        "end": 45
      },
      "V1616112": {
        "id": "V1616112",
        "indicator": "BARE",
        "type": "BURN",
        "word": "SMOULDERING",
        "roles": {
          "MOD": "#V1616118",
          "LEX": "SMOULDERING",
          "WNSENSE": "scorch%2:30:07"
        },
        "start": 27,
        "end": 45
      },
      "V1616118": {
        "id": "V1616118",
        "indicator": "F",
        "type": "SEQUENCE-POSITION",
        "word": "THIRD",
        "roles": {
          "FIGURE": "#V1616112",
          "LEX": "THIRD",
          "WNSENSE": "third%1:24:00::"
        },
        "start": 39,
        "end": 45
      },
      "V1616126": {
        "id": "V1616126",
        "indicator": "INDEF-SET",
        "type": "COUNTRY",
        "word": "COUNTRY",
        "roles": {
          "ASSOC-WITH": "#V1616123",
          "LEX": "COUNTRIES",
          "WNSENSE": "country%1:14:00::"
        },
        "start": 45,
        "end": 61
      },
      "V1616123": {
        "id": "V1616123",
        "indicator": "KIND",
        "type": "GEO-FORMATION",
        "word": "WORLD",
        "roles": {
          "LEX": "WORLD",
          "WNSENSE": "world%1:17:00::"
        },
        "start": 45,
        "end": 61
      },
      "root": "#V1618192"
    },
    {
      "V1625387": {
        "id": "V1625387",
        "indicator": "SPEECHACT",
        "type": "SA_IDENTIFY",
        "word": null,
        "roles": {
          "CONTENT": "#V1625380",
          "LEX": "-"
        },
        "start": 0,
        "end": 18
      },
      "V1625380": {
        "id": "V1625380",
        "indicator": "THE",
        "type": "QUANTITY-ABSTR",
        "word": null,
        "roles": {
          "FIGURE": "#V1615938"
        },
        "start": 0,
        "end": 18
      },
      "V1615938": {
        "id": "V1615938",
        "indicator": "BARE",
        "type": "COGITATION",
        "word": "THINK",
        "roles": {
          "ASSOC-WITH": "#V1615907",
          "FORMAL": "#V1616246",
          "LEX": "THINK",
          "WNSENSE": "think%1:09:00::"
        },
        "start": 0,
        "end": 18
      },
      "V1615907": {
        "id": "V1615907",
        "indicator": "THE",
        "type": "LETTER-SYMBOL",
        "word": null,
        "roles": {
          "NAME-OF": "I",
          "LEX": "I",
          "WNSENSE": "i%1:10:00::"
        },
        "start": 0,
        "end": 2
      },
      "V1616246": {
        "id": "V1616246",
        "indicator": "THE",
        "type": "QUANTITY-ABSTR",
        "word": null,
        "roles": {
          "FIGURE": "#V1616022",
          "LEX": "-"
        },
        "start": 8,
        "end": 18
      },
      "V1616022": {
        "id": "V1616022",
        "indicator": "INDEF-SET",
        "type": "OTHER",
        "word": "OTHERS",
        "roles": {
          "LEX": "OTHERS",
          "WNSENSE": "other%3:00:00"
        },
        "start": 11,
        "end": 18
      },
      "root": "#V1625387"
    },
    {
      "V1618192": {
        "id": "V1618192",
        "indicator": "SPEECHACT",
        "type": "SA_TELL",
        "word": null,
        "roles": {
          "PUNCTYPE": "DECL",
          "CONTENT": "#V1616030",
          "LEX": "STUCK"
        },
        "start": 18,
        "end": 62
      },
      "V1616030": {
        "id": "V1616030",
        "indicator": "F",
        "type": "PENETRATE",
        "word": "STICK",
        "roles": {
          "AGENT": "#V1618193",
          "AFFECTED": "#V1616126",
          "MOD": "#V1616042",
          "TENSE": "PAST",
          "LEX": "STUCK",
          "WNSENSE": "stick%2:35:04::"
        },
        "start": 18,
        "end": 61
      },
      "V1618193": {
        "id": "V1618193",
        "indicator": "IMPRO",
        "type": "REFERENTIAL-SEM",
        "word": null,
        "roles": {
          "PROFORM": "SUBJ"
        },
        "start": 18,
        "end": 61
      },
      "V1616042": {
        "id": "V1616042",
        "indicator": "F",
        "type": "SITUATED-IN",
        "word": "IN",
        "roles": {
          "GROUND": "#V1616112",
          "FIGURE": "#V1616030",
          "LEX": "IN"
        },
        "start": 24,
        "end": 45
      },
      "V1616112": {
        "id": "V1616112",
        "indicator": "BARE",
        "type": "BURN",
        "word": "SMOULDERING",
        "roles": {
          "MOD": "#V1616118",
          "LEX": "SMOULDERING",
          "WNSENSE": "scorch%2:30:07"
        },
        "start": 27,
        "end": 45
      },
      "V1616118": {
        "id": "V1616118",
        "indicator": "F",
        "type": "SEQUENCE-POSITION",
        "word": "THIRD",
        "roles": {
          "FIGURE": "#V1616112",
          "LEX": "THIRD",
          "WNSENSE": "third%1:24:00::"
        },
        "start": 39,
        "end": 45
      },
      "V1616126": {
        "id": "V1616126",
        "indicator": "INDEF-SET",
        "type": "COUNTRY",
        "word": "COUNTRY",
        "roles": {
          "ASSOC-WITH": "#V1616123",
          "LEX": "COUNTRIES",
          "WNSENSE": "country%1:14:00::"
        },
        "start": 45,
        "end": 61
      },
      "V1616123": {
        "id": "V1616123",
        "indicator": "KIND",
        "type": "GEO-FORMATION",
        "word": "WORLD",
        "roles": {
          "LEX": "WORLD",
          "WNSENSE": "world%1:17:00::"
        },
        "start": 45,
        "end": 61
      },
      "root": "#V1618192"
    },
    {
      "V1626881": {
        "id": "V1626881",
        "indicator": "SPEECHACT",
        "type": "SA_IDENTIFY",
        "word": null,
        "roles": {
          "CONTENT": "#V1626874",
          "LEX": "-"
        },
        "start": 0,
        "end": 18
      },
      "V1626874": {
        "id": "V1626874",
        "indicator": "THE",
        "type": "QUANTITY-ABSTR",
        "word": null,
        "roles": {
          "FIGURE": "#V1615932"
        },
        "start": 0,
        "end": 18
      },
      "V1615932": {
        "id": "V1615932",
        "indicator": "BARE",
        "type": "COGITATION",
        "word": "THINK",
        "roles": {
          "ASSOC-WITH": "#V1617452",
          "FORMAL": "#V1616022",
          "LEX": "THINK",
          "WNSENSE": "think%1:09:00::"
        },
        "start": 0,
        "end": 18
      },
      "V1617452": {
        "id": "V1617452",
        "indicator": "THE",
        "type": "TIME-LOC",
        "word": null,
        "roles": {
          "DAY-OF-WEEK": "#V1616982",
          "LEX": "I"
        },
        "start": 0,
        "end": 2
      },
      "V1616982": {
        "id": "V1616982",
        "indicator": "THE",
        "type": "SEQUENCE",
        "word": null,
        "roles": {
          "NAME-OF": "(I)",
          "VAL": "(I)",
          "LEX": "I"
        },
        "start": 0,
        "end": 2
      },
      "V1616022": {
        "id": "V1616022",
        "indicator": "INDEF-SET",
        "type": "OTHER",
        "word": "OTHERS",
        "roles": {
          "LEX": "OTHERS",
          "WNSENSE": "other%3:00:00"
        },
        "start": 8,
        "end": 18
      },
      "root": "#V1626881"
    },
    {
      "V1618192": {
        "id": "V1618192",
        "indicator": "SPEECHACT",
        "type": "SA_TELL",
        "word": null,
        "roles": {
          "PUNCTYPE": "DECL",
          "CONTENT": "#V1616030",
          "LEX": "STUCK"
        },
        "start": 18,
        "end": 62
      },
      "V1616030": {
        "id": "V1616030",
        "indicator": "F",
        "type": "PENETRATE",
        "word": "STICK",
        "roles": {
          "AGENT": "#V1618193",
          "AFFECTED": "#V1616126",
          "MOD": "#V1616042",
          "TENSE": "PAST",
          "LEX": "STUCK",
          "WNSENSE": "stick%2:35:04::"
        },
        "start": 18,
        "end": 61
      },
      "V1618193": {
        "id": "V1618193",
        "indicator": "IMPRO",
        "type": "REFERENTIAL-SEM",
        "word": null,
        "roles": {
          "PROFORM": "SUBJ"
        },
        "start": 18,
        "end": 61
      },
      "V1616042": {
        "id": "V1616042",
        "indicator": "F",
        "type": "SITUATED-IN",
        "word": "IN",
        "roles": {
          "GROUND": "#V1616112",
          "FIGURE": "#V1616030",
          "LEX": "IN"
        },
        "start": 24,
        "end": 45
      },
      "V1616112": {
        "id": "V1616112",
        "indicator": "BARE",
        "type": "BURN",
        "word": "SMOULDERING",
        "roles": {
          "MOD": "#V1616118",
          "LEX": "SMOULDERING",
          "WNSENSE": "scorch%2:30:07"
        },
        "start": 27,
        "end": 45
      },
      "V1616118": {
        "id": "V1616118",
        "indicator": "F",
        "type": "SEQUENCE-POSITION",
        "word": "THIRD",
        "roles": {
          "FIGURE": "#V1616112",
          "LEX": "THIRD",
          "WNSENSE": "third%1:24:00::"
        },
        "start": 39,
        "end": 45
      },
      "V1616126": {
        "id": "V1616126",
        "indicator": "INDEF-SET",
        "type": "COUNTRY",
        "word": "COUNTRY",
        "roles": {
          "ASSOC-WITH": "#V1616123",
          "LEX": "COUNTRIES",
          "WNSENSE": "country%1:14:00::"
        },
        "start": 45,
        "end": 61
      },
      "V1616123": {
        "id": "V1616123",
        "indicator": "KIND",
        "type": "GEO-FORMATION",
        "word": "WORLD",
        "roles": {
          "LEX": "WORLD",
          "WNSENSE": "world%1:17:00::"
        },
        "start": 45,
        "end": 61
      },
      "root": "#V1618192"
    },
    {
      "V1626707": {
        "id": "V1626707",
        "indicator": "SPEECHACT",
        "type": "SA_IDENTIFY",
        "word": null,
        "roles": {
          "CONTENT": "#V1626700",
          "LEX": "-"
        },
        "start": 0,
        "end": 18
      },
      "V1626700": {
        "id": "V1626700",
        "indicator": "THE",
        "type": "QUANTITY-ABSTR",
        "word": null,
        "roles": {
          "FIGURE": "#V1615934"
        },
        "start": 0,
        "end": 18
      },
      "V1615934": {
        "id": "V1615934",
        "indicator": "BARE",
        "type": "COGITATION",
        "word": "THINK",
        "roles": {
          "ASSOC-WITH": "#V1617452",
          "FORMAL": "#V1616022",
          "LEX": "THINK",
          "WNSENSE": "think%1:09:00::"
        },
        "start": 0,
        "end": 18
      },
      "V1617452": {
        "id": "V1617452",
        "indicator": "THE",
        "type": "TIME-LOC",
        "word": null,
        "roles": {
          "DAY-OF-WEEK": "#V1616982",
          "LEX": "I"
        },
        "start": 0,
        "end": 2
      },
      "V1616982": {
        "id": "V1616982",
        "indicator": "THE",
        "type": "SEQUENCE",
        "word": null,
        "roles": {
          "NAME-OF": "(I)",
          "VAL": "(I)",
          "LEX": "I"
        },
        "start": 0,
        "end": 2
      },
      "V1616022": {
        "id": "V1616022",
        "indicator": "INDEF-SET",
        "type": "OTHER",
        "word": "OTHERS",
        "roles": {
          "LEX": "OTHERS",
          "WNSENSE": "other%3:00:00"
        },
        "start": 8,
        "end": 18
      },
      "root": "#V1626707"
    },
    {
      "V1618192": {
        "id": "V1618192",
        "indicator": "SPEECHACT",
        "type": "SA_TELL",
        "word": null,
        "roles": {
          "PUNCTYPE": "DECL",
          "CONTENT": "#V1616030",
          "LEX": "STUCK"
        },
        "start": 18,
        "end": 62
      },
      "V1616030": {
        "id": "V1616030",
        "indicator": "F",
        "type": "PENETRATE",
        "word": "STICK",
        "roles": {
          "AGENT": "#V1618193",
          "AFFECTED": "#V1616126",
          "MOD": "#V1616042",
          "TENSE": "PAST",
          "LEX": "STUCK",
          "WNSENSE": "stick%2:35:04::"
        },
        "start": 18,
        "end": 61
      },
      "V1618193": {
        "id": "V1618193",
        "indicator": "IMPRO",
        "type": "REFERENTIAL-SEM",
        "word": null,
        "roles": {
          "PROFORM": "SUBJ"
        },
        "start": 18,
        "end": 61
      },
      "V1616042": {
        "id": "V1616042",
        "indicator": "F",
        "type": "SITUATED-IN",
        "word": "IN",
        "roles": {
          "GROUND": "#V1616112",
          "FIGURE": "#V1616030",
          "LEX": "IN"
        },
        "start": 24,
        "end": 45
      },
      "V1616112": {
        "id": "V1616112",
        "indicator": "BARE",
        "type": "BURN",
        "word": "SMOULDERING",
        "roles": {
          "MOD": "#V1616118",
          "LEX": "SMOULDERING",
          "WNSENSE": "scorch%2:30:07"
        },
        "start": 27,
        "end": 45
      },
      "V1616118": {
        "id": "V1616118",
        "indicator": "F",
        "type": "SEQUENCE-POSITION",
        "word": "THIRD",
        "roles": {
          "FIGURE": "#V1616112",
          "LEX": "THIRD",
          "WNSENSE": "third%1:24:00::"
        },
        "start": 39,
        "end": 45
      },
      "V1616126": {
        "id": "V1616126",
        "indicator": "INDEF-SET",
        "type": "COUNTRY",
        "word": "COUNTRY",
        "roles": {
          "ASSOC-WITH": "#V1616123",
          "LEX": "COUNTRIES",
          "WNSENSE": "country%1:14:00::"
        },
        "start": 45,
        "end": 61
      },
      "V1616123": {
        "id": "V1616123",
        "indicator": "KIND",
        "type": "GEO-FORMATION",
        "word": "WORLD",
        "roles": {
          "LEX": "WORLD",
          "WNSENSE": "world%1:17:00::"
        },
        "start": 45,
        "end": 61
      },
      "root": "#V1618192"
    },
    {
      "V1626533": {
        "id": "V1626533",
        "indicator": "SPEECHACT",
        "type": "SA_IDENTIFY",
        "word": null,
        "roles": {
          "CONTENT": "#V1626526",
          "LEX": "-"
        },
        "start": 0,
        "end": 18
      },
      "V1626526": {
        "id": "V1626526",
        "indicator": "THE",
        "type": "QUANTITY-ABSTR",
        "word": null,
        "roles": {
          "FIGURE": "#V1615936"
        },
        "start": 0,
        "end": 18
      },
      "V1615936": {
        "id": "V1615936",
        "indicator": "BARE",
        "type": "COGITATION",
        "word": "THINK",
        "roles": {
          "ASSOC-WITH": "#V1617452",
          "FORMAL": "#V1616022",
          "LEX": "THINK",
          "WNSENSE": "think%1:09:00::"
        },
        "start": 0,
        "end": 18
      },
      "V1617452": {
        "id": "V1617452",
        "indicator": "THE",
        "type": "TIME-LOC",
        "word": null,
        "roles": {
          "DAY-OF-WEEK": "#V1616982",
          "LEX": "I"
        },
        "start": 0,
        "end": 2
      },
      "V1616982": {
        "id": "V1616982",
        "indicator": "THE",
        "type": "SEQUENCE",
        "word": null,
        "roles": {
          "NAME-OF": "(I)",
          "VAL": "(I)",
          "LEX": "I"
        },
        "start": 0,
        "end": 2
      },
      "V1616022": {
        "id": "V1616022",
        "indicator": "INDEF-SET",
        "type": "OTHER",
        "word": "OTHERS",
        "roles": {
          "LEX": "OTHERS",
          "WNSENSE": "other%3:00:00"
        },
        "start": 8,
        "end": 18
      },
      "root": "#V1626533"
    },
    {
      "V1618192": {
        "id": "V1618192",
        "indicator": "SPEECHACT",
        "type": "SA_TELL",
        "word": null,
        "roles": {
          "PUNCTYPE": "DECL",
          "CONTENT": "#V1616030",
          "LEX": "STUCK"
        },
        "start": 18,
        "end": 62
      },
      "V1616030": {
        "id": "V1616030",
        "indicator": "F",
        "type": "PENETRATE",
        "word": "STICK",
        "roles": {
          "AGENT": "#V1618193",
          "AFFECTED": "#V1616126",
          "MOD": "#V1616042",
          "TENSE": "PAST",
          "LEX": "STUCK",
          "WNSENSE": "stick%2:35:04::"
        },
        "start": 18,
        "end": 61
      },
      "V1618193": {
        "id": "V1618193",
        "indicator": "IMPRO",
        "type": "REFERENTIAL-SEM",
        "word": null,
        "roles": {
          "PROFORM": "SUBJ"
        },
        "start": 18,
        "end": 61
      },
      "V1616042": {
        "id": "V1616042",
        "indicator": "F",
        "type": "SITUATED-IN",
        "word": "IN",
        "roles": {
          "GROUND": "#V1616112",
          "FIGURE": "#V1616030",
          "LEX": "IN"
        },
        "start": 24,
        "end": 45
      },
      "V1616112": {
        "id": "V1616112",
        "indicator": "BARE",
        "type": "BURN",
        "word": "SMOULDERING",
        "roles": {
          "MOD": "#V1616118",
          "LEX": "SMOULDERING",
          "WNSENSE": "scorch%2:30:07"
        },
        "start": 27,
        "end": 45
      },
      "V1616118": {
        "id": "V1616118",
        "indicator": "F",
        "type": "SEQUENCE-POSITION",
        "word": "THIRD",
        "roles": {
          "FIGURE": "#V1616112",
          "LEX": "THIRD",
          "WNSENSE": "third%1:24:00::"
        },
        "start": 39,
        "end": 45
      },
      "V1616126": {
        "id": "V1616126",
        "indicator": "INDEF-SET",
        "type": "COUNTRY",
        "word": "COUNTRY",
        "roles": {
          "ASSOC-WITH": "#V1616123",
          "LEX": "COUNTRIES",
          "WNSENSE": "country%1:14:00::"
        },
        "start": 45,
        "end": 61
      },
      "V1616123": {
        "id": "V1616123",
        "indicator": "KIND",
        "type": "GEO-FORMATION",
        "word": "WORLD",
        "roles": {
          "LEX": "WORLD",
          "WNSENSE": "world%1:17:00::"
        },
        "start": 45,
        "end": 61
      },
      "root": "#V1618192"
    },
    {
      "V1626359": {
        "id": "V1626359",
        "indicator": "SPEECHACT",
        "type": "SA_IDENTIFY",
        "word": null,
        "roles": {
          "CONTENT": "#V1626352",
          "LEX": "-"
        },
        "start": 0,
        "end": 18
      },
      "V1626352": {
        "id": "V1626352",
        "indicator": "THE",
        "type": "QUANTITY-ABSTR",
        "word": null,
        "roles": {
          "FIGURE": "#V1615938"
        },
        "start": 0,
        "end": 18
      },
      "V1615938": {
        "id": "V1615938",
        "indicator": "BARE",
        "type": "COGITATION",
        "word": "THINK",
        "roles": {
          "ASSOC-WITH": "#V1617452",
          "FORMAL": "#V1616022",
          "LEX": "THINK",
          "WNSENSE": "think%1:09:00::"
        },
        "start": 0,
        "end": 18
      },
      "V1617452": {
        "id": "V1617452",
        "indicator": "THE",
        "type": "TIME-LOC",
        "word": null,
        "roles": {
          "DAY-OF-WEEK": "#V1616982",
          "LEX": "I"
        },
        "start": 0,
        "end": 2
      },
      "V1616982": {
        "id": "V1616982",
        "indicator": "THE",
        "type": "SEQUENCE",
        "word": null,
        "roles": {
          "NAME-OF": "(I)",
          "VAL": "(I)",
          "LEX": "I"
        },
        "start": 0,
        "end": 2
      },
      "V1616022": {
        "id": "V1616022",
        "indicator": "INDEF-SET",
        "type": "OTHER",
        "word": "OTHERS",
        "roles": {
          "LEX": "OTHERS",
          "WNSENSE": "other%3:00:00"
        },
        "start": 8,
        "end": 18
      },
      "root": "#V1626359"
    },
    {
      "V1618192": {
        "id": "V1618192",
        "indicator": "SPEECHACT",
        "type": "SA_TELL",
        "word": null,
        "roles": {
          "PUNCTYPE": "DECL",
          "CONTENT": "#V1616030",
          "LEX": "STUCK"
        },
        "start": 18,
        "end": 62
      },
      "V1616030": {
        "id": "V1616030",
        "indicator": "F",
        "type": "PENETRATE",
        "word": "STICK",
        "roles": {
          "AGENT": "#V1618193",
          "AFFECTED": "#V1616126",
          "MOD": "#V1616042",
          "TENSE": "PAST",
          "LEX": "STUCK",
          "WNSENSE": "stick%2:35:04::"
        },
        "start": 18,
        "end": 61
      },
      "V1618193": {
        "id": "V1618193",
        "indicator": "IMPRO",
        "type": "REFERENTIAL-SEM",
        "word": null,
        "roles": {
          "PROFORM": "SUBJ"
        },
        "start": 18,
        "end": 61
      },
      "V1616042": {
        "id": "V1616042",
        "indicator": "F",
        "type": "SITUATED-IN",
        "word": "IN",
        "roles": {
          "GROUND": "#V1616112",
          "FIGURE": "#V1616030",
          "LEX": "IN"
        },
        "start": 24,
        "end": 45
      },
      "V1616112": {
        "id": "V1616112",
        "indicator": "BARE",
        "type": "BURN",
        "word": "SMOULDERING",
        "roles": {
          "MOD": "#V1616118",
          "LEX": "SMOULDERING",
          "WNSENSE": "scorch%2:30:07"
        },
        "start": 27,
        "end": 45
      },
      "V1616118": {
        "id": "V1616118",
        "indicator": "F",
        "type": "SEQUENCE-POSITION",
        "word": "THIRD",
        "roles": {
          "FIGURE": "#V1616112",
          "LEX": "THIRD",
          "WNSENSE": "third%1:24:00::"
        },
        "start": 39,
        "end": 45
      },
      "V1616126": {
        "id": "V1616126",
        "indicator": "INDEF-SET",
        "type": "COUNTRY",
        "word": "COUNTRY",
        "roles": {
          "ASSOC-WITH": "#V1616123",
          "LEX": "COUNTRIES",
          "WNSENSE": "country%1:14:00::"
        },
        "start": 45,
        "end": 61
      },
      "V1616123": {
        "id": "V1616123",
        "indicator": "KIND",
        "type": "GEO-FORMATION",
        "word": "WORLD",
        "roles": {
          "LEX": "WORLD",
          "WNSENSE": "world%1:17:00::"
        },
        "start": 45,
        "end": 61
      },
      "root": "#V1618192"
    },
    {
      "V1624545": {
        "id": "V1624545",
        "indicator": "SPEECHACT",
        "type": "SA_TELL",
        "word": null,
        "roles": {
          "CONTENT": "#V1616029",
          "LEX": "STUCK"
        },
        "start": 0,
        "end": 45
      },
      "V1616029": {
        "id": "V1616029",
        "indicator": "F",
        "type": "STAY",
        "word": "STICK",
        "roles": {
          "MOD": [
            "#V1616118",
            "#V1616042"
          ],
          "AGENT": "#V1624478",
          "TENSE": "PAST",
          "LEX": "STUCK",
          "WNSENSE": "stick%2:38:00::"
        },
        "start": 0,
        "end": 45
      },
      "V1624478": {
        "id": "V1624478",
        "indicator": "THE",
        "type": "QUANTITY-ABSTR",
        "word": null,
        "roles": {
          "FIGURE": "#V1615932"
        },
        "start": 0,
        "end": 18
      },
      "V1615932": {
        "id": "V1615932",
        "indicator": "BARE",
        "type": "COGITATION",
        "word": "THINK",
        "roles": {
          "ASSOC-WITH": "#V1615907",
          "FORMAL": "#V1616022",
          "LEX": "THINK",
          "WNSENSE": "think%1:09:00::"
        },
        "start": 0,
        "end": 18
      },
      "V1615907": {
        "id": "V1615907",
        "indicator": "THE",
        "type": "LETTER-SYMBOL",
        "word": null,
        "roles": {
          "NAME-OF": "I",
          "LEX": "I",
          "WNSENSE": "i%1:10:00::"
        },
        "start": 0,
        "end": 2
      },
      "V1616022": {
        "id": "V1616022",
        "indicator": "INDEF-SET",
        "type": "OTHER",
        "word": "OTHERS",
        "roles": {
          "LEX": "OTHERS",
          "WNSENSE": "other%3:00:00"
        },
        "start": 8,
        "end": 18
      },
      "V1616042": {
        "id": "V1616042",
        "indicator": "F",
        "type": "SITUATED-IN",
        "word": "IN",
        "roles": {
          "GROUND": "#V1616105",
          "FIGURE": "#V1616029",
          "LEX": "IN"
        },
        "start": 24,
        "end": 39
      },
      "V1616105": {
        "id": "V1616105",
        "indicator": "BARE",
        "type": "EXPERIENCER-EMOTION",
        "word": "SMOULDERING",
        "roles": {
          "LEX": "SMOULDERING",
          "WNSENSE": "experience%2:37:00"
        },
        "start": 27,
        "end": 39
      },
      "V1616118": {
        "id": "V1616118",
        "indicator": "F",
        "type": "SEQUENCE-POSITION",
        "word": "THIRD",
        "roles": {
          "FIGURE": "#V1616029",
          "LEX": "THIRD",
          "WNSENSE": "third%1:24:00::"
        },
        "start": 39,
        "end": 45
      },
      "root": "#V1624545"
    },
    {
      "V1616797": {
        "id": "V1616797",
        "indicator": "SPEECHACT",
        "type": "SA_IDENTIFY",
        "word": null,
        "roles": {
          "PUNCTYPE": "DECL",
          "CONTENT": "#V1616126",
          "LEX": "COUNTRIES"
        },
        "start": 45,
        "end": 62
      },
      "V1616126": {
        "id": "V1616126",
        "indicator": "INDEF-SET",
        "type": "COUNTRY",
        "word": "COUNTRY",
        "roles": {
          "ASSOC-WITH": "#V1616123",
          "LEX": "COUNTRIES",
          "WNSENSE": "country%1:14:00::"
        },
        "start": 45,
        "end": 61
      },
      "V1616123": {
        "id": "V1616123",
        "indicator": "KIND",
        "type": "GEO-FORMATION",
        "word": "WORLD",
        "roles": {
          "LEX": "WORLD",
          "WNSENSE": "world%1:17:00::"
        },
        "start": 45,
        "end": 61
      },
      "root": "#V1616797"
    },
    {
      "V1624542": {
        "id": "V1624542",
        "indicator": "SPEECHACT",
        "type": "SA_TELL",
        "word": null,
        "roles": {
          "CONTENT": "#V1616029",
          "LEX": "STUCK"
        },
        "start": 0,
        "end": 45
      },
      "V1616029": {
        "id": "V1616029",
        "indicator": "F",
        "type": "STAY",
        "word": "STICK",
        "roles": {
          "MOD": [
            "#V1616118",
            "#V1616042"
          ],
          "AGENT": "#V1624478",
          "TENSE": "PAST",
          "LEX": "STUCK",
          "WNSENSE": "stick%2:38:00::"
        },
        "start": 0,
        "end": 45
      },
      "V1624478": {
        "id": "V1624478",
        "indicator": "THE",
        "type": "QUANTITY-ABSTR",
        "word": null,
        "roles": {
          "FIGURE": "#V1615932"
        },
        "start": 0,
        "end": 18
      },
      "V1615932": {
        "id": "V1615932",
        "indicator": "BARE",
        "type": "COGITATION",
        "word": "THINK",
        "roles": {
          "ASSOC-WITH": "#V1615907",
          "FORMAL": "#V1616022",
          "LEX": "THINK",
          "WNSENSE": "think%1:09:00::"
        },
        "start": 0,
        "end": 18
      },
      "V1615907": {
        "id": "V1615907",
        "indicator": "THE",
        "type": "LETTER-SYMBOL",
        "word": null,
        "roles": {
          "NAME-OF": "I",
          "LEX": "I",
          "WNSENSE": "i%1:10:00::"
        },
        "start": 0,
        "end": 2
      },
      "V1616022": {
        "id": "V1616022",
        "indicator": "INDEF-SET",
        "type": "OTHER",
        "word": "OTHERS",
        "roles": {
          "LEX": "OTHERS",
          "WNSENSE": "other%3:00:00"
        },
        "start": 8,
        "end": 18
      },
      "V1616042": {
        "id": "V1616042",
        "indicator": "F",
        "type": "SITUATED-IN",
        "word": "IN",
        "roles": {
          "GROUND": "#V1616107",
          "FIGURE": "#V1616029",
          "LEX": "IN"
        },
        "start": 24,
        "end": 39
      },
      "V1616107": {
        "id": "V1616107",
        "indicator": "BARE",
        "type": "EXPERIENCER-EMOTION",
        "word": "SMOULDERING",
        "roles": {
          "LEX": "SMOULDERING",
          "WNSENSE": "experience%2:37:00"
        },
        "start": 27,
        "end": 39
      },
      "V1616118": {
        "id": "V1616118",
        "indicator": "F",
        "type": "SEQUENCE-POSITION",
        "word": "THIRD",
        "roles": {
          "FIGURE": "#V1616029",
          "LEX": "THIRD",
          "WNSENSE": "third%1:24:00::"
        },
        "start": 39,
        "end": 45
      },
      "root": "#V1624542"
    },
    {
      "V1616797": {
        "id": "V1616797",
        "indicator": "SPEECHACT",
        "type": "SA_IDENTIFY",
        "word": null,
        "roles": {
          "PUNCTYPE": "DECL",
          "CONTENT": "#V1616126",
          "LEX": "COUNTRIES"
        },
        "start": 45,
        "end": 62
      },
      "V1616126": {
        "id": "V1616126",
        "indicator": "INDEF-SET",
        "type": "COUNTRY",
        "word": "COUNTRY",
        "roles": {
          "ASSOC-WITH": "#V1616123",
          "LEX": "COUNTRIES",
          "WNSENSE": "country%1:14:00::"
        },
        "start": 45,
        "end": 61
      },
      "V1616123": {
        "id": "V1616123",
        "indicator": "KIND",
        "type": "GEO-FORMATION",
        "word": "WORLD",
        "roles": {
          "LEX": "WORLD",
          "WNSENSE": "world%1:17:00::"
        },
        "start": 45,
        "end": 61
      },
      "root": "#V1616797"
    },
    {
      "V1624398": {
        "id": "V1624398",
        "indicator": "SPEECHACT",
        "type": "SA_TELL",
        "word": null,
        "roles": {
          "CONTENT": "#V1616029",
          "LEX": "STUCK"
        },
        "start": 0,
        "end": 45
      },
      "V1616029": {
        "id": "V1616029",
        "indicator": "F",
        "type": "STAY",
        "word": "STICK",
        "roles": {
          "MOD": [
            "#V1616118",
            "#V1616042"
          ],
          "AGENT": "#V1624331",
          "TENSE": "PAST",
          "LEX": "STUCK",
          "WNSENSE": "stick%2:38:00::"
        },
        "start": 0,
        "end": 45
      },
      "V1624331": {
        "id": "V1624331",
        "indicator": "THE",
        "type": "QUANTITY-ABSTR",
        "word": null,
        "roles": {
          "FIGURE": "#V1615934"
        },
        "start": 0,
        "end": 18
      },
      "V1615934": {
        "id": "V1615934",
        "indicator": "BARE",
        "type": "COGITATION",
        "word": "THINK",
        "roles": {
          "ASSOC-WITH": "#V1615907",
          "FORMAL": "#V1616022",
          "LEX": "THINK",
          "WNSENSE": "think%1:09:00::"
        },
        "start": 0,
        "end": 18
      },
      "V1615907": {
        "id": "V1615907",
        "indicator": "THE",
        "type": "LETTER-SYMBOL",
        "word": null,
        "roles": {
          "NAME-OF": "I",
          "LEX": "I",
          "WNSENSE": "i%1:10:00::"
        },
        "start": 0,
        "end": 2
      },
      "V1616022": {
        "id": "V1616022",
        "indicator": "INDEF-SET",
        "type": "OTHER",
        "word": "OTHERS",
        "roles": {
          "LEX": "OTHERS",
          "WNSENSE": "other%3:00:00"
        },
        "start": 8,
        "end": 18
      },
      "V1616042": {
        "id": "V1616042",
        "indicator": "F",
        "type": "SITUATED-IN",
        "word": "IN",
        "roles": {
          "GROUND": "#V1616105",
          "FIGURE": "#V1616029",
          "LEX": "IN"
        },
        "start": 24,
        "end": 39
      },
      "V1616105": {
        "id": "V1616105",
        "indicator": "BARE",
        "type": "EXPERIENCER-EMOTION",
        "word": "SMOULDERING",
        "roles": {
          "LEX": "SMOULDERING",
          "WNSENSE": "experience%2:37:00"
        },
        "start": 27,
        "end": 39
      },
      "V1616118": {
        "id": "V1616118",
        "indicator": "F",
        "type": "SEQUENCE-POSITION",
        "word": "THIRD",
        "roles": {
          "FIGURE": "#V1616029",
          "LEX": "THIRD",
          "WNSENSE": "third%1:24:00::"
        },
        "start": 39,
        "end": 45
      },
      "root": "#V1624398"
    },
    {
      "V1616797": {
        "id": "V1616797",
        "indicator": "SPEECHACT",
        "type": "SA_IDENTIFY",
        "word": null,
        "roles": {
          "PUNCTYPE": "DECL",
          "CONTENT": "#V1616126",
          "LEX": "COUNTRIES"
        },
        "start": 45,
        "end": 62
      },
      "V1616126": {
        "id": "V1616126",
        "indicator": "INDEF-SET",
        "type": "COUNTRY",
        "word": "COUNTRY",
        "roles": {
          "ASSOC-WITH": "#V1616123",
          "LEX": "COUNTRIES",
          "WNSENSE": "country%1:14:00::"
        },
        "start": 45,
        "end": 61
      },
      "V1616123": {
        "id": "V1616123",
        "indicator": "KIND",
        "type": "GEO-FORMATION",
        "word": "WORLD",
        "roles": {
          "LEX": "WORLD",
          "WNSENSE": "world%1:17:00::"
        },
        "start": 45,
        "end": 61
      },
      "root": "#V1616797"
    },
    {
      "V1624395": {
        "id": "V1624395",
        "indicator": "SPEECHACT",
        "type": "SA_TELL",
        "word": null,
        "roles": {
          "CONTENT": "#V1616029",
          "LEX": "STUCK"
        },
        "start": 0,
        "end": 45
      },
      "V1616029": {
        "id": "V1616029",
        "indicator": "F",
        "type": "STAY",
        "word": "STICK",
        "roles": {
          "MOD": [
            "#V1616118",
            "#V1616042"
          ],
          "AGENT": "#V1624331",
          "TENSE": "PAST",
          "LEX": "STUCK",
          "WNSENSE": "stick%2:38:00::"
        },
        "start": 0,
        "end": 45
      },
      "V1624331": {
        "id": "V1624331",
        "indicator": "THE",
        "type": "QUANTITY-ABSTR",
        "word": null,
        "roles": {
          "FIGURE": "#V1615934"
        },
        "start": 0,
        "end": 18
      },
      "V1615934": {
        "id": "V1615934",
        "indicator": "BARE",
        "type": "COGITATION",
        "word": "THINK",
        "roles": {
          "ASSOC-WITH": "#V1615907",
          "FORMAL": "#V1616022",
          "LEX": "THINK",
          "WNSENSE": "think%1:09:00::"
        },
        "start": 0,
        "end": 18
      },
      "V1615907": {
        "id": "V1615907",
        "indicator": "THE",
        "type": "LETTER-SYMBOL",
        "word": null,
        "roles": {
          "NAME-OF": "I",
          "LEX": "I",
          "WNSENSE": "i%1:10:00::"
        },
        "start": 0,
        "end": 2
      },
      "V1616022": {
        "id": "V1616022",
        "indicator": "INDEF-SET",
        "type": "OTHER",
        "word": "OTHERS",
        "roles": {
          "LEX": "OTHERS",
          "WNSENSE": "other%3:00:00"
        },
        "start": 8,
        "end": 18
      },
      "V1616042": {
        "id": "V1616042",
        "indicator": "F",
        "type": "SITUATED-IN",
        "word": "IN",
        "roles": {
          "GROUND": "#V1616107",
          "FIGURE": "#V1616029",
          "LEX": "IN"
        },
        "start": 24,
        "end": 39
      },
      "V1616107": {
        "id": "V1616107",
        "indicator": "BARE",
        "type": "EXPERIENCER-EMOTION",
        "word": "SMOULDERING",
        "roles": {
          "LEX": "SMOULDERING",
          "WNSENSE": "experience%2:37:00"
        },
        "start": 27,
        "end": 39
      },
      "V1616118": {
        "id": "V1616118",
        "indicator": "F",
        "type": "SEQUENCE-POSITION",
        "word": "THIRD",
        "roles": {
          "FIGURE": "#V1616029",
          "LEX": "THIRD",
          "WNSENSE": "third%1:24:00::"
        },
        "start": 39,
        "end": 45
      },
      "root": "#V1624395"
    },
    {
      "V1616797": {
        "id": "V1616797",
        "indicator": "SPEECHACT",
        "type": "SA_IDENTIFY",
        "word": null,
        "roles": {
          "PUNCTYPE": "DECL",
          "CONTENT": "#V1616126",
          "LEX": "COUNTRIES"
        },
        "start": 45,
        "end": 62
      },
      "V1616126": {
        "id": "V1616126",
        "indicator": "INDEF-SET",
        "type": "COUNTRY",
        "word": "COUNTRY",
        "roles": {
          "ASSOC-WITH": "#V1616123",
          "LEX": "COUNTRIES",
          "WNSENSE": "country%1:14:00::"
        },
        "start": 45,
        "end": 61
      },
      "V1616123": {
        "id": "V1616123",
        "indicator": "KIND",
        "type": "GEO-FORMATION",
        "word": "WORLD",
        "roles": {
          "LEX": "WORLD",
          "WNSENSE": "world%1:17:00::"
        },
        "start": 45,
        "end": 61
      },
      "root": "#V1616797"
    }
  ],
  "inputtags": [],
  "debug": [
    "*last-utt-id*=NIL  utt-id+271",
    "*last-utt-id*=271  utt-id+271",
    "*last-utt-id*=271  utt-id+NIL"
  ]
}
