{
  "parse": [
    {
      "V196425": {
        "id": "V196425",
        "indicator": "SPEECHACT",
        "type": "SA_WH-QUESTION",
        "word": null,
        "roles": {
          "PUNCTYPE": "YNQ",
          "CONTENT": "#V196297",
          "FOCUS": "#V196319",
          "LEX": "CONTINUE"
        },
        "start": 0,
        "end": 21
      },
      "V196297": {
        "id": "V196297",
        "indicator": "F",
        "type": "ACTIVITY-ONGOING",
        "word": "CONTINUE",
        "roles": {
          "AGENT": "#V196285",
          "MOD": "#V196269",
          "TENSE": "PRES",
          "MODALITY": "(:* DO DO)",
          "LEX": "CONTINUE",
          "WNSENSE": "continue%2:42:01::"
        },
        "start": 0,
        "end": 21
      },
      "V196269": {
        "id": "V196269",
        "indicator": "F",
        "type": "REASON-FOR",
        "word": "WHY",
        "roles": {
          "GROUND": "#V196319",
          "FIGURE": "#V196297",
          "LEX": "WHY"
        },
        "start": 0,
        "end": 4
      },
      "V196319": {
        "id": "V196319",
        "indicator": "WH-TERM",
        "type": "REASON",
        "word": null,
        "roles": {
          "PROFORM": "WHY",
          "SUCHTHAT": "#V196269"
        },
        "start": 0,
        "end": 4
      },
      "V196285": {
        "id": "V196285",
        "indicator": "PRO",
        "type": "MALE-PERSON",
        "word": "HE",
        "roles": {
          "PROFORM": "HE",
          "LEX": "HE",
          "WNSENSE": "man%1:18:00"
        },
        "start": 9,
        "end": 12
      },
      "root": "#V196425"
    }
  ],
  "inputtags": [],
  "debug": [
    "*last-utt-id*=NIL  utt-id+33",
    "*last-utt-id*=33  utt-id+NIL"
  ]
}
