{
  "parse": [
    {
      "V1776746": {
        "id": "V1776746",
        "indicator": "SPEECHACT",
        "type": "SA_IDENTIFY",
        "word": null,
        "roles": {
          "PUNCTYPE": "DECL",
          "CONTENT": "#V1776704",
          "LEX": "BOYFRIENDS"
        },
        "start": 0,
        "end": 16
      },
      "V1776704": {
        "id": "V1776704",
        "indicator": "INDEF-SET",
        "type": "FRIEND",
        "word": "BOYFRIEND",
        "roles": {
          "ASSOC-WITH": "#V1776701",
          "LEX": "BOYFRIENDS",
          "WNSENSE": "friend%1:18:00"
        },
        "start": 0,
        "end": 16
      },
      "V1776701": {
        "id": "V1776701",
        "indicator": "KIND",
        "type": "FAMILY-RELATION",
        "word": "MOMS",
        "roles": {
          "LEX": "MOMS",
          "WNSENSE": "relative%1:18:00"
        },
        "start": 0,
        "end": 16
      },
      "root": "#V1776746"
    }
  ],
  "inputtags": [],
  "debug": [
    "*last-utt-id*=NIL  utt-id+309",
    "*last-utt-id*=309  utt-id+NIL"
  ]
}
