{
  "parse": [
    {
      "V259820": {
        "id": "V259820",
        "indicator": "SA-SEQ",
        "type": "SPEECH-ACT",
        "word": null,
        "roles": {
          "PUNCTYPE": "DECL",
          "ACT": "#V259595",
          "ACT1": "#V259821",
          "LEX": "JIM"
        },
        "start": 0,
        "end": 11
      },
      "V259595": {
        "id": "V259595",
        "indicator": "SPEECHACT",
        "type": "SA_THANK",
        "word": null,
        "roles": {
          "CONTENT": "(THANKS)",
          "LEX": "THANKS"
        },
        "start": 0,
        "end": 7
      },
      "V259821": {
        "id": "V259821",
        "indicator": "SPEECHACT",
        "type": "SA_TELL",
        "word": null,
        "roles": {
          "CONTENT": "#V259584",
          "LEX": "JIM"
        },
        "start": 7,
        "end": 11
      },
      "V259584": {
        "id": "V259584",
        "indicator": "F",
        "type": "SITUATION-ROOT",
        "word": "JIM",
        "roles": {
          "TENSE": "PRES",
          "LEX": "JIM"
        },
        "start": 7,
        "end": 11
      },
      "V259822": {
        "id": "V259822",
        "indicator": "IMPRO",
        "type": "REFERENTIAL-SEM",
        "word": null,
        "roles": {
          "PROFORM": "SUBJ"
        },
        "start": 7,
        "end": 11
      },
      "root": "#V259820"
    },
    {
      "V259982": {
        "id": "V259982",
        "indicator": "SPEECHACT",
        "type": "SA_IDENTIFY",
        "word": null,
        "roles": {
          "CONTENT": "#V259979",
          "LEX": "-"
        },
        "start": 13,
        "end": 13
      },
      "V259979": {
        "id": "V259979",
        "indicator": "THE",
        "type": "QUANTITY-ABSTR",
        "word": null,
        "roles": {
          "FIGURE": "#V259974"
        },
        "start": 13,
        "end": 13
      },
      "V259974": {
        "id": "V259974",
        "indicator": "BARE",
        "type": "REFERENTIAL-SEM",
        "word": "|...|",
        "roles": {
          "LEX": "|...|",
          "WNSENSE": "entity%1:03:00"
        },
        "start": 13,
        "end": 13
      },
      "root": "#V259982"
    }
  ],
  "inputtags": [],
  "debug": [
    "*last-utt-id*=NIL  utt-id+37",
    "*last-utt-id*=37  utt-id+37",
    "*last-utt-id*=37  utt-id+NIL",
    "*last-utt-id*=NIL  utt-id+38",
    "*last-utt-id*=38  utt-id+NIL"
  ]
}
