{
  "parse": [
    {
      "V1519579": {
        "id": "V1519579",
        "indicator": "F",
        "type": "FROM-LOC",
        "word": "FROM",
        "roles": {
          "GROUND": "#V1519591",
          "LEX": "FROM"
        },
        "start": 0,
        "end": 14
      },
      "V1519591": {
        "id": "V1519591",
        "indicator": "INDEF-SET",
        "type": "ORGANIZATION",
        "word": "CLUBS",
        "roles": {
          "MOD": "#V1519603",
          "LEX": "CLUBS",
          "WNSENSE": "organization%1:14:00"
        },
        "start": 5,
        "end": 14
      },
      "V1519603": {
        "id": "V1519603",
        "indicator": "F",
        "type": "DESTINATION-LOC",
        "word": "TO",
        "roles": {
          "FIGURE": "#V1519591",
          "LEX": "TO"
        },
        "start": 11,
        "end": 14
      },
      "root": "#V1519579"
    },
    {
      "V1519621": {
        "id": "V1519621",
        "indicator": "F",
        "type": "BRIGHT-VAL",
        "word": "BRIGHT",
        "roles": {
          "ORIENTATION": "POS",
          "SCALE": "LUMINOSITY-SCALE",
          "LEX": "BRIGHT",
          "WNSENSE": "bright%3:00:00::"
        },
        "start": 14,
        "end": 21
      },
      "root": "#V1519621"
    },
    {
      "V1519947": {
        "id": "V1519947",
        "indicator": "SPEECHACT",
        "type": "SA_IDENTIFY",
        "word": null,
        "roles": {
          "CONTENT": "#V1519624",
          "LEX": "MIDDAY"
        },
        "start": 21,
        "end": 28
      },
      "V1519624": {
        "id": "V1519624",
        "indicator": "PRO",
        "type": "TIME-LOC",
        "word": "MIDDAY",
        "roles": {
          "PROFORM": "MIDDAY",
          "LEX": "MIDDAY",
          "WNSENSE": "date%1:28:03"
        },
        "start": 21,
        "end": 28
      },
      "root": "#V1519947"
    },
    {
      "V1519958": {
        "id": "V1519958",
        "indicator": "SPEECHACT",
        "type": "SA_PRED-FRAGMENT",
        "word": null,
        "roles": {
          "PUNCTYPE": "DECL",
          "CONTENT": "#V1519856",
          "LEX": "IN-PUBLIC"
        },
        "start": 28,
        "end": 38
      },
      "V1519856": {
        "id": "V1519856",
        "indicator": "F",
        "type": "PREDICATE",
        "word": "IN-PUBLIC",
        "roles": {
          "FIGURE": "#V1519959",
          "LEX": "IN-PUBLIC",
          "WNSENSE": "in_public%4:02:00"
        },
        "start": 28,
        "end": 38
      },
      "V1519959": {
        "id": "V1519959",
        "indicator": "IMPRO",
        "type": "NIL",
        "word": null,
        "roles": {},
        "start": 28,
        "end": 38
      },
      "root": "#V1519958"
    },
    {
      "V1519579": {
        "id": "V1519579",
        "indicator": "F",
        "type": "FROM-LOC",
        "word": "FROM",
        "roles": {
          "GROUND": "#V1519591",
          "LEX": "FROM"
        },
        "start": 0,
        "end": 14
      },
      "V1519591": {
        "id": "V1519591",
        "indicator": "INDEF-SET",
        "type": "ORGANIZATION",
        "word": "CLUBS",
        "roles": {
          "MOD": "#V1519603",
          "LEX": "CLUBS",
          "WNSENSE": "organization%1:14:00"
        },
        "start": 5,
        "end": 14
      },
      "V1519603": {
        "id": "V1519603",
        "indicator": "F",
        "type": "DESTINATION-LOC",
        "word": "TO",
        "roles": {
          "FIGURE": "#V1519591",
          "LEX": "TO"
        },
        "start": 11,
        "end": 14
      },
      "root": "#V1519579"
    },
    {
      "V1519621": {
        "id": "V1519621",
        "indicator": "F",
        "type": "BRIGHT-VAL",
        "word": "BRIGHT",
        "roles": {
          "ORIENTATION": "POS",
          "SCALE": "LUMINOSITY-SCALE",
          "LEX": "BRIGHT",
          "WNSENSE": "bright%3:00:00::"
        },
        "start": 14,
        "end": 21
      },
      "root": "#V1519621"
    },
    {
      "V1519983": {
        "id": "V1519983",
        "indicator": "SPEECHACT",
        "type": "SA_IDENTIFY",
        "word": null,
        "roles": {
          "CONTENT": "#V1519915",
          "LEX": "-"
        },
        "start": 21,
        "end": 28
      },
      "V1519915": {
        "id": "V1519915",
        "indicator": "THE",
        "type": "QUANTITY-ABSTR",
        "word": null,
        "roles": {
          "FIGURE": "#V1519624"
        },
        "start": 21,
        "end": 28
      },
      "V1519624": {
        "id": "V1519624",
        "indicator": "PRO",
        "type": "TIME-LOC",
        "word": "MIDDAY",
        "roles": {
          "PROFORM": "MIDDAY",
          "LEX": "MIDDAY",
          "WNSENSE": "date%1:28:03"
        },
        "start": 21,
        "end": 28
      },
      "root": "#V1519983"
    },
    {
      "V1519958": {
        "id": "V1519958",
        "indicator": "SPEECHACT",
        "type": "SA_PRED-FRAGMENT",
        "word": null,
        "roles": {
          "PUNCTYPE": "DECL",
          "CONTENT": "#V1519856",
          "LEX": "IN-PUBLIC"
        },
        "start": 28,
        "end": 39
      },
      "V1519856": {
        "id": "V1519856",
        "indicator": "F",
        "type": "PREDICATE",
        "word": "IN-PUBLIC",
        "roles": {
          "FIGURE": "#V1519959",
          "LEX": "IN-PUBLIC",
          "WNSENSE": "in_public%4:02:00"
        },
        "start": 28,
        "end": 38
      },
      "V1519959": {
        "id": "V1519959",
        "indicator": "IMPRO",
        "type": "NIL",
        "word": null,
        "roles": {},
        "start": 28,
        "end": 38
      },
      "root": "#V1519958"
    },
    {
      "V1519579": {
        "id": "V1519579",
        "indicator": "F",
        "type": "FROM-LOC",
        "word": "FROM",
        "roles": {
          "GROUND": "#V1519589",
          "LEX": "FROM"
        },
        "start": 0,
        "end": 14
      },
      "V1519589": {
        "id": "V1519589",
        "indicator": "INDEF-SET",
        "type": "SOCIAL-GROUP",
        "word": "CLUBS",
        "roles": {
          "MOD": "#V1519603",
          "LEX": "CLUBS",
          "WNSENSE": "social_group%1:14:00"
        },
        "start": 5,
        "end": 14
      },
      "V1519603": {
        "id": "V1519603",
        "indicator": "F",
        "type": "DESTINATION-LOC",
        "word": "TO",
        "roles": {
          "FIGURE": "#V1519589",
          "LEX": "TO"
        },
        "start": 11,
        "end": 14
      },
      "root": "#V1519579"
    },
    {
      "V1519621": {
        "id": "V1519621",
        "indicator": "F",
        "type": "BRIGHT-VAL",
        "word": "BRIGHT",
        "roles": {
          "ORIENTATION": "POS",
          "SCALE": "LUMINOSITY-SCALE",
          "LEX": "BRIGHT",
          "WNSENSE": "bright%3:00:00::"
        },
        "start": 14,
        "end": 21
      },
      "root": "#V1519621"
    },
    {
      "V1519947": {
        "id": "V1519947",
        "indicator": "SPEECHACT",
        "type": "SA_IDENTIFY",
        "word": null,
        "roles": {
          "CONTENT": "#V1519624",
          "LEX": "MIDDAY"
        },
        "start": 21,
        "end": 28
      },
      "V1519624": {
        "id": "V1519624",
        "indicator": "PRO",
        "type": "TIME-LOC",
        "word": "MIDDAY",
        "roles": {
          "PROFORM": "MIDDAY",
          "LEX": "MIDDAY",
          "WNSENSE": "date%1:28:03"
        },
        "start": 21,
        "end": 28
      },
      "root": "#V1519947"
    },
    {
      "V1519958": {
        "id": "V1519958",
        "indicator": "SPEECHACT",
        "type": "SA_PRED-FRAGMENT",
        "word": null,
        "roles": {
          "PUNCTYPE": "DECL",
          "CONTENT": "#V1519856",
          "LEX": "IN-PUBLIC"
        },
        "start": 28,
        "end": 39
      },
      "V1519856": {
        "id": "V1519856",
        "indicator": "F",
        "type": "PREDICATE",
        "word": "IN-PUBLIC",
        "roles": {
          "FIGURE": "#V1519959",
          "LEX": "IN-PUBLIC",
          "WNSENSE": "in_public%4:02:00"
        },
        "start": 28,
        "end": 38
      },
      "V1519959": {
        "id": "V1519959",
        "indicator": "IMPRO",
        "type": "NIL",
        "word": null,
        "roles": {},
        "start": 28,
        "end": 38
      },
      "root": "#V1519958"
    },
    {
      "V1519579": {
        "id": "V1519579",
        "indicator": "F",
        "type": "FROM-LOC",
        "word": "FROM",
        "roles": {
          "GROUND": "#V1520320",
          "LEX": "FROM"
        },
        "start": 0,
        "end": 14
      },
      "V1520320": {
        "id": "V1520320",
        "indicator": "THE",
        "type": "QUANTITY-ABSTR",
        "word": null,
        "roles": {
          "FIGURE": "#V1519591"
        },
        "start": 5,
        "end": 14
      },
      "V1519591": {
        "id": "V1519591",
        "indicator": "INDEF-SET",
        "type": "ORGANIZATION",
        "word": "CLUBS",
        "roles": {
          "MOD": "#V1519603",
          "LEX": "CLUBS",
          "WNSENSE": "organization%1:14:00"
        },
        "start": 5,
        "end": 14
      },
      "V1519603": {
        "id": "V1519603",
        "indicator": "F",
        "type": "DESTINATION-LOC",
        "word": "TO",
        "roles": {
          "FIGURE": "#V1519591",
          "LEX": "TO"
        },
        "start": 11,
        "end": 14
      },
      "root": "#V1519579"
    },
    {
      "V1519621": {
        "id": "V1519621",
        "indicator": "F",
        "type": "BRIGHT-VAL",
        "word": "BRIGHT",
        "roles": {
          "ORIENTATION": "POS",
          "SCALE": "LUMINOSITY-SCALE",
          "LEX": "BRIGHT",
          "WNSENSE": "bright%3:00:00::"
        },
        "start": 14,
        "end": 21
      },
      "root": "#V1519621"
    },
    {
      "V1519947": {
        "id": "V1519947",
        "indicator": "SPEECHACT",
        "type": "SA_IDENTIFY",
        "word": null,
        "roles": {
          "CONTENT": "#V1519624",
          "LEX": "MIDDAY"
        },
        "start": 21,
        "end": 28
      },
      "V1519624": {
        "id": "V1519624",
        "indicator": "PRO",
        "type": "TIME-LOC",
        "word": "MIDDAY",
        "roles": {
          "PROFORM": "MIDDAY",
          "LEX": "MIDDAY",
          "WNSENSE": "date%1:28:03"
        },
        "start": 21,
        "end": 28
      },
      "root": "#V1519947"
    },
    {
      "V1519958": {
        "id": "V1519958",
        "indicator": "SPEECHACT",
        "type": "SA_PRED-FRAGMENT",
        "word": null,
        "roles": {
          "PUNCTYPE": "DECL",
          "CONTENT": "#V1519856",
          "LEX": "IN-PUBLIC"
        },
        "start": 28,
        "end": 39
      },
      "V1519856": {
        "id": "V1519856",
        "indicator": "F",
        "type": "PREDICATE",
        "word": "IN-PUBLIC",
        "roles": {
          "FIGURE": "#V1519959",
          "LEX": "IN-PUBLIC",
          "WNSENSE": "in_public%4:02:00"
        },
        "start": 28,
        "end": 38
      },
      "V1519959": {
        "id": "V1519959",
        "indicator": "IMPRO",
        "type": "NIL",
        "word": null,
        "roles": {},
        "start": 28,
        "end": 38
      },
      "root": "#V1519958"
    },
    {
      "V1519577": {
        "id": "V1519577",
        "indicator": "F",
        "type": "SOURCE-AS-LOC",
        "word": "FROM",
        "roles": {
          "GROUND": "#V1519591",
          "LEX": "FROM"
        },
        "start": 0,
        "end": 14
      },
      "V1519591": {
        "id": "V1519591",
        "indicator": "INDEF-SET",
        "type": "ORGANIZATION",
        "word": "CLUBS",
        "roles": {
          "MOD": "#V1519603",
          "LEX": "CLUBS",
          "WNSENSE": "organization%1:14:00"
        },
        "start": 5,
        "end": 14
      },
      "V1519603": {
        "id": "V1519603",
        "indicator": "F",
        "type": "DESTINATION-LOC",
        "word": "TO",
        "roles": {
          "FIGURE": "#V1519591",
          "LEX": "TO"
        },
        "start": 11,
        "end": 14
      },
      "root": "#V1519577"
    },
    {
      "V1519621": {
        "id": "V1519621",
        "indicator": "F",
        "type": "BRIGHT-VAL",
        "word": "BRIGHT",
        "roles": {
          "ORIENTATION": "POS",
          "SCALE": "LUMINOSITY-SCALE",
          "LEX": "BRIGHT",
          "WNSENSE": "bright%3:00:00::"
        },
        "start": 14,
        "end": 21
      },
      "root": "#V1519621"
    },
    {
      "V1519947": {
        "id": "V1519947",
        "indicator": "SPEECHACT",
        "type": "SA_IDENTIFY",
        "word": null,
        "roles": {
          "CONTENT": "#V1519624",
          "LEX": "MIDDAY"
        },
        "start": 21,
        "end": 28
      },
      "V1519624": {
        "id": "V1519624",
        "indicator": "PRO",
        "type": "TIME-LOC",
        "word": "MIDDAY",
        "roles": {
          "PROFORM": "MIDDAY",
          "LEX": "MIDDAY",
          "WNSENSE": "date%1:28:03"
        },
        "start": 21,
        "end": 28
      },
      "root": "#V1519947"
    },
    {
      "V1519958": {
        "id": "V1519958",
        "indicator": "SPEECHACT",
        "type": "SA_PRED-FRAGMENT",
        "word": null,
        "roles": {
          "PUNCTYPE": "DECL",
          "CONTENT": "#V1519856",
          "LEX": "IN-PUBLIC"
        },
        "start": 28,
        "end": 39
      },
      "V1519856": {
        "id": "V1519856",
        "indicator": "F",
        "type": "PREDICATE",
        "word": "IN-PUBLIC",
        "roles": {
          "FIGURE": "#V1519959",
          "LEX": "IN-PUBLIC",
          "WNSENSE": "in_public%4:02:00"
        },
        "start": 28,
        "end": 38
      },
      "V1519959": {
        "id": "V1519959",
        "indicator": "IMPRO",
        "type": "NIL",
        "word": null,
        "roles": {},
        "start": 28,
        "end": 38
      },
      "root": "#V1519958"
    },
    {
      "V1519579": {
        "id": "V1519579",
        "indicator": "F",
        "type": "FROM-LOC",
        "word": "FROM",
        "roles": {
          "GROUND": "#V1519589",
          "LEX": "FROM"
        },
        "start": 0,
        "end": 14
      },
      "V1519589": {
        "id": "V1519589",
        "indicator": "INDEF-SET",
        "type": "SOCIAL-GROUP",
        "word": "CLUBS",
        "roles": {
          "MOD": "#V1519603",
          "LEX": "CLUBS",
          "WNSENSE": "social_group%1:14:00"
        },
        "start": 5,
        "end": 14
      },
      "V1519603": {
        "id": "V1519603",
        "indicator": "F",
        "type": "DESTINATION-LOC",
        "word": "TO",
        "roles": {
          "FIGURE": "#V1519589",
          "LEX": "TO"
        },
        "start": 11,
        "end": 14
      },
      "root": "#V1519579"
    },
    {
      "V1519621": {
        "id": "V1519621",
        "indicator": "F",
        "type": "BRIGHT-VAL",
        "word": "BRIGHT",
        "roles": {
          "ORIENTATION": "POS",
          "SCALE": "LUMINOSITY-SCALE",
          "LEX": "BRIGHT",
          "WNSENSE": "bright%3:00:00::"
        },
        "start": 14,
        "end": 21
      },
      "root": "#V1519621"
    },
    {
      "V1519983": {
        "id": "V1519983",
        "indicator": "SPEECHACT",
        "type": "SA_IDENTIFY",
        "word": null,
        "roles": {
          "CONTENT": "#V1519915",
          "LEX": "-"
        },
        "start": 21,
        "end": 28
      },
      "V1519915": {
        "id": "V1519915",
        "indicator": "THE",
        "type": "QUANTITY-ABSTR",
        "word": null,
        "roles": {
          "FIGURE": "#V1519624"
        },
        "start": 21,
        "end": 28
      },
      "V1519624": {
        "id": "V1519624",
        "indicator": "PRO",
        "type": "TIME-LOC",
        "word": "MIDDAY",
        "roles": {
          "PROFORM": "MIDDAY",
          "LEX": "MIDDAY",
          "WNSENSE": "date%1:28:03"
        },
        "start": 21,
        "end": 28
      },
      "root": "#V1519983"
    },
    {
      "V1519958": {
        "id": "V1519958",
        "indicator": "SPEECHACT",
        "type": "SA_PRED-FRAGMENT",
        "word": null,
        "roles": {
          "PUNCTYPE": "DECL",
          "CONTENT": "#V1519856",
          "LEX": "IN-PUBLIC"
        },
        "start": 28,
        "end": 39
      },
      "V1519856": {
        "id": "V1519856",
        "indicator": "F",
        "type": "PREDICATE",
        "word": "IN-PUBLIC",
        "roles": {
          "FIGURE": "#V1519959",
          "LEX": "IN-PUBLIC",
          "WNSENSE": "in_public%4:02:00"
        },
        "start": 28,
        "end": 38
      },
      "V1519959": {
        "id": "V1519959",
        "indicator": "IMPRO",
        "type": "NIL",
        "word": null,
        "roles": {},
        "start": 28,
        "end": 38
      },
      "root": "#V1519958"
    },
    {
      "V1519579": {
        "id": "V1519579",
        "indicator": "F",
        "type": "FROM-LOC",
        "word": "FROM",
        "roles": {
          "GROUND": "#V1520320",
          "LEX": "FROM"
        },
        "start": 0,
        "end": 14
      },
      "V1520320": {
        "id": "V1520320",
        "indicator": "THE",
        "type": "QUANTITY-ABSTR",
        "word": null,
        "roles": {
          "FIGURE": "#V1519591"
        },
        "start": 5,
        "end": 14
      },
      "V1519591": {
        "id": "V1519591",
        "indicator": "INDEF-SET",
        "type": "ORGANIZATION",
        "word": "CLUBS",
        "roles": {
          "MOD": "#V1519603",
          "LEX": "CLUBS",
          "WNSENSE": "organization%1:14:00"
        },
        "start": 5,
        "end": 14
      },
      "V1519603": {
        "id": "V1519603",
        "indicator": "F",
        "type": "DESTINATION-LOC",
        "word": "TO",
        "roles": {
          "FIGURE": "#V1519591",
          "LEX": "TO"
        },
        "start": 11,
        "end": 14
      },
      "root": "#V1519579"
    },
    {
      "V1519621": {
        "id": "V1519621",
        "indicator": "F",
        "type": "BRIGHT-VAL",
        "word": "BRIGHT",
        "roles": {
          "ORIENTATION": "POS",
          "SCALE": "LUMINOSITY-SCALE",
          "LEX": "BRIGHT",
          "WNSENSE": "bright%3:00:00::"
        },
        "start": 14,
        "end": 21
      },
      "root": "#V1519621"
    },
    {
      "V1519983": {
        "id": "V1519983",
        "indicator": "SPEECHACT",
        "type": "SA_IDENTIFY",
        "word": null,
        "roles": {
          "CONTENT": "#V1519915",
          "LEX": "-"
        },
        "start": 21,
        "end": 28
      },
      "V1519915": {
        "id": "V1519915",
        "indicator": "THE",
        "type": "QUANTITY-ABSTR",
        "word": null,
        "roles": {
          "FIGURE": "#V1519624"
        },
        "start": 21,
        "end": 28
      },
      "V1519624": {
        "id": "V1519624",
        "indicator": "PRO",
        "type": "TIME-LOC",
        "word": "MIDDAY",
        "roles": {
          "PROFORM": "MIDDAY",
          "LEX": "MIDDAY",
          "WNSENSE": "date%1:28:03"
        },
        "start": 21,
        "end": 28
      },
      "root": "#V1519983"
    },
    {
      "V1519958": {
        "id": "V1519958",
        "indicator": "SPEECHACT",
        "type": "SA_PRED-FRAGMENT",
        "word": null,
        "roles": {
          "PUNCTYPE": "DECL",
          "CONTENT": "#V1519856",
          "LEX": "IN-PUBLIC"
        },
        "start": 28,
        "end": 39
      },
      "V1519856": {
        "id": "V1519856",
        "indicator": "F",
        "type": "PREDICATE",
        "word": "IN-PUBLIC",
        "roles": {
          "FIGURE": "#V1519959",
          "LEX": "IN-PUBLIC",
          "WNSENSE": "in_public%4:02:00"
        },
        "start": 28,
        "end": 38
      },
      "V1519959": {
        "id": "V1519959",
        "indicator": "IMPRO",
        "type": "NIL",
        "word": null,
        "roles": {},
        "start": 28,
        "end": 38
      },
      "root": "#V1519958"
    },
    {
      "V1519577": {
        "id": "V1519577",
        "indicator": "F",
        "type": "SOURCE-AS-LOC",
        "word": "FROM",
        "roles": {
          "GROUND": "#V1519591",
          "LEX": "FROM"
        },
        "start": 0,
        "end": 14
      },
      "V1519591": {
        "id": "V1519591",
        "indicator": "INDEF-SET",
        "type": "ORGANIZATION",
        "word": "CLUBS",
        "roles": {
          "MOD": "#V1519603",
          "LEX": "CLUBS",
          "WNSENSE": "organization%1:14:00"
        },
        "start": 5,
        "end": 14
      },
      "V1519603": {
        "id": "V1519603",
        "indicator": "F",
        "type": "DESTINATION-LOC",
        "word": "TO",
        "roles": {
          "FIGURE": "#V1519591",
          "LEX": "TO"
        },
        "start": 11,
        "end": 14
      },
      "root": "#V1519577"
    },
    {
      "V1519621": {
        "id": "V1519621",
        "indicator": "F",
        "type": "BRIGHT-VAL",
        "word": "BRIGHT",
        "roles": {
          "ORIENTATION": "POS",
          "SCALE": "LUMINOSITY-SCALE",
          "LEX": "BRIGHT",
          "WNSENSE": "bright%3:00:00::"
        },
        "start": 14,
        "end": 21
      },
      "root": "#V1519621"
    },
    {
      "V1519983": {
        "id": "V1519983",
        "indicator": "SPEECHACT",
        "type": "SA_IDENTIFY",
        "word": null,
        "roles": {
          "CONTENT": "#V1519915",
          "LEX": "-"
        },
        "start": 21,
        "end": 28
      },
      "V1519915": {
        "id": "V1519915",
        "indicator": "THE",
        "type": "QUANTITY-ABSTR",
        "word": null,
        "roles": {
          "FIGURE": "#V1519624"
        },
        "start": 21,
        "end": 28
      },
      "V1519624": {
        "id": "V1519624",
        "indicator": "PRO",
        "type": "TIME-LOC",
        "word": "MIDDAY",
        "roles": {
          "PROFORM": "MIDDAY",
          "LEX": "MIDDAY",
          "WNSENSE": "date%1:28:03"
        },
        "start": 21,
        "end": 28
      },
      "root": "#V1519983"
    },
    {
      "V1519958": {
        "id": "V1519958",
        "indicator": "SPEECHACT",
        "type": "SA_PRED-FRAGMENT",
        "word": null,
        "roles": {
          "PUNCTYPE": "DECL",
          "CONTENT": "#V1519856",
          "LEX": "IN-PUBLIC"
        },
        "start": 28,
        "end": 39
      },
      "V1519856": {
        "id": "V1519856",
        "indicator": "F",
        "type": "PREDICATE",
        "word": "IN-PUBLIC",
        "roles": {
          "FIGURE": "#V1519959",
          "LEX": "IN-PUBLIC",
          "WNSENSE": "in_public%4:02:00"
        },
        "start": 28,
        "end": 38
      },
      "V1519959": {
        "id": "V1519959",
        "indicator": "IMPRO",
        "type": "NIL",
        "word": null,
        "roles": {},
        "start": 28,
        "end": 38
      },
      "root": "#V1519958"
    },
    {
      "V1519579": {
        "id": "V1519579",
        "indicator": "F",
        "type": "FROM-LOC",
        "word": "FROM",
        "roles": {
          "GROUND": "#V1520326",
          "LEX": "FROM"
        },
        "start": 0,
        "end": 14
      },
      "V1520326": {
        "id": "V1520326",
        "indicator": "THE",
        "type": "QUANTITY-ABSTR",
        "word": null,
        "roles": {
          "FIGURE": "#V1519589"
        },
        "start": 5,
        "end": 14
      },
      "V1519589": {
        "id": "V1519589",
        "indicator": "INDEF-SET",
        "type": "SOCIAL-GROUP",
        "word": "CLUBS",
        "roles": {
          "MOD": "#V1519603",
          "LEX": "CLUBS",
          "WNSENSE": "social_group%1:14:00"
        },
        "start": 5,
        "end": 14
      },
      "V1519603": {
        "id": "V1519603",
        "indicator": "F",
        "type": "DESTINATION-LOC",
        "word": "TO",
        "roles": {
          "FIGURE": "#V1519589",
          "LEX": "TO"
        },
        "start": 11,
        "end": 14
      },
      "root": "#V1519579"
    },
    {
      "V1519621": {
        "id": "V1519621",
        "indicator": "F",
        "type": "BRIGHT-VAL",
        "word": "BRIGHT",
        "roles": {
          "ORIENTATION": "POS",
          "SCALE": "LUMINOSITY-SCALE",
          "LEX": "BRIGHT",
          "WNSENSE": "bright%3:00:00::"
        },
        "start": 14,
        "end": 21
      },
      "root": "#V1519621"
    },
    {
      "V1519947": {
        "id": "V1519947",
        "indicator": "SPEECHACT",
        "type": "SA_IDENTIFY",
        "word": null,
        "roles": {
          "CONTENT": "#V1519624",
          "LEX": "MIDDAY"
        },
        "start": 21,
        "end": 28
      },
      "V1519624": {
        "id": "V1519624",
        "indicator": "PRO",
        "type": "TIME-LOC",
        "word": "MIDDAY",
        "roles": {
          "PROFORM": "MIDDAY",
          "LEX": "MIDDAY",
          "WNSENSE": "date%1:28:03"
        },
        "start": 21,
        "end": 28
      },
      "root": "#V1519947"
    },
    {
      "V1519958": {
        "id": "V1519958",
        "indicator": "SPEECHACT",
        "type": "SA_PRED-FRAGMENT",
        "word": null,
        "roles": {
          "PUNCTYPE": "DECL",
          "CONTENT": "#V1519856",
          "LEX": "IN-PUBLIC"
        },
        "start": 28,
        "end": 39
      },
      "V1519856": {
        "id": "V1519856",
        "indicator": "F",
        "type": "PREDICATE",
        "word": "IN-PUBLIC",
        "roles": {
          "FIGURE": "#V1519959",
          "LEX": "IN-PUBLIC",
          "WNSENSE": "in_public%4:02:00"
        },
        "start": 28,
        "end": 38
      },
      "V1519959": {
        "id": "V1519959",
        "indicator": "IMPRO",
        "type": "NIL",
        "word": null,
        "roles": {},
        "start": 28,
        "end": 38
      },
      "root": "#V1519958"
    },
    {
      "V1519577": {
        "id": "V1519577",
        "indicator": "F",
        "type": "SOURCE-AS-LOC",
        "word": "FROM",
        "roles": {
          "GROUND": "#V1519589",
          "LEX": "FROM"
        },
        "start": 0,
        "end": 14
      },
      "V1519589": {
        "id": "V1519589",
        "indicator": "INDEF-SET",
        "type": "SOCIAL-GROUP",
        "word": "CLUBS",
        "roles": {
          "MOD": "#V1519603",
          "LEX": "CLUBS",
          "WNSENSE": "social_group%1:14:00"
        },
        "start": 5,
        "end": 14
      },
      "V1519603": {
        "id": "V1519603",
        "indicator": "F",
        "type": "DESTINATION-LOC",
        "word": "TO",
        "roles": {
          "FIGURE": "#V1519589",
          "LEX": "TO"
        },
        "start": 11,
        "end": 14
      },
      "root": "#V1519577"
    },
    {
      "V1519621": {
        "id": "V1519621",
        "indicator": "F",
        "type": "BRIGHT-VAL",
        "word": "BRIGHT",
        "roles": {
          "ORIENTATION": "POS",
          "SCALE": "LUMINOSITY-SCALE",
          "LEX": "BRIGHT",
          "WNSENSE": "bright%3:00:00::"
        },
        "start": 14,
        "end": 21
      },
      "root": "#V1519621"
    },
    {
      "V1519947": {
        "id": "V1519947",
        "indicator": "SPEECHACT",
        "type": "SA_IDENTIFY",
        "word": null,
        "roles": {
          "CONTENT": "#V1519624",
          "LEX": "MIDDAY"
        },
        "start": 21,
        "end": 28
      },
      "V1519624": {
        "id": "V1519624",
        "indicator": "PRO",
        "type": "TIME-LOC",
        "word": "MIDDAY",
        "roles": {
          "PROFORM": "MIDDAY",
          "LEX": "MIDDAY",
          "WNSENSE": "date%1:28:03"
        },
        "start": 21,
        "end": 28
      },
      "root": "#V1519947"
    },
    {
      "V1519958": {
        "id": "V1519958",
        "indicator": "SPEECHACT",
        "type": "SA_PRED-FRAGMENT",
        "word": null,
        "roles": {
          "PUNCTYPE": "DECL",
          "CONTENT": "#V1519856",
          "LEX": "IN-PUBLIC"
        },
        "start": 28,
        "end": 39
      },
      "V1519856": {
        "id": "V1519856",
        "indicator": "F",
        "type": "PREDICATE",
        "word": "IN-PUBLIC",
        "roles": {
          "FIGURE": "#V1519959",
          "LEX": "IN-PUBLIC",
          "WNSENSE": "in_public%4:02:00"
        },
        "start": 28,
        "end": 38
      },
      "V1519959": {
        "id": "V1519959",
        "indicator": "IMPRO",
        "type": "NIL",
        "word": null,
        "roles": {},
        "start": 28,
        "end": 38
      },
      "root": "#V1519958"
    },
    {
      "V1519579": {
        "id": "V1519579",
        "indicator": "F",
        "type": "FROM-LOC",
        "word": "FROM",
        "roles": {
          "GROUND": "#V1519591",
          "LEX": "FROM"
        },
        "start": 0,
        "end": 14
      },
      "V1519591": {
        "id": "V1519591",
        "indicator": "INDEF-SET",
        "type": "ORGANIZATION",
        "word": "CLUBS",
        "roles": {
          "MOD": "#V1519603",
          "LEX": "CLUBS",
          "WNSENSE": "organization%1:14:00"
        },
        "start": 5,
        "end": 14
      },
      "V1519603": {
        "id": "V1519603",
        "indicator": "F",
        "type": "DESTINATION-LOC",
        "word": "TO",
        "roles": {
          "FIGURE": "#V1519591",
          "LEX": "TO"
        },
        "start": 11,
        "end": 14
      },
      "root": "#V1519579"
    },
    {
      "V1519621": {
        "id": "V1519621",
        "indicator": "F",
        "type": "BRIGHT-VAL",
        "word": "BRIGHT",
        "roles": {
          "ORIENTATION": "POS",
          "SCALE": "LUMINOSITY-SCALE",
          "LEX": "BRIGHT",
          "WNSENSE": "bright%3:00:00::"
        },
        "start": 14,
        "end": 21
      },
      "root": "#V1519621"
    },
    {
      "V1519947": {
        "id": "V1519947",
        "indicator": "SPEECHACT",
        "type": "SA_IDENTIFY",
        "word": null,
        "roles": {
          "CONTENT": "#V1519624",
          "LEX": "MIDDAY"
        },
        "start": 21,
        "end": 28
      },
      "V1519624": {
        "id": "V1519624",
        "indicator": "PRO",
        "type": "TIME-LOC",
        "word": "MIDDAY",
        "roles": {
          "PROFORM": "MIDDAY",
          "LEX": "MIDDAY",
          "WNSENSE": "date%1:28:03"
        },
        "start": 21,
        "end": 28
      },
      "root": "#V1519947"
    },
    {
      "V1520010": {
        "id": "V1520010",
        "indicator": "SPEECHACT",
        "type": "SA_PRED-FRAGMENT",
        "word": null,
        "roles": {
          "PUNCTYPE": "DECL",
          "CONTENT": "#V1519638",
          "LEX": "IN"
        },
        "start": 28,
        "end": 39
      },
      "V1519638": {
        "id": "V1519638",
        "indicator": "F",
        "type": "PURPOSE",
        "word": "IN",
        "roles": {
          "GROUND": "#V1519695",
          "FIGURE": "#V1520011",
          "LEX": "IN"
        },
        "start": 28,
        "end": 38
      },
      "V1520011": {
        "id": "V1520011",
        "indicator": "IMPRO",
        "type": "ANY-SEM",
        "word": null,
        "roles": {},
        "start": 28,
        "end": 38
      },
      "V1519695": {
        "id": "V1519695",
        "indicator": "BARE",
        "type": "EATER",
        "word": "PUBLIC",
        "roles": {
          "LEX": "PUBLIC",
          "WNSENSE": "public%1:14:00::"
        },
        "start": 31,
        "end": 38
      },
      "root": "#V1520010"
    },
    {
      "V1519580": {
        "id": "V1519580",
        "indicator": "F",
        "type": "FROM",
        "word": "FROM",
        "roles": {
          "GROUND": "#V1519591",
          "LEX": "FROM"
        },
        "start": 0,
        "end": 14
      },
      "V1519591": {
        "id": "V1519591",
        "indicator": "INDEF-SET",
        "type": "ORGANIZATION",
        "word": "CLUBS",
        "roles": {
          "MOD": "#V1519603",
          "LEX": "CLUBS",
          "WNSENSE": "organization%1:14:00"
        },
        "start": 5,
        "end": 14
      },
      "V1519603": {
        "id": "V1519603",
        "indicator": "F",
        "type": "DESTINATION-LOC",
        "word": "TO",
        "roles": {
          "FIGURE": "#V1519591",
          "LEX": "TO"
        },
        "start": 11,
        "end": 14
      },
      "root": "#V1519580"
    },
    {
      "V1519621": {
        "id": "V1519621",
        "indicator": "F",
        "type": "BRIGHT-VAL",
        "word": "BRIGHT",
        "roles": {
          "ORIENTATION": "POS",
          "SCALE": "LUMINOSITY-SCALE",
          "LEX": "BRIGHT",
          "WNSENSE": "bright%3:00:00::"
        },
        "start": 14,
        "end": 21
      },
      "root": "#V1519621"
    },
    {
      "V1519947": {
        "id": "V1519947",
        "indicator": "SPEECHACT",
        "type": "SA_IDENTIFY",
        "word": null,
        "roles": {
          "CONTENT": "#V1519624",
          "LEX": "MIDDAY"
        },
        "start": 21,
        "end": 28
      },
      "V1519624": {
        "id": "V1519624",
        "indicator": "PRO",
        "type": "TIME-LOC",
        "word": "MIDDAY",
        "roles": {
          "PROFORM": "MIDDAY",
          "LEX": "MIDDAY",
          "WNSENSE": "date%1:28:03"
        },
        "start": 21,
        "end": 28
      },
      "root": "#V1519947"
    },
    {
      "V1519958": {
        "id": "V1519958",
        "indicator": "SPEECHACT",
        "type": "SA_PRED-FRAGMENT",
        "word": null,
        "roles": {
          "PUNCTYPE": "DECL",
          "CONTENT": "#V1519856",
          "LEX": "IN-PUBLIC"
        },
        "start": 28,
        "end": 39
      },
      "V1519856": {
        "id": "V1519856",
        "indicator": "F",
        "type": "PREDICATE",
        "word": "IN-PUBLIC",
        "roles": {
          "FIGURE": "#V1519959",
          "LEX": "IN-PUBLIC",
          "WNSENSE": "in_public%4:02:00"
        },
        "start": 28,
        "end": 38
      },
      "V1519959": {
        "id": "V1519959",
        "indicator": "IMPRO",
        "type": "NIL",
        "word": null,
        "roles": {},
        "start": 28,
        "end": 38
      },
      "root": "#V1519958"
    },
    {
      "V1519579": {
        "id": "V1519579",
        "indicator": "F",
        "type": "FROM-LOC",
        "word": "FROM",
        "roles": {
          "GROUND": "#V1520326",
          "LEX": "FROM"
        },
        "start": 0,
        "end": 14
      },
      "V1520326": {
        "id": "V1520326",
        "indicator": "THE",
        "type": "QUANTITY-ABSTR",
        "word": null,
        "roles": {
          "FIGURE": "#V1519589"
        },
        "start": 5,
        "end": 14
      },
      "V1519589": {
        "id": "V1519589",
        "indicator": "INDEF-SET",
        "type": "SOCIAL-GROUP",
        "word": "CLUBS",
        "roles": {
          "MOD": "#V1519603",
          "LEX": "CLUBS",
          "WNSENSE": "social_group%1:14:00"
        },
        "start": 5,
        "end": 14
      },
      "V1519603": {
        "id": "V1519603",
        "indicator": "F",
        "type": "DESTINATION-LOC",
        "word": "TO",
        "roles": {
          "FIGURE": "#V1519589",
          "LEX": "TO"
        },
        "start": 11,
        "end": 14
      },
      "root": "#V1519579"
    },
    {
      "V1519621": {
        "id": "V1519621",
        "indicator": "F",
        "type": "BRIGHT-VAL",
        "word": "BRIGHT",
        "roles": {
          "ORIENTATION": "POS",
          "SCALE": "LUMINOSITY-SCALE",
          "LEX": "BRIGHT",
          "WNSENSE": "bright%3:00:00::"
        },
        "start": 14,
        "end": 21
      },
      "root": "#V1519621"
    },
    {
      "V1519983": {
        "id": "V1519983",
        "indicator": "SPEECHACT",
        "type": "SA_IDENTIFY",
        "word": null,
        "roles": {
          "CONTENT": "#V1519915",
          "LEX": "-"
        },
        "start": 21,
        "end": 28
      },
      "V1519915": {
        "id": "V1519915",
        "indicator": "THE",
        "type": "QUANTITY-ABSTR",
        "word": null,
        "roles": {
          "FIGURE": "#V1519624"
        },
        "start": 21,
        "end": 28
      },
      "V1519624": {
        "id": "V1519624",
        "indicator": "PRO",
        "type": "TIME-LOC",
        "word": "MIDDAY",
        "roles": {
          "PROFORM": "MIDDAY",
          "LEX": "MIDDAY",
          "WNSENSE": "date%1:28:03"
        },
        "start": 21,
        "end": 28
      },
      "root": "#V1519983"
    },
    {
      "V1519958": {
        "id": "V1519958",
        "indicator": "SPEECHACT",
        "type": "SA_PRED-FRAGMENT",
        "word": null,
        "roles": {
          "PUNCTYPE": "DECL",
          "CONTENT": "#V1519856",
          "LEX": "IN-PUBLIC"
        },
        "start": 28,
        "end": 39
      },
      "V1519856": {
        "id": "V1519856",
        "indicator": "F",
        "type": "PREDICATE",
        "word": "IN-PUBLIC",
        "roles": {
          "FIGURE": "#V1519959",
          "LEX": "IN-PUBLIC",
          "WNSENSE": "in_public%4:02:00"
        },
        "start": 28,
        "end": 38
      },
      "V1519959": {
        "id": "V1519959",
        "indicator": "IMPRO",
        "type": "NIL",
        "word": null,
        "roles": {},
        "start": 28,
        "end": 38
      },
      "root": "#V1519958"
    },
    {
      "V1519577": {
        "id": "V1519577",
        "indicator": "F",
        "type": "SOURCE-AS-LOC",
        "word": "FROM",
        "roles": {
          "GROUND": "#V1519589",
          "LEX": "FROM"
        },
        "start": 0,
        "end": 14
      },
      "V1519589": {
        "id": "V1519589",
        "indicator": "INDEF-SET",
        "type": "SOCIAL-GROUP",
        "word": "CLUBS",
        "roles": {
          "MOD": "#V1519603",
          "LEX": "CLUBS",
          "WNSENSE": "social_group%1:14:00"
        },
        "start": 5,
        "end": 14
      },
      "V1519603": {
        "id": "V1519603",
        "indicator": "F",
        "type": "DESTINATION-LOC",
        "word": "TO",
        "roles": {
          "FIGURE": "#V1519589",
          "LEX": "TO"
        },
        "start": 11,
        "end": 14
      },
      "root": "#V1519577"
    },
    {
      "V1519621": {
        "id": "V1519621",
        "indicator": "F",
        "type": "BRIGHT-VAL",
        "word": "BRIGHT",
        "roles": {
          "ORIENTATION": "POS",
          "SCALE": "LUMINOSITY-SCALE",
          "LEX": "BRIGHT",
          "WNSENSE": "bright%3:00:00::"
        },
        "start": 14,
        "end": 21
      },
      "root": "#V1519621"
    },
    {
      "V1519983": {
        "id": "V1519983",
        "indicator": "SPEECHACT",
        "type": "SA_IDENTIFY",
        "word": null,
        "roles": {
          "CONTENT": "#V1519915",
          "LEX": "-"
        },
        "start": 21,
        "end": 28
      },
      "V1519915": {
        "id": "V1519915",
        "indicator": "THE",
        "type": "QUANTITY-ABSTR",
        "word": null,
        "roles": {
          "FIGURE": "#V1519624"
        },
        "start": 21,
        "end": 28
      },
      "V1519624": {
        "id": "V1519624",
        "indicator": "PRO",
        "type": "TIME-LOC",
        "word": "MIDDAY",
        "roles": {
          "PROFORM": "MIDDAY",
          "LEX": "MIDDAY",
          "WNSENSE": "date%1:28:03"
        },
        "start": 21,
        "end": 28
      },
      "root": "#V1519983"
    },
    {
      "V1519958": {
        "id": "V1519958",
        "indicator": "SPEECHACT",
        "type": "SA_PRED-FRAGMENT",
        "word": null,
        "roles": {
          "PUNCTYPE": "DECL",
          "CONTENT": "#V1519856",
          "LEX": "IN-PUBLIC"
        },
        "start": 28,
        "end": 39
      },
      "V1519856": {
        "id": "V1519856",
        "indicator": "F",
        "type": "PREDICATE",
        "word": "IN-PUBLIC",
        "roles": {
          "FIGURE": "#V1519959",
          "LEX": "IN-PUBLIC",
          "WNSENSE": "in_public%4:02:00"
        },
        "start": 28,
        "end": 38
      },
      "V1519959": {
        "id": "V1519959",
        "indicator": "IMPRO",
        "type": "NIL",
        "word": null,
        "roles": {},
        "start": 28,
        "end": 38
      },
      "root": "#V1519958"
    },
    {
      "V1519579": {
        "id": "V1519579",
        "indicator": "F",
        "type": "FROM-LOC",
        "word": "FROM",
        "roles": {
          "GROUND": "#V1519591",
          "LEX": "FROM"
        },
        "start": 0,
        "end": 14
      },
      "V1519591": {
        "id": "V1519591",
        "indicator": "INDEF-SET",
        "type": "ORGANIZATION",
        "word": "CLUBS",
        "roles": {
          "MOD": "#V1519603",
          "LEX": "CLUBS",
          "WNSENSE": "organization%1:14:00"
        },
        "start": 5,
        "end": 14
      },
      "V1519603": {
        "id": "V1519603",
        "indicator": "F",
        "type": "DESTINATION-LOC",
        "word": "TO",
        "roles": {
          "FIGURE": "#V1519591",
          "LEX": "TO"
        },
        "start": 11,
        "end": 14
      },
      "root": "#V1519579"
    },
    {
      "V1519621": {
        "id": "V1519621",
        "indicator": "F",
        "type": "BRIGHT-VAL",
        "word": "BRIGHT",
        "roles": {
          "ORIENTATION": "POS",
          "SCALE": "LUMINOSITY-SCALE",
          "LEX": "BRIGHT",
          "WNSENSE": "bright%3:00:00::"
        },
        "start": 14,
        "end": 21
      },
      "root": "#V1519621"
    },
    {
      "V1519983": {
        "id": "V1519983",
        "indicator": "SPEECHACT",
        "type": "SA_IDENTIFY",
        "word": null,
        "roles": {
          "CONTENT": "#V1519915",
          "LEX": "-"
        },
        "start": 21,
        "end": 28
      },
      "V1519915": {
        "id": "V1519915",
        "indicator": "THE",
        "type": "QUANTITY-ABSTR",
        "word": null,
        "roles": {
          "FIGURE": "#V1519624"
        },
        "start": 21,
        "end": 28
      },
      "V1519624": {
        "id": "V1519624",
        "indicator": "PRO",
        "type": "TIME-LOC",
        "word": "MIDDAY",
        "roles": {
          "PROFORM": "MIDDAY",
          "LEX": "MIDDAY",
          "WNSENSE": "date%1:28:03"
        },
        "start": 21,
        "end": 28
      },
      "root": "#V1519983"
    },
    {
      "V1520010": {
        "id": "V1520010",
        "indicator": "SPEECHACT",
        "type": "SA_PRED-FRAGMENT",
        "word": null,
        "roles": {
          "PUNCTYPE": "DECL",
          "CONTENT": "#V1519638",
          "LEX": "IN"
        },
        "start": 28,
        "end": 39
      },
      "V1519638": {
        "id": "V1519638",
        "indicator": "F",
        "type": "PURPOSE",
        "word": "IN",
        "roles": {
          "GROUND": "#V1519695",
          "FIGURE": "#V1520011",
          "LEX": "IN"
        },
        "start": 28,
        "end": 38
      },
      "V1520011": {
        "id": "V1520011",
        "indicator": "IMPRO",
        "type": "ANY-SEM",
        "word": null,
        "roles": {},
        "start": 28,
        "end": 38
      },
      "V1519695": {
        "id": "V1519695",
        "indicator": "BARE",
        "type": "EATER",
        "word": "PUBLIC",
        "roles": {
          "LEX": "PUBLIC",
          "WNSENSE": "public%1:14:00::"
        },
        "start": 31,
        "end": 38
      },
      "root": "#V1520010"
    },
    {
      "V1519580": {
        "id": "V1519580",
        "indicator": "F",
        "type": "FROM",
        "word": "FROM",
        "roles": {
          "GROUND": "#V1519591",
          "LEX": "FROM"
        },
        "start": 0,
        "end": 14
      },
      "V1519591": {
        "id": "V1519591",
        "indicator": "INDEF-SET",
        "type": "ORGANIZATION",
        "word": "CLUBS",
        "roles": {
          "MOD": "#V1519603",
          "LEX": "CLUBS",
          "WNSENSE": "organization%1:14:00"
        },
        "start": 5,
        "end": 14
      },
      "V1519603": {
        "id": "V1519603",
        "indicator": "F",
        "type": "DESTINATION-LOC",
        "word": "TO",
        "roles": {
          "FIGURE": "#V1519591",
          "LEX": "TO"
        },
        "start": 11,
        "end": 14
      },
      "root": "#V1519580"
    },
    {
      "V1519621": {
        "id": "V1519621",
        "indicator": "F",
        "type": "BRIGHT-VAL",
        "word": "BRIGHT",
        "roles": {
          "ORIENTATION": "POS",
          "SCALE": "LUMINOSITY-SCALE",
          "LEX": "BRIGHT",
          "WNSENSE": "bright%3:00:00::"
        },
        "start": 14,
        "end": 21
      },
      "root": "#V1519621"
    },
    {
      "V1519983": {
        "id": "V1519983",
        "indicator": "SPEECHACT",
        "type": "SA_IDENTIFY",
        "word": null,
        "roles": {
          "CONTENT": "#V1519915",
          "LEX": "-"
        },
        "start": 21,
        "end": 28
      },
      "V1519915": {
        "id": "V1519915",
        "indicator": "THE",
        "type": "QUANTITY-ABSTR",
        "word": null,
        "roles": {
          "FIGURE": "#V1519624"
        },
        "start": 21,
        "end": 28
      },
      "V1519624": {
        "id": "V1519624",
        "indicator": "PRO",
        "type": "TIME-LOC",
        "word": "MIDDAY",
        "roles": {
          "PROFORM": "MIDDAY",
          "LEX": "MIDDAY",
          "WNSENSE": "date%1:28:03"
        },
        "start": 21,
        "end": 28
      },
      "root": "#V1519983"
    },
    {
      "V1519958": {
        "id": "V1519958",
        "indicator": "SPEECHACT",
        "type": "SA_PRED-FRAGMENT",
        "word": null,
        "roles": {
          "PUNCTYPE": "DECL",
          "CONTENT": "#V1519856",
          "LEX": "IN-PUBLIC"
        },
        "start": 28,
        "end": 39
      },
      "V1519856": {
        "id": "V1519856",
        "indicator": "F",
        "type": "PREDICATE",
        "word": "IN-PUBLIC",
        "roles": {
          "FIGURE": "#V1519959",
          "LEX": "IN-PUBLIC",
          "WNSENSE": "in_public%4:02:00"
        },
        "start": 28,
        "end": 38
      },
      "V1519959": {
        "id": "V1519959",
        "indicator": "IMPRO",
        "type": "NIL",
        "word": null,
        "roles": {},
        "start": 28,
        "end": 38
      },
      "root": "#V1519958"
    },
    {
      "V1519579": {
        "id": "V1519579",
        "indicator": "F",
        "type": "FROM-LOC",
        "word": "FROM",
        "roles": {
          "GROUND": "#V1519589",
          "LEX": "FROM"
        },
        "start": 0,
        "end": 14
      },
      "V1519589": {
        "id": "V1519589",
        "indicator": "INDEF-SET",
        "type": "SOCIAL-GROUP",
        "word": "CLUBS",
        "roles": {
          "MOD": "#V1519603",
          "LEX": "CLUBS",
          "WNSENSE": "social_group%1:14:00"
        },
        "start": 5,
        "end": 14
      },
      "V1519603": {
        "id": "V1519603",
        "indicator": "F",
        "type": "DESTINATION-LOC",
        "word": "TO",
        "roles": {
          "FIGURE": "#V1519589",
          "LEX": "TO"
        },
        "start": 11,
        "end": 14
      },
      "root": "#V1519579"
    },
    {
      "V1519621": {
        "id": "V1519621",
        "indicator": "F",
        "type": "BRIGHT-VAL",
        "word": "BRIGHT",
        "roles": {
          "ORIENTATION": "POS",
          "SCALE": "LUMINOSITY-SCALE",
          "LEX": "BRIGHT",
          "WNSENSE": "bright%3:00:00::"
        },
        "start": 14,
        "end": 21
      },
      "root": "#V1519621"
    },
    {
      "V1519947": {
        "id": "V1519947",
        "indicator": "SPEECHACT",
        "type": "SA_IDENTIFY",
        "word": null,
        "roles": {
          "CONTENT": "#V1519624",
          "LEX": "MIDDAY"
        },
        "start": 21,
        "end": 28
      },
      "V1519624": {
        "id": "V1519624",
        "indicator": "PRO",
        "type": "TIME-LOC",
        "word": "MIDDAY",
        "roles": {
          "PROFORM": "MIDDAY",
          "LEX": "MIDDAY",
          "WNSENSE": "date%1:28:03"
        },
        "start": 21,
        "end": 28
      },
      "root": "#V1519947"
    },
    {
      "V1520010": {
        "id": "V1520010",
        "indicator": "SPEECHACT",
        "type": "SA_PRED-FRAGMENT",
        "word": null,
        "roles": {
          "PUNCTYPE": "DECL",
          "CONTENT": "#V1519638",
          "LEX": "IN"
        },
        "start": 28,
        "end": 39
      },
      "V1519638": {
        "id": "V1519638",
        "indicator": "F",
        "type": "PURPOSE",
        "word": "IN",
        "roles": {
          "GROUND": "#V1519695",
          "FIGURE": "#V1520011",
          "LEX": "IN"
        },
        "start": 28,
        "end": 38
      },
      "V1520011": {
        "id": "V1520011",
        "indicator": "IMPRO",
        "type": "ANY-SEM",
        "word": null,
        "roles": {},
        "start": 28,
        "end": 38
      },
      "V1519695": {
        "id": "V1519695",
        "indicator": "BARE",
        "type": "EATER",
        "word": "PUBLIC",
        "roles": {
          "LEX": "PUBLIC",
          "WNSENSE": "public%1:14:00::"
        },
        "start": 31,
        "end": 38
      },
      "root": "#V1520010"
    },
    {
      "V1519580": {
        "id": "V1519580",
        "indicator": "F",
        "type": "FROM",
        "word": "FROM",
        "roles": {
          "GROUND": "#V1519589",
          "LEX": "FROM"
        },
        "start": 0,
        "end": 14
      },
      "V1519589": {
        "id": "V1519589",
        "indicator": "INDEF-SET",
        "type": "SOCIAL-GROUP",
        "word": "CLUBS",
        "roles": {
          "MOD": "#V1519603",
          "LEX": "CLUBS",
          "WNSENSE": "social_group%1:14:00"
        },
        "start": 5,
        "end": 14
      },
      "V1519603": {
        "id": "V1519603",
        "indicator": "F",
        "type": "DESTINATION-LOC",
        "word": "TO",
        "roles": {
          "FIGURE": "#V1519589",
          "LEX": "TO"
        },
        "start": 11,
        "end": 14
      },
      "root": "#V1519580"
    },
    {
      "V1519621": {
        "id": "V1519621",
        "indicator": "F",
        "type": "BRIGHT-VAL",
        "word": "BRIGHT",
        "roles": {
          "ORIENTATION": "POS",
          "SCALE": "LUMINOSITY-SCALE",
          "LEX": "BRIGHT",
          "WNSENSE": "bright%3:00:00::"
        },
        "start": 14,
        "end": 21
      },
      "root": "#V1519621"
    },
    {
      "V1519947": {
        "id": "V1519947",
        "indicator": "SPEECHACT",
        "type": "SA_IDENTIFY",
        "word": null,
        "roles": {
          "CONTENT": "#V1519624",
          "LEX": "MIDDAY"
        },
        "start": 21,
        "end": 28
      },
      "V1519624": {
        "id": "V1519624",
        "indicator": "PRO",
        "type": "TIME-LOC",
        "word": "MIDDAY",
        "roles": {
          "PROFORM": "MIDDAY",
          "LEX": "MIDDAY",
          "WNSENSE": "date%1:28:03"
        },
        "start": 21,
        "end": 28
      },
      "root": "#V1519947"
    },
    {
      "V1519958": {
        "id": "V1519958",
        "indicator": "SPEECHACT",
        "type": "SA_PRED-FRAGMENT",
        "word": null,
        "roles": {
          "PUNCTYPE": "DECL",
          "CONTENT": "#V1519856",
          "LEX": "IN-PUBLIC"
        },
        "start": 28,
        "end": 39
      },
      "V1519856": {
        "id": "V1519856",
        "indicator": "F",
        "type": "PREDICATE",
        "word": "IN-PUBLIC",
        "roles": {
          "FIGURE": "#V1519959",
          "LEX": "IN-PUBLIC",
          "WNSENSE": "in_public%4:02:00"
        },
        "start": 28,
        "end": 38
      },
      "V1519959": {
        "id": "V1519959",
        "indicator": "IMPRO",
        "type": "NIL",
        "word": null,
        "roles": {},
        "start": 28,
        "end": 38
      },
      "root": "#V1519958"
    },
    {
      "V1519579": {
        "id": "V1519579",
        "indicator": "F",
        "type": "FROM-LOC",
        "word": "FROM",
        "roles": {
          "GROUND": "#V1519591",
          "LEX": "FROM"
        },
        "start": 0,
        "end": 14
      },
      "V1519591": {
        "id": "V1519591",
        "indicator": "INDEF-SET",
        "type": "ORGANIZATION",
        "word": "CLUBS",
        "roles": {
          "MOD": "#V1519603",
          "LEX": "CLUBS",
          "WNSENSE": "organization%1:14:00"
        },
        "start": 5,
        "end": 14
      },
      "V1519603": {
        "id": "V1519603",
        "indicator": "F",
        "type": "DESTINATION-LOC",
        "word": "TO",
        "roles": {
          "FIGURE": "#V1519591",
          "LEX": "TO"
        },
        "start": 11,
        "end": 14
      },
      "root": "#V1519579"
    },
    {
      "V1519920": {
        "id": "V1519920",
        "indicator": "SPEECHACT",
        "type": "SA_PRED-FRAGMENT",
        "word": null,
        "roles": {
          "CONTENT": "#V1519621",
          "LEX": "BRIGHT"
        },
        "start": 14,
        "end": 21
      },
      "V1519621": {
        "id": "V1519621",
        "indicator": "F",
        "type": "BRIGHT-VAL",
        "word": "BRIGHT",
        "roles": {
          "ORIENTATION": "POS",
          "FIGURE": "#V1519921",
          "SCALE": "LUMINOSITY-SCALE",
          "LEX": "BRIGHT",
          "WNSENSE": "bright%3:00:00::"
        },
        "start": 14,
        "end": 21
      },
      "V1519921": {
        "id": "V1519921",
        "indicator": "IMPRO",
        "type": "ANY-SEM",
        "word": null,
        "roles": {
          "CONTEXT-REL": "UTT-FRAG"
        },
        "start": 14,
        "end": 21
      },
      "root": "#V1519920"
    },
    {
      "V1519947": {
        "id": "V1519947",
        "indicator": "SPEECHACT",
        "type": "SA_IDENTIFY",
        "word": null,
        "roles": {
          "CONTENT": "#V1519624",
          "LEX": "MIDDAY"
        },
        "start": 21,
        "end": 28
      },
      "V1519624": {
        "id": "V1519624",
        "indicator": "PRO",
        "type": "TIME-LOC",
        "word": "MIDDAY",
        "roles": {
          "PROFORM": "MIDDAY",
          "LEX": "MIDDAY",
          "WNSENSE": "date%1:28:03"
        },
        "start": 21,
        "end": 28
      },
      "root": "#V1519947"
    },
    {
      "V1519958": {
        "id": "V1519958",
        "indicator": "SPEECHACT",
        "type": "SA_PRED-FRAGMENT",
        "word": null,
        "roles": {
          "PUNCTYPE": "DECL",
          "CONTENT": "#V1519856",
          "LEX": "IN-PUBLIC"
        },
        "start": 28,
        "end": 39
      },
      "V1519856": {
        "id": "V1519856",
        "indicator": "F",
        "type": "PREDICATE",
        "word": "IN-PUBLIC",
        "roles": {
          "FIGURE": "#V1519959",
          "LEX": "IN-PUBLIC",
          "WNSENSE": "in_public%4:02:00"
        },
        "start": 28,
        "end": 38
      },
      "V1519959": {
        "id": "V1519959",
        "indicator": "IMPRO",
        "type": "NIL",
        "word": null,
        "roles": {},
        "start": 28,
        "end": 38
      },
      "root": "#V1519958"
    },
    {
      "V1519579": {
        "id": "V1519579",
        "indicator": "F",
        "type": "FROM-LOC",
        "word": "FROM",
        "roles": {
          "GROUND": "#V1520320",
          "LEX": "FROM"
        },
        "start": 0,
        "end": 14
      },
      "V1520320": {
        "id": "V1520320",
        "indicator": "THE",
        "type": "QUANTITY-ABSTR",
        "word": null,
        "roles": {
          "FIGURE": "#V1519591"
        },
        "start": 5,
        "end": 14
      },
      "V1519591": {
        "id": "V1519591",
        "indicator": "INDEF-SET",
        "type": "ORGANIZATION",
        "word": "CLUBS",
        "roles": {
          "MOD": "#V1519603",
          "LEX": "CLUBS",
          "WNSENSE": "organization%1:14:00"
        },
        "start": 5,
        "end": 14
      },
      "V1519603": {
        "id": "V1519603",
        "indicator": "F",
        "type": "DESTINATION-LOC",
        "word": "TO",
        "roles": {
          "FIGURE": "#V1519591",
          "LEX": "TO"
        },
        "start": 11,
        "end": 14
      },
      "root": "#V1519579"
    },
    {
      "V1519621": {
        "id": "V1519621",
        "indicator": "F",
        "type": "BRIGHT-VAL",
        "word": "BRIGHT",
        "roles": {
          "ORIENTATION": "POS",
          "SCALE": "LUMINOSITY-SCALE",
          "LEX": "BRIGHT",
          "WNSENSE": "bright%3:00:00::"
        },
        "start": 14,
        "end": 21
      },
      "root": "#V1519621"
    },
    {
      "V1519947": {
        "id": "V1519947",
        "indicator": "SPEECHACT",
        "type": "SA_IDENTIFY",
        "word": null,
        "roles": {
          "CONTENT": "#V1519624",
          "LEX": "MIDDAY"
        },
        "start": 21,
        "end": 28
      },
      "V1519624": {
        "id": "V1519624",
        "indicator": "PRO",
        "type": "TIME-LOC",
        "word": "MIDDAY",
        "roles": {
          "PROFORM": "MIDDAY",
          "LEX": "MIDDAY",
          "WNSENSE": "date%1:28:03"
        },
        "start": 21,
        "end": 28
      },
      "root": "#V1519947"
    },
    {
      "V1520010": {
        "id": "V1520010",
        "indicator": "SPEECHACT",
        "type": "SA_PRED-FRAGMENT",
        "word": null,
        "roles": {
          "PUNCTYPE": "DECL",
          "CONTENT": "#V1519638",
          "LEX": "IN"
        },
        "start": 28,
        "end": 39
      },
      "V1519638": {
        "id": "V1519638",
        "indicator": "F",
        "type": "PURPOSE",
        "word": "IN",
        "roles": {
          "GROUND": "#V1519695",
          "FIGURE": "#V1520011",
          "LEX": "IN"
        },
        "start": 28,
        "end": 38
      },
      "V1520011": {
        "id": "V1520011",
        "indicator": "IMPRO",
        "type": "ANY-SEM",
        "word": null,
        "roles": {},
        "start": 28,
        "end": 38
      },
      "V1519695": {
        "id": "V1519695",
        "indicator": "BARE",
        "type": "EATER",
        "word": "PUBLIC",
        "roles": {
          "LEX": "PUBLIC",
          "WNSENSE": "public%1:14:00::"
        },
        "start": 31,
        "end": 38
      },
      "root": "#V1520010"
    }
  ],
  "inputtags": [],
  "debug": [
    "*last-utt-id*=NIL  utt-id+297",
    "*last-utt-id*=297  utt-id+297",
    "*last-utt-id*=297  utt-id+297",
    "*last-utt-id*=297  utt-id+297",
    "*last-utt-id*=297  utt-id+NIL"
  ]
}
