{
  "parse": [
    {
      "V1055063": {
        "id": "V1055063",
        "indicator": "SPEECHACT",
        "type": "SA_TELL",
        "word": null,
        "roles": {
          "PUNCTYPE": "DECL",
          "CONTENT": "#V1049454",
          "LEX": "GROPED"
        },
        "start": 0,
        "end": 71
      },
      "V1049454": {
        "id": "V1049454",
        "indicator": "F",
        "type": "PHYSICAL-SCRUTINY",
        "word": "GROPED",
        "roles": {
          "AGENT": "#V1049430",
          "NEUTRAL": "#V1049486",
          "FREQUENCY": "#V1049444",
          "TENSE": "PRES",
          "LEX": "GROPED",
          "WNSENSE": "inspect%2:38:00"
        },
        "start": 0,
        "end": 71
      },
      "V1049430": {
        "id": "V1049430",
        "indicator": "PRO",
        "type": "PERSON",
        "word": "I",
        "roles": {
          "PROFORM": "I",
          "LEX": "I",
          "WNSENSE": "person%1:03:00",
          "COREF": "USER"
        },
        "start": 0,
        "end": 2
      },
      "V1049444": {
        "id": "V1049444",
        "indicator": "F",
        "type": "NEVER",
        "word": "NEVER",
        "roles": {
          "FIGURE": "#V1049454",
          "LEX": "NEVER",
          "WNSENSE": "never%4:02:00::"
        },
        "start": 2,
        "end": 8
      },
      "V1049486": {
        "id": "V1049486",
        "indicator": "BARE",
        "type": "NONHUMAN-ANIMAL",
        "word": "CAT",
        "roles": {
          "MOD": "#V1049688",
          "LEX": "CAT",
          "WNSENSE": "cat%1:05:00::"
        },
        "start": 15,
        "end": 71
      },
      "V1049688": {
        "id": "V1049688",
        "indicator": "F",
        "type": "EVENT-OF-ACTION",
        "word": null,
        "roles": {
          "OPERATOR": "OR",
          "SEQUENCE": "#V1049496",
          "SEQUENCE1": "#V1049520",
          "VFORM": "PASSIVE",
          "LEX": "OR"
        },
        "start": 19,
        "end": 71
      },
      "V1049520": {
        "id": "V1049520",
        "indicator": "F",
        "type": "CAUSE-EFFECT",
        "word": "MAKE",
        "roles": {
          "MOD": "#V1049607",
          "AFFECTED": "#V1049486",
          "FORMAL": "#V1049541",
          "AGENT1": "#V1049553",
          "LEX": "MADE",
          "WNSENSE": "make%2:36:08::"
        },
        "start": 19,
        "end": 71
      },
      "V1049496": {
        "id": "V1049496",
        "indicator": "F",
        "type": "ESTABLISH-COMMUNICATION",
        "word": "CALL",
        "roles": {
          "AGENT1": "#V1049486",
          "LEX": "CALLED",
          "WNSENSE": "call%2:32:01::"
        },
        "start": 19,
        "end": 71
      },
      "V1049541": {
        "id": "V1049541",
        "indicator": "F",
        "type": "NOT-IN-WORKING-ORDER-VAL",
        "word": "OUT",
        "roles": {
          "FIGURE": "#V1049486",
          "SCALE": "FUNCTIONALITY-SCALE",
          "LEX": "OUT",
          "WNSENSE": "broken%5:00:00:damaged:00"
        },
        "start": 34,
        "end": 38
      },
      "V1049553": {
        "id": "V1049553",
        "indicator": "F",
        "type": "ACCOMPANIMENT",
        "word": "WITH",
        "roles": {
          "GROUND": "#V1049603",
          "FIGURE": "#V1049520",
          "LEX": "WITH"
        },
        "start": 38,
        "end": 51
      },
      "V1049603": {
        "id": "V1049603",
        "indicator": "A",
        "type": "FEMALE-PERSON",
        "word": "WOMAN",
        "roles": {
          "LEX": "WOMAN",
          "WNSENSE": "woman%1:18:00::"
        },
        "start": 43,
        "end": 51
      },
      "V1049607": {
        "id": "V1049607",
        "indicator": "F",
        "type": "WITHOUT",
        "word": "WITHOUT",
        "roles": {
          "GROUND": "#V1050184",
          "FIGURE": "#V1049520",
          "LEX": "WITHOUT"
        },
        "start": 51,
        "end": 71
      },
      "V1050184": {
        "id": "V1050184",
        "indicator": "THE",
        "type": "QUANTITY-ABSTR",
        "word": null,
        "roles": {
          "FIGURE": "#V1049622"
        },
        "start": 59,
        "end": 71
      },
      "V1049622": {
        "id": "V1049622",
        "indicator": "THE",
        "type": "RIGHT-PERMISSION",
        "word": "CONSENT",
        "roles": {
          "ASSOC-POSS": "#V1049612",
          "LEX": "CONSENT",
          "WNSENSE": "consent%1:10:00::"
        },
        "start": 59,
        "end": 71
      },
      "V1049612": {
        "id": "V1049612",
        "indicator": "PRO",
        "type": "FEMALE-PERSON",
        "word": "HER",
        "roles": {
          "LEX": "HER",
          "PROFORM": "HER",
          "WNSENSE": "woman%1:18:00",
          "COREF": "#V1049603"
        },
        "start": 59,
        "end": 71
      },
      "root": "#V1055063"
    }
  ],
  "inputtags": [],
  "debug": [
    "*last-utt-id*=NIL  utt-id+191",
    "*last-utt-id*=191  utt-id+NIL"
  ]
}
