{
  "parse": [
    {
      "V1245771": {
        "id": "V1245771",
        "indicator": "SPEECHACT",
        "type": "SA_TELL",
        "word": null,
        "roles": {
          "PUNCTYPE": "DECL",
          "CONTENT": "#V1243003",
          "LEX": "AND"
        },
        "start": 0,
        "end": 70
      },
      "V1243003": {
        "id": "V1243003",
        "indicator": "F",
        "type": "SITUATION-ROOT",
        "word": null,
        "roles": {
          "OPERATOR": "AND",
          "SEQUENCE": "#V1242992",
          "SEQUENCE1": "#V1243016",
          "TENSE": "PAST",
          "LEX": "AND",
          "WNSENSE": "blame%2:32:00::"
        },
        "start": 0,
        "end": 70
      },
      "V1242992": {
        "id": "V1242992",
        "indicator": "F",
        "type": "BLAME",
        "word": "BLAME",
        "roles": {
          "AGENT": "#V1242975",
          "AFFECTED": "#V1242998",
          "FREQUENCY": "#V1242987",
          "TENSE": "PAST",
          "LEX": "BLAMED",
          "WNSENSE": "blame%2:32:00::"
        },
        "start": 0,
        "end": 24
      },
      "V1242975": {
        "id": "V1242975",
        "indicator": "PRO",
        "type": "PERSON",
        "word": "I",
        "roles": {
          "PROFORM": "I",
          "LEX": "I",
          "WNSENSE": "person%1:03:00",
          "COREF": "USER"
        },
        "start": 0,
        "end": 2
      },
      "V1242987": {
        "id": "V1242987",
        "indicator": "F",
        "type": "ALWAYS",
        "word": "ALWAYS",
        "roles": {
          "FIGURE": "#V1242992",
          "LEX": "ALWAYS",
          "WNSENSE": "always%4:02:00::"
        },
        "start": 2,
        "end": 9
      },
      "V1242998": {
        "id": "V1242998",
        "indicator": "THE",
        "type": "REFERENTIAL-PERSON",
        "word": "SELF",
        "roles": {
          "ASSOC-POSS": "#V1242995",
          "LEX": "SELF",
          "WNSENSE": "self%1:18:00::"
        },
        "start": 16,
        "end": 24
      },
      "V1242995": {
        "id": "V1242995",
        "indicator": "PRO",
        "type": "PERSON",
        "word": "MY",
        "roles": {
          "LEX": "MY",
          "PROFORM": "MY",
          "WNSENSE": "person%1:03:00",
          "COREF": "USER"
        },
        "start": 16,
        "end": 24
      },
      "V1243016": {
        "id": "V1243016",
        "indicator": "F",
        "type": "HAVE-PROPERTY",
        "word": "BE",
        "roles": {
          "NEUTRAL": "#V1242975",
          "FORMAL": "#V1243211",
          "TIME": "#V1243046",
          "TENSE": "PAST",
          "LEX": "WAS",
          "WNSENSE": "be%2:42:03::"
        },
        "start": 28,
        "end": 70
      },
      "V1243211": {
        "id": "V1243211",
        "indicator": "F",
        "type": "AT-SCALE-VALUE",
        "word": null,
        "roles": {
          "FIGURE": "#V1242975",
          "GROUND": "#V1243030",
          "SCALE": "AGE-SCALE",
          "LEX": "OLD"
        },
        "start": 33,
        "end": 46
      },
      "V1243030": {
        "id": "V1243030",
        "indicator": "A",
        "type": "QUANTITY-ABSTR",
        "word": null,
        "roles": {
          "UNIT": "(:* YEAR-DURATION YEAR)",
          "AMOUNT": "38"
        },
        "start": 33,
        "end": 46
      },
      "V1243046": {
        "id": "V1243046",
        "indicator": "F",
        "type": "BEFORE",
        "word": "BEFORE",
        "roles": {
          "GROUND": "#V1243087",
          "FIGURE": "#V1243016",
          "LEX": "BEFORE",
          "WNSENSE": "before%4:02:03::"
        },
        "start": 46,
        "end": 70
      },
      "V1243087": {
        "id": "V1243087",
        "indicator": "F",
        "type": "NAMING",
        "word": "CALL",
        "roles": {
          "AGENT": "#V1243069",
          "NEUTRAL": "#V1243096",
          "FORMAL": "#V1243110",
          "TENSE": "PAST",
          "LEX": "CALLED",
          "WNSENSE": "call%2:32:02::"
        },
        "start": 53,
        "end": 70
      },
      "V1243069": {
        "id": "V1243069",
        "indicator": "PRO",
        "type": "PERSON",
        "word": "I",
        "roles": {
          "PROFORM": "I",
          "LEX": "I",
          "WNSENSE": "person%1:03:00",
          "COREF": "USER"
        },
        "start": 53,
        "end": 55
      },
      "V1243096": {
        "id": "V1243096",
        "indicator": "PRO",
        "type": "REFERENTIAL-SEM",
        "word": "IT",
        "roles": {
          "PROFORM": "IT",
          "LEX": "IT",
          "WNSENSE": "entity%1:03:00",
          "COREF": "#V1243003"
        },
        "start": 62,
        "end": 65
      },
      "V1243110": {
        "id": "V1243110",
        "indicator": "BARE",
        "type": "ACTIVITY-EVENT",
        "word": "RAPE",
        "roles": {
          "LEX": "RAPE",
          "WNSENSE": "rape%1:04:01::"
        },
        "start": 65,
        "end": 70
      },
      "root": "#V1245771"
    }
  ],
  "inputtags": [],
  "debug": [
    "*last-utt-id*=NIL  utt-id+239",
    "*last-utt-id*=239  utt-id+NIL"
  ]
}
