{
  "parse": [
    {
      "V1762368": {
        "id": "V1762368",
        "indicator": "SPEECHACT",
        "type": "SA_TELL",
        "word": null,
        "roles": {
          "PUNCTYPE": "DECL",
          "CONTENT": "#V1761095",
          "LEX": "IS"
        },
        "start": 0,
        "end": 21
      },
      "V1761095": {
        "id": "V1761095",
        "indicator": "F",
        "type": "HAVE-PROPERTY",
        "word": "BE",
        "roles": {
          "NEUTRAL": "#V1761083",
          "FORMAL": "#V1761112",
          "TENSE": "PRES",
          "LEX": "IS",
          "WNSENSE": "be%2:42:03::"
        },
        "start": 0,
        "end": 21
      },
      "V1761083": {
        "id": "V1761083",
        "indicator": "BARE",
        "type": "CHEMICAL",
        "word": "T",
        "roles": {
          "ASSOC-WITH1": "#V1761069",
          "ASSOC-WITH": "#V1761074",
          "LEX": "T",
          "WNSENSE": "t%1:27:01::"
        },
        "start": 0,
        "end": 8
      },
      "V1761074": {
        "id": "V1761074",
        "indicator": "KIND",
        "type": "REFERENTIAL-SEM",
        "word": "\u2019",
        "roles": {
          "LEX": "\u2019",
          "WNSENSE": "entity%1:03:00"
        },
        "start": 0,
        "end": 8
      },
      "V1761069": {
        "id": "V1761069",
        "indicator": "KIND",
        "type": "SOCIAL-GROUP",
        "word": "ISN",
        "roles": {
          "LEX": "ISN",
          "WNSENSE": "isn%1:14:00::"
        },
        "start": 0,
        "end": 8
      },
      "V1761112": {
        "id": "V1761112",
        "indicator": "F",
        "type": "BAD-FOR-HEALTH-VAL",
        "word": "SICKENING",
        "roles": {
          "FIGURE": "#V1761083",
          "SCALE": "EVALUATION-SCALE",
          "LEX": "SICKENING",
          "WNSENSE": "sickening%5:00:00:unwholesome:00"
        },
        "start": 11,
        "end": 21
      },
      "root": "#V1762368"
    }
  ],
  "inputtags": [],
  "debug": [
    "constit-match failed on (% W::VP- (W::ADVBL-NEEDED -) (W::DOBJVAR V1761112)",
    "                           (W::SUBJVAR V1761083) (W::VFORM W::PRES) (W::TMA -)",
    "                           (W::CONSTRAINT (% & (W::LSUBJ V1761083)",
    "                                             (W::LOBJ V1761112) (W::LIOBJ -)",
    "                                             (W::LCOMP -)",
    "                                             (ONT::NEUTRAL V1761083)",
    "                                             (ONT::FORMAL V1761112) (- -)",
    "                                             (- -)))",
    "                           (W::CLASS (:* ONT::HAVE-PROPERTY W::BE))",
    "                           (W::VAR V1761095) (W::AGR W::|3S|) (W::NEG -)",
    "                           (W::SEM ?119:(F::SITUATION (F::TYPE ONT::HAVE-PROPERTY)",
    "                                         (F::KR-TYPE ((WN \"be%2:42:03::\" \"be%2:42:05::\")))",
    "                                         (F::TRAJECTORY -) (F::INTENTIONAL -)",
    "                                         (F::INFORMATION F::MENTAL-CONSTRUCT)",
    "                                         (F::CONTAINER -)",
    "                                         (F::ORIGIN F::ANY-ORIGIN)",
    "                                         (F::TANGIBLE +) (F::ASPECT F::STATIC)",
    "                                         (F::TIME-SPAN F::EXTENDED)",
    "                                         (F::CAUSE F::ANY-CAUSE)",
    "                                         (F::LOCATIVE -) (F::IOBJ -)))",
    "                           (W::IOBJ (% - (W::VAR -)))",
    "                           (W::DOBJ ?#:LOBJ399010:((% W::PRED (W::LF (% W::PROP (W::CLASS (:* ONT::BAD-FOR-HEALTH-VAL W::SICKENING))",
    "                                                                        (W::VAR V1761112)",
    "                                                                        (W::CONSTRAINT (% & (W::ORIENTATION -)",
    "                                                                                          (W::INTENSITY -)",
    "                                                                                          (ONT::FIGURE V1761083)",
    "                                                                                          (W::SCALE ONT::EVALUATION-SCALE)))",
    "                                                                        (W::TRANSFORM -)",
    "                                                                        (W::SEM ?2510:(F::ABSTR-OBJ (F::TYPE ONT::BAD-FOR-HEALTH-VAL)",
    "                                                                                       (F::KR-TYPE ((WN \"sickening%5:00:00:unwholesome:00\")))",
    "                                                                                       (F::INTENTIONAL -)",
    "                                                                                       (F::INFORMATION -)",
    "                                                                                       (F::CONTAINER -)",
    "                                                                                       (F::ORIGIN F::ANY-ORIGIN)",
    "                                                                                       (F::TANGIBLE -)",
    "                                                                                       (F::SCALE ONT::EVALUATION-SCALE)",
    "                                                                                       (F::MEASURE-FUNCTION -)",
    "                                                                                       (F::GRADABILITY -)",
    "                                                                                       (F::INTENSITY -)",
    "                                                                                       (F::ORIENTATION -)))",
    "                                                                        (W::PREMOD -)))",
    "                                                      (W::SORT -)",
    "                                                      (W::SUBJVAR -)",
    "                                                      (W::LEX W::SICKENING)",
    "                                                      (W::VAR V1761112)",
    "                                                      (W::AGR ?2405)",
    "                                                      (W::CASE -) (W::FILLED -)",
    "                                                      (W::ARGUMENT (% W::NP (W::GAP ?36)",
    "                                                                      (W::SEM ?896:(F::PHYS-OBJ (F::TYPE ONT::CHEMICAL)",
    "                                                                                    (F::KR-TYPE ((WN \"t%1:27:01::\" \"t%1:27:00::\")))",
    "                                                                                    (F::TRAJECTORY -)",
    "                                                                                    (F::INTENTIONAL -)",
    "                                                                                    (F::INFORMATION -)",
    "                                                                                    (F::CONTAINER -)",
    "                                                                                    (F::ORIGIN F::ANY-ORIGIN)",
    "                                                                                    (F::TANGIBLE +)",
    "                                                                                    (F::SCALE ?1623)",
    "                                                                                    (F::FORM F::SUBSTANCE)",
    "                                                                                    (F::MOBILITY F::NON-SELF-MOVING)",
    "                                                                                    (F::GROUP -)",
    "                                                                                    (F::SPATIAL-ABSTRACTION ?#:SAB398890:(F::SPATIAL-POINT",
    "                                                                                                                          F::SPATIAL-REGION))))",
    "                                                                      (W::LEX W::T)",
    "                                                                      (W::VAR V1761083)",
    "                                                                      (W::EXPLETIVE -)))",
    "                                                      (W::ARG V1761083)",
    "                                                      (W::GAP -)",
    "                                                      (W::SEM ?37:(F::ABSTR-OBJ (F::TYPE ?2623:(ONT::BAD-FOR-HEALTH-VAL",
    "                                                                                                ONT::BAD-FOR-HEALTH-VAL)))))))",
    "                           (W::COMP3 (% - (W::VAR -)))",
    "                           (W::PART (% - (W::VAR -))) (W::CONT -) (W::AUX -)",
    "                           (W::TENSE-PRO -) (W::GAP -)",
    "                           (W::SUBJ ?#:LSUBJ398999:((% W::NP (W::GAP -)",
    "                                                       (W::LF ?#:LSUBJLF398991)",
    "                                                       (W::SORT ?#:LSUBJSORT398992)",
    "                                                       (W::SUBJVAR ?#:LSUBJSUBJVAR398993)",
    "                                                       (W::AGR W::|3S|)",
    "                                                       (W::CASE ?83875:(W::SUB))",
    "                                                       (W::VAR V1761083)",
    "                                                       (W::SEM ?896:(F::PHYS-OBJ (F::TYPE ONT::CHEMICAL)",
    "                                                                     (F::KR-TYPE ((WN \"t%1:27:01::\" \"t%1:27:00::\")))",
    "                                                                     (F::TRAJECTORY -)",
    "                                                                     (F::INTENTIONAL -)",
    "                                                                     (F::INFORMATION -)",
    "                                                                     (F::CONTAINER -)",
    "                                                                     (F::ORIGIN F::ANY-ORIGIN)",
    "                                                                     (F::TANGIBLE +)",
    "                                                                     (F::SCALE ?1623)",
    "                                                                     (F::FORM F::SUBSTANCE)",
    "                                                                     (F::MOBILITY F::NON-SELF-MOVING)",
    "                                                                     (F::GROUP -)",
    "                                                                     (F::SPATIAL-ABSTRACTION ?#:SAB398890:(F::SPATIAL-POINT",
    "                                                                                                           F::SPATIAL-REGION))))",
    "                                                       (W::LEX W::T)",
    "                                                       (W::EXPLETIVE -))))",
    "                           (W::MODAL -) (W::AUXNAME -) (W::LEX W::IS)",
    "                           (W::ORIG-LEX -) (W::HEADCAT W::V) (W::TRANSFORM -)",
    "                           (W::SUBJ-MAP ONT::NEUTRAL)",
    "                           (W::TEMPLATE LXM::NEUTRAL-FORMAL-PRED-SUBJCONTROL-TEMPL)",
    "                           (W::COMPLEX -) (W::ELLIPSIS -)) and (% W::VP- (1 V1761103)",
    "                                                                  (W::VFORM W::PRES)",
    "                                                                  (W::POSTADVBL -)",
    "                                                                  (W::TMA -)",
    "                                                                  (W::CONSTRAINT (% & (W::LSUBJ ?2399)",
    "                                                                                    (W::LOBJ V1761112)",
    "                                                                                    (W::LIOBJ -)",
    "                                                                                    (W::LCOMP -)",
    "                                                                                    (ONT::NEUTRAL ?2399)",
    "                                                                                    (ONT::FORMAL V1761112)",
    "                                                                                    (- -)",
    "                                                                                    (- -)))",
    "                                                                  (W::BE-THERE -)",
    "                                                                  (W::GAP ?!2401)",
    "                                                                  (W::CLASS (:* ONT::HAVE-PROPERTY W::BE))",
    "                                                                  (W::VAR V1761095)",
    "                                                                  (W::DOBJVAR V1761112)",
    "                                                                  (W::SUBJVAR ?2399)",
    "                                                                  (W::SUBJ ?#:LSUBJ398999:((% W::NP (W::GAP -)",
    "                                                                                              (W::LF ?#:LSUBJLF398991)",
    "                                                                                              (W::SORT ?#:LSUBJSORT398992)",
    "                                                                                              (W::SUBJVAR ?#:LSUBJSUBJVAR398993)",
    "                                                                                              (W::AGR ?2403)",
    "                                                                                              (W::CASE ?#:LSUBJCASE398995)",
    "                                                                                              (W::VAR ?2399)",
    "                                                                                              (W::SEM ?2404)",
    "                                                                                              (W::LEX ?2402)",
    "                                                                                              (W::EXPLETIVE -))))",
    "                                                                  (W::AGR W::|3S|)",
    "                                                                  (W::NEG -)",
    "                                                                  (W::SEM ?119:(F::SITUATION (F::TYPE ONT::HAVE-PROPERTY)",
    "                                                                                (F::KR-TYPE ((WN \"be%2:42:03::\" \"be%2:42:05::\")))",
    "                                                                                (F::TRAJECTORY -)",
    "                                                                                (F::INTENTIONAL -)",
    "                                                                                (F::INFORMATION F::MENTAL-CONSTRUCT)",
    "                                                                                (F::CONTAINER -)",
    "                                                                                (F::ORIGIN F::ANY-ORIGIN)",
    "                                                                                (F::TANGIBLE +)",
    "                                                                                (F::ASPECT F::STATIC)",
    "                                                                                (F::TIME-SPAN F::EXTENDED)",
    "                                                                                (F::CAUSE F::ANY-CAUSE)",
    "                                                                                (F::LOCATIVE -)",
    "                                                                                (F::IOBJ -)))",
    "                                                                  (W::IOBJ (% - (W::VAR -)))",
    "                                                                  (W::DOBJ ?#:LOBJ399010:((% W::PRED (W::LF (% W::PROP (W::CLASS (:* ONT::BAD-FOR-HEALTH-VAL W::SICKENING))",
    "                                                                                                               (W::VAR V1761112)",
    "                                                                                                               (W::CONSTRAINT (% & (W::ORIENTATION -)",
    "                                                                                                                                 (W::INTENSITY -)",
    "                                                                                                                                 (ONT::FIGURE ?2399)",
    "                                                                                                                                 (W::SCALE ONT::EVALUATION-SCALE)))",
    "                                                                                                               (W::TRANSFORM -)",
    "                                                                                                               (W::SEM ?2510:(F::ABSTR-OBJ (F::TYPE ONT::BAD-FOR-HEALTH-VAL)",
    "                                                                                                                              (F::KR-TYPE ((WN \"sickening%5:00:00:unwholesome:00\")))",
    "                                                                                                                              (F::INTENTIONAL -)",
    "                                                                                                                              (F::INFORMATION -)",
    "                                                                                                                              (F::CONTAINER -)",
    "                                                                                                                              (F::ORIGIN F::ANY-ORIGIN)",
    "                                                                                                                              (F::TANGIBLE -)",
    "                                                                                                                              (F::SCALE ONT::EVALUATION-SCALE)",
    "                                                                                                                              (F::MEASURE-FUNCTION -)",
    "                                                                                                                              (F::GRADABILITY -)",
    "                                                                                                                              (F::INTENSITY -)",
    "                                                                                                                              (F::ORIENTATION -)))",
    "                                                                                                               (W::PREMOD -)))",
    "                                                                                             (W::SORT -)",
    "                                                                                             (W::SUBJVAR -)",
    "                                                                                             (W::LEX W::SICKENING)",
    "                                                                                             (W::VAR V1761112)",
    "                                                                                             (W::AGR ?2405)",
    "                                                                                             (W::CASE -)",
    "                                                                                             (W::FILLED -)",
    "                                                                                             (W::ARGUMENT (% W::NP (W::GAP ?36)",
    "                                                                                                             (W::SEM ?2404)",
    "                                                                                                             (W::LEX ?2402)",
    "                                                                                                             (W::VAR ?2399)",
    "                                                                                                             (W::EXPLETIVE -)))",
    "                                                                                             (W::ARG ?2399)",
    "                                                                                             (W::GAP ?!2401)",
    "                                                                                             (W::SEM ?37:(F::ABSTR-OBJ (F::TYPE ?2623:(ONT::BAD-FOR-HEALTH-VAL",
    "                                                                                                                                       ONT::BAD-FOR-HEALTH-VAL)))))))",
    "                                                                  (W::COMP3 (% - (W::VAR -)))",
    "                                                                  (W::PART (% - (W::VAR -)))",
    "                                                                  (W::CONT -)",
    "                                                                  (W::TENSE-PRO -)",
    "                                                                  (W::AUX -)",
    "                                                                  (W::MODAL -)",
    "                                                                  (W::AUXNAME -)",
    "                                                                  (W::LEX W::IS)",
    "                                                                  (W::ORIG-LEX -)",
    "                                                                  (W::HEADCAT W::V)",
    "                                                                  (W::TRANSFORM -)",
    "                                                                  (W::SUBJ-MAP ONT::NEUTRAL)",
    "                                                                  (W::ADVBL-NEEDED -)",
    "                                                                  (W::PASSIVE -)",
    "                                                                  (W::PASSIVE-MAP -)",
    "                                                                  (W::TEMPLATE LXM::NEUTRAL-FORMAL-PRED-SUBJCONTROL-TEMPL)",
    "                                                                  (W::RESULT -)",
    "                                                                  (2 PRED1761167))",
    "constit-match failed on (% W::VP- (W::ADVBL-NEEDED -) (W::DOBJVAR V1761112)",
    "                           (W::SUBJVAR V1762363) (W::VFORM W::PRES) (W::TMA -)",
    "                           (W::CONSTRAINT (% & (W::LSUBJ V1762363)",
    "                                             (W::LOBJ V1761112) (W::LIOBJ -)",
    "                                             (W::LCOMP -)",
    "                                             (ONT::NEUTRAL V1762363)",
    "                                             (ONT::FORMAL V1761112) (- -)",
    "                                             (- -)))",
    "                           (W::CLASS (:* ONT::HAVE-PROPERTY W::BE))",
    "                           (W::VAR V1761095) (W::AGR W::|3S|) (W::NEG -)",
    "                           (W::SEM ?119:(F::SITUATION (F::TYPE ONT::HAVE-PROPERTY)",
    "                                         (F::KR-TYPE ((WN \"be%2:42:03::\" \"be%2:42:05::\")))",
    "                                         (F::TRAJECTORY -) (F::INTENTIONAL -)",
    "                                         (F::INFORMATION F::MENTAL-CONSTRUCT)",
    "                                         (F::CONTAINER -)",
    "                                         (F::ORIGIN F::ANY-ORIGIN)",
    "                                         (F::TANGIBLE +) (F::ASPECT F::STATIC)",
    "                                         (F::TIME-SPAN F::EXTENDED)",
    "                                         (F::CAUSE F::ANY-CAUSE)",
    "                                         (F::LOCATIVE -) (F::IOBJ -)))",
    "                           (W::IOBJ (% - (W::VAR -)))",
    "                           (W::DOBJ ?#:LOBJ399010:((% W::PRED (W::LF (% W::PROP (W::CLASS (:* ONT::BAD-FOR-HEALTH-VAL W::SICKENING))",
    "                                                                        (W::VAR V1761112)",
    "                                                                        (W::CONSTRAINT (% & (W::ORIENTATION -)",
    "                                                                                          (W::INTENSITY -)",
    "                                                                                          (ONT::FIGURE V1762363)",
    "                                                                                          (W::SCALE ONT::EVALUATION-SCALE)))",
    "                                                                        (W::TRANSFORM -)",
    "                                                                        (W::SEM ?2510:(F::ABSTR-OBJ (F::TYPE ONT::BAD-FOR-HEALTH-VAL)",
    "                                                                                       (F::KR-TYPE ((WN \"sickening%5:00:00:unwholesome:00\")))",
    "                                                                                       (F::INTENTIONAL -)",
    "                                                                                       (F::INFORMATION -)",
    "                                                                                       (F::CONTAINER -)",
    "                                                                                       (F::ORIGIN F::ANY-ORIGIN)",
    "                                                                                       (F::TANGIBLE -)",
    "                                                                                       (F::SCALE ONT::EVALUATION-SCALE)",
    "                                                                                       (F::MEASURE-FUNCTION -)",
    "                                                                                       (F::GRADABILITY -)",
    "                                                                                       (F::INTENSITY -)",
    "                                                                                       (F::ORIENTATION -)))",
    "                                                                        (W::PREMOD -)))",
    "                                                      (W::SORT -)",
    "                                                      (W::SUBJVAR -)",
    "                                                      (W::LEX W::SICKENING)",
    "                                                      (W::VAR V1761112)",
    "                                                      (W::AGR ?2405)",
    "                                                      (W::CASE -) (W::FILLED -)",
    "                                                      (W::ARGUMENT (% W::NP (W::GAP ?36)",
    "                                                                      (W::SEM ?46458:(F::ABSTR-OBJ (F::TYPE ONT::QUANTITY-ABSTR)",
    "                                                                                      (F::INTENTIONAL -)",
    "                                                                                      (F::INFORMATION -)",
    "                                                                                      (F::CONTAINER -)",
    "                                                                                      (F::ORIGIN F::ANY-ORIGIN)",
    "                                                                                      (F::TANGIBLE -)",
    "                                                                                      (F::SCALE ONT::LINEAR-EXTENT-SCALE)",
    "                                                                                      (F::MEASURE-FUNCTION -)",
    "                                                                                      (F::GRADABILITY -)",
    "                                                                                      (F::INTENSITY -)",
    "                                                                                      (F::ORIENTATION -)))",
    "                                                                      (W::LEX -)",
    "                                                                      (W::VAR V1762363)",
    "                                                                      (W::EXPLETIVE -)))",
    "                                                      (W::ARG V1762363)",
    "                                                      (W::GAP -)",
    "                                                      (W::SEM ?37:(F::ABSTR-OBJ (F::TYPE ?2623:(ONT::BAD-FOR-HEALTH-VAL",
    "                                                                                                ONT::BAD-FOR-HEALTH-VAL)))))))",
    "                           (W::COMP3 (% - (W::VAR -)))",
    "                           (W::PART (% - (W::VAR -))) (W::CONT -) (W::AUX -)",
    "                           (W::TENSE-PRO -) (W::GAP -)",
    "                           (W::SUBJ ?#:LSUBJ398999:((% W::NP (W::GAP -)",
    "                                                       (W::LF ?#:LSUBJLF398991)",
    "                                                       (W::SORT ?#:LSUBJSORT398992)",
    "                                                       (W::SUBJVAR ?#:LSUBJSUBJVAR398993)",
    "                                                       (W::AGR W::|3S|)",
    "                                                       (W::CASE ?83902:(W::SUB))",
    "                                                       (W::VAR V1762363)",
    "                                                       (W::SEM ?46458:(F::ABSTR-OBJ (F::TYPE ONT::QUANTITY-ABSTR)",
    "                                                                       (F::INTENTIONAL -)",
    "                                                                       (F::INFORMATION -)",
    "                                                                       (F::CONTAINER -)",
    "                                                                       (F::ORIGIN F::ANY-ORIGIN)",
    "                                                                       (F::TANGIBLE -)",
    "                                                                       (F::SCALE ONT::LINEAR-EXTENT-SCALE)",
    "                                                                       (F::MEASURE-FUNCTION -)",
    "                                                                       (F::GRADABILITY -)",
    "                                                                       (F::INTENSITY -)",
    "                                                                       (F::ORIENTATION -)))",
    "                                                       (W::LEX -)",
    "                                                       (W::EXPLETIVE -))))",
    "                           (W::MODAL -) (W::AUXNAME -) (W::LEX W::IS)",
    "                           (W::ORIG-LEX -) (W::HEADCAT W::V) (W::TRANSFORM -)",
    "                           (W::SUBJ-MAP ONT::NEUTRAL)",
    "                           (W::TEMPLATE LXM::NEUTRAL-FORMAL-PRED-SUBJCONTROL-TEMPL)",
    "                           (W::COMPLEX -) (W::ELLIPSIS -)) and (% W::VP- (1 V1761103)",
    "                                                                  (W::VFORM W::PRES)",
    "                                                                  (W::POSTADVBL -)",
    "                                                                  (W::TMA -)",
    "                                                                  (W::CONSTRAINT (% & (W::LSUBJ ?2399)",
    "                                                                                    (W::LOBJ V1761112)",
    "                                                                                    (W::LIOBJ -)",
    "                                                                                    (W::LCOMP -)",
    "                                                                                    (ONT::NEUTRAL ?2399)",
    "                                                                                    (ONT::FORMAL V1761112)",
    "                                                                                    (- -)",
    "                                                                                    (- -)))",
    "                                                                  (W::BE-THERE -)",
    "                                                                  (W::GAP ?!2401)",
    "                                                                  (W::CLASS (:* ONT::HAVE-PROPERTY W::BE))",
    "                                                                  (W::VAR V1761095)",
    "                                                                  (W::DOBJVAR V1761112)",
    "                                                                  (W::SUBJVAR ?2399)",
    "                                                                  (W::SUBJ ?#:LSUBJ398999:((% W::NP (W::GAP -)",
    "                                                                                              (W::LF ?#:LSUBJLF398991)",
    "                                                                                              (W::SORT ?#:LSUBJSORT398992)",
    "                                                                                              (W::SUBJVAR ?#:LSUBJSUBJVAR398993)",
    "                                                                                              (W::AGR ?2403)",
    "                                                                                              (W::CASE ?#:LSUBJCASE398995)",
    "                                                                                              (W::VAR ?2399)",
    "                                                                                              (W::SEM ?2404)",
    "                                                                                              (W::LEX ?2402)",
    "                                                                                              (W::EXPLETIVE -))))",
    "                                                                  (W::AGR W::|3S|)",
    "                                                                  (W::NEG -)",
    "                                                                  (W::SEM ?119:(F::SITUATION (F::TYPE ONT::HAVE-PROPERTY)",
    "                                                                                (F::KR-TYPE ((WN \"be%2:42:03::\" \"be%2:42:05::\")))",
    "                                                                                (F::TRAJECTORY -)",
    "                                                                                (F::INTENTIONAL -)",
    "                                                                                (F::INFORMATION F::MENTAL-CONSTRUCT)",
    "                                                                                (F::CONTAINER -)",
    "                                                                                (F::ORIGIN F::ANY-ORIGIN)",
    "                                                                                (F::TANGIBLE +)",
    "                                                                                (F::ASPECT F::STATIC)",
    "                                                                                (F::TIME-SPAN F::EXTENDED)",
    "                                                                                (F::CAUSE F::ANY-CAUSE)",
    "                                                                                (F::LOCATIVE -)",
    "                                                                                (F::IOBJ -)))",
    "                                                                  (W::IOBJ (% - (W::VAR -)))",
    "                                                                  (W::DOBJ ?#:LOBJ399010:((% W::PRED (W::LF (% W::PROP (W::CLASS (:* ONT::BAD-FOR-HEALTH-VAL W::SICKENING))",
    "                                                                                                               (W::VAR V1761112)",
    "                                                                                                               (W::CONSTRAINT (% & (W::ORIENTATION -)",
    "                                                                                                                                 (W::INTENSITY -)",
    "                                                                                                                                 (ONT::FIGURE ?2399)",
    "                                                                                                                                 (W::SCALE ONT::EVALUATION-SCALE)))",
    "                                                                                                               (W::TRANSFORM -)",
    "                                                                                                               (W::SEM ?2510:(F::ABSTR-OBJ (F::TYPE ONT::BAD-FOR-HEALTH-VAL)",
    "                                                                                                                              (F::KR-TYPE ((WN \"sickening%5:00:00:unwholesome:00\")))",
    "                                                                                                                              (F::INTENTIONAL -)",
    "                                                                                                                              (F::INFORMATION -)",
    "                                                                                                                              (F::CONTAINER -)",
    "                                                                                                                              (F::ORIGIN F::ANY-ORIGIN)",
    "                                                                                                                              (F::TANGIBLE -)",
    "                                                                                                                              (F::SCALE ONT::EVALUATION-SCALE)",
    "                                                                                                                              (F::MEASURE-FUNCTION -)",
    "                                                                                                                              (F::GRADABILITY -)",
    "                                                                                                                              (F::INTENSITY -)",
    "                                                                                                                              (F::ORIENTATION -)))",
    "                                                                                                               (W::PREMOD -)))",
    "                                                                                             (W::SORT -)",
    "                                                                                             (W::SUBJVAR -)",
    "                                                                                             (W::LEX W::SICKENING)",
    "                                                                                             (W::VAR V1761112)",
    "                                                                                             (W::AGR ?2405)",
    "                                                                                             (W::CASE -)",
    "                                                                                             (W::FILLED -)",
    "                                                                                             (W::ARGUMENT (% W::NP (W::GAP ?36)",
    "                                                                                                             (W::SEM ?2404)",
    "                                                                                                             (W::LEX ?2402)",
    "                                                                                                             (W::VAR ?2399)",
    "                                                                                                             (W::EXPLETIVE -)))",
    "                                                                                             (W::ARG ?2399)",
    "                                                                                             (W::GAP ?!2401)",
    "                                                                                             (W::SEM ?37:(F::ABSTR-OBJ (F::TYPE ?2623:(ONT::BAD-FOR-HEALTH-VAL",
    "                                                                                                                                       ONT::BAD-FOR-HEALTH-VAL)))))))",
    "                                                                  (W::COMP3 (% - (W::VAR -)))",
    "                                                                  (W::PART (% - (W::VAR -)))",
    "                                                                  (W::CONT -)",
    "                                                                  (W::TENSE-PRO -)",
    "                                                                  (W::AUX -)",
    "                                                                  (W::MODAL -)",
    "                                                                  (W::AUXNAME -)",
    "                                                                  (W::LEX W::IS)",
    "                                                                  (W::ORIG-LEX -)",
    "                                                                  (W::HEADCAT W::V)",
    "                                                                  (W::TRANSFORM -)",
    "                                                                  (W::SUBJ-MAP ONT::NEUTRAL)",
    "                                                                  (W::ADVBL-NEEDED -)",
    "                                                                  (W::PASSIVE -)",
    "                                                                  (W::PASSIVE-MAP -)",
    "                                                                  (W::TEMPLATE LXM::NEUTRAL-FORMAL-PRED-SUBJCONTROL-TEMPL)",
    "                                                                  (W::RESULT -)",
    "                                                                  (2 PRED1761167))",
    "constit-match failed on (% W::VP- (W::ADVBL-NEEDED -) (W::DOBJVAR V1761112)",
    "                           (W::SUBJVAR V1761083) (W::VFORM W::PRES) (W::TMA -)",
    "                           (W::CONSTRAINT (% & (W::LSUBJ V1761083)",
    "                                             (W::LOBJ V1761112) (W::LIOBJ -)",
    "                                             (W::LCOMP -)",
    "                                             (ONT::NEUTRAL V1761083)",
    "                                             (ONT::FORMAL V1761112) (- -)",
    "                                             (- -)))",
    "                           (W::CLASS (:* ONT::HAVE-PROPERTY W::BE))",
    "                           (W::VAR V1761095) (W::AGR W::|3S|) (W::NEG -)",
    "                           (W::SEM ?119:(F::SITUATION (F::TYPE ONT::HAVE-PROPERTY)",
    "                                         (F::KR-TYPE ((WN \"be%2:42:03::\" \"be%2:42:05::\")))",
    "                                         (F::TRAJECTORY -) (F::INTENTIONAL -)",
    "                                         (F::INFORMATION F::MENTAL-CONSTRUCT)",
    "                                         (F::CONTAINER -)",
    "                                         (F::ORIGIN F::ANY-ORIGIN)",
    "                                         (F::TANGIBLE +) (F::ASPECT F::STATIC)",
    "                                         (F::TIME-SPAN F::EXTENDED)",
    "                                         (F::CAUSE F::ANY-CAUSE)",
    "                                         (F::LOCATIVE -) (F::IOBJ -)))",
    "                           (W::IOBJ (% - (W::VAR -)))",
    "                           (W::DOBJ ?#:LOBJ399010:((% W::PRED (W::LF (% W::PROP (W::CLASS (:* ONT::BAD-FOR-HEALTH-VAL W::SICKENING))",
    "                                                                        (W::VAR V1761112)",
    "                                                                        (W::CONSTRAINT (% & (W::ORIENTATION -)",
    "                                                                                          (W::INTENSITY -)",
    "                                                                                          (ONT::FIGURE V1761083)",
    "                                                                                          (W::SCALE ONT::EVALUATION-SCALE)))",
    "                                                                        (W::TRANSFORM -)",
    "                                                                        (W::SEM ?2510:(F::ABSTR-OBJ (F::TYPE ONT::BAD-FOR-HEALTH-VAL)",
    "                                                                                       (F::KR-TYPE ((WN \"sickening%5:00:00:unwholesome:00\")))",
    "                                                                                       (F::INTENTIONAL -)",
    "                                                                                       (F::INFORMATION -)",
    "                                                                                       (F::CONTAINER -)",
    "                                                                                       (F::ORIGIN F::ANY-ORIGIN)",
    "                                                                                       (F::TANGIBLE -)",
    "                                                                                       (F::SCALE ONT::EVALUATION-SCALE)",
    "                                                                                       (F::MEASURE-FUNCTION -)",
    "                                                                                       (F::GRADABILITY -)",
    "                                                                                       (F::INTENSITY -)",
    "                                                                                       (F::ORIENTATION -)))",
    "                                                                        (W::PREMOD -)))",
    "                                                      (W::SORT -)",
    "                                                      (W::SUBJVAR -)",
    "                                                      (W::LEX W::SICKENING)",
    "                                                      (W::VAR V1761112)",
    "                                                      (W::AGR ?2405)",
    "                                                      (W::CASE -) (W::FILLED -)",
    "                                                      (W::ARGUMENT (% W::NP (W::GAP ?36)",
    "                                                                      (W::SEM ?896:(F::PHYS-OBJ (F::TYPE ONT::CHEMICAL)",
    "                                                                                    (F::KR-TYPE ((WN \"t%1:27:01::\" \"t%1:27:00::\")))",
    "                                                                                    (F::TRAJECTORY -)",
    "                                                                                    (F::INTENTIONAL -)",
    "                                                                                    (F::INFORMATION -)",
    "                                                                                    (F::CONTAINER -)",
    "                                                                                    (F::ORIGIN F::ANY-ORIGIN)",
    "                                                                                    (F::TANGIBLE +)",
    "                                                                                    (F::SCALE ?1623)",
    "                                                                                    (F::FORM F::SUBSTANCE)",
    "                                                                                    (F::MOBILITY F::NON-SELF-MOVING)",
    "                                                                                    (F::GROUP -)",
    "                                                                                    (F::SPATIAL-ABSTRACTION ?#:SAB398890:(F::SPATIAL-POINT",
    "                                                                                                                          F::SPATIAL-REGION))))",
    "                                                                      (W::LEX W::T)",
    "                                                                      (W::VAR V1761083)",
    "                                                                      (W::EXPLETIVE -)))",
    "                                                      (W::ARG V1761083)",
    "                                                      (W::GAP -)",
    "                                                      (W::SEM ?37:(F::ABSTR-OBJ (F::TYPE ?2623:(ONT::BAD-FOR-HEALTH-VAL",
    "                                                                                                ONT::BAD-FOR-HEALTH-VAL)))))))",
    "                           (W::COMP3 (% - (W::VAR -)))",
    "                           (W::PART (% - (W::VAR -))) (W::CONT -) (W::AUX -)",
    "                           (W::TENSE-PRO -) (W::GAP -)",
    "                           (W::SUBJ ?#:LSUBJ398999:((% W::NP (W::GAP -)",
    "                                                       (W::LF ?#:LSUBJLF398991)",
    "                                                       (W::SORT ?#:LSUBJSORT398992)",
    "                                                       (W::SUBJVAR ?#:LSUBJSUBJVAR398993)",
    "                                                       (W::AGR W::|3S|)",
    "                                                       (W::CASE ?83918:(W::SUB))",
    "                                                       (W::VAR V1761083)",
    "                                                       (W::SEM ?896:(F::PHYS-OBJ (F::TYPE ONT::CHEMICAL)",
    "                                                                     (F::KR-TYPE ((WN \"t%1:27:01::\" \"t%1:27:00::\")))",
    "                                                                     (F::TRAJECTORY -)",
    "                                                                     (F::INTENTIONAL -)",
    "                                                                     (F::INFORMATION -)",
    "                                                                     (F::CONTAINER -)",
    "                                                                     (F::ORIGIN F::ANY-ORIGIN)",
    "                                                                     (F::TANGIBLE +)",
    "                                                                     (F::SCALE ?1623)",
    "                                                                     (F::FORM F::SUBSTANCE)",
    "                                                                     (F::MOBILITY F::NON-SELF-MOVING)",
    "                                                                     (F::GROUP -)",
    "                                                                     (F::SPATIAL-ABSTRACTION ?#:SAB398890:(F::SPATIAL-POINT",
    "                                                                                                           F::SPATIAL-REGION))))",
    "                                                       (W::LEX W::T)",
    "                                                       (W::EXPLETIVE -))))",
    "                           (W::MODAL -) (W::AUXNAME -) (W::LEX W::IS)",
    "                           (W::ORIG-LEX -) (W::HEADCAT W::V) (W::TRANSFORM -)",
    "                           (W::SUBJ-MAP ONT::NEUTRAL)",
    "                           (W::TEMPLATE LXM::NEUTRAL-FORMAL-PRED-SUBJCONTROL-TEMPL)",
    "                           (W::COMPLEX -) (W::ELLIPSIS -)) and (% W::VP- (1 V1761103)",
    "                                                                  (W::VFORM W::PRES)",
    "                                                                  (W::POSTADVBL -)",
    "                                                                  (W::TMA -)",
    "                                                                  (W::CONSTRAINT (% & (W::LSUBJ ?2399)",
    "                                                                                    (W::LOBJ V1761112)",
    "                                                                                    (W::LIOBJ -)",
    "                                                                                    (W::LCOMP -)",
    "                                                                                    (ONT::NEUTRAL ?2399)",
    "                                                                                    (ONT::FORMAL V1761112)",
    "                                                                                    (- -)",
    "                                                                                    (- -)))",
    "                                                                  (W::BE-THERE -)",
    "                                                                  (W::GAP ?!2401)",
    "                                                                  (W::CLASS (:* ONT::HAVE-PROPERTY W::BE))",
    "                                                                  (W::VAR V1761095)",
    "                                                                  (W::DOBJVAR V1761112)",
    "                                                                  (W::SUBJVAR ?2399)",
    "                                                                  (W::SUBJ ?#:LSUBJ398999:((% W::NP (W::GAP -)",
    "                                                                                              (W::LF ?#:LSUBJLF398991)",
    "                                                                                              (W::SORT ?#:LSUBJSORT398992)",
    "                                                                                              (W::SUBJVAR ?#:LSUBJSUBJVAR398993)",
    "                                                                                              (W::AGR ?2403)",
    "                                                                                              (W::CASE ?#:LSUBJCASE398995)",
    "                                                                                              (W::VAR ?2399)",
    "                                                                                              (W::SEM ?2404)",
    "                                                                                              (W::LEX ?2402)",
    "                                                                                              (W::EXPLETIVE -))))",
    "                                                                  (W::AGR W::|3S|)",
    "                                                                  (W::NEG -)",
    "                                                                  (W::SEM ?119:(F::SITUATION (F::TYPE ONT::HAVE-PROPERTY)",
    "                                                                                (F::KR-TYPE ((WN \"be%2:42:03::\" \"be%2:42:05::\")))",
    "                                                                                (F::TRAJECTORY -)",
    "                                                                                (F::INTENTIONAL -)",
    "                                                                                (F::INFORMATION F::MENTAL-CONSTRUCT)",
    "                                                                                (F::CONTAINER -)",
    "                                                                                (F::ORIGIN F::ANY-ORIGIN)",
    "                                                                                (F::TANGIBLE +)",
    "                                                                                (F::ASPECT F::STATIC)",
    "                                                                                (F::TIME-SPAN F::EXTENDED)",
    "                                                                                (F::CAUSE F::ANY-CAUSE)",
    "                                                                                (F::LOCATIVE -)",
    "                                                                                (F::IOBJ -)))",
    "                                                                  (W::IOBJ (% - (W::VAR -)))",
    "                                                                  (W::DOBJ ?#:LOBJ399010:((% W::PRED (W::LF (% W::PROP (W::CLASS (:* ONT::BAD-FOR-HEALTH-VAL W::SICKENING))",
    "                                                                                                               (W::VAR V1761112)",
    "                                                                                                               (W::CONSTRAINT (% & (W::ORIENTATION -)",
    "                                                                                                                                 (W::INTENSITY -)",
    "                                                                                                                                 (ONT::FIGURE ?2399)",
    "                                                                                                                                 (W::SCALE ONT::EVALUATION-SCALE)))",
    "                                                                                                               (W::TRANSFORM -)",
    "                                                                                                               (W::SEM ?2510:(F::ABSTR-OBJ (F::TYPE ONT::BAD-FOR-HEALTH-VAL)",
    "                                                                                                                              (F::KR-TYPE ((WN \"sickening%5:00:00:unwholesome:00\")))",
    "                                                                                                                              (F::INTENTIONAL -)",
    "                                                                                                                              (F::INFORMATION -)",
    "                                                                                                                              (F::CONTAINER -)",
    "                                                                                                                              (F::ORIGIN F::ANY-ORIGIN)",
    "                                                                                                                              (F::TANGIBLE -)",
    "                                                                                                                              (F::SCALE ONT::EVALUATION-SCALE)",
    "                                                                                                                              (F::MEASURE-FUNCTION -)",
    "                                                                                                                              (F::GRADABILITY -)",
    "                                                                                                                              (F::INTENSITY -)",
    "                                                                                                                              (F::ORIENTATION -)))",
    "                                                                                                               (W::PREMOD -)))",
    "                                                                                             (W::SORT -)",
    "                                                                                             (W::SUBJVAR -)",
    "                                                                                             (W::LEX W::SICKENING)",
    "                                                                                             (W::VAR V1761112)",
    "                                                                                             (W::AGR ?2405)",
    "                                                                                             (W::CASE -)",
    "                                                                                             (W::FILLED -)",
    "                                                                                             (W::ARGUMENT (% W::NP (W::GAP ?36)",
    "                                                                                                             (W::SEM ?2404)",
    "                                                                                                             (W::LEX ?2402)",
    "                                                                                                             (W::VAR ?2399)",
    "                                                                                                             (W::EXPLETIVE -)))",
    "                                                                                             (W::ARG ?2399)",
    "                                                                                             (W::GAP ?!2401)",
    "                                                                                             (W::SEM ?37:(F::ABSTR-OBJ (F::TYPE ?2623:(ONT::BAD-FOR-HEALTH-VAL",
    "                                                                                                                                       ONT::BAD-FOR-HEALTH-VAL)))))))",
    "                                                                  (W::COMP3 (% - (W::VAR -)))",
    "                                                                  (W::PART (% - (W::VAR -)))",
    "                                                                  (W::CONT -)",
    "                                                                  (W::TENSE-PRO -)",
    "                                                                  (W::AUX -)",
    "                                                                  (W::MODAL -)",
    "                                                                  (W::AUXNAME -)",
    "                                                                  (W::LEX W::IS)",
    "                                                                  (W::ORIG-LEX -)",
    "                                                                  (W::HEADCAT W::V)",
    "                                                                  (W::TRANSFORM -)",
    "                                                                  (W::SUBJ-MAP ONT::NEUTRAL)",
    "                                                                  (W::ADVBL-NEEDED -)",
    "                                                                  (W::PASSIVE -)",
    "                                                                  (W::PASSIVE-MAP -)",
    "                                                                  (W::TEMPLATE LXM::NEUTRAL-FORMAL-PRED-SUBJCONTROL-TEMPL)",
    "                                                                  (W::RESULT -)",
    "                                                                  (2 PRED1761167))",
    "constit-match failed on (% W::VP- (W::ADVBL-NEEDED -) (W::DOBJVAR V1761112)",
    "                           (W::SUBJVAR V1761083) (W::VFORM W::PRES) (W::TMA -)",
    "                           (W::CONSTRAINT (% & (W::LSUBJ V1761083)",
    "                                             (W::LOBJ V1761112) (W::LIOBJ -)",
    "                                             (W::LCOMP -)",
    "                                             (ONT::NEUTRAL V1761083)",
    "                                             (ONT::FORMAL V1761112) (- -)",
    "                                             (- -)))",
    "                           (W::CLASS (:* ONT::HAVE-PROPERTY W::BE))",
    "                           (W::VAR V1761095) (W::AGR W::|3S|) (W::NEG -)",
    "                           (W::SEM ?119:(F::SITUATION (F::TYPE ONT::HAVE-PROPERTY)",
    "                                         (F::KR-TYPE ((WN \"be%2:42:03::\" \"be%2:42:05::\")))",
    "                                         (F::TRAJECTORY -) (F::INTENTIONAL -)",
    "                                         (F::INFORMATION F::MENTAL-CONSTRUCT)",
    "                                         (F::CONTAINER -)",
    "                                         (F::ORIGIN F::ANY-ORIGIN)",
    "                                         (F::TANGIBLE +) (F::ASPECT F::STATIC)",
    "                                         (F::TIME-SPAN F::EXTENDED)",
    "                                         (F::CAUSE F::ANY-CAUSE)",
    "                                         (F::LOCATIVE -) (F::IOBJ -)))",
    "                           (W::IOBJ (% - (W::VAR -)))",
    "                           (W::DOBJ ?#:LOBJ399010:((% W::PRED (W::LF (% W::PROP (W::CLASS (:* ONT::BAD-FOR-HEALTH-VAL W::SICKENING))",
    "                                                                        (W::VAR V1761112)",
    "                                                                        (W::CONSTRAINT (% & (W::ORIENTATION -)",
    "                                                                                          (W::INTENSITY -)",
    "                                                                                          (ONT::FIGURE V1761083)",
    "                                                                                          (W::SCALE ONT::EVALUATION-SCALE)))",
    "                                                                        (W::TRANSFORM -)",
    "                                                                        (W::SEM ?2510:(F::ABSTR-OBJ (F::TYPE ONT::BAD-FOR-HEALTH-VAL)",
    "                                                                                       (F::KR-TYPE ((WN \"sickening%5:00:00:unwholesome:00\")))",
    "                                                                                       (F::INTENTIONAL -)",
    "                                                                                       (F::INFORMATION -)",
    "                                                                                       (F::CONTAINER -)",
    "                                                                                       (F::ORIGIN F::ANY-ORIGIN)",
    "                                                                                       (F::TANGIBLE -)",
    "                                                                                       (F::SCALE ONT::EVALUATION-SCALE)",
    "                                                                                       (F::MEASURE-FUNCTION -)",
    "                                                                                       (F::GRADABILITY -)",
    "                                                                                       (F::INTENSITY -)",
    "                                                                                       (F::ORIENTATION -)))",
    "                                                                        (W::PREMOD -)))",
    "                                                      (W::SORT -)",
    "                                                      (W::SUBJVAR -)",
    "                                                      (W::LEX W::SICKENING)",
    "                                                      (W::VAR V1761112)",
    "                                                      (W::AGR ?2405)",
    "                                                      (W::CASE -) (W::FILLED -)",
    "                                                      (W::ARGUMENT (% W::NP (W::GAP ?36)",
    "                                                                      (W::SEM ?896:(F::PHYS-OBJ (F::TYPE ONT::CHEMICAL)",
    "                                                                                    (F::KR-TYPE ((WN \"t%1:27:01::\" \"t%1:27:00::\")))",
    "                                                                                    (F::TRAJECTORY -)",
    "                                                                                    (F::INTENTIONAL -)",
    "                                                                                    (F::INFORMATION -)",
    "                                                                                    (F::CONTAINER -)",
    "                                                                                    (F::ORIGIN F::ANY-ORIGIN)",
    "                                                                                    (F::TANGIBLE +)",
    "                                                                                    (F::SCALE ?1623)",
    "                                                                                    (F::FORM F::SUBSTANCE)",
    "                                                                                    (F::MOBILITY F::NON-SELF-MOVING)",
    "                                                                                    (F::GROUP -)",
    "                                                                                    (F::SPATIAL-ABSTRACTION ?#:SAB398890:(F::SPATIAL-POINT",
    "                                                                                                                          F::SPATIAL-REGION))))",
    "                                                                      (W::LEX W::T)",
    "                                                                      (W::VAR V1761083)",
    "                                                                      (W::EXPLETIVE -)))",
    "                                                      (W::ARG V1761083)",
    "                                                      (W::GAP -)",
    "                                                      (W::SEM ?37:(F::ABSTR-OBJ (F::TYPE ?2623:(ONT::BAD-FOR-HEALTH-VAL",
    "                                                                                                ONT::BAD-FOR-HEALTH-VAL)))))))",
    "                           (W::COMP3 (% - (W::VAR -)))",
    "                           (W::PART (% - (W::VAR -))) (W::CONT -) (W::AUX -)",
    "                           (W::TENSE-PRO -) (W::GAP -)",
    "                           (W::SUBJ ?#:LSUBJ398999:((% W::NP (W::GAP -)",
    "                                                       (W::LF ?#:LSUBJLF398991)",
    "                                                       (W::SORT ?#:LSUBJSORT398992)",
    "                                                       (W::SUBJVAR ?#:LSUBJSUBJVAR398993)",
    "                                                       (W::AGR W::|3S|)",
    "                                                       (W::CASE ?84025:(W::SUB))",
    "                                                       (W::VAR V1761083)",
    "                                                       (W::SEM ?896:(F::PHYS-OBJ (F::TYPE ONT::CHEMICAL)",
    "                                                                     (F::KR-TYPE ((WN \"t%1:27:01::\" \"t%1:27:00::\")))",
    "                                                                     (F::TRAJECTORY -)",
    "                                                                     (F::INTENTIONAL -)",
    "                                                                     (F::INFORMATION -)",
    "                                                                     (F::CONTAINER -)",
    "                                                                     (F::ORIGIN F::ANY-ORIGIN)",
    "                                                                     (F::TANGIBLE +)",
    "                                                                     (F::SCALE ?1623)",
    "                                                                     (F::FORM F::SUBSTANCE)",
    "                                                                     (F::MOBILITY F::NON-SELF-MOVING)",
    "                                                                     (F::GROUP -)",
    "                                                                     (F::SPATIAL-ABSTRACTION ?#:SAB398890:(F::SPATIAL-POINT",
    "                                                                                                           F::SPATIAL-REGION))))",
    "                                                       (W::LEX W::T)",
    "                                                       (W::EXPLETIVE -))))",
    "                           (W::MODAL -) (W::AUXNAME -) (W::LEX W::IS)",
    "                           (W::ORIG-LEX -) (W::HEADCAT W::V) (W::TRANSFORM -)",
    "                           (W::SUBJ-MAP ONT::NEUTRAL)",
    "                           (W::TEMPLATE LXM::NEUTRAL-FORMAL-PRED-SUBJCONTROL-TEMPL)",
    "                           (W::COMPLEX -) (W::ELLIPSIS -)) and (% W::VP- (1 V1761103)",
    "                                                                  (W::VFORM W::PRES)",
    "                                                                  (W::POSTADVBL -)",
    "                                                                  (W::TMA -)",
    "                                                                  (W::CONSTRAINT (% & (W::LSUBJ ?2399)",
    "                                                                                    (W::LOBJ V1761112)",
    "                                                                                    (W::LIOBJ -)",
    "                                                                                    (W::LCOMP -)",
    "                                                                                    (ONT::NEUTRAL ?2399)",
    "                                                                                    (ONT::FORMAL V1761112)",
    "                                                                                    (- -)",
    "                                                                                    (- -)))",
    "                                                                  (W::BE-THERE -)",
    "                                                                  (W::GAP ?!2401)",
    "                                                                  (W::CLASS (:* ONT::HAVE-PROPERTY W::BE))",
    "                                                                  (W::VAR V1761095)",
    "                                                                  (W::DOBJVAR V1761112)",
    "                                                                  (W::SUBJVAR ?2399)",
    "                                                                  (W::SUBJ ?#:LSUBJ398999:((% W::NP (W::GAP -)",
    "                                                                                              (W::LF ?#:LSUBJLF398991)",
    "                                                                                              (W::SORT ?#:LSUBJSORT398992)",
    "                                                                                              (W::SUBJVAR ?#:LSUBJSUBJVAR398993)",
    "                                                                                              (W::AGR ?2403)",
    "                                                                                              (W::CASE ?#:LSUBJCASE398995)",
    "                                                                                              (W::VAR ?2399)",
    "                                                                                              (W::SEM ?2404)",
    "                                                                                              (W::LEX ?2402)",
    "                                                                                              (W::EXPLETIVE -))))",
    "                                                                  (W::AGR W::|3S|)",
    "                                                                  (W::NEG -)",
    "                                                                  (W::SEM ?119:(F::SITUATION (F::TYPE ONT::HAVE-PROPERTY)",
    "                                                                                (F::KR-TYPE ((WN \"be%2:42:03::\" \"be%2:42:05::\")))",
    "                                                                                (F::TRAJECTORY -)",
    "                                                                                (F::INTENTIONAL -)",
    "                                                                                (F::INFORMATION F::MENTAL-CONSTRUCT)",
    "                                                                                (F::CONTAINER -)",
    "                                                                                (F::ORIGIN F::ANY-ORIGIN)",
    "                                                                                (F::TANGIBLE +)",
    "                                                                                (F::ASPECT F::STATIC)",
    "                                                                                (F::TIME-SPAN F::EXTENDED)",
    "                                                                                (F::CAUSE F::ANY-CAUSE)",
    "                                                                                (F::LOCATIVE -)",
    "                                                                                (F::IOBJ -)))",
    "                                                                  (W::IOBJ (% - (W::VAR -)))",
    "                                                                  (W::DOBJ ?#:LOBJ399010:((% W::PRED (W::LF (% W::PROP (W::CLASS (:* ONT::BAD-FOR-HEALTH-VAL W::SICKENING))",
    "                                                                                                               (W::VAR V1761112)",
    "                                                                                                               (W::CONSTRAINT (% & (W::ORIENTATION -)",
    "                                                                                                                                 (W::INTENSITY -)",
    "                                                                                                                                 (ONT::FIGURE ?2399)",
    "                                                                                                                                 (W::SCALE ONT::EVALUATION-SCALE)))",
    "                                                                                                               (W::TRANSFORM -)",
    "                                                                                                               (W::SEM ?2510:(F::ABSTR-OBJ (F::TYPE ONT::BAD-FOR-HEALTH-VAL)",
    "                                                                                                                              (F::KR-TYPE ((WN \"sickening%5:00:00:unwholesome:00\")))",
    "                                                                                                                              (F::INTENTIONAL -)",
    "                                                                                                                              (F::INFORMATION -)",
    "                                                                                                                              (F::CONTAINER -)",
    "                                                                                                                              (F::ORIGIN F::ANY-ORIGIN)",
    "                                                                                                                              (F::TANGIBLE -)",
    "                                                                                                                              (F::SCALE ONT::EVALUATION-SCALE)",
    "                                                                                                                              (F::MEASURE-FUNCTION -)",
    "                                                                                                                              (F::GRADABILITY -)",
    "                                                                                                                              (F::INTENSITY -)",
    "                                                                                                                              (F::ORIENTATION -)))",
    "                                                                                                               (W::PREMOD -)))",
    "                                                                                             (W::SORT -)",
    "                                                                                             (W::SUBJVAR -)",
    "                                                                                             (W::LEX W::SICKENING)",
    "                                                                                             (W::VAR V1761112)",
    "                                                                                             (W::AGR ?2405)",
    "                                                                                             (W::CASE -)",
    "                                                                                             (W::FILLED -)",
    "                                                                                             (W::ARGUMENT (% W::NP (W::GAP ?36)",
    "                                                                                                             (W::SEM ?2404)",
    "                                                                                                             (W::LEX ?2402)",
    "                                                                                                             (W::VAR ?2399)",
    "                                                                                                             (W::EXPLETIVE -)))",
    "                                                                                             (W::ARG ?2399)",
    "                                                                                             (W::GAP ?!2401)",
    "                                                                                             (W::SEM ?37:(F::ABSTR-OBJ (F::TYPE ?2623:(ONT::BAD-FOR-HEALTH-VAL",
    "                                                                                                                                       ONT::BAD-FOR-HEALTH-VAL)))))))",
    "                                                                  (W::COMP3 (% - (W::VAR -)))",
    "                                                                  (W::PART (% - (W::VAR -)))",
    "                                                                  (W::CONT -)",
    "                                                                  (W::TENSE-PRO -)",
    "                                                                  (W::AUX -)",
    "                                                                  (W::MODAL -)",
    "                                                                  (W::AUXNAME -)",
    "                                                                  (W::LEX W::IS)",
    "                                                                  (W::ORIG-LEX -)",
    "                                                                  (W::HEADCAT W::V)",
    "                                                                  (W::TRANSFORM -)",
    "                                                                  (W::SUBJ-MAP ONT::NEUTRAL)",
    "                                                                  (W::ADVBL-NEEDED -)",
    "                                                                  (W::PASSIVE -)",
    "                                                                  (W::PASSIVE-MAP -)",
    "                                                                  (W::TEMPLATE LXM::NEUTRAL-FORMAL-PRED-SUBJCONTROL-TEMPL)",
    "                                                                  (W::RESULT -)",
    "                                                                  (2 PRED1761167))",
    "*last-utt-id*=NIL  utt-id+297",
    "*last-utt-id*=297  utt-id+NIL"
  ]
}
