{
  "parse": [
    {
      "V2103429": {
        "id": "V2103429",
        "indicator": "SA-SEQ",
        "type": "SPEECH-ACT",
        "word": null,
        "roles": {
          "PUNCTYPE": "DECL",
          "ACT": "#V2103412",
          "ACT1": "#V2103239",
          "LEX": "NO"
        },
        "start": 0,
        "end": 14
      },
      "V2103412": {
        "id": "V2103412",
        "indicator": "SPEECHACT",
        "type": "SA_PRED-FRAGMENT",
        "word": null,
        "roles": {
          "CONTENT": "#V2103151",
          "LEX": "REPEATED"
        },
        "start": 0,
        "end": 11
      },
      "V2103151": {
        "id": "V2103151",
        "indicator": "F",
        "type": "REPEAT",
        "word": "REPEAT",
        "roles": {
          "AGENT": "#V2103136",
          "FORMAL": "#V2103413",
          "LEX": "REPEATED",
          "WNSENSE": "repeat%2:32:00::"
        },
        "start": 0,
        "end": 11
      },
      "V2103413": {
        "id": "V2103413",
        "indicator": "IMPRO",
        "type": "ANY-SEM",
        "word": null,
        "roles": {
          "CONTEXT-REL": "UTT-FRAG"
        },
        "start": 0,
        "end": 11
      },
      "V2103136": {
        "id": "V2103136",
        "indicator": "KIND",
        "type": "LETTER-SYMBOL",
        "word": null,
        "roles": {
          "NAME-OF": "I",
          "WNSENSE": "i%1:10:00::"
        },
        "start": 0,
        "end": 11
      },
      "V2103239": {
        "id": "V2103239",
        "indicator": "SPEECHACT",
        "type": "SA_RESPONSE",
        "word": null,
        "roles": {
          "CONTENT": "NEG",
          "LEX": "NO"
        },
        "start": 11,
        "end": 14
      },
      "root": "#V2103429"
    }
  ],
  "inputtags": [],
  "debug": [
    "*last-utt-id*=NIL  utt-id+386",
    "*last-utt-id*=386  utt-id+386",
    "*last-utt-id*=386  utt-id+NIL"
  ]
}
