{
  "parse": [
    {
      "V2290968": {
        "id": "V2290968",
        "indicator": "SPEECHACT",
        "type": "SA_TELL",
        "word": null,
        "roles": {
          "CONTENT": "#V2287852",
          "LEX": "BELIEVE"
        },
        "start": 0,
        "end": 39
      },
      "V2287852": {
        "id": "V2287852",
        "indicator": "F",
        "type": "BELIEVE",
        "word": "BELIEVE",
        "roles": {
          "EXPERIENCER": "#V2287838",
          "FORMAL": "#V2287878",
          "TENSE": "PRES",
          "LEX": "BELIEVE",
          "WNSENSE": "believe%2:31:04::"
        },
        "start": 0,
        "end": 39
      },
      "V2287838": {
        "id": "V2287838",
        "indicator": "PRO",
        "type": "PERSON",
        "word": "I",
        "roles": {
          "PROFORM": "I",
          "LEX": "I",
          "WNSENSE": "person%1:03:00",
          "COREF": "USER"
        },
        "start": 0,
        "end": 2
      },
      "V2287878": {
        "id": "V2287878",
        "indicator": "F",
        "type": "OCCURRING",
        "word": "HAPPEN",
        "roles": {
          "NEUTRAL": "#V2287864",
          "AFFECTED": "#V2287918",
          "QUALIFICATION": "#V2287870",
          "PROP": "+",
          "TENSE": "PRES",
          "LEX": "HAPPENS",
          "WNSENSE": "happen%2:30:00::"
        },
        "start": 10,
        "end": 39
      },
      "V2287864": {
        "id": "V2287864",
        "indicator": "PRO",
        "type": "REFERENTIAL-SEM",
        "word": "IT",
        "roles": {
          "PROFORM": "IT",
          "LEX": "IT",
          "WNSENSE": "entity%1:03:00"
        },
        "start": 10,
        "end": 13
      },
      "V2287870": {
        "id": "V2287870",
        "indicator": "F",
        "type": "QUALIFICATION",
        "word": "BASICALLY",
        "roles": {
          "FIGURE": "#V2287878",
          "LEX": "BASICALLY",
          "WNSENSE": "basically%4:02:00::"
        },
        "start": 13,
        "end": 23
      },
      "V2287918": {
        "id": "V2287918",
        "indicator": "BARE",
        "type": "REFERENTIAL-SEM",
        "word": "\u2019",
        "roles": {
          "ASSOC-WITH": "#V2287913",
          "LEX": "\u2019",
          "WNSENSE": "entity%1:03:00"
        },
        "start": 31,
        "end": 39
      },
      "V2287913": {
        "id": "V2287913",
        "indicator": "KIND",
        "type": "REFERENTIAL-SEM",
        "word": "FB",
        "roles": {
          "LEX": "FB",
          "WNSENSE": "entity%1:03:00"
        },
        "start": 31,
        "end": 39
      },
      "root": "#V2290968"
    },
    {
      "V2292671": {
        "id": "V2292671",
        "indicator": "SPEECHACT",
        "type": "SA_IDENTIFY",
        "word": null,
        "roles": {
          "CONTENT": "#V2287960",
          "LEX": "WILLIAMS"
        },
        "start": 39,
        "end": 55
      },
      "V2287960": {
        "id": "V2287960",
        "indicator": "INDEF-SET",
        "type": "REFERENTIAL-SEM",
        "word": "WILLIAMS",
        "roles": {
          "ASSOC-WITH2": "#V2287922",
          "ASSOC-WITH1": "#V2287938",
          "ASSOC-WITH": "#V2287948",
          "LEX": "WILLIAMS",
          "WNSENSE": "entity%1:03:00"
        },
        "start": 39,
        "end": 55
      },
      "V2287948": {
        "id": "V2287948",
        "indicator": "KIND",
        "type": "RELATION",
        "word": "NE",
        "roles": {
          "LEX": "NE",
          "WNSENSE": "ne%1:24:00::"
        },
        "start": 39,
        "end": 55
      },
      "V2287938": {
        "id": "V2287938",
        "indicator": "KIND",
        "type": "REFERENTIAL-SEM",
        "word": "MAXI-",
        "roles": {
          "LEX": "MAXI-",
          "WNSENSE": "entity%1:03:00"
        },
        "start": 39,
        "end": 55
      },
      "V2287922": {
        "id": "V2287922",
        "indicator": "KIND",
        "type": "TIME-UNIT",
        "word": "SECOND",
        "roles": {
          "LEX": "S",
          "WNSENSE": "time_unit%1:28:00"
        },
        "start": 39,
        "end": 55
      },
      "root": "#V2292671"
    },
    {
      "V2290968": {
        "id": "V2290968",
        "indicator": "SPEECHACT",
        "type": "SA_TELL",
        "word": null,
        "roles": {
          "CONTENT": "#V2287852",
          "LEX": "BELIEVE"
        },
        "start": 0,
        "end": 39
      },
      "V2287852": {
        "id": "V2287852",
        "indicator": "F",
        "type": "BELIEVE",
        "word": "BELIEVE",
        "roles": {
          "EXPERIENCER": "#V2287838",
          "FORMAL": "#V2287878",
          "TENSE": "PRES",
          "LEX": "BELIEVE",
          "WNSENSE": "believe%2:31:04::"
        },
        "start": 0,
        "end": 39
      },
      "V2287838": {
        "id": "V2287838",
        "indicator": "PRO",
        "type": "PERSON",
        "word": "I",
        "roles": {
          "PROFORM": "I",
          "LEX": "I",
          "WNSENSE": "person%1:03:00"
        },
        "start": 0,
        "end": 2
      },
      "V2287878": {
        "id": "V2287878",
        "indicator": "F",
        "type": "OCCURRING",
        "word": "HAPPEN",
        "roles": {
          "NEUTRAL": "#V2287864",
          "AFFECTED": "#V2287918",
          "QUALIFICATION": "#V2287870",
          "PROP": "+",
          "TENSE": "PRES",
          "LEX": "HAPPENS",
          "WNSENSE": "happen%2:30:00::"
        },
        "start": 10,
        "end": 39
      },
      "V2287864": {
        "id": "V2287864",
        "indicator": "PRO",
        "type": "REFERENTIAL-SEM",
        "word": "IT",
        "roles": {
          "PROFORM": "IT",
          "LEX": "IT",
          "WNSENSE": "entity%1:03:00"
        },
        "start": 10,
        "end": 13
      },
      "V2287870": {
        "id": "V2287870",
        "indicator": "F",
        "type": "QUALIFICATION",
        "word": "BASICALLY",
        "roles": {
          "FIGURE": "#V2287878",
          "LEX": "BASICALLY",
          "WNSENSE": "basically%4:02:00::"
        },
        "start": 13,
        "end": 23
      },
      "V2287918": {
        "id": "V2287918",
        "indicator": "BARE",
        "type": "REFERENTIAL-SEM",
        "word": "\u2019",
        "roles": {
          "ASSOC-WITH": "#V2287913",
          "LEX": "\u2019",
          "WNSENSE": "entity%1:03:00"
        },
        "start": 31,
        "end": 39
      },
      "V2287913": {
        "id": "V2287913",
        "indicator": "KIND",
        "type": "REFERENTIAL-SEM",
        "word": "FB",
        "roles": {
          "LEX": "FB",
          "WNSENSE": "entity%1:03:00"
        },
        "start": 31,
        "end": 39
      },
      "root": "#V2290968"
    },
    {
      "V2292669": {
        "id": "V2292669",
        "indicator": "SPEECHACT",
        "type": "SA_IDENTIFY",
        "word": null,
        "roles": {
          "CONTENT": "#V2287960",
          "LEX": "WILLIAMS"
        },
        "start": 39,
        "end": 56
      },
      "V2287960": {
        "id": "V2287960",
        "indicator": "INDEF-SET",
        "type": "REFERENTIAL-SEM",
        "word": "WILLIAMS",
        "roles": {
          "ASSOC-WITH2": "#V2287923",
          "ASSOC-WITH1": "#V2287938",
          "ASSOC-WITH": "#V2287948",
          "LEX": "WILLIAMS",
          "WNSENSE": "entity%1:03:00"
        },
        "start": 39,
        "end": 56
      },
      "V2287948": {
        "id": "V2287948",
        "indicator": "KIND",
        "type": "RELATION",
        "word": "NE",
        "roles": {
          "LEX": "NE",
          "WNSENSE": "ne%1:24:00::"
        },
        "start": 39,
        "end": 56
      },
      "V2287938": {
        "id": "V2287938",
        "indicator": "KIND",
        "type": "REFERENTIAL-SEM",
        "word": "MAXI-",
        "roles": {
          "LEX": "MAXI-",
          "WNSENSE": "entity%1:03:00"
        },
        "start": 39,
        "end": 56
      },
      "V2287923": {
        "id": "V2287923",
        "indicator": "KIND",
        "type": "TIME-UNIT",
        "word": "SECOND",
        "roles": {
          "LEX": "S",
          "WNSENSE": "time_unit%1:28:00"
        },
        "start": 39,
        "end": 56
      },
      "root": "#V2292669"
    },
    {
      "V2290968": {
        "id": "V2290968",
        "indicator": "SPEECHACT",
        "type": "SA_TELL",
        "word": null,
        "roles": {
          "CONTENT": "#V2287852",
          "LEX": "BELIEVE"
        },
        "start": 0,
        "end": 39
      },
      "V2287852": {
        "id": "V2287852",
        "indicator": "F",
        "type": "BELIEVE",
        "word": "BELIEVE",
        "roles": {
          "EXPERIENCER": "#V2287838",
          "FORMAL": "#V2287878",
          "TENSE": "PRES",
          "LEX": "BELIEVE",
          "WNSENSE": "believe%2:31:04::"
        },
        "start": 0,
        "end": 39
      },
      "V2287838": {
        "id": "V2287838",
        "indicator": "PRO",
        "type": "PERSON",
        "word": "I",
        "roles": {
          "PROFORM": "I",
          "LEX": "I",
          "WNSENSE": "person%1:03:00"
        },
        "start": 0,
        "end": 2
      },
      "V2287878": {
        "id": "V2287878",
        "indicator": "F",
        "type": "OCCURRING",
        "word": "HAPPEN",
        "roles": {
          "NEUTRAL": "#V2287864",
          "AFFECTED": "#V2287918",
          "QUALIFICATION": "#V2287870",
          "PROP": "+",
          "TENSE": "PRES",
          "LEX": "HAPPENS",
          "WNSENSE": "happen%2:30:00::"
        },
        "start": 10,
        "end": 39
      },
      "V2287864": {
        "id": "V2287864",
        "indicator": "PRO",
        "type": "REFERENTIAL-SEM",
        "word": "IT",
        "roles": {
          "PROFORM": "IT",
          "LEX": "IT",
          "WNSENSE": "entity%1:03:00"
        },
        "start": 10,
        "end": 13
      },
      "V2287870": {
        "id": "V2287870",
        "indicator": "F",
        "type": "QUALIFICATION",
        "word": "BASICALLY",
        "roles": {
          "FIGURE": "#V2287878",
          "LEX": "BASICALLY",
          "WNSENSE": "basically%4:02:00::"
        },
        "start": 13,
        "end": 23
      },
      "V2287918": {
        "id": "V2287918",
        "indicator": "BARE",
        "type": "REFERENTIAL-SEM",
        "word": "\u2019",
        "roles": {
          "ASSOC-WITH": "#V2287913",
          "LEX": "\u2019",
          "WNSENSE": "entity%1:03:00"
        },
        "start": 31,
        "end": 39
      },
      "V2287913": {
        "id": "V2287913",
        "indicator": "KIND",
        "type": "REFERENTIAL-SEM",
        "word": "FB",
        "roles": {
          "LEX": "FB",
          "WNSENSE": "entity%1:03:00"
        },
        "start": 31,
        "end": 39
      },
      "root": "#V2290968"
    },
    {
      "V2292860": {
        "id": "V2292860",
        "indicator": "SPEECHACT",
        "type": "SA_IDENTIFY",
        "word": null,
        "roles": {
          "CONTENT": "#V2287960",
          "LEX": "WILLIAMS"
        },
        "start": 39,
        "end": 56
      },
      "V2287960": {
        "id": "V2287960",
        "indicator": "INDEF-SET",
        "type": "REFERENTIAL-SEM",
        "word": "WILLIAMS",
        "roles": {
          "ASSOC-WITH2": "#V2287922",
          "ASSOC-WITH1": "#V2287938",
          "ASSOC-WITH": "#V2287945",
          "LEX": "WILLIAMS",
          "WNSENSE": "entity%1:03:00"
        },
        "start": 39,
        "end": 56
      },
      "V2287945": {
        "id": "V2287945",
        "indicator": "KIND",
        "type": "GAS-SUBSTANCE",
        "word": "NE",
        "roles": {
          "LEX": "NE",
          "WNSENSE": "ne%1:27:00::"
        },
        "start": 39,
        "end": 56
      },
      "V2287938": {
        "id": "V2287938",
        "indicator": "KIND",
        "type": "REFERENTIAL-SEM",
        "word": "MAXI-",
        "roles": {
          "LEX": "MAXI-",
          "WNSENSE": "entity%1:03:00"
        },
        "start": 39,
        "end": 56
      },
      "V2287922": {
        "id": "V2287922",
        "indicator": "KIND",
        "type": "TIME-UNIT",
        "word": "SECOND",
        "roles": {
          "LEX": "S",
          "WNSENSE": "time_unit%1:28:00"
        },
        "start": 39,
        "end": 56
      },
      "root": "#V2292860"
    },
    {
      "V2290968": {
        "id": "V2290968",
        "indicator": "SPEECHACT",
        "type": "SA_TELL",
        "word": null,
        "roles": {
          "CONTENT": "#V2287852",
          "LEX": "BELIEVE"
        },
        "start": 0,
        "end": 39
      },
      "V2287852": {
        "id": "V2287852",
        "indicator": "F",
        "type": "BELIEVE",
        "word": "BELIEVE",
        "roles": {
          "EXPERIENCER": "#V2287838",
          "FORMAL": "#V2287878",
          "TENSE": "PRES",
          "LEX": "BELIEVE",
          "WNSENSE": "believe%2:31:04::"
        },
        "start": 0,
        "end": 39
      },
      "V2287838": {
        "id": "V2287838",
        "indicator": "PRO",
        "type": "PERSON",
        "word": "I",
        "roles": {
          "PROFORM": "I",
          "LEX": "I",
          "WNSENSE": "person%1:03:00"
        },
        "start": 0,
        "end": 2
      },
      "V2287878": {
        "id": "V2287878",
        "indicator": "F",
        "type": "OCCURRING",
        "word": "HAPPEN",
        "roles": {
          "NEUTRAL": "#V2287864",
          "AFFECTED": "#V2287918",
          "QUALIFICATION": "#V2287870",
          "PROP": "+",
          "TENSE": "PRES",
          "LEX": "HAPPENS",
          "WNSENSE": "happen%2:30:00::"
        },
        "start": 10,
        "end": 39
      },
      "V2287864": {
        "id": "V2287864",
        "indicator": "PRO",
        "type": "REFERENTIAL-SEM",
        "word": "IT",
        "roles": {
          "PROFORM": "IT",
          "LEX": "IT",
          "WNSENSE": "entity%1:03:00"
        },
        "start": 10,
        "end": 13
      },
      "V2287870": {
        "id": "V2287870",
        "indicator": "F",
        "type": "QUALIFICATION",
        "word": "BASICALLY",
        "roles": {
          "FIGURE": "#V2287878",
          "LEX": "BASICALLY",
          "WNSENSE": "basically%4:02:00::"
        },
        "start": 13,
        "end": 23
      },
      "V2287918": {
        "id": "V2287918",
        "indicator": "BARE",
        "type": "REFERENTIAL-SEM",
        "word": "\u2019",
        "roles": {
          "ASSOC-WITH": "#V2287913",
          "LEX": "\u2019",
          "WNSENSE": "entity%1:03:00"
        },
        "start": 31,
        "end": 39
      },
      "V2287913": {
        "id": "V2287913",
        "indicator": "KIND",
        "type": "REFERENTIAL-SEM",
        "word": "FB",
        "roles": {
          "LEX": "FB",
          "WNSENSE": "entity%1:03:00"
        },
        "start": 31,
        "end": 39
      },
      "root": "#V2290968"
    },
    {
      "V2292858": {
        "id": "V2292858",
        "indicator": "SPEECHACT",
        "type": "SA_IDENTIFY",
        "word": null,
        "roles": {
          "CONTENT": "#V2287960",
          "LEX": "WILLIAMS"
        },
        "start": 39,
        "end": 56
      },
      "V2287960": {
        "id": "V2287960",
        "indicator": "INDEF-SET",
        "type": "REFERENTIAL-SEM",
        "word": "WILLIAMS",
        "roles": {
          "ASSOC-WITH2": "#V2287923",
          "ASSOC-WITH1": "#V2287938",
          "ASSOC-WITH": "#V2287945",
          "LEX": "WILLIAMS",
          "WNSENSE": "entity%1:03:00"
        },
        "start": 39,
        "end": 56
      },
      "V2287945": {
        "id": "V2287945",
        "indicator": "KIND",
        "type": "GAS-SUBSTANCE",
        "word": "NE",
        "roles": {
          "LEX": "NE",
          "WNSENSE": "ne%1:27:00::"
        },
        "start": 39,
        "end": 56
      },
      "V2287938": {
        "id": "V2287938",
        "indicator": "KIND",
        "type": "REFERENTIAL-SEM",
        "word": "MAXI-",
        "roles": {
          "LEX": "MAXI-",
          "WNSENSE": "entity%1:03:00"
        },
        "start": 39,
        "end": 56
      },
      "V2287923": {
        "id": "V2287923",
        "indicator": "KIND",
        "type": "TIME-UNIT",
        "word": "SECOND",
        "roles": {
          "LEX": "S",
          "WNSENSE": "time_unit%1:28:00"
        },
        "start": 39,
        "end": 56
      },
      "root": "#V2292858"
    },
    {
      "V2291285": {
        "id": "V2291285",
        "indicator": "SPEECHACT",
        "type": "SA_TELL",
        "word": null,
        "roles": {
          "CONTENT": "#V2287852",
          "LEX": "BELIEVE"
        },
        "start": 0,
        "end": 39
      },
      "V2287852": {
        "id": "V2287852",
        "indicator": "F",
        "type": "BELIEVE",
        "word": "BELIEVE",
        "roles": {
          "EXPERIENCER": "#V2287838",
          "FORMAL": "#V2287878",
          "TENSE": "PRES",
          "LEX": "BELIEVE",
          "WNSENSE": "believe%2:31:04::"
        },
        "start": 0,
        "end": 39
      },
      "V2287838": {
        "id": "V2287838",
        "indicator": "PRO",
        "type": "PERSON",
        "word": "I",
        "roles": {
          "PROFORM": "I",
          "LEX": "I",
          "WNSENSE": "person%1:03:00"
        },
        "start": 0,
        "end": 2
      },
      "V2287878": {
        "id": "V2287878",
        "indicator": "F",
        "type": "OCCURRING",
        "word": "HAPPEN",
        "roles": {
          "NEUTRAL": "#V2287864",
          "AFFECTED": "#V2287918",
          "QUALIFICATION": "#V2287870",
          "PROP": "+",
          "TENSE": "PRES",
          "LEX": "HAPPENS",
          "WNSENSE": "happen%2:30:00::"
        },
        "start": 10,
        "end": 39
      },
      "V2287864": {
        "id": "V2287864",
        "indicator": "PRO",
        "type": "REFERENTIAL-SEM",
        "word": "IT",
        "roles": {
          "PROFORM": "IT",
          "LEX": "IT",
          "WNSENSE": "entity%1:03:00"
        },
        "start": 10,
        "end": 13
      },
      "V2287870": {
        "id": "V2287870",
        "indicator": "F",
        "type": "QUALIFICATION",
        "word": "BASICALLY",
        "roles": {
          "FIGURE": "#V2287878",
          "LEX": "BASICALLY",
          "WNSENSE": "basically%4:02:00::"
        },
        "start": 13,
        "end": 23
      },
      "V2287918": {
        "id": "V2287918",
        "indicator": "BARE",
        "type": "REFERENTIAL-SEM",
        "word": "\u2019",
        "roles": {
          "ASSOC-WITH": "#V2287913",
          "LEX": "\u2019",
          "WNSENSE": "entity%1:03:00"
        },
        "start": 31,
        "end": 39
      },
      "V2287913": {
        "id": "V2287913",
        "indicator": "KIND",
        "type": "REFERENTIAL-SEM",
        "word": "FB",
        "roles": {
          "LEX": "FB",
          "WNSENSE": "entity%1:03:00"
        },
        "start": 31,
        "end": 39
      },
      "root": "#V2291285"
    },
    {
      "V2292671": {
        "id": "V2292671",
        "indicator": "SPEECHACT",
        "type": "SA_IDENTIFY",
        "word": null,
        "roles": {
          "CONTENT": "#V2287960",
          "LEX": "WILLIAMS"
        },
        "start": 39,
        "end": 56
      },
      "V2287960": {
        "id": "V2287960",
        "indicator": "INDEF-SET",
        "type": "REFERENTIAL-SEM",
        "word": "WILLIAMS",
        "roles": {
          "ASSOC-WITH2": "#V2287922",
          "ASSOC-WITH1": "#V2287938",
          "ASSOC-WITH": "#V2287948",
          "LEX": "WILLIAMS",
          "WNSENSE": "entity%1:03:00"
        },
        "start": 39,
        "end": 56
      },
      "V2287948": {
        "id": "V2287948",
        "indicator": "KIND",
        "type": "RELATION",
        "word": "NE",
        "roles": {
          "LEX": "NE",
          "WNSENSE": "ne%1:24:00::"
        },
        "start": 39,
        "end": 56
      },
      "V2287938": {
        "id": "V2287938",
        "indicator": "KIND",
        "type": "REFERENTIAL-SEM",
        "word": "MAXI-",
        "roles": {
          "LEX": "MAXI-",
          "WNSENSE": "entity%1:03:00"
        },
        "start": 39,
        "end": 56
      },
      "V2287922": {
        "id": "V2287922",
        "indicator": "KIND",
        "type": "TIME-UNIT",
        "word": "SECOND",
        "roles": {
          "LEX": "S",
          "WNSENSE": "time_unit%1:28:00"
        },
        "start": 39,
        "end": 56
      },
      "root": "#V2292671"
    },
    {
      "V2291285": {
        "id": "V2291285",
        "indicator": "SPEECHACT",
        "type": "SA_TELL",
        "word": null,
        "roles": {
          "CONTENT": "#V2287852",
          "LEX": "BELIEVE"
        },
        "start": 0,
        "end": 39
      },
      "V2287852": {
        "id": "V2287852",
        "indicator": "F",
        "type": "BELIEVE",
        "word": "BELIEVE",
        "roles": {
          "EXPERIENCER": "#V2287838",
          "FORMAL": "#V2287878",
          "TENSE": "PRES",
          "LEX": "BELIEVE",
          "WNSENSE": "believe%2:31:04::"
        },
        "start": 0,
        "end": 39
      },
      "V2287838": {
        "id": "V2287838",
        "indicator": "PRO",
        "type": "PERSON",
        "word": "I",
        "roles": {
          "PROFORM": "I",
          "LEX": "I",
          "WNSENSE": "person%1:03:00"
        },
        "start": 0,
        "end": 2
      },
      "V2287878": {
        "id": "V2287878",
        "indicator": "F",
        "type": "OCCURRING",
        "word": "HAPPEN",
        "roles": {
          "NEUTRAL": "#V2287864",
          "AFFECTED": "#V2287918",
          "QUALIFICATION": "#V2287870",
          "PROP": "+",
          "TENSE": "PRES",
          "LEX": "HAPPENS",
          "WNSENSE": "happen%2:30:00::"
        },
        "start": 10,
        "end": 39
      },
      "V2287864": {
        "id": "V2287864",
        "indicator": "PRO",
        "type": "REFERENTIAL-SEM",
        "word": "IT",
        "roles": {
          "PROFORM": "IT",
          "LEX": "IT",
          "WNSENSE": "entity%1:03:00"
        },
        "start": 10,
        "end": 13
      },
      "V2287870": {
        "id": "V2287870",
        "indicator": "F",
        "type": "QUALIFICATION",
        "word": "BASICALLY",
        "roles": {
          "FIGURE": "#V2287878",
          "LEX": "BASICALLY",
          "WNSENSE": "basically%4:02:00::"
        },
        "start": 13,
        "end": 23
      },
      "V2287918": {
        "id": "V2287918",
        "indicator": "BARE",
        "type": "REFERENTIAL-SEM",
        "word": "\u2019",
        "roles": {
          "ASSOC-WITH": "#V2287913",
          "LEX": "\u2019",
          "WNSENSE": "entity%1:03:00"
        },
        "start": 31,
        "end": 39
      },
      "V2287913": {
        "id": "V2287913",
        "indicator": "KIND",
        "type": "REFERENTIAL-SEM",
        "word": "FB",
        "roles": {
          "LEX": "FB",
          "WNSENSE": "entity%1:03:00"
        },
        "start": 31,
        "end": 39
      },
      "root": "#V2291285"
    },
    {
      "V2292669": {
        "id": "V2292669",
        "indicator": "SPEECHACT",
        "type": "SA_IDENTIFY",
        "word": null,
        "roles": {
          "CONTENT": "#V2287960",
          "LEX": "WILLIAMS"
        },
        "start": 39,
        "end": 56
      },
      "V2287960": {
        "id": "V2287960",
        "indicator": "INDEF-SET",
        "type": "REFERENTIAL-SEM",
        "word": "WILLIAMS",
        "roles": {
          "ASSOC-WITH2": "#V2287923",
          "ASSOC-WITH1": "#V2287938",
          "ASSOC-WITH": "#V2287948",
          "LEX": "WILLIAMS",
          "WNSENSE": "entity%1:03:00"
        },
        "start": 39,
        "end": 56
      },
      "V2287948": {
        "id": "V2287948",
        "indicator": "KIND",
        "type": "RELATION",
        "word": "NE",
        "roles": {
          "LEX": "NE",
          "WNSENSE": "ne%1:24:00::"
        },
        "start": 39,
        "end": 56
      },
      "V2287938": {
        "id": "V2287938",
        "indicator": "KIND",
        "type": "REFERENTIAL-SEM",
        "word": "MAXI-",
        "roles": {
          "LEX": "MAXI-",
          "WNSENSE": "entity%1:03:00"
        },
        "start": 39,
        "end": 56
      },
      "V2287923": {
        "id": "V2287923",
        "indicator": "KIND",
        "type": "TIME-UNIT",
        "word": "SECOND",
        "roles": {
          "LEX": "S",
          "WNSENSE": "time_unit%1:28:00"
        },
        "start": 39,
        "end": 56
      },
      "root": "#V2292669"
    },
    {
      "V2290994": {
        "id": "V2290994",
        "indicator": "SPEECHACT",
        "type": "SA_TELL",
        "word": null,
        "roles": {
          "CONTENT": "#V2287852",
          "LEX": "BELIEVE"
        },
        "start": 0,
        "end": 39
      },
      "V2287852": {
        "id": "V2287852",
        "indicator": "F",
        "type": "BELIEVE",
        "word": "BELIEVE",
        "roles": {
          "EXPERIENCER": "#V2287838",
          "FORMAL": "#V2287878",
          "TENSE": "PRES",
          "LEX": "BELIEVE",
          "WNSENSE": "believe%2:31:04::"
        },
        "start": 0,
        "end": 39
      },
      "V2287838": {
        "id": "V2287838",
        "indicator": "PRO",
        "type": "PERSON",
        "word": "I",
        "roles": {
          "PROFORM": "I",
          "LEX": "I",
          "WNSENSE": "person%1:03:00"
        },
        "start": 0,
        "end": 2
      },
      "V2287878": {
        "id": "V2287878",
        "indicator": "F",
        "type": "OCCURRING",
        "word": "HAPPEN",
        "roles": {
          "NEUTRAL": "#V2287864",
          "AFFECTED": "#V2287918",
          "MOD": "#V2287871",
          "PROP": "+",
          "TENSE": "PRES",
          "LEX": "HAPPENS",
          "WNSENSE": "happen%2:30:00::"
        },
        "start": 10,
        "end": 39
      },
      "V2287864": {
        "id": "V2287864",
        "indicator": "PRO",
        "type": "REFERENTIAL-SEM",
        "word": "IT",
        "roles": {
          "PROFORM": "IT",
          "LEX": "IT",
          "WNSENSE": "entity%1:03:00"
        },
        "start": 10,
        "end": 13
      },
      "V2287871": {
        "id": "V2287871",
        "indicator": "F",
        "type": "BASIC-VAL",
        "word": "BASICLY",
        "roles": {
          "FIGURE": "#V2287878",
          "SCALE": "BASIC-SCALE",
          "LEX": "BASICLY",
          "WNSENSE": "underived%3:00:00::"
        },
        "start": 13,
        "end": 23
      },
      "V2287918": {
        "id": "V2287918",
        "indicator": "BARE",
        "type": "REFERENTIAL-SEM",
        "word": "\u2019",
        "roles": {
          "ASSOC-WITH": "#V2287913",
          "LEX": "\u2019",
          "WNSENSE": "entity%1:03:00"
        },
        "start": 31,
        "end": 39
      },
      "V2287913": {
        "id": "V2287913",
        "indicator": "KIND",
        "type": "REFERENTIAL-SEM",
        "word": "FB",
        "roles": {
          "LEX": "FB",
          "WNSENSE": "entity%1:03:00"
        },
        "start": 31,
        "end": 39
      },
      "root": "#V2290994"
    },
    {
      "V2292671": {
        "id": "V2292671",
        "indicator": "SPEECHACT",
        "type": "SA_IDENTIFY",
        "word": null,
        "roles": {
          "CONTENT": "#V2287960",
          "LEX": "WILLIAMS"
        },
        "start": 39,
        "end": 56
      },
      "V2287960": {
        "id": "V2287960",
        "indicator": "INDEF-SET",
        "type": "REFERENTIAL-SEM",
        "word": "WILLIAMS",
        "roles": {
          "ASSOC-WITH2": "#V2287922",
          "ASSOC-WITH1": "#V2287938",
          "ASSOC-WITH": "#V2287948",
          "LEX": "WILLIAMS",
          "WNSENSE": "entity%1:03:00"
        },
        "start": 39,
        "end": 56
      },
      "V2287948": {
        "id": "V2287948",
        "indicator": "KIND",
        "type": "RELATION",
        "word": "NE",
        "roles": {
          "LEX": "NE",
          "WNSENSE": "ne%1:24:00::"
        },
        "start": 39,
        "end": 56
      },
      "V2287938": {
        "id": "V2287938",
        "indicator": "KIND",
        "type": "REFERENTIAL-SEM",
        "word": "MAXI-",
        "roles": {
          "LEX": "MAXI-",
          "WNSENSE": "entity%1:03:00"
        },
        "start": 39,
        "end": 56
      },
      "V2287922": {
        "id": "V2287922",
        "indicator": "KIND",
        "type": "TIME-UNIT",
        "word": "SECOND",
        "roles": {
          "LEX": "S",
          "WNSENSE": "time_unit%1:28:00"
        },
        "start": 39,
        "end": 56
      },
      "root": "#V2292671"
    },
    {
      "V2290994": {
        "id": "V2290994",
        "indicator": "SPEECHACT",
        "type": "SA_TELL",
        "word": null,
        "roles": {
          "CONTENT": "#V2287852",
          "LEX": "BELIEVE"
        },
        "start": 0,
        "end": 39
      },
      "V2287852": {
        "id": "V2287852",
        "indicator": "F",
        "type": "BELIEVE",
        "word": "BELIEVE",
        "roles": {
          "EXPERIENCER": "#V2287838",
          "FORMAL": "#V2287878",
          "TENSE": "PRES",
          "LEX": "BELIEVE",
          "WNSENSE": "believe%2:31:04::"
        },
        "start": 0,
        "end": 39
      },
      "V2287838": {
        "id": "V2287838",
        "indicator": "PRO",
        "type": "PERSON",
        "word": "I",
        "roles": {
          "PROFORM": "I",
          "LEX": "I",
          "WNSENSE": "person%1:03:00"
        },
        "start": 0,
        "end": 2
      },
      "V2287878": {
        "id": "V2287878",
        "indicator": "F",
        "type": "OCCURRING",
        "word": "HAPPEN",
        "roles": {
          "NEUTRAL": "#V2287864",
          "AFFECTED": "#V2287918",
          "MOD": "#V2287871",
          "PROP": "+",
          "TENSE": "PRES",
          "LEX": "HAPPENS",
          "WNSENSE": "happen%2:30:00::"
        },
        "start": 10,
        "end": 39
      },
      "V2287864": {
        "id": "V2287864",
        "indicator": "PRO",
        "type": "REFERENTIAL-SEM",
        "word": "IT",
        "roles": {
          "PROFORM": "IT",
          "LEX": "IT",
          "WNSENSE": "entity%1:03:00"
        },
        "start": 10,
        "end": 13
      },
      "V2287871": {
        "id": "V2287871",
        "indicator": "F",
        "type": "BASIC-VAL",
        "word": "BASICLY",
        "roles": {
          "FIGURE": "#V2287878",
          "SCALE": "BASIC-SCALE",
          "LEX": "BASICLY",
          "WNSENSE": "underived%3:00:00::"
        },
        "start": 13,
        "end": 23
      },
      "V2287918": {
        "id": "V2287918",
        "indicator": "BARE",
        "type": "REFERENTIAL-SEM",
        "word": "\u2019",
        "roles": {
          "ASSOC-WITH": "#V2287913",
          "LEX": "\u2019",
          "WNSENSE": "entity%1:03:00"
        },
        "start": 31,
        "end": 39
      },
      "V2287913": {
        "id": "V2287913",
        "indicator": "KIND",
        "type": "REFERENTIAL-SEM",
        "word": "FB",
        "roles": {
          "LEX": "FB",
          "WNSENSE": "entity%1:03:00"
        },
        "start": 31,
        "end": 39
      },
      "root": "#V2290994"
    },
    {
      "V2292669": {
        "id": "V2292669",
        "indicator": "SPEECHACT",
        "type": "SA_IDENTIFY",
        "word": null,
        "roles": {
          "CONTENT": "#V2287960",
          "LEX": "WILLIAMS"
        },
        "start": 39,
        "end": 56
      },
      "V2287960": {
        "id": "V2287960",
        "indicator": "INDEF-SET",
        "type": "REFERENTIAL-SEM",
        "word": "WILLIAMS",
        "roles": {
          "ASSOC-WITH2": "#V2287923",
          "ASSOC-WITH1": "#V2287938",
          "ASSOC-WITH": "#V2287948",
          "LEX": "WILLIAMS",
          "WNSENSE": "entity%1:03:00"
        },
        "start": 39,
        "end": 56
      },
      "V2287948": {
        "id": "V2287948",
        "indicator": "KIND",
        "type": "RELATION",
        "word": "NE",
        "roles": {
          "LEX": "NE",
          "WNSENSE": "ne%1:24:00::"
        },
        "start": 39,
        "end": 56
      },
      "V2287938": {
        "id": "V2287938",
        "indicator": "KIND",
        "type": "REFERENTIAL-SEM",
        "word": "MAXI-",
        "roles": {
          "LEX": "MAXI-",
          "WNSENSE": "entity%1:03:00"
        },
        "start": 39,
        "end": 56
      },
      "V2287923": {
        "id": "V2287923",
        "indicator": "KIND",
        "type": "TIME-UNIT",
        "word": "SECOND",
        "roles": {
          "LEX": "S",
          "WNSENSE": "time_unit%1:28:00"
        },
        "start": 39,
        "end": 56
      },
      "root": "#V2292669"
    },
    {
      "V2291285": {
        "id": "V2291285",
        "indicator": "SPEECHACT",
        "type": "SA_TELL",
        "word": null,
        "roles": {
          "CONTENT": "#V2287852",
          "LEX": "BELIEVE"
        },
        "start": 0,
        "end": 39
      },
      "V2287852": {
        "id": "V2287852",
        "indicator": "F",
        "type": "BELIEVE",
        "word": "BELIEVE",
        "roles": {
          "EXPERIENCER": "#V2287838",
          "FORMAL": "#V2287878",
          "TENSE": "PRES",
          "LEX": "BELIEVE",
          "WNSENSE": "believe%2:31:04::"
        },
        "start": 0,
        "end": 39
      },
      "V2287838": {
        "id": "V2287838",
        "indicator": "PRO",
        "type": "PERSON",
        "word": "I",
        "roles": {
          "PROFORM": "I",
          "LEX": "I",
          "WNSENSE": "person%1:03:00"
        },
        "start": 0,
        "end": 2
      },
      "V2287878": {
        "id": "V2287878",
        "indicator": "F",
        "type": "OCCURRING",
        "word": "HAPPEN",
        "roles": {
          "NEUTRAL": "#V2287864",
          "AFFECTED": "#V2287918",
          "QUALIFICATION": "#V2287870",
          "PROP": "+",
          "TENSE": "PRES",
          "LEX": "HAPPENS",
          "WNSENSE": "happen%2:30:00::"
        },
        "start": 10,
        "end": 39
      },
      "V2287864": {
        "id": "V2287864",
        "indicator": "PRO",
        "type": "REFERENTIAL-SEM",
        "word": "IT",
        "roles": {
          "PROFORM": "IT",
          "LEX": "IT",
          "WNSENSE": "entity%1:03:00"
        },
        "start": 10,
        "end": 13
      },
      "V2287870": {
        "id": "V2287870",
        "indicator": "F",
        "type": "QUALIFICATION",
        "word": "BASICALLY",
        "roles": {
          "FIGURE": "#V2287878",
          "LEX": "BASICALLY",
          "WNSENSE": "basically%4:02:00::"
        },
        "start": 13,
        "end": 23
      },
      "V2287918": {
        "id": "V2287918",
        "indicator": "BARE",
        "type": "REFERENTIAL-SEM",
        "word": "\u2019",
        "roles": {
          "ASSOC-WITH": "#V2287913",
          "LEX": "\u2019",
          "WNSENSE": "entity%1:03:00"
        },
        "start": 31,
        "end": 39
      },
      "V2287913": {
        "id": "V2287913",
        "indicator": "KIND",
        "type": "REFERENTIAL-SEM",
        "word": "FB",
        "roles": {
          "LEX": "FB",
          "WNSENSE": "entity%1:03:00"
        },
        "start": 31,
        "end": 39
      },
      "root": "#V2291285"
    },
    {
      "V2292860": {
        "id": "V2292860",
        "indicator": "SPEECHACT",
        "type": "SA_IDENTIFY",
        "word": null,
        "roles": {
          "CONTENT": "#V2287960",
          "LEX": "WILLIAMS"
        },
        "start": 39,
        "end": 56
      },
      "V2287960": {
        "id": "V2287960",
        "indicator": "INDEF-SET",
        "type": "REFERENTIAL-SEM",
        "word": "WILLIAMS",
        "roles": {
          "ASSOC-WITH2": "#V2287922",
          "ASSOC-WITH1": "#V2287938",
          "ASSOC-WITH": "#V2287945",
          "LEX": "WILLIAMS",
          "WNSENSE": "entity%1:03:00"
        },
        "start": 39,
        "end": 56
      },
      "V2287945": {
        "id": "V2287945",
        "indicator": "KIND",
        "type": "GAS-SUBSTANCE",
        "word": "NE",
        "roles": {
          "LEX": "NE",
          "WNSENSE": "ne%1:27:00::"
        },
        "start": 39,
        "end": 56
      },
      "V2287938": {
        "id": "V2287938",
        "indicator": "KIND",
        "type": "REFERENTIAL-SEM",
        "word": "MAXI-",
        "roles": {
          "LEX": "MAXI-",
          "WNSENSE": "entity%1:03:00"
        },
        "start": 39,
        "end": 56
      },
      "V2287922": {
        "id": "V2287922",
        "indicator": "KIND",
        "type": "TIME-UNIT",
        "word": "SECOND",
        "roles": {
          "LEX": "S",
          "WNSENSE": "time_unit%1:28:00"
        },
        "start": 39,
        "end": 56
      },
      "root": "#V2292860"
    },
    {
      "V2291285": {
        "id": "V2291285",
        "indicator": "SPEECHACT",
        "type": "SA_TELL",
        "word": null,
        "roles": {
          "CONTENT": "#V2287852",
          "LEX": "BELIEVE"
        },
        "start": 0,
        "end": 39
      },
      "V2287852": {
        "id": "V2287852",
        "indicator": "F",
        "type": "BELIEVE",
        "word": "BELIEVE",
        "roles": {
          "EXPERIENCER": "#V2287838",
          "FORMAL": "#V2287878",
          "TENSE": "PRES",
          "LEX": "BELIEVE",
          "WNSENSE": "believe%2:31:04::"
        },
        "start": 0,
        "end": 39
      },
      "V2287838": {
        "id": "V2287838",
        "indicator": "PRO",
        "type": "PERSON",
        "word": "I",
        "roles": {
          "PROFORM": "I",
          "LEX": "I",
          "WNSENSE": "person%1:03:00"
        },
        "start": 0,
        "end": 2
      },
      "V2287878": {
        "id": "V2287878",
        "indicator": "F",
        "type": "OCCURRING",
        "word": "HAPPEN",
        "roles": {
          "NEUTRAL": "#V2287864",
          "AFFECTED": "#V2287918",
          "QUALIFICATION": "#V2287870",
          "PROP": "+",
          "TENSE": "PRES",
          "LEX": "HAPPENS",
          "WNSENSE": "happen%2:30:00::"
        },
        "start": 10,
        "end": 39
      },
      "V2287864": {
        "id": "V2287864",
        "indicator": "PRO",
        "type": "REFERENTIAL-SEM",
        "word": "IT",
        "roles": {
          "PROFORM": "IT",
          "LEX": "IT",
          "WNSENSE": "entity%1:03:00"
        },
        "start": 10,
        "end": 13
      },
      "V2287870": {
        "id": "V2287870",
        "indicator": "F",
        "type": "QUALIFICATION",
        "word": "BASICALLY",
        "roles": {
          "FIGURE": "#V2287878",
          "LEX": "BASICALLY",
          "WNSENSE": "basically%4:02:00::"
        },
        "start": 13,
        "end": 23
      },
      "V2287918": {
        "id": "V2287918",
        "indicator": "BARE",
        "type": "REFERENTIAL-SEM",
        "word": "\u2019",
        "roles": {
          "ASSOC-WITH": "#V2287913",
          "LEX": "\u2019",
          "WNSENSE": "entity%1:03:00"
        },
        "start": 31,
        "end": 39
      },
      "V2287913": {
        "id": "V2287913",
        "indicator": "KIND",
        "type": "REFERENTIAL-SEM",
        "word": "FB",
        "roles": {
          "LEX": "FB",
          "WNSENSE": "entity%1:03:00"
        },
        "start": 31,
        "end": 39
      },
      "root": "#V2291285"
    },
    {
      "V2292858": {
        "id": "V2292858",
        "indicator": "SPEECHACT",
        "type": "SA_IDENTIFY",
        "word": null,
        "roles": {
          "CONTENT": "#V2287960",
          "LEX": "WILLIAMS"
        },
        "start": 39,
        "end": 56
      },
      "V2287960": {
        "id": "V2287960",
        "indicator": "INDEF-SET",
        "type": "REFERENTIAL-SEM",
        "word": "WILLIAMS",
        "roles": {
          "ASSOC-WITH2": "#V2287923",
          "ASSOC-WITH1": "#V2287938",
          "ASSOC-WITH": "#V2287945",
          "LEX": "WILLIAMS",
          "WNSENSE": "entity%1:03:00"
        },
        "start": 39,
        "end": 56
      },
      "V2287945": {
        "id": "V2287945",
        "indicator": "KIND",
        "type": "GAS-SUBSTANCE",
        "word": "NE",
        "roles": {
          "LEX": "NE",
          "WNSENSE": "ne%1:27:00::"
        },
        "start": 39,
        "end": 56
      },
      "V2287938": {
        "id": "V2287938",
        "indicator": "KIND",
        "type": "REFERENTIAL-SEM",
        "word": "MAXI-",
        "roles": {
          "LEX": "MAXI-",
          "WNSENSE": "entity%1:03:00"
        },
        "start": 39,
        "end": 56
      },
      "V2287923": {
        "id": "V2287923",
        "indicator": "KIND",
        "type": "TIME-UNIT",
        "word": "SECOND",
        "roles": {
          "LEX": "S",
          "WNSENSE": "time_unit%1:28:00"
        },
        "start": 39,
        "end": 56
      },
      "root": "#V2292858"
    },
    {
      "V2290994": {
        "id": "V2290994",
        "indicator": "SPEECHACT",
        "type": "SA_TELL",
        "word": null,
        "roles": {
          "CONTENT": "#V2287852",
          "LEX": "BELIEVE"
        },
        "start": 0,
        "end": 39
      },
      "V2287852": {
        "id": "V2287852",
        "indicator": "F",
        "type": "BELIEVE",
        "word": "BELIEVE",
        "roles": {
          "EXPERIENCER": "#V2287838",
          "FORMAL": "#V2287878",
          "TENSE": "PRES",
          "LEX": "BELIEVE",
          "WNSENSE": "believe%2:31:04::"
        },
        "start": 0,
        "end": 39
      },
      "V2287838": {
        "id": "V2287838",
        "indicator": "PRO",
        "type": "PERSON",
        "word": "I",
        "roles": {
          "PROFORM": "I",
          "LEX": "I",
          "WNSENSE": "person%1:03:00"
        },
        "start": 0,
        "end": 2
      },
      "V2287878": {
        "id": "V2287878",
        "indicator": "F",
        "type": "OCCURRING",
        "word": "HAPPEN",
        "roles": {
          "NEUTRAL": "#V2287864",
          "AFFECTED": "#V2287918",
          "MOD": "#V2287871",
          "PROP": "+",
          "TENSE": "PRES",
          "LEX": "HAPPENS",
          "WNSENSE": "happen%2:30:00::"
        },
        "start": 10,
        "end": 39
      },
      "V2287864": {
        "id": "V2287864",
        "indicator": "PRO",
        "type": "REFERENTIAL-SEM",
        "word": "IT",
        "roles": {
          "PROFORM": "IT",
          "LEX": "IT",
          "WNSENSE": "entity%1:03:00"
        },
        "start": 10,
        "end": 13
      },
      "V2287871": {
        "id": "V2287871",
        "indicator": "F",
        "type": "BASIC-VAL",
        "word": "BASICLY",
        "roles": {
          "FIGURE": "#V2287878",
          "SCALE": "BASIC-SCALE",
          "LEX": "BASICLY",
          "WNSENSE": "underived%3:00:00::"
        },
        "start": 13,
        "end": 23
      },
      "V2287918": {
        "id": "V2287918",
        "indicator": "BARE",
        "type": "REFERENTIAL-SEM",
        "word": "\u2019",
        "roles": {
          "ASSOC-WITH": "#V2287913",
          "LEX": "\u2019",
          "WNSENSE": "entity%1:03:00"
        },
        "start": 31,
        "end": 39
      },
      "V2287913": {
        "id": "V2287913",
        "indicator": "KIND",
        "type": "REFERENTIAL-SEM",
        "word": "FB",
        "roles": {
          "LEX": "FB",
          "WNSENSE": "entity%1:03:00"
        },
        "start": 31,
        "end": 39
      },
      "root": "#V2290994"
    },
    {
      "V2292860": {
        "id": "V2292860",
        "indicator": "SPEECHACT",
        "type": "SA_IDENTIFY",
        "word": null,
        "roles": {
          "CONTENT": "#V2287960",
          "LEX": "WILLIAMS"
        },
        "start": 39,
        "end": 56
      },
      "V2287960": {
        "id": "V2287960",
        "indicator": "INDEF-SET",
        "type": "REFERENTIAL-SEM",
        "word": "WILLIAMS",
        "roles": {
          "ASSOC-WITH2": "#V2287922",
          "ASSOC-WITH1": "#V2287938",
          "ASSOC-WITH": "#V2287945",
          "LEX": "WILLIAMS",
          "WNSENSE": "entity%1:03:00"
        },
        "start": 39,
        "end": 56
      },
      "V2287945": {
        "id": "V2287945",
        "indicator": "KIND",
        "type": "GAS-SUBSTANCE",
        "word": "NE",
        "roles": {
          "LEX": "NE",
          "WNSENSE": "ne%1:27:00::"
        },
        "start": 39,
        "end": 56
      },
      "V2287938": {
        "id": "V2287938",
        "indicator": "KIND",
        "type": "REFERENTIAL-SEM",
        "word": "MAXI-",
        "roles": {
          "LEX": "MAXI-",
          "WNSENSE": "entity%1:03:00"
        },
        "start": 39,
        "end": 56
      },
      "V2287922": {
        "id": "V2287922",
        "indicator": "KIND",
        "type": "TIME-UNIT",
        "word": "SECOND",
        "roles": {
          "LEX": "S",
          "WNSENSE": "time_unit%1:28:00"
        },
        "start": 39,
        "end": 56
      },
      "root": "#V2292860"
    },
    {
      "V2290994": {
        "id": "V2290994",
        "indicator": "SPEECHACT",
        "type": "SA_TELL",
        "word": null,
        "roles": {
          "CONTENT": "#V2287852",
          "LEX": "BELIEVE"
        },
        "start": 0,
        "end": 39
      },
      "V2287852": {
        "id": "V2287852",
        "indicator": "F",
        "type": "BELIEVE",
        "word": "BELIEVE",
        "roles": {
          "EXPERIENCER": "#V2287838",
          "FORMAL": "#V2287878",
          "TENSE": "PRES",
          "LEX": "BELIEVE",
          "WNSENSE": "believe%2:31:04::"
        },
        "start": 0,
        "end": 39
      },
      "V2287838": {
        "id": "V2287838",
        "indicator": "PRO",
        "type": "PERSON",
        "word": "I",
        "roles": {
          "PROFORM": "I",
          "LEX": "I",
          "WNSENSE": "person%1:03:00"
        },
        "start": 0,
        "end": 2
      },
      "V2287878": {
        "id": "V2287878",
        "indicator": "F",
        "type": "OCCURRING",
        "word": "HAPPEN",
        "roles": {
          "NEUTRAL": "#V2287864",
          "AFFECTED": "#V2287918",
          "MOD": "#V2287871",
          "PROP": "+",
          "TENSE": "PRES",
          "LEX": "HAPPENS",
          "WNSENSE": "happen%2:30:00::"
        },
        "start": 10,
        "end": 39
      },
      "V2287864": {
        "id": "V2287864",
        "indicator": "PRO",
        "type": "REFERENTIAL-SEM",
        "word": "IT",
        "roles": {
          "PROFORM": "IT",
          "LEX": "IT",
          "WNSENSE": "entity%1:03:00"
        },
        "start": 10,
        "end": 13
      },
      "V2287871": {
        "id": "V2287871",
        "indicator": "F",
        "type": "BASIC-VAL",
        "word": "BASICLY",
        "roles": {
          "FIGURE": "#V2287878",
          "SCALE": "BASIC-SCALE",
          "LEX": "BASICLY",
          "WNSENSE": "underived%3:00:00::"
        },
        "start": 13,
        "end": 23
      },
      "V2287918": {
        "id": "V2287918",
        "indicator": "BARE",
        "type": "REFERENTIAL-SEM",
        "word": "\u2019",
        "roles": {
          "ASSOC-WITH": "#V2287913",
          "LEX": "\u2019",
          "WNSENSE": "entity%1:03:00"
        },
        "start": 31,
        "end": 39
      },
      "V2287913": {
        "id": "V2287913",
        "indicator": "KIND",
        "type": "REFERENTIAL-SEM",
        "word": "FB",
        "roles": {
          "LEX": "FB",
          "WNSENSE": "entity%1:03:00"
        },
        "start": 31,
        "end": 39
      },
      "root": "#V2290994"
    },
    {
      "V2292858": {
        "id": "V2292858",
        "indicator": "SPEECHACT",
        "type": "SA_IDENTIFY",
        "word": null,
        "roles": {
          "CONTENT": "#V2287960",
          "LEX": "WILLIAMS"
        },
        "start": 39,
        "end": 56
      },
      "V2287960": {
        "id": "V2287960",
        "indicator": "INDEF-SET",
        "type": "REFERENTIAL-SEM",
        "word": "WILLIAMS",
        "roles": {
          "ASSOC-WITH2": "#V2287923",
          "ASSOC-WITH1": "#V2287938",
          "ASSOC-WITH": "#V2287945",
          "LEX": "WILLIAMS",
          "WNSENSE": "entity%1:03:00"
        },
        "start": 39,
        "end": 56
      },
      "V2287945": {
        "id": "V2287945",
        "indicator": "KIND",
        "type": "GAS-SUBSTANCE",
        "word": "NE",
        "roles": {
          "LEX": "NE",
          "WNSENSE": "ne%1:27:00::"
        },
        "start": 39,
        "end": 56
      },
      "V2287938": {
        "id": "V2287938",
        "indicator": "KIND",
        "type": "REFERENTIAL-SEM",
        "word": "MAXI-",
        "roles": {
          "LEX": "MAXI-",
          "WNSENSE": "entity%1:03:00"
        },
        "start": 39,
        "end": 56
      },
      "V2287923": {
        "id": "V2287923",
        "indicator": "KIND",
        "type": "TIME-UNIT",
        "word": "SECOND",
        "roles": {
          "LEX": "S",
          "WNSENSE": "time_unit%1:28:00"
        },
        "start": 39,
        "end": 56
      },
      "root": "#V2292858"
    },
    {
      "V2290968": {
        "id": "V2290968",
        "indicator": "SPEECHACT",
        "type": "SA_TELL",
        "word": null,
        "roles": {
          "CONTENT": "#V2287852",
          "LEX": "BELIEVE"
        },
        "start": 0,
        "end": 39
      },
      "V2287852": {
        "id": "V2287852",
        "indicator": "F",
        "type": "BELIEVE",
        "word": "BELIEVE",
        "roles": {
          "EXPERIENCER": "#V2287838",
          "FORMAL": "#V2287878",
          "TENSE": "PRES",
          "LEX": "BELIEVE",
          "WNSENSE": "believe%2:31:04::"
        },
        "start": 0,
        "end": 39
      },
      "V2287838": {
        "id": "V2287838",
        "indicator": "PRO",
        "type": "PERSON",
        "word": "I",
        "roles": {
          "PROFORM": "I",
          "LEX": "I",
          "WNSENSE": "person%1:03:00"
        },
        "start": 0,
        "end": 2
      },
      "V2287878": {
        "id": "V2287878",
        "indicator": "F",
        "type": "OCCURRING",
        "word": "HAPPEN",
        "roles": {
          "NEUTRAL": "#V2287864",
          "AFFECTED": "#V2287918",
          "QUALIFICATION": "#V2287870",
          "PROP": "+",
          "TENSE": "PRES",
          "LEX": "HAPPENS",
          "WNSENSE": "happen%2:30:00::"
        },
        "start": 10,
        "end": 39
      },
      "V2287864": {
        "id": "V2287864",
        "indicator": "PRO",
        "type": "REFERENTIAL-SEM",
        "word": "IT",
        "roles": {
          "PROFORM": "IT",
          "LEX": "IT",
          "WNSENSE": "entity%1:03:00"
        },
        "start": 10,
        "end": 13
      },
      "V2287870": {
        "id": "V2287870",
        "indicator": "F",
        "type": "QUALIFICATION",
        "word": "BASICALLY",
        "roles": {
          "FIGURE": "#V2287878",
          "LEX": "BASICALLY",
          "WNSENSE": "basically%4:02:00::"
        },
        "start": 13,
        "end": 23
      },
      "V2287918": {
        "id": "V2287918",
        "indicator": "BARE",
        "type": "REFERENTIAL-SEM",
        "word": "\u2019",
        "roles": {
          "ASSOC-WITH": "#V2287913",
          "LEX": "\u2019",
          "WNSENSE": "entity%1:03:00"
        },
        "start": 31,
        "end": 39
      },
      "V2287913": {
        "id": "V2287913",
        "indicator": "KIND",
        "type": "REFERENTIAL-SEM",
        "word": "FB",
        "roles": {
          "LEX": "FB",
          "WNSENSE": "entity%1:03:00"
        },
        "start": 31,
        "end": 39
      },
      "root": "#V2290968"
    },
    {
      "V2293179": {
        "id": "V2293179",
        "indicator": "SPEECHACT",
        "type": "SA_IDENTIFY",
        "word": null,
        "roles": {
          "CONTENT": "#V2292179",
          "LEX": "-"
        },
        "start": 39,
        "end": 56
      },
      "V2292179": {
        "id": "V2292179",
        "indicator": "THE",
        "type": "QUANTITY-ABSTR",
        "word": null,
        "roles": {
          "FIGURE": "#V2287960"
        },
        "start": 39,
        "end": 56
      },
      "V2287960": {
        "id": "V2287960",
        "indicator": "INDEF-SET",
        "type": "REFERENTIAL-SEM",
        "word": "WILLIAMS",
        "roles": {
          "ASSOC-WITH2": "#V2287922",
          "ASSOC-WITH1": "#V2287938",
          "ASSOC-WITH": "#V2287948",
          "LEX": "WILLIAMS",
          "WNSENSE": "entity%1:03:00"
        },
        "start": 39,
        "end": 56
      },
      "V2287948": {
        "id": "V2287948",
        "indicator": "KIND",
        "type": "RELATION",
        "word": "NE",
        "roles": {
          "LEX": "NE",
          "WNSENSE": "ne%1:24:00::"
        },
        "start": 39,
        "end": 56
      },
      "V2287938": {
        "id": "V2287938",
        "indicator": "KIND",
        "type": "REFERENTIAL-SEM",
        "word": "MAXI-",
        "roles": {
          "LEX": "MAXI-",
          "WNSENSE": "entity%1:03:00"
        },
        "start": 39,
        "end": 56
      },
      "V2287922": {
        "id": "V2287922",
        "indicator": "KIND",
        "type": "TIME-UNIT",
        "word": "SECOND",
        "roles": {
          "LEX": "S",
          "WNSENSE": "time_unit%1:28:00"
        },
        "start": 39,
        "end": 56
      },
      "root": "#V2293179"
    },
    {
      "V2290968": {
        "id": "V2290968",
        "indicator": "SPEECHACT",
        "type": "SA_TELL",
        "word": null,
        "roles": {
          "CONTENT": "#V2287852",
          "LEX": "BELIEVE"
        },
        "start": 0,
        "end": 39
      },
      "V2287852": {
        "id": "V2287852",
        "indicator": "F",
        "type": "BELIEVE",
        "word": "BELIEVE",
        "roles": {
          "EXPERIENCER": "#V2287838",
          "FORMAL": "#V2287878",
          "TENSE": "PRES",
          "LEX": "BELIEVE",
          "WNSENSE": "believe%2:31:04::"
        },
        "start": 0,
        "end": 39
      },
      "V2287838": {
        "id": "V2287838",
        "indicator": "PRO",
        "type": "PERSON",
        "word": "I",
        "roles": {
          "PROFORM": "I",
          "LEX": "I",
          "WNSENSE": "person%1:03:00"
        },
        "start": 0,
        "end": 2
      },
      "V2287878": {
        "id": "V2287878",
        "indicator": "F",
        "type": "OCCURRING",
        "word": "HAPPEN",
        "roles": {
          "NEUTRAL": "#V2287864",
          "AFFECTED": "#V2287918",
          "QUALIFICATION": "#V2287870",
          "PROP": "+",
          "TENSE": "PRES",
          "LEX": "HAPPENS",
          "WNSENSE": "happen%2:30:00::"
        },
        "start": 10,
        "end": 39
      },
      "V2287864": {
        "id": "V2287864",
        "indicator": "PRO",
        "type": "REFERENTIAL-SEM",
        "word": "IT",
        "roles": {
          "PROFORM": "IT",
          "LEX": "IT",
          "WNSENSE": "entity%1:03:00"
        },
        "start": 10,
        "end": 13
      },
      "V2287870": {
        "id": "V2287870",
        "indicator": "F",
        "type": "QUALIFICATION",
        "word": "BASICALLY",
        "roles": {
          "FIGURE": "#V2287878",
          "LEX": "BASICALLY",
          "WNSENSE": "basically%4:02:00::"
        },
        "start": 13,
        "end": 23
      },
      "V2287918": {
        "id": "V2287918",
        "indicator": "BARE",
        "type": "REFERENTIAL-SEM",
        "word": "\u2019",
        "roles": {
          "ASSOC-WITH": "#V2287913",
          "LEX": "\u2019",
          "WNSENSE": "entity%1:03:00"
        },
        "start": 31,
        "end": 39
      },
      "V2287913": {
        "id": "V2287913",
        "indicator": "KIND",
        "type": "REFERENTIAL-SEM",
        "word": "FB",
        "roles": {
          "LEX": "FB",
          "WNSENSE": "entity%1:03:00"
        },
        "start": 31,
        "end": 39
      },
      "root": "#V2290968"
    },
    {
      "V2293177": {
        "id": "V2293177",
        "indicator": "SPEECHACT",
        "type": "SA_IDENTIFY",
        "word": null,
        "roles": {
          "CONTENT": "#V2292174",
          "LEX": "-"
        },
        "start": 39,
        "end": 56
      },
      "V2292174": {
        "id": "V2292174",
        "indicator": "THE",
        "type": "QUANTITY-ABSTR",
        "word": null,
        "roles": {
          "FIGURE": "#V2287960"
        },
        "start": 39,
        "end": 56
      },
      "V2287960": {
        "id": "V2287960",
        "indicator": "INDEF-SET",
        "type": "REFERENTIAL-SEM",
        "word": "WILLIAMS",
        "roles": {
          "ASSOC-WITH2": "#V2287923",
          "ASSOC-WITH1": "#V2287938",
          "ASSOC-WITH": "#V2287948",
          "LEX": "WILLIAMS",
          "WNSENSE": "entity%1:03:00"
        },
        "start": 39,
        "end": 56
      },
      "V2287948": {
        "id": "V2287948",
        "indicator": "KIND",
        "type": "RELATION",
        "word": "NE",
        "roles": {
          "LEX": "NE",
          "WNSENSE": "ne%1:24:00::"
        },
        "start": 39,
        "end": 56
      },
      "V2287938": {
        "id": "V2287938",
        "indicator": "KIND",
        "type": "REFERENTIAL-SEM",
        "word": "MAXI-",
        "roles": {
          "LEX": "MAXI-",
          "WNSENSE": "entity%1:03:00"
        },
        "start": 39,
        "end": 56
      },
      "V2287923": {
        "id": "V2287923",
        "indicator": "KIND",
        "type": "TIME-UNIT",
        "word": "SECOND",
        "roles": {
          "LEX": "S",
          "WNSENSE": "time_unit%1:28:00"
        },
        "start": 39,
        "end": 56
      },
      "root": "#V2293177"
    },
    {
      "V2295545": {
        "id": "V2295545",
        "indicator": "SPEECHACT",
        "type": "SA_TELL",
        "word": null,
        "roles": {
          "CONTENT": "#V2287852",
          "LEX": "BELIEVE"
        },
        "start": 0,
        "end": 41
      },
      "V2287852": {
        "id": "V2287852",
        "indicator": "F",
        "type": "BELIEVE",
        "word": "BELIEVE",
        "roles": {
          "EXPERIENCER": "#V2287838",
          "FORMAL": "#V2287878",
          "TENSE": "PRES",
          "LEX": "BELIEVE",
          "WNSENSE": "believe%2:31:04::"
        },
        "start": 0,
        "end": 41
      },
      "V2287838": {
        "id": "V2287838",
        "indicator": "PRO",
        "type": "PERSON",
        "word": "I",
        "roles": {
          "PROFORM": "I",
          "LEX": "I",
          "WNSENSE": "person%1:03:00"
        },
        "start": 0,
        "end": 2
      },
      "V2287878": {
        "id": "V2287878",
        "indicator": "F",
        "type": "OCCURRING",
        "word": "HAPPEN",
        "roles": {
          "NEUTRAL": "#V2287864",
          "AFFECTED": "#V2287918",
          "QUALIFICATION": "#V2287870",
          "PROP": "+",
          "TENSE": "PRES",
          "LEX": "HAPPENS",
          "WNSENSE": "happen%2:30:00::"
        },
        "start": 10,
        "end": 41
      },
      "V2287864": {
        "id": "V2287864",
        "indicator": "PRO",
        "type": "REFERENTIAL-SEM",
        "word": "IT",
        "roles": {
          "PROFORM": "IT",
          "LEX": "IT",
          "WNSENSE": "entity%1:03:00"
        },
        "start": 10,
        "end": 13
      },
      "V2287870": {
        "id": "V2287870",
        "indicator": "F",
        "type": "QUALIFICATION",
        "word": "BASICALLY",
        "roles": {
          "FIGURE": "#V2287878",
          "LEX": "BASICALLY",
          "WNSENSE": "basically%4:02:00::"
        },
        "start": 13,
        "end": 23
      },
      "V2287918": {
        "id": "V2287918",
        "indicator": "BARE",
        "type": "REFERENTIAL-SEM",
        "word": "\u2019",
        "roles": {
          "ASSOC-WITH": "#V2287913",
          "IDENTIFIED-AS": "#V2287921",
          "LEX": "\u2019",
          "WNSENSE": "entity%1:03:00"
        },
        "start": 31,
        "end": 41
      },
      "V2287913": {
        "id": "V2287913",
        "indicator": "KIND",
        "type": "REFERENTIAL-SEM",
        "word": "FB",
        "roles": {
          "LEX": "FB",
          "WNSENSE": "entity%1:03:00"
        },
        "start": 31,
        "end": 41
      },
      "V2287921": {
        "id": "V2287921",
        "indicator": "THE",
        "type": "LETTER-SYMBOL",
        "word": null,
        "roles": {
          "NAME-OF": "S",
          "LEX": "S",
          "WNSENSE": "s%1:10:00::"
        },
        "start": 39,
        "end": 41
      },
      "root": "#V2295545"
    },
    {
      "V2291968": {
        "id": "V2291968",
        "indicator": "SPEECHACT",
        "type": "SA_IDENTIFY",
        "word": null,
        "roles": {
          "CONTENT": "#V2287960",
          "LEX": "WILLIAMS"
        },
        "start": 41,
        "end": 56
      },
      "V2287960": {
        "id": "V2287960",
        "indicator": "INDEF-SET",
        "type": "REFERENTIAL-SEM",
        "word": "WILLIAMS",
        "roles": {
          "ASSOC-WITH1": "#V2287938",
          "ASSOC-WITH": "#V2287948",
          "LEX": "WILLIAMS",
          "WNSENSE": "entity%1:03:00"
        },
        "start": 41,
        "end": 56
      },
      "V2287948": {
        "id": "V2287948",
        "indicator": "KIND",
        "type": "RELATION",
        "word": "NE",
        "roles": {
          "LEX": "NE",
          "WNSENSE": "ne%1:24:00::"
        },
        "start": 41,
        "end": 56
      },
      "V2287938": {
        "id": "V2287938",
        "indicator": "KIND",
        "type": "REFERENTIAL-SEM",
        "word": "MAXI-",
        "roles": {
          "LEX": "MAXI-",
          "WNSENSE": "entity%1:03:00"
        },
        "start": 41,
        "end": 56
      },
      "root": "#V2291968"
    },
    {
      "V2291312": {
        "id": "V2291312",
        "indicator": "SPEECHACT",
        "type": "SA_TELL",
        "word": null,
        "roles": {
          "CONTENT": "#V2287852",
          "LEX": "BELIEVE"
        },
        "start": 0,
        "end": 39
      },
      "V2287852": {
        "id": "V2287852",
        "indicator": "F",
        "type": "BELIEVE",
        "word": "BELIEVE",
        "roles": {
          "EXPERIENCER": "#V2287838",
          "FORMAL": "#V2287878",
          "TENSE": "PRES",
          "LEX": "BELIEVE",
          "WNSENSE": "believe%2:31:04::"
        },
        "start": 0,
        "end": 39
      },
      "V2287838": {
        "id": "V2287838",
        "indicator": "PRO",
        "type": "PERSON",
        "word": "I",
        "roles": {
          "PROFORM": "I",
          "LEX": "I",
          "WNSENSE": "person%1:03:00"
        },
        "start": 0,
        "end": 2
      },
      "V2287878": {
        "id": "V2287878",
        "indicator": "F",
        "type": "OCCURRING",
        "word": "HAPPEN",
        "roles": {
          "NEUTRAL": "#V2287864",
          "AFFECTED": "#V2287918",
          "MOD": "#V2287871",
          "PROP": "+",
          "TENSE": "PRES",
          "LEX": "HAPPENS",
          "WNSENSE": "happen%2:30:00::"
        },
        "start": 10,
        "end": 39
      },
      "V2287864": {
        "id": "V2287864",
        "indicator": "PRO",
        "type": "REFERENTIAL-SEM",
        "word": "IT",
        "roles": {
          "PROFORM": "IT",
          "LEX": "IT",
          "WNSENSE": "entity%1:03:00"
        },
        "start": 10,
        "end": 13
      },
      "V2287871": {
        "id": "V2287871",
        "indicator": "F",
        "type": "BASIC-VAL",
        "word": "BASICLY",
        "roles": {
          "FIGURE": "#V2287878",
          "SCALE": "BASIC-SCALE",
          "LEX": "BASICLY",
          "WNSENSE": "underived%3:00:00::"
        },
        "start": 13,
        "end": 23
      },
      "V2287918": {
        "id": "V2287918",
        "indicator": "BARE",
        "type": "REFERENTIAL-SEM",
        "word": "\u2019",
        "roles": {
          "ASSOC-WITH": "#V2287913",
          "LEX": "\u2019",
          "WNSENSE": "entity%1:03:00"
        },
        "start": 31,
        "end": 39
      },
      "V2287913": {
        "id": "V2287913",
        "indicator": "KIND",
        "type": "REFERENTIAL-SEM",
        "word": "FB",
        "roles": {
          "LEX": "FB",
          "WNSENSE": "entity%1:03:00"
        },
        "start": 31,
        "end": 39
      },
      "root": "#V2291312"
    },
    {
      "V2292671": {
        "id": "V2292671",
        "indicator": "SPEECHACT",
        "type": "SA_IDENTIFY",
        "word": null,
        "roles": {
          "CONTENT": "#V2287960",
          "LEX": "WILLIAMS"
        },
        "start": 39,
        "end": 56
      },
      "V2287960": {
        "id": "V2287960",
        "indicator": "INDEF-SET",
        "type": "REFERENTIAL-SEM",
        "word": "WILLIAMS",
        "roles": {
          "ASSOC-WITH2": "#V2287922",
          "ASSOC-WITH1": "#V2287938",
          "ASSOC-WITH": "#V2287948",
          "LEX": "WILLIAMS",
          "WNSENSE": "entity%1:03:00"
        },
        "start": 39,
        "end": 56
      },
      "V2287948": {
        "id": "V2287948",
        "indicator": "KIND",
        "type": "RELATION",
        "word": "NE",
        "roles": {
          "LEX": "NE",
          "WNSENSE": "ne%1:24:00::"
        },
        "start": 39,
        "end": 56
      },
      "V2287938": {
        "id": "V2287938",
        "indicator": "KIND",
        "type": "REFERENTIAL-SEM",
        "word": "MAXI-",
        "roles": {
          "LEX": "MAXI-",
          "WNSENSE": "entity%1:03:00"
        },
        "start": 39,
        "end": 56
      },
      "V2287922": {
        "id": "V2287922",
        "indicator": "KIND",
        "type": "TIME-UNIT",
        "word": "SECOND",
        "roles": {
          "LEX": "S",
          "WNSENSE": "time_unit%1:28:00"
        },
        "start": 39,
        "end": 56
      },
      "root": "#V2292671"
    },
    {
      "V2291312": {
        "id": "V2291312",
        "indicator": "SPEECHACT",
        "type": "SA_TELL",
        "word": null,
        "roles": {
          "CONTENT": "#V2287852",
          "LEX": "BELIEVE"
        },
        "start": 0,
        "end": 39
      },
      "V2287852": {
        "id": "V2287852",
        "indicator": "F",
        "type": "BELIEVE",
        "word": "BELIEVE",
        "roles": {
          "EXPERIENCER": "#V2287838",
          "FORMAL": "#V2287878",
          "TENSE": "PRES",
          "LEX": "BELIEVE",
          "WNSENSE": "believe%2:31:04::"
        },
        "start": 0,
        "end": 39
      },
      "V2287838": {
        "id": "V2287838",
        "indicator": "PRO",
        "type": "PERSON",
        "word": "I",
        "roles": {
          "PROFORM": "I",
          "LEX": "I",
          "WNSENSE": "person%1:03:00"
        },
        "start": 0,
        "end": 2
      },
      "V2287878": {
        "id": "V2287878",
        "indicator": "F",
        "type": "OCCURRING",
        "word": "HAPPEN",
        "roles": {
          "NEUTRAL": "#V2287864",
          "AFFECTED": "#V2287918",
          "MOD": "#V2287871",
          "PROP": "+",
          "TENSE": "PRES",
          "LEX": "HAPPENS",
          "WNSENSE": "happen%2:30:00::"
        },
        "start": 10,
        "end": 39
      },
      "V2287864": {
        "id": "V2287864",
        "indicator": "PRO",
        "type": "REFERENTIAL-SEM",
        "word": "IT",
        "roles": {
          "PROFORM": "IT",
          "LEX": "IT",
          "WNSENSE": "entity%1:03:00"
        },
        "start": 10,
        "end": 13
      },
      "V2287871": {
        "id": "V2287871",
        "indicator": "F",
        "type": "BASIC-VAL",
        "word": "BASICLY",
        "roles": {
          "FIGURE": "#V2287878",
          "SCALE": "BASIC-SCALE",
          "LEX": "BASICLY",
          "WNSENSE": "underived%3:00:00::"
        },
        "start": 13,
        "end": 23
      },
      "V2287918": {
        "id": "V2287918",
        "indicator": "BARE",
        "type": "REFERENTIAL-SEM",
        "word": "\u2019",
        "roles": {
          "ASSOC-WITH": "#V2287913",
          "LEX": "\u2019",
          "WNSENSE": "entity%1:03:00"
        },
        "start": 31,
        "end": 39
      },
      "V2287913": {
        "id": "V2287913",
        "indicator": "KIND",
        "type": "REFERENTIAL-SEM",
        "word": "FB",
        "roles": {
          "LEX": "FB",
          "WNSENSE": "entity%1:03:00"
        },
        "start": 31,
        "end": 39
      },
      "root": "#V2291312"
    },
    {
      "V2292669": {
        "id": "V2292669",
        "indicator": "SPEECHACT",
        "type": "SA_IDENTIFY",
        "word": null,
        "roles": {
          "CONTENT": "#V2287960",
          "LEX": "WILLIAMS"
        },
        "start": 39,
        "end": 56
      },
      "V2287960": {
        "id": "V2287960",
        "indicator": "INDEF-SET",
        "type": "REFERENTIAL-SEM",
        "word": "WILLIAMS",
        "roles": {
          "ASSOC-WITH2": "#V2287923",
          "ASSOC-WITH1": "#V2287938",
          "ASSOC-WITH": "#V2287948",
          "LEX": "WILLIAMS",
          "WNSENSE": "entity%1:03:00"
        },
        "start": 39,
        "end": 56
      },
      "V2287948": {
        "id": "V2287948",
        "indicator": "KIND",
        "type": "RELATION",
        "word": "NE",
        "roles": {
          "LEX": "NE",
          "WNSENSE": "ne%1:24:00::"
        },
        "start": 39,
        "end": 56
      },
      "V2287938": {
        "id": "V2287938",
        "indicator": "KIND",
        "type": "REFERENTIAL-SEM",
        "word": "MAXI-",
        "roles": {
          "LEX": "MAXI-",
          "WNSENSE": "entity%1:03:00"
        },
        "start": 39,
        "end": 56
      },
      "V2287923": {
        "id": "V2287923",
        "indicator": "KIND",
        "type": "TIME-UNIT",
        "word": "SECOND",
        "roles": {
          "LEX": "S",
          "WNSENSE": "time_unit%1:28:00"
        },
        "start": 39,
        "end": 56
      },
      "root": "#V2292669"
    },
    {
      "V2290968": {
        "id": "V2290968",
        "indicator": "SPEECHACT",
        "type": "SA_TELL",
        "word": null,
        "roles": {
          "CONTENT": "#V2287852",
          "LEX": "BELIEVE"
        },
        "start": 0,
        "end": 39
      },
      "V2287852": {
        "id": "V2287852",
        "indicator": "F",
        "type": "BELIEVE",
        "word": "BELIEVE",
        "roles": {
          "EXPERIENCER": "#V2287838",
          "FORMAL": "#V2287878",
          "TENSE": "PRES",
          "LEX": "BELIEVE",
          "WNSENSE": "believe%2:31:04::"
        },
        "start": 0,
        "end": 39
      },
      "V2287838": {
        "id": "V2287838",
        "indicator": "PRO",
        "type": "PERSON",
        "word": "I",
        "roles": {
          "PROFORM": "I",
          "LEX": "I",
          "WNSENSE": "person%1:03:00"
        },
        "start": 0,
        "end": 2
      },
      "V2287878": {
        "id": "V2287878",
        "indicator": "F",
        "type": "OCCURRING",
        "word": "HAPPEN",
        "roles": {
          "NEUTRAL": "#V2287864",
          "AFFECTED": "#V2287918",
          "QUALIFICATION": "#V2287870",
          "PROP": "+",
          "TENSE": "PRES",
          "LEX": "HAPPENS",
          "WNSENSE": "happen%2:30:00::"
        },
        "start": 10,
        "end": 39
      },
      "V2287864": {
        "id": "V2287864",
        "indicator": "PRO",
        "type": "REFERENTIAL-SEM",
        "word": "IT",
        "roles": {
          "PROFORM": "IT",
          "LEX": "IT",
          "WNSENSE": "entity%1:03:00"
        },
        "start": 10,
        "end": 13
      },
      "V2287870": {
        "id": "V2287870",
        "indicator": "F",
        "type": "QUALIFICATION",
        "word": "BASICALLY",
        "roles": {
          "FIGURE": "#V2287878",
          "LEX": "BASICALLY",
          "WNSENSE": "basically%4:02:00::"
        },
        "start": 13,
        "end": 23
      },
      "V2287918": {
        "id": "V2287918",
        "indicator": "BARE",
        "type": "REFERENTIAL-SEM",
        "word": "\u2019",
        "roles": {
          "ASSOC-WITH": "#V2287913",
          "LEX": "\u2019",
          "WNSENSE": "entity%1:03:00"
        },
        "start": 31,
        "end": 39
      },
      "V2287913": {
        "id": "V2287913",
        "indicator": "KIND",
        "type": "REFERENTIAL-SEM",
        "word": "FB",
        "roles": {
          "LEX": "FB",
          "WNSENSE": "entity%1:03:00"
        },
        "start": 31,
        "end": 39
      },
      "root": "#V2290968"
    },
    {
      "V2293240": {
        "id": "V2293240",
        "indicator": "SPEECHACT",
        "type": "SA_IDENTIFY",
        "word": null,
        "roles": {
          "CONTENT": "#V2292419",
          "LEX": "-"
        },
        "start": 39,
        "end": 56
      },
      "V2292419": {
        "id": "V2292419",
        "indicator": "THE",
        "type": "QUANTITY-ABSTR",
        "word": null,
        "roles": {
          "FIGURE": "#V2287960"
        },
        "start": 39,
        "end": 56
      },
      "V2287960": {
        "id": "V2287960",
        "indicator": "INDEF-SET",
        "type": "REFERENTIAL-SEM",
        "word": "WILLIAMS",
        "roles": {
          "ASSOC-WITH2": "#V2287922",
          "ASSOC-WITH1": "#V2287938",
          "ASSOC-WITH": "#V2287945",
          "LEX": "WILLIAMS",
          "WNSENSE": "entity%1:03:00"
        },
        "start": 39,
        "end": 56
      },
      "V2287945": {
        "id": "V2287945",
        "indicator": "KIND",
        "type": "GAS-SUBSTANCE",
        "word": "NE",
        "roles": {
          "LEX": "NE",
          "WNSENSE": "ne%1:27:00::"
        },
        "start": 39,
        "end": 56
      },
      "V2287938": {
        "id": "V2287938",
        "indicator": "KIND",
        "type": "REFERENTIAL-SEM",
        "word": "MAXI-",
        "roles": {
          "LEX": "MAXI-",
          "WNSENSE": "entity%1:03:00"
        },
        "start": 39,
        "end": 56
      },
      "V2287922": {
        "id": "V2287922",
        "indicator": "KIND",
        "type": "TIME-UNIT",
        "word": "SECOND",
        "roles": {
          "LEX": "S",
          "WNSENSE": "time_unit%1:28:00"
        },
        "start": 39,
        "end": 56
      },
      "root": "#V2293240"
    },
    {
      "V2290968": {
        "id": "V2290968",
        "indicator": "SPEECHACT",
        "type": "SA_TELL",
        "word": null,
        "roles": {
          "CONTENT": "#V2287852",
          "LEX": "BELIEVE"
        },
        "start": 0,
        "end": 39
      },
      "V2287852": {
        "id": "V2287852",
        "indicator": "F",
        "type": "BELIEVE",
        "word": "BELIEVE",
        "roles": {
          "EXPERIENCER": "#V2287838",
          "FORMAL": "#V2287878",
          "TENSE": "PRES",
          "LEX": "BELIEVE",
          "WNSENSE": "believe%2:31:04::"
        },
        "start": 0,
        "end": 39
      },
      "V2287838": {
        "id": "V2287838",
        "indicator": "PRO",
        "type": "PERSON",
        "word": "I",
        "roles": {
          "PROFORM": "I",
          "LEX": "I",
          "WNSENSE": "person%1:03:00"
        },
        "start": 0,
        "end": 2
      },
      "V2287878": {
        "id": "V2287878",
        "indicator": "F",
        "type": "OCCURRING",
        "word": "HAPPEN",
        "roles": {
          "NEUTRAL": "#V2287864",
          "AFFECTED": "#V2287918",
          "QUALIFICATION": "#V2287870",
          "PROP": "+",
          "TENSE": "PRES",
          "LEX": "HAPPENS",
          "WNSENSE": "happen%2:30:00::"
        },
        "start": 10,
        "end": 39
      },
      "V2287864": {
        "id": "V2287864",
        "indicator": "PRO",
        "type": "REFERENTIAL-SEM",
        "word": "IT",
        "roles": {
          "PROFORM": "IT",
          "LEX": "IT",
          "WNSENSE": "entity%1:03:00"
        },
        "start": 10,
        "end": 13
      },
      "V2287870": {
        "id": "V2287870",
        "indicator": "F",
        "type": "QUALIFICATION",
        "word": "BASICALLY",
        "roles": {
          "FIGURE": "#V2287878",
          "LEX": "BASICALLY",
          "WNSENSE": "basically%4:02:00::"
        },
        "start": 13,
        "end": 23
      },
      "V2287918": {
        "id": "V2287918",
        "indicator": "BARE",
        "type": "REFERENTIAL-SEM",
        "word": "\u2019",
        "roles": {
          "ASSOC-WITH": "#V2287913",
          "LEX": "\u2019",
          "WNSENSE": "entity%1:03:00"
        },
        "start": 31,
        "end": 39
      },
      "V2287913": {
        "id": "V2287913",
        "indicator": "KIND",
        "type": "REFERENTIAL-SEM",
        "word": "FB",
        "roles": {
          "LEX": "FB",
          "WNSENSE": "entity%1:03:00"
        },
        "start": 31,
        "end": 39
      },
      "root": "#V2290968"
    },
    {
      "V2293238": {
        "id": "V2293238",
        "indicator": "SPEECHACT",
        "type": "SA_IDENTIFY",
        "word": null,
        "roles": {
          "CONTENT": "#V2292414",
          "LEX": "-"
        },
        "start": 39,
        "end": 56
      },
      "V2292414": {
        "id": "V2292414",
        "indicator": "THE",
        "type": "QUANTITY-ABSTR",
        "word": null,
        "roles": {
          "FIGURE": "#V2287960"
        },
        "start": 39,
        "end": 56
      },
      "V2287960": {
        "id": "V2287960",
        "indicator": "INDEF-SET",
        "type": "REFERENTIAL-SEM",
        "word": "WILLIAMS",
        "roles": {
          "ASSOC-WITH2": "#V2287923",
          "ASSOC-WITH1": "#V2287938",
          "ASSOC-WITH": "#V2287945",
          "LEX": "WILLIAMS",
          "WNSENSE": "entity%1:03:00"
        },
        "start": 39,
        "end": 56
      },
      "V2287945": {
        "id": "V2287945",
        "indicator": "KIND",
        "type": "GAS-SUBSTANCE",
        "word": "NE",
        "roles": {
          "LEX": "NE",
          "WNSENSE": "ne%1:27:00::"
        },
        "start": 39,
        "end": 56
      },
      "V2287938": {
        "id": "V2287938",
        "indicator": "KIND",
        "type": "REFERENTIAL-SEM",
        "word": "MAXI-",
        "roles": {
          "LEX": "MAXI-",
          "WNSENSE": "entity%1:03:00"
        },
        "start": 39,
        "end": 56
      },
      "V2287923": {
        "id": "V2287923",
        "indicator": "KIND",
        "type": "TIME-UNIT",
        "word": "SECOND",
        "roles": {
          "LEX": "S",
          "WNSENSE": "time_unit%1:28:00"
        },
        "start": 39,
        "end": 56
      },
      "root": "#V2293238"
    },
    {
      "V2290968": {
        "id": "V2290968",
        "indicator": "SPEECHACT",
        "type": "SA_TELL",
        "word": null,
        "roles": {
          "CONTENT": "#V2287852",
          "LEX": "BELIEVE"
        },
        "start": 0,
        "end": 39
      },
      "V2287852": {
        "id": "V2287852",
        "indicator": "F",
        "type": "BELIEVE",
        "word": "BELIEVE",
        "roles": {
          "EXPERIENCER": "#V2287838",
          "FORMAL": "#V2287878",
          "TENSE": "PRES",
          "LEX": "BELIEVE",
          "WNSENSE": "believe%2:31:04::"
        },
        "start": 0,
        "end": 39
      },
      "V2287838": {
        "id": "V2287838",
        "indicator": "PRO",
        "type": "PERSON",
        "word": "I",
        "roles": {
          "PROFORM": "I",
          "LEX": "I",
          "WNSENSE": "person%1:03:00"
        },
        "start": 0,
        "end": 2
      },
      "V2287878": {
        "id": "V2287878",
        "indicator": "F",
        "type": "OCCURRING",
        "word": "HAPPEN",
        "roles": {
          "NEUTRAL": "#V2287864",
          "AFFECTED": "#V2287918",
          "QUALIFICATION": "#V2287870",
          "PROP": "+",
          "TENSE": "PRES",
          "LEX": "HAPPENS",
          "WNSENSE": "happen%2:30:00::"
        },
        "start": 10,
        "end": 39
      },
      "V2287864": {
        "id": "V2287864",
        "indicator": "PRO",
        "type": "REFERENTIAL-SEM",
        "word": "IT",
        "roles": {
          "PROFORM": "IT",
          "LEX": "IT",
          "WNSENSE": "entity%1:03:00"
        },
        "start": 10,
        "end": 13
      },
      "V2287870": {
        "id": "V2287870",
        "indicator": "F",
        "type": "QUALIFICATION",
        "word": "BASICALLY",
        "roles": {
          "FIGURE": "#V2287878",
          "LEX": "BASICALLY",
          "WNSENSE": "basically%4:02:00::"
        },
        "start": 13,
        "end": 23
      },
      "V2287918": {
        "id": "V2287918",
        "indicator": "BARE",
        "type": "REFERENTIAL-SEM",
        "word": "\u2019",
        "roles": {
          "ASSOC-WITH": "#V2287913",
          "LEX": "\u2019",
          "WNSENSE": "entity%1:03:00"
        },
        "start": 31,
        "end": 39
      },
      "V2287913": {
        "id": "V2287913",
        "indicator": "KIND",
        "type": "REFERENTIAL-SEM",
        "word": "FB",
        "roles": {
          "LEX": "FB",
          "WNSENSE": "entity%1:03:00"
        },
        "start": 31,
        "end": 39
      },
      "root": "#V2290968"
    },
    {
      "V2293246": {
        "id": "V2293246",
        "indicator": "SPEECHACT",
        "type": "SA_IDENTIFY",
        "word": null,
        "roles": {
          "CONTENT": "#V2287960",
          "LEX": "WILLIAMS"
        },
        "start": 39,
        "end": 56
      },
      "V2287960": {
        "id": "V2287960",
        "indicator": "INDEF-SET",
        "type": "REFERENTIAL-SEM",
        "word": "WILLIAMS",
        "roles": {
          "ASSOC-WITH2": "#V2287922",
          "ASSOC-WITH1": "#V2287938",
          "ASSOC-WITH": "#V2287943",
          "LEX": "WILLIAMS",
          "WNSENSE": "entity%1:03:00"
        },
        "start": 39,
        "end": 56
      },
      "V2287943": {
        "id": "V2287943",
        "indicator": "KIND",
        "type": "SUBSTANCE",
        "word": "NE",
        "roles": {
          "LEX": "NE",
          "WNSENSE": "ne%1:27:00::"
        },
        "start": 39,
        "end": 56
      },
      "V2287938": {
        "id": "V2287938",
        "indicator": "KIND",
        "type": "REFERENTIAL-SEM",
        "word": "MAXI-",
        "roles": {
          "LEX": "MAXI-",
          "WNSENSE": "entity%1:03:00"
        },
        "start": 39,
        "end": 56
      },
      "V2287922": {
        "id": "V2287922",
        "indicator": "KIND",
        "type": "TIME-UNIT",
        "word": "SECOND",
        "roles": {
          "LEX": "S",
          "WNSENSE": "time_unit%1:28:00"
        },
        "start": 39,
        "end": 56
      },
      "root": "#V2293246"
    }
  ],
  "inputtags": [],
  "debug": [
    "*last-utt-id*=NIL  utt-id+365",
    "*last-utt-id*=365  utt-id+365",
    "*last-utt-id*=365  utt-id+NIL"
  ]
}
