{
  "parse": [
    {
      "V2040532": {
        "id": "V2040532",
        "indicator": "SPEECHACT",
        "type": "SA_TELL",
        "word": null,
        "roles": {
          "PUNCTYPE": "DECL",
          "CONTENT": "#V2040138",
          "LEX": "HAPPENED"
        },
        "start": 0,
        "end": 15
      },
      "V2040138": {
        "id": "V2040138",
        "indicator": "F",
        "type": "OCCURRING",
        "word": "HAPPEN",
        "roles": {
          "NEUTRAL": "#V2040533",
          "FREQUENCY": "#V2040235",
          "TENSE": "PAST",
          "LEX": "HAPPENED",
          "WNSENSE": "happen%2:30:00::"
        },
        "start": 0,
        "end": 15
      },
      "V2040533": {
        "id": "V2040533",
        "indicator": "IMPRO",
        "type": "REFERENTIAL-SEM",
        "word": null,
        "roles": {
          "PROFORM": "SUBJ",
          "COREF": "#V2040149"
        },
        "start": 0,
        "end": 15
      },
      "V2040235": {
        "id": "V2040235",
        "indicator": "F",
        "type": "ITERATION-PERIOD",
        "word": null,
        "roles": {
          "FIGURE": "#V2040138",
          "GROUND": "#V2040149",
          "LEX": "TIMES"
        },
        "start": 9,
        "end": 15
      },
      "V2040149": {
        "id": "V2040149",
        "indicator": "A",
        "type": "QUANTITY-ABSTR",
        "word": null,
        "roles": {
          "SCALE": "DOMAIN",
          "UNIT": "(:* MULTIPLE TIME)",
          "AMOUNT": "PLURAL",
          "LEX": "TIMES",
          "WNSENSE": "multiple%1:09:00"
        },
        "start": 9,
        "end": 15
      },
      "root": "#V2040532"
    }
  ],
  "inputtags": [],
  "debug": [
    "*last-utt-id*=NIL  utt-id+394",
    "*last-utt-id*=394  utt-id+NIL"
  ]
}
