{
  "parse": [
    {
      "V2109373": {
        "id": "V2109373",
        "indicator": "SPEECHACT",
        "type": "SA_IDENTIFY",
        "word": null,
        "roles": {
          "CONTENT": "#V2109370",
          "LEX": "-"
        },
        "start": 0,
        "end": 2
      },
      "V2109370": {
        "id": "V2109370",
        "indicator": "THE",
        "type": "QUANTITY-ABSTR",
        "word": null,
        "roles": {
          "FIGURE": "#V2109089"
        },
        "start": 0,
        "end": 2
      },
      "V2109089": {
        "id": "V2109089",
        "indicator": "BARE",
        "type": "REFERENTIAL-SEM",
        "word": "|...|",
        "roles": {
          "LEX": "|...|",
          "WNSENSE": "entity%1:03:00"
        },
        "start": 0,
        "end": 2
      },
      "root": "#V2109373"
    },
    {
      "V2109386": {
        "id": "V2109386",
        "indicator": "SPEECHACT",
        "type": "SA_TELL",
        "word": null,
        "roles": {
          "CONTENT": "#V2109107",
          "LEX": "DIE"
        },
        "start": 2,
        "end": 19
      },
      "V2109107": {
        "id": "V2109107",
        "indicator": "F",
        "type": "DIE",
        "word": "DIE",
        "roles": {
          "MOD": "#V2109098",
          "AFFECTED": "#V2109387",
          "TIME": "#V2109110",
          "TENSE": "PRES",
          "LEX": "DIE",
          "WNSENSE": "die%2:30:00::"
        },
        "start": 2,
        "end": 19
      },
      "V2109387": {
        "id": "V2109387",
        "indicator": "IMPRO",
        "type": "REFERENTIAL-SEM",
        "word": null,
        "roles": {
          "PROFORM": "SUBJ",
          "COREF": "#V2109370"
        },
        "start": 2,
        "end": 19
      },
      "V2109098": {
        "id": "V2109098",
        "indicator": "F",
        "type": "EVAL-WRT-EXPECTATION",
        "word": "JUST",
        "roles": {
          "FIGURE": "#V2109107",
          "LEX": "JUST",
          "WNSENSE": "just%4:02:00::"
        },
        "start": 2,
        "end": 7
      },
      "V2109110": {
        "id": "V2109110",
        "indicator": "F",
        "type": "IN-PAST",
        "word": "ALREADY",
        "roles": {
          "FIGURE": "#V2109107",
          "LEX": "ALREADY",
          "WNSENSE": "already%4:02:00::"
        },
        "start": 11,
        "end": 19
      },
      "root": "#V2109386"
    },
    {
      "V2109198": {
        "id": "V2109198",
        "indicator": "SPEECHACT",
        "type": "SA_IDENTIFY",
        "word": null,
        "roles": {
          "CONTENT": "#V2109122",
          "LEX": "YOU"
        },
        "start": 19,
        "end": 23
      },
      "V2109122": {
        "id": "V2109122",
        "indicator": "PRO",
        "type": "PERSON",
        "word": "YOU",
        "roles": {
          "PROFORM": "YOU",
          "LEX": "YOU",
          "WNSENSE": "person%1:03:00",
          "COREF": "SYS"
        },
        "start": 19,
        "end": 23
      },
      "root": "#V2109198"
    },
    {
      "V2109308": {
        "id": "V2109308",
        "indicator": "SPEECHACT",
        "type": "SA_IDENTIFY",
        "word": null,
        "roles": {
          "PUNCTYPE": "DECL",
          "CONTENT": "#V2109139",
          "LEX": "FUCK"
        },
        "start": 23,
        "end": 38
      },
      "V2109139": {
        "id": "V2109139",
        "indicator": "BARE",
        "type": "BODILY-PROCESS",
        "word": "FUCK",
        "roles": {
          "MOD": [
            "#V2109130",
            "#V2109135"
          ],
          "LEX": "FUCK",
          "WNSENSE": "fuck%1:04:00::"
        },
        "start": 23,
        "end": 38
      },
      "V2109130": {
        "id": "V2109130",
        "indicator": "F",
        "type": "OLD-VAL",
        "word": "OLD",
        "roles": {
          "FIGURE": "#V2109139",
          "SCALE": "AGE-SCALE",
          "LEX": "OLD",
          "WNSENSE": "old%3:00:02::"
        },
        "start": 23,
        "end": 27
      },
      "V2109135": {
        "id": "V2109135",
        "indicator": "F",
        "type": "DIRTY-VAL",
        "word": "DIRTY",
        "roles": {
          "FIGURE": "#V2109139",
          "SCALE": "UNCLEAN-SCALE",
          "LEX": "DIRTY",
          "WNSENSE": "dirty%3:00:01::"
        },
        "start": 27,
        "end": 33
      },
      "root": "#V2109308"
    },
    {
      "V2109373": {
        "id": "V2109373",
        "indicator": "SPEECHACT",
        "type": "SA_IDENTIFY",
        "word": null,
        "roles": {
          "CONTENT": "#V2109370",
          "LEX": "-"
        },
        "start": 0,
        "end": 2
      },
      "V2109370": {
        "id": "V2109370",
        "indicator": "THE",
        "type": "QUANTITY-ABSTR",
        "word": null,
        "roles": {
          "FIGURE": "#V2109089"
        },
        "start": 0,
        "end": 2
      },
      "V2109089": {
        "id": "V2109089",
        "indicator": "BARE",
        "type": "REFERENTIAL-SEM",
        "word": "|...|",
        "roles": {
          "LEX": "|...|",
          "WNSENSE": "entity%1:03:00"
        },
        "start": 0,
        "end": 2
      },
      "root": "#V2109373"
    },
    {
      "V2109344": {
        "id": "V2109344",
        "indicator": "SPEECHACT",
        "type": "SA_TELL",
        "word": null,
        "roles": {
          "CONTENT": "#V2109107",
          "MOD": "#V2109099",
          "LEX": "DIE"
        },
        "start": 2,
        "end": 19
      },
      "V2109099": {
        "id": "V2109099",
        "indicator": "F",
        "type": "MODIFIER",
        "word": "JUST",
        "roles": {
          "FIGURE": "#V2109344",
          "LEX": "JUST",
          "WNSENSE": "just%4:02:00::"
        },
        "start": 2,
        "end": 7
      },
      "V2109107": {
        "id": "V2109107",
        "indicator": "F",
        "type": "DIE",
        "word": "DIE",
        "roles": {
          "AFFECTED": "#V2109345",
          "TIME": "#V2109110",
          "TENSE": "PRES",
          "LEX": "DIE",
          "WNSENSE": "die%2:30:00::"
        },
        "start": 7,
        "end": 19
      },
      "V2109345": {
        "id": "V2109345",
        "indicator": "IMPRO",
        "type": "REFERENTIAL-SEM",
        "word": null,
        "roles": {
          "PROFORM": "SUBJ"
        },
        "start": 7,
        "end": 19
      },
      "V2109110": {
        "id": "V2109110",
        "indicator": "F",
        "type": "IN-PAST",
        "word": "ALREADY",
        "roles": {
          "FIGURE": "#V2109107",
          "LEX": "ALREADY",
          "WNSENSE": "already%4:02:00::"
        },
        "start": 11,
        "end": 19
      },
      "root": "#V2109344"
    },
    {
      "V2109198": {
        "id": "V2109198",
        "indicator": "SPEECHACT",
        "type": "SA_IDENTIFY",
        "word": null,
        "roles": {
          "CONTENT": "#V2109122",
          "LEX": "YOU"
        },
        "start": 19,
        "end": 23
      },
      "V2109122": {
        "id": "V2109122",
        "indicator": "PRO",
        "type": "PERSON",
        "word": "YOU",
        "roles": {
          "PROFORM": "YOU",
          "LEX": "YOU",
          "WNSENSE": "person%1:03:00"
        },
        "start": 19,
        "end": 23
      },
      "root": "#V2109198"
    },
    {
      "V2109308": {
        "id": "V2109308",
        "indicator": "SPEECHACT",
        "type": "SA_IDENTIFY",
        "word": null,
        "roles": {
          "PUNCTYPE": "DECL",
          "CONTENT": "#V2109139",
          "LEX": "FUCK"
        },
        "start": 23,
        "end": 39
      },
      "V2109139": {
        "id": "V2109139",
        "indicator": "BARE",
        "type": "BODILY-PROCESS",
        "word": "FUCK",
        "roles": {
          "MOD": [
            "#V2109130",
            "#V2109135"
          ],
          "LEX": "FUCK",
          "WNSENSE": "fuck%1:04:00::"
        },
        "start": 23,
        "end": 38
      },
      "V2109130": {
        "id": "V2109130",
        "indicator": "F",
        "type": "OLD-VAL",
        "word": "OLD",
        "roles": {
          "FIGURE": "#V2109139",
          "SCALE": "AGE-SCALE",
          "LEX": "OLD",
          "WNSENSE": "old%3:00:02::"
        },
        "start": 23,
        "end": 27
      },
      "V2109135": {
        "id": "V2109135",
        "indicator": "F",
        "type": "DIRTY-VAL",
        "word": "DIRTY",
        "roles": {
          "FIGURE": "#V2109139",
          "SCALE": "UNCLEAN-SCALE",
          "LEX": "DIRTY",
          "WNSENSE": "dirty%3:00:01::"
        },
        "start": 27,
        "end": 33
      },
      "root": "#V2109308"
    },
    {
      "V2109373": {
        "id": "V2109373",
        "indicator": "SPEECHACT",
        "type": "SA_IDENTIFY",
        "word": null,
        "roles": {
          "CONTENT": "#V2109370",
          "LEX": "-"
        },
        "start": 0,
        "end": 2
      },
      "V2109370": {
        "id": "V2109370",
        "indicator": "THE",
        "type": "QUANTITY-ABSTR",
        "word": null,
        "roles": {
          "FIGURE": "#V2109089"
        },
        "start": 0,
        "end": 2
      },
      "V2109089": {
        "id": "V2109089",
        "indicator": "BARE",
        "type": "REFERENTIAL-SEM",
        "word": "|...|",
        "roles": {
          "LEX": "|...|",
          "WNSENSE": "entity%1:03:00"
        },
        "start": 0,
        "end": 2
      },
      "root": "#V2109373"
    },
    {
      "V2109382": {
        "id": "V2109382",
        "indicator": "SPEECHACT",
        "type": "SA_TELL",
        "word": null,
        "roles": {
          "CONTENT": "#V2109107",
          "LEX": "DIE"
        },
        "start": 2,
        "end": 19
      },
      "V2109107": {
        "id": "V2109107",
        "indicator": "F",
        "type": "DIE",
        "word": "DIE",
        "roles": {
          "TIME": "#V2109110",
          "AFFECTED": "#V2109383",
          "MOD": "#V2109098",
          "TENSE": "PRES",
          "LEX": "DIE",
          "WNSENSE": "die%2:30:00::"
        },
        "start": 2,
        "end": 19
      },
      "V2109383": {
        "id": "V2109383",
        "indicator": "IMPRO",
        "type": "REFERENTIAL-SEM",
        "word": null,
        "roles": {
          "PROFORM": "SUBJ"
        },
        "start": 2,
        "end": 19
      },
      "V2109098": {
        "id": "V2109098",
        "indicator": "F",
        "type": "EVAL-WRT-EXPECTATION",
        "word": "JUST",
        "roles": {
          "FIGURE": "#V2109107",
          "LEX": "JUST",
          "WNSENSE": "just%4:02:00::"
        },
        "start": 2,
        "end": 7
      },
      "V2109110": {
        "id": "V2109110",
        "indicator": "F",
        "type": "IN-PAST",
        "word": "ALREADY",
        "roles": {
          "FIGURE": "#V2109107",
          "LEX": "ALREADY",
          "WNSENSE": "already%4:02:00::"
        },
        "start": 11,
        "end": 19
      },
      "root": "#V2109382"
    },
    {
      "V2109198": {
        "id": "V2109198",
        "indicator": "SPEECHACT",
        "type": "SA_IDENTIFY",
        "word": null,
        "roles": {
          "CONTENT": "#V2109122",
          "LEX": "YOU"
        },
        "start": 19,
        "end": 23
      },
      "V2109122": {
        "id": "V2109122",
        "indicator": "PRO",
        "type": "PERSON",
        "word": "YOU",
        "roles": {
          "PROFORM": "YOU",
          "LEX": "YOU",
          "WNSENSE": "person%1:03:00"
        },
        "start": 19,
        "end": 23
      },
      "root": "#V2109198"
    },
    {
      "V2109308": {
        "id": "V2109308",
        "indicator": "SPEECHACT",
        "type": "SA_IDENTIFY",
        "word": null,
        "roles": {
          "PUNCTYPE": "DECL",
          "CONTENT": "#V2109139",
          "LEX": "FUCK"
        },
        "start": 23,
        "end": 39
      },
      "V2109139": {
        "id": "V2109139",
        "indicator": "BARE",
        "type": "BODILY-PROCESS",
        "word": "FUCK",
        "roles": {
          "MOD": [
            "#V2109130",
            "#V2109135"
          ],
          "LEX": "FUCK",
          "WNSENSE": "fuck%1:04:00::"
        },
        "start": 23,
        "end": 38
      },
      "V2109130": {
        "id": "V2109130",
        "indicator": "F",
        "type": "OLD-VAL",
        "word": "OLD",
        "roles": {
          "FIGURE": "#V2109139",
          "SCALE": "AGE-SCALE",
          "LEX": "OLD",
          "WNSENSE": "old%3:00:02::"
        },
        "start": 23,
        "end": 27
      },
      "V2109135": {
        "id": "V2109135",
        "indicator": "F",
        "type": "DIRTY-VAL",
        "word": "DIRTY",
        "roles": {
          "FIGURE": "#V2109139",
          "SCALE": "UNCLEAN-SCALE",
          "LEX": "DIRTY",
          "WNSENSE": "dirty%3:00:01::"
        },
        "start": 27,
        "end": 33
      },
      "root": "#V2109308"
    },
    {
      "V2109373": {
        "id": "V2109373",
        "indicator": "SPEECHACT",
        "type": "SA_IDENTIFY",
        "word": null,
        "roles": {
          "CONTENT": "#V2109370",
          "LEX": "-"
        },
        "start": 0,
        "end": 2
      },
      "V2109370": {
        "id": "V2109370",
        "indicator": "THE",
        "type": "QUANTITY-ABSTR",
        "word": null,
        "roles": {
          "FIGURE": "#V2109089"
        },
        "start": 0,
        "end": 2
      },
      "V2109089": {
        "id": "V2109089",
        "indicator": "BARE",
        "type": "REFERENTIAL-SEM",
        "word": "|...|",
        "roles": {
          "LEX": "|...|",
          "WNSENSE": "entity%1:03:00"
        },
        "start": 0,
        "end": 2
      },
      "root": "#V2109373"
    },
    {
      "V2109386": {
        "id": "V2109386",
        "indicator": "SPEECHACT",
        "type": "SA_TELL",
        "word": null,
        "roles": {
          "CONTENT": "#V2109107",
          "LEX": "DIE"
        },
        "start": 2,
        "end": 19
      },
      "V2109107": {
        "id": "V2109107",
        "indicator": "F",
        "type": "DIE",
        "word": "DIE",
        "roles": {
          "MOD": "#V2109098",
          "AFFECTED": "#V2109387",
          "TIME": "#V2109110",
          "TENSE": "PRES",
          "LEX": "DIE",
          "WNSENSE": "die%2:30:00::"
        },
        "start": 2,
        "end": 19
      },
      "V2109387": {
        "id": "V2109387",
        "indicator": "IMPRO",
        "type": "REFERENTIAL-SEM",
        "word": null,
        "roles": {
          "PROFORM": "SUBJ"
        },
        "start": 2,
        "end": 19
      },
      "V2109098": {
        "id": "V2109098",
        "indicator": "F",
        "type": "EVAL-WRT-EXPECTATION",
        "word": "JUST",
        "roles": {
          "FIGURE": "#V2109107",
          "LEX": "JUST",
          "WNSENSE": "just%4:02:00::"
        },
        "start": 2,
        "end": 7
      },
      "V2109110": {
        "id": "V2109110",
        "indicator": "F",
        "type": "IN-PAST",
        "word": "ALREADY",
        "roles": {
          "FIGURE": "#V2109107",
          "LEX": "ALREADY",
          "WNSENSE": "already%4:02:00::"
        },
        "start": 11,
        "end": 19
      },
      "root": "#V2109386"
    },
    {
      "V2109207": {
        "id": "V2109207",
        "indicator": "SPEECHACT",
        "type": "SA_IDENTIFY",
        "word": null,
        "roles": {
          "CONTENT": "#V2109173",
          "LEX": "-"
        },
        "start": 19,
        "end": 23
      },
      "V2109173": {
        "id": "V2109173",
        "indicator": "THE",
        "type": "QUANTITY-ABSTR",
        "word": null,
        "roles": {
          "FIGURE": "#V2109122"
        },
        "start": 19,
        "end": 23
      },
      "V2109122": {
        "id": "V2109122",
        "indicator": "PRO",
        "type": "PERSON",
        "word": "YOU",
        "roles": {
          "PROFORM": "YOU",
          "LEX": "YOU",
          "WNSENSE": "person%1:03:00"
        },
        "start": 19,
        "end": 23
      },
      "root": "#V2109207"
    },
    {
      "V2109308": {
        "id": "V2109308",
        "indicator": "SPEECHACT",
        "type": "SA_IDENTIFY",
        "word": null,
        "roles": {
          "PUNCTYPE": "DECL",
          "CONTENT": "#V2109139",
          "LEX": "FUCK"
        },
        "start": 23,
        "end": 39
      },
      "V2109139": {
        "id": "V2109139",
        "indicator": "BARE",
        "type": "BODILY-PROCESS",
        "word": "FUCK",
        "roles": {
          "MOD": [
            "#V2109130",
            "#V2109135"
          ],
          "LEX": "FUCK",
          "WNSENSE": "fuck%1:04:00::"
        },
        "start": 23,
        "end": 38
      },
      "V2109130": {
        "id": "V2109130",
        "indicator": "F",
        "type": "OLD-VAL",
        "word": "OLD",
        "roles": {
          "FIGURE": "#V2109139",
          "SCALE": "AGE-SCALE",
          "LEX": "OLD",
          "WNSENSE": "old%3:00:02::"
        },
        "start": 23,
        "end": 27
      },
      "V2109135": {
        "id": "V2109135",
        "indicator": "F",
        "type": "DIRTY-VAL",
        "word": "DIRTY",
        "roles": {
          "FIGURE": "#V2109139",
          "SCALE": "UNCLEAN-SCALE",
          "LEX": "DIRTY",
          "WNSENSE": "dirty%3:00:01::"
        },
        "start": 27,
        "end": 33
      },
      "root": "#V2109308"
    },
    {
      "V2109373": {
        "id": "V2109373",
        "indicator": "SPEECHACT",
        "type": "SA_IDENTIFY",
        "word": null,
        "roles": {
          "CONTENT": "#V2109370",
          "LEX": "-"
        },
        "start": 0,
        "end": 2
      },
      "V2109370": {
        "id": "V2109370",
        "indicator": "THE",
        "type": "QUANTITY-ABSTR",
        "word": null,
        "roles": {
          "FIGURE": "#V2109089"
        },
        "start": 0,
        "end": 2
      },
      "V2109089": {
        "id": "V2109089",
        "indicator": "BARE",
        "type": "REFERENTIAL-SEM",
        "word": "|...|",
        "roles": {
          "LEX": "|...|",
          "WNSENSE": "entity%1:03:00"
        },
        "start": 0,
        "end": 2
      },
      "root": "#V2109373"
    },
    {
      "V2109344": {
        "id": "V2109344",
        "indicator": "SPEECHACT",
        "type": "SA_TELL",
        "word": null,
        "roles": {
          "CONTENT": "#V2109107",
          "MOD": "#V2109099",
          "LEX": "DIE"
        },
        "start": 2,
        "end": 19
      },
      "V2109099": {
        "id": "V2109099",
        "indicator": "F",
        "type": "MODIFIER",
        "word": "JUST",
        "roles": {
          "FIGURE": "#V2109344",
          "LEX": "JUST",
          "WNSENSE": "just%4:02:00::"
        },
        "start": 2,
        "end": 7
      },
      "V2109107": {
        "id": "V2109107",
        "indicator": "F",
        "type": "DIE",
        "word": "DIE",
        "roles": {
          "AFFECTED": "#V2109345",
          "TIME": "#V2109110",
          "TENSE": "PRES",
          "LEX": "DIE",
          "WNSENSE": "die%2:30:00::"
        },
        "start": 7,
        "end": 19
      },
      "V2109345": {
        "id": "V2109345",
        "indicator": "IMPRO",
        "type": "REFERENTIAL-SEM",
        "word": null,
        "roles": {
          "PROFORM": "SUBJ"
        },
        "start": 7,
        "end": 19
      },
      "V2109110": {
        "id": "V2109110",
        "indicator": "F",
        "type": "IN-PAST",
        "word": "ALREADY",
        "roles": {
          "FIGURE": "#V2109107",
          "LEX": "ALREADY",
          "WNSENSE": "already%4:02:00::"
        },
        "start": 11,
        "end": 19
      },
      "root": "#V2109344"
    },
    {
      "V2109207": {
        "id": "V2109207",
        "indicator": "SPEECHACT",
        "type": "SA_IDENTIFY",
        "word": null,
        "roles": {
          "CONTENT": "#V2109173",
          "LEX": "-"
        },
        "start": 19,
        "end": 23
      },
      "V2109173": {
        "id": "V2109173",
        "indicator": "THE",
        "type": "QUANTITY-ABSTR",
        "word": null,
        "roles": {
          "FIGURE": "#V2109122"
        },
        "start": 19,
        "end": 23
      },
      "V2109122": {
        "id": "V2109122",
        "indicator": "PRO",
        "type": "PERSON",
        "word": "YOU",
        "roles": {
          "PROFORM": "YOU",
          "LEX": "YOU",
          "WNSENSE": "person%1:03:00"
        },
        "start": 19,
        "end": 23
      },
      "root": "#V2109207"
    },
    {
      "V2109308": {
        "id": "V2109308",
        "indicator": "SPEECHACT",
        "type": "SA_IDENTIFY",
        "word": null,
        "roles": {
          "PUNCTYPE": "DECL",
          "CONTENT": "#V2109139",
          "LEX": "FUCK"
        },
        "start": 23,
        "end": 39
      },
      "V2109139": {
        "id": "V2109139",
        "indicator": "BARE",
        "type": "BODILY-PROCESS",
        "word": "FUCK",
        "roles": {
          "MOD": [
            "#V2109130",
            "#V2109135"
          ],
          "LEX": "FUCK",
          "WNSENSE": "fuck%1:04:00::"
        },
        "start": 23,
        "end": 38
      },
      "V2109130": {
        "id": "V2109130",
        "indicator": "F",
        "type": "OLD-VAL",
        "word": "OLD",
        "roles": {
          "FIGURE": "#V2109139",
          "SCALE": "AGE-SCALE",
          "LEX": "OLD",
          "WNSENSE": "old%3:00:02::"
        },
        "start": 23,
        "end": 27
      },
      "V2109135": {
        "id": "V2109135",
        "indicator": "F",
        "type": "DIRTY-VAL",
        "word": "DIRTY",
        "roles": {
          "FIGURE": "#V2109139",
          "SCALE": "UNCLEAN-SCALE",
          "LEX": "DIRTY",
          "WNSENSE": "dirty%3:00:01::"
        },
        "start": 27,
        "end": 33
      },
      "root": "#V2109308"
    },
    {
      "V2109373": {
        "id": "V2109373",
        "indicator": "SPEECHACT",
        "type": "SA_IDENTIFY",
        "word": null,
        "roles": {
          "CONTENT": "#V2109370",
          "LEX": "-"
        },
        "start": 0,
        "end": 2
      },
      "V2109370": {
        "id": "V2109370",
        "indicator": "THE",
        "type": "QUANTITY-ABSTR",
        "word": null,
        "roles": {
          "FIGURE": "#V2109089"
        },
        "start": 0,
        "end": 2
      },
      "V2109089": {
        "id": "V2109089",
        "indicator": "BARE",
        "type": "REFERENTIAL-SEM",
        "word": "|...|",
        "roles": {
          "LEX": "|...|",
          "WNSENSE": "entity%1:03:00"
        },
        "start": 0,
        "end": 2
      },
      "root": "#V2109373"
    },
    {
      "V2109382": {
        "id": "V2109382",
        "indicator": "SPEECHACT",
        "type": "SA_TELL",
        "word": null,
        "roles": {
          "CONTENT": "#V2109107",
          "LEX": "DIE"
        },
        "start": 2,
        "end": 19
      },
      "V2109107": {
        "id": "V2109107",
        "indicator": "F",
        "type": "DIE",
        "word": "DIE",
        "roles": {
          "TIME": "#V2109110",
          "AFFECTED": "#V2109383",
          "MOD": "#V2109098",
          "TENSE": "PRES",
          "LEX": "DIE",
          "WNSENSE": "die%2:30:00::"
        },
        "start": 2,
        "end": 19
      },
      "V2109383": {
        "id": "V2109383",
        "indicator": "IMPRO",
        "type": "REFERENTIAL-SEM",
        "word": null,
        "roles": {
          "PROFORM": "SUBJ"
        },
        "start": 2,
        "end": 19
      },
      "V2109098": {
        "id": "V2109098",
        "indicator": "F",
        "type": "EVAL-WRT-EXPECTATION",
        "word": "JUST",
        "roles": {
          "FIGURE": "#V2109107",
          "LEX": "JUST",
          "WNSENSE": "just%4:02:00::"
        },
        "start": 2,
        "end": 7
      },
      "V2109110": {
        "id": "V2109110",
        "indicator": "F",
        "type": "IN-PAST",
        "word": "ALREADY",
        "roles": {
          "FIGURE": "#V2109107",
          "LEX": "ALREADY",
          "WNSENSE": "already%4:02:00::"
        },
        "start": 11,
        "end": 19
      },
      "root": "#V2109382"
    },
    {
      "V2109207": {
        "id": "V2109207",
        "indicator": "SPEECHACT",
        "type": "SA_IDENTIFY",
        "word": null,
        "roles": {
          "CONTENT": "#V2109173",
          "LEX": "-"
        },
        "start": 19,
        "end": 23
      },
      "V2109173": {
        "id": "V2109173",
        "indicator": "THE",
        "type": "QUANTITY-ABSTR",
        "word": null,
        "roles": {
          "FIGURE": "#V2109122"
        },
        "start": 19,
        "end": 23
      },
      "V2109122": {
        "id": "V2109122",
        "indicator": "PRO",
        "type": "PERSON",
        "word": "YOU",
        "roles": {
          "PROFORM": "YOU",
          "LEX": "YOU",
          "WNSENSE": "person%1:03:00"
        },
        "start": 19,
        "end": 23
      },
      "root": "#V2109207"
    },
    {
      "V2109308": {
        "id": "V2109308",
        "indicator": "SPEECHACT",
        "type": "SA_IDENTIFY",
        "word": null,
        "roles": {
          "PUNCTYPE": "DECL",
          "CONTENT": "#V2109139",
          "LEX": "FUCK"
        },
        "start": 23,
        "end": 39
      },
      "V2109139": {
        "id": "V2109139",
        "indicator": "BARE",
        "type": "BODILY-PROCESS",
        "word": "FUCK",
        "roles": {
          "MOD": [
            "#V2109130",
            "#V2109135"
          ],
          "LEX": "FUCK",
          "WNSENSE": "fuck%1:04:00::"
        },
        "start": 23,
        "end": 38
      },
      "V2109130": {
        "id": "V2109130",
        "indicator": "F",
        "type": "OLD-VAL",
        "word": "OLD",
        "roles": {
          "FIGURE": "#V2109139",
          "SCALE": "AGE-SCALE",
          "LEX": "OLD",
          "WNSENSE": "old%3:00:02::"
        },
        "start": 23,
        "end": 27
      },
      "V2109135": {
        "id": "V2109135",
        "indicator": "F",
        "type": "DIRTY-VAL",
        "word": "DIRTY",
        "roles": {
          "FIGURE": "#V2109139",
          "SCALE": "UNCLEAN-SCALE",
          "LEX": "DIRTY",
          "WNSENSE": "dirty%3:00:01::"
        },
        "start": 27,
        "end": 33
      },
      "root": "#V2109308"
    },
    {
      "V2109373": {
        "id": "V2109373",
        "indicator": "SPEECHACT",
        "type": "SA_IDENTIFY",
        "word": null,
        "roles": {
          "CONTENT": "#V2109370",
          "LEX": "-"
        },
        "start": 0,
        "end": 2
      },
      "V2109370": {
        "id": "V2109370",
        "indicator": "THE",
        "type": "QUANTITY-ABSTR",
        "word": null,
        "roles": {
          "FIGURE": "#V2109089"
        },
        "start": 0,
        "end": 2
      },
      "V2109089": {
        "id": "V2109089",
        "indicator": "BARE",
        "type": "REFERENTIAL-SEM",
        "word": "|...|",
        "roles": {
          "LEX": "|...|",
          "WNSENSE": "entity%1:03:00"
        },
        "start": 0,
        "end": 2
      },
      "root": "#V2109373"
    },
    {
      "V2109386": {
        "id": "V2109386",
        "indicator": "SPEECHACT",
        "type": "SA_TELL",
        "word": null,
        "roles": {
          "CONTENT": "#V2109107",
          "LEX": "DIE"
        },
        "start": 2,
        "end": 19
      },
      "V2109107": {
        "id": "V2109107",
        "indicator": "F",
        "type": "DIE",
        "word": "DIE",
        "roles": {
          "MOD": "#V2109098",
          "AFFECTED": "#V2109387",
          "TIME": "#V2109110",
          "TENSE": "PRES",
          "LEX": "DIE",
          "WNSENSE": "die%2:30:00::"
        },
        "start": 2,
        "end": 19
      },
      "V2109387": {
        "id": "V2109387",
        "indicator": "IMPRO",
        "type": "REFERENTIAL-SEM",
        "word": null,
        "roles": {
          "PROFORM": "SUBJ"
        },
        "start": 2,
        "end": 19
      },
      "V2109098": {
        "id": "V2109098",
        "indicator": "F",
        "type": "EVAL-WRT-EXPECTATION",
        "word": "JUST",
        "roles": {
          "FIGURE": "#V2109107",
          "LEX": "JUST",
          "WNSENSE": "just%4:02:00::"
        },
        "start": 2,
        "end": 7
      },
      "V2109110": {
        "id": "V2109110",
        "indicator": "F",
        "type": "IN-PAST",
        "word": "ALREADY",
        "roles": {
          "FIGURE": "#V2109107",
          "LEX": "ALREADY",
          "WNSENSE": "already%4:02:00::"
        },
        "start": 11,
        "end": 19
      },
      "root": "#V2109386"
    },
    {
      "V2109209": {
        "id": "V2109209",
        "indicator": "SPEECHACT",
        "type": "SA_IDENTIFY",
        "word": null,
        "roles": {
          "CONTENT": "#V2109123",
          "LEX": "YOU"
        },
        "start": 19,
        "end": 23
      },
      "V2109123": {
        "id": "V2109123",
        "indicator": "PRO-SET",
        "type": "PERSON",
        "word": "YOU",
        "roles": {
          "PROFORM": "YOU",
          "LEX": "YOU",
          "WNSENSE": "person%1:03:00"
        },
        "start": 19,
        "end": 23
      },
      "root": "#V2109209"
    },
    {
      "V2109308": {
        "id": "V2109308",
        "indicator": "SPEECHACT",
        "type": "SA_IDENTIFY",
        "word": null,
        "roles": {
          "PUNCTYPE": "DECL",
          "CONTENT": "#V2109139",
          "LEX": "FUCK"
        },
        "start": 23,
        "end": 39
      },
      "V2109139": {
        "id": "V2109139",
        "indicator": "BARE",
        "type": "BODILY-PROCESS",
        "word": "FUCK",
        "roles": {
          "MOD": [
            "#V2109130",
            "#V2109135"
          ],
          "LEX": "FUCK",
          "WNSENSE": "fuck%1:04:00::"
        },
        "start": 23,
        "end": 38
      },
      "V2109130": {
        "id": "V2109130",
        "indicator": "F",
        "type": "OLD-VAL",
        "word": "OLD",
        "roles": {
          "FIGURE": "#V2109139",
          "SCALE": "AGE-SCALE",
          "LEX": "OLD",
          "WNSENSE": "old%3:00:02::"
        },
        "start": 23,
        "end": 27
      },
      "V2109135": {
        "id": "V2109135",
        "indicator": "F",
        "type": "DIRTY-VAL",
        "word": "DIRTY",
        "roles": {
          "FIGURE": "#V2109139",
          "SCALE": "UNCLEAN-SCALE",
          "LEX": "DIRTY",
          "WNSENSE": "dirty%3:00:01::"
        },
        "start": 27,
        "end": 33
      },
      "root": "#V2109308"
    },
    {
      "V2109373": {
        "id": "V2109373",
        "indicator": "SPEECHACT",
        "type": "SA_IDENTIFY",
        "word": null,
        "roles": {
          "CONTENT": "#V2109370",
          "LEX": "-"
        },
        "start": 0,
        "end": 2
      },
      "V2109370": {
        "id": "V2109370",
        "indicator": "THE",
        "type": "QUANTITY-ABSTR",
        "word": null,
        "roles": {
          "FIGURE": "#V2109089"
        },
        "start": 0,
        "end": 2
      },
      "V2109089": {
        "id": "V2109089",
        "indicator": "BARE",
        "type": "REFERENTIAL-SEM",
        "word": "|...|",
        "roles": {
          "LEX": "|...|",
          "WNSENSE": "entity%1:03:00"
        },
        "start": 0,
        "end": 2
      },
      "root": "#V2109373"
    },
    {
      "V2109344": {
        "id": "V2109344",
        "indicator": "SPEECHACT",
        "type": "SA_TELL",
        "word": null,
        "roles": {
          "CONTENT": "#V2109107",
          "MOD": "#V2109099",
          "LEX": "DIE"
        },
        "start": 2,
        "end": 19
      },
      "V2109099": {
        "id": "V2109099",
        "indicator": "F",
        "type": "MODIFIER",
        "word": "JUST",
        "roles": {
          "FIGURE": "#V2109344",
          "LEX": "JUST",
          "WNSENSE": "just%4:02:00::"
        },
        "start": 2,
        "end": 7
      },
      "V2109107": {
        "id": "V2109107",
        "indicator": "F",
        "type": "DIE",
        "word": "DIE",
        "roles": {
          "AFFECTED": "#V2109345",
          "TIME": "#V2109110",
          "TENSE": "PRES",
          "LEX": "DIE",
          "WNSENSE": "die%2:30:00::"
        },
        "start": 7,
        "end": 19
      },
      "V2109345": {
        "id": "V2109345",
        "indicator": "IMPRO",
        "type": "REFERENTIAL-SEM",
        "word": null,
        "roles": {
          "PROFORM": "SUBJ"
        },
        "start": 7,
        "end": 19
      },
      "V2109110": {
        "id": "V2109110",
        "indicator": "F",
        "type": "IN-PAST",
        "word": "ALREADY",
        "roles": {
          "FIGURE": "#V2109107",
          "LEX": "ALREADY",
          "WNSENSE": "already%4:02:00::"
        },
        "start": 11,
        "end": 19
      },
      "root": "#V2109344"
    },
    {
      "V2109209": {
        "id": "V2109209",
        "indicator": "SPEECHACT",
        "type": "SA_IDENTIFY",
        "word": null,
        "roles": {
          "CONTENT": "#V2109123",
          "LEX": "YOU"
        },
        "start": 19,
        "end": 23
      },
      "V2109123": {
        "id": "V2109123",
        "indicator": "PRO-SET",
        "type": "PERSON",
        "word": "YOU",
        "roles": {
          "PROFORM": "YOU",
          "LEX": "YOU",
          "WNSENSE": "person%1:03:00"
        },
        "start": 19,
        "end": 23
      },
      "root": "#V2109209"
    },
    {
      "V2109308": {
        "id": "V2109308",
        "indicator": "SPEECHACT",
        "type": "SA_IDENTIFY",
        "word": null,
        "roles": {
          "PUNCTYPE": "DECL",
          "CONTENT": "#V2109139",
          "LEX": "FUCK"
        },
        "start": 23,
        "end": 39
      },
      "V2109139": {
        "id": "V2109139",
        "indicator": "BARE",
        "type": "BODILY-PROCESS",
        "word": "FUCK",
        "roles": {
          "MOD": [
            "#V2109130",
            "#V2109135"
          ],
          "LEX": "FUCK",
          "WNSENSE": "fuck%1:04:00::"
        },
        "start": 23,
        "end": 38
      },
      "V2109130": {
        "id": "V2109130",
        "indicator": "F",
        "type": "OLD-VAL",
        "word": "OLD",
        "roles": {
          "FIGURE": "#V2109139",
          "SCALE": "AGE-SCALE",
          "LEX": "OLD",
          "WNSENSE": "old%3:00:02::"
        },
        "start": 23,
        "end": 27
      },
      "V2109135": {
        "id": "V2109135",
        "indicator": "F",
        "type": "DIRTY-VAL",
        "word": "DIRTY",
        "roles": {
          "FIGURE": "#V2109139",
          "SCALE": "UNCLEAN-SCALE",
          "LEX": "DIRTY",
          "WNSENSE": "dirty%3:00:01::"
        },
        "start": 27,
        "end": 33
      },
      "root": "#V2109308"
    },
    {
      "V2109373": {
        "id": "V2109373",
        "indicator": "SPEECHACT",
        "type": "SA_IDENTIFY",
        "word": null,
        "roles": {
          "CONTENT": "#V2109370",
          "LEX": "-"
        },
        "start": 0,
        "end": 2
      },
      "V2109370": {
        "id": "V2109370",
        "indicator": "THE",
        "type": "QUANTITY-ABSTR",
        "word": null,
        "roles": {
          "FIGURE": "#V2109089"
        },
        "start": 0,
        "end": 2
      },
      "V2109089": {
        "id": "V2109089",
        "indicator": "BARE",
        "type": "REFERENTIAL-SEM",
        "word": "|...|",
        "roles": {
          "LEX": "|...|",
          "WNSENSE": "entity%1:03:00"
        },
        "start": 0,
        "end": 2
      },
      "root": "#V2109373"
    },
    {
      "V2109382": {
        "id": "V2109382",
        "indicator": "SPEECHACT",
        "type": "SA_TELL",
        "word": null,
        "roles": {
          "CONTENT": "#V2109107",
          "LEX": "DIE"
        },
        "start": 2,
        "end": 19
      },
      "V2109107": {
        "id": "V2109107",
        "indicator": "F",
        "type": "DIE",
        "word": "DIE",
        "roles": {
          "TIME": "#V2109110",
          "AFFECTED": "#V2109383",
          "MOD": "#V2109098",
          "TENSE": "PRES",
          "LEX": "DIE",
          "WNSENSE": "die%2:30:00::"
        },
        "start": 2,
        "end": 19
      },
      "V2109383": {
        "id": "V2109383",
        "indicator": "IMPRO",
        "type": "REFERENTIAL-SEM",
        "word": null,
        "roles": {
          "PROFORM": "SUBJ"
        },
        "start": 2,
        "end": 19
      },
      "V2109098": {
        "id": "V2109098",
        "indicator": "F",
        "type": "EVAL-WRT-EXPECTATION",
        "word": "JUST",
        "roles": {
          "FIGURE": "#V2109107",
          "LEX": "JUST",
          "WNSENSE": "just%4:02:00::"
        },
        "start": 2,
        "end": 7
      },
      "V2109110": {
        "id": "V2109110",
        "indicator": "F",
        "type": "IN-PAST",
        "word": "ALREADY",
        "roles": {
          "FIGURE": "#V2109107",
          "LEX": "ALREADY",
          "WNSENSE": "already%4:02:00::"
        },
        "start": 11,
        "end": 19
      },
      "root": "#V2109382"
    },
    {
      "V2109209": {
        "id": "V2109209",
        "indicator": "SPEECHACT",
        "type": "SA_IDENTIFY",
        "word": null,
        "roles": {
          "CONTENT": "#V2109123",
          "LEX": "YOU"
        },
        "start": 19,
        "end": 23
      },
      "V2109123": {
        "id": "V2109123",
        "indicator": "PRO-SET",
        "type": "PERSON",
        "word": "YOU",
        "roles": {
          "PROFORM": "YOU",
          "LEX": "YOU",
          "WNSENSE": "person%1:03:00"
        },
        "start": 19,
        "end": 23
      },
      "root": "#V2109209"
    },
    {
      "V2109308": {
        "id": "V2109308",
        "indicator": "SPEECHACT",
        "type": "SA_IDENTIFY",
        "word": null,
        "roles": {
          "PUNCTYPE": "DECL",
          "CONTENT": "#V2109139",
          "LEX": "FUCK"
        },
        "start": 23,
        "end": 39
      },
      "V2109139": {
        "id": "V2109139",
        "indicator": "BARE",
        "type": "BODILY-PROCESS",
        "word": "FUCK",
        "roles": {
          "MOD": [
            "#V2109130",
            "#V2109135"
          ],
          "LEX": "FUCK",
          "WNSENSE": "fuck%1:04:00::"
        },
        "start": 23,
        "end": 38
      },
      "V2109130": {
        "id": "V2109130",
        "indicator": "F",
        "type": "OLD-VAL",
        "word": "OLD",
        "roles": {
          "FIGURE": "#V2109139",
          "SCALE": "AGE-SCALE",
          "LEX": "OLD",
          "WNSENSE": "old%3:00:02::"
        },
        "start": 23,
        "end": 27
      },
      "V2109135": {
        "id": "V2109135",
        "indicator": "F",
        "type": "DIRTY-VAL",
        "word": "DIRTY",
        "roles": {
          "FIGURE": "#V2109139",
          "SCALE": "UNCLEAN-SCALE",
          "LEX": "DIRTY",
          "WNSENSE": "dirty%3:00:01::"
        },
        "start": 27,
        "end": 33
      },
      "root": "#V2109308"
    },
    {
      "V2109373": {
        "id": "V2109373",
        "indicator": "SPEECHACT",
        "type": "SA_IDENTIFY",
        "word": null,
        "roles": {
          "CONTENT": "#V2109370",
          "LEX": "-"
        },
        "start": 0,
        "end": 2
      },
      "V2109370": {
        "id": "V2109370",
        "indicator": "THE",
        "type": "QUANTITY-ABSTR",
        "word": null,
        "roles": {
          "FIGURE": "#V2109089"
        },
        "start": 0,
        "end": 2
      },
      "V2109089": {
        "id": "V2109089",
        "indicator": "BARE",
        "type": "REFERENTIAL-SEM",
        "word": "|...|",
        "roles": {
          "LEX": "|...|",
          "WNSENSE": "entity%1:03:00"
        },
        "start": 0,
        "end": 2
      },
      "root": "#V2109373"
    },
    {
      "V2109386": {
        "id": "V2109386",
        "indicator": "SPEECHACT",
        "type": "SA_TELL",
        "word": null,
        "roles": {
          "CONTENT": "#V2109107",
          "LEX": "DIE"
        },
        "start": 2,
        "end": 19
      },
      "V2109107": {
        "id": "V2109107",
        "indicator": "F",
        "type": "DIE",
        "word": "DIE",
        "roles": {
          "MOD": "#V2109098",
          "AFFECTED": "#V2109387",
          "TIME": "#V2109110",
          "TENSE": "PRES",
          "LEX": "DIE",
          "WNSENSE": "die%2:30:00::"
        },
        "start": 2,
        "end": 19
      },
      "V2109387": {
        "id": "V2109387",
        "indicator": "IMPRO",
        "type": "REFERENTIAL-SEM",
        "word": null,
        "roles": {
          "PROFORM": "SUBJ"
        },
        "start": 2,
        "end": 19
      },
      "V2109098": {
        "id": "V2109098",
        "indicator": "F",
        "type": "EVAL-WRT-EXPECTATION",
        "word": "JUST",
        "roles": {
          "FIGURE": "#V2109107",
          "LEX": "JUST",
          "WNSENSE": "just%4:02:00::"
        },
        "start": 2,
        "end": 7
      },
      "V2109110": {
        "id": "V2109110",
        "indicator": "F",
        "type": "IN-PAST",
        "word": "ALREADY",
        "roles": {
          "FIGURE": "#V2109107",
          "LEX": "ALREADY",
          "WNSENSE": "already%4:02:00::"
        },
        "start": 11,
        "end": 19
      },
      "root": "#V2109386"
    },
    {
      "V2109198": {
        "id": "V2109198",
        "indicator": "SPEECHACT",
        "type": "SA_IDENTIFY",
        "word": null,
        "roles": {
          "CONTENT": "#V2109122",
          "LEX": "YOU"
        },
        "start": 19,
        "end": 23
      },
      "V2109122": {
        "id": "V2109122",
        "indicator": "PRO",
        "type": "PERSON",
        "word": "YOU",
        "roles": {
          "PROFORM": "YOU",
          "LEX": "YOU",
          "WNSENSE": "person%1:03:00"
        },
        "start": 19,
        "end": 23
      },
      "root": "#V2109198"
    },
    {
      "V2109330": {
        "id": "V2109330",
        "indicator": "SPEECHACT",
        "type": "SA_IDENTIFY",
        "word": null,
        "roles": {
          "PUNCTYPE": "DECL",
          "CONTENT": "#V2109283",
          "LEX": "-"
        },
        "start": 23,
        "end": 39
      },
      "V2109283": {
        "id": "V2109283",
        "indicator": "THE",
        "type": "QUANTITY-ABSTR",
        "word": null,
        "roles": {
          "FIGURE": "#V2109139"
        },
        "start": 23,
        "end": 38
      },
      "V2109139": {
        "id": "V2109139",
        "indicator": "BARE",
        "type": "BODILY-PROCESS",
        "word": "FUCK",
        "roles": {
          "MOD": [
            "#V2109130",
            "#V2109135"
          ],
          "LEX": "FUCK",
          "WNSENSE": "fuck%1:04:00::"
        },
        "start": 23,
        "end": 38
      },
      "V2109130": {
        "id": "V2109130",
        "indicator": "F",
        "type": "OLD-VAL",
        "word": "OLD",
        "roles": {
          "FIGURE": "#V2109139",
          "SCALE": "AGE-SCALE",
          "LEX": "OLD",
          "WNSENSE": "old%3:00:02::"
        },
        "start": 23,
        "end": 27
      },
      "V2109135": {
        "id": "V2109135",
        "indicator": "F",
        "type": "DIRTY-VAL",
        "word": "DIRTY",
        "roles": {
          "FIGURE": "#V2109139",
          "SCALE": "UNCLEAN-SCALE",
          "LEX": "DIRTY",
          "WNSENSE": "dirty%3:00:01::"
        },
        "start": 27,
        "end": 33
      },
      "root": "#V2109330"
    },
    {
      "V2109373": {
        "id": "V2109373",
        "indicator": "SPEECHACT",
        "type": "SA_IDENTIFY",
        "word": null,
        "roles": {
          "CONTENT": "#V2109370",
          "LEX": "-"
        },
        "start": 0,
        "end": 2
      },
      "V2109370": {
        "id": "V2109370",
        "indicator": "THE",
        "type": "QUANTITY-ABSTR",
        "word": null,
        "roles": {
          "FIGURE": "#V2109089"
        },
        "start": 0,
        "end": 2
      },
      "V2109089": {
        "id": "V2109089",
        "indicator": "BARE",
        "type": "REFERENTIAL-SEM",
        "word": "|...|",
        "roles": {
          "LEX": "|...|",
          "WNSENSE": "entity%1:03:00"
        },
        "start": 0,
        "end": 2
      },
      "root": "#V2109373"
    },
    {
      "V2109344": {
        "id": "V2109344",
        "indicator": "SPEECHACT",
        "type": "SA_TELL",
        "word": null,
        "roles": {
          "CONTENT": "#V2109107",
          "MOD": "#V2109099",
          "LEX": "DIE"
        },
        "start": 2,
        "end": 19
      },
      "V2109099": {
        "id": "V2109099",
        "indicator": "F",
        "type": "MODIFIER",
        "word": "JUST",
        "roles": {
          "FIGURE": "#V2109344",
          "LEX": "JUST",
          "WNSENSE": "just%4:02:00::"
        },
        "start": 2,
        "end": 7
      },
      "V2109107": {
        "id": "V2109107",
        "indicator": "F",
        "type": "DIE",
        "word": "DIE",
        "roles": {
          "AFFECTED": "#V2109345",
          "TIME": "#V2109110",
          "TENSE": "PRES",
          "LEX": "DIE",
          "WNSENSE": "die%2:30:00::"
        },
        "start": 7,
        "end": 19
      },
      "V2109345": {
        "id": "V2109345",
        "indicator": "IMPRO",
        "type": "REFERENTIAL-SEM",
        "word": null,
        "roles": {
          "PROFORM": "SUBJ"
        },
        "start": 7,
        "end": 19
      },
      "V2109110": {
        "id": "V2109110",
        "indicator": "F",
        "type": "IN-PAST",
        "word": "ALREADY",
        "roles": {
          "FIGURE": "#V2109107",
          "LEX": "ALREADY",
          "WNSENSE": "already%4:02:00::"
        },
        "start": 11,
        "end": 19
      },
      "root": "#V2109344"
    },
    {
      "V2109198": {
        "id": "V2109198",
        "indicator": "SPEECHACT",
        "type": "SA_IDENTIFY",
        "word": null,
        "roles": {
          "CONTENT": "#V2109122",
          "LEX": "YOU"
        },
        "start": 19,
        "end": 23
      },
      "V2109122": {
        "id": "V2109122",
        "indicator": "PRO",
        "type": "PERSON",
        "word": "YOU",
        "roles": {
          "PROFORM": "YOU",
          "LEX": "YOU",
          "WNSENSE": "person%1:03:00"
        },
        "start": 19,
        "end": 23
      },
      "root": "#V2109198"
    },
    {
      "V2109330": {
        "id": "V2109330",
        "indicator": "SPEECHACT",
        "type": "SA_IDENTIFY",
        "word": null,
        "roles": {
          "PUNCTYPE": "DECL",
          "CONTENT": "#V2109283",
          "LEX": "-"
        },
        "start": 23,
        "end": 39
      },
      "V2109283": {
        "id": "V2109283",
        "indicator": "THE",
        "type": "QUANTITY-ABSTR",
        "word": null,
        "roles": {
          "FIGURE": "#V2109139"
        },
        "start": 23,
        "end": 38
      },
      "V2109139": {
        "id": "V2109139",
        "indicator": "BARE",
        "type": "BODILY-PROCESS",
        "word": "FUCK",
        "roles": {
          "MOD": [
            "#V2109130",
            "#V2109135"
          ],
          "LEX": "FUCK",
          "WNSENSE": "fuck%1:04:00::"
        },
        "start": 23,
        "end": 38
      },
      "V2109130": {
        "id": "V2109130",
        "indicator": "F",
        "type": "OLD-VAL",
        "word": "OLD",
        "roles": {
          "FIGURE": "#V2109139",
          "SCALE": "AGE-SCALE",
          "LEX": "OLD",
          "WNSENSE": "old%3:00:02::"
        },
        "start": 23,
        "end": 27
      },
      "V2109135": {
        "id": "V2109135",
        "indicator": "F",
        "type": "DIRTY-VAL",
        "word": "DIRTY",
        "roles": {
          "FIGURE": "#V2109139",
          "SCALE": "UNCLEAN-SCALE",
          "LEX": "DIRTY",
          "WNSENSE": "dirty%3:00:01::"
        },
        "start": 27,
        "end": 33
      },
      "root": "#V2109330"
    },
    {
      "V2109373": {
        "id": "V2109373",
        "indicator": "SPEECHACT",
        "type": "SA_IDENTIFY",
        "word": null,
        "roles": {
          "CONTENT": "#V2109370",
          "LEX": "-"
        },
        "start": 0,
        "end": 2
      },
      "V2109370": {
        "id": "V2109370",
        "indicator": "THE",
        "type": "QUANTITY-ABSTR",
        "word": null,
        "roles": {
          "FIGURE": "#V2109089"
        },
        "start": 0,
        "end": 2
      },
      "V2109089": {
        "id": "V2109089",
        "indicator": "BARE",
        "type": "REFERENTIAL-SEM",
        "word": "|...|",
        "roles": {
          "LEX": "|...|",
          "WNSENSE": "entity%1:03:00"
        },
        "start": 0,
        "end": 2
      },
      "root": "#V2109373"
    },
    {
      "V2109382": {
        "id": "V2109382",
        "indicator": "SPEECHACT",
        "type": "SA_TELL",
        "word": null,
        "roles": {
          "CONTENT": "#V2109107",
          "LEX": "DIE"
        },
        "start": 2,
        "end": 19
      },
      "V2109107": {
        "id": "V2109107",
        "indicator": "F",
        "type": "DIE",
        "word": "DIE",
        "roles": {
          "TIME": "#V2109110",
          "AFFECTED": "#V2109383",
          "MOD": "#V2109098",
          "TENSE": "PRES",
          "LEX": "DIE",
          "WNSENSE": "die%2:30:00::"
        },
        "start": 2,
        "end": 19
      },
      "V2109383": {
        "id": "V2109383",
        "indicator": "IMPRO",
        "type": "REFERENTIAL-SEM",
        "word": null,
        "roles": {
          "PROFORM": "SUBJ"
        },
        "start": 2,
        "end": 19
      },
      "V2109098": {
        "id": "V2109098",
        "indicator": "F",
        "type": "EVAL-WRT-EXPECTATION",
        "word": "JUST",
        "roles": {
          "FIGURE": "#V2109107",
          "LEX": "JUST",
          "WNSENSE": "just%4:02:00::"
        },
        "start": 2,
        "end": 7
      },
      "V2109110": {
        "id": "V2109110",
        "indicator": "F",
        "type": "IN-PAST",
        "word": "ALREADY",
        "roles": {
          "FIGURE": "#V2109107",
          "LEX": "ALREADY",
          "WNSENSE": "already%4:02:00::"
        },
        "start": 11,
        "end": 19
      },
      "root": "#V2109382"
    },
    {
      "V2109198": {
        "id": "V2109198",
        "indicator": "SPEECHACT",
        "type": "SA_IDENTIFY",
        "word": null,
        "roles": {
          "CONTENT": "#V2109122",
          "LEX": "YOU"
        },
        "start": 19,
        "end": 23
      },
      "V2109122": {
        "id": "V2109122",
        "indicator": "PRO",
        "type": "PERSON",
        "word": "YOU",
        "roles": {
          "PROFORM": "YOU",
          "LEX": "YOU",
          "WNSENSE": "person%1:03:00"
        },
        "start": 19,
        "end": 23
      },
      "root": "#V2109198"
    },
    {
      "V2109330": {
        "id": "V2109330",
        "indicator": "SPEECHACT",
        "type": "SA_IDENTIFY",
        "word": null,
        "roles": {
          "PUNCTYPE": "DECL",
          "CONTENT": "#V2109283",
          "LEX": "-"
        },
        "start": 23,
        "end": 39
      },
      "V2109283": {
        "id": "V2109283",
        "indicator": "THE",
        "type": "QUANTITY-ABSTR",
        "word": null,
        "roles": {
          "FIGURE": "#V2109139"
        },
        "start": 23,
        "end": 38
      },
      "V2109139": {
        "id": "V2109139",
        "indicator": "BARE",
        "type": "BODILY-PROCESS",
        "word": "FUCK",
        "roles": {
          "MOD": [
            "#V2109130",
            "#V2109135"
          ],
          "LEX": "FUCK",
          "WNSENSE": "fuck%1:04:00::"
        },
        "start": 23,
        "end": 38
      },
      "V2109130": {
        "id": "V2109130",
        "indicator": "F",
        "type": "OLD-VAL",
        "word": "OLD",
        "roles": {
          "FIGURE": "#V2109139",
          "SCALE": "AGE-SCALE",
          "LEX": "OLD",
          "WNSENSE": "old%3:00:02::"
        },
        "start": 23,
        "end": 27
      },
      "V2109135": {
        "id": "V2109135",
        "indicator": "F",
        "type": "DIRTY-VAL",
        "word": "DIRTY",
        "roles": {
          "FIGURE": "#V2109139",
          "SCALE": "UNCLEAN-SCALE",
          "LEX": "DIRTY",
          "WNSENSE": "dirty%3:00:01::"
        },
        "start": 27,
        "end": 33
      },
      "root": "#V2109330"
    },
    {
      "V2109373": {
        "id": "V2109373",
        "indicator": "SPEECHACT",
        "type": "SA_IDENTIFY",
        "word": null,
        "roles": {
          "CONTENT": "#V2109370",
          "LEX": "-"
        },
        "start": 0,
        "end": 2
      },
      "V2109370": {
        "id": "V2109370",
        "indicator": "THE",
        "type": "QUANTITY-ABSTR",
        "word": null,
        "roles": {
          "FIGURE": "#V2109089"
        },
        "start": 0,
        "end": 2
      },
      "V2109089": {
        "id": "V2109089",
        "indicator": "BARE",
        "type": "REFERENTIAL-SEM",
        "word": "|...|",
        "roles": {
          "LEX": "|...|",
          "WNSENSE": "entity%1:03:00"
        },
        "start": 0,
        "end": 2
      },
      "root": "#V2109373"
    },
    {
      "V2109386": {
        "id": "V2109386",
        "indicator": "SPEECHACT",
        "type": "SA_TELL",
        "word": null,
        "roles": {
          "CONTENT": "#V2109107",
          "LEX": "DIE"
        },
        "start": 2,
        "end": 19
      },
      "V2109107": {
        "id": "V2109107",
        "indicator": "F",
        "type": "DIE",
        "word": "DIE",
        "roles": {
          "MOD": "#V2109098",
          "AFFECTED": "#V2109387",
          "TIME": "#V2109110",
          "TENSE": "PRES",
          "LEX": "DIE",
          "WNSENSE": "die%2:30:00::"
        },
        "start": 2,
        "end": 19
      },
      "V2109387": {
        "id": "V2109387",
        "indicator": "IMPRO",
        "type": "REFERENTIAL-SEM",
        "word": null,
        "roles": {
          "PROFORM": "SUBJ"
        },
        "start": 2,
        "end": 19
      },
      "V2109098": {
        "id": "V2109098",
        "indicator": "F",
        "type": "EVAL-WRT-EXPECTATION",
        "word": "JUST",
        "roles": {
          "FIGURE": "#V2109107",
          "LEX": "JUST",
          "WNSENSE": "just%4:02:00::"
        },
        "start": 2,
        "end": 7
      },
      "V2109110": {
        "id": "V2109110",
        "indicator": "F",
        "type": "IN-PAST",
        "word": "ALREADY",
        "roles": {
          "FIGURE": "#V2109107",
          "LEX": "ALREADY",
          "WNSENSE": "already%4:02:00::"
        },
        "start": 11,
        "end": 19
      },
      "root": "#V2109386"
    },
    {
      "V2109211": {
        "id": "V2109211",
        "indicator": "SPEECHACT",
        "type": "SA_IDENTIFY",
        "word": null,
        "roles": {
          "CONTENT": "#V2109195",
          "LEX": "-"
        },
        "start": 19,
        "end": 23
      },
      "V2109195": {
        "id": "V2109195",
        "indicator": "THE",
        "type": "QUANTITY-ABSTR",
        "word": null,
        "roles": {
          "FIGURE": "#V2109123"
        },
        "start": 19,
        "end": 23
      },
      "V2109123": {
        "id": "V2109123",
        "indicator": "PRO-SET",
        "type": "PERSON",
        "word": "YOU",
        "roles": {
          "PROFORM": "YOU",
          "LEX": "YOU",
          "WNSENSE": "person%1:03:00"
        },
        "start": 19,
        "end": 23
      },
      "root": "#V2109211"
    },
    {
      "V2109308": {
        "id": "V2109308",
        "indicator": "SPEECHACT",
        "type": "SA_IDENTIFY",
        "word": null,
        "roles": {
          "PUNCTYPE": "DECL",
          "CONTENT": "#V2109139",
          "LEX": "FUCK"
        },
        "start": 23,
        "end": 39
      },
      "V2109139": {
        "id": "V2109139",
        "indicator": "BARE",
        "type": "BODILY-PROCESS",
        "word": "FUCK",
        "roles": {
          "MOD": [
            "#V2109130",
            "#V2109135"
          ],
          "LEX": "FUCK",
          "WNSENSE": "fuck%1:04:00::"
        },
        "start": 23,
        "end": 38
      },
      "V2109130": {
        "id": "V2109130",
        "indicator": "F",
        "type": "OLD-VAL",
        "word": "OLD",
        "roles": {
          "FIGURE": "#V2109139",
          "SCALE": "AGE-SCALE",
          "LEX": "OLD",
          "WNSENSE": "old%3:00:02::"
        },
        "start": 23,
        "end": 27
      },
      "V2109135": {
        "id": "V2109135",
        "indicator": "F",
        "type": "DIRTY-VAL",
        "word": "DIRTY",
        "roles": {
          "FIGURE": "#V2109139",
          "SCALE": "UNCLEAN-SCALE",
          "LEX": "DIRTY",
          "WNSENSE": "dirty%3:00:01::"
        },
        "start": 27,
        "end": 33
      },
      "root": "#V2109308"
    },
    {
      "V2109373": {
        "id": "V2109373",
        "indicator": "SPEECHACT",
        "type": "SA_IDENTIFY",
        "word": null,
        "roles": {
          "CONTENT": "#V2109370",
          "LEX": "-"
        },
        "start": 0,
        "end": 2
      },
      "V2109370": {
        "id": "V2109370",
        "indicator": "THE",
        "type": "QUANTITY-ABSTR",
        "word": null,
        "roles": {
          "FIGURE": "#V2109089"
        },
        "start": 0,
        "end": 2
      },
      "V2109089": {
        "id": "V2109089",
        "indicator": "BARE",
        "type": "REFERENTIAL-SEM",
        "word": "|...|",
        "roles": {
          "LEX": "|...|",
          "WNSENSE": "entity%1:03:00"
        },
        "start": 0,
        "end": 2
      },
      "root": "#V2109373"
    },
    {
      "V2109344": {
        "id": "V2109344",
        "indicator": "SPEECHACT",
        "type": "SA_TELL",
        "word": null,
        "roles": {
          "CONTENT": "#V2109107",
          "MOD": "#V2109099",
          "LEX": "DIE"
        },
        "start": 2,
        "end": 19
      },
      "V2109099": {
        "id": "V2109099",
        "indicator": "F",
        "type": "MODIFIER",
        "word": "JUST",
        "roles": {
          "FIGURE": "#V2109344",
          "LEX": "JUST",
          "WNSENSE": "just%4:02:00::"
        },
        "start": 2,
        "end": 7
      },
      "V2109107": {
        "id": "V2109107",
        "indicator": "F",
        "type": "DIE",
        "word": "DIE",
        "roles": {
          "AFFECTED": "#V2109345",
          "TIME": "#V2109110",
          "TENSE": "PRES",
          "LEX": "DIE",
          "WNSENSE": "die%2:30:00::"
        },
        "start": 7,
        "end": 19
      },
      "V2109345": {
        "id": "V2109345",
        "indicator": "IMPRO",
        "type": "REFERENTIAL-SEM",
        "word": null,
        "roles": {
          "PROFORM": "SUBJ"
        },
        "start": 7,
        "end": 19
      },
      "V2109110": {
        "id": "V2109110",
        "indicator": "F",
        "type": "IN-PAST",
        "word": "ALREADY",
        "roles": {
          "FIGURE": "#V2109107",
          "LEX": "ALREADY",
          "WNSENSE": "already%4:02:00::"
        },
        "start": 11,
        "end": 19
      },
      "root": "#V2109344"
    },
    {
      "V2109211": {
        "id": "V2109211",
        "indicator": "SPEECHACT",
        "type": "SA_IDENTIFY",
        "word": null,
        "roles": {
          "CONTENT": "#V2109195",
          "LEX": "-"
        },
        "start": 19,
        "end": 23
      },
      "V2109195": {
        "id": "V2109195",
        "indicator": "THE",
        "type": "QUANTITY-ABSTR",
        "word": null,
        "roles": {
          "FIGURE": "#V2109123"
        },
        "start": 19,
        "end": 23
      },
      "V2109123": {
        "id": "V2109123",
        "indicator": "PRO-SET",
        "type": "PERSON",
        "word": "YOU",
        "roles": {
          "PROFORM": "YOU",
          "LEX": "YOU",
          "WNSENSE": "person%1:03:00"
        },
        "start": 19,
        "end": 23
      },
      "root": "#V2109211"
    },
    {
      "V2109308": {
        "id": "V2109308",
        "indicator": "SPEECHACT",
        "type": "SA_IDENTIFY",
        "word": null,
        "roles": {
          "PUNCTYPE": "DECL",
          "CONTENT": "#V2109139",
          "LEX": "FUCK"
        },
        "start": 23,
        "end": 39
      },
      "V2109139": {
        "id": "V2109139",
        "indicator": "BARE",
        "type": "BODILY-PROCESS",
        "word": "FUCK",
        "roles": {
          "MOD": [
            "#V2109130",
            "#V2109135"
          ],
          "LEX": "FUCK",
          "WNSENSE": "fuck%1:04:00::"
        },
        "start": 23,
        "end": 38
      },
      "V2109130": {
        "id": "V2109130",
        "indicator": "F",
        "type": "OLD-VAL",
        "word": "OLD",
        "roles": {
          "FIGURE": "#V2109139",
          "SCALE": "AGE-SCALE",
          "LEX": "OLD",
          "WNSENSE": "old%3:00:02::"
        },
        "start": 23,
        "end": 27
      },
      "V2109135": {
        "id": "V2109135",
        "indicator": "F",
        "type": "DIRTY-VAL",
        "word": "DIRTY",
        "roles": {
          "FIGURE": "#V2109139",
          "SCALE": "UNCLEAN-SCALE",
          "LEX": "DIRTY",
          "WNSENSE": "dirty%3:00:01::"
        },
        "start": 27,
        "end": 33
      },
      "root": "#V2109308"
    },
    {
      "V2109373": {
        "id": "V2109373",
        "indicator": "SPEECHACT",
        "type": "SA_IDENTIFY",
        "word": null,
        "roles": {
          "CONTENT": "#V2109370",
          "LEX": "-"
        },
        "start": 0,
        "end": 2
      },
      "V2109370": {
        "id": "V2109370",
        "indicator": "THE",
        "type": "QUANTITY-ABSTR",
        "word": null,
        "roles": {
          "FIGURE": "#V2109089"
        },
        "start": 0,
        "end": 2
      },
      "V2109089": {
        "id": "V2109089",
        "indicator": "BARE",
        "type": "REFERENTIAL-SEM",
        "word": "|...|",
        "roles": {
          "LEX": "|...|",
          "WNSENSE": "entity%1:03:00"
        },
        "start": 0,
        "end": 2
      },
      "root": "#V2109373"
    },
    {
      "V2109382": {
        "id": "V2109382",
        "indicator": "SPEECHACT",
        "type": "SA_TELL",
        "word": null,
        "roles": {
          "CONTENT": "#V2109107",
          "LEX": "DIE"
        },
        "start": 2,
        "end": 19
      },
      "V2109107": {
        "id": "V2109107",
        "indicator": "F",
        "type": "DIE",
        "word": "DIE",
        "roles": {
          "TIME": "#V2109110",
          "AFFECTED": "#V2109383",
          "MOD": "#V2109098",
          "TENSE": "PRES",
          "LEX": "DIE",
          "WNSENSE": "die%2:30:00::"
        },
        "start": 2,
        "end": 19
      },
      "V2109383": {
        "id": "V2109383",
        "indicator": "IMPRO",
        "type": "REFERENTIAL-SEM",
        "word": null,
        "roles": {
          "PROFORM": "SUBJ"
        },
        "start": 2,
        "end": 19
      },
      "V2109098": {
        "id": "V2109098",
        "indicator": "F",
        "type": "EVAL-WRT-EXPECTATION",
        "word": "JUST",
        "roles": {
          "FIGURE": "#V2109107",
          "LEX": "JUST",
          "WNSENSE": "just%4:02:00::"
        },
        "start": 2,
        "end": 7
      },
      "V2109110": {
        "id": "V2109110",
        "indicator": "F",
        "type": "IN-PAST",
        "word": "ALREADY",
        "roles": {
          "FIGURE": "#V2109107",
          "LEX": "ALREADY",
          "WNSENSE": "already%4:02:00::"
        },
        "start": 11,
        "end": 19
      },
      "root": "#V2109382"
    },
    {
      "V2109211": {
        "id": "V2109211",
        "indicator": "SPEECHACT",
        "type": "SA_IDENTIFY",
        "word": null,
        "roles": {
          "CONTENT": "#V2109195",
          "LEX": "-"
        },
        "start": 19,
        "end": 23
      },
      "V2109195": {
        "id": "V2109195",
        "indicator": "THE",
        "type": "QUANTITY-ABSTR",
        "word": null,
        "roles": {
          "FIGURE": "#V2109123"
        },
        "start": 19,
        "end": 23
      },
      "V2109123": {
        "id": "V2109123",
        "indicator": "PRO-SET",
        "type": "PERSON",
        "word": "YOU",
        "roles": {
          "PROFORM": "YOU",
          "LEX": "YOU",
          "WNSENSE": "person%1:03:00"
        },
        "start": 19,
        "end": 23
      },
      "root": "#V2109211"
    },
    {
      "V2109308": {
        "id": "V2109308",
        "indicator": "SPEECHACT",
        "type": "SA_IDENTIFY",
        "word": null,
        "roles": {
          "PUNCTYPE": "DECL",
          "CONTENT": "#V2109139",
          "LEX": "FUCK"
        },
        "start": 23,
        "end": 39
      },
      "V2109139": {
        "id": "V2109139",
        "indicator": "BARE",
        "type": "BODILY-PROCESS",
        "word": "FUCK",
        "roles": {
          "MOD": [
            "#V2109130",
            "#V2109135"
          ],
          "LEX": "FUCK",
          "WNSENSE": "fuck%1:04:00::"
        },
        "start": 23,
        "end": 38
      },
      "V2109130": {
        "id": "V2109130",
        "indicator": "F",
        "type": "OLD-VAL",
        "word": "OLD",
        "roles": {
          "FIGURE": "#V2109139",
          "SCALE": "AGE-SCALE",
          "LEX": "OLD",
          "WNSENSE": "old%3:00:02::"
        },
        "start": 23,
        "end": 27
      },
      "V2109135": {
        "id": "V2109135",
        "indicator": "F",
        "type": "DIRTY-VAL",
        "word": "DIRTY",
        "roles": {
          "FIGURE": "#V2109139",
          "SCALE": "UNCLEAN-SCALE",
          "LEX": "DIRTY",
          "WNSENSE": "dirty%3:00:01::"
        },
        "start": 27,
        "end": 33
      },
      "root": "#V2109308"
    },
    {
      "V2109373": {
        "id": "V2109373",
        "indicator": "SPEECHACT",
        "type": "SA_IDENTIFY",
        "word": null,
        "roles": {
          "CONTENT": "#V2109370",
          "LEX": "-"
        },
        "start": 0,
        "end": 2
      },
      "V2109370": {
        "id": "V2109370",
        "indicator": "THE",
        "type": "QUANTITY-ABSTR",
        "word": null,
        "roles": {
          "FIGURE": "#V2109089"
        },
        "start": 0,
        "end": 2
      },
      "V2109089": {
        "id": "V2109089",
        "indicator": "BARE",
        "type": "REFERENTIAL-SEM",
        "word": "|...|",
        "roles": {
          "LEX": "|...|",
          "WNSENSE": "entity%1:03:00"
        },
        "start": 0,
        "end": 2
      },
      "root": "#V2109373"
    },
    {
      "V2109386": {
        "id": "V2109386",
        "indicator": "SPEECHACT",
        "type": "SA_TELL",
        "word": null,
        "roles": {
          "CONTENT": "#V2109107",
          "LEX": "DIE"
        },
        "start": 2,
        "end": 19
      },
      "V2109107": {
        "id": "V2109107",
        "indicator": "F",
        "type": "DIE",
        "word": "DIE",
        "roles": {
          "MOD": "#V2109098",
          "AFFECTED": "#V2109387",
          "TIME": "#V2109110",
          "TENSE": "PRES",
          "LEX": "DIE",
          "WNSENSE": "die%2:30:00::"
        },
        "start": 2,
        "end": 19
      },
      "V2109387": {
        "id": "V2109387",
        "indicator": "IMPRO",
        "type": "REFERENTIAL-SEM",
        "word": null,
        "roles": {
          "PROFORM": "SUBJ"
        },
        "start": 2,
        "end": 19
      },
      "V2109098": {
        "id": "V2109098",
        "indicator": "F",
        "type": "EVAL-WRT-EXPECTATION",
        "word": "JUST",
        "roles": {
          "FIGURE": "#V2109107",
          "LEX": "JUST",
          "WNSENSE": "just%4:02:00::"
        },
        "start": 2,
        "end": 7
      },
      "V2109110": {
        "id": "V2109110",
        "indicator": "F",
        "type": "IN-PAST",
        "word": "ALREADY",
        "roles": {
          "FIGURE": "#V2109107",
          "LEX": "ALREADY",
          "WNSENSE": "already%4:02:00::"
        },
        "start": 11,
        "end": 19
      },
      "root": "#V2109386"
    },
    {
      "V2109198": {
        "id": "V2109198",
        "indicator": "SPEECHACT",
        "type": "SA_IDENTIFY",
        "word": null,
        "roles": {
          "CONTENT": "#V2109122",
          "LEX": "YOU"
        },
        "start": 19,
        "end": 23
      },
      "V2109122": {
        "id": "V2109122",
        "indicator": "PRO",
        "type": "PERSON",
        "word": "YOU",
        "roles": {
          "PROFORM": "YOU",
          "LEX": "YOU",
          "WNSENSE": "person%1:03:00"
        },
        "start": 19,
        "end": 23
      },
      "root": "#V2109198"
    },
    {
      "V2109333": {
        "id": "V2109333",
        "indicator": "SPEECHACT",
        "type": "SA_IDENTIFY",
        "word": null,
        "roles": {
          "PUNCTYPE": "DECL",
          "CONTENT": "#V2109139",
          "LEX": "FUCK"
        },
        "start": 23,
        "end": 39
      },
      "V2109139": {
        "id": "V2109139",
        "indicator": "BARE",
        "type": "BODILY-PROCESS",
        "word": "FUCK",
        "roles": {
          "MOD": [
            "#V2109130",
            "#V2109135"
          ],
          "LEX": "FUCK",
          "WNSENSE": "fuck%1:04:00::"
        },
        "start": 23,
        "end": 38
      },
      "V2109130": {
        "id": "V2109130",
        "indicator": "F",
        "type": "OLD-VAL",
        "word": "OLD",
        "roles": {
          "FIGURE": "#V2109139",
          "SCALE": "AGE-SCALE",
          "LEX": "OLD",
          "WNSENSE": "old%3:00:02::"
        },
        "start": 23,
        "end": 27
      },
      "V2109135": {
        "id": "V2109135",
        "indicator": "F",
        "type": "DIRTY-VAL",
        "word": "DIRTY",
        "roles": {
          "FIGURE": "#V2109139",
          "SCALE": "UNCLEAN-SCALE",
          "LEX": "DIRTY",
          "WNSENSE": "dirty%3:00:01::"
        },
        "start": 27,
        "end": 33
      },
      "root": "#V2109333"
    },
    {
      "V2109373": {
        "id": "V2109373",
        "indicator": "SPEECHACT",
        "type": "SA_IDENTIFY",
        "word": null,
        "roles": {
          "CONTENT": "#V2109370",
          "LEX": "-"
        },
        "start": 0,
        "end": 2
      },
      "V2109370": {
        "id": "V2109370",
        "indicator": "THE",
        "type": "QUANTITY-ABSTR",
        "word": null,
        "roles": {
          "FIGURE": "#V2109089"
        },
        "start": 0,
        "end": 2
      },
      "V2109089": {
        "id": "V2109089",
        "indicator": "BARE",
        "type": "REFERENTIAL-SEM",
        "word": "|...|",
        "roles": {
          "LEX": "|...|",
          "WNSENSE": "entity%1:03:00"
        },
        "start": 0,
        "end": 2
      },
      "root": "#V2109373"
    },
    {
      "V2109344": {
        "id": "V2109344",
        "indicator": "SPEECHACT",
        "type": "SA_TELL",
        "word": null,
        "roles": {
          "CONTENT": "#V2109107",
          "MOD": "#V2109099",
          "LEX": "DIE"
        },
        "start": 2,
        "end": 19
      },
      "V2109099": {
        "id": "V2109099",
        "indicator": "F",
        "type": "MODIFIER",
        "word": "JUST",
        "roles": {
          "FIGURE": "#V2109344",
          "LEX": "JUST",
          "WNSENSE": "just%4:02:00::"
        },
        "start": 2,
        "end": 7
      },
      "V2109107": {
        "id": "V2109107",
        "indicator": "F",
        "type": "DIE",
        "word": "DIE",
        "roles": {
          "AFFECTED": "#V2109345",
          "TIME": "#V2109110",
          "TENSE": "PRES",
          "LEX": "DIE",
          "WNSENSE": "die%2:30:00::"
        },
        "start": 7,
        "end": 19
      },
      "V2109345": {
        "id": "V2109345",
        "indicator": "IMPRO",
        "type": "REFERENTIAL-SEM",
        "word": null,
        "roles": {
          "PROFORM": "SUBJ"
        },
        "start": 7,
        "end": 19
      },
      "V2109110": {
        "id": "V2109110",
        "indicator": "F",
        "type": "IN-PAST",
        "word": "ALREADY",
        "roles": {
          "FIGURE": "#V2109107",
          "LEX": "ALREADY",
          "WNSENSE": "already%4:02:00::"
        },
        "start": 11,
        "end": 19
      },
      "root": "#V2109344"
    },
    {
      "V2109198": {
        "id": "V2109198",
        "indicator": "SPEECHACT",
        "type": "SA_IDENTIFY",
        "word": null,
        "roles": {
          "CONTENT": "#V2109122",
          "LEX": "YOU"
        },
        "start": 19,
        "end": 23
      },
      "V2109122": {
        "id": "V2109122",
        "indicator": "PRO",
        "type": "PERSON",
        "word": "YOU",
        "roles": {
          "PROFORM": "YOU",
          "LEX": "YOU",
          "WNSENSE": "person%1:03:00"
        },
        "start": 19,
        "end": 23
      },
      "root": "#V2109198"
    },
    {
      "V2109333": {
        "id": "V2109333",
        "indicator": "SPEECHACT",
        "type": "SA_IDENTIFY",
        "word": null,
        "roles": {
          "PUNCTYPE": "DECL",
          "CONTENT": "#V2109139",
          "LEX": "FUCK"
        },
        "start": 23,
        "end": 39
      },
      "V2109139": {
        "id": "V2109139",
        "indicator": "BARE",
        "type": "BODILY-PROCESS",
        "word": "FUCK",
        "roles": {
          "MOD": [
            "#V2109130",
            "#V2109135"
          ],
          "LEX": "FUCK",
          "WNSENSE": "fuck%1:04:00::"
        },
        "start": 23,
        "end": 38
      },
      "V2109130": {
        "id": "V2109130",
        "indicator": "F",
        "type": "OLD-VAL",
        "word": "OLD",
        "roles": {
          "FIGURE": "#V2109139",
          "SCALE": "AGE-SCALE",
          "LEX": "OLD",
          "WNSENSE": "old%3:00:02::"
        },
        "start": 23,
        "end": 27
      },
      "V2109135": {
        "id": "V2109135",
        "indicator": "F",
        "type": "DIRTY-VAL",
        "word": "DIRTY",
        "roles": {
          "FIGURE": "#V2109139",
          "SCALE": "UNCLEAN-SCALE",
          "LEX": "DIRTY",
          "WNSENSE": "dirty%3:00:01::"
        },
        "start": 27,
        "end": 33
      },
      "root": "#V2109333"
    },
    {
      "V2109373": {
        "id": "V2109373",
        "indicator": "SPEECHACT",
        "type": "SA_IDENTIFY",
        "word": null,
        "roles": {
          "CONTENT": "#V2109370",
          "LEX": "-"
        },
        "start": 0,
        "end": 2
      },
      "V2109370": {
        "id": "V2109370",
        "indicator": "THE",
        "type": "QUANTITY-ABSTR",
        "word": null,
        "roles": {
          "FIGURE": "#V2109089"
        },
        "start": 0,
        "end": 2
      },
      "V2109089": {
        "id": "V2109089",
        "indicator": "BARE",
        "type": "REFERENTIAL-SEM",
        "word": "|...|",
        "roles": {
          "LEX": "|...|",
          "WNSENSE": "entity%1:03:00"
        },
        "start": 0,
        "end": 2
      },
      "root": "#V2109373"
    },
    {
      "V2109382": {
        "id": "V2109382",
        "indicator": "SPEECHACT",
        "type": "SA_TELL",
        "word": null,
        "roles": {
          "CONTENT": "#V2109107",
          "LEX": "DIE"
        },
        "start": 2,
        "end": 19
      },
      "V2109107": {
        "id": "V2109107",
        "indicator": "F",
        "type": "DIE",
        "word": "DIE",
        "roles": {
          "TIME": "#V2109110",
          "AFFECTED": "#V2109383",
          "MOD": "#V2109098",
          "TENSE": "PRES",
          "LEX": "DIE",
          "WNSENSE": "die%2:30:00::"
        },
        "start": 2,
        "end": 19
      },
      "V2109383": {
        "id": "V2109383",
        "indicator": "IMPRO",
        "type": "REFERENTIAL-SEM",
        "word": null,
        "roles": {
          "PROFORM": "SUBJ"
        },
        "start": 2,
        "end": 19
      },
      "V2109098": {
        "id": "V2109098",
        "indicator": "F",
        "type": "EVAL-WRT-EXPECTATION",
        "word": "JUST",
        "roles": {
          "FIGURE": "#V2109107",
          "LEX": "JUST",
          "WNSENSE": "just%4:02:00::"
        },
        "start": 2,
        "end": 7
      },
      "V2109110": {
        "id": "V2109110",
        "indicator": "F",
        "type": "IN-PAST",
        "word": "ALREADY",
        "roles": {
          "FIGURE": "#V2109107",
          "LEX": "ALREADY",
          "WNSENSE": "already%4:02:00::"
        },
        "start": 11,
        "end": 19
      },
      "root": "#V2109382"
    },
    {
      "V2109198": {
        "id": "V2109198",
        "indicator": "SPEECHACT",
        "type": "SA_IDENTIFY",
        "word": null,
        "roles": {
          "CONTENT": "#V2109122",
          "LEX": "YOU"
        },
        "start": 19,
        "end": 23
      },
      "V2109122": {
        "id": "V2109122",
        "indicator": "PRO",
        "type": "PERSON",
        "word": "YOU",
        "roles": {
          "PROFORM": "YOU",
          "LEX": "YOU",
          "WNSENSE": "person%1:03:00"
        },
        "start": 19,
        "end": 23
      },
      "root": "#V2109198"
    },
    {
      "V2109333": {
        "id": "V2109333",
        "indicator": "SPEECHACT",
        "type": "SA_IDENTIFY",
        "word": null,
        "roles": {
          "PUNCTYPE": "DECL",
          "CONTENT": "#V2109139",
          "LEX": "FUCK"
        },
        "start": 23,
        "end": 39
      },
      "V2109139": {
        "id": "V2109139",
        "indicator": "BARE",
        "type": "BODILY-PROCESS",
        "word": "FUCK",
        "roles": {
          "MOD": [
            "#V2109130",
            "#V2109135"
          ],
          "LEX": "FUCK",
          "WNSENSE": "fuck%1:04:00::"
        },
        "start": 23,
        "end": 38
      },
      "V2109130": {
        "id": "V2109130",
        "indicator": "F",
        "type": "OLD-VAL",
        "word": "OLD",
        "roles": {
          "FIGURE": "#V2109139",
          "SCALE": "AGE-SCALE",
          "LEX": "OLD",
          "WNSENSE": "old%3:00:02::"
        },
        "start": 23,
        "end": 27
      },
      "V2109135": {
        "id": "V2109135",
        "indicator": "F",
        "type": "DIRTY-VAL",
        "word": "DIRTY",
        "roles": {
          "FIGURE": "#V2109139",
          "SCALE": "UNCLEAN-SCALE",
          "LEX": "DIRTY",
          "WNSENSE": "dirty%3:00:01::"
        },
        "start": 27,
        "end": 33
      },
      "root": "#V2109333"
    },
    {
      "V2109378": {
        "id": "V2109378",
        "indicator": "SPEECHACT",
        "type": "SA_IDENTIFY",
        "word": null,
        "roles": {
          "CONTENT": "#V2109089",
          "LEX": "|...|"
        },
        "start": 0,
        "end": 2
      },
      "V2109089": {
        "id": "V2109089",
        "indicator": "BARE",
        "type": "REFERENTIAL-SEM",
        "word": "|...|",
        "roles": {
          "LEX": "|...|",
          "WNSENSE": "entity%1:03:00"
        },
        "start": 0,
        "end": 2
      },
      "root": "#V2109378"
    },
    {
      "V2109386": {
        "id": "V2109386",
        "indicator": "SPEECHACT",
        "type": "SA_TELL",
        "word": null,
        "roles": {
          "CONTENT": "#V2109107",
          "LEX": "DIE"
        },
        "start": 2,
        "end": 19
      },
      "V2109107": {
        "id": "V2109107",
        "indicator": "F",
        "type": "DIE",
        "word": "DIE",
        "roles": {
          "MOD": "#V2109098",
          "AFFECTED": "#V2109387",
          "TIME": "#V2109110",
          "TENSE": "PRES",
          "LEX": "DIE",
          "WNSENSE": "die%2:30:00::"
        },
        "start": 2,
        "end": 19
      },
      "V2109387": {
        "id": "V2109387",
        "indicator": "IMPRO",
        "type": "REFERENTIAL-SEM",
        "word": null,
        "roles": {
          "PROFORM": "SUBJ"
        },
        "start": 2,
        "end": 19
      },
      "V2109098": {
        "id": "V2109098",
        "indicator": "F",
        "type": "EVAL-WRT-EXPECTATION",
        "word": "JUST",
        "roles": {
          "FIGURE": "#V2109107",
          "LEX": "JUST",
          "WNSENSE": "just%4:02:00::"
        },
        "start": 2,
        "end": 7
      },
      "V2109110": {
        "id": "V2109110",
        "indicator": "F",
        "type": "IN-PAST",
        "word": "ALREADY",
        "roles": {
          "FIGURE": "#V2109107",
          "LEX": "ALREADY",
          "WNSENSE": "already%4:02:00::"
        },
        "start": 11,
        "end": 19
      },
      "root": "#V2109386"
    },
    {
      "V2109198": {
        "id": "V2109198",
        "indicator": "SPEECHACT",
        "type": "SA_IDENTIFY",
        "word": null,
        "roles": {
          "CONTENT": "#V2109122",
          "LEX": "YOU"
        },
        "start": 19,
        "end": 23
      },
      "V2109122": {
        "id": "V2109122",
        "indicator": "PRO",
        "type": "PERSON",
        "word": "YOU",
        "roles": {
          "PROFORM": "YOU",
          "LEX": "YOU",
          "WNSENSE": "person%1:03:00"
        },
        "start": 19,
        "end": 23
      },
      "root": "#V2109198"
    },
    {
      "V2109308": {
        "id": "V2109308",
        "indicator": "SPEECHACT",
        "type": "SA_IDENTIFY",
        "word": null,
        "roles": {
          "PUNCTYPE": "DECL",
          "CONTENT": "#V2109139",
          "LEX": "FUCK"
        },
        "start": 23,
        "end": 39
      },
      "V2109139": {
        "id": "V2109139",
        "indicator": "BARE",
        "type": "BODILY-PROCESS",
        "word": "FUCK",
        "roles": {
          "MOD": [
            "#V2109130",
            "#V2109135"
          ],
          "LEX": "FUCK",
          "WNSENSE": "fuck%1:04:00::"
        },
        "start": 23,
        "end": 38
      },
      "V2109130": {
        "id": "V2109130",
        "indicator": "F",
        "type": "OLD-VAL",
        "word": "OLD",
        "roles": {
          "FIGURE": "#V2109139",
          "SCALE": "AGE-SCALE",
          "LEX": "OLD",
          "WNSENSE": "old%3:00:02::"
        },
        "start": 23,
        "end": 27
      },
      "V2109135": {
        "id": "V2109135",
        "indicator": "F",
        "type": "DIRTY-VAL",
        "word": "DIRTY",
        "roles": {
          "FIGURE": "#V2109139",
          "SCALE": "UNCLEAN-SCALE",
          "LEX": "DIRTY",
          "WNSENSE": "dirty%3:00:01::"
        },
        "start": 27,
        "end": 33
      },
      "root": "#V2109308"
    },
    {
      "V2109378": {
        "id": "V2109378",
        "indicator": "SPEECHACT",
        "type": "SA_IDENTIFY",
        "word": null,
        "roles": {
          "CONTENT": "#V2109089",
          "LEX": "|...|"
        },
        "start": 0,
        "end": 2
      },
      "V2109089": {
        "id": "V2109089",
        "indicator": "BARE",
        "type": "REFERENTIAL-SEM",
        "word": "|...|",
        "roles": {
          "LEX": "|...|",
          "WNSENSE": "entity%1:03:00"
        },
        "start": 0,
        "end": 2
      },
      "root": "#V2109378"
    },
    {
      "V2109344": {
        "id": "V2109344",
        "indicator": "SPEECHACT",
        "type": "SA_TELL",
        "word": null,
        "roles": {
          "CONTENT": "#V2109107",
          "MOD": "#V2109099",
          "LEX": "DIE"
        },
        "start": 2,
        "end": 19
      },
      "V2109099": {
        "id": "V2109099",
        "indicator": "F",
        "type": "MODIFIER",
        "word": "JUST",
        "roles": {
          "FIGURE": "#V2109344",
          "LEX": "JUST",
          "WNSENSE": "just%4:02:00::"
        },
        "start": 2,
        "end": 7
      },
      "V2109107": {
        "id": "V2109107",
        "indicator": "F",
        "type": "DIE",
        "word": "DIE",
        "roles": {
          "AFFECTED": "#V2109345",
          "TIME": "#V2109110",
          "TENSE": "PRES",
          "LEX": "DIE",
          "WNSENSE": "die%2:30:00::"
        },
        "start": 7,
        "end": 19
      },
      "V2109345": {
        "id": "V2109345",
        "indicator": "IMPRO",
        "type": "REFERENTIAL-SEM",
        "word": null,
        "roles": {
          "PROFORM": "SUBJ"
        },
        "start": 7,
        "end": 19
      },
      "V2109110": {
        "id": "V2109110",
        "indicator": "F",
        "type": "IN-PAST",
        "word": "ALREADY",
        "roles": {
          "FIGURE": "#V2109107",
          "LEX": "ALREADY",
          "WNSENSE": "already%4:02:00::"
        },
        "start": 11,
        "end": 19
      },
      "root": "#V2109344"
    },
    {
      "V2109198": {
        "id": "V2109198",
        "indicator": "SPEECHACT",
        "type": "SA_IDENTIFY",
        "word": null,
        "roles": {
          "CONTENT": "#V2109122",
          "LEX": "YOU"
        },
        "start": 19,
        "end": 23
      },
      "V2109122": {
        "id": "V2109122",
        "indicator": "PRO",
        "type": "PERSON",
        "word": "YOU",
        "roles": {
          "PROFORM": "YOU",
          "LEX": "YOU",
          "WNSENSE": "person%1:03:00"
        },
        "start": 19,
        "end": 23
      },
      "root": "#V2109198"
    },
    {
      "V2109308": {
        "id": "V2109308",
        "indicator": "SPEECHACT",
        "type": "SA_IDENTIFY",
        "word": null,
        "roles": {
          "PUNCTYPE": "DECL",
          "CONTENT": "#V2109139",
          "LEX": "FUCK"
        },
        "start": 23,
        "end": 39
      },
      "V2109139": {
        "id": "V2109139",
        "indicator": "BARE",
        "type": "BODILY-PROCESS",
        "word": "FUCK",
        "roles": {
          "MOD": [
            "#V2109130",
            "#V2109135"
          ],
          "LEX": "FUCK",
          "WNSENSE": "fuck%1:04:00::"
        },
        "start": 23,
        "end": 38
      },
      "V2109130": {
        "id": "V2109130",
        "indicator": "F",
        "type": "OLD-VAL",
        "word": "OLD",
        "roles": {
          "FIGURE": "#V2109139",
          "SCALE": "AGE-SCALE",
          "LEX": "OLD",
          "WNSENSE": "old%3:00:02::"
        },
        "start": 23,
        "end": 27
      },
      "V2109135": {
        "id": "V2109135",
        "indicator": "F",
        "type": "DIRTY-VAL",
        "word": "DIRTY",
        "roles": {
          "FIGURE": "#V2109139",
          "SCALE": "UNCLEAN-SCALE",
          "LEX": "DIRTY",
          "WNSENSE": "dirty%3:00:01::"
        },
        "start": 27,
        "end": 33
      },
      "root": "#V2109308"
    }
  ],
  "inputtags": [],
  "debug": [
    "*last-utt-id*=NIL  utt-id+379",
    "*last-utt-id*=379  utt-id+379",
    "*last-utt-id*=379  utt-id+379",
    "*last-utt-id*=379  utt-id+379",
    "*last-utt-id*=379  utt-id+NIL"
  ]
}
