{
  "parse": [
    {
      "V1811825": {
        "id": "V1811825",
        "indicator": "SPEECHACT",
        "type": "SA_TELL",
        "word": null,
        "roles": {
          "PUNCTYPE": "DECL",
          "CONTENT": "#V1811560",
          "LEX": "GRABBED"
        },
        "start": 0,
        "end": 28
      },
      "V1811560": {
        "id": "V1811560",
        "indicator": "F",
        "type": "ACQUIRE",
        "word": "GRAB",
        "roles": {
          "AGENT": "#V1811555",
          "AFFECTED": "#V1811566",
          "LOCATION": "#V1811541",
          "TENSE": "PAST",
          "LEX": "GRABBED"
        },
        "start": 0,
        "end": 28
      },
      "V1811541": {
        "id": "V1811541",
        "indicator": "F",
        "type": "AT-LOC",
        "word": "AT",
        "roles": {
          "GROUND": "#V1811705",
          "FIGURE": "#V1811560",
          "LEX": "AT"
        },
        "start": 0,
        "end": 7
      },
      "V1811705": {
        "id": "V1811705",
        "indicator": "INDEF-SET",
        "type": "REFERENTIAL-SEM",
        "word": null,
        "roles": {
          "SIZE": "#V1811553",
          "LEX": "FIFTEEN"
        },
        "start": 4,
        "end": 7
      },
      "V1811553": {
        "id": "V1811553",
        "indicator": "A",
        "type": "NUMBER",
        "word": null,
        "roles": {
          "VALUE": "15",
          "LEX": "FIFTEEN"
        },
        "start": 4,
        "end": 7
      },
      "V1811555": {
        "id": "V1811555",
        "indicator": "BARE",
        "type": "PROFESSIONAL",
        "word": "BOSS",
        "roles": {
          "LEX": "BOSS",
          "WNSENSE": "professional%1:18:00"
        },
        "start": 7,
        "end": 12
      },
      "V1811566": {
        "id": "V1811566",
        "indicator": "THE",
        "type": "EXTERNAL-BODY-PART",
        "word": "BUTT",
        "roles": {
          "ASSOC-POSS": "#V1811563",
          "LEX": "BUTT",
          "WNSENSE": "butt%1:06:00::"
        },
        "start": 20,
        "end": 28
      },
      "V1811563": {
        "id": "V1811563",
        "indicator": "PRO",
        "type": "PERSON",
        "word": "MY",
        "roles": {
          "LEX": "MY",
          "PROFORM": "MY",
          "WNSENSE": "person%1:03:00",
          "COREF": "USER"
        },
        "start": 20,
        "end": 28
      },
      "root": "#V1811825"
    }
  ],
  "inputtags": [],
  "debug": [
    "*last-utt-id*=NIL  utt-id+320",
    "*last-utt-id*=320  utt-id+NIL"
  ]
}
