{
  "parse": [
    {
      "V1426941": {
        "id": "V1426941",
        "indicator": "SPEECHACT",
        "type": "SA_IDENTIFY",
        "word": null,
        "roles": {
          "PUNCTYPE": "DECL",
          "CONTENT": "#V1426852",
          "MOD": "#V1426833",
          "LEX": "TIMES"
        },
        "start": 0,
        "end": 14
      },
      "V1426833": {
        "id": "V1426833",
        "indicator": "F",
        "type": "CONJUNCT",
        "word": "SO",
        "roles": {
          "FIGURE": "#V1426941",
          "LEX": "SO",
          "WNSENSE": "so%4:02:02::"
        },
        "start": 0,
        "end": 3
      },
      "V1426852": {
        "id": "V1426852",
        "indicator": "INDEF-SET",
        "type": "TIME-OBJECT",
        "word": "TIME",
        "roles": {
          "SIZE": "MANY",
          "SCALE": "TIME-LOC-SCALE",
          "LEX": "TIMES"
        },
        "start": 3,
        "end": 14
      },
      "root": "#V1426941"
    }
  ],
  "inputtags": [],
  "debug": [
    "*last-utt-id*=NIL  utt-id+238",
    "*last-utt-id*=238  utt-id+NIL"
  ]
}
