{
  "parse": [
    {
      "V1214211": {
        "id": "V1214211",
        "indicator": "SPEECHACT",
        "type": "SA_TELL",
        "word": null,
        "roles": {
          "PUNCTYPE": "DECL",
          "CONTENT": "#V1210652",
          "LEX": "SURROUNDED"
        },
        "start": 0,
        "end": 113
      },
      "V1210652": {
        "id": "V1210652",
        "indicator": "F",
        "type": "SURROUND",
        "word": "SURROUND",
        "roles": {
          "NEUTRAL1": "#V1210621",
          "NEUTRAL": "#V1214094",
          "TIME": "#V1211987",
          "TENSE": "PAST",
          "PASSIVE": "+",
          "LEX": "SURROUNDED"
        },
        "start": 0,
        "end": 113
      },
      "V1211987": {
        "id": "V1211987",
        "indicator": "F",
        "type": "IMPLICIT-OVERLAP",
        "word": null,
        "roles": {
          "FIGURE": "#V1210652",
          "GROUND": "#V1210594",
          "LEX": "WALKING"
        },
        "start": 0,
        "end": 13
      },
      "V1210594": {
        "id": "V1210594",
        "indicator": "F",
        "type": "SELF-LOCOMOTE",
        "word": "WALK",
        "roles": {
          "RESULT": "#V1210601",
          "VFORM": "ING",
          "LEX": "WALKING",
          "WNSENSE": "walk%2:38:00::"
        },
        "start": 0,
        "end": 13
      },
      "V1210601": {
        "id": "V1210601",
        "indicator": "F",
        "type": "TO-LOC",
        "word": "HOME",
        "roles": {
          "GROUND": "#V1211071",
          "LEX": "HOME",
          "WNSENSE": "home%4:02:01::"
        },
        "start": 8,
        "end": 13
      },
      "V1211071": {
        "id": "V1211071",
        "indicator": "IMPRO",
        "type": "RELATIVE-LOCATION",
        "word": null,
        "roles": {
          "PROFORM": "HOME"
        },
        "start": 8,
        "end": 13
      },
      "V1210621": {
        "id": "V1210621",
        "indicator": "PRO",
        "type": "PERSON",
        "word": "I",
        "roles": {
          "PROFORM": "I",
          "LEX": "I",
          "WNSENSE": "person%1:03:00",
          "COREF": "USER"
        },
        "start": 13,
        "end": 15
      },
      "V1214094": {
        "id": "V1214094",
        "indicator": "THE",
        "type": "QUANTITY-ABSTR",
        "word": null,
        "roles": {
          "FIGURE": "#V1210681",
          "LEX": "-"
        },
        "start": 30,
        "end": 113
      },
      "V1210681": {
        "id": "V1210681",
        "indicator": "INDEF-SET",
        "type": "MALE-PERSON",
        "word": "MAN",
        "roles": {
          "MOD": "#V1210685",
          "LEX": "MEN",
          "WNSENSE": "man%1:18:00::"
        },
        "start": 33,
        "end": 113
      },
      "V1210685": {
        "id": "V1210685",
        "indicator": "F",
        "type": "MANNER-SAY",
        "word": "SCREAM",
        "roles": {
          "AGENT": "#V1210681",
          "FORMAL": "#V1210723",
          "TIME": "#V1210731",
          "VFORM": "ING",
          "LEX": "SCREAMING",
          "WNSENSE": "scream%2:32:01::"
        },
        "start": 37,
        "end": 113
      },
      "V1210723": {
        "id": "V1210723",
        "indicator": "THE-SET",
        "type": "QUANTITY-ABSTR",
        "word": null,
        "roles": {
          "OPERATOR": "(AND)",
          "SEQUENCE": "#V1213444",
          "SEQUENCE1": "#V1211452",
          "LEX": "PUNC-AND"
        },
        "start": 47,
        "end": 69
      },
      "V1213444": {
        "id": "V1213444",
        "indicator": "THE",
        "type": "QUANTITY-ABSTR",
        "word": null,
        "roles": {
          "FIGURE": "#V1210719"
        },
        "start": 47,
        "end": 61
      },
      "V1210719": {
        "id": "V1210719",
        "indicator": "BARE",
        "type": "PERSON",
        "word": "BITCH",
        "roles": {
          "MOD": "#V1210702",
          "LEX": "BITCH",
          "WNSENSE": "bitch%1:18:00::"
        },
        "start": 47,
        "end": 61
      },
      "V1210702": {
        "id": "V1210702",
        "indicator": "F",
        "type": "JOINING",
        "word": "FUCKING",
        "roles": {
          "AGENT": "#V1210719",
          "LEX": "FUCKING",
          "WNSENSE": "conjoin%2:35:00"
        },
        "start": 47,
        "end": 55
      },
      "V1211452": {
        "id": "V1211452",
        "indicator": "THE",
        "type": "QUANTITY-ABSTR",
        "word": null,
        "roles": {
          "FIGURE": "#V1210728"
        },
        "start": 63,
        "end": 69
      },
      "V1210728": {
        "id": "V1210728",
        "indicator": "BARE",
        "type": "FEMALE-PERSON",
        "word": "WHORE",
        "roles": {
          "LEX": "WHORE",
          "WNSENSE": "whore%1:18:00::"
        },
        "start": 63,
        "end": 69
      },
      "V1210731": {
        "id": "V1210731",
        "indicator": "F",
        "type": "WHEN-WHILE",
        "word": "WHILE",
        "roles": {
          "GROUND": "#V1210852",
          "FIGURE": "#V1210685",
          "LEX": "WHILE"
        },
        "start": 69,
        "end": 113
      },
      "V1210852": {
        "id": "V1210852",
        "indicator": "F",
        "type": "EVENT-OF-ACTION",
        "word": null,
        "roles": {
          "OPERATOR": "(AND)",
          "SEQUENCE": "#V1210747",
          "SEQUENCE1": "#V1210762",
          "TENSE": "PAST",
          "LEX": "PUNC-AND"
        },
        "start": 75,
        "end": 113
      },
      "V1210762": {
        "id": "V1210762",
        "indicator": "F",
        "type": "STOP",
        "word": "EXIT",
        "roles": {
          "AGENT": "#V1210740",
          "AFFECTED": "#V1210771",
          "LEX": "EXITED",
          "WNSENSE": "abort%2:29:00"
        },
        "start": 75,
        "end": 113
      },
      "V1210747": {
        "id": "V1210747",
        "indicator": "F",
        "type": "ENTERING",
        "word": "ENTER",
        "roles": {
          "AGENT": "#V1210740",
          "LEX": "ENTERED",
          "WNSENSE": "enter%2:38:00::"
        },
        "start": 75,
        "end": 113
      },
      "V1210740": {
        "id": "V1210740",
        "indicator": "INDEF-SET",
        "type": "CONSUMER",
        "word": "SHOPPER",
        "roles": {
          "LEX": "SHOPPERS",
          "WNSENSE": "shopper%1:18:00::"
        },
        "start": 75,
        "end": 84
      },
      "V1210771": {
        "id": "V1210771",
        "indicator": "INDEF-SET",
        "type": "FOOD",
        "word": "FOOD",
        "roles": {
          "MOD": "#V1210766",
          "LEX": "FOODS",
          "WNSENSE": "food%1:03:00::"
        },
        "start": 101,
        "end": 113
      },
      "V1210766": {
        "id": "V1210766",
        "indicator": "F",
        "type": "WHOLE-COMPLETE",
        "word": "WHOLE",
        "roles": {
          "FIGURE": "#V1210771",
          "SCALE": "COMPLETE-SCALE",
          "LEX": "WHOLE",
          "WNSENSE": "whole%3:00:00::"
        },
        "start": 101,
        "end": 107
      },
      "root": "#V1214211"
    }
  ],
  "inputtags": [],
  "debug": [
    "Reference resolution to sequences not reimplemented yet",
    "*last-utt-id*=NIL  utt-id+242",
    "*last-utt-id*=242  utt-id+NIL"
  ]
}
