{
  "parse": [
    {
      "V2276694": {
        "id": "V2276694",
        "indicator": "SPEECHACT",
        "type": "SA_TELL",
        "word": null,
        "roles": {
          "PUNCTYPE": "DECL",
          "CONTENT": "#V2276105",
          "LEX": "PUT"
        },
        "start": 0,
        "end": 50
      },
      "V2276105": {
        "id": "V2276105",
        "indicator": "F",
        "type": "PUT",
        "word": "PUT",
        "roles": {
          "AGENT": "#V2276082",
          "AFFECTED": "#V2276139",
          "RESULT": [
            "#V2276151",
            "#V2276183"
          ],
          "TENSE": "PAST",
          "LEX": "PUT",
          "WNSENSE": "put%2:35:00::"
        },
        "start": 0,
        "end": 50
      },
      "V2276082": {
        "id": "V2276082",
        "indicator": "A",
        "type": "MALE-PERSON",
        "word": "MAN",
        "roles": {
          "LEX": "MAN",
          "WNSENSE": "man%1:18:00::"
        },
        "start": 0,
        "end": 6
      },
      "V2276139": {
        "id": "V2276139",
        "indicator": "THE",
        "type": "EXTERNAL-BODY-PART",
        "word": "HAND",
        "roles": {
          "ASSOC-POSS": "#V2276131",
          "LEX": "HAND",
          "WNSENSE": "hand%1:08:00::"
        },
        "start": 10,
        "end": 19
      },
      "V2276131": {
        "id": "V2276131",
        "indicator": "PRO",
        "type": "MALE-PERSON",
        "word": "HIS",
        "roles": {
          "LEX": "HIS",
          "PROFORM": "HIS",
          "WNSENSE": "man%1:18:00",
          "COREF": "#V2276082"
        },
        "start": 10,
        "end": 19
      },
      "V2276151": {
        "id": "V2276151",
        "indicator": "F",
        "type": "ON",
        "word": "ON",
        "roles": {
          "GROUND": "#V2276175",
          "FIGURE": "#V2276139",
          "LEX": "ON"
        },
        "start": 19,
        "end": 31
      },
      "V2276175": {
        "id": "V2276175",
        "indicator": "THE",
        "type": "EXTERNAL-BODY-PART",
        "word": "THIGH",
        "roles": {
          "ASSOC-POSS": "#V2276172",
          "LEX": "THIGH",
          "WNSENSE": "thigh%1:08:00::"
        },
        "start": 22,
        "end": 31
      },
      "V2276172": {
        "id": "V2276172",
        "indicator": "PRO",
        "type": "PERSON",
        "word": "MY",
        "roles": {
          "LEX": "MY",
          "PROFORM": "MY",
          "WNSENSE": "person%1:03:00",
          "COREF": "USER"
        },
        "start": 22,
        "end": 31
      },
      "V2276183": {
        "id": "V2276183",
        "indicator": "F",
        "type": "IN-LOC",
        "word": "IN",
        "roles": {
          "GROUND": "#V2276299",
          "FIGURE": "#V2276105",
          "LEX": "IN"
        },
        "start": 31,
        "end": 50
      },
      "V2276299": {
        "id": "V2276299",
        "indicator": "A",
        "type": "BUILDING",
        "word": "MOVIE-THEATER",
        "roles": {
          "LEX": "MOVIE-THEATER",
          "WNSENSE": "movie_theater%1:06:00"
        },
        "start": 34,
        "end": 50
      },
      "root": "#V2276694"
    }
  ],
  "inputtags": [],
  "debug": [
    "*last-utt-id*=NIL  utt-id+422",
    "*last-utt-id*=422  utt-id+NIL"
  ]
}
